source,seriesuid,png,grid,foreground_fraction,foreground_mean,foreground_std,image_p99,z_range,z_std,grad_p95,grad_p99,grad_max,edge_z_std,control_points,control_labels,anchor_labels,control_z_range,qc_badness,qc_bucket,qc_rank_worst
detector_top5,1.3.6.1.4.1.14519.5.2.1.6279.6001.153536305742006952753134773630,outputs/luna16_saliency_synthetic_detector_top5/1.3.6.1.4.1.14519.5.2.1.6279.6001.153536305742006952753134773630/surface_1.3.6.1.4.1.14519.5.2.1.6279.6001.153536305742006952753134773630.png,outputs/luna16_saliency_synthetic_detector_top5/1.3.6.1.4.1.14519.5.2.1.6279.6001.153536305742006952753134773630/surface_grid_float_1.3.6.1.4.1.14519.5.2.1.6279.6001.153536305742006952753134773630.npy,0.35011087402200747,0.4216481149196625,0.2428523600101471,0.929411768913269,284.5341491699219,74.63511657714844,5.962412691116331,13.852422914505002,100.60887145996094,40.925655364990234,33,25,8,135.24810791015625,0.9807421701961093,high_review,1
detector_top5,1.3.6.1.4.1.14519.5.2.1.6279.6001.160124400349792614505500125883,outputs/luna16_saliency_synthetic_detector_top5/1.3.6.1.4.1.14519.5.2.1.6279.6001.160124400349792614505500125883/surface_1.3.6.1.4.1.14519.5.2.1.6279.6001.160124400349792614505500125883.png,outputs/luna16_saliency_synthetic_detector_top5/1.3.6.1.4.1.14519.5.2.1.6279.6001.160124400349792614505500125883/surface_grid_float_1.3.6.1.4.1.14519.5.2.1.6279.6001.160124400349792614505500125883.npy,0.6083087097228085,0.32154110074043274,0.23565316200256348,0.9058823585510254,306.0,55.08615493774414,6.26180374622345,12.086159515380855,123.36736297607422,20.112136840820312,33,25,8,197.30160522460938,0.9172784228854709,high_review,2
detector_top5,1.3.6.1.4.1.14519.5.2.1.6279.6001.975254950136384517744116790879,outputs/luna16_saliency_synthetic_detector_top5/1.3.6.1.4.1.14519.5.2.1.6279.6001.975254950136384517744116790879/surface_1.3.6.1.4.1.14519.5.2.1.6279.6001.975254950136384517744116790879.png,outputs/luna16_saliency_synthetic_detector_top5/1.3.6.1.4.1.14519.5.2.1.6279.6001.975254950136384517744116790879/surface_grid_float_1.3.6.1.4.1.14519.5.2.1.6279.6001.975254950136384517744116790879.npy,0.38622302701071376,0.3769298493862152,0.2369888573884964,1.0,275.0,68.46378326416016,5.115634799003601,12.138645458221434,62.95358657836914,33.953346252441406,33,25,8,80.95809173583984,0.8979445776409571,high_review,3
detector_top5,1.3.6.1.4.1.14519.5.2.1.6279.6001.253283426904813468115158375647,outputs/luna16_saliency_synthetic_detector_top5/1.3.6.1.4.1.14519.5.2.1.6279.6001.253283426904813468115158375647/surface_1.3.6.1.4.1.14519.5.2.1.6279.6001.253283426904813468115158375647.png,outputs/luna16_saliency_synthetic_detector_top5/1.3.6.1.4.1.14519.5.2.1.6279.6001.253283426904813468115158375647/surface_grid_float_1.3.6.1.4.1.14519.5.2.1.6279.6001.253283426904813468115158375647.npy,0.42510712174940896,0.354552298784256,0.23676195740699768,0.8941176533699036,292.0,60.22109603881836,4.729884767532348,10.131157875061026,51.97147750854492,35.72631072998047,33,25,8,105.81138610839844,0.8699932045406762,high_review,4
detector_top5,1.3.6.1.4.1.14519.5.2.1.6279.6001.316900421002460665752357657094,outputs/luna16_saliency_synthetic_detector_top5/1.3.6.1.4.1.14519.5.2.1.6279.6001.316900421002460665752357657094/surface_1.3.6.1.4.1.14519.5.2.1.6279.6001.316900421002460665752357657094.png,outputs/luna16_saliency_synthetic_detector_top5/1.3.6.1.4.1.14519.5.2.1.6279.6001.316900421002460665752357657094/surface_grid_float_1.3.6.1.4.1.14519.5.2.1.6279.6001.316900421002460665752357657094.npy,0.5720491803278689,0.3220917880535126,0.24743275344371796,0.9019607901573181,307.2984619140625,63.055580139160156,3.0686313748359706,7.934045076370219,31.705429077148438,18.604372024536133,33,25,8,270.5335388183594,0.7915285044246244,high_review,5
detector_top5,1.3.6.1.4.1.14519.5.2.1.6279.6001.199975006921901879512837687266,outputs/luna16_saliency_synthetic_detector_top5/1.3.6.1.4.1.14519.5.2.1.6279.6001.199975006921901879512837687266/surface_1.3.6.1.4.1.14519.5.2.1.6279.6001.199975006921901879512837687266.png,outputs/luna16_saliency_synthetic_detector_top5/1.3.6.1.4.1.14519.5.2.1.6279.6001.199975006921901879512837687266/surface_grid_float_1.3.6.1.4.1.14519.5.2.1.6279.6001.199975006921901879512837687266.npy,0.34256151386209266,0.396752268075943,0.2447447031736374,1.0,258.86456298828125,76.23157501220703,4.219280815124506,7.741493000984282,111.28504943847656,46.2427864074707,33,25,8,139.00250244140625,0.7706980394228633,high_review,6
detector_top5,1.3.6.1.4.1.14519.5.2.1.6279.6001.232011770495640253949434620907,outputs/luna16_saliency_synthetic_detector_top5/1.3.6.1.4.1.14519.5.2.1.6279.6001.232011770495640253949434620907/surface_1.3.6.1.4.1.14519.5.2.1.6279.6001.232011770495640253949434620907.png,outputs/luna16_saliency_synthetic_detector_top5/1.3.6.1.4.1.14519.5.2.1.6279.6001.232011770495640253949434620907/surface_grid_float_1.3.6.1.4.1.14519.5.2.1.6279.6001.232011770495640253949434620907.npy,0.4970618034447822,0.36026516556739807,0.23505240678787231,1.0,305.86859130859375,49.548038482666016,3.856545782089234,6.8577201843261815,29.414051055908203,22.65998649597168,33,25,8,191.33718872070312,0.765868116590712,high_review,7
detector_top5,1.3.6.1.4.1.14519.5.2.1.6279.6001.254138388912084634057282064266,outputs/luna16_saliency_synthetic_detector_top5/1.3.6.1.4.1.14519.5.2.1.6279.6001.254138388912084634057282064266/surface_1.3.6.1.4.1.14519.5.2.1.6279.6001.254138388912084634057282064266.png,outputs/luna16_saliency_synthetic_detector_top5/1.3.6.1.4.1.14519.5.2.1.6279.6001.254138388912084634057282064266/surface_grid_float_1.3.6.1.4.1.14519.5.2.1.6279.6001.254138388912084634057282064266.npy,0.6512818582238452,0.31103095412254333,0.2612803280353546,1.0,238.30479431152344,37.11997985839844,3.301362991333008,8.778781652450562,27.63821792602539,30.480222702026367,33,25,8,216.35711669921875,0.7282719349861144,high_review,8
detector_top5,1.3.6.1.4.1.14519.5.2.1.6279.6001.109882169963817627559804568094,outputs/luna16_saliency_synthetic_detector_top5/1.3.6.1.4.1.14519.5.2.1.6279.6001.109882169963817627559804568094/surface_1.3.6.1.4.1.14519.5.2.1.6279.6001.109882169963817627559804568094.png,outputs/luna16_saliency_synthetic_detector_top5/1.3.6.1.4.1.14519.5.2.1.6279.6001.109882169963817627559804568094/surface_grid_float_1.3.6.1.4.1.14519.5.2.1.6279.6001.109882169963817627559804568094.npy,0.5612336012088742,0.33025550842285156,0.23569557070732117,1.0,275.0,40.824764251708984,3.434047222137451,6.750759792327882,46.76234817504883,9.827859878540039,33,25,8,116.95144653320312,0.6826958157221475,high_review,9
detector_top5,1.3.6.1.4.1.14519.5.2.1.6279.6001.199261544234308780356714831537,outputs/luna16_saliency_synthetic_detector_top5/1.3.6.1.4.1.14519.5.2.1.6279.6001.199261544234308780356714831537/surface_1.3.6.1.4.1.14519.5.2.1.6279.6001.199261544234308780356714831537.png,outputs/luna16_saliency_synthetic_detector_top5/1.3.6.1.4.1.14519.5.2.1.6279.6001.199261544234308780356714831537/surface_grid_float_1.3.6.1.4.1.14519.5.2.1.6279.6001.199261544234308780356714831537.npy,0.6341666782473353,0.2845132052898407,0.2391606569290161,0.9647058844566345,279.57177734375,54.78374099731445,3.1295082569122292,4.95964606285095,45.75344467163086,27.52409553527832,33,25,8,238.68429565429688,0.6759070008701747,high_review,10
detector_top5,1.3.6.1.4.1.14519.5.2.1.6279.6001.341557859428950960906150406596,outputs/luna16_saliency_synthetic_detector_top5/1.3.6.1.4.1.14519.5.2.1.6279.6001.341557859428950960906150406596/surface_1.3.6.1.4.1.14519.5.2.1.6279.6001.341557859428950960906150406596.png,outputs/luna16_saliency_synthetic_detector_top5/1.3.6.1.4.1.14519.5.2.1.6279.6001.341557859428950960906150406596/surface_grid_float_1.3.6.1.4.1.14519.5.2.1.6279.6001.341557859428950960906150406596.npy,0.4483260808534531,0.4640885293483734,0.23553302884101868,0.9764705896377563,250.2423095703125,61.727264404296875,2.9093173027038572,6.47976516723632,16.954071044921875,27.801616668701172,33,25,8,248.05670166015625,0.6732448413425018,high_review,11
detector_top5,1.3.6.1.4.1.14519.5.2.1.6279.6001.170052181746004939527661217512,outputs/luna16_saliency_synthetic_detector_top5/1.3.6.1.4.1.14519.5.2.1.6279.6001.170052181746004939527661217512/surface_1.3.6.1.4.1.14519.5.2.1.6279.6001.170052181746004939527661217512.png,outputs/luna16_saliency_synthetic_detector_top5/1.3.6.1.4.1.14519.5.2.1.6279.6001.170052181746004939527661217512/surface_grid_float_1.3.6.1.4.1.14519.5.2.1.6279.6001.170052181746004939527661217512.npy,0.6785287591739204,0.3088483214378357,0.24022714793682098,1.0,256.8741760253906,56.787723541259766,3.109004461765287,6.440572924613921,9.095263481140137,22.598758697509766,33,25,8,249.44882202148438,0.6715602782196459,high_review,12
detector_top5,1.3.6.1.4.1.14519.5.2.1.6279.6001.148935306123327835217659769212,outputs/luna16_saliency_synthetic_detector_top5/1.3.6.1.4.1.14519.5.2.1.6279.6001.148935306123327835217659769212/surface_1.3.6.1.4.1.14519.5.2.1.6279.6001.148935306123327835217659769212.png,outputs/luna16_saliency_synthetic_detector_top5/1.3.6.1.4.1.14519.5.2.1.6279.6001.148935306123327835217659769212/surface_grid_float_1.3.6.1.4.1.14519.5.2.1.6279.6001.148935306123327835217659769212.npy,0.5135750625858031,0.35388195514678955,0.23475965857505798,0.9960784316062927,238.11471557617188,50.533226013183594,2.9787848472595204,6.342338075637819,8.79101276397705,32.2882194519043,33,25,8,232.16064453125,0.6588796003447639,high_review,13
detector_top5,1.3.6.1.4.1.14519.5.2.1.6279.6001.338104567770715523699587505022,outputs/luna16_saliency_synthetic_detector_top5/1.3.6.1.4.1.14519.5.2.1.6279.6001.338104567770715523699587505022/surface_1.3.6.1.4.1.14519.5.2.1.6279.6001.338104567770715523699587505022.png,outputs/luna16_saliency_synthetic_detector_top5/1.3.6.1.4.1.14519.5.2.1.6279.6001.338104567770715523699587505022/surface_grid_float_1.3.6.1.4.1.14519.5.2.1.6279.6001.338104567770715523699587505022.npy,0.47139303482587064,0.34368133544921875,0.24415461719036102,0.9411764740943909,243.79312133789062,42.81414794921875,3.4413406252861023,7.261836800575245,42.71197509765625,12.182596206665039,33,25,8,208.40289306640625,0.651249408928553,high_review,14
detector_top5,1.3.6.1.4.1.14519.5.2.1.6279.6001.592821488053137951302246128864,outputs/luna16_saliency_synthetic_detector_top5/1.3.6.1.4.1.14519.5.2.1.6279.6001.592821488053137951302246128864/surface_1.3.6.1.4.1.14519.5.2.1.6279.6001.592821488053137951302246128864.png,outputs/luna16_saliency_synthetic_detector_top5/1.3.6.1.4.1.14519.5.2.1.6279.6001.592821488053137951302246128864/surface_grid_float_1.3.6.1.4.1.14519.5.2.1.6279.6001.592821488053137951302246128864.npy,0.5103259291521487,0.39909204840660095,0.22271771728992462,0.8980392217636108,212.8192138671875,32.217437744140625,2.9071300745010373,9.0187383747101,35.14337921142578,11.087181091308594,33,25,8,116.98222351074219,0.6498990212228568,high_review,15
detector_top5,1.3.6.1.4.1.14519.5.2.1.6279.6001.618434772073433276874225174904,outputs/luna16_saliency_synthetic_detector_top5/1.3.6.1.4.1.14519.5.2.1.6279.6001.618434772073433276874225174904/surface_1.3.6.1.4.1.14519.5.2.1.6279.6001.618434772073433276874225174904.png,outputs/luna16_saliency_synthetic_detector_top5/1.3.6.1.4.1.14519.5.2.1.6279.6001.618434772073433276874225174904/surface_grid_float_1.3.6.1.4.1.14519.5.2.1.6279.6001.618434772073433276874225174904.npy,0.4446357493288901,0.36939260363578796,0.22822117805480957,0.9529411792755127,208.27215576171875,64.53271484375,3.848673725128172,6.7971747398376525,43.87156677246094,42.710906982421875,33,25,8,84.64170837402344,0.6459486284255984,high_review,16
detector_top5,1.3.6.1.4.1.14519.5.2.1.6279.6001.258220324170977900491673635112,outputs/luna16_saliency_synthetic_detector_top5/1.3.6.1.4.1.14519.5.2.1.6279.6001.258220324170977900491673635112/surface_1.3.6.1.4.1.14519.5.2.1.6279.6001.258220324170977900491673635112.png,outputs/luna16_saliency_synthetic_detector_top5/1.3.6.1.4.1.14519.5.2.1.6279.6001.258220324170977900491673635112/surface_grid_float_1.3.6.1.4.1.14519.5.2.1.6279.6001.258220324170977900491673635112.npy,0.5103970090795799,0.39523744583129883,0.2321224957704544,1.0,232.57305908203125,51.21955108642578,2.7928120732307415,6.350961136817923,27.51714515686035,25.245473861694336,33,25,8,191.09649658203125,0.6342516522672438,high_review,17
detector_top5,1.3.6.1.4.1.14519.5.2.1.6279.6001.292049618819567427252971059233,outputs/luna16_saliency_synthetic_detector_top5/1.3.6.1.4.1.14519.5.2.1.6279.6001.292049618819567427252971059233/surface_1.3.6.1.4.1.14519.5.2.1.6279.6001.292049618819567427252971059233.png,outputs/luna16_saliency_synthetic_detector_top5/1.3.6.1.4.1.14519.5.2.1.6279.6001.292049618819567427252971059233/surface_grid_float_1.3.6.1.4.1.14519.5.2.1.6279.6001.292049618819567427252971059233.npy,0.40007730251049106,0.3707209527492523,0.236249640583992,0.9254902005195618,240.57644653320312,46.15382385253906,3.6952897548675505,5.7014819526672404,13.506122589111328,26.763145446777344,33,25,8,238.08631896972656,0.6314788593504165,high_review,18
detector_top5,1.3.6.1.4.1.14519.5.2.1.6279.6001.253317247142837717905329340520,outputs/luna16_saliency_synthetic_detector_top5/1.3.6.1.4.1.14519.5.2.1.6279.6001.253317247142837717905329340520/surface_1.3.6.1.4.1.14519.5.2.1.6279.6001.253317247142837717905329340520.png,outputs/luna16_saliency_synthetic_detector_top5/1.3.6.1.4.1.14519.5.2.1.6279.6001.253317247142837717905329340520/surface_grid_float_1.3.6.1.4.1.14519.5.2.1.6279.6001.253317247142837717905329340520.npy,0.5726635031978543,0.33620262145996094,0.23893806338310242,1.0,182.34658813476562,41.68107223510742,4.335900616645808,8.693279581069941,13.01744270324707,27.713956832885742,33,25,8,179.31857299804688,0.6262959383964537,high_review,19
detector_top5,1.3.6.1.4.1.14519.5.2.1.6279.6001.300136985030081433029390459071,outputs/luna16_saliency_synthetic_detector_top5/1.3.6.1.4.1.14519.5.2.1.6279.6001.300136985030081433029390459071/surface_1.3.6.1.4.1.14519.5.2.1.6279.6001.300136985030081433029390459071.png,outputs/luna16_saliency_synthetic_detector_top5/1.3.6.1.4.1.14519.5.2.1.6279.6001.300136985030081433029390459071/surface_grid_float_1.3.6.1.4.1.14519.5.2.1.6279.6001.300136985030081433029390459071.npy,0.5052246306726593,0.38336002826690674,0.22722139954566956,0.929411768913269,187.57647705078125,43.49469757080078,3.641485571861267,8.24828500747673,21.922578811645508,29.674936294555664,33,25,8,182.18380737304688,0.6260203148523944,high_review,20
detector_top5,1.3.6.1.4.1.14519.5.2.1.6279.6001.194632613233275988184244485809,outputs/luna16_saliency_synthetic_detector_top5/1.3.6.1.4.1.14519.5.2.1.6279.6001.194632613233275988184244485809/surface_1.3.6.1.4.1.14519.5.2.1.6279.6001.194632613233275988184244485809.png,outputs/luna16_saliency_synthetic_detector_top5/1.3.6.1.4.1.14519.5.2.1.6279.6001.194632613233275988184244485809/surface_grid_float_1.3.6.1.4.1.14519.5.2.1.6279.6001.194632613233275988184244485809.npy,0.5132810523652922,0.4405982494354248,0.250936359167099,1.0,197.95877075195312,41.19880676269531,3.1264297366142273,8.042727756500279,12.706575393676758,24.144485473632812,33,25,8,194.9865264892578,0.6248675294452253,high_review,21
detector_top5,1.3.6.1.4.1.14519.5.2.1.6279.6001.803987517543436570820681016103,outputs/luna16_saliency_synthetic_detector_top5/1.3.6.1.4.1.14519.5.2.1.6279.6001.803987517543436570820681016103/surface_1.3.6.1.4.1.14519.5.2.1.6279.6001.803987517543436570820681016103.png,outputs/luna16_saliency_synthetic_detector_top5/1.3.6.1.4.1.14519.5.2.1.6279.6001.803987517543436570820681016103/surface_grid_float_1.3.6.1.4.1.14519.5.2.1.6279.6001.803987517543436570820681016103.npy,0.6338081176538707,0.31018534302711487,0.24059011042118073,1.0,237.42337036132812,39.023433685302734,2.919975519180297,6.129305000305175,20.566247940063477,20.1782169342041,33,25,8,216.5034637451172,0.6244252493540445,high_review,22
detector_top5,1.3.6.1.4.1.14519.5.2.1.6279.6001.174692377730646477496286081479,outputs/luna16_saliency_synthetic_detector_top5/1.3.6.1.4.1.14519.5.2.1.6279.6001.174692377730646477496286081479/surface_1.3.6.1.4.1.14519.5.2.1.6279.6001.174692377730646477496286081479.png,outputs/luna16_saliency_synthetic_detector_top5/1.3.6.1.4.1.14519.5.2.1.6279.6001.174692377730646477496286081479/surface_grid_float_1.3.6.1.4.1.14519.5.2.1.6279.6001.174692377730646477496286081479.npy,0.5095811588384852,0.39054349064826965,0.2156277298927307,0.9176470637321472,242.2510986328125,44.090824127197266,2.5985054612159746,5.943772611618043,8.50837230682373,16.151777267456055,33,25,8,239.65524291992188,0.6179578477753533,high_review,23
detector_top5,1.3.6.1.4.1.14519.5.2.1.6279.6001.127965161564033605177803085629,outputs/luna16_saliency_synthetic_detector_top5/1.3.6.1.4.1.14519.5.2.1.6279.6001.127965161564033605177803085629/surface_1.3.6.1.4.1.14519.5.2.1.6279.6001.127965161564033605177803085629.png,outputs/luna16_saliency_synthetic_detector_top5/1.3.6.1.4.1.14519.5.2.1.6279.6001.127965161564033605177803085629/surface_grid_float_1.3.6.1.4.1.14519.5.2.1.6279.6001.127965161564033605177803085629.npy,0.4209508015478165,0.43448173999786377,0.22828665375709534,1.0,222.62310791015625,33.11164093017578,3.7805726766586294,7.260423026084883,35.77627182006836,11.869650840759277,33,25,8,91.67505645751953,0.6152282058344941,high_review,24
detector_top5,1.3.6.1.4.1.14519.5.2.1.6279.6001.124154461048929153767743874565,outputs/luna16_saliency_synthetic_detector_top5/1.3.6.1.4.1.14519.5.2.1.6279.6001.124154461048929153767743874565/surface_1.3.6.1.4.1.14519.5.2.1.6279.6001.124154461048929153767743874565.png,outputs/luna16_saliency_synthetic_detector_top5/1.3.6.1.4.1.14519.5.2.1.6279.6001.124154461048929153767743874565/surface_grid_float_1.3.6.1.4.1.14519.5.2.1.6279.6001.124154461048929153767743874565.npy,0.5397462684528931,0.34457120299339294,0.21183645725250244,0.8666666746139526,231.6156005859375,42.914100646972656,2.897588562965393,5.5154700946808255,31.13703155517578,27.949405670166016,33,25,8,227.9917449951172,0.6135998941951339,high_review,25
detector_top5,1.3.6.1.4.1.14519.5.2.1.6279.6001.272348349298439120568330857680,outputs/luna16_saliency_synthetic_detector_top5/1.3.6.1.4.1.14519.5.2.1.6279.6001.272348349298439120568330857680/surface_1.3.6.1.4.1.14519.5.2.1.6279.6001.272348349298439120568330857680.png,outputs/luna16_saliency_synthetic_detector_top5/1.3.6.1.4.1.14519.5.2.1.6279.6001.272348349298439120568330857680/surface_grid_float_1.3.6.1.4.1.14519.5.2.1.6279.6001.272348349298439120568330857680.npy,0.6143909018006852,0.3749784231185913,0.2677941918373108,1.0,231.86764526367188,51.057151794433594,2.4167891502380368,5.7361137962341395,10.988484382629395,24.532705307006836,33,25,8,228.92208862304688,0.6130466122309369,high_review,26
detector_top5,1.3.6.1.4.1.14519.5.2.1.6279.6001.187108608022306504546286626125,outputs/luna16_saliency_synthetic_detector_top5/1.3.6.1.4.1.14519.5.2.1.6279.6001.187108608022306504546286626125/surface_1.3.6.1.4.1.14519.5.2.1.6279.6001.187108608022306504546286626125.png,outputs/luna16_saliency_synthetic_detector_top5/1.3.6.1.4.1.14519.5.2.1.6279.6001.187108608022306504546286626125/surface_grid_float_1.3.6.1.4.1.14519.5.2.1.6279.6001.187108608022306504546286626125.npy,0.4261281681434164,0.4035652279853821,0.2534288763999939,1.0,222.48843383789062,44.62057113647461,3.1928033232688904,5.779908156394966,41.45468521118164,28.227163314819336,33,25,8,102.05441284179688,0.6069383306768208,high_review,27
detector_top5,1.3.6.1.4.1.14519.5.2.1.6279.6001.137773550852881583165286615668,outputs/luna16_saliency_synthetic_detector_top5/1.3.6.1.4.1.14519.5.2.1.6279.6001.137773550852881583165286615668/surface_1.3.6.1.4.1.14519.5.2.1.6279.6001.137773550852881583165286615668.png,outputs/luna16_saliency_synthetic_detector_top5/1.3.6.1.4.1.14519.5.2.1.6279.6001.137773550852881583165286615668/surface_grid_float_1.3.6.1.4.1.14519.5.2.1.6279.6001.137773550852881583165286615668.npy,0.6631799808695116,0.3097006678581238,0.2237863391637802,0.8627451062202454,205.46231079101562,25.14049530029297,2.3846259593963586,6.444445443153394,67.10450744628906,30.636442184448242,33,25,8,83.39318084716797,0.6038515305784017,high_review,28
detector_top5,1.3.6.1.4.1.14519.5.2.1.6279.6001.373433682859788429397781158572,outputs/luna16_saliency_synthetic_detector_top5/1.3.6.1.4.1.14519.5.2.1.6279.6001.373433682859788429397781158572/surface_1.3.6.1.4.1.14519.5.2.1.6279.6001.373433682859788429397781158572.png,outputs/luna16_saliency_synthetic_detector_top5/1.3.6.1.4.1.14519.5.2.1.6279.6001.373433682859788429397781158572/surface_grid_float_1.3.6.1.4.1.14519.5.2.1.6279.6001.373433682859788429397781158572.npy,0.4015592821418064,0.336316853761673,0.22658732533454895,0.9058823585510254,206.12762451171875,47.97982406616211,2.437570798397064,6.040030889511167,41.449554443359375,34.92824172973633,33,25,8,203.9620819091797,0.6023652824931692,high_review,29
detector_top5,1.3.6.1.4.1.14519.5.2.1.6279.6001.219254430927834326484477690403,outputs/luna16_saliency_synthetic_detector_top5/1.3.6.1.4.1.14519.5.2.1.6279.6001.219254430927834326484477690403/surface_1.3.6.1.4.1.14519.5.2.1.6279.6001.219254430927834326484477690403.png,outputs/luna16_saliency_synthetic_detector_top5/1.3.6.1.4.1.14519.5.2.1.6279.6001.219254430927834326484477690403/surface_grid_float_1.3.6.1.4.1.14519.5.2.1.6279.6001.219254430927834326484477690403.npy,0.3695764240914168,0.31377220153808594,0.24463967978954315,0.9643921589851311,229.8863983154297,54.88624954223633,2.665498435497284,4.707326464653015,30.09823226928711,34.52545166015625,33,25,8,226.253173828125,0.6010870170434315,high_review,30
detector_top5,1.3.6.1.4.1.14519.5.2.1.6279.6001.168605638657404145360275453085,outputs/luna16_saliency_synthetic_detector_top5/1.3.6.1.4.1.14519.5.2.1.6279.6001.168605638657404145360275453085/surface_1.3.6.1.4.1.14519.5.2.1.6279.6001.168605638657404145360275453085.png,outputs/luna16_saliency_synthetic_detector_top5/1.3.6.1.4.1.14519.5.2.1.6279.6001.168605638657404145360275453085/surface_grid_float_1.3.6.1.4.1.14519.5.2.1.6279.6001.168605638657404145360275453085.npy,0.7059199952378118,0.29306092858314514,0.23970036208629608,0.9333333373069763,231.54409790039062,51.029632568359375,2.8857370615005493,5.584125256538398,6.910220146179199,21.245534896850586,33,25,8,223.85025024414062,0.6006428873009154,high_review,31
detector_top5,1.3.6.1.4.1.14519.5.2.1.6279.6001.625270601160880745954773142570,outputs/luna16_saliency_synthetic_detector_top5/1.3.6.1.4.1.14519.5.2.1.6279.6001.625270601160880745954773142570/surface_1.3.6.1.4.1.14519.5.2.1.6279.6001.625270601160880745954773142570.png,outputs/luna16_saliency_synthetic_detector_top5/1.3.6.1.4.1.14519.5.2.1.6279.6001.625270601160880745954773142570/surface_grid_float_1.3.6.1.4.1.14519.5.2.1.6279.6001.625270601160880745954773142570.npy,0.5826980928181313,0.355116605758667,0.2645415961742401,1.0,219.6773681640625,31.29934310913086,2.527488434314727,5.52653035640716,24.194446563720703,28.297069549560547,33,25,8,186.52149963378906,0.5948072344091202,high_review,32
detector_top5,1.3.6.1.4.1.14519.5.2.1.6279.6001.190298296009658115773239776160,outputs/luna16_saliency_synthetic_detector_top5/1.3.6.1.4.1.14519.5.2.1.6279.6001.190298296009658115773239776160/surface_1.3.6.1.4.1.14519.5.2.1.6279.6001.190298296009658115773239776160.png,outputs/luna16_saliency_synthetic_detector_top5/1.3.6.1.4.1.14519.5.2.1.6279.6001.190298296009658115773239776160/surface_grid_float_1.3.6.1.4.1.14519.5.2.1.6279.6001.190298296009658115773239776160.npy,0.6246270576131687,0.30829760432243347,0.24516338109970093,1.0,229.18289184570312,51.09593963623047,3.1355877637863174,5.446287689208986,23.041006088256836,22.157920837402344,33,25,8,197.60643005371094,0.594599941168891,high_review,33
detector_top5,1.3.6.1.4.1.14519.5.2.1.6279.6001.206097113343059612247503064658,outputs/luna16_saliency_synthetic_detector_top5/1.3.6.1.4.1.14519.5.2.1.6279.6001.206097113343059612247503064658/surface_1.3.6.1.4.1.14519.5.2.1.6279.6001.206097113343059612247503064658.png,outputs/luna16_saliency_synthetic_detector_top5/1.3.6.1.4.1.14519.5.2.1.6279.6001.206097113343059612247503064658/surface_grid_float_1.3.6.1.4.1.14519.5.2.1.6279.6001.206097113343059612247503064658.npy,0.5382271810284491,0.3163543939590454,0.2430715709924698,0.991450980901717,228.22891235351562,44.274810791015625,2.356145405769348,3.5187758874893187,7.259840488433838,46.96807861328125,33,25,8,227.01873779296875,0.5903183052433861,high_review,34
detector_top5,1.3.6.1.4.1.14519.5.2.1.6279.6001.125124219978170516876304987559,outputs/luna16_saliency_synthetic_detector_top5/1.3.6.1.4.1.14519.5.2.1.6279.6001.125124219978170516876304987559/surface_1.3.6.1.4.1.14519.5.2.1.6279.6001.125124219978170516876304987559.png,outputs/luna16_saliency_synthetic_detector_top5/1.3.6.1.4.1.14519.5.2.1.6279.6001.125124219978170516876304987559/surface_grid_float_1.3.6.1.4.1.14519.5.2.1.6279.6001.125124219978170516876304987559.npy,0.397868848669764,0.3804203271865845,0.2434529811143875,1.0,231.18173217773438,44.765052795410156,2.7681214213371277,5.147234797477722,39.32866287231445,22.35042381286621,33,25,8,111.83151245117188,0.5893875393602583,high_review,35
detector_top5,1.3.6.1.4.1.14519.5.2.1.6279.6001.159996104466052855396410079250,outputs/luna16_saliency_synthetic_detector_top5/1.3.6.1.4.1.14519.5.2.1.6279.6001.159996104466052855396410079250/surface_1.3.6.1.4.1.14519.5.2.1.6279.6001.159996104466052855396410079250.png,outputs/luna16_saliency_synthetic_detector_top5/1.3.6.1.4.1.14519.5.2.1.6279.6001.159996104466052855396410079250/surface_grid_float_1.3.6.1.4.1.14519.5.2.1.6279.6001.159996104466052855396410079250.npy,0.6245795423214778,0.3122067153453827,0.24182847142219543,0.8941176533699036,252.00157165527344,54.274662017822266,2.25196477174759,3.204215695858002,3.89646053314209,31.883075714111328,33,25,8,251.6612091064453,0.5869803696658875,high_review,36
detector_top5,1.3.6.1.4.1.14519.5.2.1.6279.6001.188265424231150847356515802868,outputs/luna16_saliency_synthetic_detector_top5/1.3.6.1.4.1.14519.5.2.1.6279.6001.188265424231150847356515802868/surface_1.3.6.1.4.1.14519.5.2.1.6279.6001.188265424231150847356515802868.png,outputs/luna16_saliency_synthetic_detector_top5/1.3.6.1.4.1.14519.5.2.1.6279.6001.188265424231150847356515802868/surface_grid_float_1.3.6.1.4.1.14519.5.2.1.6279.6001.188265424231150847356515802868.npy,0.4745981955178993,0.37760746479034424,0.2520466148853302,1.0,219.69601440429688,46.686946868896484,2.5658371448516846,5.936360478401229,11.232466697692871,18.373077392578125,33,25,8,195.86550903320312,0.5850798992315941,high_review,37
detector_top5,1.3.6.1.4.1.14519.5.2.1.6279.6001.313835996725364342034830119490,outputs/luna16_saliency_synthetic_detector_top5/1.3.6.1.4.1.14519.5.2.1.6279.6001.313835996725364342034830119490/surface_1.3.6.1.4.1.14519.5.2.1.6279.6001.313835996725364342034830119490.png,outputs/luna16_saliency_synthetic_detector_top5/1.3.6.1.4.1.14519.5.2.1.6279.6001.313835996725364342034830119490/surface_grid_float_1.3.6.1.4.1.14519.5.2.1.6279.6001.313835996725364342034830119490.npy,0.40158160552897393,0.40849176049232483,0.2547430992126465,1.0,221.41195678710938,55.59446716308594,3.3109921932220456,5.479380850791928,49.75786209106445,18.665517807006836,33,25,8,166.40589904785156,0.5748802819622887,high_review,38
detector_top5,1.3.6.1.4.1.14519.5.2.1.6279.6001.114914167428485563471327801935,outputs/luna16_saliency_synthetic_detector_top5/1.3.6.1.4.1.14519.5.2.1.6279.6001.114914167428485563471327801935/surface_1.3.6.1.4.1.14519.5.2.1.6279.6001.114914167428485563471327801935.png,outputs/luna16_saliency_synthetic_detector_top5/1.3.6.1.4.1.14519.5.2.1.6279.6001.114914167428485563471327801935/surface_grid_float_1.3.6.1.4.1.14519.5.2.1.6279.6001.114914167428485563471327801935.npy,0.5306853109062046,0.36521393060684204,0.25167131423950195,0.929411768913269,204.8300323486328,58.30592727661133,2.572906374931334,5.641744589805621,13.737743377685547,28.64825439453125,33,25,8,195.30996704101562,0.5742985124852928,high_review,39
detector_top5,1.3.6.1.4.1.14519.5.2.1.6279.6001.249032660919473722154870746474,outputs/luna16_saliency_synthetic_detector_top5/1.3.6.1.4.1.14519.5.2.1.6279.6001.249032660919473722154870746474/surface_1.3.6.1.4.1.14519.5.2.1.6279.6001.249032660919473722154870746474.png,outputs/luna16_saliency_synthetic_detector_top5/1.3.6.1.4.1.14519.5.2.1.6279.6001.249032660919473722154870746474/surface_grid_float_1.3.6.1.4.1.14519.5.2.1.6279.6001.249032660919473722154870746474.npy,0.593511781011781,0.3233320116996765,0.2330394983291626,0.929411768913269,237.0596923828125,31.64288902282715,1.8396476209163657,4.42000079154968,79.89822387695312,18.893508911132812,33,25,8,69.85475158691406,0.5696850864092509,high_review,40
detector_top5,1.3.6.1.4.1.14519.5.2.1.6279.6001.168737928729363683423228050295,outputs/luna16_saliency_synthetic_detector_top5/1.3.6.1.4.1.14519.5.2.1.6279.6001.168737928729363683423228050295/surface_1.3.6.1.4.1.14519.5.2.1.6279.6001.168737928729363683423228050295.png,outputs/luna16_saliency_synthetic_detector_top5/1.3.6.1.4.1.14519.5.2.1.6279.6001.168737928729363683423228050295/surface_grid_float_1.3.6.1.4.1.14519.5.2.1.6279.6001.168737928729363683423228050295.npy,0.5080420202979405,0.4122198224067688,0.2268403023481369,0.9969019609689679,221.82879638671875,46.82179260253906,2.461574602127075,5.612815895080572,8.650943756103516,13.990527153015137,33,25,8,220.63189697265625,0.569189197836982,high_review,41
detector_top5,1.3.6.1.4.1.14519.5.2.1.6279.6001.249450003033735700817635168066,outputs/luna16_saliency_synthetic_detector_top5/1.3.6.1.4.1.14519.5.2.1.6279.6001.249450003033735700817635168066/surface_1.3.6.1.4.1.14519.5.2.1.6279.6001.249450003033735700817635168066.png,outputs/luna16_saliency_synthetic_detector_top5/1.3.6.1.4.1.14519.5.2.1.6279.6001.249450003033735700817635168066/surface_grid_float_1.3.6.1.4.1.14519.5.2.1.6279.6001.249450003033735700817635168066.npy,0.5356578947368421,0.3639261722564697,0.24831652641296387,0.9490196108818054,210.93502807617188,43.084190368652344,2.572418749332424,5.60605054855348,29.68408203125,21.981773376464844,33,25,8,164.892822265625,0.5685882818645904,high_review,42
detector_top5,1.3.6.1.4.1.14519.5.2.1.6279.6001.238019241099704094018548301753,outputs/luna16_saliency_synthetic_detector_top5/1.3.6.1.4.1.14519.5.2.1.6279.6001.238019241099704094018548301753/surface_1.3.6.1.4.1.14519.5.2.1.6279.6001.238019241099704094018548301753.png,outputs/luna16_saliency_synthetic_detector_top5/1.3.6.1.4.1.14519.5.2.1.6279.6001.238019241099704094018548301753/surface_grid_float_1.3.6.1.4.1.14519.5.2.1.6279.6001.238019241099704094018548301753.npy,0.5934812459348124,0.3539564609527588,0.24088114500045776,1.0,210.40805053710938,42.84025192260742,2.5907131671905415,5.920682878494262,12.596264839172363,17.268245697021484,33,25,8,207.10963439941406,0.5666744499100579,high_review,43
detector_top5,1.3.6.1.4.1.14519.5.2.1.6279.6001.246225645401227472829175288633,outputs/luna16_saliency_synthetic_detector_top5/1.3.6.1.4.1.14519.5.2.1.6279.6001.246225645401227472829175288633/surface_1.3.6.1.4.1.14519.5.2.1.6279.6001.246225645401227472829175288633.png,outputs/luna16_saliency_synthetic_detector_top5/1.3.6.1.4.1.14519.5.2.1.6279.6001.246225645401227472829175288633/surface_grid_float_1.3.6.1.4.1.14519.5.2.1.6279.6001.246225645401227472829175288633.npy,0.651551750496866,0.32597872614860535,0.2380942702293396,0.9529411792755127,244.56869506835938,40.07464599609375,3.1149224519729612,4.0721320009231565,5.542657375335693,16.287097930908203,33,25,8,243.3377227783203,0.5659720027658675,high_review,44
detector_top5,1.3.6.1.4.1.14519.5.2.1.6279.6001.203179378754043776171267611064,outputs/luna16_saliency_synthetic_detector_top5/1.3.6.1.4.1.14519.5.2.1.6279.6001.203179378754043776171267611064/surface_1.3.6.1.4.1.14519.5.2.1.6279.6001.203179378754043776171267611064.png,outputs/luna16_saliency_synthetic_detector_top5/1.3.6.1.4.1.14519.5.2.1.6279.6001.203179378754043776171267611064/surface_grid_float_1.3.6.1.4.1.14519.5.2.1.6279.6001.203179378754043776171267611064.npy,0.6022556390977444,0.3462110459804535,0.23554947972297668,0.9333333373069763,201.33558654785156,31.50771141052246,2.186344242095947,5.875188775062507,59.75429153442383,24.300264358520508,33,25,8,155.11227416992188,0.56581556162834,high_review,45
detector_top5,1.3.6.1.4.1.14519.5.2.1.6279.6001.145510611155363050427743946446,outputs/luna16_saliency_synthetic_detector_top5/1.3.6.1.4.1.14519.5.2.1.6279.6001.145510611155363050427743946446/surface_1.3.6.1.4.1.14519.5.2.1.6279.6001.145510611155363050427743946446.png,outputs/luna16_saliency_synthetic_detector_top5/1.3.6.1.4.1.14519.5.2.1.6279.6001.145510611155363050427743946446/surface_grid_float_1.3.6.1.4.1.14519.5.2.1.6279.6001.145510611155363050427743946446.npy,0.6282806924805074,0.3391421139240265,0.229264497756958,0.9137254953384399,219.47183227539062,26.113248825073242,3.018282115459443,5.335879173278793,7.750870704650879,17.348241806030273,33,25,8,215.81358337402344,0.5644144107818599,high_review,46
detector_top5,1.3.6.1.4.1.14519.5.2.1.6279.6001.128023902651233986592378348912,outputs/luna16_saliency_synthetic_detector_top5/1.3.6.1.4.1.14519.5.2.1.6279.6001.128023902651233986592378348912/surface_1.3.6.1.4.1.14519.5.2.1.6279.6001.128023902651233986592378348912.png,outputs/luna16_saliency_synthetic_detector_top5/1.3.6.1.4.1.14519.5.2.1.6279.6001.128023902651233986592378348912/surface_grid_float_1.3.6.1.4.1.14519.5.2.1.6279.6001.128023902651233986592378348912.npy,0.7061404218808178,0.30527371168136597,0.22940857708454132,0.8941176533699036,211.11143493652344,42.044097900390625,2.4560914039611816,5.147587013244647,26.151596069335938,26.13368034362793,33,25,8,167.83843994140625,0.5643548471662738,high_review,47
detector_top5,1.3.6.1.4.1.14519.5.2.1.6279.6001.187451715205085403623595258748,outputs/luna16_saliency_synthetic_detector_top5/1.3.6.1.4.1.14519.5.2.1.6279.6001.187451715205085403623595258748/surface_1.3.6.1.4.1.14519.5.2.1.6279.6001.187451715205085403623595258748.png,outputs/luna16_saliency_synthetic_detector_top5/1.3.6.1.4.1.14519.5.2.1.6279.6001.187451715205085403623595258748/surface_grid_float_1.3.6.1.4.1.14519.5.2.1.6279.6001.187451715205085403623595258748.npy,0.5945055912652989,0.3290371298789978,0.24677912890911102,1.0,217.49893188476562,41.44206619262695,3.391820669174192,4.852143898010253,6.039262294769287,24.295854568481445,33,25,8,216.49891662597656,0.5620533246782091,high_review,48
detector_top5,1.3.6.1.4.1.14519.5.2.1.6279.6001.227962600322799211676960828223,outputs/luna16_saliency_synthetic_detector_top5/1.3.6.1.4.1.14519.5.2.1.6279.6001.227962600322799211676960828223/surface_1.3.6.1.4.1.14519.5.2.1.6279.6001.227962600322799211676960828223.png,outputs/luna16_saliency_synthetic_detector_top5/1.3.6.1.4.1.14519.5.2.1.6279.6001.227962600322799211676960828223/surface_grid_float_1.3.6.1.4.1.14519.5.2.1.6279.6001.227962600322799211676960828223.npy,0.5416966930899191,0.39591124653816223,0.26566264033317566,1.0,201.38909912109375,37.19306945800781,2.7769792675971985,6.096040344238272,8.80204963684082,19.399587631225586,33,25,8,196.64083862304688,0.5616399035983612,high_review,49
detector_top5,1.3.6.1.4.1.14519.5.2.1.6279.6001.428038562098395445838061018440,outputs/luna16_saliency_synthetic_detector_top5/1.3.6.1.4.1.14519.5.2.1.6279.6001.428038562098395445838061018440/surface_1.3.6.1.4.1.14519.5.2.1.6279.6001.428038562098395445838061018440.png,outputs/luna16_saliency_synthetic_detector_top5/1.3.6.1.4.1.14519.5.2.1.6279.6001.428038562098395445838061018440/surface_grid_float_1.3.6.1.4.1.14519.5.2.1.6279.6001.428038562098395445838061018440.npy,0.6233415457614746,0.31272971630096436,0.24019736051559448,1.0,235.590576171875,49.11357498168945,3.0384559631347643,4.239169063568114,4.628856182098389,17.82530403137207,33,25,8,234.72743225097656,0.5594378189298841,high_review,50
detector_top5,1.3.6.1.4.1.14519.5.2.1.6279.6001.138813197521718693188313387015,outputs/luna16_saliency_synthetic_detector_top5/1.3.6.1.4.1.14519.5.2.1.6279.6001.138813197521718693188313387015/surface_1.3.6.1.4.1.14519.5.2.1.6279.6001.138813197521718693188313387015.png,outputs/luna16_saliency_synthetic_detector_top5/1.3.6.1.4.1.14519.5.2.1.6279.6001.138813197521718693188313387015/surface_grid_float_1.3.6.1.4.1.14519.5.2.1.6279.6001.138813197521718693188313387015.npy,0.6022453987730061,0.2916223704814911,0.2258719950914383,0.8745098114013672,208.0653076171875,39.52207565307617,2.839589035511017,5.70813242435454,8.859532356262207,17.158781051635742,33,25,8,201.136962890625,0.5561501099851393,high_review,51
detector_top5,1.3.6.1.4.1.14519.5.2.1.6279.6001.219087313261026510628926082729,outputs/luna16_saliency_synthetic_detector_top5/1.3.6.1.4.1.14519.5.2.1.6279.6001.219087313261026510628926082729/surface_1.3.6.1.4.1.14519.5.2.1.6279.6001.219087313261026510628926082729.png,outputs/luna16_saliency_synthetic_detector_top5/1.3.6.1.4.1.14519.5.2.1.6279.6001.219087313261026510628926082729/surface_grid_float_1.3.6.1.4.1.14519.5.2.1.6279.6001.219087313261026510628926082729.npy,0.5324908424908424,0.35607531666755676,0.2539222240447998,1.0,186.657470703125,27.70326805114746,2.7757016658782945,5.960479607582099,11.043722152709961,29.347166061401367,33,25,8,182.67860412597656,0.5551260973135632,high_review,52
detector_top5,1.3.6.1.4.1.14519.5.2.1.6279.6001.613212850444255764524630781782,outputs/luna16_saliency_synthetic_detector_top5/1.3.6.1.4.1.14519.5.2.1.6279.6001.613212850444255764524630781782/surface_1.3.6.1.4.1.14519.5.2.1.6279.6001.613212850444255764524630781782.png,outputs/luna16_saliency_synthetic_detector_top5/1.3.6.1.4.1.14519.5.2.1.6279.6001.613212850444255764524630781782/surface_grid_float_1.3.6.1.4.1.14519.5.2.1.6279.6001.613212850444255764524630781782.npy,0.6673114486734558,0.347910076379776,0.2369828075170517,0.9019607901573181,192.740234375,39.7833251953125,2.7218157052993774,6.430838251113867,27.547561645507812,15.611173629760742,33,25,8,105.26531219482422,0.5488503684467732,high_review,53
detector_top5,1.3.6.1.4.1.14519.5.2.1.6279.6001.627998298349675613581885874395,outputs/luna16_saliency_synthetic_detector_top5/1.3.6.1.4.1.14519.5.2.1.6279.6001.627998298349675613581885874395/surface_1.3.6.1.4.1.14519.5.2.1.6279.6001.627998298349675613581885874395.png,outputs/luna16_saliency_synthetic_detector_top5/1.3.6.1.4.1.14519.5.2.1.6279.6001.627998298349675613581885874395/surface_grid_float_1.3.6.1.4.1.14519.5.2.1.6279.6001.627998298349675613581885874395.npy,0.5757367537028554,0.3258931338787079,0.24333910644054413,1.0,218.83477783203125,42.3622932434082,2.6162699460983188,5.080370802879335,7.051290035247803,13.108672142028809,33,25,8,215.23046875,0.5462661363442739,high_review,54
detector_top5,1.3.6.1.4.1.14519.5.2.1.6279.6001.302403227435841351528721627052,outputs/luna16_saliency_synthetic_detector_top5/1.3.6.1.4.1.14519.5.2.1.6279.6001.302403227435841351528721627052/surface_1.3.6.1.4.1.14519.5.2.1.6279.6001.302403227435841351528721627052.png,outputs/luna16_saliency_synthetic_detector_top5/1.3.6.1.4.1.14519.5.2.1.6279.6001.302403227435841351528721627052/surface_grid_float_1.3.6.1.4.1.14519.5.2.1.6279.6001.302403227435841351528721627052.npy,0.42550388855807575,0.3531014919281006,0.2233429104089737,0.9607843160629272,214.29481506347656,51.89829635620117,2.3916489839553834,3.7028668975830077,4.555678844451904,35.10866928100586,33,25,8,212.8340606689453,0.5462632971021864,high_review,55
detector_top5,1.3.6.1.4.1.14519.5.2.1.6279.6001.249314567767437206995861966896,outputs/luna16_saliency_synthetic_detector_top5/1.3.6.1.4.1.14519.5.2.1.6279.6001.249314567767437206995861966896/surface_1.3.6.1.4.1.14519.5.2.1.6279.6001.249314567767437206995861966896.png,outputs/luna16_saliency_synthetic_detector_top5/1.3.6.1.4.1.14519.5.2.1.6279.6001.249314567767437206995861966896/surface_grid_float_1.3.6.1.4.1.14519.5.2.1.6279.6001.249314567767437206995861966896.npy,0.3353502188868043,0.36176449060440063,0.2512770891189575,1.0,186.76202392578125,35.250152587890625,2.891923856735228,6.55246348381041,13.357292175292969,13.133086204528809,33,25,8,181.4545440673828,0.5453998838939331,high_review,56
detector_top5,1.3.6.1.4.1.14519.5.2.1.6279.6001.126121460017257137098781143514,outputs/luna16_saliency_synthetic_detector_top5/1.3.6.1.4.1.14519.5.2.1.6279.6001.126121460017257137098781143514/surface_1.3.6.1.4.1.14519.5.2.1.6279.6001.126121460017257137098781143514.png,outputs/luna16_saliency_synthetic_detector_top5/1.3.6.1.4.1.14519.5.2.1.6279.6001.126121460017257137098781143514/surface_grid_float_1.3.6.1.4.1.14519.5.2.1.6279.6001.126121460017257137098781143514.npy,0.5818948065810299,0.36371952295303345,0.24736420810222626,1.0,176.08255004882812,34.110816955566406,2.91189334392547,7.590694775581357,20.928388595581055,10.286311149597168,33,25,8,150.7620391845703,0.5440502292368147,high_review,57
detector_top5,1.3.6.1.4.1.14519.5.2.1.6279.6001.339484970190920330170416228517,outputs/luna16_saliency_synthetic_detector_top5/1.3.6.1.4.1.14519.5.2.1.6279.6001.339484970190920330170416228517/surface_1.3.6.1.4.1.14519.5.2.1.6279.6001.339484970190920330170416228517.png,outputs/luna16_saliency_synthetic_detector_top5/1.3.6.1.4.1.14519.5.2.1.6279.6001.339484970190920330170416228517/surface_grid_float_1.3.6.1.4.1.14519.5.2.1.6279.6001.339484970190920330170416228517.npy,0.0003859620103106994,0.6581233143806458,0.08351884037256241,0.7947058945894241,86.26542663574219,14.304868698120117,1.6416399776935577,3.8567936539650014,29.35132598876953,11.785781860351562,33,25,8,30.030517578125,0.5436901771283984,high_review,58
detector_top5,1.3.6.1.4.1.14519.5.2.1.6279.6001.162901839201654862079549658100,outputs/luna16_saliency_synthetic_detector_top5/1.3.6.1.4.1.14519.5.2.1.6279.6001.162901839201654862079549658100/surface_1.3.6.1.4.1.14519.5.2.1.6279.6001.162901839201654862079549658100.png,outputs/luna16_saliency_synthetic_detector_top5/1.3.6.1.4.1.14519.5.2.1.6279.6001.162901839201654862079549658100/surface_grid_float_1.3.6.1.4.1.14519.5.2.1.6279.6001.162901839201654862079549658100.npy,0.6269267599542829,0.3285379111766815,0.2369670569896698,0.9411764740943909,192.61004638671875,44.26224899291992,2.838926374912262,5.771363973617571,53.99512481689453,21.76687240600586,33,25,8,134.0892333984375,0.5425284907552935,high_review,59
detector_top5,1.3.6.1.4.1.14519.5.2.1.6279.6001.291539125579672469833850180824,outputs/luna16_saliency_synthetic_detector_top5/1.3.6.1.4.1.14519.5.2.1.6279.6001.291539125579672469833850180824/surface_1.3.6.1.4.1.14519.5.2.1.6279.6001.291539125579672469833850180824.png,outputs/luna16_saliency_synthetic_detector_top5/1.3.6.1.4.1.14519.5.2.1.6279.6001.291539125579672469833850180824/surface_grid_float_1.3.6.1.4.1.14519.5.2.1.6279.6001.291539125579672469833850180824.npy,0.6573377456608361,0.2995724678039551,0.231277197599411,1.0,202.25714111328125,39.81661605834961,3.0161916017532353,4.876125087738037,15.422331809997559,26.050771713256836,33,25,8,201.03298950195312,0.5412695916281806,high_review,60
detector_top5,1.3.6.1.4.1.14519.5.2.1.6279.6001.265453131727473342790950829556,outputs/luna16_saliency_synthetic_detector_top5/1.3.6.1.4.1.14519.5.2.1.6279.6001.265453131727473342790950829556/surface_1.3.6.1.4.1.14519.5.2.1.6279.6001.265453131727473342790950829556.png,outputs/luna16_saliency_synthetic_detector_top5/1.3.6.1.4.1.14519.5.2.1.6279.6001.265453131727473342790950829556/surface_grid_float_1.3.6.1.4.1.14519.5.2.1.6279.6001.265453131727473342790950829556.npy,0.5510204081632653,0.3084174394607544,0.24163095653057098,1.0,222.2969207763672,40.96751022338867,2.5169285297393804,5.055640697479256,51.01392364501953,8.5582275390625,33,25,8,155.62701416015625,0.5411823723051286,high_review,61
detector_top5,1.3.6.1.4.1.14519.5.2.1.6279.6001.126264578931778258890371755354,outputs/luna16_saliency_synthetic_detector_top5/1.3.6.1.4.1.14519.5.2.1.6279.6001.126264578931778258890371755354/surface_1.3.6.1.4.1.14519.5.2.1.6279.6001.126264578931778258890371755354.png,outputs/luna16_saliency_synthetic_detector_top5/1.3.6.1.4.1.14519.5.2.1.6279.6001.126264578931778258890371755354/surface_grid_float_1.3.6.1.4.1.14519.5.2.1.6279.6001.126264578931778258890371755354.npy,0.6159326883578622,0.33261537551879883,0.23666317760944366,0.8823529481887817,216.25418090820312,48.40249252319336,2.2967511177062967,4.504658489227277,40.46900177001953,17.972021102905273,33,25,8,184.53634643554688,0.5355012141969463,high_review,62
detector_top5,1.3.6.1.4.1.14519.5.2.1.6279.6001.885292267869246639232975687131,outputs/luna16_saliency_synthetic_detector_top5/1.3.6.1.4.1.14519.5.2.1.6279.6001.885292267869246639232975687131/surface_1.3.6.1.4.1.14519.5.2.1.6279.6001.885292267869246639232975687131.png,outputs/luna16_saliency_synthetic_detector_top5/1.3.6.1.4.1.14519.5.2.1.6279.6001.885292267869246639232975687131/surface_grid_float_1.3.6.1.4.1.14519.5.2.1.6279.6001.885292267869246639232975687131.npy,0.5902209492635024,0.3461020290851593,0.24210485816001892,0.9411764740943909,190.21633911132812,37.302635192871094,2.9859737992286672,5.212347407341,6.595947265625,26.258413314819336,33,25,8,188.716796875,0.531749683660931,high_review,63
detector_top5,1.3.6.1.4.1.14519.5.2.1.6279.6001.124822907934319930841506266464,outputs/luna16_saliency_synthetic_detector_top5/1.3.6.1.4.1.14519.5.2.1.6279.6001.124822907934319930841506266464/surface_1.3.6.1.4.1.14519.5.2.1.6279.6001.124822907934319930841506266464.png,outputs/luna16_saliency_synthetic_detector_top5/1.3.6.1.4.1.14519.5.2.1.6279.6001.124822907934319930841506266464/surface_grid_float_1.3.6.1.4.1.14519.5.2.1.6279.6001.124822907934319930841506266464.npy,0.6192003545685694,0.30543673038482666,0.23131759464740753,0.886274516582489,203.11143493652344,26.088592529296875,2.073851585388174,4.217375187873857,35.789554595947266,29.82554817199707,33,25,8,124.87410736083984,0.5313193098015261,high_review,64
detector_top5,1.3.6.1.4.1.14519.5.2.1.6279.6001.189483585244687808087477024767,outputs/luna16_saliency_synthetic_detector_top5/1.3.6.1.4.1.14519.5.2.1.6279.6001.189483585244687808087477024767/surface_1.3.6.1.4.1.14519.5.2.1.6279.6001.189483585244687808087477024767.png,outputs/luna16_saliency_synthetic_detector_top5/1.3.6.1.4.1.14519.5.2.1.6279.6001.189483585244687808087477024767/surface_grid_float_1.3.6.1.4.1.14519.5.2.1.6279.6001.189483585244687808087477024767.npy,0.5919188408896493,0.3210456669330597,0.22549889981746674,0.9686274528503418,201.71380615234375,44.02362823486328,2.2192835807800293,4.447050690650949,5.8779215812683105,26.833786010742188,33,25,8,198.55465698242188,0.5292318332195285,high_review,65
detector_top5,1.3.6.1.4.1.14519.5.2.1.6279.6001.133378195429627807109985347209,outputs/luna16_saliency_synthetic_detector_top5/1.3.6.1.4.1.14519.5.2.1.6279.6001.133378195429627807109985347209/surface_1.3.6.1.4.1.14519.5.2.1.6279.6001.133378195429627807109985347209.png,outputs/luna16_saliency_synthetic_detector_top5/1.3.6.1.4.1.14519.5.2.1.6279.6001.133378195429627807109985347209/surface_grid_float_1.3.6.1.4.1.14519.5.2.1.6279.6001.133378195429627807109985347209.npy,0.5838145520541165,0.35664230585098267,0.25067466497421265,1.0,199.9093475341797,27.35442543029785,2.4822879672050466,5.668430490493765,36.17671585083008,11.323307991027832,33,25,8,167.92727661132812,0.5283980672518409,high_review,66
detector_top5,1.3.6.1.4.1.14519.5.2.1.6279.6001.170825539570536865106681134236,outputs/luna16_saliency_synthetic_detector_top5/1.3.6.1.4.1.14519.5.2.1.6279.6001.170825539570536865106681134236/surface_1.3.6.1.4.1.14519.5.2.1.6279.6001.170825539570536865106681134236.png,outputs/luna16_saliency_synthetic_detector_top5/1.3.6.1.4.1.14519.5.2.1.6279.6001.170825539570536865106681134236/surface_grid_float_1.3.6.1.4.1.14519.5.2.1.6279.6001.170825539570536865106681134236.npy,0.5333371291920515,0.38775619864463806,0.2531975507736206,0.929411768913269,213.9358673095703,40.04765701293945,3.2958498954772946,3.896340675354004,4.062250137329102,23.684770584106445,33,25,8,212.16757202148438,0.5260828226301405,high_review,67
detector_top5,1.3.6.1.4.1.14519.5.2.1.6279.6001.142154819868944114554521645782,outputs/luna16_saliency_synthetic_detector_top5/1.3.6.1.4.1.14519.5.2.1.6279.6001.142154819868944114554521645782/surface_1.3.6.1.4.1.14519.5.2.1.6279.6001.142154819868944114554521645782.png,outputs/luna16_saliency_synthetic_detector_top5/1.3.6.1.4.1.14519.5.2.1.6279.6001.142154819868944114554521645782/surface_grid_float_1.3.6.1.4.1.14519.5.2.1.6279.6001.142154819868944114554521645782.npy,0.5743953446081106,0.3229101300239563,0.2328844666481018,0.9215686321258545,193.29867553710938,40.13329315185547,2.2057342886924687,5.561643528938294,48.58382034301758,15.531590461730957,33,25,8,162.7806396484375,0.5235284105671776,high_review,68
detector_top5,1.3.6.1.4.1.14519.5.2.1.6279.6001.332453873575389860371315979768,outputs/luna16_saliency_synthetic_detector_top5/1.3.6.1.4.1.14519.5.2.1.6279.6001.332453873575389860371315979768/surface_1.3.6.1.4.1.14519.5.2.1.6279.6001.332453873575389860371315979768.png,outputs/luna16_saliency_synthetic_detector_top5/1.3.6.1.4.1.14519.5.2.1.6279.6001.332453873575389860371315979768/surface_grid_float_1.3.6.1.4.1.14519.5.2.1.6279.6001.332453873575389860371315979768.npy,0.6162036792999842,0.323661744594574,0.23571807146072388,0.9545490223169179,209.74147033691406,43.17219543457031,2.3545165061950666,4.742869529724116,6.1882710456848145,14.114921569824219,33,25,8,204.6717529296875,0.5232216954973007,high_review,69
detector_top5,1.3.6.1.4.1.14519.5.2.1.6279.6001.182798854785392200340436516930,outputs/luna16_saliency_synthetic_detector_top5/1.3.6.1.4.1.14519.5.2.1.6279.6001.182798854785392200340436516930/surface_1.3.6.1.4.1.14519.5.2.1.6279.6001.182798854785392200340436516930.png,outputs/luna16_saliency_synthetic_detector_top5/1.3.6.1.4.1.14519.5.2.1.6279.6001.182798854785392200340436516930/surface_grid_float_1.3.6.1.4.1.14519.5.2.1.6279.6001.182798854785392200340436516930.npy,0.6166184061437744,0.3332412838935852,0.24315816164016724,0.9460000032186634,200.7448272705078,43.80278396606445,2.807208943367006,4.820759849548391,14.396297454833984,19.319623947143555,33,25,8,195.12994384765625,0.5221300052642838,high_review,70
detector_top5,1.3.6.1.4.1.14519.5.2.1.6279.6001.622243923620914676263059698181,outputs/luna16_saliency_synthetic_detector_top5/1.3.6.1.4.1.14519.5.2.1.6279.6001.622243923620914676263059698181/surface_1.3.6.1.4.1.14519.5.2.1.6279.6001.622243923620914676263059698181.png,outputs/luna16_saliency_synthetic_detector_top5/1.3.6.1.4.1.14519.5.2.1.6279.6001.622243923620914676263059698181/surface_grid_float_1.3.6.1.4.1.14519.5.2.1.6279.6001.622243923620914676263059698181.npy,0.008775778850372971,0.7406274676322937,0.09697913378477097,1.0,83.3551025390625,14.957418441772461,1.357425487041473,3.814812917709338,30.86053466796875,9.743927001953125,33,25,8,27.023681640625,0.5215184318811419,high_review,71
detector_top5,1.3.6.1.4.1.14519.5.2.1.6279.6001.310548927038333190233889983845,outputs/luna16_saliency_synthetic_detector_top5/1.3.6.1.4.1.14519.5.2.1.6279.6001.310548927038333190233889983845/surface_1.3.6.1.4.1.14519.5.2.1.6279.6001.310548927038333190233889983845.png,outputs/luna16_saliency_synthetic_detector_top5/1.3.6.1.4.1.14519.5.2.1.6279.6001.310548927038333190233889983845/surface_grid_float_1.3.6.1.4.1.14519.5.2.1.6279.6001.310548927038333190233889983845.npy,0.583632319173364,0.37789008021354675,0.22731304168701172,0.8823529481887817,174.9310302734375,33.0810661315918,2.141078960895538,6.180967693328857,13.20331859588623,19.091516494750977,33,25,8,170.49122619628906,0.5194063401328193,high_review,72
detector_top5,1.3.6.1.4.1.14519.5.2.1.6279.6001.334166493392278943610545989413,outputs/luna16_saliency_synthetic_detector_top5/1.3.6.1.4.1.14519.5.2.1.6279.6001.334166493392278943610545989413/surface_1.3.6.1.4.1.14519.5.2.1.6279.6001.334166493392278943610545989413.png,outputs/luna16_saliency_synthetic_detector_top5/1.3.6.1.4.1.14519.5.2.1.6279.6001.334166493392278943610545989413/surface_grid_float_1.3.6.1.4.1.14519.5.2.1.6279.6001.334166493392278943610545989413.npy,0.5022452141487881,0.3239583373069763,0.2359113097190857,0.8745098114013672,225.51406860351562,40.48859405517578,1.7656710565090163,2.31024893283844,2.6037840843200684,32.816070556640625,33,25,8,225.12413024902344,0.5180888502279918,high_review,73
detector_top5,1.3.6.1.4.1.14519.5.2.1.6279.6001.268030488196493755113553009785,outputs/luna16_saliency_synthetic_detector_top5/1.3.6.1.4.1.14519.5.2.1.6279.6001.268030488196493755113553009785/surface_1.3.6.1.4.1.14519.5.2.1.6279.6001.268030488196493755113553009785.png,outputs/luna16_saliency_synthetic_detector_top5/1.3.6.1.4.1.14519.5.2.1.6279.6001.268030488196493755113553009785/surface_grid_float_1.3.6.1.4.1.14519.5.2.1.6279.6001.268030488196493755113553009785.npy,0.4996461179135112,0.34683123230934143,0.24676112830638885,1.0,171.63731384277344,34.095760345458984,3.3403902649879456,6.506110215187064,13.657082557678223,15.492161750793457,33,25,8,166.54200744628906,0.515672522306442,high_review,74
detector_top5,1.3.6.1.4.1.14519.5.2.1.6279.6001.200725988589959521302320481687,outputs/luna16_saliency_synthetic_detector_top5/1.3.6.1.4.1.14519.5.2.1.6279.6001.200725988589959521302320481687/surface_1.3.6.1.4.1.14519.5.2.1.6279.6001.200725988589959521302320481687.png,outputs/luna16_saliency_synthetic_detector_top5/1.3.6.1.4.1.14519.5.2.1.6279.6001.200725988589959521302320481687/surface_grid_float_1.3.6.1.4.1.14519.5.2.1.6279.6001.200725988589959521302320481687.npy,0.5074866781168803,0.35103365778923035,0.2295987755060196,1.0,219.9993133544922,34.11606216430664,2.6451775908470117,3.916293354034419,4.411558628082275,13.897178649902344,33,25,8,219.0380401611328,0.5150369421005248,high_review,75
detector_top5,1.3.6.1.4.1.14519.5.2.1.6279.6001.994459772950022352718462251777,outputs/luna16_saliency_synthetic_detector_top5/1.3.6.1.4.1.14519.5.2.1.6279.6001.994459772950022352718462251777/surface_1.3.6.1.4.1.14519.5.2.1.6279.6001.994459772950022352718462251777.png,outputs/luna16_saliency_synthetic_detector_top5/1.3.6.1.4.1.14519.5.2.1.6279.6001.994459772950022352718462251777/surface_grid_float_1.3.6.1.4.1.14519.5.2.1.6279.6001.994459772950022352718462251777.npy,0.6326390635359748,0.2791983485221863,0.22441400587558746,0.9019607901573181,191.45086669921875,21.288118362426758,1.4302322328090664,5.509027857780413,16.791976928710938,13.799934387207031,33,25,8,182.83824157714844,0.5150221344259036,high_review,76
detector_top5,1.3.6.1.4.1.14519.5.2.1.6279.6001.188059920088313909273628445208,outputs/luna16_saliency_synthetic_detector_top5/1.3.6.1.4.1.14519.5.2.1.6279.6001.188059920088313909273628445208/surface_1.3.6.1.4.1.14519.5.2.1.6279.6001.188059920088313909273628445208.png,outputs/luna16_saliency_synthetic_detector_top5/1.3.6.1.4.1.14519.5.2.1.6279.6001.188059920088313909273628445208/surface_grid_float_1.3.6.1.4.1.14519.5.2.1.6279.6001.188059920088313909273628445208.npy,0.3416327347974101,0.39270949363708496,0.23074939846992493,1.0,209.32972717285156,46.898441314697266,2.3915276169776907,3.0355338168144197,6.303957939147949,30.788738250732422,33,25,8,208.0935821533203,0.5131496058622927,high_review,77
detector_top5,1.3.6.1.4.1.14519.5.2.1.6279.6001.285926554490515269336267972830,outputs/luna16_saliency_synthetic_detector_top5/1.3.6.1.4.1.14519.5.2.1.6279.6001.285926554490515269336267972830/surface_1.3.6.1.4.1.14519.5.2.1.6279.6001.285926554490515269336267972830.png,outputs/luna16_saliency_synthetic_detector_top5/1.3.6.1.4.1.14519.5.2.1.6279.6001.285926554490515269336267972830/surface_grid_float_1.3.6.1.4.1.14519.5.2.1.6279.6001.285926554490515269336267972830.npy,0.6086107573828149,0.32758066058158875,0.22623124718666077,0.9058823585510254,215.25106811523438,42.16217041015625,2.2050551414489745,2.8541382503509527,3.1019370555877686,30.496755599975586,33,25,8,214.94850158691406,0.5121464957025316,high_review,78
detector_top5,1.3.6.1.4.1.14519.5.2.1.6279.6001.230675342744370103160629638194,outputs/luna16_saliency_synthetic_detector_top5/1.3.6.1.4.1.14519.5.2.1.6279.6001.230675342744370103160629638194/surface_1.3.6.1.4.1.14519.5.2.1.6279.6001.230675342744370103160629638194.png,outputs/luna16_saliency_synthetic_detector_top5/1.3.6.1.4.1.14519.5.2.1.6279.6001.230675342744370103160629638194/surface_grid_float_1.3.6.1.4.1.14519.5.2.1.6279.6001.230675342744370103160629638194.npy,0.6538618508315478,0.3248307704925537,0.2290818691253662,1.0,188.43536376953125,37.958526611328125,2.793724536895752,5.023580574989318,6.1059980392456055,21.246103286743164,33,25,8,185.5052490234375,0.5119799197249941,high_review,79
detector_top5,1.3.6.1.4.1.14519.5.2.1.6279.6001.624425075947752229712087113746,outputs/luna16_saliency_synthetic_detector_top5/1.3.6.1.4.1.14519.5.2.1.6279.6001.624425075947752229712087113746/surface_1.3.6.1.4.1.14519.5.2.1.6279.6001.624425075947752229712087113746.png,outputs/luna16_saliency_synthetic_detector_top5/1.3.6.1.4.1.14519.5.2.1.6279.6001.624425075947752229712087113746/surface_grid_float_1.3.6.1.4.1.14519.5.2.1.6279.6001.624425075947752229712087113746.npy,0.6106733660690495,0.3993501365184784,0.2313193827867508,0.9215686321258545,194.32354736328125,29.232269287109375,3.544044125080107,5.243035206794738,10.15877628326416,13.621628761291504,33,25,8,192.2497100830078,0.5114339212788475,high_review,80
detector_top5,1.3.6.1.4.1.14519.5.2.1.6279.6001.122763913896761494371822656720,outputs/luna16_saliency_synthetic_detector_top5/1.3.6.1.4.1.14519.5.2.1.6279.6001.122763913896761494371822656720/surface_1.3.6.1.4.1.14519.5.2.1.6279.6001.122763913896761494371822656720.png,outputs/luna16_saliency_synthetic_detector_top5/1.3.6.1.4.1.14519.5.2.1.6279.6001.122763913896761494371822656720/surface_grid_float_1.3.6.1.4.1.14519.5.2.1.6279.6001.122763913896761494371822656720.npy,0.6078153870346346,0.3676239550113678,0.2390386015176773,0.9803921580314636,212.26727294921875,40.48679733276367,2.4247269868850707,3.5399533009529076,3.9477388858795166,21.522857666015625,33,25,8,211.8323211669922,0.507805959868431,high_review,81
detector_top5,1.3.6.1.4.1.14519.5.2.1.6279.6001.282512043257574309474415322775,outputs/luna16_saliency_synthetic_detector_top5/1.3.6.1.4.1.14519.5.2.1.6279.6001.282512043257574309474415322775/surface_1.3.6.1.4.1.14519.5.2.1.6279.6001.282512043257574309474415322775.png,outputs/luna16_saliency_synthetic_detector_top5/1.3.6.1.4.1.14519.5.2.1.6279.6001.282512043257574309474415322775/surface_grid_float_1.3.6.1.4.1.14519.5.2.1.6279.6001.282512043257574309474415322775.npy,0.5177792967266651,0.3500230312347412,0.24213941395282745,1.0,198.01910400390625,27.735166549682617,1.987366473674774,4.977799978256171,40.26036834716797,12.586524963378906,33,25,8,108.19235229492188,0.5073358948283708,high_review,82
detector_top5,1.3.6.1.4.1.14519.5.2.1.6279.6001.184412674007117333405073397832,outputs/luna16_saliency_synthetic_detector_top5/1.3.6.1.4.1.14519.5.2.1.6279.6001.184412674007117333405073397832/surface_1.3.6.1.4.1.14519.5.2.1.6279.6001.184412674007117333405073397832.png,outputs/luna16_saliency_synthetic_detector_top5/1.3.6.1.4.1.14519.5.2.1.6279.6001.184412674007117333405073397832/surface_grid_float_1.3.6.1.4.1.14519.5.2.1.6279.6001.184412674007117333405073397832.npy,0.5896839194535325,0.31676727533340454,0.23296192288398743,0.8980392217636108,209.02207946777344,44.40814208984375,1.6930561661720276,3.3238316774368286,7.051185607910156,26.36051368713379,33,25,8,207.04139709472656,0.5066640020741356,high_review,83
detector_top5,1.3.6.1.4.1.14519.5.2.1.6279.6001.279953669991076107785464313394,outputs/luna16_saliency_synthetic_detector_top5/1.3.6.1.4.1.14519.5.2.1.6279.6001.279953669991076107785464313394/surface_1.3.6.1.4.1.14519.5.2.1.6279.6001.279953669991076107785464313394.png,outputs/luna16_saliency_synthetic_detector_top5/1.3.6.1.4.1.14519.5.2.1.6279.6001.279953669991076107785464313394/surface_grid_float_1.3.6.1.4.1.14519.5.2.1.6279.6001.279953669991076107785464313394.npy,0.5758399518953724,0.3606492578983307,0.23038901388645172,0.886274516582489,219.05345153808594,41.52993392944336,2.6035021543502808,3.157109558582306,7.457676887512207,20.689233779907227,33,25,8,212.86276245117188,0.5057784477207395,high_review,84
detector_top5,1.3.6.1.4.1.14519.5.2.1.6279.6001.140253591510022414496468423138,outputs/luna16_saliency_synthetic_detector_top5/1.3.6.1.4.1.14519.5.2.1.6279.6001.140253591510022414496468423138/surface_1.3.6.1.4.1.14519.5.2.1.6279.6001.140253591510022414496468423138.png,outputs/luna16_saliency_synthetic_detector_top5/1.3.6.1.4.1.14519.5.2.1.6279.6001.140253591510022414496468423138/surface_grid_float_1.3.6.1.4.1.14519.5.2.1.6279.6001.140253591510022414496468423138.npy,0.5806031327770458,0.3454612195491791,0.2302762120962143,0.9960784316062927,191.4580841064453,29.67593765258789,2.0633109927177427,5.189976792335516,8.640106201171875,13.53499698638916,33,25,8,188.3169403076172,0.5048738816950058,high_review,85
detector_top5,1.3.6.1.4.1.14519.5.2.1.6279.6001.222052723822248889877676736332,outputs/luna16_saliency_synthetic_detector_top5/1.3.6.1.4.1.14519.5.2.1.6279.6001.222052723822248889877676736332/surface_1.3.6.1.4.1.14519.5.2.1.6279.6001.222052723822248889877676736332.png,outputs/luna16_saliency_synthetic_detector_top5/1.3.6.1.4.1.14519.5.2.1.6279.6001.222052723822248889877676736332/surface_grid_float_1.3.6.1.4.1.14519.5.2.1.6279.6001.222052723822248889877676736332.npy,0.6124368290421938,0.3259964883327484,0.22911575436592102,1.0,195.2743682861328,36.681907653808594,2.3140768408775303,4.078900465965274,5.0219550132751465,25.559547424316406,33,25,8,191.78533935546875,0.5046232887321049,high_review,86
detector_top5,1.3.6.1.4.1.14519.5.2.1.6279.6001.479402560265137632920333093071,outputs/luna16_saliency_synthetic_detector_top5/1.3.6.1.4.1.14519.5.2.1.6279.6001.479402560265137632920333093071/surface_1.3.6.1.4.1.14519.5.2.1.6279.6001.479402560265137632920333093071.png,outputs/luna16_saliency_synthetic_detector_top5/1.3.6.1.4.1.14519.5.2.1.6279.6001.479402560265137632920333093071/surface_grid_float_1.3.6.1.4.1.14519.5.2.1.6279.6001.479402560265137632920333093071.npy,0.5202584531675087,0.33334997296333313,0.23303203284740448,0.9098039269447327,220.6366729736328,31.427736282348633,2.268408179283142,3.944011771678923,13.175743103027344,6.51512336730957,33,25,8,217.32049560546875,0.5005261933671104,high_review,87
detector_top5,1.3.6.1.4.1.14519.5.2.1.6279.6001.251215764736737018371915284679,outputs/luna16_saliency_synthetic_detector_top5/1.3.6.1.4.1.14519.5.2.1.6279.6001.251215764736737018371915284679/surface_1.3.6.1.4.1.14519.5.2.1.6279.6001.251215764736737018371915284679.png,outputs/luna16_saliency_synthetic_detector_top5/1.3.6.1.4.1.14519.5.2.1.6279.6001.251215764736737018371915284679/surface_grid_float_1.3.6.1.4.1.14519.5.2.1.6279.6001.251215764736737018371915284679.npy,0.657503059278864,0.2892652750015259,0.2256578952074051,0.9215686321258545,195.03648376464844,43.48744201660156,2.7640978336334223,4.336969728469825,6.993454933166504,20.32048225402832,33,25,8,193.70452880859375,0.5003265253596829,high_review,88
detector_top5,1.3.6.1.4.1.14519.5.2.1.6279.6001.463588161905537526756964393219,outputs/luna16_saliency_synthetic_detector_top5/1.3.6.1.4.1.14519.5.2.1.6279.6001.463588161905537526756964393219/surface_1.3.6.1.4.1.14519.5.2.1.6279.6001.463588161905537526756964393219.png,outputs/luna16_saliency_synthetic_detector_top5/1.3.6.1.4.1.14519.5.2.1.6279.6001.463588161905537526756964393219/surface_grid_float_1.3.6.1.4.1.14519.5.2.1.6279.6001.463588161905537526756964393219.npy,0.5284156766154737,0.35547637939453125,0.2283383160829544,0.886274516582489,181.63137817382812,36.12055206298828,2.5511117577552795,5.976918840408312,20.19452667236328,7.974986553192139,33,25,8,164.93838500976562,0.49974872117572317,high_review,89
detector_top5,1.3.6.1.4.1.14519.5.2.1.6279.6001.209269973797560820442292189762,outputs/luna16_saliency_synthetic_detector_top5/1.3.6.1.4.1.14519.5.2.1.6279.6001.209269973797560820442292189762/surface_1.3.6.1.4.1.14519.5.2.1.6279.6001.209269973797560820442292189762.png,outputs/luna16_saliency_synthetic_detector_top5/1.3.6.1.4.1.14519.5.2.1.6279.6001.209269973797560820442292189762/surface_grid_float_1.3.6.1.4.1.14519.5.2.1.6279.6001.209269973797560820442292189762.npy,0.48075514229360383,0.39598771929740906,0.2201521098613739,0.9764705896377563,165.8587646484375,38.975772857666016,2.847424530982968,6.23215424537658,12.47728443145752,16.12222671508789,33,25,8,143.8214569091797,0.499223072253333,high_review,90
detector_top5,1.3.6.1.4.1.14519.5.2.1.6279.6001.430109407146633213496148200410,outputs/luna16_saliency_synthetic_detector_top5/1.3.6.1.4.1.14519.5.2.1.6279.6001.430109407146633213496148200410/surface_1.3.6.1.4.1.14519.5.2.1.6279.6001.430109407146633213496148200410.png,outputs/luna16_saliency_synthetic_detector_top5/1.3.6.1.4.1.14519.5.2.1.6279.6001.430109407146633213496148200410/surface_grid_float_1.3.6.1.4.1.14519.5.2.1.6279.6001.430109407146633213496148200410.npy,0.5779985283296541,0.3096744418144226,0.2271966189146042,0.9529411792755127,202.43624877929688,35.99287796020508,2.7660144209861746,4.701416401863101,7.148913860321045,9.134401321411133,33,25,8,201.8079833984375,0.49873490962452366,high_review,91
detector_top5,1.3.6.1.4.1.14519.5.2.1.6279.6001.724562063158320418413995627171,outputs/luna16_saliency_synthetic_detector_top5/1.3.6.1.4.1.14519.5.2.1.6279.6001.724562063158320418413995627171/surface_1.3.6.1.4.1.14519.5.2.1.6279.6001.724562063158320418413995627171.png,outputs/luna16_saliency_synthetic_detector_top5/1.3.6.1.4.1.14519.5.2.1.6279.6001.724562063158320418413995627171/surface_grid_float_1.3.6.1.4.1.14519.5.2.1.6279.6001.724562063158320418413995627171.npy,0.38138171841875546,0.306230753660202,0.22975300252437592,0.8823529481887817,192.4205322265625,42.635536193847656,2.5844038844108588,5.001569471359253,7.116312026977539,12.511542320251465,33,25,8,188.31704711914062,0.498551398563385,high_review,92
detector_top5,1.3.6.1.4.1.14519.5.2.1.6279.6001.313334055029671473836954456733,outputs/luna16_saliency_synthetic_detector_top5/1.3.6.1.4.1.14519.5.2.1.6279.6001.313334055029671473836954456733/surface_1.3.6.1.4.1.14519.5.2.1.6279.6001.313334055029671473836954456733.png,outputs/luna16_saliency_synthetic_detector_top5/1.3.6.1.4.1.14519.5.2.1.6279.6001.313334055029671473836954456733/surface_grid_float_1.3.6.1.4.1.14519.5.2.1.6279.6001.313334055029671473836954456733.npy,0.6741668272009247,0.36608657240867615,0.2391858845949173,0.9764705896377563,183.33349609375,29.66777801513672,2.299427008628844,5.555114650726314,7.581313610076904,10.777168273925781,33,25,8,179.2239227294922,0.49615852917565223,high_review,93
detector_top5,1.3.6.1.4.1.14519.5.2.1.6279.6001.877026508860018521147620598474,outputs/luna16_saliency_synthetic_detector_top5/1.3.6.1.4.1.14519.5.2.1.6279.6001.877026508860018521147620598474/surface_1.3.6.1.4.1.14519.5.2.1.6279.6001.877026508860018521147620598474.png,outputs/luna16_saliency_synthetic_detector_top5/1.3.6.1.4.1.14519.5.2.1.6279.6001.877026508860018521147620598474/surface_grid_float_1.3.6.1.4.1.14519.5.2.1.6279.6001.877026508860018521147620598474.npy,0.5611316113161131,0.36088693141937256,0.26868578791618347,0.9960784316062927,182.1051788330078,32.61222457885742,2.928735685348507,5.021970005035398,8.18628978729248,18.52328872680664,33,25,8,181.04815673828125,0.49533059537675633,high_review,94
detector_top5,1.3.6.1.4.1.14519.5.2.1.6279.6001.328695385904874796172316226975,outputs/luna16_saliency_synthetic_detector_top5/1.3.6.1.4.1.14519.5.2.1.6279.6001.328695385904874796172316226975/surface_1.3.6.1.4.1.14519.5.2.1.6279.6001.328695385904874796172316226975.png,outputs/luna16_saliency_synthetic_detector_top5/1.3.6.1.4.1.14519.5.2.1.6279.6001.328695385904874796172316226975/surface_grid_float_1.3.6.1.4.1.14519.5.2.1.6279.6001.328695385904874796172316226975.npy,0.5738404452690167,0.3489314317703247,0.227868914604187,0.8705882430076599,202.74365234375,40.83357238769531,2.4815491795539844,3.318066499233245,5.747199535369873,25.96225929260254,33,25,8,200.01046752929688,0.4951419917556974,high_review,95
detector_top5,1.3.6.1.4.1.14519.5.2.1.6279.6001.270152671889301412052226973069,outputs/luna16_saliency_synthetic_detector_top5/1.3.6.1.4.1.14519.5.2.1.6279.6001.270152671889301412052226973069/surface_1.3.6.1.4.1.14519.5.2.1.6279.6001.270152671889301412052226973069.png,outputs/luna16_saliency_synthetic_detector_top5/1.3.6.1.4.1.14519.5.2.1.6279.6001.270152671889301412052226973069/surface_grid_float_1.3.6.1.4.1.14519.5.2.1.6279.6001.270152671889301412052226973069.npy,0.6412407195888064,0.32576364278793335,0.2303001880645752,0.8666666746139526,185.39303588867188,29.05316734313965,3.1831022381782508,5.497885699272162,7.961855888366699,8.927793502807617,33,25,8,183.86790466308594,0.49376450524330157,high_review,96
detector_top5,1.3.6.1.4.1.14519.5.2.1.6279.6001.336198008634390022174744544656,outputs/luna16_saliency_synthetic_detector_top5/1.3.6.1.4.1.14519.5.2.1.6279.6001.336198008634390022174744544656/surface_1.3.6.1.4.1.14519.5.2.1.6279.6001.336198008634390022174744544656.png,outputs/luna16_saliency_synthetic_detector_top5/1.3.6.1.4.1.14519.5.2.1.6279.6001.336198008634390022174744544656/surface_grid_float_1.3.6.1.4.1.14519.5.2.1.6279.6001.336198008634390022174744544656.npy,0.6297530864197531,0.34179919958114624,0.2212008684873581,0.9333333373069763,204.66015625,29.564533233642578,2.3891690254211415,4.676470518112185,6.766171932220459,5.387702465057373,33,25,8,202.51205444335938,0.49336704810460413,high_review,97
detector_top5,1.3.6.1.4.1.14519.5.2.1.6279.6001.108197895896446896160048741492,outputs/luna16_saliency_synthetic_detector_top5/1.3.6.1.4.1.14519.5.2.1.6279.6001.108197895896446896160048741492/surface_1.3.6.1.4.1.14519.5.2.1.6279.6001.108197895896446896160048741492.png,outputs/luna16_saliency_synthetic_detector_top5/1.3.6.1.4.1.14519.5.2.1.6279.6001.108197895896446896160048741492/surface_grid_float_1.3.6.1.4.1.14519.5.2.1.6279.6001.108197895896446896160048741492.npy,0.7043835793835794,0.37911856174468994,0.23090927302837372,1.0,230.755615234375,52.1287956237793,2.2541261315345764,2.497557818889618,2.5968613624572754,14.584722518920898,33,25,8,230.36856079101562,0.49192992111047107,high_review,98
detector_top5,1.3.6.1.4.1.14519.5.2.1.6279.6001.168037818448885856452592057286,outputs/luna16_saliency_synthetic_detector_top5/1.3.6.1.4.1.14519.5.2.1.6279.6001.168037818448885856452592057286/surface_1.3.6.1.4.1.14519.5.2.1.6279.6001.168037818448885856452592057286.png,outputs/luna16_saliency_synthetic_detector_top5/1.3.6.1.4.1.14519.5.2.1.6279.6001.168037818448885856452592057286/surface_grid_float_1.3.6.1.4.1.14519.5.2.1.6279.6001.168037818448885856452592057286.npy,0.4774285714285714,0.30062857270240784,0.22869029641151428,0.9333333373069763,197.73719787597656,38.87154769897461,2.1175591588020346,4.492899999618521,12.538619041442871,12.399006843566895,33,25,8,170.396484375,0.49190234498977636,high_review,99
detector_top5,1.3.6.1.4.1.14519.5.2.1.6279.6001.339039410276356623209709113755,outputs/luna16_saliency_synthetic_detector_top5/1.3.6.1.4.1.14519.5.2.1.6279.6001.339039410276356623209709113755/surface_1.3.6.1.4.1.14519.5.2.1.6279.6001.339039410276356623209709113755.png,outputs/luna16_saliency_synthetic_detector_top5/1.3.6.1.4.1.14519.5.2.1.6279.6001.339039410276356623209709113755/surface_grid_float_1.3.6.1.4.1.14519.5.2.1.6279.6001.339039410276356623209709113755.npy,0.5541644562334217,0.3662378191947937,0.2436966449022293,0.9921568632125854,201.2646484375,38.71329116821289,2.258732557296752,3.2034086298942595,14.7788724899292,26.937091827392578,33,25,8,200.75347900390625,0.4914035436868668,high_review,100
detector_top5,1.3.6.1.4.1.14519.5.2.1.6279.6001.275986221854423197884953496664,outputs/luna16_saliency_synthetic_detector_top5/1.3.6.1.4.1.14519.5.2.1.6279.6001.275986221854423197884953496664/surface_1.3.6.1.4.1.14519.5.2.1.6279.6001.275986221854423197884953496664.png,outputs/luna16_saliency_synthetic_detector_top5/1.3.6.1.4.1.14519.5.2.1.6279.6001.275986221854423197884953496664/surface_grid_float_1.3.6.1.4.1.14519.5.2.1.6279.6001.275986221854423197884953496664.npy,0.513214990138067,0.43732789158821106,0.2672194242477417,1.0,196.39906311035156,37.435394287109375,2.884949684143065,3.8833309268951397,4.848596096038818,20.995725631713867,33,25,8,191.99264526367188,0.49048886772791533,high_review,101
detector_top5,1.3.6.1.4.1.14519.5.2.1.6279.6001.465032801496479029639448332481,outputs/luna16_saliency_synthetic_detector_top5/1.3.6.1.4.1.14519.5.2.1.6279.6001.465032801496479029639448332481/surface_1.3.6.1.4.1.14519.5.2.1.6279.6001.465032801496479029639448332481.png,outputs/luna16_saliency_synthetic_detector_top5/1.3.6.1.4.1.14519.5.2.1.6279.6001.465032801496479029639448332481/surface_grid_float_1.3.6.1.4.1.14519.5.2.1.6279.6001.465032801496479029639448332481.npy,0.6774087740877409,0.3960202932357788,0.23351331055164337,0.9686274528503418,192.64137268066406,33.954254150390625,2.13313841819763,3.9360066294670095,5.184043884277344,22.66407585144043,33,25,8,189.92413330078125,0.4895137663549846,high_review,102
detector_top5,1.3.6.1.4.1.14519.5.2.1.6279.6001.249530219848512542668813996730,outputs/luna16_saliency_synthetic_detector_top5/1.3.6.1.4.1.14519.5.2.1.6279.6001.249530219848512542668813996730/surface_1.3.6.1.4.1.14519.5.2.1.6279.6001.249530219848512542668813996730.png,outputs/luna16_saliency_synthetic_detector_top5/1.3.6.1.4.1.14519.5.2.1.6279.6001.249530219848512542668813996730/surface_grid_float_1.3.6.1.4.1.14519.5.2.1.6279.6001.249530219848512542668813996730.npy,0.5607545978372405,0.32730045914649963,0.2346091866493225,0.9803921580314636,203.2579345703125,45.950645446777344,1.879454731941223,3.2039886951446532,4.045952320098877,24.435089111328125,33,25,8,202.74472045898438,0.48918308316336734,high_review,103
detector_top5,1.3.6.1.4.1.14519.5.2.1.6279.6001.130438550890816550994739120843,outputs/luna16_saliency_synthetic_detector_top5/1.3.6.1.4.1.14519.5.2.1.6279.6001.130438550890816550994739120843/surface_1.3.6.1.4.1.14519.5.2.1.6279.6001.130438550890816550994739120843.png,outputs/luna16_saliency_synthetic_detector_top5/1.3.6.1.4.1.14519.5.2.1.6279.6001.130438550890816550994739120843/surface_grid_float_1.3.6.1.4.1.14519.5.2.1.6279.6001.130438550890816550994739120843.npy,0.5940746204437888,0.3486453890800476,0.22874101996421814,0.9372549057006836,193.2708282470703,41.6746940612793,2.3152956008911127,4.3015443611145034,21.4537353515625,16.958688735961914,33,25,8,178.44601440429688,0.4888503528806899,high_review,104
detector_top5,1.3.6.1.4.1.14519.5.2.1.6279.6001.262736997975960398949912434623,outputs/luna16_saliency_synthetic_detector_top5/1.3.6.1.4.1.14519.5.2.1.6279.6001.262736997975960398949912434623/surface_1.3.6.1.4.1.14519.5.2.1.6279.6001.262736997975960398949912434623.png,outputs/luna16_saliency_synthetic_detector_top5/1.3.6.1.4.1.14519.5.2.1.6279.6001.262736997975960398949912434623/surface_grid_float_1.3.6.1.4.1.14519.5.2.1.6279.6001.262736997975960398949912434623.npy,0.5446756425948592,0.34907442331314087,0.2388177514076233,0.9254902005195618,186.2683563232422,34.80474090576172,2.7125024795532227,4.043535575866694,5.977757453918457,25.660173416137695,33,25,8,175.49472045898438,0.4887759354061548,high_review,105
detector_top5,1.3.6.1.4.1.14519.5.2.1.6279.6001.943403138251347598519939390311,outputs/luna16_saliency_synthetic_detector_top5/1.3.6.1.4.1.14519.5.2.1.6279.6001.943403138251347598519939390311/surface_1.3.6.1.4.1.14519.5.2.1.6279.6001.943403138251347598519939390311.png,outputs/luna16_saliency_synthetic_detector_top5/1.3.6.1.4.1.14519.5.2.1.6279.6001.943403138251347598519939390311/surface_grid_float_1.3.6.1.4.1.14519.5.2.1.6279.6001.943403138251347598519939390311.npy,0.3441986467254251,0.4809354543685913,0.20311573147773743,1.0,188.31777954101562,36.2517204284668,2.232782745361327,4.619901909828194,25.95212745666504,14.5684232711792,33,25,8,139.2689666748047,0.4881493561465351,high_review,106
detector_top5,1.3.6.1.4.1.14519.5.2.1.6279.6001.212346425055214308006918165305,outputs/luna16_saliency_synthetic_detector_top5/1.3.6.1.4.1.14519.5.2.1.6279.6001.212346425055214308006918165305/surface_1.3.6.1.4.1.14519.5.2.1.6279.6001.212346425055214308006918165305.png,outputs/luna16_saliency_synthetic_detector_top5/1.3.6.1.4.1.14519.5.2.1.6279.6001.212346425055214308006918165305/surface_grid_float_1.3.6.1.4.1.14519.5.2.1.6279.6001.212346425055214308006918165305.npy,0.6378339350180505,0.37797725200653076,0.23312847316265106,1.0,197.73944091796875,41.18008804321289,3.0600430011749267,4.219026188850404,5.032922267913818,13.996829986572266,33,25,8,196.99917602539062,0.48724058716562063,high_review,107
detector_top5,1.3.6.1.4.1.14519.5.2.1.6279.6001.146987333806092287055399155268,outputs/luna16_saliency_synthetic_detector_top5/1.3.6.1.4.1.14519.5.2.1.6279.6001.146987333806092287055399155268/surface_1.3.6.1.4.1.14519.5.2.1.6279.6001.146987333806092287055399155268.png,outputs/luna16_saliency_synthetic_detector_top5/1.3.6.1.4.1.14519.5.2.1.6279.6001.146987333806092287055399155268/surface_grid_float_1.3.6.1.4.1.14519.5.2.1.6279.6001.146987333806092287055399155268.npy,0.6176102681242182,0.31909745931625366,0.2447252720594406,1.0,196.95196533203125,41.372650146484375,3.0590024232864352,4.4568685197830185,21.258464813232422,11.077996253967285,33,25,8,180.03717041015625,0.4865771006001366,high_review,108
detector_top5,1.3.6.1.4.1.14519.5.2.1.6279.6001.450501966058662668272378865145,outputs/luna16_saliency_synthetic_detector_top5/1.3.6.1.4.1.14519.5.2.1.6279.6001.450501966058662668272378865145/surface_1.3.6.1.4.1.14519.5.2.1.6279.6001.450501966058662668272378865145.png,outputs/luna16_saliency_synthetic_detector_top5/1.3.6.1.4.1.14519.5.2.1.6279.6001.450501966058662668272378865145/surface_grid_float_1.3.6.1.4.1.14519.5.2.1.6279.6001.450501966058662668272378865145.npy,0.5286920779679523,0.3412007987499237,0.23396573960781097,0.9490196108818054,200.24420166015625,44.51637649536133,2.247664415836334,2.886773259639741,5.11052131652832,29.260639190673828,33,25,8,196.34710693359375,0.4853671765353945,high_review,109
detector_top5,1.3.6.1.4.1.14519.5.2.1.6279.6001.323302986710576400812869264321,outputs/luna16_saliency_synthetic_detector_top5/1.3.6.1.4.1.14519.5.2.1.6279.6001.323302986710576400812869264321/surface_1.3.6.1.4.1.14519.5.2.1.6279.6001.323302986710576400812869264321.png,outputs/luna16_saliency_synthetic_detector_top5/1.3.6.1.4.1.14519.5.2.1.6279.6001.323302986710576400812869264321/surface_grid_float_1.3.6.1.4.1.14519.5.2.1.6279.6001.323302986710576400812869264321.npy,0.6702784590968114,0.33285051584243774,0.22088722884655,0.9019607901573181,189.18040466308594,24.499916076660156,2.3498442530632047,4.928607473373415,7.356239318847656,9.686371803283691,33,25,8,187.8516082763672,0.4846841693136428,high_review,110
detector_top5,1.3.6.1.4.1.14519.5.2.1.6279.6001.596908385953413160131451426904,outputs/luna16_saliency_synthetic_detector_top5/1.3.6.1.4.1.14519.5.2.1.6279.6001.596908385953413160131451426904/surface_1.3.6.1.4.1.14519.5.2.1.6279.6001.596908385953413160131451426904.png,outputs/luna16_saliency_synthetic_detector_top5/1.3.6.1.4.1.14519.5.2.1.6279.6001.596908385953413160131451426904/surface_grid_float_1.3.6.1.4.1.14519.5.2.1.6279.6001.596908385953413160131451426904.npy,0.5503048780487805,0.33868223428726196,0.24230259656906128,1.0,197.47401428222656,41.238216400146484,2.445638358592987,3.2834834098815797,5.647349834442139,24.995853424072266,33,25,8,196.6940155029297,0.4831742003758745,high_review,111
detector_top5,1.3.6.1.4.1.14519.5.2.1.6279.6001.213854687290736562463866711534,outputs/luna16_saliency_synthetic_detector_top5/1.3.6.1.4.1.14519.5.2.1.6279.6001.213854687290736562463866711534/surface_1.3.6.1.4.1.14519.5.2.1.6279.6001.213854687290736562463866711534.png,outputs/luna16_saliency_synthetic_detector_top5/1.3.6.1.4.1.14519.5.2.1.6279.6001.213854687290736562463866711534/surface_grid_float_1.3.6.1.4.1.14519.5.2.1.6279.6001.213854687290736562463866711534.npy,0.33929961089494165,0.30880290269851685,0.22962310910224915,0.9019607901573181,199.19691467285156,44.85298156738281,2.5130958557128906,3.403952488899231,7.9457244873046875,19.17560386657715,33,25,8,197.48037719726562,0.4828403935519343,high_review,112
detector_top5,1.3.6.1.4.1.14519.5.2.1.6279.6001.324567010179873305471925391582,outputs/luna16_saliency_synthetic_detector_top5/1.3.6.1.4.1.14519.5.2.1.6279.6001.324567010179873305471925391582/surface_1.3.6.1.4.1.14519.5.2.1.6279.6001.324567010179873305471925391582.png,outputs/luna16_saliency_synthetic_detector_top5/1.3.6.1.4.1.14519.5.2.1.6279.6001.324567010179873305471925391582/surface_grid_float_1.3.6.1.4.1.14519.5.2.1.6279.6001.324567010179873305471925391582.npy,0.5314706909051852,0.34143444895744324,0.2321777194738388,0.9065098094940037,202.76315307617188,47.510215759277344,1.8980261623859405,3.2535826110839885,4.617675304412842,20.67896270751953,33,25,8,200.45486450195312,0.48149931725396056,high_review,113
detector_top5,1.3.6.1.4.1.14519.5.2.1.6279.6001.160586340600816116143631200450,outputs/luna16_saliency_synthetic_detector_top5/1.3.6.1.4.1.14519.5.2.1.6279.6001.160586340600816116143631200450/surface_1.3.6.1.4.1.14519.5.2.1.6279.6001.160586340600816116143631200450.png,outputs/luna16_saliency_synthetic_detector_top5/1.3.6.1.4.1.14519.5.2.1.6279.6001.160586340600816116143631200450/surface_grid_float_1.3.6.1.4.1.14519.5.2.1.6279.6001.160586340600816116143631200450.npy,0.6014308835430001,0.3346027135848999,0.2544700801372528,1.0,169.17465209960938,38.510501861572266,2.7048406720161413,5.739512171745301,21.149194717407227,12.306124687194824,33,25,8,166.95672607421875,0.4814900624010298,high_review,114
detector_top5,1.3.6.1.4.1.14519.5.2.1.6279.6001.119304665257760307862874140576,outputs/luna16_saliency_synthetic_detector_top5/1.3.6.1.4.1.14519.5.2.1.6279.6001.119304665257760307862874140576/surface_1.3.6.1.4.1.14519.5.2.1.6279.6001.119304665257760307862874140576.png,outputs/luna16_saliency_synthetic_detector_top5/1.3.6.1.4.1.14519.5.2.1.6279.6001.119304665257760307862874140576/surface_grid_float_1.3.6.1.4.1.14519.5.2.1.6279.6001.119304665257760307862874140576.npy,0.6619239042279347,0.31784331798553467,0.2494271844625473,0.9960784316062927,192.2817840576172,32.743614196777344,2.6997830748558034,3.3512367749214174,6.687626838684082,26.992660522460938,33,25,8,192.00042724609375,0.4809904333935844,high_review,115
detector_top5,1.3.6.1.4.1.14519.5.2.1.6279.6001.179209990684978588019929720099,outputs/luna16_saliency_synthetic_detector_top5/1.3.6.1.4.1.14519.5.2.1.6279.6001.179209990684978588019929720099/surface_1.3.6.1.4.1.14519.5.2.1.6279.6001.179209990684978588019929720099.png,outputs/luna16_saliency_synthetic_detector_top5/1.3.6.1.4.1.14519.5.2.1.6279.6001.179209990684978588019929720099/surface_grid_float_1.3.6.1.4.1.14519.5.2.1.6279.6001.179209990684978588019929720099.npy,0.6191693720668136,0.34754514694213867,0.24559134244918823,1.0,189.44131469726562,31.29909896850586,2.1840194702148437,3.672782754898071,17.565509796142578,24.74233055114746,33,25,8,188.14193725585938,0.4809019639227125,high_review,116
detector_top5,1.3.6.1.4.1.14519.5.2.1.6279.6001.259227883564429312164962953756,outputs/luna16_saliency_synthetic_detector_top5/1.3.6.1.4.1.14519.5.2.1.6279.6001.259227883564429312164962953756/surface_1.3.6.1.4.1.14519.5.2.1.6279.6001.259227883564429312164962953756.png,outputs/luna16_saliency_synthetic_detector_top5/1.3.6.1.4.1.14519.5.2.1.6279.6001.259227883564429312164962953756/surface_grid_float_1.3.6.1.4.1.14519.5.2.1.6279.6001.259227883564429312164962953756.npy,0.5773721621674838,0.3680260479450226,0.23504555225372314,0.9254902005195618,185.69393920898438,34.65964889526367,2.357682466506958,4.257878684997555,14.124188423156738,19.366865158081055,33,25,8,183.8404083251953,0.48026373736063627,high_review,117
detector_top5,1.3.6.1.4.1.14519.5.2.1.6279.6001.116492508532884962903000261147,outputs/luna16_saliency_synthetic_detector_top5/1.3.6.1.4.1.14519.5.2.1.6279.6001.116492508532884962903000261147/surface_1.3.6.1.4.1.14519.5.2.1.6279.6001.116492508532884962903000261147.png,outputs/luna16_saliency_synthetic_detector_top5/1.3.6.1.4.1.14519.5.2.1.6279.6001.116492508532884962903000261147/surface_grid_float_1.3.6.1.4.1.14519.5.2.1.6279.6001.116492508532884962903000261147.npy,0.5591244204605913,0.319648802280426,0.23074209690093994,0.95686274766922,181.00881958007812,24.98453712463379,2.3150994300842274,4.961089382171628,16.007814407348633,12.306074142456055,33,25,8,173.8679656982422,0.47786087885962586,high_review,118
detector_top5,1.3.6.1.4.1.14519.5.2.1.6279.6001.239358021703233250639913775427,outputs/luna16_saliency_synthetic_detector_top5/1.3.6.1.4.1.14519.5.2.1.6279.6001.239358021703233250639913775427/surface_1.3.6.1.4.1.14519.5.2.1.6279.6001.239358021703233250639913775427.png,outputs/luna16_saliency_synthetic_detector_top5/1.3.6.1.4.1.14519.5.2.1.6279.6001.239358021703233250639913775427/surface_grid_float_1.3.6.1.4.1.14519.5.2.1.6279.6001.239358021703233250639913775427.npy,0.3590941768511862,0.3460429310798645,0.23366041481494904,0.9372549057006836,196.53634643554688,45.81586837768555,2.332636392116544,2.8955174279212956,3.303652763366699,28.532337188720703,33,25,8,195.318359375,0.4778312939829297,high_review,119
detector_top5,1.3.6.1.4.1.14519.5.2.1.6279.6001.805925269324902055566754756843,outputs/luna16_saliency_synthetic_detector_top5/1.3.6.1.4.1.14519.5.2.1.6279.6001.805925269324902055566754756843/surface_1.3.6.1.4.1.14519.5.2.1.6279.6001.805925269324902055566754756843.png,outputs/luna16_saliency_synthetic_detector_top5/1.3.6.1.4.1.14519.5.2.1.6279.6001.805925269324902055566754756843/surface_grid_float_1.3.6.1.4.1.14519.5.2.1.6279.6001.805925269324902055566754756843.npy,0.5804663096831771,0.31663578748703003,0.22630560398101807,0.9333333373069763,185.2919464111328,33.84585952758789,1.4176472127437592,4.809723043441775,31.494840621948242,10.486385345458984,33,25,8,150.47412109375,0.476414680533939,high_review,120
detector_top5,1.3.6.1.4.1.14519.5.2.1.6279.6001.235364978775280910367690540811,outputs/luna16_saliency_synthetic_detector_top5/1.3.6.1.4.1.14519.5.2.1.6279.6001.235364978775280910367690540811/surface_1.3.6.1.4.1.14519.5.2.1.6279.6001.235364978775280910367690540811.png,outputs/luna16_saliency_synthetic_detector_top5/1.3.6.1.4.1.14519.5.2.1.6279.6001.235364978775280910367690540811/surface_grid_float_1.3.6.1.4.1.14519.5.2.1.6279.6001.235364978775280910367690540811.npy,0.6297676373920355,0.32561802864074707,0.24005313217639923,0.9215686321258545,163.65994262695312,38.43548583984375,2.683832359313962,5.206966099739078,7.883397102355957,21.249528884887695,33,25,8,157.28244018554688,0.47619672933684465,high_review,121
detector_top5,1.3.6.1.4.1.14519.5.2.1.6279.6001.888291896309937415860209787179,outputs/luna16_saliency_synthetic_detector_top5/1.3.6.1.4.1.14519.5.2.1.6279.6001.888291896309937415860209787179/surface_1.3.6.1.4.1.14519.5.2.1.6279.6001.888291896309937415860209787179.png,outputs/luna16_saliency_synthetic_detector_top5/1.3.6.1.4.1.14519.5.2.1.6279.6001.888291896309937415860209787179/surface_grid_float_1.3.6.1.4.1.14519.5.2.1.6279.6001.888291896309937415860209787179.npy,0.6360142100052414,0.34193673729896545,0.23917530477046967,1.0,186.90707397460938,35.27729797363281,2.1529818058013914,4.37799446582793,61.22165298461914,14.84211540222168,33,25,8,136.95492553710938,0.4758341026041239,high_review,122
detector_top5,1.3.6.1.4.1.14519.5.2.1.6279.6001.397522780537301776672854630421,outputs/luna16_saliency_synthetic_detector_top5/1.3.6.1.4.1.14519.5.2.1.6279.6001.397522780537301776672854630421/surface_1.3.6.1.4.1.14519.5.2.1.6279.6001.397522780537301776672854630421.png,outputs/luna16_saliency_synthetic_detector_top5/1.3.6.1.4.1.14519.5.2.1.6279.6001.397522780537301776672854630421/surface_grid_float_1.3.6.1.4.1.14519.5.2.1.6279.6001.397522780537301776672854630421.npy,0.35878435725011426,0.34110942482948303,0.240131214261055,0.9144705933332392,205.982421875,48.40156555175781,2.145013070106506,2.2775014472007755,3.720895767211914,28.383180618286133,33,25,8,204.70977783203125,0.47470281458165914,high_review,123
detector_top5,1.3.6.1.4.1.14519.5.2.1.6279.6001.194766721609772924944646251928,outputs/luna16_saliency_synthetic_detector_top5/1.3.6.1.4.1.14519.5.2.1.6279.6001.194766721609772924944646251928/surface_1.3.6.1.4.1.14519.5.2.1.6279.6001.194766721609772924944646251928.png,outputs/luna16_saliency_synthetic_detector_top5/1.3.6.1.4.1.14519.5.2.1.6279.6001.194766721609772924944646251928/surface_grid_float_1.3.6.1.4.1.14519.5.2.1.6279.6001.194766721609772924944646251928.npy,0.4185956591225447,0.37603822350502014,0.22703492641448975,1.0,187.43075561523438,36.252986907958984,2.0786079168319698,3.4522470259666473,5.046422004699707,25.863920211791992,33,25,8,186.01300048828125,0.4734273817194833,high_review,124
detector_top5,1.3.6.1.4.1.14519.5.2.1.6279.6001.294188507421106424248264912111,outputs/luna16_saliency_synthetic_detector_top5/1.3.6.1.4.1.14519.5.2.1.6279.6001.294188507421106424248264912111/surface_1.3.6.1.4.1.14519.5.2.1.6279.6001.294188507421106424248264912111.png,outputs/luna16_saliency_synthetic_detector_top5/1.3.6.1.4.1.14519.5.2.1.6279.6001.294188507421106424248264912111/surface_grid_float_1.3.6.1.4.1.14519.5.2.1.6279.6001.294188507421106424248264912111.npy,0.6171030591554263,0.3711596131324768,0.2442193329334259,1.0,202.58570861816406,50.75585174560547,2.49220609664917,2.690058193206787,2.845870018005371,24.29007339477539,33,25,8,202.14096069335938,0.4723225343704223,high_review,125
detector_top5,1.3.6.1.4.1.14519.5.2.1.6279.6001.458525794434429386945463560826,outputs/luna16_saliency_synthetic_detector_top5/1.3.6.1.4.1.14519.5.2.1.6279.6001.458525794434429386945463560826/surface_1.3.6.1.4.1.14519.5.2.1.6279.6001.458525794434429386945463560826.png,outputs/luna16_saliency_synthetic_detector_top5/1.3.6.1.4.1.14519.5.2.1.6279.6001.458525794434429386945463560826/surface_grid_float_1.3.6.1.4.1.14519.5.2.1.6279.6001.458525794434429386945463560826.npy,0.6142890653798465,0.31059321761131287,0.21217575669288635,0.8745098114013672,207.22476196289062,49.44267272949219,1.7366310238838196,2.5452882623672477,3.911120653152466,22.358015060424805,33,25,8,207.0817413330078,0.4714177290545569,high_review,126
detector_top5,1.3.6.1.4.1.14519.5.2.1.6279.6001.134370886216012873213579659366,outputs/luna16_saliency_synthetic_detector_top5/1.3.6.1.4.1.14519.5.2.1.6279.6001.134370886216012873213579659366/surface_1.3.6.1.4.1.14519.5.2.1.6279.6001.134370886216012873213579659366.png,outputs/luna16_saliency_synthetic_detector_top5/1.3.6.1.4.1.14519.5.2.1.6279.6001.134370886216012873213579659366/surface_grid_float_1.3.6.1.4.1.14519.5.2.1.6279.6001.134370886216012873213579659366.npy,0.6465037593984962,0.3332551121711731,0.24440692365169525,0.9176470637321472,169.65728759765625,32.41854476928711,2.2987947344779966,4.51582901954652,5.925632953643799,23.654499053955078,33,25,8,168.3800811767578,0.47080257003572284,high_review,127
detector_top5,1.3.6.1.4.1.14519.5.2.1.6279.6001.225154811831720426832024114593,outputs/luna16_saliency_synthetic_detector_top5/1.3.6.1.4.1.14519.5.2.1.6279.6001.225154811831720426832024114593/surface_1.3.6.1.4.1.14519.5.2.1.6279.6001.225154811831720426832024114593.png,outputs/luna16_saliency_synthetic_detector_top5/1.3.6.1.4.1.14519.5.2.1.6279.6001.225154811831720426832024114593/surface_grid_float_1.3.6.1.4.1.14519.5.2.1.6279.6001.225154811831720426832024114593.npy,0.6032794074651593,0.34434211254119873,0.22630400955677032,1.0,196.70394897460938,38.4300651550293,2.2682437896728516,3.6238641715049744,4.149716377258301,14.547404289245605,33,25,8,195.55960083007812,0.46888340519004396,high_review,128
detector_top5,1.3.6.1.4.1.14519.5.2.1.6279.6001.161633200801003804714818844696,outputs/luna16_saliency_synthetic_detector_top5/1.3.6.1.4.1.14519.5.2.1.6279.6001.161633200801003804714818844696/surface_1.3.6.1.4.1.14519.5.2.1.6279.6001.161633200801003804714818844696.png,outputs/luna16_saliency_synthetic_detector_top5/1.3.6.1.4.1.14519.5.2.1.6279.6001.161633200801003804714818844696/surface_grid_float_1.3.6.1.4.1.14519.5.2.1.6279.6001.161633200801003804714818844696.npy,0.4823185535394838,0.32460349798202515,0.22736938297748566,1.0,194.1101531982422,38.24868392944336,2.3712094187736508,2.688687038421631,11.5926513671875,28.845394134521484,33,25,8,193.02490234375,0.46827840900421147,high_review,129
detector_top5,1.3.6.1.4.1.14519.5.2.1.6279.6001.144883090372691745980459537053,outputs/luna16_saliency_synthetic_detector_top5/1.3.6.1.4.1.14519.5.2.1.6279.6001.144883090372691745980459537053/surface_1.3.6.1.4.1.14519.5.2.1.6279.6001.144883090372691745980459537053.png,outputs/luna16_saliency_synthetic_detector_top5/1.3.6.1.4.1.14519.5.2.1.6279.6001.144883090372691745980459537053/surface_grid_float_1.3.6.1.4.1.14519.5.2.1.6279.6001.144883090372691745980459537053.npy,0.3794329827400216,0.4051394462585449,0.2253035455942154,0.9329411804676113,176.5082550048828,39.711448669433594,2.2564969897270197,4.382876963615417,31.8988037109375,18.7211856842041,33,25,8,135.43609619140625,0.46726936877038744,high_review,130
detector_top5,1.3.6.1.4.1.14519.5.2.1.6279.6001.692598144815688523679745963696,outputs/luna16_saliency_synthetic_detector_top5/1.3.6.1.4.1.14519.5.2.1.6279.6001.692598144815688523679745963696/surface_1.3.6.1.4.1.14519.5.2.1.6279.6001.692598144815688523679745963696.png,outputs/luna16_saliency_synthetic_detector_top5/1.3.6.1.4.1.14519.5.2.1.6279.6001.692598144815688523679745963696/surface_grid_float_1.3.6.1.4.1.14519.5.2.1.6279.6001.692598144815688523679745963696.npy,0.6563220046082949,0.3023845851421356,0.23160097002983093,0.9254902005195618,174.291748046875,24.798839569091797,1.7787582516670228,5.199664778709418,21.727359771728516,9.119057655334473,33,25,8,170.1119842529297,0.46674076267348413,high_review,131
detector_top5,1.3.6.1.4.1.14519.5.2.1.6279.6001.174907798609768549012640380786,outputs/luna16_saliency_synthetic_detector_top5/1.3.6.1.4.1.14519.5.2.1.6279.6001.174907798609768549012640380786/surface_1.3.6.1.4.1.14519.5.2.1.6279.6001.174907798609768549012640380786.png,outputs/luna16_saliency_synthetic_detector_top5/1.3.6.1.4.1.14519.5.2.1.6279.6001.174907798609768549012640380786/surface_grid_float_1.3.6.1.4.1.14519.5.2.1.6279.6001.174907798609768549012640380786.npy,0.648414376321353,0.3434915542602539,0.24105069041252136,0.9490196108818054,166.9608917236328,30.208253860473633,2.1998797297477712,5.183128423690789,23.5794677734375,14.83790111541748,33,25,8,116.4111557006836,0.46673511917326166,high_review,132
detector_top5,1.3.6.1.4.1.14519.5.2.1.6279.6001.558286136379689377915919180358,outputs/luna16_saliency_synthetic_detector_top5/1.3.6.1.4.1.14519.5.2.1.6279.6001.558286136379689377915919180358/surface_1.3.6.1.4.1.14519.5.2.1.6279.6001.558286136379689377915919180358.png,outputs/luna16_saliency_synthetic_detector_top5/1.3.6.1.4.1.14519.5.2.1.6279.6001.558286136379689377915919180358/surface_grid_float_1.3.6.1.4.1.14519.5.2.1.6279.6001.558286136379689377915919180358.npy,0.5795150123508332,0.34004372358322144,0.24255259335041046,1.0,184.34938049316406,26.991220474243164,3.293082892894745,4.352692151069643,4.787147045135498,12.946414947509766,33,25,8,182.07965087890625,0.46659954301516215,high_review,133
detector_top5,1.3.6.1.4.1.14519.5.2.1.6279.6001.204303454658845815034433453512,outputs/luna16_saliency_synthetic_detector_top5/1.3.6.1.4.1.14519.5.2.1.6279.6001.204303454658845815034433453512/surface_1.3.6.1.4.1.14519.5.2.1.6279.6001.204303454658845815034433453512.png,outputs/luna16_saliency_synthetic_detector_top5/1.3.6.1.4.1.14519.5.2.1.6279.6001.204303454658845815034433453512/surface_grid_float_1.3.6.1.4.1.14519.5.2.1.6279.6001.204303454658845815034433453512.npy,0.6556599428939854,0.2952967584133148,0.22877760231494904,0.9764705896377563,207.76939392089844,42.1610221862793,2.1323055624961853,2.719271218776703,3.3215219974517822,17.233322143554688,33,25,8,207.3414306640625,0.46615673119492,high_review,134
detector_top5,1.3.6.1.4.1.14519.5.2.1.6279.6001.710845873679853791427022019413,outputs/luna16_saliency_synthetic_detector_top5/1.3.6.1.4.1.14519.5.2.1.6279.6001.710845873679853791427022019413/surface_1.3.6.1.4.1.14519.5.2.1.6279.6001.710845873679853791427022019413.png,outputs/luna16_saliency_synthetic_detector_top5/1.3.6.1.4.1.14519.5.2.1.6279.6001.710845873679853791427022019413/surface_grid_float_1.3.6.1.4.1.14519.5.2.1.6279.6001.710845873679853791427022019413.npy,0.6502448197558899,0.3192243278026581,0.23987196385860443,1.0,178.72274780273438,31.494365692138672,3.00074595212936,4.7526461124420205,10.260077476501465,11.40620231628418,33,25,8,173.58682250976562,0.46579774596956053,high_review,135
detector_top5,1.3.6.1.4.1.14519.5.2.1.6279.6001.130765375502800983459674173881,outputs/luna16_saliency_synthetic_detector_top5/1.3.6.1.4.1.14519.5.2.1.6279.6001.130765375502800983459674173881/surface_1.3.6.1.4.1.14519.5.2.1.6279.6001.130765375502800983459674173881.png,outputs/luna16_saliency_synthetic_detector_top5/1.3.6.1.4.1.14519.5.2.1.6279.6001.130765375502800983459674173881/surface_grid_float_1.3.6.1.4.1.14519.5.2.1.6279.6001.130765375502800983459674173881.npy,0.6143561786085151,0.386526495218277,0.2519671320915222,0.9478431403636818,184.28585815429688,36.1915283203125,3.1317920565605157,4.238914766311643,4.7478179931640625,14.144196510314941,33,25,8,181.65374755859375,0.46574208771387726,high_review,136
detector_top5,1.3.6.1.4.1.14519.5.2.1.6279.6001.178680586845223339579041794709,outputs/luna16_saliency_synthetic_detector_top5/1.3.6.1.4.1.14519.5.2.1.6279.6001.178680586845223339579041794709/surface_1.3.6.1.4.1.14519.5.2.1.6279.6001.178680586845223339579041794709.png,outputs/luna16_saliency_synthetic_detector_top5/1.3.6.1.4.1.14519.5.2.1.6279.6001.178680586845223339579041794709/surface_grid_float_1.3.6.1.4.1.14519.5.2.1.6279.6001.178680586845223339579041794709.npy,0.47999816180694377,0.3353777527809143,0.22853265702724457,0.9333333373069763,192.23980712890625,40.766929626464844,2.3818165063858032,3.4680139183998064,4.067248821258545,18.518835067749023,33,25,8,191.43992614746094,0.4655930629173912,high_review,137
detector_top5,1.3.6.1.4.1.14519.5.2.1.6279.6001.333145094436144085379032922488,outputs/luna16_saliency_synthetic_detector_top5/1.3.6.1.4.1.14519.5.2.1.6279.6001.333145094436144085379032922488/surface_1.3.6.1.4.1.14519.5.2.1.6279.6001.333145094436144085379032922488.png,outputs/luna16_saliency_synthetic_detector_top5/1.3.6.1.4.1.14519.5.2.1.6279.6001.333145094436144085379032922488/surface_grid_float_1.3.6.1.4.1.14519.5.2.1.6279.6001.333145094436144085379032922488.npy,0.4903173283447655,0.37003931403160095,0.22109301388263702,0.9801568639278361,180.79843139648438,26.752857208251953,1.9277504384517656,4.467239308357246,6.316473960876465,13.554272651672363,33,25,8,180.279052734375,0.4654685041374632,high_review,138
detector_top5,1.3.6.1.4.1.14519.5.2.1.6279.6001.487745546557477250336016826588,outputs/luna16_saliency_synthetic_detector_top5/1.3.6.1.4.1.14519.5.2.1.6279.6001.487745546557477250336016826588/surface_1.3.6.1.4.1.14519.5.2.1.6279.6001.487745546557477250336016826588.png,outputs/luna16_saliency_synthetic_detector_top5/1.3.6.1.4.1.14519.5.2.1.6279.6001.487745546557477250336016826588/surface_grid_float_1.3.6.1.4.1.14519.5.2.1.6279.6001.487745546557477250336016826588.npy,0.4625067750677507,0.37358859181404114,0.23651845753192902,0.9176470637321472,167.54205322265625,26.52952766418457,2.2354521632194553,5.672817139625548,31.00029754638672,7.041597366333008,33,25,8,151.93685913085938,0.46506926370726687,high_review,139
detector_top5,1.3.6.1.4.1.14519.5.2.1.6279.6001.116703382344406837243058680403,outputs/luna16_saliency_synthetic_detector_top5/1.3.6.1.4.1.14519.5.2.1.6279.6001.116703382344406837243058680403/surface_1.3.6.1.4.1.14519.5.2.1.6279.6001.116703382344406837243058680403.png,outputs/luna16_saliency_synthetic_detector_top5/1.3.6.1.4.1.14519.5.2.1.6279.6001.116703382344406837243058680403/surface_grid_float_1.3.6.1.4.1.14519.5.2.1.6279.6001.116703382344406837243058680403.npy,0.6271050521251003,0.32510116696357727,0.2322007566690445,0.9764705896377563,177.46038818359375,33.47145080566406,2.318837165832519,3.924455461502078,36.43328857421875,22.647104263305664,33,25,8,133.36070251464844,0.46382787584728674,high_review,140
detector_top5,1.3.6.1.4.1.14519.5.2.1.6279.6001.202187810895588720702176009630,outputs/luna16_saliency_synthetic_detector_top5/1.3.6.1.4.1.14519.5.2.1.6279.6001.202187810895588720702176009630/surface_1.3.6.1.4.1.14519.5.2.1.6279.6001.202187810895588720702176009630.png,outputs/luna16_saliency_synthetic_detector_top5/1.3.6.1.4.1.14519.5.2.1.6279.6001.202187810895588720702176009630/surface_grid_float_1.3.6.1.4.1.14519.5.2.1.6279.6001.202187810895588720702176009630.npy,0.5766051217858447,0.3451838195323944,0.22980420291423798,1.0,177.68777465820312,40.26455307006836,1.783263462781906,4.0145692253112735,7.584671497344971,20.68924331665039,33,25,8,166.5347442626953,0.46255946411556653,high_review,141
detector_top5,1.3.6.1.4.1.14519.5.2.1.6279.6001.191301539558980174217770205256,outputs/luna16_saliency_synthetic_detector_top5/1.3.6.1.4.1.14519.5.2.1.6279.6001.191301539558980174217770205256/surface_1.3.6.1.4.1.14519.5.2.1.6279.6001.191301539558980174217770205256.png,outputs/luna16_saliency_synthetic_detector_top5/1.3.6.1.4.1.14519.5.2.1.6279.6001.191301539558980174217770205256/surface_grid_float_1.3.6.1.4.1.14519.5.2.1.6279.6001.191301539558980174217770205256.npy,0.6356818511183034,0.31600138545036316,0.22910326719284058,0.8901960849761963,189.38626098632812,30.669340133666992,2.0356509089469896,3.495499665737152,4.3108415603637695,18.852375030517578,33,25,8,188.83023071289062,0.462402925017145,high_review,142
detector_top5,1.3.6.1.4.1.14519.5.2.1.6279.6001.305887072264491016857673607285,outputs/luna16_saliency_synthetic_detector_top5/1.3.6.1.4.1.14519.5.2.1.6279.6001.305887072264491016857673607285/surface_1.3.6.1.4.1.14519.5.2.1.6279.6001.305887072264491016857673607285.png,outputs/luna16_saliency_synthetic_detector_top5/1.3.6.1.4.1.14519.5.2.1.6279.6001.305887072264491016857673607285/surface_grid_float_1.3.6.1.4.1.14519.5.2.1.6279.6001.305887072264491016857673607285.npy,0.34762339110165197,0.3310742974281311,0.23405982553958893,0.9137254953384399,181.25469970703125,44.574100494384766,1.9320015609264374,3.869266378879528,9.279306411743164,19.248027801513672,33,25,8,176.55479431152344,0.46230061488687346,high_review,143
detector_top5,1.3.6.1.4.1.14519.5.2.1.6279.6001.970428941353693253759289796610,outputs/luna16_saliency_synthetic_detector_top5/1.3.6.1.4.1.14519.5.2.1.6279.6001.970428941353693253759289796610/surface_1.3.6.1.4.1.14519.5.2.1.6279.6001.970428941353693253759289796610.png,outputs/luna16_saliency_synthetic_detector_top5/1.3.6.1.4.1.14519.5.2.1.6279.6001.970428941353693253759289796610/surface_grid_float_1.3.6.1.4.1.14519.5.2.1.6279.6001.970428941353693253759289796610.npy,0.4185384002125963,0.40926608443260193,0.2368680089712143,1.0,195.51258850097656,47.03602600097656,1.5791978478431703,2.406466712951659,2.656184434890747,28.80814552307129,33,25,8,195.1327362060547,0.4620664167192247,high_review,144
detector_top5,1.3.6.1.4.1.14519.5.2.1.6279.6001.215785045378334625097907422785,outputs/luna16_saliency_synthetic_detector_top5/1.3.6.1.4.1.14519.5.2.1.6279.6001.215785045378334625097907422785/surface_1.3.6.1.4.1.14519.5.2.1.6279.6001.215785045378334625097907422785.png,outputs/luna16_saliency_synthetic_detector_top5/1.3.6.1.4.1.14519.5.2.1.6279.6001.215785045378334625097907422785/surface_grid_float_1.3.6.1.4.1.14519.5.2.1.6279.6001.215785045378334625097907422785.npy,0.48917572727096537,0.36957380175590515,0.24976098537445068,1.0,168.02212524414062,30.241796493530273,2.219993448257446,5.018264694213868,17.256635665893555,13.098851203918457,33,25,8,147.156494140625,0.4596933744642469,high_review,145
detector_top5,1.3.6.1.4.1.14519.5.2.1.6279.6001.866845763956586959109892274084,outputs/luna16_saliency_synthetic_detector_top5/1.3.6.1.4.1.14519.5.2.1.6279.6001.866845763956586959109892274084/surface_1.3.6.1.4.1.14519.5.2.1.6279.6001.866845763956586959109892274084.png,outputs/luna16_saliency_synthetic_detector_top5/1.3.6.1.4.1.14519.5.2.1.6279.6001.866845763956586959109892274084/surface_grid_float_1.3.6.1.4.1.14519.5.2.1.6279.6001.866845763956586959109892274084.npy,0.4917138782903611,0.3996422290802002,0.2625761926174164,1.0,178.63050842285156,36.95033645629883,2.381440722942352,4.519246783256531,5.518494606018066,11.610625267028809,33,25,8,177.2449951171875,0.4590963070180681,high_review,146
detector_top5,1.3.6.1.4.1.14519.5.2.1.6279.6001.513023675145166449943177283490,outputs/luna16_saliency_synthetic_detector_top5/1.3.6.1.4.1.14519.5.2.1.6279.6001.513023675145166449943177283490/surface_1.3.6.1.4.1.14519.5.2.1.6279.6001.513023675145166449943177283490.png,outputs/luna16_saliency_synthetic_detector_top5/1.3.6.1.4.1.14519.5.2.1.6279.6001.513023675145166449943177283490/surface_grid_float_1.3.6.1.4.1.14519.5.2.1.6279.6001.513023675145166449943177283490.npy,0.5041339155749636,0.393843412399292,0.21805287897586823,0.8823529481887817,176.44729614257812,33.93533706665039,2.2868027925491323,4.236062626838676,5.578588485717773,16.795333862304688,33,25,8,170.34140014648438,0.45848366984791206,high_review,147
detector_top5,1.3.6.1.4.1.14519.5.2.1.6279.6001.232071262560365924176679652948,outputs/luna16_saliency_synthetic_detector_top5/1.3.6.1.4.1.14519.5.2.1.6279.6001.232071262560365924176679652948/surface_1.3.6.1.4.1.14519.5.2.1.6279.6001.232071262560365924176679652948.png,outputs/luna16_saliency_synthetic_detector_top5/1.3.6.1.4.1.14519.5.2.1.6279.6001.232071262560365924176679652948/surface_grid_float_1.3.6.1.4.1.14519.5.2.1.6279.6001.232071262560365924176679652948.npy,0.4175174432974011,0.4741005301475525,0.24134254455566406,1.0,174.09542846679688,28.3997859954834,2.4736683368682857,4.135336465835569,25.046836853027344,19.820737838745117,33,25,8,130.17247009277344,0.45826522550582877,high_review,148
detector_top5,1.3.6.1.4.1.14519.5.2.1.6279.6001.254929810944557499537650429296,outputs/luna16_saliency_synthetic_detector_top5/1.3.6.1.4.1.14519.5.2.1.6279.6001.254929810944557499537650429296/surface_1.3.6.1.4.1.14519.5.2.1.6279.6001.254929810944557499537650429296.png,outputs/luna16_saliency_synthetic_detector_top5/1.3.6.1.4.1.14519.5.2.1.6279.6001.254929810944557499537650429296/surface_grid_float_1.3.6.1.4.1.14519.5.2.1.6279.6001.254929810944557499537650429296.npy,0.6075153952494659,0.3273942172527313,0.2095559984445572,0.8784313797950745,176.55374145507812,32.0069694519043,2.0443574428558344,4.13104621887207,5.507972240447998,18.01191520690918,33,25,8,175.4269561767578,0.4582141005622016,high_review,149
detector_top5,1.3.6.1.4.1.14519.5.2.1.6279.6001.206539885154775002929031534291,outputs/luna16_saliency_synthetic_detector_top5/1.3.6.1.4.1.14519.5.2.1.6279.6001.206539885154775002929031534291/surface_1.3.6.1.4.1.14519.5.2.1.6279.6001.206539885154775002929031534291.png,outputs/luna16_saliency_synthetic_detector_top5/1.3.6.1.4.1.14519.5.2.1.6279.6001.206539885154775002929031534291/surface_grid_float_1.3.6.1.4.1.14519.5.2.1.6279.6001.206539885154775002929031534291.npy,0.6803115246792278,0.3186527490615845,0.22544454038143158,0.9725490212440491,194.4956512451172,39.31805419921875,2.5053229928016654,3.5197410798072806,5.299038410186768,12.765908241271973,33,25,8,192.06417846679688,0.4581203361166848,high_review,150
detector_top5,1.3.6.1.4.1.14519.5.2.1.6279.6001.334022941831199910030220864961,outputs/luna16_saliency_synthetic_detector_top5/1.3.6.1.4.1.14519.5.2.1.6279.6001.334022941831199910030220864961/surface_1.3.6.1.4.1.14519.5.2.1.6279.6001.334022941831199910030220864961.png,outputs/luna16_saliency_synthetic_detector_top5/1.3.6.1.4.1.14519.5.2.1.6279.6001.334022941831199910030220864961/surface_grid_float_1.3.6.1.4.1.14519.5.2.1.6279.6001.334022941831199910030220864961.npy,0.6301767676767677,0.3044659197330475,0.21609027683734894,0.8470588326454163,208.56881713867188,46.0463981628418,1.8668885171413423,2.1564384913444523,2.274700164794922,20.313922882080078,33,25,8,208.2678985595703,0.45744990082052017,high_review,151
detector_top5,1.3.6.1.4.1.14519.5.2.1.6279.6001.121824995088859376862458155637,outputs/luna16_saliency_synthetic_detector_top5/1.3.6.1.4.1.14519.5.2.1.6279.6001.121824995088859376862458155637/surface_1.3.6.1.4.1.14519.5.2.1.6279.6001.121824995088859376862458155637.png,outputs/luna16_saliency_synthetic_detector_top5/1.3.6.1.4.1.14519.5.2.1.6279.6001.121824995088859376862458155637/surface_grid_float_1.3.6.1.4.1.14519.5.2.1.6279.6001.121824995088859376862458155637.npy,0.5199199015784101,0.3513956367969513,0.23340950906276703,0.9725490212440491,172.3891143798828,40.099063873291016,1.8886846601963043,3.833655583858486,5.779921531677246,24.122770309448242,33,25,8,169.89419555664062,0.4559310143921108,high_review,152
detector_top5,1.3.6.1.4.1.14519.5.2.1.6279.6001.390513733720659266816639651938,outputs/luna16_saliency_synthetic_detector_top5/1.3.6.1.4.1.14519.5.2.1.6279.6001.390513733720659266816639651938/surface_1.3.6.1.4.1.14519.5.2.1.6279.6001.390513733720659266816639651938.png,outputs/luna16_saliency_synthetic_detector_top5/1.3.6.1.4.1.14519.5.2.1.6279.6001.390513733720659266816639651938/surface_grid_float_1.3.6.1.4.1.14519.5.2.1.6279.6001.390513733720659266816639651938.npy,0.6385466931592393,0.3341294229030609,0.23723194003105164,0.95686274766922,181.33665466308594,33.57233810424805,2.852033805847165,4.333469486236564,6.184717178344727,10.21273136138916,33,25,8,176.8918914794922,0.45492680093977156,high_review,153
detector_top5,1.3.6.1.4.1.14519.5.2.1.6279.6001.204566802718283633558802774757,outputs/luna16_saliency_synthetic_detector_top5/1.3.6.1.4.1.14519.5.2.1.6279.6001.204566802718283633558802774757/surface_1.3.6.1.4.1.14519.5.2.1.6279.6001.204566802718283633558802774757.png,outputs/luna16_saliency_synthetic_detector_top5/1.3.6.1.4.1.14519.5.2.1.6279.6001.204566802718283633558802774757/surface_grid_float_1.3.6.1.4.1.14519.5.2.1.6279.6001.204566802718283633558802774757.npy,0.4146988987978387,0.3585608899593353,0.21764551103115082,0.9215686321258545,148.4422149658203,27.40616798400879,1.679029762744897,5.043339490890502,37.525901794433594,24.94095230102539,33,25,8,146.66819763183594,0.4541282147831387,high_review,154
detector_top5,1.3.6.1.4.1.14519.5.2.1.6279.6001.117383608379722740629083782428,outputs/luna16_saliency_synthetic_detector_top5/1.3.6.1.4.1.14519.5.2.1.6279.6001.117383608379722740629083782428/surface_1.3.6.1.4.1.14519.5.2.1.6279.6001.117383608379722740629083782428.png,outputs/luna16_saliency_synthetic_detector_top5/1.3.6.1.4.1.14519.5.2.1.6279.6001.117383608379722740629083782428/surface_grid_float_1.3.6.1.4.1.14519.5.2.1.6279.6001.117383608379722740629083782428.npy,0.4766988416988417,0.38223153352737427,0.23132486641407013,0.9647058844566345,172.84866333007812,31.70935821533203,2.572147154808044,4.606633162498475,5.696482181549072,11.587029457092285,33,25,8,171.78466796875,0.45202905477417843,high_review,155
detector_top5,1.3.6.1.4.1.14519.5.2.1.6279.6001.302557165094691896097534021075,outputs/luna16_saliency_synthetic_detector_top5/1.3.6.1.4.1.14519.5.2.1.6279.6001.302557165094691896097534021075/surface_1.3.6.1.4.1.14519.5.2.1.6279.6001.302557165094691896097534021075.png,outputs/luna16_saliency_synthetic_detector_top5/1.3.6.1.4.1.14519.5.2.1.6279.6001.302557165094691896097534021075/surface_grid_float_1.3.6.1.4.1.14519.5.2.1.6279.6001.302557165094691896097534021075.npy,0.5624222636815921,0.39860430359840393,0.2691241204738617,1.0,179.77345275878906,42.81547546386719,2.0093380212783813,3.41738014221191,4.284515380859375,22.2556095123291,33,25,8,178.56431579589844,0.45160073555840374,high_review,156
detector_top5,1.3.6.1.4.1.14519.5.2.1.6279.6001.283733738239331719775105586296,outputs/luna16_saliency_synthetic_detector_top5/1.3.6.1.4.1.14519.5.2.1.6279.6001.283733738239331719775105586296/surface_1.3.6.1.4.1.14519.5.2.1.6279.6001.283733738239331719775105586296.png,outputs/luna16_saliency_synthetic_detector_top5/1.3.6.1.4.1.14519.5.2.1.6279.6001.283733738239331719775105586296/surface_grid_float_1.3.6.1.4.1.14519.5.2.1.6279.6001.283733738239331719775105586296.npy,0.6258892555922259,0.3487969934940338,0.22723129391670227,0.9476470619440136,175.0936279296875,35.039127349853516,2.137121200561523,4.465261116027838,12.061681747436523,11.24158000946045,33,25,8,171.25770568847656,0.4507618356068931,high_review,157
detector_top5,1.3.6.1.4.1.14519.5.2.1.6279.6001.323426705628838942177546503237,outputs/luna16_saliency_synthetic_detector_top5/1.3.6.1.4.1.14519.5.2.1.6279.6001.323426705628838942177546503237/surface_1.3.6.1.4.1.14519.5.2.1.6279.6001.323426705628838942177546503237.png,outputs/luna16_saliency_synthetic_detector_top5/1.3.6.1.4.1.14519.5.2.1.6279.6001.323426705628838942177546503237/surface_grid_float_1.3.6.1.4.1.14519.5.2.1.6279.6001.323426705628838942177546503237.npy,0.5427906976744186,0.346784770488739,0.23878374695777893,1.0,163.5480499267578,18.526708602905273,1.7401353418827068,4.523045897483802,30.545974731445312,17.501291275024414,33,25,8,106.16410827636719,0.44716321852472024,high_review,158
detector_top5,1.3.6.1.4.1.14519.5.2.1.6279.6001.145283812746259413053188838096,outputs/luna16_saliency_synthetic_detector_top5/1.3.6.1.4.1.14519.5.2.1.6279.6001.145283812746259413053188838096/surface_1.3.6.1.4.1.14519.5.2.1.6279.6001.145283812746259413053188838096.png,outputs/luna16_saliency_synthetic_detector_top5/1.3.6.1.4.1.14519.5.2.1.6279.6001.145283812746259413053188838096/surface_grid_float_1.3.6.1.4.1.14519.5.2.1.6279.6001.145283812746259413053188838096.npy,0.5284895990352728,0.3334197998046875,0.23683331906795502,0.9176470637321472,188.0281219482422,36.616058349609375,2.2092922806739805,3.0925264286994945,16.15961456298828,18.033533096313477,33,25,8,183.22674560546875,0.4462305140998628,high_review,159
detector_top5,1.3.6.1.4.1.14519.5.2.1.6279.6001.238042459915048190592571019348,outputs/luna16_saliency_synthetic_detector_top5/1.3.6.1.4.1.14519.5.2.1.6279.6001.238042459915048190592571019348/surface_1.3.6.1.4.1.14519.5.2.1.6279.6001.238042459915048190592571019348.png,outputs/luna16_saliency_synthetic_detector_top5/1.3.6.1.4.1.14519.5.2.1.6279.6001.238042459915048190592571019348/surface_grid_float_1.3.6.1.4.1.14519.5.2.1.6279.6001.238042459915048190592571019348.npy,0.4184070267036493,0.4251590669155121,0.22770816087722778,0.9411764740943909,189.94874572753906,29.238971710205078,2.090755128860473,3.3407101154327385,5.544429779052734,13.125504493713379,33,25,8,188.91131591796875,0.44597033410602144,high_review,160
detector_top5,1.3.6.1.4.1.14519.5.2.1.6279.6001.608029415915051219877530734559,outputs/luna16_saliency_synthetic_detector_top5/1.3.6.1.4.1.14519.5.2.1.6279.6001.608029415915051219877530734559/surface_1.3.6.1.4.1.14519.5.2.1.6279.6001.608029415915051219877530734559.png,outputs/luna16_saliency_synthetic_detector_top5/1.3.6.1.4.1.14519.5.2.1.6279.6001.608029415915051219877530734559/surface_grid_float_1.3.6.1.4.1.14519.5.2.1.6279.6001.608029415915051219877530734559.npy,0.6404713003999568,0.3092169463634491,0.2364019751548767,0.9254902005195618,193.426025390625,38.76753616333008,1.9549235343933105,2.6294692611694344,3.343240976333618,19.980501174926758,33,25,8,192.91043090820312,0.44566190054151744,high_review,161
detector_top5,1.3.6.1.4.1.14519.5.2.1.6279.6001.308183340111270052562662456038,outputs/luna16_saliency_synthetic_detector_top5/1.3.6.1.4.1.14519.5.2.1.6279.6001.308183340111270052562662456038/surface_1.3.6.1.4.1.14519.5.2.1.6279.6001.308183340111270052562662456038.png,outputs/luna16_saliency_synthetic_detector_top5/1.3.6.1.4.1.14519.5.2.1.6279.6001.308183340111270052562662456038/surface_grid_float_1.3.6.1.4.1.14519.5.2.1.6279.6001.308183340111270052562662456038.npy,0.5456039596478633,0.3583986461162567,0.23650787770748138,0.9176470637321472,171.9140625,28.968097686767578,2.7003065586090083,4.718002939224236,21.724578857421875,7.792397499084473,33,25,8,96.78909301757812,0.4453799645635814,high_review,162
detector_top5,1.3.6.1.4.1.14519.5.2.1.6279.6001.205993750485568250373835565680,outputs/luna16_saliency_synthetic_detector_top5/1.3.6.1.4.1.14519.5.2.1.6279.6001.205993750485568250373835565680/surface_1.3.6.1.4.1.14519.5.2.1.6279.6001.205993750485568250373835565680.png,outputs/luna16_saliency_synthetic_detector_top5/1.3.6.1.4.1.14519.5.2.1.6279.6001.205993750485568250373835565680/surface_grid_float_1.3.6.1.4.1.14519.5.2.1.6279.6001.205993750485568250373835565680.npy,0.5630450849963045,0.3246522843837738,0.2370852679014206,0.8901960849761963,184.60089111328125,36.70268249511719,2.111467015743255,3.4590015864372248,4.1437087059021,15.24335765838623,33,25,8,184.05001831054688,0.44531232757833267,high_review,163
detector_top5,1.3.6.1.4.1.14519.5.2.1.6279.6001.266009527139315622265711325223,outputs/luna16_saliency_synthetic_detector_top5/1.3.6.1.4.1.14519.5.2.1.6279.6001.266009527139315622265711325223/surface_1.3.6.1.4.1.14519.5.2.1.6279.6001.266009527139315622265711325223.png,outputs/luna16_saliency_synthetic_detector_top5/1.3.6.1.4.1.14519.5.2.1.6279.6001.266009527139315622265711325223/surface_grid_float_1.3.6.1.4.1.14519.5.2.1.6279.6001.266009527139315622265711325223.npy,0.5421543392744403,0.3345169126987457,0.22874145209789276,0.9725490212440491,191.50042724609375,39.08514404296875,2.0189468622207634,2.9234548950195283,3.244267225265503,17.221162796020508,33,25,8,191.20619201660156,0.4451402762518988,high_review,164
detector_top5,1.3.6.1.4.1.14519.5.2.1.6279.6001.776429308535398795601496131524,outputs/luna16_saliency_synthetic_detector_top5/1.3.6.1.4.1.14519.5.2.1.6279.6001.776429308535398795601496131524/surface_1.3.6.1.4.1.14519.5.2.1.6279.6001.776429308535398795601496131524.png,outputs/luna16_saliency_synthetic_detector_top5/1.3.6.1.4.1.14519.5.2.1.6279.6001.776429308535398795601496131524/surface_grid_float_1.3.6.1.4.1.14519.5.2.1.6279.6001.776429308535398795601496131524.npy,0.5999534267187332,0.33906519412994385,0.22823314368724823,0.9058823585510254,169.06666564941406,42.7315673828125,2.8543518781661987,3.859228491783142,11.149662017822266,21.23396110534668,33,25,8,166.830322265625,0.44474121106995473,high_review,165
detector_top5,1.3.6.1.4.1.14519.5.2.1.6279.6001.313756547848086902190878548835,outputs/luna16_saliency_synthetic_detector_top5/1.3.6.1.4.1.14519.5.2.1.6279.6001.313756547848086902190878548835/surface_1.3.6.1.4.1.14519.5.2.1.6279.6001.313756547848086902190878548835.png,outputs/luna16_saliency_synthetic_detector_top5/1.3.6.1.4.1.14519.5.2.1.6279.6001.313756547848086902190878548835/surface_grid_float_1.3.6.1.4.1.14519.5.2.1.6279.6001.313756547848086902190878548835.npy,0.622698912774895,0.32801514863967896,0.24005581438541412,1.0,172.10076904296875,37.704524993896484,2.3465119719505285,4.0359846258163365,10.461872100830078,16.033248901367188,33,25,8,168.4377899169922,0.4435435958491428,high_review,166
detector_top5,1.3.6.1.4.1.14519.5.2.1.6279.6001.765930210026773090100532964804,outputs/luna16_saliency_synthetic_detector_top5/1.3.6.1.4.1.14519.5.2.1.6279.6001.765930210026773090100532964804/surface_1.3.6.1.4.1.14519.5.2.1.6279.6001.765930210026773090100532964804.png,outputs/luna16_saliency_synthetic_detector_top5/1.3.6.1.4.1.14519.5.2.1.6279.6001.765930210026773090100532964804/surface_grid_float_1.3.6.1.4.1.14519.5.2.1.6279.6001.765930210026773090100532964804.npy,0.5613937848723349,0.3763294517993927,0.24322636425495148,1.0,155.81600952148438,33.29438018798828,2.5430057644844055,4.9393521547317505,8.725666999816895,15.59841251373291,33,25,8,154.2183074951172,0.4425370527638329,high_review,167
detector_top5,1.3.6.1.4.1.14519.5.2.1.6279.6001.534006575256943390479252771547,outputs/luna16_saliency_synthetic_detector_top5/1.3.6.1.4.1.14519.5.2.1.6279.6001.534006575256943390479252771547/surface_1.3.6.1.4.1.14519.5.2.1.6279.6001.534006575256943390479252771547.png,outputs/luna16_saliency_synthetic_detector_top5/1.3.6.1.4.1.14519.5.2.1.6279.6001.534006575256943390479252771547/surface_grid_float_1.3.6.1.4.1.14519.5.2.1.6279.6001.534006575256943390479252771547.npy,0.5639230050994757,0.3261593282222748,0.19616767764091492,0.8039215803146362,167.32196044921875,28.180355072021484,2.1631399750709535,4.29198475837708,5.778201580047607,14.675400733947754,33,25,8,165.99871826171875,0.4421576396438811,high_review,168
detector_top5,1.3.6.1.4.1.14519.5.2.1.6279.6001.564534197011295112247542153557,outputs/luna16_saliency_synthetic_detector_top5/1.3.6.1.4.1.14519.5.2.1.6279.6001.564534197011295112247542153557/surface_1.3.6.1.4.1.14519.5.2.1.6279.6001.564534197011295112247542153557.png,outputs/luna16_saliency_synthetic_detector_top5/1.3.6.1.4.1.14519.5.2.1.6279.6001.564534197011295112247542153557/surface_grid_float_1.3.6.1.4.1.14519.5.2.1.6279.6001.564534197011295112247542153557.npy,0.5181233477775052,0.36472538113594055,0.22063764929771423,0.8588235378265381,179.1307373046875,38.58641815185547,1.9171617031097412,3.5336035847663836,12.984537124633789,16.544458389282227,33,25,8,176.4987030029297,0.44132479947143116,high_review,169
detector_top5,1.3.6.1.4.1.14519.5.2.1.6279.6001.259124675432205040899951626253,outputs/luna16_saliency_synthetic_detector_top5/1.3.6.1.4.1.14519.5.2.1.6279.6001.259124675432205040899951626253/surface_1.3.6.1.4.1.14519.5.2.1.6279.6001.259124675432205040899951626253.png,outputs/luna16_saliency_synthetic_detector_top5/1.3.6.1.4.1.14519.5.2.1.6279.6001.259124675432205040899951626253/surface_grid_float_1.3.6.1.4.1.14519.5.2.1.6279.6001.259124675432205040899951626253.npy,0.31972300354653294,0.3380068242549896,0.2303091585636139,1.0,147.46742248535156,27.289278030395508,1.8054339587688446,4.800783920288063,11.615117073059082,15.186537742614746,33,25,8,144.0462646484375,0.4408515575650354,high_review,170
detector_top5,1.3.6.1.4.1.14519.5.2.1.6279.6001.164988920331211858091402361989,outputs/luna16_saliency_synthetic_detector_top5/1.3.6.1.4.1.14519.5.2.1.6279.6001.164988920331211858091402361989/surface_1.3.6.1.4.1.14519.5.2.1.6279.6001.164988920331211858091402361989.png,outputs/luna16_saliency_synthetic_detector_top5/1.3.6.1.4.1.14519.5.2.1.6279.6001.164988920331211858091402361989/surface_grid_float_1.3.6.1.4.1.14519.5.2.1.6279.6001.164988920331211858091402361989.npy,0.6666950535802995,0.31009912490844727,0.2255985140800476,0.9058823585510254,186.74838256835938,34.64102554321289,2.3376062631607066,3.253248243331915,12.434069633483887,14.278740882873535,33,25,8,178.74249267578125,0.440575286875831,high_review,171
detector_top5,1.3.6.1.4.1.14519.5.2.1.6279.6001.262873069163227096134627700599,outputs/luna16_saliency_synthetic_detector_top5/1.3.6.1.4.1.14519.5.2.1.6279.6001.262873069163227096134627700599/surface_1.3.6.1.4.1.14519.5.2.1.6279.6001.262873069163227096134627700599.png,outputs/luna16_saliency_synthetic_detector_top5/1.3.6.1.4.1.14519.5.2.1.6279.6001.262873069163227096134627700599/surface_grid_float_1.3.6.1.4.1.14519.5.2.1.6279.6001.262873069163227096134627700599.npy,0.43116933039608496,0.3244512677192688,0.2434876710176468,0.9529411792755127,195.30703735351562,41.21390151977539,1.909913086891173,2.4840482234954835,9.493863105773926,16.799165725708008,33,25,8,184.852294921875,0.43736465501785277,high_review,172
detector_top5,1.3.6.1.4.1.14519.5.2.1.6279.6001.272344603176687884771013620823,outputs/luna16_saliency_synthetic_detector_top5/1.3.6.1.4.1.14519.5.2.1.6279.6001.272344603176687884771013620823/surface_1.3.6.1.4.1.14519.5.2.1.6279.6001.272344603176687884771013620823.png,outputs/luna16_saliency_synthetic_detector_top5/1.3.6.1.4.1.14519.5.2.1.6279.6001.272344603176687884771013620823/surface_grid_float_1.3.6.1.4.1.14519.5.2.1.6279.6001.272344603176687884771013620823.npy,0.6009663136984226,0.39771926403045654,0.22963230311870575,0.9411764740943909,169.4474334716797,30.827449798583984,2.1858463287353516,3.8804492950439453,4.615550518035889,16.86882781982422,33,25,8,167.12294006347656,0.4363121520148383,high_review,173
detector_top5,1.3.6.1.4.1.14519.5.2.1.6279.6001.125067060506283419853742462394,outputs/luna16_saliency_synthetic_detector_top5/1.3.6.1.4.1.14519.5.2.1.6279.6001.125067060506283419853742462394/surface_1.3.6.1.4.1.14519.5.2.1.6279.6001.125067060506283419853742462394.png,outputs/luna16_saliency_synthetic_detector_top5/1.3.6.1.4.1.14519.5.2.1.6279.6001.125067060506283419853742462394/surface_grid_float_1.3.6.1.4.1.14519.5.2.1.6279.6001.125067060506283419853742462394.npy,0.639243052935999,0.30908888578414917,0.22163930535316467,0.8274509906768799,168.14691162109375,34.10795974731445,1.8229989230632804,3.5040369820594788,9.59705924987793,22.06741714477539,33,25,8,167.46890258789062,0.43440466692977486,high_review,174
detector_top5,1.3.6.1.4.1.14519.5.2.1.6279.6001.211071908915618528829547301883,outputs/luna16_saliency_synthetic_detector_top5/1.3.6.1.4.1.14519.5.2.1.6279.6001.211071908915618528829547301883/surface_1.3.6.1.4.1.14519.5.2.1.6279.6001.211071908915618528829547301883.png,outputs/luna16_saliency_synthetic_detector_top5/1.3.6.1.4.1.14519.5.2.1.6279.6001.211071908915618528829547301883/surface_grid_float_1.3.6.1.4.1.14519.5.2.1.6279.6001.211071908915618528829547301883.npy,0.5935419977429236,0.28706780076026917,0.2163420468568802,0.9019607901573181,201.4696807861328,45.41154479980469,1.4520769894123078,1.7550743520259857,1.8533934354782104,20.33708953857422,33,25,8,201.26832580566406,0.43362856417894363,high_review,175
detector_top5,1.3.6.1.4.1.14519.5.2.1.6279.6001.102681962408431413578140925249,outputs/luna16_saliency_synthetic_detector_top5/1.3.6.1.4.1.14519.5.2.1.6279.6001.102681962408431413578140925249/surface_1.3.6.1.4.1.14519.5.2.1.6279.6001.102681962408431413578140925249.png,outputs/luna16_saliency_synthetic_detector_top5/1.3.6.1.4.1.14519.5.2.1.6279.6001.102681962408431413578140925249/surface_grid_float_1.3.6.1.4.1.14519.5.2.1.6279.6001.102681962408431413578140925249.npy,0.5686719214753123,0.30930832028388977,0.2267967164516449,0.9372549057006836,180.47723388671875,27.78341293334961,2.069536685943603,3.0029611587524423,3.389831304550171,19.184282302856445,33,25,8,178.73719787597656,0.4335159630245633,high_review,176
detector_top5,1.3.6.1.4.1.14519.5.2.1.6279.6001.701514276942509393419164159551,outputs/luna16_saliency_synthetic_detector_top5/1.3.6.1.4.1.14519.5.2.1.6279.6001.701514276942509393419164159551/surface_1.3.6.1.4.1.14519.5.2.1.6279.6001.701514276942509393419164159551.png,outputs/luna16_saliency_synthetic_detector_top5/1.3.6.1.4.1.14519.5.2.1.6279.6001.701514276942509393419164159551/surface_grid_float_1.3.6.1.4.1.14519.5.2.1.6279.6001.701514276942509393419164159551.npy,0.3046762390508926,0.39077913761138916,0.2046605348587036,0.9137254953384399,173.54388427734375,39.35240173339844,1.646287393569946,1.977701045274735,5.519576072692871,26.193349838256836,33,25,8,172.3380889892578,0.43267757454308203,high_review,177
detector_top5,1.3.6.1.4.1.14519.5.2.1.6279.6001.296863826932699509516219450076,outputs/luna16_saliency_synthetic_detector_top5/1.3.6.1.4.1.14519.5.2.1.6279.6001.296863826932699509516219450076/surface_1.3.6.1.4.1.14519.5.2.1.6279.6001.296863826932699509516219450076.png,outputs/luna16_saliency_synthetic_detector_top5/1.3.6.1.4.1.14519.5.2.1.6279.6001.296863826932699509516219450076/surface_grid_float_1.3.6.1.4.1.14519.5.2.1.6279.6001.296863826932699509516219450076.npy,0.5487321593516283,0.3672976493835449,0.23719598352909088,0.9921568632125854,184.23260498046875,43.78397750854492,1.607077372074127,2.532562103271477,6.122472286224365,22.146936416625977,33,25,8,175.9623260498047,0.4322466189914277,high_review,178
detector_top5,1.3.6.1.4.1.14519.5.2.1.6279.6001.278660284797073139172446973682,outputs/luna16_saliency_synthetic_detector_top5/1.3.6.1.4.1.14519.5.2.1.6279.6001.278660284797073139172446973682/surface_1.3.6.1.4.1.14519.5.2.1.6279.6001.278660284797073139172446973682.png,outputs/luna16_saliency_synthetic_detector_top5/1.3.6.1.4.1.14519.5.2.1.6279.6001.278660284797073139172446973682/surface_grid_float_1.3.6.1.4.1.14519.5.2.1.6279.6001.278660284797073139172446973682.npy,0.5658789831722163,0.3793119490146637,0.25483351945877075,0.9725490212440491,156.62306213378906,25.78545570373535,2.30337345600128,4.516943726539604,9.037419319152832,16.05023765563965,33,25,8,155.60951232910156,0.4322139434761469,high_review,179
detector_top5,1.3.6.1.4.1.14519.5.2.1.6279.6001.842317928015463083368074520378,outputs/luna16_saliency_synthetic_detector_top5/1.3.6.1.4.1.14519.5.2.1.6279.6001.842317928015463083368074520378/surface_1.3.6.1.4.1.14519.5.2.1.6279.6001.842317928015463083368074520378.png,outputs/luna16_saliency_synthetic_detector_top5/1.3.6.1.4.1.14519.5.2.1.6279.6001.842317928015463083368074520378/surface_grid_float_1.3.6.1.4.1.14519.5.2.1.6279.6001.842317928015463083368074520378.npy,0.6006899455817569,0.3342747986316681,0.23130574822425842,0.9960784316062927,176.4006805419922,29.983278274536133,2.1488004565238947,3.5235916733741757,16.228567123413086,14.227764129638672,33,25,8,154.52432250976562,0.43132613805929815,high_review,180
detector_top5,1.3.6.1.4.1.14519.5.2.1.6279.6001.316911475886263032009840828684,outputs/luna16_saliency_synthetic_detector_top5/1.3.6.1.4.1.14519.5.2.1.6279.6001.316911475886263032009840828684/surface_1.3.6.1.4.1.14519.5.2.1.6279.6001.316911475886263032009840828684.png,outputs/luna16_saliency_synthetic_detector_top5/1.3.6.1.4.1.14519.5.2.1.6279.6001.316911475886263032009840828684/surface_grid_float_1.3.6.1.4.1.14519.5.2.1.6279.6001.316911475886263032009840828684.npy,0.6230995726544688,0.30937856435775757,0.23490788042545319,0.95686274766922,194.74871826171875,36.0031852722168,1.617897081375122,1.8047878956794736,6.122724533081055,23.41033935546875,33,25,8,191.987060546875,0.43074781031873494,high_review,181
detector_top5,1.3.6.1.4.1.14519.5.2.1.6279.6001.162845309248822193437735868939,outputs/luna16_saliency_synthetic_detector_top5/1.3.6.1.4.1.14519.5.2.1.6279.6001.162845309248822193437735868939/surface_1.3.6.1.4.1.14519.5.2.1.6279.6001.162845309248822193437735868939.png,outputs/luna16_saliency_synthetic_detector_top5/1.3.6.1.4.1.14519.5.2.1.6279.6001.162845309248822193437735868939/surface_grid_float_1.3.6.1.4.1.14519.5.2.1.6279.6001.162845309248822193437735868939.npy,0.5304605052766229,0.3136492669582367,0.24240554869174957,0.9137254953384399,169.77684020996094,34.63405227661133,1.713520449399948,4.103823633193965,10.46263313293457,10.95179271697998,33,25,8,145.31936645507812,0.43041342649459824,high_review,182
detector_top5,1.3.6.1.4.1.14519.5.2.1.6279.6001.122621219961396951727742490470,outputs/luna16_saliency_synthetic_detector_top5/1.3.6.1.4.1.14519.5.2.1.6279.6001.122621219961396951727742490470/surface_1.3.6.1.4.1.14519.5.2.1.6279.6001.122621219961396951727742490470.png,outputs/luna16_saliency_synthetic_detector_top5/1.3.6.1.4.1.14519.5.2.1.6279.6001.122621219961396951727742490470/surface_grid_float_1.3.6.1.4.1.14519.5.2.1.6279.6001.122621219961396951727742490470.npy,0.604894578313253,0.3155632019042969,0.24236054718494415,1.0,177.91709899902344,34.29076385498047,1.855412918329239,2.7295771217346227,5.598697662353516,23.25057601928711,33,25,8,175.11314392089844,0.4300837586932713,high_review,183
detector_top5,1.3.6.1.4.1.14519.5.2.1.6279.6001.106630482085576298661469304872,outputs/luna16_saliency_synthetic_detector_top5/1.3.6.1.4.1.14519.5.2.1.6279.6001.106630482085576298661469304872/surface_1.3.6.1.4.1.14519.5.2.1.6279.6001.106630482085576298661469304872.png,outputs/luna16_saliency_synthetic_detector_top5/1.3.6.1.4.1.14519.5.2.1.6279.6001.106630482085576298661469304872/surface_grid_float_1.3.6.1.4.1.14519.5.2.1.6279.6001.106630482085576298661469304872.npy,0.5949825926684416,0.392544150352478,0.27107173204421997,1.0,175.9852752685547,29.71487808227539,2.127144181728363,2.8820701551437375,3.514728546142578,22.406320571899414,33,25,8,175.5492706298828,0.42956272026167974,high_review,184
detector_top5,1.3.6.1.4.1.14519.5.2.1.6279.6001.174935793360491516757154875981,outputs/luna16_saliency_synthetic_detector_top5/1.3.6.1.4.1.14519.5.2.1.6279.6001.174935793360491516757154875981/surface_1.3.6.1.4.1.14519.5.2.1.6279.6001.174935793360491516757154875981.png,outputs/luna16_saliency_synthetic_detector_top5/1.3.6.1.4.1.14519.5.2.1.6279.6001.174935793360491516757154875981/surface_grid_float_1.3.6.1.4.1.14519.5.2.1.6279.6001.174935793360491516757154875981.npy,0.655476391740128,0.29357656836509705,0.22617581486701965,0.8901960849761963,188.14666748046875,33.884952545166016,1.5937102675437942,2.6013422250747733,4.435918807983398,16.955705642700195,33,25,8,187.76278686523438,0.4292973917590248,high_review,185
detector_top5,1.3.6.1.4.1.14519.5.2.1.6279.6001.250438451287314206124484591986,outputs/luna16_saliency_synthetic_detector_top5/1.3.6.1.4.1.14519.5.2.1.6279.6001.250438451287314206124484591986/surface_1.3.6.1.4.1.14519.5.2.1.6279.6001.250438451287314206124484591986.png,outputs/luna16_saliency_synthetic_detector_top5/1.3.6.1.4.1.14519.5.2.1.6279.6001.250438451287314206124484591986/surface_grid_float_1.3.6.1.4.1.14519.5.2.1.6279.6001.250438451287314206124484591986.npy,0.6031155545222041,0.3628765046596527,0.24636432528495789,1.0,155.02503967285156,34.02446746826172,2.80440354347229,4.719320392608653,20.772968292236328,13.18857192993164,33,25,8,108.89339447021484,0.42926261552174916,high_review,186
detector_top5,1.3.6.1.4.1.14519.5.2.1.6279.6001.170706757615202213033480003264,outputs/luna16_saliency_synthetic_detector_top5/1.3.6.1.4.1.14519.5.2.1.6279.6001.170706757615202213033480003264/surface_1.3.6.1.4.1.14519.5.2.1.6279.6001.170706757615202213033480003264.png,outputs/luna16_saliency_synthetic_detector_top5/1.3.6.1.4.1.14519.5.2.1.6279.6001.170706757615202213033480003264/surface_grid_float_1.3.6.1.4.1.14519.5.2.1.6279.6001.170706757615202213033480003264.npy,0.5515715759187884,0.3323363959789276,0.22041936218738556,0.9058823585510254,176.80181884765625,41.253726959228516,1.7792419433593745,2.3722111248970004,8.96873950958252,28.216665267944336,33,25,8,151.39816284179688,0.4285397324217689,high_review,187
detector_top5,1.3.6.1.4.1.14519.5.2.1.6279.6001.169128136262002764211589185953,outputs/luna16_saliency_synthetic_detector_top5/1.3.6.1.4.1.14519.5.2.1.6279.6001.169128136262002764211589185953/surface_1.3.6.1.4.1.14519.5.2.1.6279.6001.169128136262002764211589185953.png,outputs/luna16_saliency_synthetic_detector_top5/1.3.6.1.4.1.14519.5.2.1.6279.6001.169128136262002764211589185953/surface_grid_float_1.3.6.1.4.1.14519.5.2.1.6279.6001.169128136262002764211589185953.npy,0.5187651331719129,0.3439601957798004,0.2279876470565796,0.8753725564479874,164.312744140625,31.24958610534668,1.674271482229232,3.788061380386331,5.961540699005127,18.285375595092773,33,25,8,163.04608154296875,0.42813058296839324,high_review,188
detector_top5,1.3.6.1.4.1.14519.5.2.1.6279.6001.242761658169703141430370511586,outputs/luna16_saliency_synthetic_detector_top5/1.3.6.1.4.1.14519.5.2.1.6279.6001.242761658169703141430370511586/surface_1.3.6.1.4.1.14519.5.2.1.6279.6001.242761658169703141430370511586.png,outputs/luna16_saliency_synthetic_detector_top5/1.3.6.1.4.1.14519.5.2.1.6279.6001.242761658169703141430370511586/surface_grid_float_1.3.6.1.4.1.14519.5.2.1.6279.6001.242761658169703141430370511586.npy,0.5635965811965812,0.363101601600647,0.2444511502981186,1.0,184.13539123535156,29.933977127075195,2.125751447677613,2.5348269653320297,2.8914875984191895,20.303173065185547,33,25,8,183.4250946044922,0.4280552900526258,high_review,189
detector_top5,1.3.6.1.4.1.14519.5.2.1.6279.6001.139258777898746693365877042411,outputs/luna16_saliency_synthetic_detector_top5/1.3.6.1.4.1.14519.5.2.1.6279.6001.139258777898746693365877042411/surface_1.3.6.1.4.1.14519.5.2.1.6279.6001.139258777898746693365877042411.png,outputs/luna16_saliency_synthetic_detector_top5/1.3.6.1.4.1.14519.5.2.1.6279.6001.139258777898746693365877042411/surface_grid_float_1.3.6.1.4.1.14519.5.2.1.6279.6001.139258777898746693365877042411.npy,0.5843374569342544,0.3054521977901459,0.24085579812526703,0.9176470637321472,158.08724975585938,35.20598602294922,2.0571592330932615,4.339820270538326,12.627827644348145,15.361236572265625,33,25,8,133.58712768554688,0.42780943898095014,high_review,190
detector_top5,1.3.6.1.4.1.14519.5.2.1.6279.6001.265960756233787099041040311282,outputs/luna16_saliency_synthetic_detector_top5/1.3.6.1.4.1.14519.5.2.1.6279.6001.265960756233787099041040311282/surface_1.3.6.1.4.1.14519.5.2.1.6279.6001.265960756233787099041040311282.png,outputs/luna16_saliency_synthetic_detector_top5/1.3.6.1.4.1.14519.5.2.1.6279.6001.265960756233787099041040311282/surface_grid_float_1.3.6.1.4.1.14519.5.2.1.6279.6001.265960756233787099041040311282.npy,0.6704953899046726,0.2821091413497925,0.22387968003749847,0.9098039269447327,194.45147705078125,37.62233352661133,1.7937351584434504,2.1763139128685,2.2859694957733154,16.89714241027832,33,25,8,193.76670837402344,0.42692441782686447,high_review,191
detector_top5,1.3.6.1.4.1.14519.5.2.1.6279.6001.980362852713685276785310240144,outputs/luna16_saliency_synthetic_detector_top5/1.3.6.1.4.1.14519.5.2.1.6279.6001.980362852713685276785310240144/surface_1.3.6.1.4.1.14519.5.2.1.6279.6001.980362852713685276785310240144.png,outputs/luna16_saliency_synthetic_detector_top5/1.3.6.1.4.1.14519.5.2.1.6279.6001.980362852713685276785310240144/surface_grid_float_1.3.6.1.4.1.14519.5.2.1.6279.6001.980362852713685276785310240144.npy,0.4170408163265306,0.3480895459651947,0.23558267951011658,0.9411764740943909,159.43174743652344,32.486053466796875,2.339861023426053,4.644730238914493,8.808241844177246,9.793088912963867,33,25,8,147.28448486328125,0.42682390603489356,high_review,192
detector_top5,1.3.6.1.4.1.14519.5.2.1.6279.6001.102133688497886810253331438797,outputs/luna16_saliency_synthetic_detector_top5/1.3.6.1.4.1.14519.5.2.1.6279.6001.102133688497886810253331438797/surface_1.3.6.1.4.1.14519.5.2.1.6279.6001.102133688497886810253331438797.png,outputs/luna16_saliency_synthetic_detector_top5/1.3.6.1.4.1.14519.5.2.1.6279.6001.102133688497886810253331438797/surface_grid_float_1.3.6.1.4.1.14519.5.2.1.6279.6001.102133688497886810253331438797.npy,0.6481803102741731,0.3672184944152832,0.2633623480796814,1.0,170.71829223632812,17.9129581451416,1.6649308204650821,4.299881019592271,39.294647216796875,5.919552803039551,33,25,8,139.62991333007812,0.4266814794328473,high_review,193
detector_top5,1.3.6.1.4.1.14519.5.2.1.6279.6001.745109871503276594185453478952,outputs/luna16_saliency_synthetic_detector_top5/1.3.6.1.4.1.14519.5.2.1.6279.6001.745109871503276594185453478952/surface_1.3.6.1.4.1.14519.5.2.1.6279.6001.745109871503276594185453478952.png,outputs/luna16_saliency_synthetic_detector_top5/1.3.6.1.4.1.14519.5.2.1.6279.6001.745109871503276594185453478952/surface_grid_float_1.3.6.1.4.1.14519.5.2.1.6279.6001.745109871503276594185453478952.npy,0.6912337412452859,0.2904493510723114,0.24713747203350067,0.9450980424880981,178.41168212890625,31.423789978027344,1.72746467590332,2.84675090789795,4.8879289627075195,19.365028381347656,33,25,8,177.70425415039062,0.42578872718811034,high_review,194
detector_top5,1.3.6.1.4.1.14519.5.2.1.6279.6001.143412474064515942785157561636,outputs/luna16_saliency_synthetic_detector_top5/1.3.6.1.4.1.14519.5.2.1.6279.6001.143412474064515942785157561636/surface_1.3.6.1.4.1.14519.5.2.1.6279.6001.143412474064515942785157561636.png,outputs/luna16_saliency_synthetic_detector_top5/1.3.6.1.4.1.14519.5.2.1.6279.6001.143412474064515942785157561636/surface_grid_float_1.3.6.1.4.1.14519.5.2.1.6279.6001.143412474064515942785157561636.npy,0.624608914191927,0.366278737783432,0.22234810888767242,0.9490196108818054,170.74264526367188,29.296958923339844,2.209599018096924,3.9186212062835684,4.718149662017822,10.63193416595459,33,25,8,170.01937866210938,0.4257562319967481,high_review,195
detector_top5,1.3.6.1.4.1.14519.5.2.1.6279.6001.126631670596873065041988320084,outputs/luna16_saliency_synthetic_detector_top5/1.3.6.1.4.1.14519.5.2.1.6279.6001.126631670596873065041988320084/surface_1.3.6.1.4.1.14519.5.2.1.6279.6001.126631670596873065041988320084.png,outputs/luna16_saliency_synthetic_detector_top5/1.3.6.1.4.1.14519.5.2.1.6279.6001.126631670596873065041988320084/surface_grid_float_1.3.6.1.4.1.14519.5.2.1.6279.6001.126631670596873065041988320084.npy,0.4233914541896667,0.3819670081138611,0.23188583552837372,0.9529411792755127,187.4599151611328,46.269962310791016,2.0942021965980526,2.3950797963142385,2.518284797668457,17.961856842041016,33,25,8,186.9204559326172,0.4242008232514063,high_review,196
detector_top5,1.3.6.1.4.1.14519.5.2.1.6279.6001.100398138793540579077826395208,outputs/luna16_saliency_synthetic_detector_top5/1.3.6.1.4.1.14519.5.2.1.6279.6001.100398138793540579077826395208/surface_1.3.6.1.4.1.14519.5.2.1.6279.6001.100398138793540579077826395208.png,outputs/luna16_saliency_synthetic_detector_top5/1.3.6.1.4.1.14519.5.2.1.6279.6001.100398138793540579077826395208/surface_grid_float_1.3.6.1.4.1.14519.5.2.1.6279.6001.100398138793540579077826395208.npy,0.5646806226516371,0.36999762058258057,0.22417427599430084,0.9254902005195618,180.3732452392578,32.948890686035156,2.0830298304557786,2.61063401222229,3.334592580795288,20.202428817749023,33,25,8,180.09278869628906,0.42383538202709625,high_review,197
detector_top5,1.3.6.1.4.1.14519.5.2.1.6279.6001.299767339686526858593516834230,outputs/luna16_saliency_synthetic_detector_top5/1.3.6.1.4.1.14519.5.2.1.6279.6001.299767339686526858593516834230/surface_1.3.6.1.4.1.14519.5.2.1.6279.6001.299767339686526858593516834230.png,outputs/luna16_saliency_synthetic_detector_top5/1.3.6.1.4.1.14519.5.2.1.6279.6001.299767339686526858593516834230/surface_grid_float_1.3.6.1.4.1.14519.5.2.1.6279.6001.299767339686526858593516834230.npy,0.6231124807395994,0.35724571347236633,0.22544528543949127,0.9686274528503418,161.572265625,27.972366333007812,2.3117899417877186,3.3462015414237958,3.6956183910369873,23.697290420532227,33,25,8,160.87767028808594,0.4223338009966744,high_review,198
detector_top5,1.3.6.1.4.1.14519.5.2.1.6279.6001.188209889686363159853715266493,outputs/luna16_saliency_synthetic_detector_top5/1.3.6.1.4.1.14519.5.2.1.6279.6001.188209889686363159853715266493/surface_1.3.6.1.4.1.14519.5.2.1.6279.6001.188209889686363159853715266493.png,outputs/luna16_saliency_synthetic_detector_top5/1.3.6.1.4.1.14519.5.2.1.6279.6001.188209889686363159853715266493/surface_grid_float_1.3.6.1.4.1.14519.5.2.1.6279.6001.188209889686363159853715266493.npy,0.5867114231537949,0.3250262141227722,0.24459192156791687,1.0,187.96633911132812,31.937467575073242,2.1970132231712336,2.6384199953079244,5.806805610656738,13.27304458618164,33,25,8,186.8693389892578,0.42192548634741045,high_review,199
detector_top5,1.3.6.1.4.1.14519.5.2.1.6279.6001.172845185165807139298420209778,outputs/luna16_saliency_synthetic_detector_top5/1.3.6.1.4.1.14519.5.2.1.6279.6001.172845185165807139298420209778/surface_1.3.6.1.4.1.14519.5.2.1.6279.6001.172845185165807139298420209778.png,outputs/luna16_saliency_synthetic_detector_top5/1.3.6.1.4.1.14519.5.2.1.6279.6001.172845185165807139298420209778/surface_grid_float_1.3.6.1.4.1.14519.5.2.1.6279.6001.172845185165807139298420209778.npy,0.40913737516709914,0.39457088708877563,0.23711074888706207,0.9607843160629272,162.62298583984375,30.347572326660156,1.8805742383003228,3.7491037273407,4.688244819641113,17.1579532623291,33,25,8,162.08859252929688,0.42164020658069196,high_review,200
detector_top5,1.3.6.1.4.1.14519.5.2.1.6279.6001.136830368929967292376608088362,outputs/luna16_saliency_synthetic_detector_top5/1.3.6.1.4.1.14519.5.2.1.6279.6001.136830368929967292376608088362/surface_1.3.6.1.4.1.14519.5.2.1.6279.6001.136830368929967292376608088362.png,outputs/luna16_saliency_synthetic_detector_top5/1.3.6.1.4.1.14519.5.2.1.6279.6001.136830368929967292376608088362/surface_grid_float_1.3.6.1.4.1.14519.5.2.1.6279.6001.136830368929967292376608088362.npy,0.4930689550116787,0.35818564891815186,0.24192887544631958,0.9803921580314636,183.68679809570312,40.74944305419922,1.8737449944019318,2.2567991614341736,6.409690856933594,21.280048370361328,33,25,8,183.37156677246094,0.4211376347144445,high_review,201
detector_top5,1.3.6.1.4.1.14519.5.2.1.6279.6001.233001470265230594739708503198,outputs/luna16_saliency_synthetic_detector_top5/1.3.6.1.4.1.14519.5.2.1.6279.6001.233001470265230594739708503198/surface_1.3.6.1.4.1.14519.5.2.1.6279.6001.233001470265230594739708503198.png,outputs/luna16_saliency_synthetic_detector_top5/1.3.6.1.4.1.14519.5.2.1.6279.6001.233001470265230594739708503198/surface_grid_float_1.3.6.1.4.1.14519.5.2.1.6279.6001.233001470265230594739708503198.npy,0.6220102097394031,0.31597188115119934,0.24616795778274536,0.9529411792755127,183.232177734375,43.227020263671875,2.1070413351058956,2.2840740442275993,2.3508410453796387,21.052091598510742,33,25,8,182.72389221191406,0.42069160999192134,high_review,202
detector_top5,1.3.6.1.4.1.14519.5.2.1.6279.6001.159665703190517688573100822213,outputs/luna16_saliency_synthetic_detector_top5/1.3.6.1.4.1.14519.5.2.1.6279.6001.159665703190517688573100822213/surface_1.3.6.1.4.1.14519.5.2.1.6279.6001.159665703190517688573100822213.png,outputs/luna16_saliency_synthetic_detector_top5/1.3.6.1.4.1.14519.5.2.1.6279.6001.159665703190517688573100822213/surface_grid_float_1.3.6.1.4.1.14519.5.2.1.6279.6001.159665703190517688573100822213.npy,0.5640922593045605,0.3827681243419647,0.2340923398733139,1.0,133.10269165039062,24.480409622192383,1.9447597265243528,5.833622231483458,20.568988800048828,10.727452278137207,33,25,8,105.71308898925781,0.42068526920212634,high_review,203
detector_top5,1.3.6.1.4.1.14519.5.2.1.6279.6001.304700823314998198591652152637,outputs/luna16_saliency_synthetic_detector_top5/1.3.6.1.4.1.14519.5.2.1.6279.6001.304700823314998198591652152637/surface_1.3.6.1.4.1.14519.5.2.1.6279.6001.304700823314998198591652152637.png,outputs/luna16_saliency_synthetic_detector_top5/1.3.6.1.4.1.14519.5.2.1.6279.6001.304700823314998198591652152637/surface_grid_float_1.3.6.1.4.1.14519.5.2.1.6279.6001.304700823314998198591652152637.npy,0.6212104199416124,0.3538084328174591,0.24289977550506592,0.9960784316062927,171.47549438476562,31.10150909423828,1.9608933329582214,3.90451935529709,8.03192138671875,7.674272537231445,33,25,8,168.76988220214844,0.4199820102718142,high_review,204
detector_top5,1.3.6.1.4.1.14519.5.2.1.6279.6001.286647622786041008124419915089,outputs/luna16_saliency_synthetic_detector_top5/1.3.6.1.4.1.14519.5.2.1.6279.6001.286647622786041008124419915089/surface_1.3.6.1.4.1.14519.5.2.1.6279.6001.286647622786041008124419915089.png,outputs/luna16_saliency_synthetic_detector_top5/1.3.6.1.4.1.14519.5.2.1.6279.6001.286647622786041008124419915089/surface_grid_float_1.3.6.1.4.1.14519.5.2.1.6279.6001.286647622786041008124419915089.npy,0.60272036113091,0.3015304505825043,0.22862564027309418,0.95686274766922,187.72157287597656,41.84573745727539,1.7508777797222141,2.2448140311241156,2.5913078784942627,17.594192504882812,33,25,8,186.69482421875,0.41931191462675727,high_review,205
detector_top5,1.3.6.1.4.1.14519.5.2.1.6279.6001.267957701183569638795986183786,outputs/luna16_saliency_synthetic_detector_top5/1.3.6.1.4.1.14519.5.2.1.6279.6001.267957701183569638795986183786/surface_1.3.6.1.4.1.14519.5.2.1.6279.6001.267957701183569638795986183786.png,outputs/luna16_saliency_synthetic_detector_top5/1.3.6.1.4.1.14519.5.2.1.6279.6001.267957701183569638795986183786/surface_grid_float_1.3.6.1.4.1.14519.5.2.1.6279.6001.267957701183569638795986183786.npy,0.580952380952381,0.3970409035682678,0.26025792956352234,1.0,157.20115661621094,33.884918212890625,1.8226881980895986,4.012780871391304,10.577516555786133,15.836585998535156,33,25,8,142.7627410888672,0.41757776716550216,high_review,206
detector_top5,1.3.6.1.4.1.14519.5.2.1.6279.6001.148229375703208214308676934766,outputs/luna16_saliency_synthetic_detector_top5/1.3.6.1.4.1.14519.5.2.1.6279.6001.148229375703208214308676934766/surface_1.3.6.1.4.1.14519.5.2.1.6279.6001.148229375703208214308676934766.png,outputs/luna16_saliency_synthetic_detector_top5/1.3.6.1.4.1.14519.5.2.1.6279.6001.148229375703208214308676934766/surface_grid_float_1.3.6.1.4.1.14519.5.2.1.6279.6001.148229375703208214308676934766.npy,0.5957530994460565,0.30996161699295044,0.21883554756641388,0.8823529481887817,172.12826538085938,38.532859802246094,2.0455522537231445,2.72306044101715,5.774630546569824,21.901317596435547,33,25,8,171.58908081054688,0.41724185019069243,high_review,207
detector_top5,1.3.6.1.4.1.14519.5.2.1.6279.6001.215104063467523905369326175410,outputs/luna16_saliency_synthetic_detector_top5/1.3.6.1.4.1.14519.5.2.1.6279.6001.215104063467523905369326175410/surface_1.3.6.1.4.1.14519.5.2.1.6279.6001.215104063467523905369326175410.png,outputs/luna16_saliency_synthetic_detector_top5/1.3.6.1.4.1.14519.5.2.1.6279.6001.215104063467523905369326175410/surface_grid_float_1.3.6.1.4.1.14519.5.2.1.6279.6001.215104063467523905369326175410.npy,0.6317098049215861,0.35439398884773254,0.24449656903743744,0.9882352948188782,155.44973754882812,20.399694442749023,2.3559170722961436,4.794187631607056,20.70819091796875,5.960781097412109,33,25,8,149.61624145507812,0.4161547050793965,high_review,208
detector_top5,1.3.6.1.4.1.14519.5.2.1.6279.6001.248360766706804179966476685510,outputs/luna16_saliency_synthetic_detector_top5/1.3.6.1.4.1.14519.5.2.1.6279.6001.248360766706804179966476685510/surface_1.3.6.1.4.1.14519.5.2.1.6279.6001.248360766706804179966476685510.png,outputs/luna16_saliency_synthetic_detector_top5/1.3.6.1.4.1.14519.5.2.1.6279.6001.248360766706804179966476685510/surface_grid_float_1.3.6.1.4.1.14519.5.2.1.6279.6001.248360766706804179966476685510.npy,0.6209336007130125,0.4275899827480316,0.24787329137325287,1.0,145.80496215820312,24.25830841064453,1.8543352782726288,4.963317608833305,8.401803016662598,9.73719596862793,33,25,8,142.72848510742188,0.4135460117922886,high_review,209
detector_top5,1.3.6.1.4.1.14519.5.2.1.6279.6001.313283554967554803238484128406,outputs/luna16_saliency_synthetic_detector_top5/1.3.6.1.4.1.14519.5.2.1.6279.6001.313283554967554803238484128406/surface_1.3.6.1.4.1.14519.5.2.1.6279.6001.313283554967554803238484128406.png,outputs/luna16_saliency_synthetic_detector_top5/1.3.6.1.4.1.14519.5.2.1.6279.6001.313283554967554803238484128406/surface_grid_float_1.3.6.1.4.1.14519.5.2.1.6279.6001.313283554967554803238484128406.npy,0.5239541160593792,0.3779890835285187,0.22802042961120605,1.0,162.48023986816406,33.59881591796875,1.795645827054977,3.823158297538752,4.996181011199951,12.391738891601562,33,25,8,159.84457397460938,0.41303234624332835,high_review,210
detector_top5,1.3.6.1.4.1.14519.5.2.1.6279.6001.129567032250534530765928856531,outputs/luna16_saliency_synthetic_detector_top5/1.3.6.1.4.1.14519.5.2.1.6279.6001.129567032250534530765928856531/surface_1.3.6.1.4.1.14519.5.2.1.6279.6001.129567032250534530765928856531.png,outputs/luna16_saliency_synthetic_detector_top5/1.3.6.1.4.1.14519.5.2.1.6279.6001.129567032250534530765928856531/surface_grid_float_1.3.6.1.4.1.14519.5.2.1.6279.6001.129567032250534530765928856531.npy,0.615218415452345,0.3555246591567993,0.2055933177471161,0.9411764740943909,162.08468627929688,36.312625885009766,1.9636970043182358,3.448363027572633,6.741075038909912,17.43330955505371,33,25,8,157.65972900390625,0.41233272252612646,high_review,211
detector_top5,1.3.6.1.4.1.14519.5.2.1.6279.6001.200837896655745926888305239398,outputs/luna16_saliency_synthetic_detector_top5/1.3.6.1.4.1.14519.5.2.1.6279.6001.200837896655745926888305239398/surface_1.3.6.1.4.1.14519.5.2.1.6279.6001.200837896655745926888305239398.png,outputs/luna16_saliency_synthetic_detector_top5/1.3.6.1.4.1.14519.5.2.1.6279.6001.200837896655745926888305239398/surface_grid_float_1.3.6.1.4.1.14519.5.2.1.6279.6001.200837896655745926888305239398.npy,0.5082833826821694,0.3861231505870819,0.23133140802383423,0.9254902005195618,163.85671997070312,23.246112823486328,1.793956756591797,3.190030837059025,7.1971917152404785,18.880290985107422,33,25,8,158.26856994628906,0.4107516605854036,high_review,212
detector_top5,1.3.6.1.4.1.14519.5.2.1.6279.6001.121108220866971173712229588402,outputs/luna16_saliency_synthetic_detector_top5/1.3.6.1.4.1.14519.5.2.1.6279.6001.121108220866971173712229588402/surface_1.3.6.1.4.1.14519.5.2.1.6279.6001.121108220866971173712229588402.png,outputs/luna16_saliency_synthetic_detector_top5/1.3.6.1.4.1.14519.5.2.1.6279.6001.121108220866971173712229588402/surface_grid_float_1.3.6.1.4.1.14519.5.2.1.6279.6001.121108220866971173712229588402.npy,0.5900077044183164,0.3619574308395386,0.2269783765077591,1.0,166.9514617919922,37.74318313598633,1.5438652336597443,2.6366879820823654,3.1265995502471924,23.84722900390625,33,25,8,166.64857482910156,0.41034691801336065,high_review,213
detector_top5,1.3.6.1.4.1.14519.5.2.1.6279.6001.910757789941076242457816491305,outputs/luna16_saliency_synthetic_detector_top5/1.3.6.1.4.1.14519.5.2.1.6279.6001.910757789941076242457816491305/surface_1.3.6.1.4.1.14519.5.2.1.6279.6001.910757789941076242457816491305.png,outputs/luna16_saliency_synthetic_detector_top5/1.3.6.1.4.1.14519.5.2.1.6279.6001.910757789941076242457816491305/surface_grid_float_1.3.6.1.4.1.14519.5.2.1.6279.6001.910757789941076242457816491305.npy,0.5677924847585711,0.33766424655914307,0.22241902351379395,0.9416862779855626,167.80429077148438,31.787294387817383,1.9686263620853421,2.8222479176521276,24.229324340820312,20.117311477661133,33,25,8,145.86891174316406,0.4090463920990625,high_review,214
detector_top5,1.3.6.1.4.1.14519.5.2.1.6279.6001.211956804948320236390242845468,outputs/luna16_saliency_synthetic_detector_top5/1.3.6.1.4.1.14519.5.2.1.6279.6001.211956804948320236390242845468/surface_1.3.6.1.4.1.14519.5.2.1.6279.6001.211956804948320236390242845468.png,outputs/luna16_saliency_synthetic_detector_top5/1.3.6.1.4.1.14519.5.2.1.6279.6001.211956804948320236390242845468/surface_grid_float_1.3.6.1.4.1.14519.5.2.1.6279.6001.211956804948320236390242845468.npy,0.5020624303232999,0.35608839988708496,0.24399355053901672,0.9686274528503418,164.31822204589844,41.54370880126953,2.000649046897889,2.8219137310981854,3.9026427268981934,22.2840633392334,33,25,8,162.11660766601562,0.4080412560966282,high_review,215
detector_top5,1.3.6.1.4.1.14519.5.2.1.6279.6001.905371958588660410240398317235,outputs/luna16_saliency_synthetic_detector_top5/1.3.6.1.4.1.14519.5.2.1.6279.6001.905371958588660410240398317235/surface_1.3.6.1.4.1.14519.5.2.1.6279.6001.905371958588660410240398317235.png,outputs/luna16_saliency_synthetic_detector_top5/1.3.6.1.4.1.14519.5.2.1.6279.6001.905371958588660410240398317235/surface_grid_float_1.3.6.1.4.1.14519.5.2.1.6279.6001.905371958588660410240398317235.npy,0.5627816790692799,0.3449631929397583,0.23820215463638306,0.8880392223596458,162.48489379882812,32.3144645690918,1.8146204531192764,3.6612477803230257,5.317737102508545,12.324763298034668,33,25,8,162.1553955078125,0.4080339526255925,high_review,216
detector_top5,1.3.6.1.4.1.14519.5.2.1.6279.6001.397202838387416555106806022938,outputs/luna16_saliency_synthetic_detector_top5/1.3.6.1.4.1.14519.5.2.1.6279.6001.397202838387416555106806022938/surface_1.3.6.1.4.1.14519.5.2.1.6279.6001.397202838387416555106806022938.png,outputs/luna16_saliency_synthetic_detector_top5/1.3.6.1.4.1.14519.5.2.1.6279.6001.397202838387416555106806022938/surface_grid_float_1.3.6.1.4.1.14519.5.2.1.6279.6001.397202838387416555106806022938.npy,0.3974544203646371,0.4546297490596771,0.19641996920108795,0.95686274766922,181.0897674560547,29.36304473876953,2.542793595790863,3.120307109355927,3.3187971115112305,4.737779140472412,33,25,8,180.58953857421875,0.407743905863497,high_review,217
detector_top5,1.3.6.1.4.1.14519.5.2.1.6279.6001.716498695101447665580610403574,outputs/luna16_saliency_synthetic_detector_top5/1.3.6.1.4.1.14519.5.2.1.6279.6001.716498695101447665580610403574/surface_1.3.6.1.4.1.14519.5.2.1.6279.6001.716498695101447665580610403574.png,outputs/luna16_saliency_synthetic_detector_top5/1.3.6.1.4.1.14519.5.2.1.6279.6001.716498695101447665580610403574/surface_grid_float_1.3.6.1.4.1.14519.5.2.1.6279.6001.716498695101447665580610403574.npy,0.7245704753961635,0.2926400601863861,0.22850070893764496,0.9058823585510254,150.22811889648438,31.944927215576172,1.784373766183853,4.273710145950324,8.088191032409668,12.783183097839355,33,25,8,140.80172729492188,0.4069985760900712,high_review,218
detector_top5,1.3.6.1.4.1.14519.5.2.1.6279.6001.265133389948279331857097127422,outputs/luna16_saliency_synthetic_detector_top5/1.3.6.1.4.1.14519.5.2.1.6279.6001.265133389948279331857097127422/surface_1.3.6.1.4.1.14519.5.2.1.6279.6001.265133389948279331857097127422.png,outputs/luna16_saliency_synthetic_detector_top5/1.3.6.1.4.1.14519.5.2.1.6279.6001.265133389948279331857097127422/surface_grid_float_1.3.6.1.4.1.14519.5.2.1.6279.6001.265133389948279331857097127422.npy,0.5512210540324727,0.35948020219802856,0.22819367051124573,0.9960784316062927,161.5068359375,23.61404037475586,2.1101901650428765,2.915535879135131,25.010927200317383,22.602848052978516,33,25,8,149.41830444335938,0.4068726874987284,high_review,219
detector_top5,1.3.6.1.4.1.14519.5.2.1.6279.6001.233433352108264931671753343044,outputs/luna16_saliency_synthetic_detector_top5/1.3.6.1.4.1.14519.5.2.1.6279.6001.233433352108264931671753343044/surface_1.3.6.1.4.1.14519.5.2.1.6279.6001.233433352108264931671753343044.png,outputs/luna16_saliency_synthetic_detector_top5/1.3.6.1.4.1.14519.5.2.1.6279.6001.233433352108264931671753343044/surface_grid_float_1.3.6.1.4.1.14519.5.2.1.6279.6001.233433352108264931671753343044.npy,0.5025825068503116,0.36772432923316956,0.22576270997524261,0.9627058845758358,161.53958129882812,13.567278861999512,1.445937520265579,4.16562346935272,17.35088539123535,5.661386966705322,33,25,8,154.38162231445312,0.4067821995046403,high_review,220
detector_top5,1.3.6.1.4.1.14519.5.2.1.6279.6001.185226274332527104841463955058,outputs/luna16_saliency_synthetic_detector_top5/1.3.6.1.4.1.14519.5.2.1.6279.6001.185226274332527104841463955058/surface_1.3.6.1.4.1.14519.5.2.1.6279.6001.185226274332527104841463955058.png,outputs/luna16_saliency_synthetic_detector_top5/1.3.6.1.4.1.14519.5.2.1.6279.6001.185226274332527104841463955058/surface_grid_float_1.3.6.1.4.1.14519.5.2.1.6279.6001.185226274332527104841463955058.npy,0.5126192859526193,0.368028849363327,0.22445733845233917,1.0,171.55067443847656,31.583633422851562,1.9297964572906496,2.9715134239196748,3.3699898719787598,14.063434600830078,33,25,8,171.26316833496094,0.406315270339118,high_review,221
detector_top5,1.3.6.1.4.1.14519.5.2.1.6279.6001.690929968028676628605553365896,outputs/luna16_saliency_synthetic_detector_top5/1.3.6.1.4.1.14519.5.2.1.6279.6001.690929968028676628605553365896/surface_1.3.6.1.4.1.14519.5.2.1.6279.6001.690929968028676628605553365896.png,outputs/luna16_saliency_synthetic_detector_top5/1.3.6.1.4.1.14519.5.2.1.6279.6001.690929968028676628605553365896/surface_grid_float_1.3.6.1.4.1.14519.5.2.1.6279.6001.690929968028676628605553365896.npy,0.5559244974585579,0.31313633918762207,0.2223273664712906,0.9450980424880981,173.508056640625,30.901447296142578,1.7735531747341153,2.918974955081942,3.6382219791412354,13.299287796020508,33,25,8,171.97433471679688,0.40630331593354546,high_review,222
detector_top5,1.3.6.1.4.1.14519.5.2.1.6279.6001.121805476976020513950614465787,outputs/luna16_saliency_synthetic_detector_top5/1.3.6.1.4.1.14519.5.2.1.6279.6001.121805476976020513950614465787/surface_1.3.6.1.4.1.14519.5.2.1.6279.6001.121805476976020513950614465787.png,outputs/luna16_saliency_synthetic_detector_top5/1.3.6.1.4.1.14519.5.2.1.6279.6001.121805476976020513950614465787/surface_grid_float_1.3.6.1.4.1.14519.5.2.1.6279.6001.121805476976020513950614465787.npy,0.499794206924937,0.3547976016998291,0.225239098072052,0.9075686329603206,154.84774780273438,26.86829948425293,1.5688421428203567,3.8553478550910945,8.550381660461426,14.493975639343262,33,25,8,146.0938720703125,0.4059488500780529,high_review,223
detector_top5,1.3.6.1.4.1.14519.5.2.1.6279.6001.252814707117018427472206147014,outputs/luna16_saliency_synthetic_detector_top5/1.3.6.1.4.1.14519.5.2.1.6279.6001.252814707117018427472206147014/surface_1.3.6.1.4.1.14519.5.2.1.6279.6001.252814707117018427472206147014.png,outputs/luna16_saliency_synthetic_detector_top5/1.3.6.1.4.1.14519.5.2.1.6279.6001.252814707117018427472206147014/surface_grid_float_1.3.6.1.4.1.14519.5.2.1.6279.6001.252814707117018427472206147014.npy,0.5501495827428752,0.3211131691932678,0.24466322362422943,0.9254902005195618,164.211669921875,36.806663513183594,2.1452884674072266,2.6141802787780755,2.852665424346924,24.098209381103516,33,25,8,163.7831573486328,0.40566310130225286,high_review,224
detector_top5,1.3.6.1.4.1.14519.5.2.1.6279.6001.137375498893536422914241295628,outputs/luna16_saliency_synthetic_detector_top5/1.3.6.1.4.1.14519.5.2.1.6279.6001.137375498893536422914241295628/surface_1.3.6.1.4.1.14519.5.2.1.6279.6001.137375498893536422914241295628.png,outputs/luna16_saliency_synthetic_detector_top5/1.3.6.1.4.1.14519.5.2.1.6279.6001.137375498893536422914241295628/surface_grid_float_1.3.6.1.4.1.14519.5.2.1.6279.6001.137375498893536422914241295628.npy,0.6369275997807564,0.31442537903785706,0.23685802519321442,1.0,175.09278869628906,33.3303337097168,1.501988798379898,2.2922715544700623,13.201066017150879,20.045637130737305,33,25,8,167.06741333007812,0.4051353214184443,high_review,225
detector_top5,1.3.6.1.4.1.14519.5.2.1.6279.6001.228934821089041845791238006047,outputs/luna16_saliency_synthetic_detector_top5/1.3.6.1.4.1.14519.5.2.1.6279.6001.228934821089041845791238006047/surface_1.3.6.1.4.1.14519.5.2.1.6279.6001.228934821089041845791238006047.png,outputs/luna16_saliency_synthetic_detector_top5/1.3.6.1.4.1.14519.5.2.1.6279.6001.228934821089041845791238006047/surface_grid_float_1.3.6.1.4.1.14519.5.2.1.6279.6001.228934821089041845791238006047.npy,0.5296086635491016,0.33541959524154663,0.23747369647026062,0.9437254935503063,154.7357940673828,23.048046112060547,1.3891613185405733,4.5937878894805975,29.518098831176758,3.8476359844207764,33,25,8,65.75104522705078,0.40425692898432436,high_review,226
detector_top5,1.3.6.1.4.1.14519.5.2.1.6279.6001.229664630348267553620068691756,outputs/luna16_saliency_synthetic_detector_top5/1.3.6.1.4.1.14519.5.2.1.6279.6001.229664630348267553620068691756/surface_1.3.6.1.4.1.14519.5.2.1.6279.6001.229664630348267553620068691756.png,outputs/luna16_saliency_synthetic_detector_top5/1.3.6.1.4.1.14519.5.2.1.6279.6001.229664630348267553620068691756/surface_grid_float_1.3.6.1.4.1.14519.5.2.1.6279.6001.229664630348267553620068691756.npy,0.5577809886866699,0.3978172838687897,0.24764437973499298,0.9490196108818054,156.52102661132812,34.184654235839844,1.8746114671230316,3.3828065395355185,4.6299920082092285,18.668699264526367,33,25,8,155.75595092773438,0.40383857223722663,high_review,227
detector_top5,1.3.6.1.4.1.14519.5.2.1.6279.6001.163994693532965040247348251579,outputs/luna16_saliency_synthetic_detector_top5/1.3.6.1.4.1.14519.5.2.1.6279.6001.163994693532965040247348251579/surface_1.3.6.1.4.1.14519.5.2.1.6279.6001.163994693532965040247348251579.png,outputs/luna16_saliency_synthetic_detector_top5/1.3.6.1.4.1.14519.5.2.1.6279.6001.163994693532965040247348251579/surface_grid_float_1.3.6.1.4.1.14519.5.2.1.6279.6001.163994693532965040247348251579.npy,0.5423132704858593,0.37120047211647034,0.24165761470794678,1.0,152.21127319335938,35.76337814331055,2.0134500622749325,3.8617659044265644,4.941864013671875,14.548826217651367,33,25,8,151.20199584960938,0.40186915738317674,high_review,228
detector_top5,1.3.6.1.4.1.14519.5.2.1.6279.6001.135657246677982059395844827629,outputs/luna16_saliency_synthetic_detector_top5/1.3.6.1.4.1.14519.5.2.1.6279.6001.135657246677982059395844827629/surface_1.3.6.1.4.1.14519.5.2.1.6279.6001.135657246677982059395844827629.png,outputs/luna16_saliency_synthetic_detector_top5/1.3.6.1.4.1.14519.5.2.1.6279.6001.135657246677982059395844827629/surface_grid_float_1.3.6.1.4.1.14519.5.2.1.6279.6001.135657246677982059395844827629.npy,0.6284911842721174,0.3430006802082062,0.2374759018421173,0.9960784316062927,165.47613525390625,34.36106872558594,1.7795172691345211,3.0208552646636964,15.865436553955078,15.945119857788086,33,25,8,151.99789428710938,0.40185281638039483,high_review,229
detector_top5,1.3.6.1.4.1.14519.5.2.1.6279.6001.245349763807614756148761326488,outputs/luna16_saliency_synthetic_detector_top5/1.3.6.1.4.1.14519.5.2.1.6279.6001.245349763807614756148761326488/surface_1.3.6.1.4.1.14519.5.2.1.6279.6001.245349763807614756148761326488.png,outputs/luna16_saliency_synthetic_detector_top5/1.3.6.1.4.1.14519.5.2.1.6279.6001.245349763807614756148761326488/surface_grid_float_1.3.6.1.4.1.14519.5.2.1.6279.6001.245349763807614756148761326488.npy,0.4558267190861212,0.33496490120887756,0.24896147847175598,1.0,172.91586303710938,32.53315734863281,1.9326971292495725,2.931610679626467,18.797199249267578,11.044159889221191,33,25,8,165.18885803222656,0.4006840029822456,high_review,230
detector_top5,1.3.6.1.4.1.14519.5.2.1.6279.6001.315918264676377418120578391325,outputs/luna16_saliency_synthetic_detector_top5/1.3.6.1.4.1.14519.5.2.1.6279.6001.315918264676377418120578391325/surface_1.3.6.1.4.1.14519.5.2.1.6279.6001.315918264676377418120578391325.png,outputs/luna16_saliency_synthetic_detector_top5/1.3.6.1.4.1.14519.5.2.1.6279.6001.315918264676377418120578391325/surface_grid_float_1.3.6.1.4.1.14519.5.2.1.6279.6001.315918264676377418120578391325.npy,0.614218379795332,0.3344102203845978,0.22791850566864014,0.9672156882286049,170.8883819580078,30.130992889404297,2.000286352634429,3.1399047827720636,5.305081367492676,9.72347354888916,33,25,8,168.4158172607422,0.4006188324107064,high_review,231
detector_top5,1.3.6.1.4.1.14519.5.2.1.6279.6001.226456162308124493341905600418,outputs/luna16_saliency_synthetic_detector_top5/1.3.6.1.4.1.14519.5.2.1.6279.6001.226456162308124493341905600418/surface_1.3.6.1.4.1.14519.5.2.1.6279.6001.226456162308124493341905600418.png,outputs/luna16_saliency_synthetic_detector_top5/1.3.6.1.4.1.14519.5.2.1.6279.6001.226456162308124493341905600418/surface_grid_float_1.3.6.1.4.1.14519.5.2.1.6279.6001.226456162308124493341905600418.npy,0.5767316017316018,0.36399197578430176,0.2322973608970642,0.9647058844566345,159.84849548339844,31.1800537109375,2.1738154649734454,3.2248259258270267,4.2000346183776855,16.721420288085938,33,25,8,159.5586395263672,0.40031764866511027,high_review,232
detector_top5,1.3.6.1.4.1.14519.5.2.1.6279.6001.325580698241281352835338693869,outputs/luna16_saliency_synthetic_detector_top5/1.3.6.1.4.1.14519.5.2.1.6279.6001.325580698241281352835338693869/surface_1.3.6.1.4.1.14519.5.2.1.6279.6001.325580698241281352835338693869.png,outputs/luna16_saliency_synthetic_detector_top5/1.3.6.1.4.1.14519.5.2.1.6279.6001.325580698241281352835338693869/surface_grid_float_1.3.6.1.4.1.14519.5.2.1.6279.6001.325580698241281352835338693869.npy,0.5091805630267169,0.42593470215797424,0.23423875868320465,1.0,171.295166015625,37.41756820678711,1.6719958424568175,1.9848439228534693,2.240413188934326,24.72984504699707,33,25,8,171.06982421875,0.39999247226052814,high_review,233
detector_top5,1.3.6.1.4.1.14519.5.2.1.6279.6001.219909753224298157409438012179,outputs/luna16_saliency_synthetic_detector_top5/1.3.6.1.4.1.14519.5.2.1.6279.6001.219909753224298157409438012179/surface_1.3.6.1.4.1.14519.5.2.1.6279.6001.219909753224298157409438012179.png,outputs/luna16_saliency_synthetic_detector_top5/1.3.6.1.4.1.14519.5.2.1.6279.6001.219909753224298157409438012179/surface_grid_float_1.3.6.1.4.1.14519.5.2.1.6279.6001.219909753224298157409438012179.npy,0.6922692307692307,0.3366432189941406,0.24424323439598083,0.9529411792755127,156.9526824951172,29.06291389465332,1.8845333278179157,3.22833371639253,10.45203971862793,18.604816436767578,33,25,8,153.77090454101562,0.3997818521764547,high_review,234
detector_top5,1.3.6.1.4.1.14519.5.2.1.6279.6001.776800177074349870648765614630,outputs/luna16_saliency_synthetic_detector_top5/1.3.6.1.4.1.14519.5.2.1.6279.6001.776800177074349870648765614630/surface_1.3.6.1.4.1.14519.5.2.1.6279.6001.776800177074349870648765614630.png,outputs/luna16_saliency_synthetic_detector_top5/1.3.6.1.4.1.14519.5.2.1.6279.6001.776800177074349870648765614630/surface_grid_float_1.3.6.1.4.1.14519.5.2.1.6279.6001.776800177074349870648765614630.npy,0.04221798609553712,0.7469277381896973,0.12516149878501892,1.0,51.2049560546875,13.82060718536377,1.5644395470619161,2.9665115618705755,11.035155296325684,5.22392463684082,33,25,8,28.01739501953125,0.39924034882012466,high_review,235
detector_top5,1.3.6.1.4.1.14519.5.2.1.6279.6001.652347820272212119124022644822,outputs/luna16_saliency_synthetic_detector_top5/1.3.6.1.4.1.14519.5.2.1.6279.6001.652347820272212119124022644822/surface_1.3.6.1.4.1.14519.5.2.1.6279.6001.652347820272212119124022644822.png,outputs/luna16_saliency_synthetic_detector_top5/1.3.6.1.4.1.14519.5.2.1.6279.6001.652347820272212119124022644822/surface_grid_float_1.3.6.1.4.1.14519.5.2.1.6279.6001.652347820272212119124022644822.npy,0.5271308711675684,0.3326399326324463,0.24517175555229187,0.9411764740943909,172.45143127441406,35.014102935791016,1.8096373319625854,2.258840355873108,2.4332525730133057,19.69558334350586,33,25,8,171.74839782714844,0.3989522257857852,high_review,236
detector_top5,1.3.6.1.4.1.14519.5.2.1.6279.6001.193408384740507320589857096592,outputs/luna16_saliency_synthetic_detector_top5/1.3.6.1.4.1.14519.5.2.1.6279.6001.193408384740507320589857096592/surface_1.3.6.1.4.1.14519.5.2.1.6279.6001.193408384740507320589857096592.png,outputs/luna16_saliency_synthetic_detector_top5/1.3.6.1.4.1.14519.5.2.1.6279.6001.193408384740507320589857096592/surface_grid_float_1.3.6.1.4.1.14519.5.2.1.6279.6001.193408384740507320589857096592.npy,0.5885710887792115,0.35839948058128357,0.24824075400829315,1.0,141.25880432128906,27.66841697692871,1.9791337251663208,4.68565034866333,9.984100341796875,10.230204582214355,33,25,8,137.31036376953125,0.39873463895585803,high_review,237
detector_top5,1.3.6.1.4.1.14519.5.2.1.6279.6001.193808128386712859512130599234,outputs/luna16_saliency_synthetic_detector_top5/1.3.6.1.4.1.14519.5.2.1.6279.6001.193808128386712859512130599234/surface_1.3.6.1.4.1.14519.5.2.1.6279.6001.193808128386712859512130599234.png,outputs/luna16_saliency_synthetic_detector_top5/1.3.6.1.4.1.14519.5.2.1.6279.6001.193808128386712859512130599234/surface_grid_float_1.3.6.1.4.1.14519.5.2.1.6279.6001.193808128386712859512130599234.npy,0.4628083394852735,0.34731772541999817,0.2353201061487198,0.9607843160629272,175.64463806152344,35.00922393798828,2.009180963039398,2.7242314219474877,12.193451881408691,10.77515697479248,33,25,8,140.0054168701172,0.3984127993716136,high_review,238
detector_top5,1.3.6.1.4.1.14519.5.2.1.6279.6001.997611074084993415992563148335,outputs/luna16_saliency_synthetic_detector_top5/1.3.6.1.4.1.14519.5.2.1.6279.6001.997611074084993415992563148335/surface_1.3.6.1.4.1.14519.5.2.1.6279.6001.997611074084993415992563148335.png,outputs/luna16_saliency_synthetic_detector_top5/1.3.6.1.4.1.14519.5.2.1.6279.6001.997611074084993415992563148335/surface_grid_float_1.3.6.1.4.1.14519.5.2.1.6279.6001.997611074084993415992563148335.npy,0.5282616892911011,0.3982785940170288,0.23837745189666748,0.9137254953384399,163.41134643554688,33.13861083984375,2.4877208948135374,2.99421763420105,3.3201448917388916,16.168411254882812,33,25,8,162.607421875,0.39810857587390475,high_review,239
detector_top5,1.3.6.1.4.1.14519.5.2.1.6279.6001.213022585153512920098588556742,outputs/luna16_saliency_synthetic_detector_top5/1.3.6.1.4.1.14519.5.2.1.6279.6001.213022585153512920098588556742/surface_1.3.6.1.4.1.14519.5.2.1.6279.6001.213022585153512920098588556742.png,outputs/luna16_saliency_synthetic_detector_top5/1.3.6.1.4.1.14519.5.2.1.6279.6001.213022585153512920098588556742/surface_grid_float_1.3.6.1.4.1.14519.5.2.1.6279.6001.213022585153512920098588556742.npy,0.5498138117806364,0.332606703042984,0.22956018149852753,0.9065882408618938,164.34521484375,31.471641540527344,1.6492791533470152,2.32406975030899,3.688045024871826,24.464866638183594,33,25,8,163.75128173828125,0.39799715422259435,high_review,240
detector_top5,1.3.6.1.4.1.14519.5.2.1.6279.6001.247816269490470394602288565775,outputs/luna16_saliency_synthetic_detector_top5/1.3.6.1.4.1.14519.5.2.1.6279.6001.247816269490470394602288565775/surface_1.3.6.1.4.1.14519.5.2.1.6279.6001.247816269490470394602288565775.png,outputs/luna16_saliency_synthetic_detector_top5/1.3.6.1.4.1.14519.5.2.1.6279.6001.247816269490470394602288565775/surface_grid_float_1.3.6.1.4.1.14519.5.2.1.6279.6001.247816269490470394602288565775.npy,0.511088067820044,0.3998682498931885,0.2403264194726944,0.8901960849761963,169.17454528808594,36.15259552001953,2.016378307342529,2.329944162368774,2.8918724060058594,20.518962860107422,33,25,8,168.74359130859375,0.3974535955958896,high_review,241
detector_top5,1.3.6.1.4.1.14519.5.2.1.6279.6001.518487185634324801733841260431,outputs/luna16_saliency_synthetic_detector_top5/1.3.6.1.4.1.14519.5.2.1.6279.6001.518487185634324801733841260431/surface_1.3.6.1.4.1.14519.5.2.1.6279.6001.518487185634324801733841260431.png,outputs/luna16_saliency_synthetic_detector_top5/1.3.6.1.4.1.14519.5.2.1.6279.6001.518487185634324801733841260431/surface_grid_float_1.3.6.1.4.1.14519.5.2.1.6279.6001.518487185634324801733841260431.npy,0.2996450047091212,0.3654562830924988,0.24812768399715424,0.9450980424880981,134.3331298828125,24.26866912841797,1.7258691191673285,3.7090115308761598,11.943748474121094,14.554139137268066,33,25,8,118.71665954589844,0.3962757101704828,high_review,242
detector_top5,1.3.6.1.4.1.14519.5.2.1.6279.6001.313605260055394498989743099991,outputs/luna16_saliency_synthetic_detector_top5/1.3.6.1.4.1.14519.5.2.1.6279.6001.313605260055394498989743099991/surface_1.3.6.1.4.1.14519.5.2.1.6279.6001.313605260055394498989743099991.png,outputs/luna16_saliency_synthetic_detector_top5/1.3.6.1.4.1.14519.5.2.1.6279.6001.313605260055394498989743099991/surface_grid_float_1.3.6.1.4.1.14519.5.2.1.6279.6001.313605260055394498989743099991.npy,0.5314175634056859,0.3346300721168518,0.23054340481758118,0.9490196108818054,157.56094360351562,30.32208251953125,2.092726039886474,3.8786201524734514,6.131000995635986,7.686990737915039,33,25,8,154.0609588623047,0.3960423788865408,high_review,243
detector_top5,1.3.6.1.4.1.14519.5.2.1.6279.6001.961063442349005937536597225349,outputs/luna16_saliency_synthetic_detector_top5/1.3.6.1.4.1.14519.5.2.1.6279.6001.961063442349005937536597225349/surface_1.3.6.1.4.1.14519.5.2.1.6279.6001.961063442349005937536597225349.png,outputs/luna16_saliency_synthetic_detector_top5/1.3.6.1.4.1.14519.5.2.1.6279.6001.961063442349005937536597225349/surface_grid_float_1.3.6.1.4.1.14519.5.2.1.6279.6001.961063442349005937536597225349.npy,0.5875143330360556,0.34112825989723206,0.22650443017482758,0.9602745121717555,174.02426147460938,39.62981033325195,1.2799933671951296,2.203081328868866,3.0758492946624756,17.94055938720703,33,25,8,173.71217346191406,0.3960007854064306,high_review,244
detector_top5,1.3.6.1.4.1.14519.5.2.1.6279.6001.159521777966998275980367008904,outputs/luna16_saliency_synthetic_detector_top5/1.3.6.1.4.1.14519.5.2.1.6279.6001.159521777966998275980367008904/surface_1.3.6.1.4.1.14519.5.2.1.6279.6001.159521777966998275980367008904.png,outputs/luna16_saliency_synthetic_detector_top5/1.3.6.1.4.1.14519.5.2.1.6279.6001.159521777966998275980367008904/surface_grid_float_1.3.6.1.4.1.14519.5.2.1.6279.6001.159521777966998275980367008904.npy,0.64395998266966,0.3449513614177704,0.23834353685379028,0.9607843160629272,156.35641479492188,30.413387298583984,2.1439875006675715,3.1228838300704873,10.651491165161133,18.738147735595703,33,25,8,155.94369506835938,0.3959208678616415,high_review,245
detector_top5,1.3.6.1.4.1.14519.5.2.1.6279.6001.185154482385982570363528682299,outputs/luna16_saliency_synthetic_detector_top5/1.3.6.1.4.1.14519.5.2.1.6279.6001.185154482385982570363528682299/surface_1.3.6.1.4.1.14519.5.2.1.6279.6001.185154482385982570363528682299.png,outputs/luna16_saliency_synthetic_detector_top5/1.3.6.1.4.1.14519.5.2.1.6279.6001.185154482385982570363528682299/surface_grid_float_1.3.6.1.4.1.14519.5.2.1.6279.6001.185154482385982570363528682299.npy,0.6422407120743034,0.3289344310760498,0.253891259431839,1.0,159.19668579101562,28.620243072509766,2.2625170230865472,3.2996713972091674,5.244269371032715,13.645225524902344,33,25,8,158.17001342773438,0.39464067495663957,high_review,246
detector_top5,1.3.6.1.4.1.14519.5.2.1.6279.6001.440226700369921575481834344455,outputs/luna16_saliency_synthetic_detector_top5/1.3.6.1.4.1.14519.5.2.1.6279.6001.440226700369921575481834344455/surface_1.3.6.1.4.1.14519.5.2.1.6279.6001.440226700369921575481834344455.png,outputs/luna16_saliency_synthetic_detector_top5/1.3.6.1.4.1.14519.5.2.1.6279.6001.440226700369921575481834344455/surface_grid_float_1.3.6.1.4.1.14519.5.2.1.6279.6001.440226700369921575481834344455.npy,0.5397922443405206,0.369462788105011,0.23889145255088806,0.9764705896377563,161.85040283203125,31.994197845458984,2.2071282386779734,3.5362293243408187,4.071599960327148,8.35232162475586,33,25,8,160.7081298828125,0.39439826583862303,high_review,247
detector_top5,1.3.6.1.4.1.14519.5.2.1.6279.6001.219281726101239572270900838145,outputs/luna16_saliency_synthetic_detector_top5/1.3.6.1.4.1.14519.5.2.1.6279.6001.219281726101239572270900838145/surface_1.3.6.1.4.1.14519.5.2.1.6279.6001.219281726101239572270900838145.png,outputs/luna16_saliency_synthetic_detector_top5/1.3.6.1.4.1.14519.5.2.1.6279.6001.219281726101239572270900838145/surface_grid_float_1.3.6.1.4.1.14519.5.2.1.6279.6001.219281726101239572270900838145.npy,0.46335243268307225,0.32316869497299194,0.20910078287124634,0.8588235378265381,157.47360229492188,26.138336181640625,1.6245761513709984,2.9159042310714733,5.2299323081970215,19.79039192199707,33,25,8,153.12136840820312,0.39391177947256306,high_review,248
detector_top5,1.3.6.1.4.1.14519.5.2.1.6279.6001.724251104254976962355686318345,outputs/luna16_saliency_synthetic_detector_top5/1.3.6.1.4.1.14519.5.2.1.6279.6001.724251104254976962355686318345/surface_1.3.6.1.4.1.14519.5.2.1.6279.6001.724251104254976962355686318345.png,outputs/luna16_saliency_synthetic_detector_top5/1.3.6.1.4.1.14519.5.2.1.6279.6001.724251104254976962355686318345/surface_grid_float_1.3.6.1.4.1.14519.5.2.1.6279.6001.724251104254976962355686318345.npy,0.548408603857449,0.3782595992088318,0.22623665630817413,0.9490196108818054,158.7202911376953,33.895328521728516,2.1580495595932003,3.4422684097289986,4.434652328491211,11.536158561706543,33,25,8,158.2962646484375,0.3934377787695989,high_review,249
detector_top5,1.3.6.1.4.1.14519.5.2.1.6279.6001.241717018262666382493757419144,outputs/luna16_saliency_synthetic_detector_top5/1.3.6.1.4.1.14519.5.2.1.6279.6001.241717018262666382493757419144/surface_1.3.6.1.4.1.14519.5.2.1.6279.6001.241717018262666382493757419144.png,outputs/luna16_saliency_synthetic_detector_top5/1.3.6.1.4.1.14519.5.2.1.6279.6001.241717018262666382493757419144/surface_grid_float_1.3.6.1.4.1.14519.5.2.1.6279.6001.241717018262666382493757419144.npy,0.4424864602699863,0.36171263456344604,0.22633028030395508,0.843137264251709,148.145751953125,27.619314193725586,2.472325468063354,3.588231987953176,4.672497749328613,16.674928665161133,33,25,8,146.1533966064453,0.3916119432608284,high_review,250
detector_top5,1.3.6.1.4.1.14519.5.2.1.6279.6001.194440094986948071643661798326,outputs/luna16_saliency_synthetic_detector_top5/1.3.6.1.4.1.14519.5.2.1.6279.6001.194440094986948071643661798326/surface_1.3.6.1.4.1.14519.5.2.1.6279.6001.194440094986948071643661798326.png,outputs/luna16_saliency_synthetic_detector_top5/1.3.6.1.4.1.14519.5.2.1.6279.6001.194440094986948071643661798326/surface_grid_float_1.3.6.1.4.1.14519.5.2.1.6279.6001.194440094986948071643661798326.npy,0.5791165434278778,0.30302396416664124,0.21731536090373993,0.8470588326454163,172.77084350585938,38.458621978759766,1.8493580400943752,2.554487674236298,2.7853996753692627,12.049263000488281,33,25,8,172.38497924804688,0.391362176071273,high_review,251
detector_top5,1.3.6.1.4.1.14519.5.2.1.6279.6001.183184435049555024219115904825,outputs/luna16_saliency_synthetic_detector_top5/1.3.6.1.4.1.14519.5.2.1.6279.6001.183184435049555024219115904825/surface_1.3.6.1.4.1.14519.5.2.1.6279.6001.183184435049555024219115904825.png,outputs/luna16_saliency_synthetic_detector_top5/1.3.6.1.4.1.14519.5.2.1.6279.6001.183184435049555024219115904825/surface_grid_float_1.3.6.1.4.1.14519.5.2.1.6279.6001.183184435049555024219115904825.npy,0.5214265689454924,0.3692651391029358,0.26214054226875305,1.0,148.37899780273438,34.90553283691406,1.7361808121204374,3.411047337055204,9.34633731842041,18.389570236206055,33,25,8,139.32815551757812,0.3904954614188936,high_review,252
detector_top5,1.3.6.1.4.1.14519.5.2.1.6279.6001.487268565754493433372433148666,outputs/luna16_saliency_synthetic_detector_top5/1.3.6.1.4.1.14519.5.2.1.6279.6001.487268565754493433372433148666/surface_1.3.6.1.4.1.14519.5.2.1.6279.6001.487268565754493433372433148666.png,outputs/luna16_saliency_synthetic_detector_top5/1.3.6.1.4.1.14519.5.2.1.6279.6001.487268565754493433372433148666/surface_grid_float_1.3.6.1.4.1.14519.5.2.1.6279.6001.487268565754493433372433148666.npy,0.13300066533599467,0.46035057306289673,0.2574235796928406,1.0,80.38339233398438,14.067157745361328,1.536857563257218,3.832867860794054,18.538965225219727,7.58085298538208,33,25,8,31.209075927734375,0.38980431615598105,high_review,253
detector_top5,1.3.6.1.4.1.14519.5.2.1.6279.6001.287560874054243719452635194040,outputs/luna16_saliency_synthetic_detector_top5/1.3.6.1.4.1.14519.5.2.1.6279.6001.287560874054243719452635194040/surface_1.3.6.1.4.1.14519.5.2.1.6279.6001.287560874054243719452635194040.png,outputs/luna16_saliency_synthetic_detector_top5/1.3.6.1.4.1.14519.5.2.1.6279.6001.287560874054243719452635194040/surface_grid_float_1.3.6.1.4.1.14519.5.2.1.6279.6001.287560874054243719452635194040.npy,0.6560651289009498,0.3479607105255127,0.22299276292324066,0.8823529481887817,138.49166870117188,28.80121421813965,2.018783473968504,4.0737467956543085,6.284862041473389,16.49049186706543,33,25,8,137.2025909423828,0.38967738918728334,high_review,254
detector_top5,1.3.6.1.4.1.14519.5.2.1.6279.6001.323541312620128092852212458228,outputs/luna16_saliency_synthetic_detector_top5/1.3.6.1.4.1.14519.5.2.1.6279.6001.323541312620128092852212458228/surface_1.3.6.1.4.1.14519.5.2.1.6279.6001.323541312620128092852212458228.png,outputs/luna16_saliency_synthetic_detector_top5/1.3.6.1.4.1.14519.5.2.1.6279.6001.323541312620128092852212458228/surface_grid_float_1.3.6.1.4.1.14519.5.2.1.6279.6001.323541312620128092852212458228.npy,0.5694846649993418,0.37058499455451965,0.22118942439556122,0.8784313797950745,142.4990234375,22.80344009399414,1.9373729526996613,3.758959710597992,5.169660568237305,17.582305908203125,33,25,8,141.3817596435547,0.38933895462089113,high_review,255
detector_top5,1.3.6.1.4.1.14519.5.2.1.6279.6001.306948744223170422945185006551,outputs/luna16_saliency_synthetic_detector_top5/1.3.6.1.4.1.14519.5.2.1.6279.6001.306948744223170422945185006551/surface_1.3.6.1.4.1.14519.5.2.1.6279.6001.306948744223170422945185006551.png,outputs/luna16_saliency_synthetic_detector_top5/1.3.6.1.4.1.14519.5.2.1.6279.6001.306948744223170422945185006551/surface_grid_float_1.3.6.1.4.1.14519.5.2.1.6279.6001.306948744223170422945185006551.npy,0.514912904372556,0.380167156457901,0.24060676991939545,0.9960784316062927,132.74974060058594,29.644474029541016,1.4754566609859465,4.384788923263548,10.003254890441895,15.870935440063477,33,25,8,124.77745056152344,0.38806198078791293,high_review,256
detector_top5,1.3.6.1.4.1.14519.5.2.1.6279.6001.241083615484551649610616348856,outputs/luna16_saliency_synthetic_detector_top5/1.3.6.1.4.1.14519.5.2.1.6279.6001.241083615484551649610616348856/surface_1.3.6.1.4.1.14519.5.2.1.6279.6001.241083615484551649610616348856.png,outputs/luna16_saliency_synthetic_detector_top5/1.3.6.1.4.1.14519.5.2.1.6279.6001.241083615484551649610616348856/surface_grid_float_1.3.6.1.4.1.14519.5.2.1.6279.6001.241083615484551649610616348856.npy,0.3707912695279454,0.3753068745136261,0.20253059267997742,0.9411764740943909,175.7311248779297,42.48705291748047,1.6546539425849913,1.8512832736968996,9.767059326171875,17.462364196777344,33,25,8,174.57156372070312,0.3872289601114061,high_review,257
detector_top5,1.3.6.1.4.1.14519.5.2.1.6279.6001.214800939017429618305208626314,outputs/luna16_saliency_synthetic_detector_top5/1.3.6.1.4.1.14519.5.2.1.6279.6001.214800939017429618305208626314/surface_1.3.6.1.4.1.14519.5.2.1.6279.6001.214800939017429618305208626314.png,outputs/luna16_saliency_synthetic_detector_top5/1.3.6.1.4.1.14519.5.2.1.6279.6001.214800939017429618305208626314/surface_grid_float_1.3.6.1.4.1.14519.5.2.1.6279.6001.214800939017429618305208626314.npy,0.6510416666666666,0.2999415993690491,0.2301696240901947,0.9137254953384399,156.1285400390625,28.47567367553711,1.8544092774391174,2.5398836684226986,2.7991623878479004,22.779117584228516,33,25,8,155.6842041015625,0.387031004749404,high_review,258
detector_top5,1.3.6.1.4.1.14519.5.2.1.6279.6001.312127933722985204808706697221,outputs/luna16_saliency_synthetic_detector_top5/1.3.6.1.4.1.14519.5.2.1.6279.6001.312127933722985204808706697221/surface_1.3.6.1.4.1.14519.5.2.1.6279.6001.312127933722985204808706697221.png,outputs/luna16_saliency_synthetic_detector_top5/1.3.6.1.4.1.14519.5.2.1.6279.6001.312127933722985204808706697221/surface_grid_float_1.3.6.1.4.1.14519.5.2.1.6279.6001.312127933722985204808706697221.npy,0.4848741871642635,0.41404351592063904,0.23412708938121796,0.95686274766922,143.51710510253906,24.521892547607422,2.3976743817329393,4.129603438377381,26.29088020324707,10.011322021484375,33,25,8,106.50074005126953,0.3853306605921851,high_review,259
detector_top5,1.3.6.1.4.1.14519.5.2.1.6279.6001.231834776365874788440767645596,outputs/luna16_saliency_synthetic_detector_top5/1.3.6.1.4.1.14519.5.2.1.6279.6001.231834776365874788440767645596/surface_1.3.6.1.4.1.14519.5.2.1.6279.6001.231834776365874788440767645596.png,outputs/luna16_saliency_synthetic_detector_top5/1.3.6.1.4.1.14519.5.2.1.6279.6001.231834776365874788440767645596/surface_grid_float_1.3.6.1.4.1.14519.5.2.1.6279.6001.231834776365874788440767645596.npy,0.6030458160275605,0.34482723474502563,0.24206161499023438,1.0,170.2803955078125,35.16016387939453,1.5703202366828901,1.9474989783763887,4.3865509033203125,19.250350952148438,33,25,8,169.6457061767578,0.3850041862024201,high_review,260
detector_top5,1.3.6.1.4.1.14519.5.2.1.6279.6001.281489753704424911132261151767,outputs/luna16_saliency_synthetic_detector_top5/1.3.6.1.4.1.14519.5.2.1.6279.6001.281489753704424911132261151767/surface_1.3.6.1.4.1.14519.5.2.1.6279.6001.281489753704424911132261151767.png,outputs/luna16_saliency_synthetic_detector_top5/1.3.6.1.4.1.14519.5.2.1.6279.6001.281489753704424911132261151767/surface_grid_float_1.3.6.1.4.1.14519.5.2.1.6279.6001.281489753704424911132261151767.npy,0.711819947538095,0.32609638571739197,0.22711877524852753,0.95686274766922,158.7088623046875,30.14582061767578,2.260512113571167,2.908061408996582,3.286686897277832,14.91307258605957,33,25,8,158.30245971679688,0.3848967740800645,high_review,261
detector_top5,1.3.6.1.4.1.14519.5.2.1.6279.6001.276351267409869539593937734609,outputs/luna16_saliency_synthetic_detector_top5/1.3.6.1.4.1.14519.5.2.1.6279.6001.276351267409869539593937734609/surface_1.3.6.1.4.1.14519.5.2.1.6279.6001.276351267409869539593937734609.png,outputs/luna16_saliency_synthetic_detector_top5/1.3.6.1.4.1.14519.5.2.1.6279.6001.276351267409869539593937734609/surface_grid_float_1.3.6.1.4.1.14519.5.2.1.6279.6001.276351267409869539593937734609.npy,0.5950430228208006,0.3524276614189148,0.24871596693992615,0.9647058844566345,142.24362182617188,31.52643585205078,2.1405183553695677,3.4628156232833813,4.022658348083496,19.73444366455078,33,25,8,141.0612335205078,0.38481149099667855,high_review,262
detector_top5,1.3.6.1.4.1.14519.5.2.1.6279.6001.303421828981831854739626597495,outputs/luna16_saliency_synthetic_detector_top5/1.3.6.1.4.1.14519.5.2.1.6279.6001.303421828981831854739626597495/surface_1.3.6.1.4.1.14519.5.2.1.6279.6001.303421828981831854739626597495.png,outputs/luna16_saliency_synthetic_detector_top5/1.3.6.1.4.1.14519.5.2.1.6279.6001.303421828981831854739626597495/surface_grid_float_1.3.6.1.4.1.14519.5.2.1.6279.6001.303421828981831854739626597495.npy,0.6211814501288185,0.34364596009254456,0.2660731375217438,0.9843137264251709,168.51229858398438,40.445438385009766,1.687048286199569,2.262422456741333,4.672175884246826,16.027097702026367,33,25,8,168.291259765625,0.384342277346717,high_review,263
detector_top5,1.3.6.1.4.1.14519.5.2.1.6279.6001.658611160253017715059194304729,outputs/luna16_saliency_synthetic_detector_top5/1.3.6.1.4.1.14519.5.2.1.6279.6001.658611160253017715059194304729/surface_1.3.6.1.4.1.14519.5.2.1.6279.6001.658611160253017715059194304729.png,outputs/luna16_saliency_synthetic_detector_top5/1.3.6.1.4.1.14519.5.2.1.6279.6001.658611160253017715059194304729/surface_grid_float_1.3.6.1.4.1.14519.5.2.1.6279.6001.658611160253017715059194304729.npy,0.5935846957583955,0.30796384811401367,0.2133883833885193,0.8313725590705872,172.89962768554688,31.936153411865234,1.71710113286972,2.5438975524902343,11.038423538208008,8.805084228515625,33,25,8,167.22496032714844,0.38404982655843095,high_review,264
detector_top5,1.3.6.1.4.1.14519.5.2.1.6279.6001.195557219224169985110295082004,outputs/luna16_saliency_synthetic_detector_top5/1.3.6.1.4.1.14519.5.2.1.6279.6001.195557219224169985110295082004/surface_1.3.6.1.4.1.14519.5.2.1.6279.6001.195557219224169985110295082004.png,outputs/luna16_saliency_synthetic_detector_top5/1.3.6.1.4.1.14519.5.2.1.6279.6001.195557219224169985110295082004/surface_grid_float_1.3.6.1.4.1.14519.5.2.1.6279.6001.195557219224169985110295082004.npy,0.6357315001382798,0.3265937268733978,0.2494795322418213,1.0,145.42823791503906,29.119064331054688,2.112963569164275,3.625197265148163,5.896895885467529,14.698968887329102,33,25,8,144.43875122070312,0.3838006897846858,high_review,265
detector_top5,1.3.6.1.4.1.14519.5.2.1.6279.6001.123697637451437522065941162930,outputs/luna16_saliency_synthetic_detector_top5/1.3.6.1.4.1.14519.5.2.1.6279.6001.123697637451437522065941162930/surface_1.3.6.1.4.1.14519.5.2.1.6279.6001.123697637451437522065941162930.png,outputs/luna16_saliency_synthetic_detector_top5/1.3.6.1.4.1.14519.5.2.1.6279.6001.123697637451437522065941162930/surface_grid_float_1.3.6.1.4.1.14519.5.2.1.6279.6001.123697637451437522065941162930.npy,0.5262969251084701,0.34522780776023865,0.23401446640491486,0.9647843158245104,145.81150817871094,27.461896896362305,2.341469955444329,4.193087430000283,5.763652324676514,6.654768466949463,33,25,8,143.4649658203125,0.3836001775688588,high_review,266
detector_top5,1.3.6.1.4.1.14519.5.2.1.6279.6001.447468612991222399440694673357,outputs/luna16_saliency_synthetic_detector_top5/1.3.6.1.4.1.14519.5.2.1.6279.6001.447468612991222399440694673357/surface_1.3.6.1.4.1.14519.5.2.1.6279.6001.447468612991222399440694673357.png,outputs/luna16_saliency_synthetic_detector_top5/1.3.6.1.4.1.14519.5.2.1.6279.6001.447468612991222399440694673357/surface_grid_float_1.3.6.1.4.1.14519.5.2.1.6279.6001.447468612991222399440694673357.npy,0.5829811308196612,0.334584504365921,0.2288879007101059,0.9254902005195618,138.6682586669922,21.62126922607422,1.610794705152511,4.416579966545101,8.31868839263916,8.805749893188477,33,25,8,132.4453125,0.3831794965373144,high_review,267
detector_top5,1.3.6.1.4.1.14519.5.2.1.6279.6001.188619674701053082195613114069,outputs/luna16_saliency_synthetic_detector_top5/1.3.6.1.4.1.14519.5.2.1.6279.6001.188619674701053082195613114069/surface_1.3.6.1.4.1.14519.5.2.1.6279.6001.188619674701053082195613114069.png,outputs/luna16_saliency_synthetic_detector_top5/1.3.6.1.4.1.14519.5.2.1.6279.6001.188619674701053082195613114069/surface_grid_float_1.3.6.1.4.1.14519.5.2.1.6279.6001.188619674701053082195613114069.npy,0.5237268518518519,0.37329182028770447,0.2477879375219345,1.0,158.27464294433594,35.26640701293945,2.0772695302963244,2.854876747131348,3.367079257965088,15.167582511901855,33,25,8,156.030029296875,0.38314311290317116,high_review,268
detector_top5,1.3.6.1.4.1.14519.5.2.1.6279.6001.217955041973656886482758642958,outputs/luna16_saliency_synthetic_detector_top5/1.3.6.1.4.1.14519.5.2.1.6279.6001.217955041973656886482758642958/surface_1.3.6.1.4.1.14519.5.2.1.6279.6001.217955041973656886482758642958.png,outputs/luna16_saliency_synthetic_detector_top5/1.3.6.1.4.1.14519.5.2.1.6279.6001.217955041973656886482758642958/surface_grid_float_1.3.6.1.4.1.14519.5.2.1.6279.6001.217955041973656886482758642958.npy,0.4628799202790234,0.3763189911842346,0.2369142770767212,1.0,172.7144775390625,29.81308937072754,2.237823724746704,2.718236303329468,6.717063903808594,6.087521076202393,33,25,8,170.54022216796875,0.38293237627877125,high_review,269
detector_top5,1.3.6.1.4.1.14519.5.2.1.6279.6001.483655032093002252444764787700,outputs/luna16_saliency_synthetic_detector_top5/1.3.6.1.4.1.14519.5.2.1.6279.6001.483655032093002252444764787700/surface_1.3.6.1.4.1.14519.5.2.1.6279.6001.483655032093002252444764787700.png,outputs/luna16_saliency_synthetic_detector_top5/1.3.6.1.4.1.14519.5.2.1.6279.6001.483655032093002252444764787700/surface_grid_float_1.3.6.1.4.1.14519.5.2.1.6279.6001.483655032093002252444764787700.npy,0.6160892436060221,0.31502029299736023,0.2312983274459839,0.9490196108818054,136.46572875976562,21.961505889892578,1.993391513824463,4.324562668800354,22.78932762145996,11.507928848266602,33,25,8,61.37071228027344,0.38275293654865683,high_review,270
detector_top5,1.3.6.1.4.1.14519.5.2.1.6279.6001.939216568327879462530496768794,outputs/luna16_saliency_synthetic_detector_top5/1.3.6.1.4.1.14519.5.2.1.6279.6001.939216568327879462530496768794/surface_1.3.6.1.4.1.14519.5.2.1.6279.6001.939216568327879462530496768794.png,outputs/luna16_saliency_synthetic_detector_top5/1.3.6.1.4.1.14519.5.2.1.6279.6001.939216568327879462530496768794/surface_grid_float_1.3.6.1.4.1.14519.5.2.1.6279.6001.939216568327879462530496768794.npy,0.05241661882144162,0.7010675668716431,0.12189430743455887,1.0,51.59124755859375,12.488786697387695,0.8398601710796356,2.491176462173461,5.849648952484131,5.805117130279541,33,25,8,30.997283935546875,0.3827214594228384,high_review,271
detector_top5,1.3.6.1.4.1.14519.5.2.1.6279.6001.275766318636944297772360944907,outputs/luna16_saliency_synthetic_detector_top5/1.3.6.1.4.1.14519.5.2.1.6279.6001.275766318636944297772360944907/surface_1.3.6.1.4.1.14519.5.2.1.6279.6001.275766318636944297772360944907.png,outputs/luna16_saliency_synthetic_detector_top5/1.3.6.1.4.1.14519.5.2.1.6279.6001.275766318636944297772360944907/surface_grid_float_1.3.6.1.4.1.14519.5.2.1.6279.6001.275766318636944297772360944907.npy,0.621430488459474,0.32964134216308594,0.22230471670627594,0.9843137264251709,145.2694091796875,24.2366886138916,1.9279035508632665,3.146068243980407,6.758515357971191,20.459836959838867,33,25,8,142.92405700683594,0.38196403364075554,high_review,272
detector_top5,1.3.6.1.4.1.14519.5.2.1.6279.6001.216652640878960522552873394709,outputs/luna16_saliency_synthetic_detector_top5/1.3.6.1.4.1.14519.5.2.1.6279.6001.216652640878960522552873394709/surface_1.3.6.1.4.1.14519.5.2.1.6279.6001.216652640878960522552873394709.png,outputs/luna16_saliency_synthetic_detector_top5/1.3.6.1.4.1.14519.5.2.1.6279.6001.216652640878960522552873394709/surface_grid_float_1.3.6.1.4.1.14519.5.2.1.6279.6001.216652640878960522552873394709.npy,0.6008285609845254,0.35719120502471924,0.23803205788135529,0.9725490212440491,142.0896453857422,25.867055892944336,2.0491421222686768,3.3613625240325926,4.0516581535339355,19.93457794189453,33,25,8,140.57432556152344,0.3819560134569804,high_review,273
detector_top5,1.3.6.1.4.1.14519.5.2.1.6279.6001.200513183558872708878454294671,outputs/luna16_saliency_synthetic_detector_top5/1.3.6.1.4.1.14519.5.2.1.6279.6001.200513183558872708878454294671/surface_1.3.6.1.4.1.14519.5.2.1.6279.6001.200513183558872708878454294671.png,outputs/luna16_saliency_synthetic_detector_top5/1.3.6.1.4.1.14519.5.2.1.6279.6001.200513183558872708878454294671/surface_grid_float_1.3.6.1.4.1.14519.5.2.1.6279.6001.200513183558872708878454294671.npy,0.27125721652373747,0.32595130801200867,0.24126523733139038,0.9899215692281734,124.46517944335938,27.181814193725586,1.6214672386646265,3.4358415985107222,6.846383094787598,11.296309471130371,33,25,8,119.06364440917969,0.38061599990224926,high_review,274
detector_top5,1.3.6.1.4.1.14519.5.2.1.6279.6001.114195693932194925962391697338,outputs/luna16_saliency_synthetic_detector_top5/1.3.6.1.4.1.14519.5.2.1.6279.6001.114195693932194925962391697338/surface_1.3.6.1.4.1.14519.5.2.1.6279.6001.114195693932194925962391697338.png,outputs/luna16_saliency_synthetic_detector_top5/1.3.6.1.4.1.14519.5.2.1.6279.6001.114195693932194925962391697338/surface_grid_float_1.3.6.1.4.1.14519.5.2.1.6279.6001.114195693932194925962391697338.npy,0.6238434455088839,0.3136809170246124,0.2412727028131485,1.0,151.74688720703125,25.593351364135742,1.5274842023849486,2.9445018100738527,10.228507041931152,17.502134323120117,33,25,8,149.25634765625,0.3801401648097569,high_review,275
detector_top5,1.3.6.1.4.1.14519.5.2.1.6279.6001.234400932423244218697302970157,outputs/luna16_saliency_synthetic_detector_top5/1.3.6.1.4.1.14519.5.2.1.6279.6001.234400932423244218697302970157/surface_1.3.6.1.4.1.14519.5.2.1.6279.6001.234400932423244218697302970157.png,outputs/luna16_saliency_synthetic_detector_top5/1.3.6.1.4.1.14519.5.2.1.6279.6001.234400932423244218697302970157/surface_grid_float_1.3.6.1.4.1.14519.5.2.1.6279.6001.234400932423244218697302970157.npy,0.5165684415517859,0.3938004672527313,0.1999969184398651,0.8784313797950745,169.97926330566406,33.76289367675781,1.4402160406112674,2.033611316680908,3.6861724853515625,16.06500816345215,33,25,8,169.7139434814453,0.38000867059760624,high_review,276
detector_top5,1.3.6.1.4.1.14519.5.2.1.6279.6001.334105754605642100456249422350,outputs/luna16_saliency_synthetic_detector_top5/1.3.6.1.4.1.14519.5.2.1.6279.6001.334105754605642100456249422350/surface_1.3.6.1.4.1.14519.5.2.1.6279.6001.334105754605642100456249422350.png,outputs/luna16_saliency_synthetic_detector_top5/1.3.6.1.4.1.14519.5.2.1.6279.6001.334105754605642100456249422350/surface_grid_float_1.3.6.1.4.1.14519.5.2.1.6279.6001.334105754605642100456249422350.npy,0.6166774761419439,0.36025598645210266,0.24595043063163757,0.9647058844566345,152.86383056640625,40.15633010864258,2.108578109741211,2.573895292282105,2.877821207046509,21.32964515686035,33,25,8,152.5591583251953,0.3793891211721632,high_review,277
detector_top5,1.3.6.1.4.1.14519.5.2.1.6279.6001.151764021165118974848436095034,outputs/luna16_saliency_synthetic_detector_top5/1.3.6.1.4.1.14519.5.2.1.6279.6001.151764021165118974848436095034/surface_1.3.6.1.4.1.14519.5.2.1.6279.6001.151764021165118974848436095034.png,outputs/luna16_saliency_synthetic_detector_top5/1.3.6.1.4.1.14519.5.2.1.6279.6001.151764021165118974848436095034/surface_grid_float_1.3.6.1.4.1.14519.5.2.1.6279.6001.151764021165118974848436095034.npy,0.5954371685781231,0.318197101354599,0.23516254127025604,0.9607843160629272,148.2579345703125,26.617977142333984,1.6810173511505142,3.0571385121345522,4.096432685852051,18.098968505859375,33,25,8,142.72508239746094,0.3790306429942449,high_review,278
detector_top5,1.3.6.1.4.1.14519.5.2.1.6279.6001.134519406153127654901640638633,outputs/luna16_saliency_synthetic_detector_top5/1.3.6.1.4.1.14519.5.2.1.6279.6001.134519406153127654901640638633/surface_1.3.6.1.4.1.14519.5.2.1.6279.6001.134519406153127654901640638633.png,outputs/luna16_saliency_synthetic_detector_top5/1.3.6.1.4.1.14519.5.2.1.6279.6001.134519406153127654901640638633/surface_grid_float_1.3.6.1.4.1.14519.5.2.1.6279.6001.134519406153127654901640638633.npy,0.6047797874514613,0.3118068277835846,0.21827375888824463,0.9450980424880981,170.62484741210938,33.29055404663086,1.8336224496364575,2.4761834740638755,6.2306132316589355,9.071720123291016,33,25,8,170.28286743164062,0.37881962796052304,high_review,279
detector_top5,1.3.6.1.4.1.14519.5.2.1.6279.6001.108193664222196923321844991231,outputs/luna16_saliency_synthetic_detector_top5/1.3.6.1.4.1.14519.5.2.1.6279.6001.108193664222196923321844991231/surface_1.3.6.1.4.1.14519.5.2.1.6279.6001.108193664222196923321844991231.png,outputs/luna16_saliency_synthetic_detector_top5/1.3.6.1.4.1.14519.5.2.1.6279.6001.108193664222196923321844991231/surface_grid_float_1.3.6.1.4.1.14519.5.2.1.6279.6001.108193664222196923321844991231.npy,0.3287984236122757,0.3578663170337677,0.23607568442821503,1.0,146.3433837890625,35.04891586303711,2.1210917711257933,2.724472110271454,10.358664512634277,18.046049118041992,33,25,8,145.12814331054688,0.3778573208372788,high_review,280
detector_top5,1.3.6.1.4.1.14519.5.2.1.6279.6001.199171741859530285887752432478,outputs/luna16_saliency_synthetic_detector_top5/1.3.6.1.4.1.14519.5.2.1.6279.6001.199171741859530285887752432478/surface_1.3.6.1.4.1.14519.5.2.1.6279.6001.199171741859530285887752432478.png,outputs/luna16_saliency_synthetic_detector_top5/1.3.6.1.4.1.14519.5.2.1.6279.6001.199171741859530285887752432478/surface_grid_float_1.3.6.1.4.1.14519.5.2.1.6279.6001.199171741859530285887752432478.npy,0.6008753799392097,0.3317139148712158,0.2155059427022934,0.929411768913269,156.54835510253906,32.40712356567383,1.5259263038635253,2.220036866664884,4.046030044555664,22.518611907958984,33,25,8,152.96405029296875,0.3775563909663094,high_review,281
detector_top5,1.3.6.1.4.1.14519.5.2.1.6279.6001.631047517458234322522264161877,outputs/luna16_saliency_synthetic_detector_top5/1.3.6.1.4.1.14519.5.2.1.6279.6001.631047517458234322522264161877/surface_1.3.6.1.4.1.14519.5.2.1.6279.6001.631047517458234322522264161877.png,outputs/luna16_saliency_synthetic_detector_top5/1.3.6.1.4.1.14519.5.2.1.6279.6001.631047517458234322522264161877/surface_grid_float_1.3.6.1.4.1.14519.5.2.1.6279.6001.631047517458234322522264161877.npy,0.5601388440426219,0.2993863523006439,0.250564843416214,1.0,142.72825622558594,24.547494888305664,1.3687969207763673,2.974467620849605,4.436625957489014,22.4698429107666,33,25,8,140.95669555664062,0.37704743991427936,high_review,282
detector_top5,1.3.6.1.4.1.14519.5.2.1.6279.6001.387954549120924524005910602207,outputs/luna16_saliency_synthetic_detector_top5/1.3.6.1.4.1.14519.5.2.1.6279.6001.387954549120924524005910602207/surface_1.3.6.1.4.1.14519.5.2.1.6279.6001.387954549120924524005910602207.png,outputs/luna16_saliency_synthetic_detector_top5/1.3.6.1.4.1.14519.5.2.1.6279.6001.387954549120924524005910602207/surface_grid_float_1.3.6.1.4.1.14519.5.2.1.6279.6001.387954549120924524005910602207.npy,0.5265228215767634,0.3840295374393463,0.2473752647638321,1.0,136.8690185546875,22.161205291748047,1.9413029253482803,3.824808828830729,7.625585556030273,15.276637077331543,33,25,8,127.30561828613281,0.3768073781834711,high_review,283
detector_top5,1.3.6.1.4.1.14519.5.2.1.6279.6001.296066944953051278419805374238,outputs/luna16_saliency_synthetic_detector_top5/1.3.6.1.4.1.14519.5.2.1.6279.6001.296066944953051278419805374238/surface_1.3.6.1.4.1.14519.5.2.1.6279.6001.296066944953051278419805374238.png,outputs/luna16_saliency_synthetic_detector_top5/1.3.6.1.4.1.14519.5.2.1.6279.6001.296066944953051278419805374238/surface_grid_float_1.3.6.1.4.1.14519.5.2.1.6279.6001.296066944953051278419805374238.npy,0.3258096716947649,0.3534035384654999,0.24970731139183044,0.9607843160629272,145.24302673339844,32.70051574707031,2.0517255067825317,2.8993292570114146,6.396974086761475,15.236313819885254,33,25,8,143.6454315185547,0.3767331088338223,high_review,284
detector_top5,1.3.6.1.4.1.14519.5.2.1.6279.6001.183056151780567460322586876100,outputs/luna16_saliency_synthetic_detector_top5/1.3.6.1.4.1.14519.5.2.1.6279.6001.183056151780567460322586876100/surface_1.3.6.1.4.1.14519.5.2.1.6279.6001.183056151780567460322586876100.png,outputs/luna16_saliency_synthetic_detector_top5/1.3.6.1.4.1.14519.5.2.1.6279.6001.183056151780567460322586876100/surface_grid_float_1.3.6.1.4.1.14519.5.2.1.6279.6001.183056151780567460322586876100.npy,0.6650562125185969,0.32447367906570435,0.21482498943805695,0.9450980424880981,156.354736328125,38.712406158447266,1.6657083034515379,2.338513441085815,2.746199369430542,20.601871490478516,33,25,8,154.5123291015625,0.37652856709162397,high_review,285
detector_top5,1.3.6.1.4.1.14519.5.2.1.6279.6001.227796349777753378641347819780,outputs/luna16_saliency_synthetic_detector_top5/1.3.6.1.4.1.14519.5.2.1.6279.6001.227796349777753378641347819780/surface_1.3.6.1.4.1.14519.5.2.1.6279.6001.227796349777753378641347819780.png,outputs/luna16_saliency_synthetic_detector_top5/1.3.6.1.4.1.14519.5.2.1.6279.6001.227796349777753378641347819780/surface_grid_float_1.3.6.1.4.1.14519.5.2.1.6279.6001.227796349777753378641347819780.npy,0.5924251755142259,0.32265138626098633,0.22328273952007294,0.8784313797950745,148.21731567382812,31.148754119873047,1.6466619074344648,3.10910257101059,10.343257904052734,16.234548568725586,33,25,8,134.40887451171875,0.37637871118386584,high_review,286
detector_top5,1.3.6.1.4.1.14519.5.2.1.6279.6001.164790817284381538042494285101,outputs/luna16_saliency_synthetic_detector_top5/1.3.6.1.4.1.14519.5.2.1.6279.6001.164790817284381538042494285101/surface_1.3.6.1.4.1.14519.5.2.1.6279.6001.164790817284381538042494285101.png,outputs/luna16_saliency_synthetic_detector_top5/1.3.6.1.4.1.14519.5.2.1.6279.6001.164790817284381538042494285101/surface_grid_float_1.3.6.1.4.1.14519.5.2.1.6279.6001.164790817284381538042494285101.npy,0.5435265639395198,0.3706948459148407,0.2460959553718567,1.0,133.26681518554688,24.817947387695312,2.221059274673462,4.364570388793954,14.57066822052002,10.487458229064941,33,25,8,119.89419555664062,0.3763539330376522,high_review,287
detector_top5,1.3.6.1.4.1.14519.5.2.1.6279.6001.272042302501586336192628818865,outputs/luna16_saliency_synthetic_detector_top5/1.3.6.1.4.1.14519.5.2.1.6279.6001.272042302501586336192628818865/surface_1.3.6.1.4.1.14519.5.2.1.6279.6001.272042302501586336192628818865.png,outputs/luna16_saliency_synthetic_detector_top5/1.3.6.1.4.1.14519.5.2.1.6279.6001.272042302501586336192628818865/surface_grid_float_1.3.6.1.4.1.14519.5.2.1.6279.6001.272042302501586336192628818865.npy,0.4931668801283585,0.3475158214569092,0.24621589481830597,0.9843137264251709,148.28475952148438,30.90330696105957,2.4332172870635986,3.356207489967346,4.372983455657959,12.6939697265625,33,25,8,147.86563110351562,0.3760363121827443,high_review,288
detector_top5,1.3.6.1.4.1.14519.5.2.1.6279.6001.177888806135892723698313903329,outputs/luna16_saliency_synthetic_detector_top5/1.3.6.1.4.1.14519.5.2.1.6279.6001.177888806135892723698313903329/surface_1.3.6.1.4.1.14519.5.2.1.6279.6001.177888806135892723698313903329.png,outputs/luna16_saliency_synthetic_detector_top5/1.3.6.1.4.1.14519.5.2.1.6279.6001.177888806135892723698313903329/surface_grid_float_1.3.6.1.4.1.14519.5.2.1.6279.6001.177888806135892723698313903329.npy,0.6202558276529496,0.34520331025123596,0.23961663246154785,1.0,150.229248046875,33.513877868652344,2.250870025157926,3.3161950993537896,3.8369977474212646,11.665891647338867,33,25,8,148.18490600585938,0.37579213671949174,high_review,289
detector_top5,1.3.6.1.4.1.14519.5.2.1.6279.6001.837810280808122125183730411210,outputs/luna16_saliency_synthetic_detector_top5/1.3.6.1.4.1.14519.5.2.1.6279.6001.837810280808122125183730411210/surface_1.3.6.1.4.1.14519.5.2.1.6279.6001.837810280808122125183730411210.png,outputs/luna16_saliency_synthetic_detector_top5/1.3.6.1.4.1.14519.5.2.1.6279.6001.837810280808122125183730411210/surface_grid_float_1.3.6.1.4.1.14519.5.2.1.6279.6001.837810280808122125183730411210.npy,0.5269271834294256,0.3679387867450714,0.2277565747499466,0.9137254953384399,148.34393310546875,25.31641387939453,1.4080510616302493,3.6313890266418314,39.32958984375,8.720148086547852,33,25,8,116.0956802368164,0.37555966616736475,high_review,290
detector_top5,1.3.6.1.4.1.14519.5.2.1.6279.6001.192256506776434538421891524301,outputs/luna16_saliency_synthetic_detector_top5/1.3.6.1.4.1.14519.5.2.1.6279.6001.192256506776434538421891524301/surface_1.3.6.1.4.1.14519.5.2.1.6279.6001.192256506776434538421891524301.png,outputs/luna16_saliency_synthetic_detector_top5/1.3.6.1.4.1.14519.5.2.1.6279.6001.192256506776434538421891524301/surface_grid_float_1.3.6.1.4.1.14519.5.2.1.6279.6001.192256506776434538421891524301.npy,0.5089638157894737,0.32899022102355957,0.22888308763504028,0.9411764740943909,167.6280517578125,30.63106346130371,1.6549557030200959,2.142947962284089,2.2898621559143066,14.242646217346191,33,25,8,167.396240234375,0.3753188500589794,high_review,291
detector_top5,1.3.6.1.4.1.14519.5.2.1.6279.6001.306558074682524259000586270818,outputs/luna16_saliency_synthetic_detector_top5/1.3.6.1.4.1.14519.5.2.1.6279.6001.306558074682524259000586270818/surface_1.3.6.1.4.1.14519.5.2.1.6279.6001.306558074682524259000586270818.png,outputs/luna16_saliency_synthetic_detector_top5/1.3.6.1.4.1.14519.5.2.1.6279.6001.306558074682524259000586270818/surface_grid_float_1.3.6.1.4.1.14519.5.2.1.6279.6001.306558074682524259000586270818.npy,0.6268884268884269,0.3379259705543518,0.22715812921524048,0.8901960849761963,144.50057983398438,30.112369537353516,2.3261246919631953,3.585905926227566,12.25404167175293,11.801512718200684,33,25,8,135.8671875,0.374637061328358,high_review,292
detector_top5,1.3.6.1.4.1.14519.5.2.1.6279.6001.280072876841890439628529365478,outputs/luna16_saliency_synthetic_detector_top5/1.3.6.1.4.1.14519.5.2.1.6279.6001.280072876841890439628529365478/surface_1.3.6.1.4.1.14519.5.2.1.6279.6001.280072876841890439628529365478.png,outputs/luna16_saliency_synthetic_detector_top5/1.3.6.1.4.1.14519.5.2.1.6279.6001.280072876841890439628529365478/surface_grid_float_1.3.6.1.4.1.14519.5.2.1.6279.6001.280072876841890439628529365478.npy,0.678284081509888,0.34725502133369446,0.26641079783439636,1.0,159.85739135742188,30.959503173828125,2.352580964565277,2.952976691722874,3.1370739936828613,8.544257164001465,33,25,8,157.9515838623047,0.37400552448961477,high_review,293
detector_top5,1.3.6.1.4.1.14519.5.2.1.6279.6001.330544495001617450666819906758,outputs/luna16_saliency_synthetic_detector_top5/1.3.6.1.4.1.14519.5.2.1.6279.6001.330544495001617450666819906758/surface_1.3.6.1.4.1.14519.5.2.1.6279.6001.330544495001617450666819906758.png,outputs/luna16_saliency_synthetic_detector_top5/1.3.6.1.4.1.14519.5.2.1.6279.6001.330544495001617450666819906758/surface_grid_float_1.3.6.1.4.1.14519.5.2.1.6279.6001.330544495001617450666819906758.npy,0.654607843137255,0.3029404282569885,0.21951338648796082,0.9215686321258545,150.74615478515625,40.86970138549805,1.7502695739269263,2.679717221260071,3.2614455223083496,18.957773208618164,33,25,8,150.10455322265625,0.3737634928544362,high_review,294
detector_top5,1.3.6.1.4.1.14519.5.2.1.6279.6001.826829446346820089862659555750,outputs/luna16_saliency_synthetic_detector_top5/1.3.6.1.4.1.14519.5.2.1.6279.6001.826829446346820089862659555750/surface_1.3.6.1.4.1.14519.5.2.1.6279.6001.826829446346820089862659555750.png,outputs/luna16_saliency_synthetic_detector_top5/1.3.6.1.4.1.14519.5.2.1.6279.6001.826829446346820089862659555750/surface_grid_float_1.3.6.1.4.1.14519.5.2.1.6279.6001.826829446346820089862659555750.npy,0.6559570806761817,0.37068283557891846,0.2701639235019684,1.0,161.9021759033203,39.146484375,1.8238420367240904,2.0138490676879877,2.0776798725128174,19.5144100189209,33,25,8,160.92103576660156,0.37361778746710883,high_review,295
detector_top5,1.3.6.1.4.1.14519.5.2.1.6279.6001.311981398931043315779172047718,outputs/luna16_saliency_synthetic_detector_top5/1.3.6.1.4.1.14519.5.2.1.6279.6001.311981398931043315779172047718/surface_1.3.6.1.4.1.14519.5.2.1.6279.6001.311981398931043315779172047718.png,outputs/luna16_saliency_synthetic_detector_top5/1.3.6.1.4.1.14519.5.2.1.6279.6001.311981398931043315779172047718/surface_grid_float_1.3.6.1.4.1.14519.5.2.1.6279.6001.311981398931043315779172047718.npy,0.4455561839300474,0.3295780420303345,0.20830827951431274,0.8313725590705872,153.68212890625,33.887481689453125,1.9175716817378983,2.6726380133628838,3.251715660095215,16.760013580322266,33,25,8,148.87948608398438,0.3735604965342415,high_review,296
detector_top5,1.3.6.1.4.1.14519.5.2.1.6279.6001.193964947698259739624715468431,outputs/luna16_saliency_synthetic_detector_top5/1.3.6.1.4.1.14519.5.2.1.6279.6001.193964947698259739624715468431/surface_1.3.6.1.4.1.14519.5.2.1.6279.6001.193964947698259739624715468431.png,outputs/luna16_saliency_synthetic_detector_top5/1.3.6.1.4.1.14519.5.2.1.6279.6001.193964947698259739624715468431/surface_grid_float_1.3.6.1.4.1.14519.5.2.1.6279.6001.193964947698259739624715468431.npy,0.6007701700009392,0.3672860264778137,0.24563710391521454,1.0,156.3701171875,31.346446990966797,2.0819916725158687,2.6029839897155758,3.076205253601074,15.610837936401367,33,25,8,155.91265869140625,0.37339713264041474,high_review,297
detector_top5,1.3.6.1.4.1.14519.5.2.1.6279.6001.822128649427327893802314908658,outputs/luna16_saliency_synthetic_detector_top5/1.3.6.1.4.1.14519.5.2.1.6279.6001.822128649427327893802314908658/surface_1.3.6.1.4.1.14519.5.2.1.6279.6001.822128649427327893802314908658.png,outputs/luna16_saliency_synthetic_detector_top5/1.3.6.1.4.1.14519.5.2.1.6279.6001.822128649427327893802314908658/surface_grid_float_1.3.6.1.4.1.14519.5.2.1.6279.6001.822128649427327893802314908658.npy,0.5338563517368686,0.3418978452682495,0.24635706841945648,1.0,158.58053588867188,30.374420166015625,2.1624811649322497,2.7520223641395534,3.087224006652832,11.711844444274902,33,25,8,157.9275360107422,0.37288788505925063,high_review,298
detector_top5,1.3.6.1.4.1.14519.5.2.1.6279.6001.309955814083231537823157605135,outputs/luna16_saliency_synthetic_detector_top5/1.3.6.1.4.1.14519.5.2.1.6279.6001.309955814083231537823157605135/surface_1.3.6.1.4.1.14519.5.2.1.6279.6001.309955814083231537823157605135.png,outputs/luna16_saliency_synthetic_detector_top5/1.3.6.1.4.1.14519.5.2.1.6279.6001.309955814083231537823157605135/surface_grid_float_1.3.6.1.4.1.14519.5.2.1.6279.6001.309955814083231537823157605135.npy,0.5534815317608462,0.30208665132522583,0.2282709926366806,0.9137254953384399,156.86383056640625,27.547399520874023,1.8959140539169312,2.424098181724548,2.592118740081787,17.339929580688477,33,25,8,156.64102172851562,0.37269583990838795,high_review,299
detector_top5,1.3.6.1.4.1.14519.5.2.1.6279.6001.329404588567903628160652715124,outputs/luna16_saliency_synthetic_detector_top5/1.3.6.1.4.1.14519.5.2.1.6279.6001.329404588567903628160652715124/surface_1.3.6.1.4.1.14519.5.2.1.6279.6001.329404588567903628160652715124.png,outputs/luna16_saliency_synthetic_detector_top5/1.3.6.1.4.1.14519.5.2.1.6279.6001.329404588567903628160652715124/surface_grid_float_1.3.6.1.4.1.14519.5.2.1.6279.6001.329404588567903628160652715124.npy,0.6270096463022508,0.29985421895980835,0.23147432506084442,0.9215686321258545,153.21234130859375,26.918237686157227,1.6572744131088233,3.01574556350708,3.568143606185913,12.080488204956055,33,25,8,152.44851684570312,0.37267179843054876,high_review,300
detector_top5,1.3.6.1.4.1.14519.5.2.1.6279.6001.245248446973732759194067808002,outputs/luna16_saliency_synthetic_detector_top5/1.3.6.1.4.1.14519.5.2.1.6279.6001.245248446973732759194067808002/surface_1.3.6.1.4.1.14519.5.2.1.6279.6001.245248446973732759194067808002.png,outputs/luna16_saliency_synthetic_detector_top5/1.3.6.1.4.1.14519.5.2.1.6279.6001.245248446973732759194067808002/surface_grid_float_1.3.6.1.4.1.14519.5.2.1.6279.6001.245248446973732759194067808002.npy,0.5689627294041556,0.35225245356559753,0.236660897731781,1.0,122.06143188476562,27.044652938842773,2.062850534915924,4.955660939216614,9.70506477355957,9.01383113861084,33,25,8,111.51699829101562,0.3721362838480208,high_review,301
detector_top5,1.3.6.1.4.1.14519.5.2.1.6279.6001.287966244644280690737019247886,outputs/luna16_saliency_synthetic_detector_top5/1.3.6.1.4.1.14519.5.2.1.6279.6001.287966244644280690737019247886/surface_1.3.6.1.4.1.14519.5.2.1.6279.6001.287966244644280690737019247886.png,outputs/luna16_saliency_synthetic_detector_top5/1.3.6.1.4.1.14519.5.2.1.6279.6001.287966244644280690737019247886/surface_grid_float_1.3.6.1.4.1.14519.5.2.1.6279.6001.287966244644280690737019247886.npy,0.5586619263089851,0.3515990376472473,0.20625288784503937,0.8588235378265381,134.00514221191406,31.05855941772461,1.682266491651534,3.746632635593412,6.515064239501953,16.19283676147461,33,25,8,128.17315673828125,0.3717249644464916,high_review,302
detector_top5,1.3.6.1.4.1.14519.5.2.1.6279.6001.443400977949406454649939526179,outputs/luna16_saliency_synthetic_detector_top5/1.3.6.1.4.1.14519.5.2.1.6279.6001.443400977949406454649939526179/surface_1.3.6.1.4.1.14519.5.2.1.6279.6001.443400977949406454649939526179.png,outputs/luna16_saliency_synthetic_detector_top5/1.3.6.1.4.1.14519.5.2.1.6279.6001.443400977949406454649939526179/surface_grid_float_1.3.6.1.4.1.14519.5.2.1.6279.6001.443400977949406454649939526179.npy,0.4843594437485949,0.3836226165294647,0.26447054743766785,1.0,157.79995727539062,30.523714065551758,1.6225368320941922,1.9712295913696283,3.949984550476074,21.427804946899414,33,25,8,156.36962890625,0.3697541608598497,high_review,303
detector_top5,1.3.6.1.4.1.14519.5.2.1.6279.6001.128059192202504367870633619224,outputs/luna16_saliency_synthetic_detector_top5/1.3.6.1.4.1.14519.5.2.1.6279.6001.128059192202504367870633619224/surface_1.3.6.1.4.1.14519.5.2.1.6279.6001.128059192202504367870633619224.png,outputs/luna16_saliency_synthetic_detector_top5/1.3.6.1.4.1.14519.5.2.1.6279.6001.128059192202504367870633619224/surface_grid_float_1.3.6.1.4.1.14519.5.2.1.6279.6001.128059192202504367870633619224.npy,0.616420063030821,0.3421936631202698,0.23234963417053223,0.9411764740943909,137.37220764160156,30.45383071899414,2.0457998275756784,3.6230053615570057,4.705284595489502,14.305410385131836,33,25,8,136.3635711669922,0.369433641105228,high_review,304
detector_top5,1.3.6.1.4.1.14519.5.2.1.6279.6001.237915456403882324748189195892,outputs/luna16_saliency_synthetic_detector_top5/1.3.6.1.4.1.14519.5.2.1.6279.6001.237915456403882324748189195892/surface_1.3.6.1.4.1.14519.5.2.1.6279.6001.237915456403882324748189195892.png,outputs/luna16_saliency_synthetic_detector_top5/1.3.6.1.4.1.14519.5.2.1.6279.6001.237915456403882324748189195892/surface_grid_float_1.3.6.1.4.1.14519.5.2.1.6279.6001.237915456403882324748189195892.npy,0.6838431710469625,0.32399454712867737,0.2276751697063446,0.9098039269447327,138.09649658203125,31.0423526763916,1.4089165925979612,3.2628568649292005,15.567564964294434,18.5611515045166,33,25,8,136.83306884765625,0.369293536927965,high_review,305
detector_top5,1.3.6.1.4.1.14519.5.2.1.6279.6001.129650136453746261130135157590,outputs/luna16_saliency_synthetic_detector_top5/1.3.6.1.4.1.14519.5.2.1.6279.6001.129650136453746261130135157590/surface_1.3.6.1.4.1.14519.5.2.1.6279.6001.129650136453746261130135157590.png,outputs/luna16_saliency_synthetic_detector_top5/1.3.6.1.4.1.14519.5.2.1.6279.6001.129650136453746261130135157590/surface_grid_float_1.3.6.1.4.1.14519.5.2.1.6279.6001.129650136453746261130135157590.npy,0.5861679487331914,0.2983473241329193,0.22178500890731812,0.9372549057006836,123.9249267578125,19.827938079833984,1.7998746633529645,4.8254275131225475,12.565007209777832,7.934298992156982,33,25,8,119.31427001953125,0.3689361455281572,high_review,306
detector_top5,1.3.6.1.4.1.14519.5.2.1.6279.6001.707218743153927597786179232739,outputs/luna16_saliency_synthetic_detector_top5/1.3.6.1.4.1.14519.5.2.1.6279.6001.707218743153927597786179232739/surface_1.3.6.1.4.1.14519.5.2.1.6279.6001.707218743153927597786179232739.png,outputs/luna16_saliency_synthetic_detector_top5/1.3.6.1.4.1.14519.5.2.1.6279.6001.707218743153927597786179232739/surface_grid_float_1.3.6.1.4.1.14519.5.2.1.6279.6001.707218743153927597786179232739.npy,0.5143350888742594,0.40359291434288025,0.21594898402690887,0.8980392217636108,156.87701416015625,30.92679786682129,1.9206676185131069,2.3897956442832937,6.251419544219971,16.099857330322266,33,25,8,156.2743377685547,0.36893302032947534,high_review,307
detector_top5,1.3.6.1.4.1.14519.5.2.1.6279.6001.254473943359963613733707320244,outputs/luna16_saliency_synthetic_detector_top5/1.3.6.1.4.1.14519.5.2.1.6279.6001.254473943359963613733707320244/surface_1.3.6.1.4.1.14519.5.2.1.6279.6001.254473943359963613733707320244.png,outputs/luna16_saliency_synthetic_detector_top5/1.3.6.1.4.1.14519.5.2.1.6279.6001.254473943359963613733707320244/surface_grid_float_1.3.6.1.4.1.14519.5.2.1.6279.6001.254473943359963613733707320244.npy,0.6467916168857029,0.315766841173172,0.22865884006023407,1.0,150.72402954101562,24.51095962524414,1.609294444322586,2.3206496429443364,2.5644168853759766,21.639673233032227,33,25,8,150.490966796875,0.3689143679300944,high_review,308
detector_top5,1.3.6.1.4.1.14519.5.2.1.6279.6001.219618492426142913407827034169,outputs/luna16_saliency_synthetic_detector_top5/1.3.6.1.4.1.14519.5.2.1.6279.6001.219618492426142913407827034169/surface_1.3.6.1.4.1.14519.5.2.1.6279.6001.219618492426142913407827034169.png,outputs/luna16_saliency_synthetic_detector_top5/1.3.6.1.4.1.14519.5.2.1.6279.6001.219618492426142913407827034169/surface_grid_float_1.3.6.1.4.1.14519.5.2.1.6279.6001.219618492426142913407827034169.npy,0.5949607115573502,0.3568189740180969,0.239008828997612,1.0,158.1905517578125,28.11648941040039,1.5876641035079953,2.2978088736534117,2.662571668624878,16.267927169799805,33,25,8,157.67071533203125,0.36873613507217834,high_review,309
detector_top5,1.3.6.1.4.1.14519.5.2.1.6279.6001.922852847124879997825997808179,outputs/luna16_saliency_synthetic_detector_top5/1.3.6.1.4.1.14519.5.2.1.6279.6001.922852847124879997825997808179/surface_1.3.6.1.4.1.14519.5.2.1.6279.6001.922852847124879997825997808179.png,outputs/luna16_saliency_synthetic_detector_top5/1.3.6.1.4.1.14519.5.2.1.6279.6001.922852847124879997825997808179/surface_grid_float_1.3.6.1.4.1.14519.5.2.1.6279.6001.922852847124879997825997808179.npy,0.3811813891453781,0.3485950529575348,0.2444099634885788,1.0,131.21054077148438,19.178268432617188,1.8995714783668518,4.123256683349609,9.260336875915527,11.83430290222168,33,25,8,127.35952758789062,0.3686803860134548,high_review,310
detector_top5,1.3.6.1.4.1.14519.5.2.1.6279.6001.275007193025729362844652516689,outputs/luna16_saliency_synthetic_detector_top5/1.3.6.1.4.1.14519.5.2.1.6279.6001.275007193025729362844652516689/surface_1.3.6.1.4.1.14519.5.2.1.6279.6001.275007193025729362844652516689.png,outputs/luna16_saliency_synthetic_detector_top5/1.3.6.1.4.1.14519.5.2.1.6279.6001.275007193025729362844652516689/surface_grid_float_1.3.6.1.4.1.14519.5.2.1.6279.6001.275007193025729362844652516689.npy,0.6413206068808319,0.33455193042755127,0.23774544894695282,0.929411768913269,161.40162658691406,25.996030807495117,2.159009635448456,2.515393304824829,2.6590983867645264,10.73074722290039,33,25,8,161.21481323242188,0.3683106150627136,high_review,311
detector_top5,1.3.6.1.4.1.14519.5.2.1.6279.6001.277662902666135640561346462196,outputs/luna16_saliency_synthetic_detector_top5/1.3.6.1.4.1.14519.5.2.1.6279.6001.277662902666135640561346462196/surface_1.3.6.1.4.1.14519.5.2.1.6279.6001.277662902666135640561346462196.png,outputs/luna16_saliency_synthetic_detector_top5/1.3.6.1.4.1.14519.5.2.1.6279.6001.277662902666135640561346462196/surface_grid_float_1.3.6.1.4.1.14519.5.2.1.6279.6001.277662902666135640561346462196.npy,0.5871347402597402,0.33067208528518677,0.23276793956756592,0.9725490212440491,141.61016845703125,32.67554473876953,1.8817835628986364,2.7690034532546997,4.171656608581543,21.96235466003418,33,25,8,141.2312774658203,0.3678922836038801,high_review,312
detector_top5,1.3.6.1.4.1.14519.5.2.1.6279.6001.244204120220889433826451158706,outputs/luna16_saliency_synthetic_detector_top5/1.3.6.1.4.1.14519.5.2.1.6279.6001.244204120220889433826451158706/surface_1.3.6.1.4.1.14519.5.2.1.6279.6001.244204120220889433826451158706.png,outputs/luna16_saliency_synthetic_detector_top5/1.3.6.1.4.1.14519.5.2.1.6279.6001.244204120220889433826451158706/surface_grid_float_1.3.6.1.4.1.14519.5.2.1.6279.6001.244204120220889433826451158706.npy,0.48455150515967516,0.3827444911003113,0.23457103967666626,1.0,143.8048095703125,34.20701217651367,1.4882673859596247,3.4368034410476698,28.391944885253906,11.191429138183594,33,25,8,80.17484283447266,0.3676486283779144,high_review,313
detector_top5,1.3.6.1.4.1.14519.5.2.1.6279.6001.152684536713461901635595118048,outputs/luna16_saliency_synthetic_detector_top5/1.3.6.1.4.1.14519.5.2.1.6279.6001.152684536713461901635595118048/surface_1.3.6.1.4.1.14519.5.2.1.6279.6001.152684536713461901635595118048.png,outputs/luna16_saliency_synthetic_detector_top5/1.3.6.1.4.1.14519.5.2.1.6279.6001.152684536713461901635595118048/surface_grid_float_1.3.6.1.4.1.14519.5.2.1.6279.6001.152684536713461901635595118048.npy,0.6665232358003442,0.3064502775669098,0.216536283493042,0.8470588326454163,154.93252563476562,36.563453674316406,1.9066386342048645,2.4185018372535683,2.756781816482544,16.497173309326172,33,25,8,152.67926025390625,0.36743631630738566,high_review,314
detector_top5,1.3.6.1.4.1.14519.5.2.1.6279.6001.120196332569034738680965284519,outputs/luna16_saliency_synthetic_detector_top5/1.3.6.1.4.1.14519.5.2.1.6279.6001.120196332569034738680965284519/surface_1.3.6.1.4.1.14519.5.2.1.6279.6001.120196332569034738680965284519.png,outputs/luna16_saliency_synthetic_detector_top5/1.3.6.1.4.1.14519.5.2.1.6279.6001.120196332569034738680965284519/surface_grid_float_1.3.6.1.4.1.14519.5.2.1.6279.6001.120196332569034738680965284519.npy,0.6226490596238495,0.3054302930831909,0.22155988216400146,0.9058823585510254,161.74168395996094,37.32599639892578,1.5345031261444098,1.8078965187072755,1.9131330251693726,19.604877471923828,33,25,8,161.587646484375,0.3673727632098727,high_review,315
detector_top5,1.3.6.1.4.1.14519.5.2.1.6279.6001.449254134266555649028108149727,outputs/luna16_saliency_synthetic_detector_top5/1.3.6.1.4.1.14519.5.2.1.6279.6001.449254134266555649028108149727/surface_1.3.6.1.4.1.14519.5.2.1.6279.6001.449254134266555649028108149727.png,outputs/luna16_saliency_synthetic_detector_top5/1.3.6.1.4.1.14519.5.2.1.6279.6001.449254134266555649028108149727/surface_grid_float_1.3.6.1.4.1.14519.5.2.1.6279.6001.449254134266555649028108149727.npy,0.6129478315524827,0.35697224736213684,0.23698163032531738,0.9764705896377563,156.35812377929688,31.877775192260742,1.9562065184116364,2.263001675605774,2.4454474449157715,17.372859954833984,33,25,8,156.14108276367188,0.36709327868885466,high_review,316
detector_top5,1.3.6.1.4.1.14519.5.2.1.6279.6001.255409701134762680010928250229,outputs/luna16_saliency_synthetic_detector_top5/1.3.6.1.4.1.14519.5.2.1.6279.6001.255409701134762680010928250229/surface_1.3.6.1.4.1.14519.5.2.1.6279.6001.255409701134762680010928250229.png,outputs/luna16_saliency_synthetic_detector_top5/1.3.6.1.4.1.14519.5.2.1.6279.6001.255409701134762680010928250229/surface_grid_float_1.3.6.1.4.1.14519.5.2.1.6279.6001.255409701134762680010928250229.npy,0.6048809523809524,0.319583535194397,0.2373173087835312,1.0,142.78909301757812,28.664466857910156,1.7827823400497433,3.404861834049238,5.402332782745361,12.046791076660156,33,25,8,142.09176635742188,0.3668983235544633,high_review,317
detector_top5,1.3.6.1.4.1.14519.5.2.1.6279.6001.475325201787910087416720919680,outputs/luna16_saliency_synthetic_detector_top5/1.3.6.1.4.1.14519.5.2.1.6279.6001.475325201787910087416720919680/surface_1.3.6.1.4.1.14519.5.2.1.6279.6001.475325201787910087416720919680.png,outputs/luna16_saliency_synthetic_detector_top5/1.3.6.1.4.1.14519.5.2.1.6279.6001.475325201787910087416720919680/surface_grid_float_1.3.6.1.4.1.14519.5.2.1.6279.6001.475325201787910087416720919680.npy,0.5728525641025641,0.35725659132003784,0.24260829389095306,0.9607843160629272,149.97320556640625,26.642637252807617,2.294787847995758,3.10996517181397,13.449267387390137,10.408615112304688,33,25,8,146.17556762695312,0.36638455357021765,high_review,318
detector_top5,1.3.6.1.4.1.14519.5.2.1.6279.6001.204287915902811325371247860532,outputs/luna16_saliency_synthetic_detector_top5/1.3.6.1.4.1.14519.5.2.1.6279.6001.204287915902811325371247860532/surface_1.3.6.1.4.1.14519.5.2.1.6279.6001.204287915902811325371247860532.png,outputs/luna16_saliency_synthetic_detector_top5/1.3.6.1.4.1.14519.5.2.1.6279.6001.204287915902811325371247860532/surface_grid_float_1.3.6.1.4.1.14519.5.2.1.6279.6001.204287915902811325371247860532.npy,0.21240721526059542,0.48671072721481323,0.2543503940105438,1.0,116.38560485839844,27.16731071472168,1.228175014257431,1.4121615111827848,2.20878529548645,22.73516082763672,33,25,8,115.26109313964844,0.36548788147230166,high_review,319
detector_top5,1.3.6.1.4.1.14519.5.2.1.6279.6001.200558451375970945040979397866,outputs/luna16_saliency_synthetic_detector_top5/1.3.6.1.4.1.14519.5.2.1.6279.6001.200558451375970945040979397866/surface_1.3.6.1.4.1.14519.5.2.1.6279.6001.200558451375970945040979397866.png,outputs/luna16_saliency_synthetic_detector_top5/1.3.6.1.4.1.14519.5.2.1.6279.6001.200558451375970945040979397866/surface_grid_float_1.3.6.1.4.1.14519.5.2.1.6279.6001.200558451375970945040979397866.npy,0.5550550082211557,0.32820770144462585,0.22164008021354675,0.9058823585510254,155.35287475585938,24.90170669555664,1.820717680454253,3.0113125896453923,7.683137893676758,7.254205703735352,33,25,8,150.59182739257812,0.365381292735206,high_review,320
detector_top5,1.3.6.1.4.1.14519.5.2.1.6279.6001.229960820686439513664996214638,outputs/luna16_saliency_synthetic_detector_top5/1.3.6.1.4.1.14519.5.2.1.6279.6001.229960820686439513664996214638/surface_1.3.6.1.4.1.14519.5.2.1.6279.6001.229960820686439513664996214638.png,outputs/luna16_saliency_synthetic_detector_top5/1.3.6.1.4.1.14519.5.2.1.6279.6001.229960820686439513664996214638/surface_grid_float_1.3.6.1.4.1.14519.5.2.1.6279.6001.229960820686439513664996214638.npy,0.570955522971652,0.3481219708919525,0.22459757328033447,0.929411768913269,158.81993103027344,29.825281143188477,1.7143548846244814,2.110708155632019,2.2531867027282715,16.637434005737305,33,25,8,158.37945556640625,0.3649932052877214,high_review,321
detector_top5,1.3.6.1.4.1.14519.5.2.1.6279.6001.282779922503707013097174625409,outputs/luna16_saliency_synthetic_detector_top5/1.3.6.1.4.1.14519.5.2.1.6279.6001.282779922503707013097174625409/surface_1.3.6.1.4.1.14519.5.2.1.6279.6001.282779922503707013097174625409.png,outputs/luna16_saliency_synthetic_detector_top5/1.3.6.1.4.1.14519.5.2.1.6279.6001.282779922503707013097174625409/surface_grid_float_1.3.6.1.4.1.14519.5.2.1.6279.6001.282779922503707013097174625409.npy,0.6804314058790774,0.3092075288295746,0.23251080513000488,0.9607843160629272,141.50930786132812,23.94526481628418,1.6652881324291222,2.8854747438430746,10.227306365966797,18.89996910095215,33,25,8,138.74269104003906,0.36441302008628834,high_review,322
detector_top5,1.3.6.1.4.1.14519.5.2.1.6279.6001.227968442353440630355230778531,outputs/luna16_saliency_synthetic_detector_top5/1.3.6.1.4.1.14519.5.2.1.6279.6001.227968442353440630355230778531/surface_1.3.6.1.4.1.14519.5.2.1.6279.6001.227968442353440630355230778531.png,outputs/luna16_saliency_synthetic_detector_top5/1.3.6.1.4.1.14519.5.2.1.6279.6001.227968442353440630355230778531/surface_grid_float_1.3.6.1.4.1.14519.5.2.1.6279.6001.227968442353440630355230778531.npy,0.4875287521564117,0.3766579329967499,0.2571907639503479,1.0,137.87908935546875,29.78347396850586,1.7252369642257672,3.2932067155838003,4.6402106285095215,16.10417366027832,33,25,8,137.00982666015625,0.36438173630502485,high_review,323
detector_top5,1.3.6.1.4.1.14519.5.2.1.6279.6001.137763212752154081977261297097,outputs/luna16_saliency_synthetic_detector_top5/1.3.6.1.4.1.14519.5.2.1.6279.6001.137763212752154081977261297097/surface_1.3.6.1.4.1.14519.5.2.1.6279.6001.137763212752154081977261297097.png,outputs/luna16_saliency_synthetic_detector_top5/1.3.6.1.4.1.14519.5.2.1.6279.6001.137763212752154081977261297097/surface_grid_float_1.3.6.1.4.1.14519.5.2.1.6279.6001.137763212752154081977261297097.npy,0.515911330049261,0.3667229115962982,0.2523929178714752,1.0,133.6953887939453,24.378589630126953,1.9749964296817748,4.059312605857851,10.412108421325684,8.824028968811035,33,25,8,129.62554931640625,0.3642139794296689,high_review,324
detector_top5,1.3.6.1.4.1.14519.5.2.1.6279.6001.321935195060268166151738328001,outputs/luna16_saliency_synthetic_detector_top5/1.3.6.1.4.1.14519.5.2.1.6279.6001.321935195060268166151738328001/surface_1.3.6.1.4.1.14519.5.2.1.6279.6001.321935195060268166151738328001.png,outputs/luna16_saliency_synthetic_detector_top5/1.3.6.1.4.1.14519.5.2.1.6279.6001.321935195060268166151738328001/surface_grid_float_1.3.6.1.4.1.14519.5.2.1.6279.6001.321935195060268166151738328001.npy,0.546397257892253,0.343285471200943,0.2531699538230896,1.0,141.89698791503906,34.52950668334961,1.7323569297790522,3.4137501025199715,6.539536952972412,11.094382286071777,33,25,8,135.12295532226562,0.3635616657919349,high_review,325
detector_top5,1.3.6.1.4.1.14519.5.2.1.6279.6001.202464973819273687476049035824,outputs/luna16_saliency_synthetic_detector_top5/1.3.6.1.4.1.14519.5.2.1.6279.6001.202464973819273687476049035824/surface_1.3.6.1.4.1.14519.5.2.1.6279.6001.202464973819273687476049035824.png,outputs/luna16_saliency_synthetic_detector_top5/1.3.6.1.4.1.14519.5.2.1.6279.6001.202464973819273687476049035824/surface_grid_float_1.3.6.1.4.1.14519.5.2.1.6279.6001.202464973819273687476049035824.npy,0.7089838791571464,0.3023679256439209,0.22313812375068665,0.929411768913269,144.357177734375,31.377782821655273,1.6267075002193436,2.8333379364013638,3.6014771461486816,16.97189712524414,33,25,8,143.6183624267578,0.3633107612609862,high_review,326
detector_top5,1.3.6.1.4.1.14519.5.2.1.6279.6001.336225579776978874775723463327,outputs/luna16_saliency_synthetic_detector_top5/1.3.6.1.4.1.14519.5.2.1.6279.6001.336225579776978874775723463327/surface_1.3.6.1.4.1.14519.5.2.1.6279.6001.336225579776978874775723463327.png,outputs/luna16_saliency_synthetic_detector_top5/1.3.6.1.4.1.14519.5.2.1.6279.6001.336225579776978874775723463327/surface_grid_float_1.3.6.1.4.1.14519.5.2.1.6279.6001.336225579776978874775723463327.npy,0.6337325622824568,0.31769227981567383,0.23578600585460663,1.0,155.5187225341797,35.08073043823242,1.818248105049133,2.272833175659182,2.404456615447998,16.098703384399414,33,25,8,154.83889770507812,0.36315776256985144,high_review,327
detector_top5,1.3.6.1.4.1.14519.5.2.1.6279.6001.398955972049286139436103068984,outputs/luna16_saliency_synthetic_detector_top5/1.3.6.1.4.1.14519.5.2.1.6279.6001.398955972049286139436103068984/surface_1.3.6.1.4.1.14519.5.2.1.6279.6001.398955972049286139436103068984.png,outputs/luna16_saliency_synthetic_detector_top5/1.3.6.1.4.1.14519.5.2.1.6279.6001.398955972049286139436103068984/surface_grid_float_1.3.6.1.4.1.14519.5.2.1.6279.6001.398955972049286139436103068984.npy,0.49984154291923216,0.4440042972564697,0.2160405069589615,0.9725490212440491,122.95552062988281,20.441347122192383,1.585041493177414,4.703224062919617,30.34763526916504,7.703182220458984,33,25,8,98.1053237915039,0.3631407723161909,high_review,328
detector_top5,1.3.6.1.4.1.14519.5.2.1.6279.6001.171682845383273105440297561095,outputs/luna16_saliency_synthetic_detector_top5/1.3.6.1.4.1.14519.5.2.1.6279.6001.171682845383273105440297561095/surface_1.3.6.1.4.1.14519.5.2.1.6279.6001.171682845383273105440297561095.png,outputs/luna16_saliency_synthetic_detector_top5/1.3.6.1.4.1.14519.5.2.1.6279.6001.171682845383273105440297561095/surface_grid_float_1.3.6.1.4.1.14519.5.2.1.6279.6001.171682845383273105440297561095.npy,0.5434327664097794,0.3384826183319092,0.23911793529987335,0.9803921580314636,135.44650268554688,30.662538528442383,1.738231194019316,3.7406225109100344,6.414877891540527,10.74475383758545,33,25,8,133.22532653808594,0.361840077220069,high_review,329
detector_top5,1.3.6.1.4.1.14519.5.2.1.6279.6001.297988578825170426663869669862,outputs/luna16_saliency_synthetic_detector_top5/1.3.6.1.4.1.14519.5.2.1.6279.6001.297988578825170426663869669862/surface_1.3.6.1.4.1.14519.5.2.1.6279.6001.297988578825170426663869669862.png,outputs/luna16_saliency_synthetic_detector_top5/1.3.6.1.4.1.14519.5.2.1.6279.6001.297988578825170426663869669862/surface_grid_float_1.3.6.1.4.1.14519.5.2.1.6279.6001.297988578825170426663869669862.npy,0.41228183581124755,0.30007684230804443,0.22314979135990143,0.9333333373069763,147.2771453857422,38.739707946777344,1.5208986759185792,2.138944492340088,5.719273567199707,23.255237579345703,33,25,8,146.13059997558594,0.3613085494783189,high_review,330
detector_top5,1.3.6.1.4.1.14519.5.2.1.6279.6001.297964221542942838344351735414,outputs/luna16_saliency_synthetic_detector_top5/1.3.6.1.4.1.14519.5.2.1.6279.6001.297964221542942838344351735414/surface_1.3.6.1.4.1.14519.5.2.1.6279.6001.297964221542942838344351735414.png,outputs/luna16_saliency_synthetic_detector_top5/1.3.6.1.4.1.14519.5.2.1.6279.6001.297964221542942838344351735414/surface_grid_float_1.3.6.1.4.1.14519.5.2.1.6279.6001.297964221542942838344351735414.npy,0.2911269200821123,0.3968319594860077,0.2353506237268448,1.0,139.3013916015625,32.586341857910156,1.7432568490505216,2.053254885673523,4.4689812660217285,15.249619483947754,33,25,8,133.01998901367188,0.36129643582355014,high_review,331
detector_top5,1.3.6.1.4.1.14519.5.2.1.6279.6001.161067514225109999586362698069,outputs/luna16_saliency_synthetic_detector_top5/1.3.6.1.4.1.14519.5.2.1.6279.6001.161067514225109999586362698069/surface_1.3.6.1.4.1.14519.5.2.1.6279.6001.161067514225109999586362698069.png,outputs/luna16_saliency_synthetic_detector_top5/1.3.6.1.4.1.14519.5.2.1.6279.6001.161067514225109999586362698069/surface_grid_float_1.3.6.1.4.1.14519.5.2.1.6279.6001.161067514225109999586362698069.npy,0.6014125718898194,0.3897119462490082,0.24079391360282898,0.9803921580314636,144.82980346679688,30.73870849609375,2.1444768190383896,2.953729405403136,3.3176891803741455,14.061529159545898,33,25,8,143.60858154296875,0.3612427305168575,high_review,332
detector_top5,1.3.6.1.4.1.14519.5.2.1.6279.6001.257840703452266097926250569223,outputs/luna16_saliency_synthetic_detector_top5/1.3.6.1.4.1.14519.5.2.1.6279.6001.257840703452266097926250569223/surface_1.3.6.1.4.1.14519.5.2.1.6279.6001.257840703452266097926250569223.png,outputs/luna16_saliency_synthetic_detector_top5/1.3.6.1.4.1.14519.5.2.1.6279.6001.257840703452266097926250569223/surface_grid_float_1.3.6.1.4.1.14519.5.2.1.6279.6001.257840703452266097926250569223.npy,0.6808870001089681,0.35647323727607727,0.22065769135951996,0.9019607901573181,146.085205078125,24.90202522277832,2.109526300430296,3.058684892654419,5.729869365692139,11.078343391418457,33,25,8,145.63720703125,0.35985442944632634,high_review,333
detector_top5,1.3.6.1.4.1.14519.5.2.1.6279.6001.101228986346984399347858840086,outputs/luna16_saliency_synthetic_detector_top5/1.3.6.1.4.1.14519.5.2.1.6279.6001.101228986346984399347858840086/surface_1.3.6.1.4.1.14519.5.2.1.6279.6001.101228986346984399347858840086.png,outputs/luna16_saliency_synthetic_detector_top5/1.3.6.1.4.1.14519.5.2.1.6279.6001.101228986346984399347858840086/surface_grid_float_1.3.6.1.4.1.14519.5.2.1.6279.6001.101228986346984399347858840086.npy,0.5773333333333334,0.3278499245643616,0.23265163600444794,0.9843137264251709,149.37942504882812,25.97933578491211,2.1040376067161546,2.6515354108810425,2.9902541637420654,14.101598739624023,33,25,8,149.1849822998047,0.3598486568291982,high_review,334
detector_top5,1.3.6.1.4.1.14519.5.2.1.6279.6001.286061375572911414226912429210,outputs/luna16_saliency_synthetic_detector_top5/1.3.6.1.4.1.14519.5.2.1.6279.6001.286061375572911414226912429210/surface_1.3.6.1.4.1.14519.5.2.1.6279.6001.286061375572911414226912429210.png,outputs/luna16_saliency_synthetic_detector_top5/1.3.6.1.4.1.14519.5.2.1.6279.6001.286061375572911414226912429210/surface_grid_float_1.3.6.1.4.1.14519.5.2.1.6279.6001.286061375572911414226912429210.npy,0.671548634285008,0.35991567373275757,0.25139784812927246,1.0,152.76577758789062,24.836347579956055,1.8593286573886871,2.4068570733070382,3.9985692501068115,14.644039154052734,33,25,8,152.34613037109375,0.3593576507435905,high_review,335
detector_top5,1.3.6.1.4.1.14519.5.2.1.6279.6001.271220641987745483198036913951,outputs/luna16_saliency_synthetic_detector_top5/1.3.6.1.4.1.14519.5.2.1.6279.6001.271220641987745483198036913951/surface_1.3.6.1.4.1.14519.5.2.1.6279.6001.271220641987745483198036913951.png,outputs/luna16_saliency_synthetic_detector_top5/1.3.6.1.4.1.14519.5.2.1.6279.6001.271220641987745483198036913951/surface_grid_float_1.3.6.1.4.1.14519.5.2.1.6279.6001.271220641987745483198036913951.npy,0.12854355910504175,0.44861093163490295,0.25159916281700134,0.9803921580314636,75.46078491210938,10.64798355102539,1.0144915997982016,2.8801539134979257,7.594305038452148,9.033361434936523,33,25,8,40.224822998046875,0.3587932664347964,high_review,336
detector_top5,1.3.6.1.4.1.14519.5.2.1.6279.6001.148447286464082095534651426689,outputs/luna16_saliency_synthetic_detector_top5/1.3.6.1.4.1.14519.5.2.1.6279.6001.148447286464082095534651426689/surface_1.3.6.1.4.1.14519.5.2.1.6279.6001.148447286464082095534651426689.png,outputs/luna16_saliency_synthetic_detector_top5/1.3.6.1.4.1.14519.5.2.1.6279.6001.148447286464082095534651426689/surface_grid_float_1.3.6.1.4.1.14519.5.2.1.6279.6001.148447286464082095534651426689.npy,0.4750469363372589,0.39487841725349426,0.23600031435489655,1.0,117.87734985351562,22.064775466918945,1.541159397363659,3.99846461057663,8.46239185333252,18.923648834228516,33,25,8,116.11219787597656,0.35846874103811055,high_review,337
detector_top5,1.3.6.1.4.1.14519.5.2.1.6279.6001.669435869708883155232318480131,outputs/luna16_saliency_synthetic_detector_top5/1.3.6.1.4.1.14519.5.2.1.6279.6001.669435869708883155232318480131/surface_1.3.6.1.4.1.14519.5.2.1.6279.6001.669435869708883155232318480131.png,outputs/luna16_saliency_synthetic_detector_top5/1.3.6.1.4.1.14519.5.2.1.6279.6001.669435869708883155232318480131/surface_grid_float_1.3.6.1.4.1.14519.5.2.1.6279.6001.669435869708883155232318480131.npy,0.5358831763326145,0.40726205706596375,0.2513493597507477,1.0,144.27752685546875,27.849742889404297,2.029551386833191,3.2460013866424546,5.744106292724609,9.072067260742188,33,25,8,139.8621826171875,0.35800273582670417,high_review,338
detector_top5,1.3.6.1.4.1.14519.5.2.1.6279.6001.254254303842550572473665729969,outputs/luna16_saliency_synthetic_detector_top5/1.3.6.1.4.1.14519.5.2.1.6279.6001.254254303842550572473665729969/surface_1.3.6.1.4.1.14519.5.2.1.6279.6001.254254303842550572473665729969.png,outputs/luna16_saliency_synthetic_detector_top5/1.3.6.1.4.1.14519.5.2.1.6279.6001.254254303842550572473665729969/surface_grid_float_1.3.6.1.4.1.14519.5.2.1.6279.6001.254254303842550572473665729969.npy,0.5284265026385371,0.35266295075416565,0.2188313752412796,0.9725490212440491,169.17440795898438,34.86528396606445,1.3206861019134521,1.503869771957398,1.579184651374817,13.611634254455566,33,25,8,168.78660583496094,0.3573215158780416,high_review,339
detector_top5,1.3.6.1.4.1.14519.5.2.1.6279.6001.749871569713868632259874663577,outputs/luna16_saliency_synthetic_detector_top5/1.3.6.1.4.1.14519.5.2.1.6279.6001.749871569713868632259874663577/surface_1.3.6.1.4.1.14519.5.2.1.6279.6001.749871569713868632259874663577.png,outputs/luna16_saliency_synthetic_detector_top5/1.3.6.1.4.1.14519.5.2.1.6279.6001.749871569713868632259874663577/surface_grid_float_1.3.6.1.4.1.14519.5.2.1.6279.6001.749871569713868632259874663577.npy,0.5753173241852487,0.3712919354438782,0.2259855717420578,0.9450980424880981,145.19082641601562,27.73312759399414,1.8270156562328337,2.7390195608139045,3.2573466300964355,14.919276237487793,33,25,8,144.21263122558594,0.35730924471219383,high_review,340
detector_top5,1.3.6.1.4.1.14519.5.2.1.6279.6001.174168737938619557573021395302,outputs/luna16_saliency_synthetic_detector_top5/1.3.6.1.4.1.14519.5.2.1.6279.6001.174168737938619557573021395302/surface_1.3.6.1.4.1.14519.5.2.1.6279.6001.174168737938619557573021395302.png,outputs/luna16_saliency_synthetic_detector_top5/1.3.6.1.4.1.14519.5.2.1.6279.6001.174168737938619557573021395302/surface_grid_float_1.3.6.1.4.1.14519.5.2.1.6279.6001.174168737938619557573021395302.npy,0.523597967685232,0.33928561210632324,0.22196659445762634,1.0,161.55413818359375,31.528379440307617,1.5477310776710502,1.7841658020019466,15.753755569458008,15.310375213623047,33,25,8,158.55020141601562,0.3568049270629881,high_review,341
detector_top5,1.3.6.1.4.1.14519.5.2.1.6279.6001.100332161840553388986847034053,outputs/luna16_saliency_synthetic_detector_top5/1.3.6.1.4.1.14519.5.2.1.6279.6001.100332161840553388986847034053/surface_1.3.6.1.4.1.14519.5.2.1.6279.6001.100332161840553388986847034053.png,outputs/luna16_saliency_synthetic_detector_top5/1.3.6.1.4.1.14519.5.2.1.6279.6001.100332161840553388986847034053/surface_grid_float_1.3.6.1.4.1.14519.5.2.1.6279.6001.100332161840553388986847034053.npy,0.5608040201005026,0.3490734100341797,0.22585536539554596,0.95686274766922,161.92543029785156,29.147409439086914,1.7140047550201416,1.9124437522888185,2.750446081161499,12.963399887084961,33,25,8,161.69456481933594,0.35605658503638377,high_review,342
detector_top5,1.3.6.1.4.1.14519.5.2.1.6279.6001.240969450540588211676803094518,outputs/luna16_saliency_synthetic_detector_top5/1.3.6.1.4.1.14519.5.2.1.6279.6001.240969450540588211676803094518/surface_1.3.6.1.4.1.14519.5.2.1.6279.6001.240969450540588211676803094518.png,outputs/luna16_saliency_synthetic_detector_top5/1.3.6.1.4.1.14519.5.2.1.6279.6001.240969450540588211676803094518/surface_grid_float_1.3.6.1.4.1.14519.5.2.1.6279.6001.240969450540588211676803094518.npy,0.5694578357932211,0.39023181796073914,0.24817030131816864,1.0,137.22747802734375,25.111154556274414,1.4133724153041818,3.2394490981102066,4.607615947723389,13.249377250671387,33,25,8,136.41912841796875,0.35533899687925996,high_review,343
detector_top5,1.3.6.1.4.1.14519.5.2.1.6279.6001.202283133206014258077705539227,outputs/luna16_saliency_synthetic_detector_top5/1.3.6.1.4.1.14519.5.2.1.6279.6001.202283133206014258077705539227/surface_1.3.6.1.4.1.14519.5.2.1.6279.6001.202283133206014258077705539227.png,outputs/luna16_saliency_synthetic_detector_top5/1.3.6.1.4.1.14519.5.2.1.6279.6001.202283133206014258077705539227/surface_grid_float_1.3.6.1.4.1.14519.5.2.1.6279.6001.202283133206014258077705539227.npy,0.5595936128627798,0.3326527774333954,0.23139755427837372,0.8980392217636108,126.15066528320312,20.0185604095459,1.8875266134738917,3.293890342712398,5.6340484619140625,20.14456558227539,33,25,8,124.99534606933594,0.35383352038065574,high_review,344
detector_top5,1.3.6.1.4.1.14519.5.2.1.6279.6001.885168397833922082085837240429,outputs/luna16_saliency_synthetic_detector_top5/1.3.6.1.4.1.14519.5.2.1.6279.6001.885168397833922082085837240429/surface_1.3.6.1.4.1.14519.5.2.1.6279.6001.885168397833922082085837240429.png,outputs/luna16_saliency_synthetic_detector_top5/1.3.6.1.4.1.14519.5.2.1.6279.6001.885168397833922082085837240429/surface_grid_float_1.3.6.1.4.1.14519.5.2.1.6279.6001.885168397833922082085837240429.npy,0.5738992714602471,0.32252922654151917,0.2322928011417389,0.8980392217636108,142.05894470214844,31.71733856201172,1.8598556995391835,2.7278573322296156,3.072380542755127,15.852753639221191,33,25,8,141.76834106445312,0.3538289692242941,high_review,345
detector_top5,1.3.6.1.4.1.14519.5.2.1.6279.6001.203741923654363010377298352671,outputs/luna16_saliency_synthetic_detector_top5/1.3.6.1.4.1.14519.5.2.1.6279.6001.203741923654363010377298352671/surface_1.3.6.1.4.1.14519.5.2.1.6279.6001.203741923654363010377298352671.png,outputs/luna16_saliency_synthetic_detector_top5/1.3.6.1.4.1.14519.5.2.1.6279.6001.203741923654363010377298352671/surface_grid_float_1.3.6.1.4.1.14519.5.2.1.6279.6001.203741923654363010377298352671.npy,0.5733444014019553,0.3355432450771332,0.2353362739086151,0.8980392217636108,161.27517700195312,33.80852127075195,1.7721353352069849,1.988032635450363,6.027689456939697,11.425277709960938,33,25,8,160.08074951171875,0.3538224467555682,high_review,346
detector_top5,1.3.6.1.4.1.14519.5.2.1.6279.6001.362762275895885013176610377950,outputs/luna16_saliency_synthetic_detector_top5/1.3.6.1.4.1.14519.5.2.1.6279.6001.362762275895885013176610377950/surface_1.3.6.1.4.1.14519.5.2.1.6279.6001.362762275895885013176610377950.png,outputs/luna16_saliency_synthetic_detector_top5/1.3.6.1.4.1.14519.5.2.1.6279.6001.362762275895885013176610377950/surface_grid_float_1.3.6.1.4.1.14519.5.2.1.6279.6001.362762275895885013176610377950.npy,0.6020083063093816,0.30833107233047485,0.22445157170295715,0.9009803980588913,139.41360473632812,22.51352310180664,1.6407919168472267,3.51153857469557,31.184019088745117,7.209909439086914,33,25,8,71.10688018798828,0.35372418611049594,high_review,347
detector_top5,1.3.6.1.4.1.14519.5.2.1.6279.6001.194246472548954252250399902051,outputs/luna16_saliency_synthetic_detector_top5/1.3.6.1.4.1.14519.5.2.1.6279.6001.194246472548954252250399902051/surface_1.3.6.1.4.1.14519.5.2.1.6279.6001.194246472548954252250399902051.png,outputs/luna16_saliency_synthetic_detector_top5/1.3.6.1.4.1.14519.5.2.1.6279.6001.194246472548954252250399902051/surface_grid_float_1.3.6.1.4.1.14519.5.2.1.6279.6001.194246472548954252250399902051.npy,0.4686742632192065,0.33228600025177,0.23662663996219635,0.9254902005195618,140.4148712158203,25.456722259521484,1.7945366740226742,3.3306372022628725,32.55342102050781,8.633480072021484,33,25,8,107.37359619140625,0.35312941269874554,high_review,348
detector_top5,1.3.6.1.4.1.14519.5.2.1.6279.6001.187966156856911682643615997798,outputs/luna16_saliency_synthetic_detector_top5/1.3.6.1.4.1.14519.5.2.1.6279.6001.187966156856911682643615997798/surface_1.3.6.1.4.1.14519.5.2.1.6279.6001.187966156856911682643615997798.png,outputs/luna16_saliency_synthetic_detector_top5/1.3.6.1.4.1.14519.5.2.1.6279.6001.187966156856911682643615997798/surface_grid_float_1.3.6.1.4.1.14519.5.2.1.6279.6001.187966156856911682643615997798.npy,0.5930767942850764,0.3227698504924774,0.23749519884586334,0.929411768913269,153.49632263183594,36.563602447509766,1.541308909654617,1.9104295372962947,4.903523921966553,17.92150115966797,33,25,8,152.4420166015625,0.35296564863787755,high_review,349
detector_top5,1.3.6.1.4.1.14519.5.2.1.6279.6001.177685820605315926524514718990,outputs/luna16_saliency_synthetic_detector_top5/1.3.6.1.4.1.14519.5.2.1.6279.6001.177685820605315926524514718990/surface_1.3.6.1.4.1.14519.5.2.1.6279.6001.177685820605315926524514718990.png,outputs/luna16_saliency_synthetic_detector_top5/1.3.6.1.4.1.14519.5.2.1.6279.6001.177685820605315926524514718990/surface_grid_float_1.3.6.1.4.1.14519.5.2.1.6279.6001.177685820605315926524514718990.npy,0.5683584948174853,0.3547138273715973,0.22629007697105408,1.0,126.93120574951172,25.346628189086914,1.5178833782672876,3.5102728652953927,4.764971733093262,16.147829055786133,33,25,8,124.27604675292969,0.352744260109795,high_review,350
detector_top5,1.3.6.1.4.1.14519.5.2.1.6279.6001.335866409407244673864352309754,outputs/luna16_saliency_synthetic_detector_top5/1.3.6.1.4.1.14519.5.2.1.6279.6001.335866409407244673864352309754/surface_1.3.6.1.4.1.14519.5.2.1.6279.6001.335866409407244673864352309754.png,outputs/luna16_saliency_synthetic_detector_top5/1.3.6.1.4.1.14519.5.2.1.6279.6001.335866409407244673864352309754/surface_grid_float_1.3.6.1.4.1.14519.5.2.1.6279.6001.335866409407244673864352309754.npy,0.6289256198347107,0.3829129934310913,0.25303545594215393,1.0,117.8224105834961,20.144672393798828,2.171167612075804,4.317384133338931,5.414886474609375,11.9673490524292,33,25,8,111.0975341796875,0.35248631731139296,high_review,351
detector_top5,1.3.6.1.4.1.14519.5.2.1.6279.6001.199282854229880908602362094937,outputs/luna16_saliency_synthetic_detector_top5/1.3.6.1.4.1.14519.5.2.1.6279.6001.199282854229880908602362094937/surface_1.3.6.1.4.1.14519.5.2.1.6279.6001.199282854229880908602362094937.png,outputs/luna16_saliency_synthetic_detector_top5/1.3.6.1.4.1.14519.5.2.1.6279.6001.199282854229880908602362094937/surface_grid_float_1.3.6.1.4.1.14519.5.2.1.6279.6001.199282854229880908602362094937.npy,0.6619525547445255,0.34787750244140625,0.23812395334243774,0.9372549057006836,127.29547882080078,21.099374771118164,1.835000443458557,4.183958392143228,7.094995021820068,6.530636310577393,33,25,8,122.60054016113281,0.3521904082669145,high_review,352
detector_top5,1.3.6.1.4.1.14519.5.2.1.6279.6001.259123825760999546551970425757,outputs/luna16_saliency_synthetic_detector_top5/1.3.6.1.4.1.14519.5.2.1.6279.6001.259123825760999546551970425757/surface_1.3.6.1.4.1.14519.5.2.1.6279.6001.259123825760999546551970425757.png,outputs/luna16_saliency_synthetic_detector_top5/1.3.6.1.4.1.14519.5.2.1.6279.6001.259123825760999546551970425757/surface_grid_float_1.3.6.1.4.1.14519.5.2.1.6279.6001.259123825760999546551970425757.npy,0.5188246097337006,0.37834495306015015,0.24090607464313507,0.9921568632125854,146.1665802001953,33.745628356933594,1.6973435401916503,2.5602057790756225,2.9904673099517822,14.231389045715332,33,25,8,145.4241943359375,0.3520424493630727,high_review,353
detector_top5,1.3.6.1.4.1.14519.5.2.1.6279.6001.290410217650314119074833254861,outputs/luna16_saliency_synthetic_detector_top5/1.3.6.1.4.1.14519.5.2.1.6279.6001.290410217650314119074833254861/surface_1.3.6.1.4.1.14519.5.2.1.6279.6001.290410217650314119074833254861.png,outputs/luna16_saliency_synthetic_detector_top5/1.3.6.1.4.1.14519.5.2.1.6279.6001.290410217650314119074833254861/surface_grid_float_1.3.6.1.4.1.14519.5.2.1.6279.6001.290410217650314119074833254861.npy,0.5521744791666666,0.3504320979118347,0.23371750116348267,0.9725490212440491,157.65309143066406,25.999347686767578,1.4111141860485081,2.004863350391385,2.839791774749756,12.91237735748291,33,25,8,156.46371459960938,0.35159522480169925,high_review,354
detector_top5,1.3.6.1.4.1.14519.5.2.1.6279.6001.964952370561266624992539111877,outputs/luna16_saliency_synthetic_detector_top5/1.3.6.1.4.1.14519.5.2.1.6279.6001.964952370561266624992539111877/surface_1.3.6.1.4.1.14519.5.2.1.6279.6001.964952370561266624992539111877.png,outputs/luna16_saliency_synthetic_detector_top5/1.3.6.1.4.1.14519.5.2.1.6279.6001.964952370561266624992539111877/surface_grid_float_1.3.6.1.4.1.14519.5.2.1.6279.6001.964952370561266624992539111877.npy,0.49842899036447424,0.3071928322315216,0.23740240931510925,0.9450980424880981,140.90087890625,30.329853057861328,1.912080705165863,3.039368283748624,3.862504005432129,11.456323623657227,33,25,8,140.06915283203125,0.35147434363100255,high_review,355
detector_top5,1.3.6.1.4.1.14519.5.2.1.6279.6001.315187221221054114974341475212,outputs/luna16_saliency_synthetic_detector_top5/1.3.6.1.4.1.14519.5.2.1.6279.6001.315187221221054114974341475212/surface_1.3.6.1.4.1.14519.5.2.1.6279.6001.315187221221054114974341475212.png,outputs/luna16_saliency_synthetic_detector_top5/1.3.6.1.4.1.14519.5.2.1.6279.6001.315187221221054114974341475212/surface_grid_float_1.3.6.1.4.1.14519.5.2.1.6279.6001.315187221221054114974341475212.npy,0.6196687496208214,0.3292126953601837,0.23138977587223053,0.8705882430076599,156.4060516357422,31.260244369506836,1.6403415858745567,2.0918721818923953,2.219381332397461,12.618149757385254,33,25,8,156.13162231445312,0.3514732509771983,high_review,356
detector_top5,1.3.6.1.4.1.14519.5.2.1.6279.6001.779493719385047675154892222907,outputs/luna16_saliency_synthetic_detector_top5/1.3.6.1.4.1.14519.5.2.1.6279.6001.779493719385047675154892222907/surface_1.3.6.1.4.1.14519.5.2.1.6279.6001.779493719385047675154892222907.png,outputs/luna16_saliency_synthetic_detector_top5/1.3.6.1.4.1.14519.5.2.1.6279.6001.779493719385047675154892222907/surface_grid_float_1.3.6.1.4.1.14519.5.2.1.6279.6001.779493719385047675154892222907.npy,0.5675342256381144,0.338958203792572,0.22288137674331665,0.8784313797950745,135.4724578857422,32.670143127441406,1.4707488298416136,3.0272924256324765,5.598165035247803,15.490419387817383,33,25,8,133.48558044433594,0.35102935677369435,high_review,357
detector_top5,1.3.6.1.4.1.14519.5.2.1.6279.6001.266581250778073944645044950856,outputs/luna16_saliency_synthetic_detector_top5/1.3.6.1.4.1.14519.5.2.1.6279.6001.266581250778073944645044950856/surface_1.3.6.1.4.1.14519.5.2.1.6279.6001.266581250778073944645044950856.png,outputs/luna16_saliency_synthetic_detector_top5/1.3.6.1.4.1.14519.5.2.1.6279.6001.266581250778073944645044950856/surface_grid_float_1.3.6.1.4.1.14519.5.2.1.6279.6001.266581250778073944645044950856.npy,0.5820618455976942,0.36612468957901,0.23810598254203796,0.8705882430076599,139.13275146484375,23.343294143676758,1.8852905631065369,2.9882105588912977,10.111650466918945,13.017390251159668,33,25,8,134.94168090820312,0.3504617697662777,high_review,358
detector_top5,1.3.6.1.4.1.14519.5.2.1.6279.6001.314519596680450457855054746285,outputs/luna16_saliency_synthetic_detector_top5/1.3.6.1.4.1.14519.5.2.1.6279.6001.314519596680450457855054746285/surface_1.3.6.1.4.1.14519.5.2.1.6279.6001.314519596680450457855054746285.png,outputs/luna16_saliency_synthetic_detector_top5/1.3.6.1.4.1.14519.5.2.1.6279.6001.314519596680450457855054746285/surface_grid_float_1.3.6.1.4.1.14519.5.2.1.6279.6001.314519596680450457855054746285.npy,0.6195733200809342,0.3315221071243286,0.23348566889762878,0.9372549057006836,143.87892150878906,31.3892765045166,1.9183377921581268,2.5467668485641464,2.749645233154297,15.318121910095215,33,25,8,143.41807556152344,0.35024147888289553,high_review,359
detector_top5,1.3.6.1.4.1.14519.5.2.1.6279.6001.202643836890896697853521610450,outputs/luna16_saliency_synthetic_detector_top5/1.3.6.1.4.1.14519.5.2.1.6279.6001.202643836890896697853521610450/surface_1.3.6.1.4.1.14519.5.2.1.6279.6001.202643836890896697853521610450.png,outputs/luna16_saliency_synthetic_detector_top5/1.3.6.1.4.1.14519.5.2.1.6279.6001.202643836890896697853521610450/surface_grid_float_1.3.6.1.4.1.14519.5.2.1.6279.6001.202643836890896697853521610450.npy,0.6877721590110971,0.3201974630355835,0.2386060208082199,0.929411768913269,129.41015625,23.73922348022461,1.822053700685501,3.384542143344872,7.7215070724487305,14.617825508117676,33,25,8,126.39285278320312,0.3497039147350521,high_review,360
detector_top5,1.3.6.1.4.1.14519.5.2.1.6279.6001.288701997968615460794642979503,outputs/luna16_saliency_synthetic_detector_top5/1.3.6.1.4.1.14519.5.2.1.6279.6001.288701997968615460794642979503/surface_1.3.6.1.4.1.14519.5.2.1.6279.6001.288701997968615460794642979503.png,outputs/luna16_saliency_synthetic_detector_top5/1.3.6.1.4.1.14519.5.2.1.6279.6001.288701997968615460794642979503/surface_grid_float_1.3.6.1.4.1.14519.5.2.1.6279.6001.288701997968615460794642979503.npy,0.047930652414781984,0.6094866394996643,0.2210567146539688,1.0,46.81158447265625,12.559264183044434,0.8979333698749542,2.4156373882293702,6.125680923461914,11.898579597473145,33,25,8,32.03973388671875,0.34954077285867463,high_review,361
detector_top5,1.3.6.1.4.1.14519.5.2.1.6279.6001.210426531621179400035178209430,outputs/luna16_saliency_synthetic_detector_top5/1.3.6.1.4.1.14519.5.2.1.6279.6001.210426531621179400035178209430/surface_1.3.6.1.4.1.14519.5.2.1.6279.6001.210426531621179400035178209430.png,outputs/luna16_saliency_synthetic_detector_top5/1.3.6.1.4.1.14519.5.2.1.6279.6001.210426531621179400035178209430/surface_grid_float_1.3.6.1.4.1.14519.5.2.1.6279.6001.210426531621179400035178209430.npy,0.4398414920109792,0.431630402803421,0.22351419925689697,1.0,138.54473876953125,26.15838050842285,1.7268565893173207,3.358778600692747,4.099297046661377,7.829257965087891,33,25,8,136.2399444580078,0.3490696070035298,high_review,362
detector_top5,1.3.6.1.4.1.14519.5.2.1.6279.6001.712472578497712558367294720243,outputs/luna16_saliency_synthetic_detector_top5/1.3.6.1.4.1.14519.5.2.1.6279.6001.712472578497712558367294720243/surface_1.3.6.1.4.1.14519.5.2.1.6279.6001.712472578497712558367294720243.png,outputs/luna16_saliency_synthetic_detector_top5/1.3.6.1.4.1.14519.5.2.1.6279.6001.712472578497712558367294720243/surface_grid_float_1.3.6.1.4.1.14519.5.2.1.6279.6001.712472578497712558367294720243.npy,0.5143181431246808,0.3522922098636627,0.2225772589445114,0.8705882430076599,137.38079833984375,24.916709899902344,1.8015045404434205,2.8950936031341787,5.768350601196289,14.914306640625,33,25,8,136.6598663330078,0.3489637089729316,high_review,363
detector_top5,1.3.6.1.4.1.14519.5.2.1.6279.6001.317087518531899043292346860596,outputs/luna16_saliency_synthetic_detector_top5/1.3.6.1.4.1.14519.5.2.1.6279.6001.317087518531899043292346860596/surface_1.3.6.1.4.1.14519.5.2.1.6279.6001.317087518531899043292346860596.png,outputs/luna16_saliency_synthetic_detector_top5/1.3.6.1.4.1.14519.5.2.1.6279.6001.317087518531899043292346860596/surface_grid_float_1.3.6.1.4.1.14519.5.2.1.6279.6001.317087518531899043292346860596.npy,0.603913701474677,0.3293144106864929,0.22253839671611786,0.929411768913269,128.39015197753906,23.640243530273438,1.5075598061084747,3.609055280685425,5.788665294647217,11.963523864746094,33,25,8,125.42732238769531,0.3488408536381192,high_review,364
detector_top5,1.3.6.1.4.1.14519.5.2.1.6279.6001.675543413149938600000570588203,outputs/luna16_saliency_synthetic_detector_top5/1.3.6.1.4.1.14519.5.2.1.6279.6001.675543413149938600000570588203/surface_1.3.6.1.4.1.14519.5.2.1.6279.6001.675543413149938600000570588203.png,outputs/luna16_saliency_synthetic_detector_top5/1.3.6.1.4.1.14519.5.2.1.6279.6001.675543413149938600000570588203/surface_grid_float_1.3.6.1.4.1.14519.5.2.1.6279.6001.675543413149938600000570588203.npy,0.06115556270355032,0.6870042085647583,0.15143144130706787,1.0,46.30067443847656,13.17021369934082,0.6440865159034721,2.173341779708866,4.8707499504089355,7.657949447631836,33,25,8,27.0487060546875,0.34872395307710796,high_review,365
detector_top5,1.3.6.1.4.1.14519.5.2.1.6279.6001.725023183844147505748475581290,outputs/luna16_saliency_synthetic_detector_top5/1.3.6.1.4.1.14519.5.2.1.6279.6001.725023183844147505748475581290/surface_1.3.6.1.4.1.14519.5.2.1.6279.6001.725023183844147505748475581290.png,outputs/luna16_saliency_synthetic_detector_top5/1.3.6.1.4.1.14519.5.2.1.6279.6001.725023183844147505748475581290/surface_grid_float_1.3.6.1.4.1.14519.5.2.1.6279.6001.725023183844147505748475581290.npy,0.5279535241248817,0.3776594400405884,0.24081462621688843,0.9372549057006836,135.4462127685547,25.17459487915039,1.6655210494995114,2.7122625613212583,3.4083762168884277,18.568622589111328,33,25,8,135.0076446533203,0.3483751705408096,high_review,366
detector_top5,1.3.6.1.4.1.14519.5.2.1.6279.6001.191266041369462391833537519639,outputs/luna16_saliency_synthetic_detector_top5/1.3.6.1.4.1.14519.5.2.1.6279.6001.191266041369462391833537519639/surface_1.3.6.1.4.1.14519.5.2.1.6279.6001.191266041369462391833537519639.png,outputs/luna16_saliency_synthetic_detector_top5/1.3.6.1.4.1.14519.5.2.1.6279.6001.191266041369462391833537519639/surface_grid_float_1.3.6.1.4.1.14519.5.2.1.6279.6001.191266041369462391833537519639.npy,0.6224480777728679,0.3193170130252838,0.22393231093883514,1.0,143.47293090820312,26.670795440673828,1.817059993743894,2.824689311981202,3.2706310749053955,10.964754104614258,33,25,8,141.68377685546875,0.3482283511055841,high_review,367
detector_top5,1.3.6.1.4.1.14519.5.2.1.6279.6001.557875302364105947813979213632,outputs/luna16_saliency_synthetic_detector_top5/1.3.6.1.4.1.14519.5.2.1.6279.6001.557875302364105947813979213632/surface_1.3.6.1.4.1.14519.5.2.1.6279.6001.557875302364105947813979213632.png,outputs/luna16_saliency_synthetic_detector_top5/1.3.6.1.4.1.14519.5.2.1.6279.6001.557875302364105947813979213632/surface_grid_float_1.3.6.1.4.1.14519.5.2.1.6279.6001.557875302364105947813979213632.npy,0.5567708018611397,0.3555470108985901,0.21979792416095734,1.0,141.01010131835938,23.88899803161621,1.7217268228530886,2.978547983169554,3.77492618560791,10.730475425720215,33,25,8,139.49850463867188,0.34821877597173045,high_review,368
detector_top5,1.3.6.1.4.1.14519.5.2.1.6279.6001.308153138776443962077214577161,outputs/luna16_saliency_synthetic_detector_top5/1.3.6.1.4.1.14519.5.2.1.6279.6001.308153138776443962077214577161/surface_1.3.6.1.4.1.14519.5.2.1.6279.6001.308153138776443962077214577161.png,outputs/luna16_saliency_synthetic_detector_top5/1.3.6.1.4.1.14519.5.2.1.6279.6001.308153138776443962077214577161/surface_grid_float_1.3.6.1.4.1.14519.5.2.1.6279.6001.308153138776443962077214577161.npy,0.6756171152015876,0.34908169507980347,0.22797949612140656,0.8916470652818782,116.00312042236328,29.361587524414062,1.6104885101318358,3.702156529426576,9.70378589630127,19.580150604248047,33,25,8,114.62101745605469,0.3479146757072873,high_review,369
detector_top5,1.3.6.1.4.1.14519.5.2.1.6279.6001.413896555982844732694353377538,outputs/luna16_saliency_synthetic_detector_top5/1.3.6.1.4.1.14519.5.2.1.6279.6001.413896555982844732694353377538/surface_1.3.6.1.4.1.14519.5.2.1.6279.6001.413896555982844732694353377538.png,outputs/luna16_saliency_synthetic_detector_top5/1.3.6.1.4.1.14519.5.2.1.6279.6001.413896555982844732694353377538/surface_grid_float_1.3.6.1.4.1.14519.5.2.1.6279.6001.413896555982844732694353377538.npy,0.5521197281905967,0.3093653619289398,0.22119022905826569,0.886274516582489,150.3369598388672,27.759098052978516,1.5979583859443665,1.9971884381771083,2.1680870056152344,16.631847381591797,33,25,8,150.10089111328125,0.3474369137247403,high_review,370
detector_top5,1.3.6.1.4.1.14519.5.2.1.6279.6001.855232435861303786204450738044,outputs/luna16_saliency_synthetic_detector_top5/1.3.6.1.4.1.14519.5.2.1.6279.6001.855232435861303786204450738044/surface_1.3.6.1.4.1.14519.5.2.1.6279.6001.855232435861303786204450738044.png,outputs/luna16_saliency_synthetic_detector_top5/1.3.6.1.4.1.14519.5.2.1.6279.6001.855232435861303786204450738044/surface_grid_float_1.3.6.1.4.1.14519.5.2.1.6279.6001.855232435861303786204450738044.npy,0.575416310043996,0.3022335171699524,0.24543413519859314,0.9843137264251709,153.87535095214844,32.43146514892578,1.285535669326782,1.5412583255767822,1.6109448671340942,20.02151870727539,33,25,8,153.68276977539062,0.34718893181482946,high_review,371
detector_top5,1.3.6.1.4.1.14519.5.2.1.6279.6001.219428004988664846407984058588,outputs/luna16_saliency_synthetic_detector_top5/1.3.6.1.4.1.14519.5.2.1.6279.6001.219428004988664846407984058588/surface_1.3.6.1.4.1.14519.5.2.1.6279.6001.219428004988664846407984058588.png,outputs/luna16_saliency_synthetic_detector_top5/1.3.6.1.4.1.14519.5.2.1.6279.6001.219428004988664846407984058588/surface_grid_float_1.3.6.1.4.1.14519.5.2.1.6279.6001.219428004988664846407984058588.npy,0.5785136305276044,0.39086586236953735,0.2357793152332306,1.0,142.7178955078125,29.9783935546875,1.744859164953231,2.735304629802705,6.201023101806641,12.106701850891113,33,25,8,141.91522216796875,0.3468260799646377,high_review,372
detector_top5,1.3.6.1.4.1.14519.5.2.1.6279.6001.771831598853841017505646275338,outputs/luna16_saliency_synthetic_detector_top5/1.3.6.1.4.1.14519.5.2.1.6279.6001.771831598853841017505646275338/surface_1.3.6.1.4.1.14519.5.2.1.6279.6001.771831598853841017505646275338.png,outputs/luna16_saliency_synthetic_detector_top5/1.3.6.1.4.1.14519.5.2.1.6279.6001.771831598853841017505646275338/surface_grid_float_1.3.6.1.4.1.14519.5.2.1.6279.6001.771831598853841017505646275338.npy,0.4631176463040661,0.3168720602989197,0.23179179430007935,0.8588235378265381,155.31166076660156,31.586835861206055,1.500976824760437,2.1874806785583494,3.0668866634368896,9.916169166564941,33,25,8,153.38241577148438,0.34651311978234184,high_review,373
detector_top5,1.3.6.1.4.1.14519.5.2.1.6279.6001.310626494937915759224334597176,outputs/luna16_saliency_synthetic_detector_top5/1.3.6.1.4.1.14519.5.2.1.6279.6001.310626494937915759224334597176/surface_1.3.6.1.4.1.14519.5.2.1.6279.6001.310626494937915759224334597176.png,outputs/luna16_saliency_synthetic_detector_top5/1.3.6.1.4.1.14519.5.2.1.6279.6001.310626494937915759224334597176/surface_grid_float_1.3.6.1.4.1.14519.5.2.1.6279.6001.310626494937915759224334597176.npy,0.6261737786758588,0.34855589270591736,0.2484588623046875,1.0,133.61441040039062,26.511240005493164,2.1645687580108643,3.4084112501144377,6.79876708984375,9.364276885986328,33,25,8,128.71286010742188,0.3457525256951649,high_review,374
detector_top5,1.3.6.1.4.1.14519.5.2.1.6279.6001.113679818447732724990336702075,outputs/luna16_saliency_synthetic_detector_top5/1.3.6.1.4.1.14519.5.2.1.6279.6001.113679818447732724990336702075/surface_1.3.6.1.4.1.14519.5.2.1.6279.6001.113679818447732724990336702075.png,outputs/luna16_saliency_synthetic_detector_top5/1.3.6.1.4.1.14519.5.2.1.6279.6001.113679818447732724990336702075/surface_grid_float_1.3.6.1.4.1.14519.5.2.1.6279.6001.113679818447732724990336702075.npy,0.595955375423056,0.40219587087631226,0.2409135103225708,1.0,143.50245666503906,22.72357177734375,1.9191061854362488,2.4777287125587453,3.3561007976531982,14.481104850769043,33,25,8,142.709228515625,0.3456828554868698,high_review,375
detector_top5,1.3.6.1.4.1.14519.5.2.1.6279.6001.100621383016233746780170740405,outputs/luna16_saliency_synthetic_detector_top5/1.3.6.1.4.1.14519.5.2.1.6279.6001.100621383016233746780170740405/surface_1.3.6.1.4.1.14519.5.2.1.6279.6001.100621383016233746780170740405.png,outputs/luna16_saliency_synthetic_detector_top5/1.3.6.1.4.1.14519.5.2.1.6279.6001.100621383016233746780170740405/surface_grid_float_1.3.6.1.4.1.14519.5.2.1.6279.6001.100621383016233746780170740405.npy,0.6327815506508206,0.39028531312942505,0.27258017659187317,1.0,133.72071838378906,30.84096336364746,1.781544667482377,2.818993549346924,3.605712890625,17.029712677001953,33,25,8,133.29193115234375,0.34528147640228274,high_review,376
detector_top5,1.3.6.1.4.1.14519.5.2.1.6279.6001.416701701108520592702405866796,outputs/luna16_saliency_synthetic_detector_top5/1.3.6.1.4.1.14519.5.2.1.6279.6001.416701701108520592702405866796/surface_1.3.6.1.4.1.14519.5.2.1.6279.6001.416701701108520592702405866796.png,outputs/luna16_saliency_synthetic_detector_top5/1.3.6.1.4.1.14519.5.2.1.6279.6001.416701701108520592702405866796/surface_grid_float_1.3.6.1.4.1.14519.5.2.1.6279.6001.416701701108520592702405866796.npy,0.5750571541190382,0.4119085669517517,0.22017072141170502,0.9215686321258545,144.04855346679688,31.66001319885254,1.6635582208633422,2.2819280052185067,2.4810261726379395,16.42107582092285,33,25,8,143.92193603515625,0.34503004220326744,high_review,377
detector_top5,1.3.6.1.4.1.14519.5.2.1.6279.6001.307946352302138765071461362398,outputs/luna16_saliency_synthetic_detector_top5/1.3.6.1.4.1.14519.5.2.1.6279.6001.307946352302138765071461362398/surface_1.3.6.1.4.1.14519.5.2.1.6279.6001.307946352302138765071461362398.png,outputs/luna16_saliency_synthetic_detector_top5/1.3.6.1.4.1.14519.5.2.1.6279.6001.307946352302138765071461362398/surface_grid_float_1.3.6.1.4.1.14519.5.2.1.6279.6001.307946352302138765071461362398.npy,0.573097271800102,0.35825514793395996,0.24934303760528564,1.0,145.15138244628906,33.142391204833984,2.0164925932884215,2.506334037780761,8.549978256225586,12.490861892700195,33,25,8,144.53399658203125,0.34486646274990507,high_review,378
detector_top5,1.3.6.1.4.1.14519.5.2.1.6279.6001.295420274214095686326263147663,outputs/luna16_saliency_synthetic_detector_top5/1.3.6.1.4.1.14519.5.2.1.6279.6001.295420274214095686326263147663/surface_1.3.6.1.4.1.14519.5.2.1.6279.6001.295420274214095686326263147663.png,outputs/luna16_saliency_synthetic_detector_top5/1.3.6.1.4.1.14519.5.2.1.6279.6001.295420274214095686326263147663/surface_grid_float_1.3.6.1.4.1.14519.5.2.1.6279.6001.295420274214095686326263147663.npy,0.5498057913232907,0.38332605361938477,0.2251666784286499,0.9273725533485395,152.15956115722656,29.027530670166016,1.780303084850311,2.3758297109603883,2.6554081439971924,8.932097434997559,33,25,8,151.8648223876953,0.34472326533529496,high_review,379
detector_top5,1.3.6.1.4.1.14519.5.2.1.6279.6001.561423049201987049884663740668,outputs/luna16_saliency_synthetic_detector_top5/1.3.6.1.4.1.14519.5.2.1.6279.6001.561423049201987049884663740668/surface_1.3.6.1.4.1.14519.5.2.1.6279.6001.561423049201987049884663740668.png,outputs/luna16_saliency_synthetic_detector_top5/1.3.6.1.4.1.14519.5.2.1.6279.6001.561423049201987049884663740668/surface_grid_float_1.3.6.1.4.1.14519.5.2.1.6279.6001.561423049201987049884663740668.npy,0.5419247054757036,0.34532931447029114,0.23559659719467163,0.9843137264251709,159.5819854736328,35.50544738769531,1.4130962669849394,1.681530929803848,1.771462321281433,12.587065696716309,33,25,8,159.30014038085938,0.3443871607873175,high_review,380
detector_top5,1.3.6.1.4.1.14519.5.2.1.6279.6001.231002159523969307155990628066,outputs/luna16_saliency_synthetic_detector_top5/1.3.6.1.4.1.14519.5.2.1.6279.6001.231002159523969307155990628066/surface_1.3.6.1.4.1.14519.5.2.1.6279.6001.231002159523969307155990628066.png,outputs/luna16_saliency_synthetic_detector_top5/1.3.6.1.4.1.14519.5.2.1.6279.6001.231002159523969307155990628066/surface_grid_float_1.3.6.1.4.1.14519.5.2.1.6279.6001.231002159523969307155990628066.npy,0.6174274744027304,0.33230772614479065,0.2402685582637787,1.0,124.90019226074219,27.033321380615234,1.6796648502349854,3.7138041377067554,8.146183013916016,11.040750503540039,33,25,8,114.9168701171875,0.3441161123514175,high_review,381
detector_top5,1.3.6.1.4.1.14519.5.2.1.6279.6001.300146276266881736689307479986,outputs/luna16_saliency_synthetic_detector_top5/1.3.6.1.4.1.14519.5.2.1.6279.6001.300146276266881736689307479986/surface_1.3.6.1.4.1.14519.5.2.1.6279.6001.300146276266881736689307479986.png,outputs/luna16_saliency_synthetic_detector_top5/1.3.6.1.4.1.14519.5.2.1.6279.6001.300146276266881736689307479986/surface_grid_float_1.3.6.1.4.1.14519.5.2.1.6279.6001.300146276266881736689307479986.npy,0.4926757051581736,0.3842432200908661,0.2426573783159256,1.0,121.94274139404297,26.700992584228516,1.4896392524242401,3.604656803607943,5.914796352386475,14.365293502807617,33,25,8,120.95826721191406,0.34330048088232684,high_review,382
detector_top5,1.3.6.1.4.1.14519.5.2.1.6279.6001.882070241245008756731854510592,outputs/luna16_saliency_synthetic_detector_top5/1.3.6.1.4.1.14519.5.2.1.6279.6001.882070241245008756731854510592/surface_1.3.6.1.4.1.14519.5.2.1.6279.6001.882070241245008756731854510592.png,outputs/luna16_saliency_synthetic_detector_top5/1.3.6.1.4.1.14519.5.2.1.6279.6001.882070241245008756731854510592/surface_grid_float_1.3.6.1.4.1.14519.5.2.1.6279.6001.882070241245008756731854510592.npy,0.2960161828419607,0.3713669180870056,0.23747773468494415,0.9686274528503418,125.48844909667969,27.398542404174805,1.6217786192893973,2.4662470293045047,3.062919855117798,13.170801162719727,33,25,8,123.9195556640625,0.34325116858741367,high_review,383
detector_top5,1.3.6.1.4.1.14519.5.2.1.6279.6001.300246184547502297539521283806,outputs/luna16_saliency_synthetic_detector_top5/1.3.6.1.4.1.14519.5.2.1.6279.6001.300246184547502297539521283806/surface_1.3.6.1.4.1.14519.5.2.1.6279.6001.300246184547502297539521283806.png,outputs/luna16_saliency_synthetic_detector_top5/1.3.6.1.4.1.14519.5.2.1.6279.6001.300246184547502297539521283806/surface_grid_float_1.3.6.1.4.1.14519.5.2.1.6279.6001.300246184547502297539521283806.npy,0.5517621893250034,0.35213881731033325,0.22781959176063538,1.0,145.63037109375,32.73873519897461,1.4365419983863825,2.02979192018509,2.2917604446411133,17.655057907104492,33,25,8,145.45721435546875,0.34284450477759043,high_review,384
detector_top5,1.3.6.1.4.1.14519.5.2.1.6279.6001.301582691063019848479942618641,outputs/luna16_saliency_synthetic_detector_top5/1.3.6.1.4.1.14519.5.2.1.6279.6001.301582691063019848479942618641/surface_1.3.6.1.4.1.14519.5.2.1.6279.6001.301582691063019848479942618641.png,outputs/luna16_saliency_synthetic_detector_top5/1.3.6.1.4.1.14519.5.2.1.6279.6001.301582691063019848479942618641/surface_grid_float_1.3.6.1.4.1.14519.5.2.1.6279.6001.301582691063019848479942618641.npy,0.6695083721997095,0.26703593134880066,0.22404709458351135,0.8416470682621104,142.70086669921875,27.804059982299805,1.8395058274269092,2.4815712881088277,3.0842432975769043,13.682389259338379,33,25,8,138.12042236328125,0.34268722594049245,high_review,385
detector_top5,1.3.6.1.4.1.14519.5.2.1.6279.6001.179049373636438705059720603192,outputs/luna16_saliency_synthetic_detector_top5/1.3.6.1.4.1.14519.5.2.1.6279.6001.179049373636438705059720603192/surface_1.3.6.1.4.1.14519.5.2.1.6279.6001.179049373636438705059720603192.png,outputs/luna16_saliency_synthetic_detector_top5/1.3.6.1.4.1.14519.5.2.1.6279.6001.179049373636438705059720603192/surface_grid_float_1.3.6.1.4.1.14519.5.2.1.6279.6001.179049373636438705059720603192.npy,0.5803611581969765,0.35139596462249756,0.24442265927791595,0.9176470637321472,142.3431396484375,32.93148422241211,1.80054634809494,2.1326205110549927,2.2623701095581055,18.59548568725586,33,25,8,142.06155395507812,0.3425404829396142,high_review,386
detector_top5,1.3.6.1.4.1.14519.5.2.1.6279.6001.179162671133894061547290922949,outputs/luna16_saliency_synthetic_detector_top5/1.3.6.1.4.1.14519.5.2.1.6279.6001.179162671133894061547290922949/surface_1.3.6.1.4.1.14519.5.2.1.6279.6001.179162671133894061547290922949.png,outputs/luna16_saliency_synthetic_detector_top5/1.3.6.1.4.1.14519.5.2.1.6279.6001.179162671133894061547290922949/surface_grid_float_1.3.6.1.4.1.14519.5.2.1.6279.6001.179162671133894061547290922949.npy,0.6209454796411318,0.3245571255683899,0.22482380270957947,0.8784313797950745,150.9120635986328,33.005577087402344,1.4022301793098448,1.6686224377155303,1.8039156198501587,18.396703720092773,33,25,8,150.68142700195312,0.34246034295161565,high_review,387
detector_top5,1.3.6.1.4.1.14519.5.2.1.6279.6001.145474881373882284343459153872,outputs/luna16_saliency_synthetic_detector_top5/1.3.6.1.4.1.14519.5.2.1.6279.6001.145474881373882284343459153872/surface_1.3.6.1.4.1.14519.5.2.1.6279.6001.145474881373882284343459153872.png,outputs/luna16_saliency_synthetic_detector_top5/1.3.6.1.4.1.14519.5.2.1.6279.6001.145474881373882284343459153872/surface_grid_float_1.3.6.1.4.1.14519.5.2.1.6279.6001.145474881373882284343459153872.npy,0.6740154268337907,0.32669761776924133,0.23910067975521088,1.0,129.67398071289062,25.78683090209961,1.6737181305885314,2.828453786373144,4.396234512329102,18.338775634765625,33,25,8,129.2230987548828,0.34172974952326896,high_review,388
detector_top5,1.3.6.1.4.1.14519.5.2.1.6279.6001.319009811633846643966578282371,outputs/luna16_saliency_synthetic_detector_top5/1.3.6.1.4.1.14519.5.2.1.6279.6001.319009811633846643966578282371/surface_1.3.6.1.4.1.14519.5.2.1.6279.6001.319009811633846643966578282371.png,outputs/luna16_saliency_synthetic_detector_top5/1.3.6.1.4.1.14519.5.2.1.6279.6001.319009811633846643966578282371/surface_grid_float_1.3.6.1.4.1.14519.5.2.1.6279.6001.319009811633846643966578282371.npy,0.5994867149758454,0.3597620725631714,0.2405746579170227,1.0,122.2239761352539,24.634748458862305,1.6209436118602765,3.759451496601119,18.861431121826172,11.182937622070312,33,25,8,45.58684539794922,0.341341144283613,high_review,389
detector_top5,1.3.6.1.4.1.14519.5.2.1.6279.6001.196251645377731223510086726530,outputs/luna16_saliency_synthetic_detector_top5/1.3.6.1.4.1.14519.5.2.1.6279.6001.196251645377731223510086726530/surface_1.3.6.1.4.1.14519.5.2.1.6279.6001.196251645377731223510086726530.png,outputs/luna16_saliency_synthetic_detector_top5/1.3.6.1.4.1.14519.5.2.1.6279.6001.196251645377731223510086726530/surface_grid_float_1.3.6.1.4.1.14519.5.2.1.6279.6001.196251645377731223510086726530.npy,0.5642838439382037,0.3144006133079529,0.22918479144573212,0.886274516582489,140.9071807861328,25.334402084350586,1.8872177302837372,2.876871848106384,3.235211133956909,9.081711769104004,33,25,8,140.08685302734375,0.3413330384625329,high_review,390
detector_top5,1.3.6.1.4.1.14519.5.2.1.6279.6001.188376349804761988217597754952,outputs/luna16_saliency_synthetic_detector_top5/1.3.6.1.4.1.14519.5.2.1.6279.6001.188376349804761988217597754952/surface_1.3.6.1.4.1.14519.5.2.1.6279.6001.188376349804761988217597754952.png,outputs/luna16_saliency_synthetic_detector_top5/1.3.6.1.4.1.14519.5.2.1.6279.6001.188376349804761988217597754952/surface_grid_float_1.3.6.1.4.1.14519.5.2.1.6279.6001.188376349804761988217597754952.npy,0.5701736254650682,0.39148274064064026,0.2323922961950302,0.9725490212440491,131.73550415039062,30.70182991027832,1.9077980518341064,2.9281097507476828,3.400557279586792,14.691527366638184,33,25,8,126.73236083984375,0.34005030469894415,high_review,391
detector_top5,1.3.6.1.4.1.14519.5.2.1.6279.6001.245391706475696258069508046497,outputs/luna16_saliency_synthetic_detector_top5/1.3.6.1.4.1.14519.5.2.1.6279.6001.245391706475696258069508046497/surface_1.3.6.1.4.1.14519.5.2.1.6279.6001.245391706475696258069508046497.png,outputs/luna16_saliency_synthetic_detector_top5/1.3.6.1.4.1.14519.5.2.1.6279.6001.245391706475696258069508046497/surface_grid_float_1.3.6.1.4.1.14519.5.2.1.6279.6001.245391706475696258069508046497.npy,0.49725133414775285,0.3564351797103882,0.2416539341211319,0.9215686321258545,137.7998809814453,26.60346221923828,1.4706490159034729,2.5925253772735593,6.177977561950684,14.443684577941895,33,25,8,135.66558837890625,0.3395393064604865,high_review,392
detector_top5,1.3.6.1.4.1.14519.5.2.1.6279.6001.267519732763035023633235877753,outputs/luna16_saliency_synthetic_detector_top5/1.3.6.1.4.1.14519.5.2.1.6279.6001.267519732763035023633235877753/surface_1.3.6.1.4.1.14519.5.2.1.6279.6001.267519732763035023633235877753.png,outputs/luna16_saliency_synthetic_detector_top5/1.3.6.1.4.1.14519.5.2.1.6279.6001.267519732763035023633235877753/surface_grid_float_1.3.6.1.4.1.14519.5.2.1.6279.6001.267519732763035023633235877753.npy,0.4963873961601808,0.3331315219402313,0.21420888602733612,0.8745098114013672,146.91249084472656,37.59477615356445,1.385942816734314,1.5996180295944211,1.6764062643051147,20.968599319458008,33,25,8,143.44851684570312,0.3394395796722836,high_review,393
detector_top5,1.3.6.1.4.1.14519.5.2.1.6279.6001.390009458146468860187238398197,outputs/luna16_saliency_synthetic_detector_top5/1.3.6.1.4.1.14519.5.2.1.6279.6001.390009458146468860187238398197/surface_1.3.6.1.4.1.14519.5.2.1.6279.6001.390009458146468860187238398197.png,outputs/luna16_saliency_synthetic_detector_top5/1.3.6.1.4.1.14519.5.2.1.6279.6001.390009458146468860187238398197/surface_grid_float_1.3.6.1.4.1.14519.5.2.1.6279.6001.390009458146468860187238398197.npy,0.620663167328127,0.33827951550483704,0.22967909276485443,0.9372549057006836,123.76708221435547,28.30219841003418,1.3157573878765103,3.4380953907966494,8.220528602600098,13.468140602111816,33,25,8,111.92160034179688,0.33935053341918486,high_review,394
detector_top5,1.3.6.1.4.1.14519.5.2.1.6279.6001.614147706162329660656328811671,outputs/luna16_saliency_synthetic_detector_top5/1.3.6.1.4.1.14519.5.2.1.6279.6001.614147706162329660656328811671/surface_1.3.6.1.4.1.14519.5.2.1.6279.6001.614147706162329660656328811671.png,outputs/luna16_saliency_synthetic_detector_top5/1.3.6.1.4.1.14519.5.2.1.6279.6001.614147706162329660656328811671/surface_grid_float_1.3.6.1.4.1.14519.5.2.1.6279.6001.614147706162329660656328811671.npy,0.5235228401191658,0.3827895224094391,0.2325146198272705,1.0,142.69947814941406,31.328598022460938,1.8765124201774557,2.713530080318451,5.900312900543213,9.036876678466797,33,25,8,140.42803955078125,0.33932031416628095,high_review,395
detector_top5,1.3.6.1.4.1.14519.5.2.1.6279.6001.321465552859463184018938648244,outputs/luna16_saliency_synthetic_detector_top5/1.3.6.1.4.1.14519.5.2.1.6279.6001.321465552859463184018938648244/surface_1.3.6.1.4.1.14519.5.2.1.6279.6001.321465552859463184018938648244.png,outputs/luna16_saliency_synthetic_detector_top5/1.3.6.1.4.1.14519.5.2.1.6279.6001.321465552859463184018938648244/surface_grid_float_1.3.6.1.4.1.14519.5.2.1.6279.6001.321465552859463184018938648244.npy,0.5871542468986558,0.31843698024749756,0.23714272677898407,0.9137254953384399,137.1775665283203,24.89868927001953,1.3855784833431244,3.025113582611078,27.617265701293945,8.744519233703613,33,25,8,122.34043884277344,0.33881494998931866,high_review,396
detector_top5,1.3.6.1.4.1.14519.5.2.1.6279.6001.931383239747372227838946053237,outputs/luna16_saliency_synthetic_detector_top5/1.3.6.1.4.1.14519.5.2.1.6279.6001.931383239747372227838946053237/surface_1.3.6.1.4.1.14519.5.2.1.6279.6001.931383239747372227838946053237.png,outputs/luna16_saliency_synthetic_detector_top5/1.3.6.1.4.1.14519.5.2.1.6279.6001.931383239747372227838946053237/surface_grid_float_1.3.6.1.4.1.14519.5.2.1.6279.6001.931383239747372227838946053237.npy,0.2949523980599964,0.44172531366348267,0.23183971643447876,1.0,133.89111328125,30.270328521728516,1.5252182960510252,1.6659916257858276,3.723754405975342,15.288098335266113,33,25,8,132.75421142578125,0.3385609286356167,high_review,397
detector_top5,1.3.6.1.4.1.14519.5.2.1.6279.6001.766881513533845439335142582269,outputs/luna16_saliency_synthetic_detector_top5/1.3.6.1.4.1.14519.5.2.1.6279.6001.766881513533845439335142582269/surface_1.3.6.1.4.1.14519.5.2.1.6279.6001.766881513533845439335142582269.png,outputs/luna16_saliency_synthetic_detector_top5/1.3.6.1.4.1.14519.5.2.1.6279.6001.766881513533845439335142582269/surface_grid_float_1.3.6.1.4.1.14519.5.2.1.6279.6001.766881513533845439335142582269.npy,0.05976763684273566,0.5210831761360168,0.24567462503910065,1.0,45.32386779785156,12.29380989074707,1.0797882080078125,2.488000297546393,5.7831130027771,10.127281188964844,33,25,8,30.0389404296875,0.33853192255958237,high_review,398
detector_top5,1.3.6.1.4.1.14519.5.2.1.6279.6001.286422846896797433168187085942,outputs/luna16_saliency_synthetic_detector_top5/1.3.6.1.4.1.14519.5.2.1.6279.6001.286422846896797433168187085942/surface_1.3.6.1.4.1.14519.5.2.1.6279.6001.286422846896797433168187085942.png,outputs/luna16_saliency_synthetic_detector_top5/1.3.6.1.4.1.14519.5.2.1.6279.6001.286422846896797433168187085942/surface_grid_float_1.3.6.1.4.1.14519.5.2.1.6279.6001.286422846896797433168187085942.npy,0.3596139143730887,0.3467091917991638,0.2206130176782608,0.9098039269447327,136.3673095703125,32.13121795654297,1.7392614543437956,2.081238248348236,2.8019046783447266,21.82306671142578,33,25,8,131.184326171875,0.3382117005374697,high_review,399
detector_top5,1.3.6.1.4.1.14519.5.2.1.6279.6001.131150737314367975651717513386,outputs/luna16_saliency_synthetic_detector_top5/1.3.6.1.4.1.14519.5.2.1.6279.6001.131150737314367975651717513386/surface_1.3.6.1.4.1.14519.5.2.1.6279.6001.131150737314367975651717513386.png,outputs/luna16_saliency_synthetic_detector_top5/1.3.6.1.4.1.14519.5.2.1.6279.6001.131150737314367975651717513386/surface_grid_float_1.3.6.1.4.1.14519.5.2.1.6279.6001.131150737314367975651717513386.npy,0.6663446716678656,0.3327973484992981,0.23181010782718658,0.9019607901573181,128.251708984375,24.71833038330078,2.2389877080917358,3.244866905212402,15.564678192138672,12.130483627319336,33,25,8,120.34626770019531,0.3380554857465956,high_review,400
detector_top5,1.3.6.1.4.1.14519.5.2.1.6279.6001.167500254299688235071950909530,outputs/luna16_saliency_synthetic_detector_top5/1.3.6.1.4.1.14519.5.2.1.6279.6001.167500254299688235071950909530/surface_1.3.6.1.4.1.14519.5.2.1.6279.6001.167500254299688235071950909530.png,outputs/luna16_saliency_synthetic_detector_top5/1.3.6.1.4.1.14519.5.2.1.6279.6001.167500254299688235071950909530/surface_grid_float_1.3.6.1.4.1.14519.5.2.1.6279.6001.167500254299688235071950909530.npy,0.6652966363657179,0.2957031726837158,0.22133180499076843,0.8666666746139526,143.61341857910156,25.016563415527344,1.9009451568126678,2.51704922914505,8.116706848144531,10.417703628540039,33,25,8,137.7064666748047,0.3380176270140542,high_review,401
detector_top5,1.3.6.1.4.1.14519.5.2.1.6279.6001.202476538079060560282495099956,outputs/luna16_saliency_synthetic_detector_top5/1.3.6.1.4.1.14519.5.2.1.6279.6001.202476538079060560282495099956/surface_1.3.6.1.4.1.14519.5.2.1.6279.6001.202476538079060560282495099956.png,outputs/luna16_saliency_synthetic_detector_top5/1.3.6.1.4.1.14519.5.2.1.6279.6001.202476538079060560282495099956/surface_grid_float_1.3.6.1.4.1.14519.5.2.1.6279.6001.202476538079060560282495099956.npy,0.6040038160891241,0.3216174244880676,0.23311828076839447,0.8999215745926029,130.9059600830078,23.019243240356445,1.970717549324035,3.3072605013847314,12.779361724853516,9.258366584777832,33,25,8,116.08030700683594,0.3379685631460612,high_review,402
detector_top5,1.3.6.1.4.1.14519.5.2.1.6279.6001.222087811960706096424718056430,outputs/luna16_saliency_synthetic_detector_top5/1.3.6.1.4.1.14519.5.2.1.6279.6001.222087811960706096424718056430/surface_1.3.6.1.4.1.14519.5.2.1.6279.6001.222087811960706096424718056430.png,outputs/luna16_saliency_synthetic_detector_top5/1.3.6.1.4.1.14519.5.2.1.6279.6001.222087811960706096424718056430/surface_grid_float_1.3.6.1.4.1.14519.5.2.1.6279.6001.222087811960706096424718056430.npy,0.6228668941979523,0.3403962254524231,0.2345646321773529,0.9254902005195618,123.20307159423828,26.658733367919922,1.6160940527915955,3.5438132047653297,9.021638870239258,11.762410163879395,33,25,8,121.1680908203125,0.337791538053089,high_review,403
detector_top5,1.3.6.1.4.1.14519.5.2.1.6279.6001.897279226481700053115245043064,outputs/luna16_saliency_synthetic_detector_top5/1.3.6.1.4.1.14519.5.2.1.6279.6001.897279226481700053115245043064/surface_1.3.6.1.4.1.14519.5.2.1.6279.6001.897279226481700053115245043064.png,outputs/luna16_saliency_synthetic_detector_top5/1.3.6.1.4.1.14519.5.2.1.6279.6001.897279226481700053115245043064/surface_grid_float_1.3.6.1.4.1.14519.5.2.1.6279.6001.897279226481700053115245043064.npy,0.6660614091050368,0.3300606310367584,0.24018628895282745,1.0,140.4645538330078,22.270294189453125,1.648213803768158,2.4050274848937985,3.1877360343933105,14.163924217224121,33,25,8,139.6913299560547,0.33773380141788056,high_review,404
detector_top5,1.3.6.1.4.1.14519.5.2.1.6279.6001.395623571499047043765181005112,outputs/luna16_saliency_synthetic_detector_top5/1.3.6.1.4.1.14519.5.2.1.6279.6001.395623571499047043765181005112/surface_1.3.6.1.4.1.14519.5.2.1.6279.6001.395623571499047043765181005112.png,outputs/luna16_saliency_synthetic_detector_top5/1.3.6.1.4.1.14519.5.2.1.6279.6001.395623571499047043765181005112/surface_grid_float_1.3.6.1.4.1.14519.5.2.1.6279.6001.395623571499047043765181005112.npy,0.4818165001849797,0.4131562113761902,0.23880532383918762,1.0,126.1680908203125,28.284303665161133,1.781839221715926,3.6211021137237505,5.893198490142822,8.451936721801758,33,25,8,120.62196350097656,0.3376952963829039,high_review,405
detector_top5,1.3.6.1.4.1.14519.5.2.1.6279.6001.280972147860943609388015648430,outputs/luna16_saliency_synthetic_detector_top5/1.3.6.1.4.1.14519.5.2.1.6279.6001.280972147860943609388015648430/surface_1.3.6.1.4.1.14519.5.2.1.6279.6001.280972147860943609388015648430.png,outputs/luna16_saliency_synthetic_detector_top5/1.3.6.1.4.1.14519.5.2.1.6279.6001.280972147860943609388015648430/surface_grid_float_1.3.6.1.4.1.14519.5.2.1.6279.6001.280972147860943609388015648430.npy,0.6441191690692689,0.29664120078086853,0.21682961285114288,0.8196078538894653,146.46795654296875,29.41891860961914,1.6875039458274832,2.3023861646652217,9.309496879577637,10.92049503326416,33,25,8,143.74032592773438,0.3374526125854916,high_review,406
detector_top5,1.3.6.1.4.1.14519.5.2.1.6279.6001.252709517998555732486024866345,outputs/luna16_saliency_synthetic_detector_top5/1.3.6.1.4.1.14519.5.2.1.6279.6001.252709517998555732486024866345/surface_1.3.6.1.4.1.14519.5.2.1.6279.6001.252709517998555732486024866345.png,outputs/luna16_saliency_synthetic_detector_top5/1.3.6.1.4.1.14519.5.2.1.6279.6001.252709517998555732486024866345/surface_grid_float_1.3.6.1.4.1.14519.5.2.1.6279.6001.252709517998555732486024866345.npy,0.5380221872368469,0.3710440695285797,0.23922088742256165,0.9965098041296028,117.49147033691406,22.994279861450195,1.6669892370700836,4.022022008895874,7.159261226654053,9.292906761169434,33,25,8,107.9056167602539,0.3371306814087761,high_review,407
detector_top5,1.3.6.1.4.1.14519.5.2.1.6279.6001.271307051432838466826189754230,outputs/luna16_saliency_synthetic_detector_top5/1.3.6.1.4.1.14519.5.2.1.6279.6001.271307051432838466826189754230/surface_1.3.6.1.4.1.14519.5.2.1.6279.6001.271307051432838466826189754230.png,outputs/luna16_saliency_synthetic_detector_top5/1.3.6.1.4.1.14519.5.2.1.6279.6001.271307051432838466826189754230/surface_grid_float_1.3.6.1.4.1.14519.5.2.1.6279.6001.271307051432838466826189754230.npy,0.6364392534701163,0.3448336720466614,0.250239759683609,1.0,132.72445678710938,24.070640563964844,1.8044563531875608,2.860817542076112,6.066468238830566,13.339094161987305,33,25,8,130.30772399902344,0.3366743857118819,high_review,408
detector_top5,1.3.6.1.4.1.14519.5.2.1.6279.6001.229171189693734694696158152904,outputs/luna16_saliency_synthetic_detector_top5/1.3.6.1.4.1.14519.5.2.1.6279.6001.229171189693734694696158152904/surface_1.3.6.1.4.1.14519.5.2.1.6279.6001.229171189693734694696158152904.png,outputs/luna16_saliency_synthetic_detector_top5/1.3.6.1.4.1.14519.5.2.1.6279.6001.229171189693734694696158152904/surface_grid_float_1.3.6.1.4.1.14519.5.2.1.6279.6001.229171189693734694696158152904.npy,0.680828699308287,0.29898306727409363,0.22979220747947693,0.927176474928857,122.65786743164062,26.91619300842285,1.8823252856731414,3.30508330106735,5.288217544555664,14.7802095413208,33,25,8,120.44303131103516,0.33642718817657885,high_review,409
detector_top5,1.3.6.1.4.1.14519.5.2.1.6279.6001.584871944187559733312703328980,outputs/luna16_saliency_synthetic_detector_top5/1.3.6.1.4.1.14519.5.2.1.6279.6001.584871944187559733312703328980/surface_1.3.6.1.4.1.14519.5.2.1.6279.6001.584871944187559733312703328980.png,outputs/luna16_saliency_synthetic_detector_top5/1.3.6.1.4.1.14519.5.2.1.6279.6001.584871944187559733312703328980/surface_grid_float_1.3.6.1.4.1.14519.5.2.1.6279.6001.584871944187559733312703328980.npy,0.6406376272830128,0.3679211735725403,0.24336646497249603,1.0,129.51025390625,22.849729537963867,1.648665338754654,2.8876188635826137,3.9189658164978027,14.921897888183594,33,25,8,128.5921173095703,0.33563876216941413,high_review,410
detector_top5,1.3.6.1.4.1.14519.5.2.1.6279.6001.120842785645314664964010792308,outputs/luna16_saliency_synthetic_detector_top5/1.3.6.1.4.1.14519.5.2.1.6279.6001.120842785645314664964010792308/surface_1.3.6.1.4.1.14519.5.2.1.6279.6001.120842785645314664964010792308.png,outputs/luna16_saliency_synthetic_detector_top5/1.3.6.1.4.1.14519.5.2.1.6279.6001.120842785645314664964010792308/surface_grid_float_1.3.6.1.4.1.14519.5.2.1.6279.6001.120842785645314664964010792308.npy,0.6295887024273299,0.41688719391822815,0.2441958487033844,0.9176470637321472,122.76911926269531,19.451581954956055,1.4517115354537962,4.014184513092001,14.882112503051758,4.380795478820801,33,25,8,59.674888610839844,0.3347758352279651,high_review,411
detector_top5,1.3.6.1.4.1.14519.5.2.1.6279.6001.814122498113547115932318256859,outputs/luna16_saliency_synthetic_detector_top5/1.3.6.1.4.1.14519.5.2.1.6279.6001.814122498113547115932318256859/surface_1.3.6.1.4.1.14519.5.2.1.6279.6001.814122498113547115932318256859.png,outputs/luna16_saliency_synthetic_detector_top5/1.3.6.1.4.1.14519.5.2.1.6279.6001.814122498113547115932318256859/surface_grid_float_1.3.6.1.4.1.14519.5.2.1.6279.6001.814122498113547115932318256859.npy,0.3050094355807171,0.34177732467651367,0.24038659036159515,1.0,133.72286987304688,32.42518997192383,1.6337925136089324,1.796787222623825,7.5610198974609375,14.381872177124023,33,25,8,132.48577880859375,0.3344436763701666,high_review,412
detector_top5,1.3.6.1.4.1.14519.5.2.1.6279.6001.308655308958459380153492314021,outputs/luna16_saliency_synthetic_detector_top5/1.3.6.1.4.1.14519.5.2.1.6279.6001.308655308958459380153492314021/surface_1.3.6.1.4.1.14519.5.2.1.6279.6001.308655308958459380153492314021.png,outputs/luna16_saliency_synthetic_detector_top5/1.3.6.1.4.1.14519.5.2.1.6279.6001.308655308958459380153492314021/surface_grid_float_1.3.6.1.4.1.14519.5.2.1.6279.6001.308655308958459380153492314021.npy,0.6194750930338839,0.32711276412010193,0.2439052015542984,0.9843137264251709,147.87857055664062,33.32347869873047,1.4136210501193998,1.6514895176887514,2.5794880390167236,16.4598388671875,33,25,8,147.1820526123047,0.33258638949659136,high_review,413
detector_top5,1.3.6.1.4.1.14519.5.2.1.6279.6001.957384617596077920906744920611,outputs/luna16_saliency_synthetic_detector_top5/1.3.6.1.4.1.14519.5.2.1.6279.6001.957384617596077920906744920611/surface_1.3.6.1.4.1.14519.5.2.1.6279.6001.957384617596077920906744920611.png,outputs/luna16_saliency_synthetic_detector_top5/1.3.6.1.4.1.14519.5.2.1.6279.6001.957384617596077920906744920611/surface_grid_float_1.3.6.1.4.1.14519.5.2.1.6279.6001.957384617596077920906744920611.npy,0.5884899382815302,0.3260718882083893,0.2258273959159851,0.8980392217636108,136.66534423828125,25.20189094543457,1.6760627627372742,2.8280733823776245,6.551219940185547,8.656017303466797,33,25,8,135.07379150390625,0.3318533692095014,high_review,414
detector_top5,1.3.6.1.4.1.14519.5.2.1.6279.6001.301462380687644451483231621986,outputs/luna16_saliency_synthetic_detector_top5/1.3.6.1.4.1.14519.5.2.1.6279.6001.301462380687644451483231621986/surface_1.3.6.1.4.1.14519.5.2.1.6279.6001.301462380687644451483231621986.png,outputs/luna16_saliency_synthetic_detector_top5/1.3.6.1.4.1.14519.5.2.1.6279.6001.301462380687644451483231621986/surface_grid_float_1.3.6.1.4.1.14519.5.2.1.6279.6001.301462380687644451483231621986.npy,0.2617362866062138,0.3449152112007141,0.22624418139457703,0.95686274766922,123.7125244140625,29.772968292236328,1.3378388583660124,1.461467032432556,4.152700901031494,14.120752334594727,33,25,8,122.48246765136719,0.33184740894910564,high_review,415
detector_top5,1.3.6.1.4.1.14519.5.2.1.6279.6001.725236073737175770730904408416,outputs/luna16_saliency_synthetic_detector_top5/1.3.6.1.4.1.14519.5.2.1.6279.6001.725236073737175770730904408416/surface_1.3.6.1.4.1.14519.5.2.1.6279.6001.725236073737175770730904408416.png,outputs/luna16_saliency_synthetic_detector_top5/1.3.6.1.4.1.14519.5.2.1.6279.6001.725236073737175770730904408416/surface_grid_float_1.3.6.1.4.1.14519.5.2.1.6279.6001.725236073737175770730904408416.npy,0.45885947563263857,0.3387482464313507,0.23667792975902557,0.9411764740943909,144.8271484375,33.71977233886719,1.4805552661418915,1.8976625502109528,2.275104522705078,14.926024436950684,33,25,8,144.24212646484375,0.331477400428719,high_review,416
detector_top5,1.3.6.1.4.1.14519.5.2.1.6279.6001.525937963993475482158828421281,outputs/luna16_saliency_synthetic_detector_top5/1.3.6.1.4.1.14519.5.2.1.6279.6001.525937963993475482158828421281/surface_1.3.6.1.4.1.14519.5.2.1.6279.6001.525937963993475482158828421281.png,outputs/luna16_saliency_synthetic_detector_top5/1.3.6.1.4.1.14519.5.2.1.6279.6001.525937963993475482158828421281/surface_grid_float_1.3.6.1.4.1.14519.5.2.1.6279.6001.525937963993475482158828421281.npy,0.47812105926860027,0.32165923714637756,0.21051834523677826,0.8666666746139526,153.43690490722656,26.870622634887695,1.4743886053562165,1.804718692302704,2.5053110122680664,9.484052658081055,33,25,8,153.0392303466797,0.33094540818797213,high_review,417
detector_top5,1.3.6.1.4.1.14519.5.2.1.6279.6001.147325126373007278009743173696,outputs/luna16_saliency_synthetic_detector_top5/1.3.6.1.4.1.14519.5.2.1.6279.6001.147325126373007278009743173696/surface_1.3.6.1.4.1.14519.5.2.1.6279.6001.147325126373007278009743173696.png,outputs/luna16_saliency_synthetic_detector_top5/1.3.6.1.4.1.14519.5.2.1.6279.6001.147325126373007278009743173696/surface_grid_float_1.3.6.1.4.1.14519.5.2.1.6279.6001.147325126373007278009743173696.npy,0.5680761992549065,0.3564400374889374,0.24169106781482697,0.95686274766922,143.55276489257812,25.690982818603516,1.6236604452133176,2.0452359104156494,2.7069172859191895,13.62059211730957,33,25,8,143.11660766601562,0.3308796679496765,high_review,418
detector_top5,1.3.6.1.4.1.14519.5.2.1.6279.6001.309901913847714156367981722205,outputs/luna16_saliency_synthetic_detector_top5/1.3.6.1.4.1.14519.5.2.1.6279.6001.309901913847714156367981722205/surface_1.3.6.1.4.1.14519.5.2.1.6279.6001.309901913847714156367981722205.png,outputs/luna16_saliency_synthetic_detector_top5/1.3.6.1.4.1.14519.5.2.1.6279.6001.309901913847714156367981722205/surface_grid_float_1.3.6.1.4.1.14519.5.2.1.6279.6001.309901913847714156367981722205.npy,0.5999216462534538,0.38502568006515503,0.2540147304534912,1.0,141.28424072265625,26.222524642944336,1.5027090191841128,2.113767693042755,2.7958438396453857,14.123018264770508,33,25,8,140.7914581298828,0.33027125036186644,high_review,419
detector_top5,1.3.6.1.4.1.14519.5.2.1.6279.6001.221945191226273284587353530424,outputs/luna16_saliency_synthetic_detector_top5/1.3.6.1.4.1.14519.5.2.1.6279.6001.221945191226273284587353530424/surface_1.3.6.1.4.1.14519.5.2.1.6279.6001.221945191226273284587353530424.png,outputs/luna16_saliency_synthetic_detector_top5/1.3.6.1.4.1.14519.5.2.1.6279.6001.221945191226273284587353530424/surface_grid_float_1.3.6.1.4.1.14519.5.2.1.6279.6001.221945191226273284587353530424.npy,0.6334178966789668,0.3443649411201477,0.24277424812316895,1.0,129.797119140625,26.41683578491211,1.7175096750259398,2.2822176384925856,2.9846138954162598,20.4376163482666,33,25,8,129.05438232421875,0.3302119862741894,high_review,420
detector_top5,1.3.6.1.4.1.14519.5.2.1.6279.6001.470912100568074901744259213968,outputs/luna16_saliency_synthetic_detector_top5/1.3.6.1.4.1.14519.5.2.1.6279.6001.470912100568074901744259213968/surface_1.3.6.1.4.1.14519.5.2.1.6279.6001.470912100568074901744259213968.png,outputs/luna16_saliency_synthetic_detector_top5/1.3.6.1.4.1.14519.5.2.1.6279.6001.470912100568074901744259213968/surface_grid_float_1.3.6.1.4.1.14519.5.2.1.6279.6001.470912100568074901744259213968.npy,0.4544542737357325,0.38781845569610596,0.26069194078445435,1.0,113.69754028320312,28.206449508666992,2.0324320793151855,3.9913021326065063,6.977741718292236,9.004606246948242,33,25,8,110.23663330078125,0.3292452005545298,high_review,421
detector_top5,1.3.6.1.4.1.14519.5.2.1.6279.6001.302134342469412607966016057827,outputs/luna16_saliency_synthetic_detector_top5/1.3.6.1.4.1.14519.5.2.1.6279.6001.302134342469412607966016057827/surface_1.3.6.1.4.1.14519.5.2.1.6279.6001.302134342469412607966016057827.png,outputs/luna16_saliency_synthetic_detector_top5/1.3.6.1.4.1.14519.5.2.1.6279.6001.302134342469412607966016057827/surface_grid_float_1.3.6.1.4.1.14519.5.2.1.6279.6001.302134342469412607966016057827.npy,0.474150701165317,0.34231650829315186,0.2150065153837204,0.9019607901573181,140.25730895996094,31.48807144165039,1.6841067850589746,2.2520375680923457,2.6166234016418457,12.557868003845215,33,25,8,139.48828125,0.3292296819845835,high_review,422
detector_top5,1.3.6.1.4.1.14519.5.2.1.6279.6001.463214953282361219537913355115,outputs/luna16_saliency_synthetic_detector_top5/1.3.6.1.4.1.14519.5.2.1.6279.6001.463214953282361219537913355115/surface_1.3.6.1.4.1.14519.5.2.1.6279.6001.463214953282361219537913355115.png,outputs/luna16_saliency_synthetic_detector_top5/1.3.6.1.4.1.14519.5.2.1.6279.6001.463214953282361219537913355115/surface_grid_float_1.3.6.1.4.1.14519.5.2.1.6279.6001.463214953282361219537913355115.npy,0.656061249142969,0.3770913779735565,0.2145143300294876,0.9176470637321472,122.46778106689453,23.39446258544922,2.1551460742950415,3.303800323009492,11.582696914672852,11.588885307312012,33,25,8,120.60309600830078,0.3289800565958023,high_review,423
detector_top5,1.3.6.1.4.1.14519.5.2.1.6279.6001.153985109349433321657655488650,outputs/luna16_saliency_synthetic_detector_top5/1.3.6.1.4.1.14519.5.2.1.6279.6001.153985109349433321657655488650/surface_1.3.6.1.4.1.14519.5.2.1.6279.6001.153985109349433321657655488650.png,outputs/luna16_saliency_synthetic_detector_top5/1.3.6.1.4.1.14519.5.2.1.6279.6001.153985109349433321657655488650/surface_grid_float_1.3.6.1.4.1.14519.5.2.1.6279.6001.153985109349433321657655488650.npy,0.532498878894194,0.34010064601898193,0.2241932600736618,0.9176470637321472,135.65664672851562,31.535884857177734,1.383430558443069,2.652001011371613,30.06678581237793,10.072534561157227,33,25,8,126.60116577148438,0.328037851691246,high_review,424
detector_top5,1.3.6.1.4.1.14519.5.2.1.6279.6001.259018373683540453277752706262,outputs/luna16_saliency_synthetic_detector_top5/1.3.6.1.4.1.14519.5.2.1.6279.6001.259018373683540453277752706262/surface_1.3.6.1.4.1.14519.5.2.1.6279.6001.259018373683540453277752706262.png,outputs/luna16_saliency_synthetic_detector_top5/1.3.6.1.4.1.14519.5.2.1.6279.6001.259018373683540453277752706262/surface_grid_float_1.3.6.1.4.1.14519.5.2.1.6279.6001.259018373683540453277752706262.npy,0.6710768652508927,0.31038960814476013,0.22650019824504852,0.9098039269447327,127.59721374511719,23.99094581604004,1.4412459254264838,2.8809907960891725,4.52200984954834,12.620109558105469,33,25,8,112.1968002319336,0.3271364346981048,high_review,425
detector_top5,1.3.6.1.4.1.14519.5.2.1.6279.6001.249404938669582150398726875826,outputs/luna16_saliency_synthetic_detector_top5/1.3.6.1.4.1.14519.5.2.1.6279.6001.249404938669582150398726875826/surface_1.3.6.1.4.1.14519.5.2.1.6279.6001.249404938669582150398726875826.png,outputs/luna16_saliency_synthetic_detector_top5/1.3.6.1.4.1.14519.5.2.1.6279.6001.249404938669582150398726875826/surface_grid_float_1.3.6.1.4.1.14519.5.2.1.6279.6001.249404938669582150398726875826.npy,0.48146179401993355,0.41518327593803406,0.24540548026561737,1.0,114.73410034179688,25.662731170654297,2.006571424007416,3.3756299257278446,7.1919169425964355,15.510457038879395,33,25,8,107.83969116210938,0.3269600806501176,high_review,426
detector_top5,1.3.6.1.4.1.14519.5.2.1.6279.6001.217697417596902141600884006982,outputs/luna16_saliency_synthetic_detector_top5/1.3.6.1.4.1.14519.5.2.1.6279.6001.217697417596902141600884006982/surface_1.3.6.1.4.1.14519.5.2.1.6279.6001.217697417596902141600884006982.png,outputs/luna16_saliency_synthetic_detector_top5/1.3.6.1.4.1.14519.5.2.1.6279.6001.217697417596902141600884006982/surface_grid_float_1.3.6.1.4.1.14519.5.2.1.6279.6001.217697417596902141600884006982.npy,0.6070240814200425,0.3940350115299225,0.23221421241760254,1.0,118.22539520263672,24.65250015258789,1.7846292018890375,3.5194446468353475,5.049290180206299,10.934744834899902,33,25,8,117.022216796875,0.32692509770923245,high_review,427
detector_top5,1.3.6.1.4.1.14519.5.2.1.6279.6001.100620385482151095585000946543,outputs/luna16_saliency_synthetic_detector_top5/1.3.6.1.4.1.14519.5.2.1.6279.6001.100620385482151095585000946543/surface_1.3.6.1.4.1.14519.5.2.1.6279.6001.100620385482151095585000946543.png,outputs/luna16_saliency_synthetic_detector_top5/1.3.6.1.4.1.14519.5.2.1.6279.6001.100620385482151095585000946543/surface_grid_float_1.3.6.1.4.1.14519.5.2.1.6279.6001.100620385482151095585000946543.npy,0.6444061742569205,0.32300928235054016,0.23736560344696045,0.9647058844566345,129.76339721679688,28.549894332885742,1.45014089345932,2.5483171796798696,3.3058385848999023,14.502522468566895,33,25,8,129.41500854492188,0.32494967179298395,high_review,428
detector_top5,1.3.6.1.4.1.14519.5.2.1.6279.6001.747803439040091794717626507402,outputs/luna16_saliency_synthetic_detector_top5/1.3.6.1.4.1.14519.5.2.1.6279.6001.747803439040091794717626507402/surface_1.3.6.1.4.1.14519.5.2.1.6279.6001.747803439040091794717626507402.png,outputs/luna16_saliency_synthetic_detector_top5/1.3.6.1.4.1.14519.5.2.1.6279.6001.747803439040091794717626507402/surface_grid_float_1.3.6.1.4.1.14519.5.2.1.6279.6001.747803439040091794717626507402.npy,0.6265683412710605,0.3587959110736847,0.23550301790237427,0.9372549057006836,119.86731719970703,18.63144874572754,1.6911053657531738,3.3364219188690085,10.056368827819824,11.203651428222656,33,25,8,114.13478088378906,0.3247685227394101,high_review,429
detector_top5,1.3.6.1.4.1.14519.5.2.1.6279.6001.111780708132595903430640048766,outputs/luna16_saliency_synthetic_detector_top5/1.3.6.1.4.1.14519.5.2.1.6279.6001.111780708132595903430640048766/surface_1.3.6.1.4.1.14519.5.2.1.6279.6001.111780708132595903430640048766.png,outputs/luna16_saliency_synthetic_detector_top5/1.3.6.1.4.1.14519.5.2.1.6279.6001.111780708132595903430640048766/surface_grid_float_1.3.6.1.4.1.14519.5.2.1.6279.6001.111780708132595903430640048766.npy,0.6140473219310479,0.3070949912071228,0.2409803718328476,1.0,142.26426696777344,33.17326736450195,1.4300952494144437,1.6999617636203768,2.557542324066162,16.347436904907227,33,25,8,141.99554443359375,0.3244336020880275,high_review,430
detector_top5,1.3.6.1.4.1.14519.5.2.1.6279.6001.655242448149322898770987310561,outputs/luna16_saliency_synthetic_detector_top5/1.3.6.1.4.1.14519.5.2.1.6279.6001.655242448149322898770987310561/surface_1.3.6.1.4.1.14519.5.2.1.6279.6001.655242448149322898770987310561.png,outputs/luna16_saliency_synthetic_detector_top5/1.3.6.1.4.1.14519.5.2.1.6279.6001.655242448149322898770987310561/surface_grid_float_1.3.6.1.4.1.14519.5.2.1.6279.6001.655242448149322898770987310561.npy,0.6362543615085394,0.3299579620361328,0.2478484958410263,0.9725490212440491,124.13059997558594,21.162841796875,1.7611962437629687,3.4408811712264997,6.151589870452881,6.412452220916748,33,25,8,121.17105102539062,0.3243606622536977,high_review,431
detector_top5,1.3.6.1.4.1.14519.5.2.1.6279.6001.143410010885830403003179808334,outputs/luna16_saliency_synthetic_detector_top5/1.3.6.1.4.1.14519.5.2.1.6279.6001.143410010885830403003179808334/surface_1.3.6.1.4.1.14519.5.2.1.6279.6001.143410010885830403003179808334.png,outputs/luna16_saliency_synthetic_detector_top5/1.3.6.1.4.1.14519.5.2.1.6279.6001.143410010885830403003179808334/surface_grid_float_1.3.6.1.4.1.14519.5.2.1.6279.6001.143410010885830403003179808334.npy,0.6119237041063399,0.33943843841552734,0.22781074047088623,1.0,144.43638610839844,23.38037872314453,1.3229324281215666,1.8727244317531584,11.600769996643066,12.3472900390625,33,25,8,142.27761840820312,0.3243474654422866,high_review,432
detector_top5,1.3.6.1.4.1.14519.5.2.1.6279.6001.244681063194071446501270815660,outputs/luna16_saliency_synthetic_detector_top5/1.3.6.1.4.1.14519.5.2.1.6279.6001.244681063194071446501270815660/surface_1.3.6.1.4.1.14519.5.2.1.6279.6001.244681063194071446501270815660.png,outputs/luna16_saliency_synthetic_detector_top5/1.3.6.1.4.1.14519.5.2.1.6279.6001.244681063194071446501270815660/surface_grid_float_1.3.6.1.4.1.14519.5.2.1.6279.6001.244681063194071446501270815660.npy,0.486140693409064,0.34783804416656494,0.22514589130878448,0.9098039269447327,135.83168029785156,29.44165802001953,1.3919690191745753,2.244309682846056,11.227655410766602,13.34814453125,33,25,8,129.551513671875,0.32337796771791205,high_review,433
detector_top5,1.3.6.1.4.1.14519.5.2.1.6279.6001.176362912420491262783064585333,outputs/luna16_saliency_synthetic_detector_top5/1.3.6.1.4.1.14519.5.2.1.6279.6001.176362912420491262783064585333/surface_1.3.6.1.4.1.14519.5.2.1.6279.6001.176362912420491262783064585333.png,outputs/luna16_saliency_synthetic_detector_top5/1.3.6.1.4.1.14519.5.2.1.6279.6001.176362912420491262783064585333/surface_grid_float_1.3.6.1.4.1.14519.5.2.1.6279.6001.176362912420491262783064585333.npy,0.5423074074988276,0.36136287450790405,0.21809472143650055,0.8901960849761963,137.95738220214844,22.237659454345703,1.286582887172699,1.5163923501968384,1.6348923444747925,21.393470764160156,33,25,8,137.78607177734375,0.32296178698539735,high_review,434
detector_top5,1.3.6.1.4.1.14519.5.2.1.6279.6001.306140003699110313373771452136,outputs/luna16_saliency_synthetic_detector_top5/1.3.6.1.4.1.14519.5.2.1.6279.6001.306140003699110313373771452136/surface_1.3.6.1.4.1.14519.5.2.1.6279.6001.306140003699110313373771452136.png,outputs/luna16_saliency_synthetic_detector_top5/1.3.6.1.4.1.14519.5.2.1.6279.6001.306140003699110313373771452136/surface_grid_float_1.3.6.1.4.1.14519.5.2.1.6279.6001.306140003699110313373771452136.npy,0.5399863382696001,0.36976197361946106,0.22680865228176117,0.8509804010391235,138.56646728515625,31.87303924560547,1.4616673946380614,1.9822935199737508,2.1559512615203857,14.525412559509277,33,25,8,138.04592895507812,0.3226916123178269,high_review,435
detector_top5,1.3.6.1.4.1.14519.5.2.1.6279.6001.304676828064484590312919543151,outputs/luna16_saliency_synthetic_detector_top5/1.3.6.1.4.1.14519.5.2.1.6279.6001.304676828064484590312919543151/surface_1.3.6.1.4.1.14519.5.2.1.6279.6001.304676828064484590312919543151.png,outputs/luna16_saliency_synthetic_detector_top5/1.3.6.1.4.1.14519.5.2.1.6279.6001.304676828064484590312919543151/surface_grid_float_1.3.6.1.4.1.14519.5.2.1.6279.6001.304676828064484590312919543151.npy,0.594282153349188,0.34182706475257874,0.24005736410617828,1.0,134.2320556640625,23.907440185546875,1.6964755058288574,2.325248456001279,4.851136684417725,12.993077278137207,33,25,8,133.38458251953125,0.32235105151600296,high_review,436
detector_top5,1.3.6.1.4.1.14519.5.2.1.6279.6001.299806338046301317870803017534,outputs/luna16_saliency_synthetic_detector_top5/1.3.6.1.4.1.14519.5.2.1.6279.6001.299806338046301317870803017534/surface_1.3.6.1.4.1.14519.5.2.1.6279.6001.299806338046301317870803017534.png,outputs/luna16_saliency_synthetic_detector_top5/1.3.6.1.4.1.14519.5.2.1.6279.6001.299806338046301317870803017534/surface_grid_float_1.3.6.1.4.1.14519.5.2.1.6279.6001.299806338046301317870803017534.npy,0.5582456140350878,0.3953564167022705,0.25125956535339355,1.0,114.24514770507812,26.360448837280273,1.8937355816364276,3.057189648151401,5.417878150939941,18.069786071777344,33,25,8,113.97488403320312,0.32227934911251077,high_review,437
detector_top5,1.3.6.1.4.1.14519.5.2.1.6279.6001.236698827306171960683086245994,outputs/luna16_saliency_synthetic_detector_top5/1.3.6.1.4.1.14519.5.2.1.6279.6001.236698827306171960683086245994/surface_1.3.6.1.4.1.14519.5.2.1.6279.6001.236698827306171960683086245994.png,outputs/luna16_saliency_synthetic_detector_top5/1.3.6.1.4.1.14519.5.2.1.6279.6001.236698827306171960683086245994/surface_grid_float_1.3.6.1.4.1.14519.5.2.1.6279.6001.236698827306171960683086245994.npy,0.6306399039286327,0.3913755714893341,0.2587067186832428,1.0,129.29684448242188,24.93165397644043,1.7851415276527403,2.253816788196565,3.069552421569824,17.50765037536621,33,25,8,128.9359588623047,0.3220151341729694,high_review,438
detector_top5,1.3.6.1.4.1.14519.5.2.1.6279.6001.315770913282450940389971401304,outputs/luna16_saliency_synthetic_detector_top5/1.3.6.1.4.1.14519.5.2.1.6279.6001.315770913282450940389971401304/surface_1.3.6.1.4.1.14519.5.2.1.6279.6001.315770913282450940389971401304.png,outputs/luna16_saliency_synthetic_detector_top5/1.3.6.1.4.1.14519.5.2.1.6279.6001.315770913282450940389971401304/surface_grid_float_1.3.6.1.4.1.14519.5.2.1.6279.6001.315770913282450940389971401304.npy,0.5541821932392866,0.3390847444534302,0.23250043392181396,0.9921568632125854,104.63294982910156,25.480560302734375,1.6586880803108204,3.627067217826842,6.0673441886901855,17.27360725402832,33,25,8,99.52885437011719,0.3215860601478152,high_review,439
detector_top5,1.3.6.1.4.1.14519.5.2.1.6279.6001.244442540088515471945035689377,outputs/luna16_saliency_synthetic_detector_top5/1.3.6.1.4.1.14519.5.2.1.6279.6001.244442540088515471945035689377/surface_1.3.6.1.4.1.14519.5.2.1.6279.6001.244442540088515471945035689377.png,outputs/luna16_saliency_synthetic_detector_top5/1.3.6.1.4.1.14519.5.2.1.6279.6001.244442540088515471945035689377/surface_grid_float_1.3.6.1.4.1.14519.5.2.1.6279.6001.244442540088515471945035689377.npy,0.5741360089186176,0.33978894352912903,0.24665673077106476,0.9176470637321472,138.78549194335938,31.55833625793457,1.2556736886501305,2.0940904617309544,14.717080116271973,12.188726425170898,33,25,8,133.34938049316406,0.3212179258134629,high_review,440
detector_top5,1.3.6.1.4.1.14519.5.2.1.6279.6001.292994770358625142596171316474,outputs/luna16_saliency_synthetic_detector_top5/1.3.6.1.4.1.14519.5.2.1.6279.6001.292994770358625142596171316474/surface_1.3.6.1.4.1.14519.5.2.1.6279.6001.292994770358625142596171316474.png,outputs/luna16_saliency_synthetic_detector_top5/1.3.6.1.4.1.14519.5.2.1.6279.6001.292994770358625142596171316474/surface_grid_float_1.3.6.1.4.1.14519.5.2.1.6279.6001.292994770358625142596171316474.npy,0.5655223880597015,0.3273744583129883,0.23598526418209076,1.0,142.57106018066406,30.32684326171875,1.4594200074672699,1.7847688293457034,1.8876426219940186,13.17429256439209,33,25,8,142.4217987060547,0.3204377042134603,high_review,441
detector_top5,1.3.6.1.4.1.14519.5.2.1.6279.6001.177785764461425908755977367558,outputs/luna16_saliency_synthetic_detector_top5/1.3.6.1.4.1.14519.5.2.1.6279.6001.177785764461425908755977367558/surface_1.3.6.1.4.1.14519.5.2.1.6279.6001.177785764461425908755977367558.png,outputs/luna16_saliency_synthetic_detector_top5/1.3.6.1.4.1.14519.5.2.1.6279.6001.177785764461425908755977367558/surface_grid_float_1.3.6.1.4.1.14519.5.2.1.6279.6001.177785764461425908755977367558.npy,0.5575342465753425,0.3365934491157532,0.22303615510463715,0.8705882430076599,129.50054931640625,28.121423721313477,1.7523885011672964,2.0866400146484376,4.746021747589111,18.800260543823242,33,25,8,127.74615478515625,0.32021180606418187,high_review,442
detector_top5,1.3.6.1.4.1.14519.5.2.1.6279.6001.156579001330474859527530187095,outputs/luna16_saliency_synthetic_detector_top5/1.3.6.1.4.1.14519.5.2.1.6279.6001.156579001330474859527530187095/surface_1.3.6.1.4.1.14519.5.2.1.6279.6001.156579001330474859527530187095.png,outputs/luna16_saliency_synthetic_detector_top5/1.3.6.1.4.1.14519.5.2.1.6279.6001.156579001330474859527530187095/surface_grid_float_1.3.6.1.4.1.14519.5.2.1.6279.6001.156579001330474859527530187095.npy,0.5613809899947341,0.34940794110298157,0.23321408033370972,0.9098039269447327,136.70782470703125,27.891386032104492,1.5288807690143584,2.0559958219528203,2.8081016540527344,13.561367988586426,33,25,8,136.33306884765625,0.31966262247827315,high_review,443
detector_top5,1.3.6.1.4.1.14519.5.2.1.6279.6001.139713436241461669335487719526,outputs/luna16_saliency_synthetic_detector_top5/1.3.6.1.4.1.14519.5.2.1.6279.6001.139713436241461669335487719526/surface_1.3.6.1.4.1.14519.5.2.1.6279.6001.139713436241461669335487719526.png,outputs/luna16_saliency_synthetic_detector_top5/1.3.6.1.4.1.14519.5.2.1.6279.6001.139713436241461669335487719526/surface_grid_float_1.3.6.1.4.1.14519.5.2.1.6279.6001.139713436241461669335487719526.npy,0.6420026350461133,0.3327292501926422,0.22328822314739227,0.9411764740943909,121.04405975341797,22.54772186279297,1.4250428795814516,3.0186066174507067,4.825588703155518,12.267727851867676,33,25,8,116.73865509033203,0.319559915561146,high_review,444
detector_top5,1.3.6.1.4.1.14519.5.2.1.6279.6001.235217371152464582553341729176,outputs/luna16_saliency_synthetic_detector_top5/1.3.6.1.4.1.14519.5.2.1.6279.6001.235217371152464582553341729176/surface_1.3.6.1.4.1.14519.5.2.1.6279.6001.235217371152464582553341729176.png,outputs/luna16_saliency_synthetic_detector_top5/1.3.6.1.4.1.14519.5.2.1.6279.6001.235217371152464582553341729176/surface_grid_float_1.3.6.1.4.1.14519.5.2.1.6279.6001.235217371152464582553341729176.npy,0.546588472143201,0.3700591027736664,0.23041653633117676,0.886274516582489,129.20968627929688,30.505802154541016,1.5739044189453124,2.6763939666748016,3.0910136699676514,10.749016761779785,33,25,8,128.70184326171875,0.3195280000474717,high_review,445
detector_top5,1.3.6.1.4.1.14519.5.2.1.6279.6001.892375496445736188832556446335,outputs/luna16_saliency_synthetic_detector_top5/1.3.6.1.4.1.14519.5.2.1.6279.6001.892375496445736188832556446335/surface_1.3.6.1.4.1.14519.5.2.1.6279.6001.892375496445736188832556446335.png,outputs/luna16_saliency_synthetic_detector_top5/1.3.6.1.4.1.14519.5.2.1.6279.6001.892375496445736188832556446335/surface_grid_float_1.3.6.1.4.1.14519.5.2.1.6279.6001.892375496445736188832556446335.npy,0.5889919604205318,0.3357093930244446,0.2447039783000946,1.0,130.89781188964844,27.199993133544922,1.1704292774200435,1.9907495594024645,13.261240005493164,18.70901107788086,33,25,8,125.51292419433594,0.3194610867712232,high_review,446
detector_top5,1.3.6.1.4.1.14519.5.2.1.6279.6001.323753921818102744511069914832,outputs/luna16_saliency_synthetic_detector_top5/1.3.6.1.4.1.14519.5.2.1.6279.6001.323753921818102744511069914832/surface_1.3.6.1.4.1.14519.5.2.1.6279.6001.323753921818102744511069914832.png,outputs/luna16_saliency_synthetic_detector_top5/1.3.6.1.4.1.14519.5.2.1.6279.6001.323753921818102744511069914832/surface_grid_float_1.3.6.1.4.1.14519.5.2.1.6279.6001.323753921818102744511069914832.npy,0.5605614973262032,0.33593764901161194,0.22348596155643463,0.9764705896377563,119.71593475341797,13.526379585266113,1.3048003017902374,3.4254822850227367,8.944133758544922,7.6996002197265625,33,25,8,109.46941375732422,0.3194012491835489,high_review,447
detector_top5,1.3.6.1.4.1.14519.5.2.1.6279.6001.774060103415303828812229821954,outputs/luna16_saliency_synthetic_detector_top5/1.3.6.1.4.1.14519.5.2.1.6279.6001.774060103415303828812229821954/surface_1.3.6.1.4.1.14519.5.2.1.6279.6001.774060103415303828812229821954.png,outputs/luna16_saliency_synthetic_detector_top5/1.3.6.1.4.1.14519.5.2.1.6279.6001.774060103415303828812229821954/surface_grid_float_1.3.6.1.4.1.14519.5.2.1.6279.6001.774060103415303828812229821954.npy,0.1282104969290899,0.4775417149066925,0.2565806806087494,1.0,52.77616882324219,10.568601608276367,1.0352937817573544,2.6142508673667906,6.210076808929443,11.415441513061523,33,25,8,34.944183349609375,0.31849231409754036,high_review,448
detector_top5,1.3.6.1.4.1.14519.5.2.1.6279.6001.253322967203074795232627653819,outputs/luna16_saliency_synthetic_detector_top5/1.3.6.1.4.1.14519.5.2.1.6279.6001.253322967203074795232627653819/surface_1.3.6.1.4.1.14519.5.2.1.6279.6001.253322967203074795232627653819.png,outputs/luna16_saliency_synthetic_detector_top5/1.3.6.1.4.1.14519.5.2.1.6279.6001.253322967203074795232627653819/surface_grid_float_1.3.6.1.4.1.14519.5.2.1.6279.6001.253322967203074795232627653819.npy,0.6378963983354857,0.3365161120891571,0.22528117895126343,0.886274516582489,137.7645263671875,28.253681182861328,1.2805399239063262,1.8280954205989837,2.1220550537109375,15.206068992614746,33,25,8,137.52142333984375,0.3182416709913148,high_review,449
detector_top5,1.3.6.1.4.1.14519.5.2.1.6279.6001.133132722052053001903031735878,outputs/luna16_saliency_synthetic_detector_top5/1.3.6.1.4.1.14519.5.2.1.6279.6001.133132722052053001903031735878/surface_1.3.6.1.4.1.14519.5.2.1.6279.6001.133132722052053001903031735878.png,outputs/luna16_saliency_synthetic_detector_top5/1.3.6.1.4.1.14519.5.2.1.6279.6001.133132722052053001903031735878/surface_grid_float_1.3.6.1.4.1.14519.5.2.1.6279.6001.133132722052053001903031735878.npy,0.60431654676259,0.3855486512184143,0.22981415688991547,1.0,112.40015411376953,22.059728622436523,1.8008264899253843,3.621515347957611,7.100159645080566,9.964933395385742,33,25,8,109.46639251708984,0.3181233470625347,high_review,450
detector_top5,1.3.6.1.4.1.14519.5.2.1.6279.6001.339546614783708685476232944897,outputs/luna16_saliency_synthetic_detector_top5/1.3.6.1.4.1.14519.5.2.1.6279.6001.339546614783708685476232944897/surface_1.3.6.1.4.1.14519.5.2.1.6279.6001.339546614783708685476232944897.png,outputs/luna16_saliency_synthetic_detector_top5/1.3.6.1.4.1.14519.5.2.1.6279.6001.339546614783708685476232944897/surface_grid_float_1.3.6.1.4.1.14519.5.2.1.6279.6001.339546614783708685476232944897.npy,0.4621441689623508,0.4481929838657379,0.23520757257938385,1.0,112.41867065429688,18.724475860595703,1.4672848641872391,3.7341027307509997,24.584680557250977,8.303786277770996,33,25,8,82.51702117919922,0.31784039140807147,high_review,451
detector_top5,1.3.6.1.4.1.14519.5.2.1.6279.6001.323899724653546164058849558431,outputs/luna16_saliency_synthetic_detector_top5/1.3.6.1.4.1.14519.5.2.1.6279.6001.323899724653546164058849558431/surface_1.3.6.1.4.1.14519.5.2.1.6279.6001.323899724653546164058849558431.png,outputs/luna16_saliency_synthetic_detector_top5/1.3.6.1.4.1.14519.5.2.1.6279.6001.323899724653546164058849558431/surface_grid_float_1.3.6.1.4.1.14519.5.2.1.6279.6001.323899724653546164058849558431.npy,0.4622974657249688,0.4288502037525177,0.21684831380844116,0.9607843160629272,120.76324462890625,22.303695678710938,1.4208787083625762,2.7712917852401753,12.496466636657715,15.021417617797852,33,25,8,75.10025024414062,0.3177917559782664,high_review,452
detector_top5,1.3.6.1.4.1.14519.5.2.1.6279.6001.167919147233131417984739058859,outputs/luna16_saliency_synthetic_detector_top5/1.3.6.1.4.1.14519.5.2.1.6279.6001.167919147233131417984739058859/surface_1.3.6.1.4.1.14519.5.2.1.6279.6001.167919147233131417984739058859.png,outputs/luna16_saliency_synthetic_detector_top5/1.3.6.1.4.1.14519.5.2.1.6279.6001.167919147233131417984739058859/surface_grid_float_1.3.6.1.4.1.14519.5.2.1.6279.6001.167919147233131417984739058859.npy,0.4966762713578,0.33671170473098755,0.22734323143959045,0.929411768913269,141.72686767578125,30.169692993164062,1.4425944685935963,1.6943435978889463,9.775045394897461,13.499824523925781,33,25,8,132.02874755859375,0.31704136411613887,high_review,453
detector_top5,1.3.6.1.4.1.14519.5.2.1.6279.6001.946129570505893110165820050204,outputs/luna16_saliency_synthetic_detector_top5/1.3.6.1.4.1.14519.5.2.1.6279.6001.946129570505893110165820050204/surface_1.3.6.1.4.1.14519.5.2.1.6279.6001.946129570505893110165820050204.png,outputs/luna16_saliency_synthetic_detector_top5/1.3.6.1.4.1.14519.5.2.1.6279.6001.946129570505893110165820050204/surface_grid_float_1.3.6.1.4.1.14519.5.2.1.6279.6001.946129570505893110165820050204.npy,0.6616931666068105,0.3174048066139221,0.2189454734325409,0.9450980424880981,135.112548828125,24.501253128051758,1.7309964716434474,2.3154520392417908,2.978111743927002,10.008431434631348,33,25,8,134.701904296875,0.31689210130108725,high_review,454
detector_top5,1.3.6.1.4.1.14519.5.2.1.6279.6001.404364125369979066736354549484,outputs/luna16_saliency_synthetic_detector_top5/1.3.6.1.4.1.14519.5.2.1.6279.6001.404364125369979066736354549484/surface_1.3.6.1.4.1.14519.5.2.1.6279.6001.404364125369979066736354549484.png,outputs/luna16_saliency_synthetic_detector_top5/1.3.6.1.4.1.14519.5.2.1.6279.6001.404364125369979066736354549484/surface_grid_float_1.3.6.1.4.1.14519.5.2.1.6279.6001.404364125369979066736354549484.npy,0.6793898570868527,0.3113592565059662,0.23838232457637787,0.9215686321258545,132.50796508789062,26.589311599731445,1.4989705204963684,1.715317578315735,1.868708848953247,19.57892608642578,33,25,8,132.3666229248047,0.3158148604657915,high_review,455
detector_top5,1.3.6.1.4.1.14519.5.2.1.6279.6001.268589491017129166376960414534,outputs/luna16_saliency_synthetic_detector_top5/1.3.6.1.4.1.14519.5.2.1.6279.6001.268589491017129166376960414534/surface_1.3.6.1.4.1.14519.5.2.1.6279.6001.268589491017129166376960414534.png,outputs/luna16_saliency_synthetic_detector_top5/1.3.6.1.4.1.14519.5.2.1.6279.6001.268589491017129166376960414534/surface_grid_float_1.3.6.1.4.1.14519.5.2.1.6279.6001.268589491017129166376960414534.npy,0.7044526901669759,0.3117623031139374,0.23461055755615234,0.9490196108818054,118.59244537353516,22.601215362548828,1.4779999136924742,3.296929337978363,33.404075622558594,8.614718437194824,33,25,8,96.08193969726562,0.3157057745112313,high_review,456
detector_top5,1.3.6.1.4.1.14519.5.2.1.6279.6001.299476369290630280560355838785,outputs/luna16_saliency_synthetic_detector_top5/1.3.6.1.4.1.14519.5.2.1.6279.6001.299476369290630280560355838785/surface_1.3.6.1.4.1.14519.5.2.1.6279.6001.299476369290630280560355838785.png,outputs/luna16_saliency_synthetic_detector_top5/1.3.6.1.4.1.14519.5.2.1.6279.6001.299476369290630280560355838785/surface_grid_float_1.3.6.1.4.1.14519.5.2.1.6279.6001.299476369290630280560355838785.npy,0.571537290715373,0.31504979729652405,0.21617208421230316,0.8980392217636108,135.3218994140625,29.234703063964844,1.4049356281757355,1.6561768352985382,1.7350057363510132,18.07662010192871,33,25,8,135.1929931640625,0.31539207097556854,high_review,457
detector_top5,1.3.6.1.4.1.14519.5.2.1.6279.6001.197987940182806628828566429132,outputs/luna16_saliency_synthetic_detector_top5/1.3.6.1.4.1.14519.5.2.1.6279.6001.197987940182806628828566429132/surface_1.3.6.1.4.1.14519.5.2.1.6279.6001.197987940182806628828566429132.png,outputs/luna16_saliency_synthetic_detector_top5/1.3.6.1.4.1.14519.5.2.1.6279.6001.197987940182806628828566429132/surface_grid_float_1.3.6.1.4.1.14519.5.2.1.6279.6001.197987940182806628828566429132.npy,0.6283930194086536,0.38327106833457947,0.2434362769126892,0.95686274766922,122.41773986816406,30.10222816467285,1.6002174615859985,2.434330925941467,2.7901172637939453,16.689960479736328,33,25,8,122.07298278808594,0.31414829529126487,high_review,458
detector_top5,1.3.6.1.4.1.14519.5.2.1.6279.6001.225227615446398900698431118292,outputs/luna16_saliency_synthetic_detector_top5/1.3.6.1.4.1.14519.5.2.1.6279.6001.225227615446398900698431118292/surface_1.3.6.1.4.1.14519.5.2.1.6279.6001.225227615446398900698431118292.png,outputs/luna16_saliency_synthetic_detector_top5/1.3.6.1.4.1.14519.5.2.1.6279.6001.225227615446398900698431118292/surface_grid_float_1.3.6.1.4.1.14519.5.2.1.6279.6001.225227615446398900698431118292.npy,0.6840967525342679,0.34192022681236267,0.20907960832118988,0.9137254953384399,125.474609375,24.40452003479004,1.7503219366073597,2.4330199670791615,3.3226420879364014,14.174691200256348,33,25,8,124.66409301757812,0.3136142617490556,high_review,459
detector_top5,1.3.6.1.4.1.14519.5.2.1.6279.6001.149041668385192796520281592139,outputs/luna16_saliency_synthetic_detector_top5/1.3.6.1.4.1.14519.5.2.1.6279.6001.149041668385192796520281592139/surface_1.3.6.1.4.1.14519.5.2.1.6279.6001.149041668385192796520281592139.png,outputs/luna16_saliency_synthetic_detector_top5/1.3.6.1.4.1.14519.5.2.1.6279.6001.149041668385192796520281592139/surface_grid_float_1.3.6.1.4.1.14519.5.2.1.6279.6001.149041668385192796520281592139.npy,0.08377038695235049,0.6029192805290222,0.22999538481235504,1.0,46.9713134765625,11.825369834899902,0.7514700829982747,1.7819778370857247,6.386100769042969,13.17222785949707,33,25,8,25.9637451171875,0.313147682494858,high_review,460
detector_top5,1.3.6.1.4.1.14519.5.2.1.6279.6001.111258527162678142285870245028,outputs/luna16_saliency_synthetic_detector_top5/1.3.6.1.4.1.14519.5.2.1.6279.6001.111258527162678142285870245028/surface_1.3.6.1.4.1.14519.5.2.1.6279.6001.111258527162678142285870245028.png,outputs/luna16_saliency_synthetic_detector_top5/1.3.6.1.4.1.14519.5.2.1.6279.6001.111258527162678142285870245028/surface_grid_float_1.3.6.1.4.1.14519.5.2.1.6279.6001.111258527162678142285870245028.npy,0.5506449106449106,0.32816261053085327,0.24929729104042053,1.0,141.00799560546875,29.972082138061523,1.301776123046875,1.520604639053345,1.5987858772277832,14.588613510131836,33,25,8,140.74729919433594,0.31305060631434123,high_review,461
detector_top5,1.3.6.1.4.1.14519.5.2.1.6279.6001.214252223927572015414741039150,outputs/luna16_saliency_synthetic_detector_top5/1.3.6.1.4.1.14519.5.2.1.6279.6001.214252223927572015414741039150/surface_1.3.6.1.4.1.14519.5.2.1.6279.6001.214252223927572015414741039150.png,outputs/luna16_saliency_synthetic_detector_top5/1.3.6.1.4.1.14519.5.2.1.6279.6001.214252223927572015414741039150/surface_grid_float_1.3.6.1.4.1.14519.5.2.1.6279.6001.214252223927572015414741039150.npy,0.506205278940649,0.36576348543167114,0.22226791083812714,0.9254902005195618,141.22286987304688,26.34561538696289,1.4121733367443083,1.9207908487319947,2.9700090885162354,8.716024398803711,33,25,8,140.296875,0.31236411835882394,high_review,462
detector_top5,1.3.6.1.4.1.14519.5.2.1.6279.6001.150097650621090951325113116280,outputs/luna16_saliency_synthetic_detector_top5/1.3.6.1.4.1.14519.5.2.1.6279.6001.150097650621090951325113116280/surface_1.3.6.1.4.1.14519.5.2.1.6279.6001.150097650621090951325113116280.png,outputs/luna16_saliency_synthetic_detector_top5/1.3.6.1.4.1.14519.5.2.1.6279.6001.150097650621090951325113116280/surface_grid_float_1.3.6.1.4.1.14519.5.2.1.6279.6001.150097650621090951325113116280.npy,0.5692840357982101,0.33837899565696716,0.23078088462352753,0.9607843160629272,122.20511627197266,27.80780601501465,1.692299973964691,2.3642219614982607,3.0272274017333984,16.785160064697266,33,25,8,120.12110900878906,0.3119022083308962,high_review,463
detector_top5,1.3.6.1.4.1.14519.5.2.1.6279.6001.140239815496047437552471323962,outputs/luna16_saliency_synthetic_detector_top5/1.3.6.1.4.1.14519.5.2.1.6279.6001.140239815496047437552471323962/surface_1.3.6.1.4.1.14519.5.2.1.6279.6001.140239815496047437552471323962.png,outputs/luna16_saliency_synthetic_detector_top5/1.3.6.1.4.1.14519.5.2.1.6279.6001.140239815496047437552471323962/surface_grid_float_1.3.6.1.4.1.14519.5.2.1.6279.6001.140239815496047437552471323962.npy,0.5747355754005954,0.32051897048950195,0.25263381004333496,1.0,111.55339050292969,19.73289680480957,1.3395468592643738,3.202278161048888,8.487948417663574,13.375994682312012,33,25,8,106.01658630371094,0.31171509496370947,high_review,464
detector_top5,1.3.6.1.4.1.14519.5.2.1.6279.6001.743969234977916254223533321294,outputs/luna16_saliency_synthetic_detector_top5/1.3.6.1.4.1.14519.5.2.1.6279.6001.743969234977916254223533321294/surface_1.3.6.1.4.1.14519.5.2.1.6279.6001.743969234977916254223533321294.png,outputs/luna16_saliency_synthetic_detector_top5/1.3.6.1.4.1.14519.5.2.1.6279.6001.743969234977916254223533321294/surface_grid_float_1.3.6.1.4.1.14519.5.2.1.6279.6001.743969234977916254223533321294.npy,0.5758158866995073,0.37910035252571106,0.2183404117822647,0.886274516582489,131.29664611816406,29.374919891357422,1.767320716381073,2.0419946908950823,2.8427059650421143,14.22440242767334,33,25,8,130.94114685058594,0.3116973674297333,high_review,465
detector_top5,1.3.6.1.4.1.14519.5.2.1.6279.6001.908250781706513856628130123235,outputs/luna16_saliency_synthetic_detector_top5/1.3.6.1.4.1.14519.5.2.1.6279.6001.908250781706513856628130123235/surface_1.3.6.1.4.1.14519.5.2.1.6279.6001.908250781706513856628130123235.png,outputs/luna16_saliency_synthetic_detector_top5/1.3.6.1.4.1.14519.5.2.1.6279.6001.908250781706513856628130123235/surface_grid_float_1.3.6.1.4.1.14519.5.2.1.6279.6001.908250781706513856628130123235.npy,0.6345006816632583,0.31988778710365295,0.2313811033964157,0.9106666719913529,135.26962280273438,31.951047897338867,1.3914705514907837,1.669845628738404,2.294701099395752,15.584659576416016,33,25,8,134.23931884765625,0.31017731703652274,high_review,466
detector_top5,1.3.6.1.4.1.14519.5.2.1.6279.6001.229096941293122177107846044795,outputs/luna16_saliency_synthetic_detector_top5/1.3.6.1.4.1.14519.5.2.1.6279.6001.229096941293122177107846044795/surface_1.3.6.1.4.1.14519.5.2.1.6279.6001.229096941293122177107846044795.png,outputs/luna16_saliency_synthetic_detector_top5/1.3.6.1.4.1.14519.5.2.1.6279.6001.229096941293122177107846044795/surface_grid_float_1.3.6.1.4.1.14519.5.2.1.6279.6001.229096941293122177107846044795.npy,0.5975564971751413,0.32315871119499207,0.22691857814788818,0.9725490212440491,121.30680847167969,17.119035720825195,1.2921913385391235,3.3139736771583497,10.341971397399902,3.847942352294922,33,25,8,110.94583129882812,0.3101482074393164,high_review,467
detector_top5,1.3.6.1.4.1.14519.5.2.1.6279.6001.194488534645348916700259325236,outputs/luna16_saliency_synthetic_detector_top5/1.3.6.1.4.1.14519.5.2.1.6279.6001.194488534645348916700259325236/surface_1.3.6.1.4.1.14519.5.2.1.6279.6001.194488534645348916700259325236.png,outputs/luna16_saliency_synthetic_detector_top5/1.3.6.1.4.1.14519.5.2.1.6279.6001.194488534645348916700259325236/surface_grid_float_1.3.6.1.4.1.14519.5.2.1.6279.6001.194488534645348916700259325236.npy,0.6179077870512925,0.32341423630714417,0.22860679030418396,0.9411764740943909,113.51123809814453,27.011693954467773,1.3797307729721058,2.749051961898803,3.50382661819458,17.12140655517578,33,25,8,109.89140319824219,0.3097045258098178,high_review,468
detector_top5,1.3.6.1.4.1.14519.5.2.1.6279.6001.888615810685807330497715730842,outputs/luna16_saliency_synthetic_detector_top5/1.3.6.1.4.1.14519.5.2.1.6279.6001.888615810685807330497715730842/surface_1.3.6.1.4.1.14519.5.2.1.6279.6001.888615810685807330497715730842.png,outputs/luna16_saliency_synthetic_detector_top5/1.3.6.1.4.1.14519.5.2.1.6279.6001.888615810685807330497715730842/surface_grid_float_1.3.6.1.4.1.14519.5.2.1.6279.6001.888615810685807330497715730842.npy,0.30257417102966844,0.34309113025665283,0.2546510100364685,1.0,113.90774536132812,23.695480346679688,1.3847777426242827,2.0924344515800466,11.323901176452637,13.09725570678711,33,25,8,96.63389587402344,0.30882476219536303,high_review,469
detector_top5,1.3.6.1.4.1.14519.5.2.1.6279.6001.138894439026794145866157853158,outputs/luna16_saliency_synthetic_detector_top5/1.3.6.1.4.1.14519.5.2.1.6279.6001.138894439026794145866157853158/surface_1.3.6.1.4.1.14519.5.2.1.6279.6001.138894439026794145866157853158.png,outputs/luna16_saliency_synthetic_detector_top5/1.3.6.1.4.1.14519.5.2.1.6279.6001.138894439026794145866157853158/surface_grid_float_1.3.6.1.4.1.14519.5.2.1.6279.6001.138894439026794145866157853158.npy,0.45079960689716786,0.43040916323661804,0.20812983810901642,0.9243921613693283,110.90208435058594,24.128870010375977,1.8603976011276213,3.41853937149048,7.41723108291626,9.398358345031738,33,25,8,104.00471496582031,0.30827822916242814,high_review,470
detector_top5,1.3.6.1.4.1.14519.5.2.1.6279.6001.244447966386688625240438849169,outputs/luna16_saliency_synthetic_detector_top5/1.3.6.1.4.1.14519.5.2.1.6279.6001.244447966386688625240438849169/surface_1.3.6.1.4.1.14519.5.2.1.6279.6001.244447966386688625240438849169.png,outputs/luna16_saliency_synthetic_detector_top5/1.3.6.1.4.1.14519.5.2.1.6279.6001.244447966386688625240438849169/surface_grid_float_1.3.6.1.4.1.14519.5.2.1.6279.6001.244447966386688625240438849169.npy,0.4654450099304866,0.3827340602874756,0.23773616552352905,1.0,130.1319580078125,28.017892837524414,1.5787469685077664,2.0515516901016233,16.52788543701172,13.155579566955566,33,25,8,122.70775604248047,0.30766776864263745,high_review,471
detector_top5,1.3.6.1.4.1.14519.5.2.1.6279.6001.250481236093201801255751845296,outputs/luna16_saliency_synthetic_detector_top5/1.3.6.1.4.1.14519.5.2.1.6279.6001.250481236093201801255751845296/surface_1.3.6.1.4.1.14519.5.2.1.6279.6001.250481236093201801255751845296.png,outputs/luna16_saliency_synthetic_detector_top5/1.3.6.1.4.1.14519.5.2.1.6279.6001.250481236093201801255751845296/surface_grid_float_1.3.6.1.4.1.14519.5.2.1.6279.6001.250481236093201801255751845296.npy,0.5659147428973348,0.31219393014907837,0.2213842272758484,0.929411768913269,119.62772369384766,25.890127182006836,1.3221240520477284,2.708922331333162,8.020377159118652,12.045682907104492,33,25,8,100.1827163696289,0.30741539366775095,high_review,472
detector_top5,1.3.6.1.4.1.14519.5.2.1.6279.6001.861997885565255340442123234170,outputs/luna16_saliency_synthetic_detector_top5/1.3.6.1.4.1.14519.5.2.1.6279.6001.861997885565255340442123234170/surface_1.3.6.1.4.1.14519.5.2.1.6279.6001.861997885565255340442123234170.png,outputs/luna16_saliency_synthetic_detector_top5/1.3.6.1.4.1.14519.5.2.1.6279.6001.861997885565255340442123234170/surface_grid_float_1.3.6.1.4.1.14519.5.2.1.6279.6001.861997885565255340442123234170.npy,0.497055761598022,0.4117770493030548,0.2610112428665161,1.0,129.43765258789062,22.055604934692383,1.4412231147289276,1.7344681322574615,7.583305358886719,17.623374938964844,33,25,8,129.146728515625,0.30692652036746343,high_review,473
detector_top5,1.3.6.1.4.1.14519.5.2.1.6279.6001.112740418331256326754121315800,outputs/luna16_saliency_synthetic_detector_top5/1.3.6.1.4.1.14519.5.2.1.6279.6001.112740418331256326754121315800/surface_1.3.6.1.4.1.14519.5.2.1.6279.6001.112740418331256326754121315800.png,outputs/luna16_saliency_synthetic_detector_top5/1.3.6.1.4.1.14519.5.2.1.6279.6001.112740418331256326754121315800/surface_grid_float_1.3.6.1.4.1.14519.5.2.1.6279.6001.112740418331256326754121315800.npy,0.4331020282646772,0.36797580122947693,0.21645112335681915,0.8549019694328308,131.15689086914062,22.000003814697266,1.727842307090757,2.3130870628356934,2.991701364517212,8.461584091186523,33,25,8,130.62152099609375,0.3067909502029419,high_review,474
detector_top5,1.3.6.1.4.1.14519.5.2.1.6279.6001.115386642382564804180764325545,outputs/luna16_saliency_synthetic_detector_top5/1.3.6.1.4.1.14519.5.2.1.6279.6001.115386642382564804180764325545/surface_1.3.6.1.4.1.14519.5.2.1.6279.6001.115386642382564804180764325545.png,outputs/luna16_saliency_synthetic_detector_top5/1.3.6.1.4.1.14519.5.2.1.6279.6001.115386642382564804180764325545/surface_grid_float_1.3.6.1.4.1.14519.5.2.1.6279.6001.115386642382564804180764325545.npy,0.6161002998412605,0.327486515045166,0.2427455633878708,1.0,128.67543029785156,29.94556999206543,1.463303804397583,1.803128880262374,2.0070040225982666,16.832124710083008,33,25,8,128.35328674316406,0.3059576384822527,high_review,475
detector_top5,1.3.6.1.4.1.14519.5.2.1.6279.6001.226889213794065160713547677129,outputs/luna16_saliency_synthetic_detector_top5/1.3.6.1.4.1.14519.5.2.1.6279.6001.226889213794065160713547677129/surface_1.3.6.1.4.1.14519.5.2.1.6279.6001.226889213794065160713547677129.png,outputs/luna16_saliency_synthetic_detector_top5/1.3.6.1.4.1.14519.5.2.1.6279.6001.226889213794065160713547677129/surface_grid_float_1.3.6.1.4.1.14519.5.2.1.6279.6001.226889213794065160713547677129.npy,0.5241491491491491,0.37818291783332825,0.2268069088459015,0.95686274766922,124.6970443725586,19.561338424682617,1.4245645701885226,1.7359104990959162,4.488509654998779,20.49909210205078,33,25,8,123.2168960571289,0.30545926026503245,high_review,476
detector_top5,1.3.6.1.4.1.14519.5.2.1.6279.6001.461155505515403114280165935891,outputs/luna16_saliency_synthetic_detector_top5/1.3.6.1.4.1.14519.5.2.1.6279.6001.461155505515403114280165935891/surface_1.3.6.1.4.1.14519.5.2.1.6279.6001.461155505515403114280165935891.png,outputs/luna16_saliency_synthetic_detector_top5/1.3.6.1.4.1.14519.5.2.1.6279.6001.461155505515403114280165935891/surface_grid_float_1.3.6.1.4.1.14519.5.2.1.6279.6001.461155505515403114280165935891.npy,0.5027717193747728,0.3724892735481262,0.2182212769985199,0.9137254953384399,132.7662353515625,28.31995391845703,1.2789741635322567,1.8995033526420602,3.255617380142212,12.132172584533691,33,25,8,132.37359619140625,0.3052225430197186,high_review,477
detector_top5,1.3.6.1.4.1.14519.5.2.1.6279.6001.310395752124284049604069960014,outputs/luna16_saliency_synthetic_detector_top5/1.3.6.1.4.1.14519.5.2.1.6279.6001.310395752124284049604069960014/surface_1.3.6.1.4.1.14519.5.2.1.6279.6001.310395752124284049604069960014.png,outputs/luna16_saliency_synthetic_detector_top5/1.3.6.1.4.1.14519.5.2.1.6279.6001.310395752124284049604069960014/surface_grid_float_1.3.6.1.4.1.14519.5.2.1.6279.6001.310395752124284049604069960014.npy,0.6677598206912823,0.38687410950660706,0.23912568390369415,1.0,105.40008544921875,20.702251434326172,1.8924257516860934,3.2268048763275146,4.412546634674072,14.624987602233887,33,25,8,104.5823974609375,0.30497092782126534,high_review,478
detector_top5,1.3.6.1.4.1.14519.5.2.1.6279.6001.986011151772797848993829243183,outputs/luna16_saliency_synthetic_detector_top5/1.3.6.1.4.1.14519.5.2.1.6279.6001.986011151772797848993829243183/surface_1.3.6.1.4.1.14519.5.2.1.6279.6001.986011151772797848993829243183.png,outputs/luna16_saliency_synthetic_detector_top5/1.3.6.1.4.1.14519.5.2.1.6279.6001.986011151772797848993829243183/surface_grid_float_1.3.6.1.4.1.14519.5.2.1.6279.6001.986011151772797848993829243183.npy,0.5588779077585048,0.35593682527542114,0.22900499403476715,0.886274516582489,121.03070068359375,18.185710906982422,1.5999367237091064,2.8333311319351204,3.6373214721679688,8.099674224853516,33,25,8,120.58526611328125,0.30471704448593995,high_review,479
detector_top5,1.3.6.1.4.1.14519.5.2.1.6279.6001.619372068417051974713149104919,outputs/luna16_saliency_synthetic_detector_top5/1.3.6.1.4.1.14519.5.2.1.6279.6001.619372068417051974713149104919/surface_1.3.6.1.4.1.14519.5.2.1.6279.6001.619372068417051974713149104919.png,outputs/luna16_saliency_synthetic_detector_top5/1.3.6.1.4.1.14519.5.2.1.6279.6001.619372068417051974713149104919/surface_grid_float_1.3.6.1.4.1.14519.5.2.1.6279.6001.619372068417051974713149104919.npy,0.600494712552086,0.3364304304122925,0.2404819279909134,1.0,117.2667465209961,22.866689682006836,1.794046783447265,2.7703637695312495,4.784433364868164,11.70603084564209,33,25,8,112.63819885253906,0.3045688925001356,high_review,480
detector_top5,1.3.6.1.4.1.14519.5.2.1.6279.6001.226152078193253087875725735761,outputs/luna16_saliency_synthetic_detector_top5/1.3.6.1.4.1.14519.5.2.1.6279.6001.226152078193253087875725735761/surface_1.3.6.1.4.1.14519.5.2.1.6279.6001.226152078193253087875725735761.png,outputs/luna16_saliency_synthetic_detector_top5/1.3.6.1.4.1.14519.5.2.1.6279.6001.226152078193253087875725735761/surface_grid_float_1.3.6.1.4.1.14519.5.2.1.6279.6001.226152078193253087875725735761.npy,0.2584362139917695,0.40589627623558044,0.23412780463695526,1.0,102.99095153808594,21.26212501525879,0.9622151702642434,1.720529850721357,6.226296424865723,12.975340843200684,33,25,8,101.8453369140625,0.3044237356143933,high_review,481
detector_top5,1.3.6.1.4.1.14519.5.2.1.6279.6001.179730018513720561213088132029,outputs/luna16_saliency_synthetic_detector_top5/1.3.6.1.4.1.14519.5.2.1.6279.6001.179730018513720561213088132029/surface_1.3.6.1.4.1.14519.5.2.1.6279.6001.179730018513720561213088132029.png,outputs/luna16_saliency_synthetic_detector_top5/1.3.6.1.4.1.14519.5.2.1.6279.6001.179730018513720561213088132029/surface_grid_float_1.3.6.1.4.1.14519.5.2.1.6279.6001.179730018513720561213088132029.npy,0.5833441537362851,0.38407841324806213,0.2268332540988922,1.0,117.34617614746094,17.484088897705078,1.3879165351390834,2.922826507091521,11.353275299072266,9.390121459960938,33,25,8,113.20121002197266,0.3041286920362048,high_review,482
detector_top5,1.3.6.1.4.1.14519.5.2.1.6279.6001.246589849815292078281051154201,outputs/luna16_saliency_synthetic_detector_top5/1.3.6.1.4.1.14519.5.2.1.6279.6001.246589849815292078281051154201/surface_1.3.6.1.4.1.14519.5.2.1.6279.6001.246589849815292078281051154201.png,outputs/luna16_saliency_synthetic_detector_top5/1.3.6.1.4.1.14519.5.2.1.6279.6001.246589849815292078281051154201/surface_grid_float_1.3.6.1.4.1.14519.5.2.1.6279.6001.246589849815292078281051154201.npy,0.599358651150596,0.30674728751182556,0.21268706023693085,0.8313725590705872,138.0714111328125,27.920429229736328,1.088862419128418,1.2822070777416232,1.363158941268921,15.918757438659668,33,25,8,137.9498291015625,0.303960247417291,high_review,483
detector_top5,1.3.6.1.4.1.14519.5.2.1.6279.6001.270390050141765094612147226290,outputs/luna16_saliency_synthetic_detector_top5/1.3.6.1.4.1.14519.5.2.1.6279.6001.270390050141765094612147226290/surface_1.3.6.1.4.1.14519.5.2.1.6279.6001.270390050141765094612147226290.png,outputs/luna16_saliency_synthetic_detector_top5/1.3.6.1.4.1.14519.5.2.1.6279.6001.270390050141765094612147226290/surface_grid_float_1.3.6.1.4.1.14519.5.2.1.6279.6001.270390050141765094612147226290.npy,0.5242822966507177,0.40046069025993347,0.23804445564746857,0.9960784316062927,128.25584411621094,26.24246597290039,1.2786150276660924,2.2967046880722046,2.8438711166381836,9.476726531982422,33,25,8,127.92542266845703,0.30372027312914535,high_review,484
detector_top5,1.3.6.1.4.1.14519.5.2.1.6279.6001.241570579760883349458693655367,outputs/luna16_saliency_synthetic_detector_top5/1.3.6.1.4.1.14519.5.2.1.6279.6001.241570579760883349458693655367/surface_1.3.6.1.4.1.14519.5.2.1.6279.6001.241570579760883349458693655367.png,outputs/luna16_saliency_synthetic_detector_top5/1.3.6.1.4.1.14519.5.2.1.6279.6001.241570579760883349458693655367/surface_grid_float_1.3.6.1.4.1.14519.5.2.1.6279.6001.241570579760883349458693655367.npy,0.6590168579118856,0.38239341974258423,0.24316038191318512,1.0,123.04000091552734,30.473554611206055,1.2932317018508908,2.0672801685333244,3.7135555744171143,16.377660751342773,33,25,8,121.91069030761719,0.3034798749181959,high_review,485
detector_top5,1.3.6.1.4.1.14519.5.2.1.6279.6001.174449669706458092793093760291,outputs/luna16_saliency_synthetic_detector_top5/1.3.6.1.4.1.14519.5.2.1.6279.6001.174449669706458092793093760291/surface_1.3.6.1.4.1.14519.5.2.1.6279.6001.174449669706458092793093760291.png,outputs/luna16_saliency_synthetic_detector_top5/1.3.6.1.4.1.14519.5.2.1.6279.6001.174449669706458092793093760291/surface_grid_float_1.3.6.1.4.1.14519.5.2.1.6279.6001.174449669706458092793093760291.npy,0.5134030891878425,0.3709717094898224,0.23502573370933533,0.9882352948188782,106.6029052734375,9.549720764160156,1.115292263031006,3.570445079803458,9.85744571685791,8.298491477966309,33,25,8,104.27476501464844,0.3032259533564247,high_review,486
detector_top5,1.3.6.1.4.1.14519.5.2.1.6279.6001.270951128717816232360812849541,outputs/luna16_saliency_synthetic_detector_top5/1.3.6.1.4.1.14519.5.2.1.6279.6001.270951128717816232360812849541/surface_1.3.6.1.4.1.14519.5.2.1.6279.6001.270951128717816232360812849541.png,outputs/luna16_saliency_synthetic_detector_top5/1.3.6.1.4.1.14519.5.2.1.6279.6001.270951128717816232360812849541/surface_grid_float_1.3.6.1.4.1.14519.5.2.1.6279.6001.270951128717816232360812849541.npy,0.42381685263562907,0.34476301074028015,0.24764959514141083,1.0,125.34870910644531,27.794172286987305,1.4442494690418235,2.023941893577575,2.2045321464538574,14.974780082702637,33,25,8,124.78091430664062,0.30291006105740864,high_review,487
detector_top5,1.3.6.1.4.1.14519.5.2.1.6279.6001.176869045992276345870480098568,outputs/luna16_saliency_synthetic_detector_top5/1.3.6.1.4.1.14519.5.2.1.6279.6001.176869045992276345870480098568/surface_1.3.6.1.4.1.14519.5.2.1.6279.6001.176869045992276345870480098568.png,outputs/luna16_saliency_synthetic_detector_top5/1.3.6.1.4.1.14519.5.2.1.6279.6001.176869045992276345870480098568/surface_grid_float_1.3.6.1.4.1.14519.5.2.1.6279.6001.176869045992276345870480098568.npy,0.44360454291565815,0.4468081593513489,0.23050299286842346,1.0,108.45771026611328,22.21232032775879,1.5926763057708737,3.50593108177185,22.24831199645996,7.5183000564575195,33,25,8,87.97421264648438,0.3026481163554721,high_review,488
detector_top5,1.3.6.1.4.1.14519.5.2.1.6279.6001.294120933998772507043263238704,outputs/luna16_saliency_synthetic_detector_top5/1.3.6.1.4.1.14519.5.2.1.6279.6001.294120933998772507043263238704/surface_1.3.6.1.4.1.14519.5.2.1.6279.6001.294120933998772507043263238704.png,outputs/luna16_saliency_synthetic_detector_top5/1.3.6.1.4.1.14519.5.2.1.6279.6001.294120933998772507043263238704/surface_grid_float_1.3.6.1.4.1.14519.5.2.1.6279.6001.294120933998772507043263238704.npy,0.5187558247903076,0.4088500142097473,0.20305326581001282,0.9176470637321472,135.7963409423828,28.30128288269043,1.0370140373706818,1.5908249080181116,1.8169766664505005,12.73689079284668,33,25,8,135.5672607421875,0.3023561839063962,high_review,489
detector_top5,1.3.6.1.4.1.14519.5.2.1.6279.6001.139444426690868429919252698606,outputs/luna16_saliency_synthetic_detector_top5/1.3.6.1.4.1.14519.5.2.1.6279.6001.139444426690868429919252698606/surface_1.3.6.1.4.1.14519.5.2.1.6279.6001.139444426690868429919252698606.png,outputs/luna16_saliency_synthetic_detector_top5/1.3.6.1.4.1.14519.5.2.1.6279.6001.139444426690868429919252698606/surface_grid_float_1.3.6.1.4.1.14519.5.2.1.6279.6001.139444426690868429919252698606.npy,0.6395263157894737,0.3325585424900055,0.23736892640590668,1.0,117.08638000488281,18.44158935546875,1.6379554510116567,2.9623012900352568,4.9800028800964355,8.22717571258545,33,25,8,115.9583511352539,0.3022956180704967,high_review,490
detector_top5,1.3.6.1.4.1.14519.5.2.1.6279.6001.134638281277099121660656324702,outputs/luna16_saliency_synthetic_detector_top5/1.3.6.1.4.1.14519.5.2.1.6279.6001.134638281277099121660656324702/surface_1.3.6.1.4.1.14519.5.2.1.6279.6001.134638281277099121660656324702.png,outputs/luna16_saliency_synthetic_detector_top5/1.3.6.1.4.1.14519.5.2.1.6279.6001.134638281277099121660656324702/surface_grid_float_1.3.6.1.4.1.14519.5.2.1.6279.6001.134638281277099121660656324702.npy,0.5423611111111111,0.36055687069892883,0.24585434794425964,1.0,135.82162475585938,32.92610549926758,1.2738313317298888,1.4124683248996734,1.4600634574890137,15.033909797668457,33,25,8,135.56069946289062,0.3021521127793524,high_review,491
detector_top5,1.3.6.1.4.1.14519.5.2.1.6279.6001.309672797925724868457151381131,outputs/luna16_saliency_synthetic_detector_top5/1.3.6.1.4.1.14519.5.2.1.6279.6001.309672797925724868457151381131/surface_1.3.6.1.4.1.14519.5.2.1.6279.6001.309672797925724868457151381131.png,outputs/luna16_saliency_synthetic_detector_top5/1.3.6.1.4.1.14519.5.2.1.6279.6001.309672797925724868457151381131/surface_grid_float_1.3.6.1.4.1.14519.5.2.1.6279.6001.309672797925724868457151381131.npy,0.6107254814151366,0.3375466763973236,0.24012835323810577,0.929411768913269,121.09800720214844,22.744129180908203,1.6017480731010418,2.302592101097107,2.528979539871216,13.83817195892334,33,25,8,119.9344482421875,0.3016592682785458,high_review,492
detector_top5,1.3.6.1.4.1.14519.5.2.1.6279.6001.109002525524522225658609808059,outputs/luna16_saliency_synthetic_detector_top5/1.3.6.1.4.1.14519.5.2.1.6279.6001.109002525524522225658609808059/surface_1.3.6.1.4.1.14519.5.2.1.6279.6001.109002525524522225658609808059.png,outputs/luna16_saliency_synthetic_detector_top5/1.3.6.1.4.1.14519.5.2.1.6279.6001.109002525524522225658609808059/surface_grid_float_1.3.6.1.4.1.14519.5.2.1.6279.6001.109002525524522225658609808059.npy,0.4606403101137239,0.4201839566230774,0.21614079177379608,1.0,99.44471740722656,18.93768310546875,1.697049129009247,3.744950728416442,6.131386756896973,10.226960182189941,33,25,8,95.14330291748047,0.3008162957138485,high_review,493
detector_top5,1.3.6.1.4.1.14519.5.2.1.6279.6001.314789075871001236641548593165,outputs/luna16_saliency_synthetic_detector_top5/1.3.6.1.4.1.14519.5.2.1.6279.6001.314789075871001236641548593165/surface_1.3.6.1.4.1.14519.5.2.1.6279.6001.314789075871001236641548593165.png,outputs/luna16_saliency_synthetic_detector_top5/1.3.6.1.4.1.14519.5.2.1.6279.6001.314789075871001236641548593165/surface_grid_float_1.3.6.1.4.1.14519.5.2.1.6279.6001.314789075871001236641548593165.npy,0.5871084337349397,0.3048543334007263,0.23109745979309082,0.9607843160629272,120.55240631103516,21.003263473510742,1.7662806510925295,2.554876630306243,3.063359498977661,10.417322158813477,33,25,8,117.73379516601562,0.30071658089160913,high_review,494
detector_top5,1.3.6.1.4.1.14519.5.2.1.6279.6001.100530488926682752765845212286,outputs/luna16_saliency_synthetic_detector_top5/1.3.6.1.4.1.14519.5.2.1.6279.6001.100530488926682752765845212286/surface_1.3.6.1.4.1.14519.5.2.1.6279.6001.100530488926682752765845212286.png,outputs/luna16_saliency_synthetic_detector_top5/1.3.6.1.4.1.14519.5.2.1.6279.6001.100530488926682752765845212286/surface_grid_float_1.3.6.1.4.1.14519.5.2.1.6279.6001.100530488926682752765845212286.npy,0.6201395812562313,0.3510741591453552,0.21968171000480652,0.95686274766922,109.15791320800781,16.43301773071289,1.3150430440902676,3.317410888671876,5.677670955657959,8.591906547546387,33,25,8,105.43370056152344,0.30054530766805015,high_review,495
detector_top5,1.3.6.1.4.1.14519.5.2.1.6279.6001.173106154739244262091404659845,outputs/luna16_saliency_synthetic_detector_top5/1.3.6.1.4.1.14519.5.2.1.6279.6001.173106154739244262091404659845/surface_1.3.6.1.4.1.14519.5.2.1.6279.6001.173106154739244262091404659845.png,outputs/luna16_saliency_synthetic_detector_top5/1.3.6.1.4.1.14519.5.2.1.6279.6001.173106154739244262091404659845/surface_grid_float_1.3.6.1.4.1.14519.5.2.1.6279.6001.173106154739244262091404659845.npy,0.4827758100485373,0.3251921832561493,0.24235929548740387,0.9176470637321472,131.71127319335938,25.08944320678711,1.3655313432216645,2.0436744427680975,2.6496827602386475,8.791582107543945,33,25,8,131.21319580078125,0.30036587106651735,high_review,496
detector_top5,1.3.6.1.4.1.14519.5.2.1.6279.6001.277445975068759205899107114231,outputs/luna16_saliency_synthetic_detector_top5/1.3.6.1.4.1.14519.5.2.1.6279.6001.277445975068759205899107114231/surface_1.3.6.1.4.1.14519.5.2.1.6279.6001.277445975068759205899107114231.png,outputs/luna16_saliency_synthetic_detector_top5/1.3.6.1.4.1.14519.5.2.1.6279.6001.277445975068759205899107114231/surface_grid_float_1.3.6.1.4.1.14519.5.2.1.6279.6001.277445975068759205899107114231.npy,0.5477113264283328,0.34973612427711487,0.22717127203941345,0.9686274528503418,112.89078521728516,24.359092712402344,1.3639912784099544,2.8988113021850572,5.471400737762451,11.325788497924805,33,25,8,106.9666519165039,0.30028406664530427,high_review,497
detector_top5,1.3.6.1.4.1.14519.5.2.1.6279.6001.293593766328917170359373773080,outputs/luna16_saliency_synthetic_detector_top5/1.3.6.1.4.1.14519.5.2.1.6279.6001.293593766328917170359373773080/surface_1.3.6.1.4.1.14519.5.2.1.6279.6001.293593766328917170359373773080.png,outputs/luna16_saliency_synthetic_detector_top5/1.3.6.1.4.1.14519.5.2.1.6279.6001.293593766328917170359373773080/surface_grid_float_1.3.6.1.4.1.14519.5.2.1.6279.6001.293593766328917170359373773080.npy,0.5160632402171773,0.3511446714401245,0.227877676486969,0.8588235378265381,128.24945068359375,26.32457160949707,1.3611016690731044,1.7793171620368948,1.913110613822937,14.890717506408691,33,25,8,127.62530517578125,0.30021908268133796,high_review,498
detector_top5,1.3.6.1.4.1.14519.5.2.1.6279.6001.436403998650924660479049012235,outputs/luna16_saliency_synthetic_detector_top5/1.3.6.1.4.1.14519.5.2.1.6279.6001.436403998650924660479049012235/surface_1.3.6.1.4.1.14519.5.2.1.6279.6001.436403998650924660479049012235.png,outputs/luna16_saliency_synthetic_detector_top5/1.3.6.1.4.1.14519.5.2.1.6279.6001.436403998650924660479049012235/surface_grid_float_1.3.6.1.4.1.14519.5.2.1.6279.6001.436403998650924660479049012235.npy,0.5200059276822763,0.34149110317230225,0.21375097334384918,0.9058823585510254,129.89065551757812,22.536710739135742,1.517117291688919,1.940365493297577,2.1337783336639404,11.445025444030762,33,25,8,129.62014770507812,0.30012878053718145,high_review,499
detector_top5,1.3.6.1.4.1.14519.5.2.1.6279.6001.143782059748737055784173697516,outputs/luna16_saliency_synthetic_detector_top5/1.3.6.1.4.1.14519.5.2.1.6279.6001.143782059748737055784173697516/surface_1.3.6.1.4.1.14519.5.2.1.6279.6001.143782059748737055784173697516.png,outputs/luna16_saliency_synthetic_detector_top5/1.3.6.1.4.1.14519.5.2.1.6279.6001.143782059748737055784173697516/surface_grid_float_1.3.6.1.4.1.14519.5.2.1.6279.6001.143782059748737055784173697516.npy,0.44665204678362574,0.3787959814071655,0.23530364036560059,1.0,133.03012084960938,28.177350997924805,1.4732124269008626,1.7624037909507748,1.9280781745910645,11.38754940032959,33,25,8,132.8282928466797,0.29989464714527125,moderate_review,500
detector_top5,1.3.6.1.4.1.14519.5.2.1.6279.6001.674809958213117379592437424616,outputs/luna16_saliency_synthetic_detector_top5/1.3.6.1.4.1.14519.5.2.1.6279.6001.674809958213117379592437424616/surface_1.3.6.1.4.1.14519.5.2.1.6279.6001.674809958213117379592437424616.png,outputs/luna16_saliency_synthetic_detector_top5/1.3.6.1.4.1.14519.5.2.1.6279.6001.674809958213117379592437424616/surface_grid_float_1.3.6.1.4.1.14519.5.2.1.6279.6001.674809958213117379592437424616.npy,0.5514364174059991,0.325893372297287,0.2139475792646408,0.8588235378265381,135.71170043945312,28.710369110107422,1.207856863737106,1.3666632711887359,1.5546386241912842,14.634106636047363,33,25,8,135.60264587402344,0.29970630250374475,moderate_review,501
detector_top5,1.3.6.1.4.1.14519.5.2.1.6279.6001.130036599816889919308975074972,outputs/luna16_saliency_synthetic_detector_top5/1.3.6.1.4.1.14519.5.2.1.6279.6001.130036599816889919308975074972/surface_1.3.6.1.4.1.14519.5.2.1.6279.6001.130036599816889919308975074972.png,outputs/luna16_saliency_synthetic_detector_top5/1.3.6.1.4.1.14519.5.2.1.6279.6001.130036599816889919308975074972/surface_grid_float_1.3.6.1.4.1.14519.5.2.1.6279.6001.130036599816889919308975074972.npy,0.6403980485641424,0.299201101064682,0.22245801985263824,0.8784313797950745,134.22186279296875,28.517803192138672,1.0505289614200592,1.2634954226017,1.347875714302063,16.962024688720703,33,25,8,134.03872680664062,0.299301355530156,moderate_review,502
detector_top5,1.3.6.1.4.1.14519.5.2.1.6279.6001.141345499716190654505508410197,outputs/luna16_saliency_synthetic_detector_top5/1.3.6.1.4.1.14519.5.2.1.6279.6001.141345499716190654505508410197/surface_1.3.6.1.4.1.14519.5.2.1.6279.6001.141345499716190654505508410197.png,outputs/luna16_saliency_synthetic_detector_top5/1.3.6.1.4.1.14519.5.2.1.6279.6001.141345499716190654505508410197/surface_grid_float_1.3.6.1.4.1.14519.5.2.1.6279.6001.141345499716190654505508410197.npy,0.6213121286142439,0.3273746967315674,0.2345827966928482,0.9647058844566345,129.79629516601562,28.619564056396484,1.3811548709869381,1.7692494916915886,2.0952515602111816,13.295332908630371,33,25,8,129.7178955078125,0.29894982760217453,moderate_review,503
detector_top5,1.3.6.1.4.1.14519.5.2.1.6279.6001.206028343897359374907954580114,outputs/luna16_saliency_synthetic_detector_top5/1.3.6.1.4.1.14519.5.2.1.6279.6001.206028343897359374907954580114/surface_1.3.6.1.4.1.14519.5.2.1.6279.6001.206028343897359374907954580114.png,outputs/luna16_saliency_synthetic_detector_top5/1.3.6.1.4.1.14519.5.2.1.6279.6001.206028343897359374907954580114/surface_grid_float_1.3.6.1.4.1.14519.5.2.1.6279.6001.206028343897359374907954580114.npy,0.12347679184668217,0.5122368931770325,0.25447988510131836,1.0,57.22267150878906,11.18121337890625,0.960408166050911,2.1873999118805023,4.985307216644287,3.822916269302368,33,25,8,40.008453369140625,0.2989303192555361,moderate_review,504
detector_top5,1.3.6.1.4.1.14519.5.2.1.6279.6001.799582546798528864710752164515,outputs/luna16_saliency_synthetic_detector_top5/1.3.6.1.4.1.14519.5.2.1.6279.6001.799582546798528864710752164515/surface_1.3.6.1.4.1.14519.5.2.1.6279.6001.799582546798528864710752164515.png,outputs/luna16_saliency_synthetic_detector_top5/1.3.6.1.4.1.14519.5.2.1.6279.6001.799582546798528864710752164515/surface_grid_float_1.3.6.1.4.1.14519.5.2.1.6279.6001.799582546798528864710752164515.npy,0.6359403138667352,0.31400030851364136,0.24173058569431305,1.0,121.55429077148438,16.842376708984375,1.6873238325119027,2.9367192792892483,4.446497440338135,3.6957857608795166,33,25,8,118.72718811035156,0.298904920244217,moderate_review,505
detector_top5,1.3.6.1.4.1.14519.5.2.1.6279.6001.176638348958425792989125209419,outputs/luna16_saliency_synthetic_detector_top5/1.3.6.1.4.1.14519.5.2.1.6279.6001.176638348958425792989125209419/surface_1.3.6.1.4.1.14519.5.2.1.6279.6001.176638348958425792989125209419.png,outputs/luna16_saliency_synthetic_detector_top5/1.3.6.1.4.1.14519.5.2.1.6279.6001.176638348958425792989125209419/surface_grid_float_1.3.6.1.4.1.14519.5.2.1.6279.6001.176638348958425792989125209419.npy,0.6286137756461497,0.3281955122947693,0.23474246263504028,0.9960784316062927,131.0004119873047,26.899721145629883,1.6283840715885158,2.018992443084711,11.854670524597168,8.964987754821777,33,25,8,123.72247314453125,0.29882598828209755,moderate_review,506
detector_top5,1.3.6.1.4.1.14519.5.2.1.6279.6001.197063290812663596858124411210,outputs/luna16_saliency_synthetic_detector_top5/1.3.6.1.4.1.14519.5.2.1.6279.6001.197063290812663596858124411210/surface_1.3.6.1.4.1.14519.5.2.1.6279.6001.197063290812663596858124411210.png,outputs/luna16_saliency_synthetic_detector_top5/1.3.6.1.4.1.14519.5.2.1.6279.6001.197063290812663596858124411210/surface_grid_float_1.3.6.1.4.1.14519.5.2.1.6279.6001.197063290812663596858124411210.npy,0.5766308243727598,0.33057859539985657,0.23034076392650604,0.9098039269447327,133.5069122314453,33.52659225463867,1.2999627768993378,1.5593718695640557,3.115084409713745,13.244729042053223,33,25,8,133.23458862304688,0.29872540767722655,moderate_review,507
detector_top5,1.3.6.1.4.1.14519.5.2.1.6279.6001.116097642684124305074876564522,outputs/luna16_saliency_synthetic_detector_top5/1.3.6.1.4.1.14519.5.2.1.6279.6001.116097642684124305074876564522/surface_1.3.6.1.4.1.14519.5.2.1.6279.6001.116097642684124305074876564522.png,outputs/luna16_saliency_synthetic_detector_top5/1.3.6.1.4.1.14519.5.2.1.6279.6001.116097642684124305074876564522/surface_grid_float_1.3.6.1.4.1.14519.5.2.1.6279.6001.116097642684124305074876564522.npy,0.6053673771653036,0.3559342622756958,0.23288175463676453,1.0,111.87422180175781,20.8255558013916,1.3260254859924316,3.0400780081748957,4.930738925933838,9.303460121154785,33,25,8,107.78096771240234,0.2983337324062983,moderate_review,508
detector_top5,1.3.6.1.4.1.14519.5.2.1.6279.6001.100684836163890911914061745866,outputs/luna16_saliency_synthetic_detector_top5/1.3.6.1.4.1.14519.5.2.1.6279.6001.100684836163890911914061745866/surface_1.3.6.1.4.1.14519.5.2.1.6279.6001.100684836163890911914061745866.png,outputs/luna16_saliency_synthetic_detector_top5/1.3.6.1.4.1.14519.5.2.1.6279.6001.100684836163890911914061745866/surface_grid_float_1.3.6.1.4.1.14519.5.2.1.6279.6001.100684836163890911914061745866.npy,0.6190291262135922,0.33222898840904236,0.23619893193244934,0.9215686321258545,119.89924621582031,25.50694465637207,1.795498448610304,2.442636606693271,2.700169563293457,11.23784065246582,33,25,8,119.45435333251953,0.2980841544548671,moderate_review,509
detector_top5,1.3.6.1.4.1.14519.5.2.1.6279.6001.104562737760173137525888934217,outputs/luna16_saliency_synthetic_detector_top5/1.3.6.1.4.1.14519.5.2.1.6279.6001.104562737760173137525888934217/surface_1.3.6.1.4.1.14519.5.2.1.6279.6001.104562737760173137525888934217.png,outputs/luna16_saliency_synthetic_detector_top5/1.3.6.1.4.1.14519.5.2.1.6279.6001.104562737760173137525888934217/surface_grid_float_1.3.6.1.4.1.14519.5.2.1.6279.6001.104562737760173137525888934217.npy,0.5340467466133688,0.39198413491249084,0.21800509095191956,0.9803921580314636,119.96644592285156,24.036165237426758,1.2738992810249312,2.579952890872949,19.768539428710938,9.240216255187988,33,25,8,46.92247009277344,0.2978764771646921,moderate_review,510
detector_top5,1.3.6.1.4.1.14519.5.2.1.6279.6001.663019255629770796363333877035,outputs/luna16_saliency_synthetic_detector_top5/1.3.6.1.4.1.14519.5.2.1.6279.6001.663019255629770796363333877035/surface_1.3.6.1.4.1.14519.5.2.1.6279.6001.663019255629770796363333877035.png,outputs/luna16_saliency_synthetic_detector_top5/1.3.6.1.4.1.14519.5.2.1.6279.6001.663019255629770796363333877035/surface_grid_float_1.3.6.1.4.1.14519.5.2.1.6279.6001.663019255629770796363333877035.npy,0.5829327936588246,0.3865305185317993,0.2507506310939789,1.0,129.63214111328125,24.7690486907959,1.5435051620006561,1.7871887326240556,2.7001078128814697,12.582340240478516,33,25,8,129.36251831054688,0.2976299865908093,moderate_review,511
detector_top5,1.3.6.1.4.1.14519.5.2.1.6279.6001.323408652979949774528873200770,outputs/luna16_saliency_synthetic_detector_top5/1.3.6.1.4.1.14519.5.2.1.6279.6001.323408652979949774528873200770/surface_1.3.6.1.4.1.14519.5.2.1.6279.6001.323408652979949774528873200770.png,outputs/luna16_saliency_synthetic_detector_top5/1.3.6.1.4.1.14519.5.2.1.6279.6001.323408652979949774528873200770/surface_grid_float_1.3.6.1.4.1.14519.5.2.1.6279.6001.323408652979949774528873200770.npy,0.56588509529686,0.37333449721336365,0.26036909222602844,1.0,112.46186828613281,22.9507999420166,1.5999524652957915,2.867928743362426,4.552379131317139,10.65627670288086,33,25,8,110.36846923828125,0.29715492433971824,moderate_review,512
detector_top5,1.3.6.1.4.1.14519.5.2.1.6279.6001.208737629504245244513001631764,outputs/luna16_saliency_synthetic_detector_top5/1.3.6.1.4.1.14519.5.2.1.6279.6001.208737629504245244513001631764/surface_1.3.6.1.4.1.14519.5.2.1.6279.6001.208737629504245244513001631764.png,outputs/luna16_saliency_synthetic_detector_top5/1.3.6.1.4.1.14519.5.2.1.6279.6001.208737629504245244513001631764/surface_grid_float_1.3.6.1.4.1.14519.5.2.1.6279.6001.208737629504245244513001631764.npy,0.44025857580841093,0.41149768233299255,0.21813899278640747,0.9686274528503418,121.03340911865234,22.198890686035156,1.320292168855667,2.299881219863891,3.4209208488464355,11.802268981933594,33,25,8,120.63258361816406,0.2969460495313009,moderate_review,513
detector_top5,1.3.6.1.4.1.14519.5.2.1.6279.6001.306788423710427765311352901943,outputs/luna16_saliency_synthetic_detector_top5/1.3.6.1.4.1.14519.5.2.1.6279.6001.306788423710427765311352901943/surface_1.3.6.1.4.1.14519.5.2.1.6279.6001.306788423710427765311352901943.png,outputs/luna16_saliency_synthetic_detector_top5/1.3.6.1.4.1.14519.5.2.1.6279.6001.306788423710427765311352901943/surface_grid_float_1.3.6.1.4.1.14519.5.2.1.6279.6001.306788423710427765311352901943.npy,0.5598286689835985,0.3390650749206543,0.21968495845794678,0.869568635225288,108.0819091796875,20.149852752685547,1.58146156668663,3.1458292555809044,10.804946899414062,10.068531036376953,33,25,8,101.17534637451172,0.2968859063810773,moderate_review,514
detector_top5,1.3.6.1.4.1.14519.5.2.1.6279.6001.168833925301530155818375859047,outputs/luna16_saliency_synthetic_detector_top5/1.3.6.1.4.1.14519.5.2.1.6279.6001.168833925301530155818375859047/surface_1.3.6.1.4.1.14519.5.2.1.6279.6001.168833925301530155818375859047.png,outputs/luna16_saliency_synthetic_detector_top5/1.3.6.1.4.1.14519.5.2.1.6279.6001.168833925301530155818375859047/surface_grid_float_1.3.6.1.4.1.14519.5.2.1.6279.6001.168833925301530155818375859047.npy,0.11589331384727804,0.49466943740844727,0.2368788868188858,0.9921568632125854,54.864471435546875,10.153059959411621,0.7783271282911305,1.9077888262271987,15.575517654418945,6.297847747802734,33,25,8,22.050537109375,0.2964449169601937,moderate_review,515
detector_top5,1.3.6.1.4.1.14519.5.2.1.6279.6001.156016499715048493339281864474,outputs/luna16_saliency_synthetic_detector_top5/1.3.6.1.4.1.14519.5.2.1.6279.6001.156016499715048493339281864474/surface_1.3.6.1.4.1.14519.5.2.1.6279.6001.156016499715048493339281864474.png,outputs/luna16_saliency_synthetic_detector_top5/1.3.6.1.4.1.14519.5.2.1.6279.6001.156016499715048493339281864474/surface_grid_float_1.3.6.1.4.1.14519.5.2.1.6279.6001.156016499715048493339281864474.npy,0.5237134069314,0.3087208569049835,0.2391795516014099,0.8627451062202454,131.00486755371094,30.796220779418945,1.3347089946269972,1.582110707759857,1.8034672737121582,13.260209083557129,33,25,8,130.8789825439453,0.2952718984524409,moderate_review,516
detector_top5,1.3.6.1.4.1.14519.5.2.1.6279.6001.797637294244261543517154417124,outputs/luna16_saliency_synthetic_detector_top5/1.3.6.1.4.1.14519.5.2.1.6279.6001.797637294244261543517154417124/surface_1.3.6.1.4.1.14519.5.2.1.6279.6001.797637294244261543517154417124.png,outputs/luna16_saliency_synthetic_detector_top5/1.3.6.1.4.1.14519.5.2.1.6279.6001.797637294244261543517154417124/surface_grid_float_1.3.6.1.4.1.14519.5.2.1.6279.6001.797637294244261543517154417124.npy,0.5672786464447261,0.3838273882865906,0.24217675626277924,1.0,122.87849426269531,29.07568359375,1.4015357494354248,1.6890371322631834,2.1081950664520264,17.88405418395996,33,25,8,122.64566802978516,0.2952109470367431,moderate_review,517
detector_top5,1.3.6.1.4.1.14519.5.2.1.6279.6001.397062004302272014259317520874,outputs/luna16_saliency_synthetic_detector_top5/1.3.6.1.4.1.14519.5.2.1.6279.6001.397062004302272014259317520874/surface_1.3.6.1.4.1.14519.5.2.1.6279.6001.397062004302272014259317520874.png,outputs/luna16_saliency_synthetic_detector_top5/1.3.6.1.4.1.14519.5.2.1.6279.6001.397062004302272014259317520874/surface_grid_float_1.3.6.1.4.1.14519.5.2.1.6279.6001.397062004302272014259317520874.npy,0.6433136447483649,0.38681676983833313,0.24973812699317932,1.0,104.61360931396484,24.041778564453125,1.4293386220932,3.217541284561155,8.381750106811523,10.86899185180664,33,25,8,102.65345764160156,0.2950355692863464,moderate_review,518
detector_top5,1.3.6.1.4.1.14519.5.2.1.6279.6001.252358625003143649770119512644,outputs/luna16_saliency_synthetic_detector_top5/1.3.6.1.4.1.14519.5.2.1.6279.6001.252358625003143649770119512644/surface_1.3.6.1.4.1.14519.5.2.1.6279.6001.252358625003143649770119512644.png,outputs/luna16_saliency_synthetic_detector_top5/1.3.6.1.4.1.14519.5.2.1.6279.6001.252358625003143649770119512644/surface_grid_float_1.3.6.1.4.1.14519.5.2.1.6279.6001.252358625003143649770119512644.npy,0.6468091511137869,0.3161170780658722,0.23163555562496185,0.9960784316062927,131.70428466796875,30.89160919189453,1.1231592416763305,1.1923703694343568,1.220090389251709,17.87919807434082,33,25,8,131.63601684570312,0.2950098034726249,moderate_review,519
detector_top5,1.3.6.1.4.1.14519.5.2.1.6279.6001.340158437895922179455019686521,outputs/luna16_saliency_synthetic_detector_top5/1.3.6.1.4.1.14519.5.2.1.6279.6001.340158437895922179455019686521/surface_1.3.6.1.4.1.14519.5.2.1.6279.6001.340158437895922179455019686521.png,outputs/luna16_saliency_synthetic_detector_top5/1.3.6.1.4.1.14519.5.2.1.6279.6001.340158437895922179455019686521/surface_grid_float_1.3.6.1.4.1.14519.5.2.1.6279.6001.340158437895922179455019686521.npy,0.636778025534266,0.3288346529006958,0.2405257672071457,0.9502352970838598,123.29751586914062,22.768451690673828,1.4484229087829585,1.6907968091964722,6.356647968292236,17.27666473388672,33,25,8,122.26437377929688,0.2946123523553213,moderate_review,520
detector_top5,1.3.6.1.4.1.14519.5.2.1.6279.6001.438308540025607517017949816111,outputs/luna16_saliency_synthetic_detector_top5/1.3.6.1.4.1.14519.5.2.1.6279.6001.438308540025607517017949816111/surface_1.3.6.1.4.1.14519.5.2.1.6279.6001.438308540025607517017949816111.png,outputs/luna16_saliency_synthetic_detector_top5/1.3.6.1.4.1.14519.5.2.1.6279.6001.438308540025607517017949816111/surface_grid_float_1.3.6.1.4.1.14519.5.2.1.6279.6001.438308540025607517017949816111.npy,0.5590850142966516,0.340864360332489,0.21804781258106232,0.8666666746139526,123.6537857055664,26.29845428466797,1.246803641319275,1.775644302368164,4.606143474578857,15.860408782958984,33,25,8,123.42897033691406,0.2946043247646756,moderate_review,521
detector_top5,1.3.6.1.4.1.14519.5.2.1.6279.6001.832260670372728970918746541371,outputs/luna16_saliency_synthetic_detector_top5/1.3.6.1.4.1.14519.5.2.1.6279.6001.832260670372728970918746541371/surface_1.3.6.1.4.1.14519.5.2.1.6279.6001.832260670372728970918746541371.png,outputs/luna16_saliency_synthetic_detector_top5/1.3.6.1.4.1.14519.5.2.1.6279.6001.832260670372728970918746541371/surface_grid_float_1.3.6.1.4.1.14519.5.2.1.6279.6001.832260670372728970918746541371.npy,0.6252291055718475,0.298082560300827,0.22630874812602997,0.9647058844566345,134.18368530273438,28.555049896240234,1.2502677142620087,1.5310285806655886,1.625014066696167,11.006860733032227,33,25,8,134.04779052734375,0.29403002344237433,moderate_review,522
detector_top5,1.3.6.1.4.1.14519.5.2.1.6279.6001.466284753932369813717081722101,outputs/luna16_saliency_synthetic_detector_top5/1.3.6.1.4.1.14519.5.2.1.6279.6001.466284753932369813717081722101/surface_1.3.6.1.4.1.14519.5.2.1.6279.6001.466284753932369813717081722101.png,outputs/luna16_saliency_synthetic_detector_top5/1.3.6.1.4.1.14519.5.2.1.6279.6001.466284753932369813717081722101/surface_grid_float_1.3.6.1.4.1.14519.5.2.1.6279.6001.466284753932369813717081722101.npy,0.5949812030075188,0.373328298330307,0.24951456487178802,1.0,97.09994506835938,16.6478328704834,1.6315373480319966,3.52190937995911,5.543991565704346,11.927563667297363,33,25,8,95.99017333984375,0.29399622021781086,moderate_review,523
detector_top5,1.3.6.1.4.1.14519.5.2.1.6279.6001.205852555362702089950453265567,outputs/luna16_saliency_synthetic_detector_top5/1.3.6.1.4.1.14519.5.2.1.6279.6001.205852555362702089950453265567/surface_1.3.6.1.4.1.14519.5.2.1.6279.6001.205852555362702089950453265567.png,outputs/luna16_saliency_synthetic_detector_top5/1.3.6.1.4.1.14519.5.2.1.6279.6001.205852555362702089950453265567/surface_grid_float_1.3.6.1.4.1.14519.5.2.1.6279.6001.205852555362702089950453265567.npy,0.6652337858220211,0.33837124705314636,0.24175837635993958,1.0,113.360107421875,30.803712844848633,1.9541132152080511,2.4985172033309935,2.8481850624084473,13.427221298217773,33,25,8,109.9751205444336,0.29372729802131653,moderate_review,524
detector_top5,1.3.6.1.4.1.14519.5.2.1.6279.6001.272961322147784625028175033640,outputs/luna16_saliency_synthetic_detector_top5/1.3.6.1.4.1.14519.5.2.1.6279.6001.272961322147784625028175033640/surface_1.3.6.1.4.1.14519.5.2.1.6279.6001.272961322147784625028175033640.png,outputs/luna16_saliency_synthetic_detector_top5/1.3.6.1.4.1.14519.5.2.1.6279.6001.272961322147784625028175033640/surface_grid_float_1.3.6.1.4.1.14519.5.2.1.6279.6001.272961322147784625028175033640.npy,0.4859134522506279,0.38029810786247253,0.21072430908679962,0.8745098114013672,132.337890625,29.450366973876953,1.3105672895908356,1.5502005100250242,1.617336630821228,11.87964153289795,33,25,8,132.13487243652344,0.29346836974885726,moderate_review,525
detector_top5,1.3.6.1.4.1.14519.5.2.1.6279.6001.669518152156802508672627785405,outputs/luna16_saliency_synthetic_detector_top5/1.3.6.1.4.1.14519.5.2.1.6279.6001.669518152156802508672627785405/surface_1.3.6.1.4.1.14519.5.2.1.6279.6001.669518152156802508672627785405.png,outputs/luna16_saliency_synthetic_detector_top5/1.3.6.1.4.1.14519.5.2.1.6279.6001.669518152156802508672627785405/surface_grid_float_1.3.6.1.4.1.14519.5.2.1.6279.6001.669518152156802508672627785405.npy,0.5277815422143922,0.33191153407096863,0.22386851906776428,0.9019607901573181,122.04493713378906,23.858713150024414,1.1430111646652221,1.674904434680939,2.0281803607940674,17.83077049255371,33,25,8,121.80789184570312,0.2932792960246404,moderate_review,526
detector_top5,1.3.6.1.4.1.14519.5.2.1.6279.6001.198016798894102791158686961192,outputs/luna16_saliency_synthetic_detector_top5/1.3.6.1.4.1.14519.5.2.1.6279.6001.198016798894102791158686961192/surface_1.3.6.1.4.1.14519.5.2.1.6279.6001.198016798894102791158686961192.png,outputs/luna16_saliency_synthetic_detector_top5/1.3.6.1.4.1.14519.5.2.1.6279.6001.198016798894102791158686961192/surface_grid_float_1.3.6.1.4.1.14519.5.2.1.6279.6001.198016798894102791158686961192.npy,0.222266736108329,0.34435516595840454,0.2505759596824646,0.9394901996850956,74.01736450195312,16.203706741333008,0.9945267200469965,2.3918782806396472,19.561140060424805,11.029403686523438,33,25,8,26.038177490234375,0.2926188450686897,moderate_review,527
detector_top5,1.3.6.1.4.1.14519.5.2.1.6279.6001.168985655485163461062675655739,outputs/luna16_saliency_synthetic_detector_top5/1.3.6.1.4.1.14519.5.2.1.6279.6001.168985655485163461062675655739/surface_1.3.6.1.4.1.14519.5.2.1.6279.6001.168985655485163461062675655739.png,outputs/luna16_saliency_synthetic_detector_top5/1.3.6.1.4.1.14519.5.2.1.6279.6001.168985655485163461062675655739/surface_grid_float_1.3.6.1.4.1.14519.5.2.1.6279.6001.168985655485163461062675655739.npy,0.5424251145166319,0.3637809753417969,0.22573356330394745,0.8705882430076599,101.21336364746094,22.830446243286133,1.46991810798645,3.346128432750701,5.873898506164551,10.515887260437012,33,25,8,96.56826782226562,0.2924414307514826,moderate_review,528
detector_top5,1.3.6.1.4.1.14519.5.2.1.6279.6001.752756872840730509471096155114,outputs/luna16_saliency_synthetic_detector_top5/1.3.6.1.4.1.14519.5.2.1.6279.6001.752756872840730509471096155114/surface_1.3.6.1.4.1.14519.5.2.1.6279.6001.752756872840730509471096155114.png,outputs/luna16_saliency_synthetic_detector_top5/1.3.6.1.4.1.14519.5.2.1.6279.6001.752756872840730509471096155114/surface_grid_float_1.3.6.1.4.1.14519.5.2.1.6279.6001.752756872840730509471096155114.npy,0.5092429001439602,0.378519743680954,0.23087862133979797,0.8980392217636108,107.2021255493164,26.31528091430664,1.247006094455717,3.055696427822065,15.133798599243164,9.91032886505127,33,25,8,84.40501403808594,0.2923640551169699,moderate_review,529
detector_top5,1.3.6.1.4.1.14519.5.2.1.6279.6001.225515255547637437801620523312,outputs/luna16_saliency_synthetic_detector_top5/1.3.6.1.4.1.14519.5.2.1.6279.6001.225515255547637437801620523312/surface_1.3.6.1.4.1.14519.5.2.1.6279.6001.225515255547637437801620523312.png,outputs/luna16_saliency_synthetic_detector_top5/1.3.6.1.4.1.14519.5.2.1.6279.6001.225515255547637437801620523312/surface_grid_float_1.3.6.1.4.1.14519.5.2.1.6279.6001.225515255547637437801620523312.npy,0.15314471950627556,0.45916980504989624,0.2494637370109558,0.9790980404615405,54.7044677734375,8.701268196105957,1.0401146233081817,2.516409149169921,5.2227044105529785,5.899880409240723,33,25,8,34.98236083984375,0.2922659644953947,moderate_review,530
detector_top5,1.3.6.1.4.1.14519.5.2.1.6279.6001.306520140119968755187868602181,outputs/luna16_saliency_synthetic_detector_top5/1.3.6.1.4.1.14519.5.2.1.6279.6001.306520140119968755187868602181/surface_1.3.6.1.4.1.14519.5.2.1.6279.6001.306520140119968755187868602181.png,outputs/luna16_saliency_synthetic_detector_top5/1.3.6.1.4.1.14519.5.2.1.6279.6001.306520140119968755187868602181/surface_grid_float_1.3.6.1.4.1.14519.5.2.1.6279.6001.306520140119968755187868602181.npy,0.4438953488372093,0.3544635772705078,0.23025785386562347,0.9764705896377563,123.41706848144531,28.810270309448242,1.2388661563396453,1.391722754240036,9.610819816589355,19.973731994628906,33,25,8,122.34521484375,0.2918328678621186,moderate_review,531
detector_top5,1.3.6.1.4.1.14519.5.2.1.6279.6001.238522526736091851696274044574,outputs/luna16_saliency_synthetic_detector_top5/1.3.6.1.4.1.14519.5.2.1.6279.6001.238522526736091851696274044574/surface_1.3.6.1.4.1.14519.5.2.1.6279.6001.238522526736091851696274044574.png,outputs/luna16_saliency_synthetic_detector_top5/1.3.6.1.4.1.14519.5.2.1.6279.6001.238522526736091851696274044574/surface_grid_float_1.3.6.1.4.1.14519.5.2.1.6279.6001.238522526736091851696274044574.npy,0.5774034481517475,0.33427000045776367,0.2365243136882782,0.9019607901573181,115.43348693847656,20.045379638671875,1.6980043053627014,2.766742813587188,4.7698445320129395,7.246809005737305,33,25,8,114.27191162109375,0.29149544931782617,moderate_review,532
detector_top5,1.3.6.1.4.1.14519.5.2.1.6279.6001.248425363469507808613979846863,outputs/luna16_saliency_synthetic_detector_top5/1.3.6.1.4.1.14519.5.2.1.6279.6001.248425363469507808613979846863/surface_1.3.6.1.4.1.14519.5.2.1.6279.6001.248425363469507808613979846863.png,outputs/luna16_saliency_synthetic_detector_top5/1.3.6.1.4.1.14519.5.2.1.6279.6001.248425363469507808613979846863/surface_grid_float_1.3.6.1.4.1.14519.5.2.1.6279.6001.248425363469507808613979846863.npy,0.6003438723851371,0.3301410973072052,0.22806969285011292,0.95686274766922,112.68305969238281,17.63901138305664,1.5111668348312377,2.5650032639503495,3.4847118854522705,11.889046669006348,33,25,8,109.9007339477539,0.29117530111471823,moderate_review,533
detector_top5,1.3.6.1.4.1.14519.5.2.1.6279.6001.792381786708289670758399079830,outputs/luna16_saliency_synthetic_detector_top5/1.3.6.1.4.1.14519.5.2.1.6279.6001.792381786708289670758399079830/surface_1.3.6.1.4.1.14519.5.2.1.6279.6001.792381786708289670758399079830.png,outputs/luna16_saliency_synthetic_detector_top5/1.3.6.1.4.1.14519.5.2.1.6279.6001.792381786708289670758399079830/surface_grid_float_1.3.6.1.4.1.14519.5.2.1.6279.6001.792381786708289670758399079830.npy,0.10885167464114832,0.5297542214393616,0.25592315196990967,1.0,52.528350830078125,9.004223823547363,0.9221932202577588,1.804640361070633,5.657197952270508,4.903741836547852,33,25,8,39.023040771484375,0.29038270935900096,moderate_review,534
detector_top5,1.3.6.1.4.1.14519.5.2.1.6279.6001.259543921154154401875872845498,outputs/luna16_saliency_synthetic_detector_top5/1.3.6.1.4.1.14519.5.2.1.6279.6001.259543921154154401875872845498/surface_1.3.6.1.4.1.14519.5.2.1.6279.6001.259543921154154401875872845498.png,outputs/luna16_saliency_synthetic_detector_top5/1.3.6.1.4.1.14519.5.2.1.6279.6001.259543921154154401875872845498/surface_grid_float_1.3.6.1.4.1.14519.5.2.1.6279.6001.259543921154154401875872845498.npy,0.5463821892393321,0.3444838225841522,0.2262878715991974,1.0,121.55256652832031,25.745752334594727,1.195915013551712,1.6713451623916622,1.9296009540557861,16.598453521728516,33,25,8,121.37654113769531,0.28961341802279156,moderate_review,535
detector_top5,1.3.6.1.4.1.14519.5.2.1.6279.6001.329624439086643515259182406526,outputs/luna16_saliency_synthetic_detector_top5/1.3.6.1.4.1.14519.5.2.1.6279.6001.329624439086643515259182406526/surface_1.3.6.1.4.1.14519.5.2.1.6279.6001.329624439086643515259182406526.png,outputs/luna16_saliency_synthetic_detector_top5/1.3.6.1.4.1.14519.5.2.1.6279.6001.329624439086643515259182406526/surface_grid_float_1.3.6.1.4.1.14519.5.2.1.6279.6001.329624439086643515259182406526.npy,0.5444687325875445,0.42072954773902893,0.2072022557258606,0.9764705896377563,116.3191909790039,28.304325103759766,1.750449538230896,2.482534217834479,25.704139709472656,9.326400756835938,33,25,8,78.41433715820312,0.2890666798485652,moderate_review,536
detector_top5,1.3.6.1.4.1.14519.5.2.1.6279.6001.272123398257168239653655006815,outputs/luna16_saliency_synthetic_detector_top5/1.3.6.1.4.1.14519.5.2.1.6279.6001.272123398257168239653655006815/surface_1.3.6.1.4.1.14519.5.2.1.6279.6001.272123398257168239653655006815.png,outputs/luna16_saliency_synthetic_detector_top5/1.3.6.1.4.1.14519.5.2.1.6279.6001.272123398257168239653655006815/surface_grid_float_1.3.6.1.4.1.14519.5.2.1.6279.6001.272123398257168239653655006815.npy,0.3829937747594793,0.3279210925102234,0.21701686084270477,0.8705882430076599,115.62303161621094,25.367582321166992,1.3014612197875977,2.080976271629339,3.8041961193084717,14.336265563964844,33,25,8,111.731201171875,0.28699270876248695,moderate_review,537
detector_top5,1.3.6.1.4.1.14519.5.2.1.6279.6001.323859712968543712594665815359,outputs/luna16_saliency_synthetic_detector_top5/1.3.6.1.4.1.14519.5.2.1.6279.6001.323859712968543712594665815359/surface_1.3.6.1.4.1.14519.5.2.1.6279.6001.323859712968543712594665815359.png,outputs/luna16_saliency_synthetic_detector_top5/1.3.6.1.4.1.14519.5.2.1.6279.6001.323859712968543712594665815359/surface_grid_float_1.3.6.1.4.1.14519.5.2.1.6279.6001.323859712968543712594665815359.npy,0.5873125379851837,0.3227403461933136,0.2501052916049957,0.9882352948188782,107.00267028808594,23.241724014282227,1.3786268115043636,3.0804717731475844,5.1351637840271,7.232583045959473,33,25,8,103.29302978515625,0.2868243437767029,moderate_review,538
detector_top5,1.3.6.1.4.1.14519.5.2.1.6279.6001.147250707071097813243473865421,outputs/luna16_saliency_synthetic_detector_top5/1.3.6.1.4.1.14519.5.2.1.6279.6001.147250707071097813243473865421/surface_1.3.6.1.4.1.14519.5.2.1.6279.6001.147250707071097813243473865421.png,outputs/luna16_saliency_synthetic_detector_top5/1.3.6.1.4.1.14519.5.2.1.6279.6001.147250707071097813243473865421/surface_grid_float_1.3.6.1.4.1.14519.5.2.1.6279.6001.147250707071097813243473865421.npy,0.5533171912832929,0.35230228304862976,0.22476661205291748,0.9098039269447327,123.98614501953125,30.026031494140625,1.1223972856998439,1.7349181151390083,2.6936440467834473,12.57429027557373,33,25,8,123.42434692382812,0.28663398576577503,moderate_review,539
detector_top5,1.3.6.1.4.1.14519.5.2.1.6279.6001.144943344795414353192059796098,outputs/luna16_saliency_synthetic_detector_top5/1.3.6.1.4.1.14519.5.2.1.6279.6001.144943344795414353192059796098/surface_1.3.6.1.4.1.14519.5.2.1.6279.6001.144943344795414353192059796098.png,outputs/luna16_saliency_synthetic_detector_top5/1.3.6.1.4.1.14519.5.2.1.6279.6001.144943344795414353192059796098/surface_grid_float_1.3.6.1.4.1.14519.5.2.1.6279.6001.144943344795414353192059796098.npy,0.5484322678843226,0.35055169463157654,0.24032606184482574,1.0,120.00817108154297,22.8343505859375,1.3918994247913357,2.1763869690895086,2.7574222087860107,9.189655303955078,33,25,8,119.67701721191406,0.2857266837729348,moderate_review,540
detector_top5,1.3.6.1.4.1.14519.5.2.1.6279.6001.979083010707182900091062408058,outputs/luna16_saliency_synthetic_detector_top5/1.3.6.1.4.1.14519.5.2.1.6279.6001.979083010707182900091062408058/surface_1.3.6.1.4.1.14519.5.2.1.6279.6001.979083010707182900091062408058.png,outputs/luna16_saliency_synthetic_detector_top5/1.3.6.1.4.1.14519.5.2.1.6279.6001.979083010707182900091062408058/surface_grid_float_1.3.6.1.4.1.14519.5.2.1.6279.6001.979083010707182900091062408058.npy,0.6192105681999045,0.3432871103286743,0.2148229032754898,0.8627451062202454,117.58148956298828,22.10814666748047,1.3690394222736342,1.936088192462921,2.0898218154907227,14.153678894042969,33,25,8,117.30377197265625,0.2855044148100747,moderate_review,541
detector_top5,1.3.6.1.4.1.14519.5.2.1.6279.6001.237215747217294006286437405216,outputs/luna16_saliency_synthetic_detector_top5/1.3.6.1.4.1.14519.5.2.1.6279.6001.237215747217294006286437405216/surface_1.3.6.1.4.1.14519.5.2.1.6279.6001.237215747217294006286437405216.png,outputs/luna16_saliency_synthetic_detector_top5/1.3.6.1.4.1.14519.5.2.1.6279.6001.237215747217294006286437405216/surface_grid_float_1.3.6.1.4.1.14519.5.2.1.6279.6001.237215747217294006286437405216.npy,0.4789102564102564,0.35639673471450806,0.23419885337352753,1.0,130.8598175048828,25.688623428344727,1.3597232520580302,1.5592830896377559,4.542662620544434,9.235773086547852,33,25,8,130.6085205078125,0.2854021287229326,moderate_review,542
detector_top5,1.3.6.1.4.1.14519.5.2.1.6279.6001.566816709786169715745131047975,outputs/luna16_saliency_synthetic_detector_top5/1.3.6.1.4.1.14519.5.2.1.6279.6001.566816709786169715745131047975/surface_1.3.6.1.4.1.14519.5.2.1.6279.6001.566816709786169715745131047975.png,outputs/luna16_saliency_synthetic_detector_top5/1.3.6.1.4.1.14519.5.2.1.6279.6001.566816709786169715745131047975/surface_grid_float_1.3.6.1.4.1.14519.5.2.1.6279.6001.566816709786169715745131047975.npy,0.4996273106738223,0.3747859001159668,0.25010383129119873,1.0,122.93057250976562,23.381574630737305,1.636466997861862,2.0756698179245006,6.678523540496826,8.1724214553833,33,25,8,122.50296783447266,0.2853153186215295,moderate_review,543
detector_top5,1.3.6.1.4.1.14519.5.2.1.6279.6001.671278273674156798801285503514,outputs/luna16_saliency_synthetic_detector_top5/1.3.6.1.4.1.14519.5.2.1.6279.6001.671278273674156798801285503514/surface_1.3.6.1.4.1.14519.5.2.1.6279.6001.671278273674156798801285503514.png,outputs/luna16_saliency_synthetic_detector_top5/1.3.6.1.4.1.14519.5.2.1.6279.6001.671278273674156798801285503514/surface_grid_float_1.3.6.1.4.1.14519.5.2.1.6279.6001.671278273674156798801285503514.npy,0.1497967479674797,0.4109080135822296,0.26631295680999756,1.0,50.136932373046875,11.964553833007812,0.8436802953481675,2.1234576439857484,6.508828163146973,10.610464096069336,33,25,8,34.12579345703125,0.2852459506813242,moderate_review,544
detector_top5,1.3.6.1.4.1.14519.5.2.1.6279.6001.141149610914910880857802344415,outputs/luna16_saliency_synthetic_detector_top5/1.3.6.1.4.1.14519.5.2.1.6279.6001.141149610914910880857802344415/surface_1.3.6.1.4.1.14519.5.2.1.6279.6001.141149610914910880857802344415.png,outputs/luna16_saliency_synthetic_detector_top5/1.3.6.1.4.1.14519.5.2.1.6279.6001.141149610914910880857802344415/surface_grid_float_1.3.6.1.4.1.14519.5.2.1.6279.6001.141149610914910880857802344415.npy,0.6350735643094447,0.3360261619091034,0.2578994035720825,1.0,108.46198272705078,22.099817276000977,1.459357315301895,2.9452528476715027,8.0096435546875,7.001194000244141,33,25,8,106.0546646118164,0.2846857655313278,moderate_review,545
detector_top5,1.3.6.1.4.1.14519.5.2.1.6279.6001.177086402277715068525592995222,outputs/luna16_saliency_synthetic_detector_top5/1.3.6.1.4.1.14519.5.2.1.6279.6001.177086402277715068525592995222/surface_1.3.6.1.4.1.14519.5.2.1.6279.6001.177086402277715068525592995222.png,outputs/luna16_saliency_synthetic_detector_top5/1.3.6.1.4.1.14519.5.2.1.6279.6001.177086402277715068525592995222/surface_grid_float_1.3.6.1.4.1.14519.5.2.1.6279.6001.177086402277715068525592995222.npy,0.28742137538901946,0.3424704074859619,0.22659803926944733,0.9960784316062927,100.90121459960938,23.194042205810547,1.0785142660140992,1.7909716987609832,4.757619380950928,11.805974960327148,33,25,8,99.3924560546875,0.28389255593743395,moderate_review,546
detector_top5,1.3.6.1.4.1.14519.5.2.1.6279.6001.307835307280028057486413359377,outputs/luna16_saliency_synthetic_detector_top5/1.3.6.1.4.1.14519.5.2.1.6279.6001.307835307280028057486413359377/surface_1.3.6.1.4.1.14519.5.2.1.6279.6001.307835307280028057486413359377.png,outputs/luna16_saliency_synthetic_detector_top5/1.3.6.1.4.1.14519.5.2.1.6279.6001.307835307280028057486413359377/surface_grid_float_1.3.6.1.4.1.14519.5.2.1.6279.6001.307835307280028057486413359377.npy,0.5782038665439192,0.37268173694610596,0.22379621863365173,1.0,111.12914276123047,23.304153442382812,1.5183911383152005,2.462288360595701,3.394880771636963,10.94900131225586,33,25,8,110.5926513671875,0.28341500278049037,moderate_review,547
detector_top5,1.3.6.1.4.1.14519.5.2.1.6279.6001.259453428008507791234730686014,outputs/luna16_saliency_synthetic_detector_top5/1.3.6.1.4.1.14519.5.2.1.6279.6001.259453428008507791234730686014/surface_1.3.6.1.4.1.14519.5.2.1.6279.6001.259453428008507791234730686014.png,outputs/luna16_saliency_synthetic_detector_top5/1.3.6.1.4.1.14519.5.2.1.6279.6001.259453428008507791234730686014/surface_grid_float_1.3.6.1.4.1.14519.5.2.1.6279.6001.259453428008507791234730686014.npy,0.6856494522691706,0.30589401721954346,0.23176372051239014,0.886274516582489,120.08770751953125,22.952360153198242,1.2660733222961422,1.5403266334533692,1.6973713636398315,16.473024368286133,33,25,8,119.4444580078125,0.28296269902123344,moderate_review,548
detector_top5,1.3.6.1.4.1.14519.5.2.1.6279.6001.317613170669207528926259976488,outputs/luna16_saliency_synthetic_detector_top5/1.3.6.1.4.1.14519.5.2.1.6279.6001.317613170669207528926259976488/surface_1.3.6.1.4.1.14519.5.2.1.6279.6001.317613170669207528926259976488.png,outputs/luna16_saliency_synthetic_detector_top5/1.3.6.1.4.1.14519.5.2.1.6279.6001.317613170669207528926259976488/surface_grid_float_1.3.6.1.4.1.14519.5.2.1.6279.6001.317613170669207528926259976488.npy,0.14226048962282337,0.44737544655799866,0.2637564539909363,1.0,50.319549560546875,9.99674129486084,0.9440423965454096,2.247391884326933,6.172455310821533,5.629580497741699,33,25,8,35.11810302734375,0.2825061429920242,moderate_review,549
detector_top5,1.3.6.1.4.1.14519.5.2.1.6279.6001.503980049263254396021509831276,outputs/luna16_saliency_synthetic_detector_top5/1.3.6.1.4.1.14519.5.2.1.6279.6001.503980049263254396021509831276/surface_1.3.6.1.4.1.14519.5.2.1.6279.6001.503980049263254396021509831276.png,outputs/luna16_saliency_synthetic_detector_top5/1.3.6.1.4.1.14519.5.2.1.6279.6001.503980049263254396021509831276/surface_grid_float_1.3.6.1.4.1.14519.5.2.1.6279.6001.503980049263254396021509831276.npy,0.46965543620310457,0.4036535918712616,0.2198944240808487,1.0,103.68892669677734,23.965856552124023,1.545252948999405,2.5603700280189527,3.347853422164917,14.717856407165527,33,25,8,99.5577163696289,0.28233232624000976,moderate_review,550
detector_top5,1.3.6.1.4.1.14519.5.2.1.6279.6001.316393351033132458296975008261,outputs/luna16_saliency_synthetic_detector_top5/1.3.6.1.4.1.14519.5.2.1.6279.6001.316393351033132458296975008261/surface_1.3.6.1.4.1.14519.5.2.1.6279.6001.316393351033132458296975008261.png,outputs/luna16_saliency_synthetic_detector_top5/1.3.6.1.4.1.14519.5.2.1.6279.6001.316393351033132458296975008261/surface_grid_float_1.3.6.1.4.1.14519.5.2.1.6279.6001.316393351033132458296975008261.npy,0.546159970396618,0.36000654101371765,0.2578635513782501,1.0,103.02118682861328,23.504350662231445,1.245712041854855,2.628233270645142,4.665084362030029,14.117433547973633,33,25,8,100.03282928466797,0.28192105071809553,moderate_review,551
detector_top5,1.3.6.1.4.1.14519.5.2.1.6279.6001.106719103982792863757268101375,outputs/luna16_saliency_synthetic_detector_top5/1.3.6.1.4.1.14519.5.2.1.6279.6001.106719103982792863757268101375/surface_1.3.6.1.4.1.14519.5.2.1.6279.6001.106719103982792863757268101375.png,outputs/luna16_saliency_synthetic_detector_top5/1.3.6.1.4.1.14519.5.2.1.6279.6001.106719103982792863757268101375/surface_grid_float_1.3.6.1.4.1.14519.5.2.1.6279.6001.106719103982792863757268101375.npy,0.6147046260701617,0.3680618405342102,0.2545926868915558,1.0,121.5068359375,22.695457458496094,1.7227772593498227,2.0522296714782717,13.287618637084961,7.821781158447266,33,25,8,118.30806732177734,0.28146001928117537,moderate_review,552
detector_top5,1.3.6.1.4.1.14519.5.2.1.6279.6001.161073793312426102774780216551,outputs/luna16_saliency_synthetic_detector_top5/1.3.6.1.4.1.14519.5.2.1.6279.6001.161073793312426102774780216551/surface_1.3.6.1.4.1.14519.5.2.1.6279.6001.161073793312426102774780216551.png,outputs/luna16_saliency_synthetic_detector_top5/1.3.6.1.4.1.14519.5.2.1.6279.6001.161073793312426102774780216551/surface_grid_float_1.3.6.1.4.1.14519.5.2.1.6279.6001.161073793312426102774780216551.npy,0.5173883306150365,0.31990206241607666,0.21954549849033356,0.8470588326454163,119.26557922363281,22.608888626098633,1.2764585614204402,1.7398990046977993,1.9548941850662231,13.4948091506958,33,25,8,119.07383728027344,0.28096140029297934,moderate_review,553
detector_top5,1.3.6.1.4.1.14519.5.2.1.6279.6001.226564372605239604660221582288,outputs/luna16_saliency_synthetic_detector_top5/1.3.6.1.4.1.14519.5.2.1.6279.6001.226564372605239604660221582288/surface_1.3.6.1.4.1.14519.5.2.1.6279.6001.226564372605239604660221582288.png,outputs/luna16_saliency_synthetic_detector_top5/1.3.6.1.4.1.14519.5.2.1.6279.6001.226564372605239604660221582288/surface_grid_float_1.3.6.1.4.1.14519.5.2.1.6279.6001.226564372605239604660221582288.npy,0.5437377903190797,0.3445689082145691,0.2325604259967804,0.9607843160629272,108.66987609863281,28.35764503479004,1.4987219989299774,2.5224606084823606,6.256972789764404,10.862459182739258,33,25,8,106.08998107910156,0.2809290766027238,moderate_review,554
detector_top5,1.3.6.1.4.1.14519.5.2.1.6279.6001.131939324905446238286154504249,outputs/luna16_saliency_synthetic_detector_top5/1.3.6.1.4.1.14519.5.2.1.6279.6001.131939324905446238286154504249/surface_1.3.6.1.4.1.14519.5.2.1.6279.6001.131939324905446238286154504249.png,outputs/luna16_saliency_synthetic_detector_top5/1.3.6.1.4.1.14519.5.2.1.6279.6001.131939324905446238286154504249/surface_grid_float_1.3.6.1.4.1.14519.5.2.1.6279.6001.131939324905446238286154504249.npy,0.25172910662824205,0.3787636160850525,0.2588402032852173,0.9921568632125854,96.46681213378906,23.78209114074707,0.8260562688112261,0.9167162317037592,2.4759535789489746,16.265504837036133,33,25,8,95.26481628417969,0.28057986969105236,moderate_review,555
detector_top5,1.3.6.1.4.1.14519.5.2.1.6279.6001.188484197846284733942365679565,outputs/luna16_saliency_synthetic_detector_top5/1.3.6.1.4.1.14519.5.2.1.6279.6001.188484197846284733942365679565/surface_1.3.6.1.4.1.14519.5.2.1.6279.6001.188484197846284733942365679565.png,outputs/luna16_saliency_synthetic_detector_top5/1.3.6.1.4.1.14519.5.2.1.6279.6001.188484197846284733942365679565/surface_grid_float_1.3.6.1.4.1.14519.5.2.1.6279.6001.188484197846284733942365679565.npy,0.5861405074588806,0.35391247272491455,0.226284921169281,0.9305882394313927,115.18247985839844,19.76116943359375,1.4700441837310791,2.149344356060032,2.472078323364258,10.836234092712402,33,25,8,114.26240539550781,0.28053165065182595,moderate_review,556
detector_top5,1.3.6.1.4.1.14519.5.2.1.6279.6001.247060297988514823071467295949,outputs/luna16_saliency_synthetic_detector_top5/1.3.6.1.4.1.14519.5.2.1.6279.6001.247060297988514823071467295949/surface_1.3.6.1.4.1.14519.5.2.1.6279.6001.247060297988514823071467295949.png,outputs/luna16_saliency_synthetic_detector_top5/1.3.6.1.4.1.14519.5.2.1.6279.6001.247060297988514823071467295949/surface_grid_float_1.3.6.1.4.1.14519.5.2.1.6279.6001.247060297988514823071467295949.npy,0.11051452504443958,0.5035796165466309,0.256842702627182,1.0,49.12760925292969,9.354959487915039,0.8002323150634759,1.6819285607337937,4.32313346862793,4.952255725860596,33,25,8,23.038818359375,0.2801910611327801,moderate_review,557
detector_top5,1.3.6.1.4.1.14519.5.2.1.6279.6001.100225287222365663678666836860,outputs/luna16_saliency_synthetic_detector_top5/1.3.6.1.4.1.14519.5.2.1.6279.6001.100225287222365663678666836860/surface_1.3.6.1.4.1.14519.5.2.1.6279.6001.100225287222365663678666836860.png,outputs/luna16_saliency_synthetic_detector_top5/1.3.6.1.4.1.14519.5.2.1.6279.6001.100225287222365663678666836860/surface_grid_float_1.3.6.1.4.1.14519.5.2.1.6279.6001.100225287222365663678666836860.npy,0.09570410518920004,0.5026203989982605,0.26557308435440063,1.0,44.444854736328125,10.434000015258789,0.9181245028972618,1.624126585721971,6.883333206176758,5.162142276763916,33,25,8,24.06658935546875,0.2795819226391226,moderate_review,558
detector_top5,1.3.6.1.4.1.14519.5.2.1.6279.6001.149893110752986700464921264055,outputs/luna16_saliency_synthetic_detector_top5/1.3.6.1.4.1.14519.5.2.1.6279.6001.149893110752986700464921264055/surface_1.3.6.1.4.1.14519.5.2.1.6279.6001.149893110752986700464921264055.png,outputs/luna16_saliency_synthetic_detector_top5/1.3.6.1.4.1.14519.5.2.1.6279.6001.149893110752986700464921264055/surface_grid_float_1.3.6.1.4.1.14519.5.2.1.6279.6001.149893110752986700464921264055.npy,0.44806615185762105,0.37453484535217285,0.2311706393957138,0.9490196108818054,122.26716613769531,27.95431137084961,1.2594064474105835,1.684676671028138,1.8182244300842285,11.222899436950684,33,25,8,121.50286865234375,0.2792586868868934,moderate_review,559
detector_top5,1.3.6.1.4.1.14519.5.2.1.6279.6001.274052674198758621258447180130,outputs/luna16_saliency_synthetic_detector_top5/1.3.6.1.4.1.14519.5.2.1.6279.6001.274052674198758621258447180130/surface_1.3.6.1.4.1.14519.5.2.1.6279.6001.274052674198758621258447180130.png,outputs/luna16_saliency_synthetic_detector_top5/1.3.6.1.4.1.14519.5.2.1.6279.6001.274052674198758621258447180130/surface_grid_float_1.3.6.1.4.1.14519.5.2.1.6279.6001.274052674198758621258447180130.npy,0.5434821737625476,0.3559451103210449,0.23403716087341309,1.0,107.7680892944336,18.78873634338379,1.4342981815338136,2.2446900939941385,2.7586138248443604,13.970520973205566,33,25,8,106.84524536132812,0.27799978713989254,moderate_review,560
detector_top5,1.3.6.1.4.1.14519.5.2.1.6279.6001.330425234131526435132846006585,outputs/luna16_saliency_synthetic_detector_top5/1.3.6.1.4.1.14519.5.2.1.6279.6001.330425234131526435132846006585/surface_1.3.6.1.4.1.14519.5.2.1.6279.6001.330425234131526435132846006585.png,outputs/luna16_saliency_synthetic_detector_top5/1.3.6.1.4.1.14519.5.2.1.6279.6001.330425234131526435132846006585/surface_grid_float_1.3.6.1.4.1.14519.5.2.1.6279.6001.330425234131526435132846006585.npy,0.4122816593886463,0.3576005697250366,0.23624487221240997,0.8666666746139526,126.70707702636719,26.73894691467285,1.342716270685196,1.624327363967898,6.538449764251709,8.11084270477295,33,25,8,121.62171936035156,0.2779323775291444,moderate_review,561
detector_top5,1.3.6.1.4.1.14519.5.2.1.6279.6001.139577698050713461261415990027,outputs/luna16_saliency_synthetic_detector_top5/1.3.6.1.4.1.14519.5.2.1.6279.6001.139577698050713461261415990027/surface_1.3.6.1.4.1.14519.5.2.1.6279.6001.139577698050713461261415990027.png,outputs/luna16_saliency_synthetic_detector_top5/1.3.6.1.4.1.14519.5.2.1.6279.6001.139577698050713461261415990027/surface_grid_float_1.3.6.1.4.1.14519.5.2.1.6279.6001.139577698050713461261415990027.npy,0.4857495945006565,0.35709866881370544,0.2409064620733261,1.0,121.57984161376953,25.588991165161133,1.1856764078140258,1.3466720259189606,1.4318028688430786,15.666194915771484,33,25,8,121.45222473144531,0.27784699661334356,moderate_review,562
detector_top5,1.3.6.1.4.1.14519.5.2.1.6279.6001.113586291551175790743673929831,outputs/luna16_saliency_synthetic_detector_top5/1.3.6.1.4.1.14519.5.2.1.6279.6001.113586291551175790743673929831/surface_1.3.6.1.4.1.14519.5.2.1.6279.6001.113586291551175790743673929831.png,outputs/luna16_saliency_synthetic_detector_top5/1.3.6.1.4.1.14519.5.2.1.6279.6001.113586291551175790743673929831/surface_grid_float_1.3.6.1.4.1.14519.5.2.1.6279.6001.113586291551175790743673929831.npy,0.5724524593954107,0.38095560669898987,0.22274400293827057,0.9960784316062927,123.38037109375,23.584444046020508,1.1077842116355894,1.2773655235767365,1.3425207138061523,15.21530818939209,33,25,8,123.19081115722656,0.2777667135066456,moderate_review,563
detector_top5,1.3.6.1.4.1.14519.5.2.1.6279.6001.283878926524838648426928238498,outputs/luna16_saliency_synthetic_detector_top5/1.3.6.1.4.1.14519.5.2.1.6279.6001.283878926524838648426928238498/surface_1.3.6.1.4.1.14519.5.2.1.6279.6001.283878926524838648426928238498.png,outputs/luna16_saliency_synthetic_detector_top5/1.3.6.1.4.1.14519.5.2.1.6279.6001.283878926524838648426928238498/surface_grid_float_1.3.6.1.4.1.14519.5.2.1.6279.6001.283878926524838648426928238498.npy,0.12106082320126978,0.5071412920951843,0.25796622037887573,1.0,45.467803955078125,10.580660820007324,0.5964680433273312,1.5135365438461366,9.593132972717285,11.496013641357422,33,25,8,34.99607849121094,0.27755485329677343,moderate_review,564
detector_top5,1.3.6.1.4.1.14519.5.2.1.6279.6001.213140617640021803112060161074,outputs/luna16_saliency_synthetic_detector_top5/1.3.6.1.4.1.14519.5.2.1.6279.6001.213140617640021803112060161074/surface_1.3.6.1.4.1.14519.5.2.1.6279.6001.213140617640021803112060161074.png,outputs/luna16_saliency_synthetic_detector_top5/1.3.6.1.4.1.14519.5.2.1.6279.6001.213140617640021803112060161074/surface_grid_float_1.3.6.1.4.1.14519.5.2.1.6279.6001.213140617640021803112060161074.npy,0.609150533663906,0.360569030046463,0.2603980302810669,1.0,120.88231658935547,27.368671417236328,1.3379826545715332,1.7736260771751406,2.1482365131378174,10.239702224731445,33,25,8,120.63055419921875,0.2774342037969165,moderate_review,565
detector_top5,1.3.6.1.4.1.14519.5.2.1.6279.6001.504845428620607044098514803031,outputs/luna16_saliency_synthetic_detector_top5/1.3.6.1.4.1.14519.5.2.1.6279.6001.504845428620607044098514803031/surface_1.3.6.1.4.1.14519.5.2.1.6279.6001.504845428620607044098514803031.png,outputs/luna16_saliency_synthetic_detector_top5/1.3.6.1.4.1.14519.5.2.1.6279.6001.504845428620607044098514803031/surface_grid_float_1.3.6.1.4.1.14519.5.2.1.6279.6001.504845428620607044098514803031.npy,0.6045876866346119,0.31299635767936707,0.2325730323791504,0.8784313797950745,105.92794799804688,26.35972023010254,1.1544709920883163,2.067636187076569,2.447145462036133,17.40159797668457,33,25,8,105.64881134033203,0.27724588333500755,moderate_review,566
detector_top5,1.3.6.1.4.1.14519.5.2.1.6279.6001.273525289046256012743471155680,outputs/luna16_saliency_synthetic_detector_top5/1.3.6.1.4.1.14519.5.2.1.6279.6001.273525289046256012743471155680/surface_1.3.6.1.4.1.14519.5.2.1.6279.6001.273525289046256012743471155680.png,outputs/luna16_saliency_synthetic_detector_top5/1.3.6.1.4.1.14519.5.2.1.6279.6001.273525289046256012743471155680/surface_grid_float_1.3.6.1.4.1.14519.5.2.1.6279.6001.273525289046256012743471155680.npy,0.4479186161537845,0.36768975853919983,0.22275805473327637,0.9644705903530212,107.29020690917969,20.286474227905273,1.1356143057346344,2.2219848155975335,11.826602935791016,14.06852912902832,33,25,8,93.41679382324219,0.2767399540477329,moderate_review,567
detector_top5,1.3.6.1.4.1.14519.5.2.1.6279.6001.227885601428639043345478571594,outputs/luna16_saliency_synthetic_detector_top5/1.3.6.1.4.1.14519.5.2.1.6279.6001.227885601428639043345478571594/surface_1.3.6.1.4.1.14519.5.2.1.6279.6001.227885601428639043345478571594.png,outputs/luna16_saliency_synthetic_detector_top5/1.3.6.1.4.1.14519.5.2.1.6279.6001.227885601428639043345478571594/surface_grid_float_1.3.6.1.4.1.14519.5.2.1.6279.6001.227885601428639043345478571594.npy,0.5894033927184344,0.3170125484466553,0.22181062400341034,0.8980392217636108,124.86732482910156,27.27853775024414,0.933272361755371,1.0874356937408447,1.3932702541351318,16.10073471069336,33,25,8,124.57054138183594,0.2765146893289354,moderate_review,568
detector_top5,1.3.6.1.4.1.14519.5.2.1.6279.6001.160216916075817913953530562493,outputs/luna16_saliency_synthetic_detector_top5/1.3.6.1.4.1.14519.5.2.1.6279.6001.160216916075817913953530562493/surface_1.3.6.1.4.1.14519.5.2.1.6279.6001.160216916075817913953530562493.png,outputs/luna16_saliency_synthetic_detector_top5/1.3.6.1.4.1.14519.5.2.1.6279.6001.160216916075817913953530562493/surface_grid_float_1.3.6.1.4.1.14519.5.2.1.6279.6001.160216916075817913953530562493.npy,0.5749492900608519,0.3153824508190155,0.22471442818641663,0.9725490212440491,116.35619354248047,20.679624557495117,1.1396906018257142,2.0456911468505865,3.766650676727295,9.466113090515137,33,25,8,115.83779907226562,0.27633353051079645,moderate_review,569
detector_top5,1.3.6.1.4.1.14519.5.2.1.6279.6001.439153572396640163898529626096,outputs/luna16_saliency_synthetic_detector_top5/1.3.6.1.4.1.14519.5.2.1.6279.6001.439153572396640163898529626096/surface_1.3.6.1.4.1.14519.5.2.1.6279.6001.439153572396640163898529626096.png,outputs/luna16_saliency_synthetic_detector_top5/1.3.6.1.4.1.14519.5.2.1.6279.6001.439153572396640163898529626096/surface_grid_float_1.3.6.1.4.1.14519.5.2.1.6279.6001.439153572396640163898529626096.npy,0.6394327402665079,0.33303624391555786,0.24666368961334229,1.0,112.61134338378906,26.609155654907227,1.5586481511592865,1.9589254868030552,2.096395254135132,13.202759742736816,33,25,8,112.10758972167969,0.27579280300537745,moderate_review,570
detector_top5,1.3.6.1.4.1.14519.5.2.1.6279.6001.265570697208310960298668720669,outputs/luna16_saliency_synthetic_detector_top5/1.3.6.1.4.1.14519.5.2.1.6279.6001.265570697208310960298668720669/surface_1.3.6.1.4.1.14519.5.2.1.6279.6001.265570697208310960298668720669.png,outputs/luna16_saliency_synthetic_detector_top5/1.3.6.1.4.1.14519.5.2.1.6279.6001.265570697208310960298668720669/surface_grid_float_1.3.6.1.4.1.14519.5.2.1.6279.6001.265570697208310960298668720669.npy,0.553078879000608,0.34934550523757935,0.21653734147548676,0.9215686321258545,106.53402709960938,15.125664710998535,1.2010226368904107,2.69540998458862,5.299696445465088,7.636104583740234,33,25,8,105.38590240478516,0.2753881326675414,moderate_review,571
detector_top5,1.3.6.1.4.1.14519.5.2.1.6279.6001.187694838527128312070807533473,outputs/luna16_saliency_synthetic_detector_top5/1.3.6.1.4.1.14519.5.2.1.6279.6001.187694838527128312070807533473/surface_1.3.6.1.4.1.14519.5.2.1.6279.6001.187694838527128312070807533473.png,outputs/luna16_saliency_synthetic_detector_top5/1.3.6.1.4.1.14519.5.2.1.6279.6001.187694838527128312070807533473/surface_grid_float_1.3.6.1.4.1.14519.5.2.1.6279.6001.187694838527128312070807533473.npy,0.5860115215181294,0.34507909417152405,0.23983852565288544,1.0,115.41159057617188,19.63616371154785,1.3387674450874332,2.087801518440246,2.4062352180480957,9.113957405090332,33,25,8,115.22607421875,0.27523993519147233,moderate_review,572
detector_top5,1.3.6.1.4.1.14519.5.2.1.6279.6001.290135156874098366424871975734,outputs/luna16_saliency_synthetic_detector_top5/1.3.6.1.4.1.14519.5.2.1.6279.6001.290135156874098366424871975734/surface_1.3.6.1.4.1.14519.5.2.1.6279.6001.290135156874098366424871975734.png,outputs/luna16_saliency_synthetic_detector_top5/1.3.6.1.4.1.14519.5.2.1.6279.6001.290135156874098366424871975734/surface_grid_float_1.3.6.1.4.1.14519.5.2.1.6279.6001.290135156874098366424871975734.npy,0.5419480609900439,0.36898669600486755,0.23377889394760132,0.9647058844566345,115.81088256835938,20.53472137451172,1.4730018556118005,2.2976385378837545,8.228655815124512,5.741670608520508,33,25,8,111.7621078491211,0.27470656176937935,moderate_review,573
detector_top5,1.3.6.1.4.1.14519.5.2.1.6279.6001.162718361851587451505896742103,outputs/luna16_saliency_synthetic_detector_top5/1.3.6.1.4.1.14519.5.2.1.6279.6001.162718361851587451505896742103/surface_1.3.6.1.4.1.14519.5.2.1.6279.6001.162718361851587451505896742103.png,outputs/luna16_saliency_synthetic_detector_top5/1.3.6.1.4.1.14519.5.2.1.6279.6001.162718361851587451505896742103/surface_grid_float_1.3.6.1.4.1.14519.5.2.1.6279.6001.162718361851587451505896742103.npy,0.5435815949587136,0.371639609336853,0.2330322116613388,1.0,118.10548400878906,20.132492065429688,1.2755100309848786,1.6415739309787756,2.290154457092285,12.545796394348145,33,25,8,117.8594741821289,0.27396923882034085,moderate_review,574
detector_top5,1.3.6.1.4.1.14519.5.2.1.6279.6001.106164978370116976238911317774,outputs/luna16_saliency_synthetic_detector_top5/1.3.6.1.4.1.14519.5.2.1.6279.6001.106164978370116976238911317774/surface_1.3.6.1.4.1.14519.5.2.1.6279.6001.106164978370116976238911317774.png,outputs/luna16_saliency_synthetic_detector_top5/1.3.6.1.4.1.14519.5.2.1.6279.6001.106164978370116976238911317774/surface_grid_float_1.3.6.1.4.1.14519.5.2.1.6279.6001.106164978370116976238911317774.npy,0.6016009852216748,0.3715673089027405,0.24643221497535706,1.0,120.16488647460938,24.322771072387695,1.1354063928127287,1.3072867238521577,1.4145162105560303,15.498845100402832,33,25,8,119.95245361328125,0.27393529050747556,moderate_review,575
detector_top5,1.3.6.1.4.1.14519.5.2.1.6279.6001.114249388265341701207347458535,outputs/luna16_saliency_synthetic_detector_top5/1.3.6.1.4.1.14519.5.2.1.6279.6001.114249388265341701207347458535/surface_1.3.6.1.4.1.14519.5.2.1.6279.6001.114249388265341701207347458535.png,outputs/luna16_saliency_synthetic_detector_top5/1.3.6.1.4.1.14519.5.2.1.6279.6001.114249388265341701207347458535/surface_grid_float_1.3.6.1.4.1.14519.5.2.1.6279.6001.114249388265341701207347458535.npy,0.46329344038782005,0.4025857150554657,0.22773009538650513,1.0,116.30708312988281,22.33464241027832,1.2314638733863827,1.741999608278271,1.998149037361145,12.206735610961914,33,25,8,116.06658172607422,0.27323120593362377,moderate_review,576
detector_top5,1.3.6.1.4.1.14519.5.2.1.6279.6001.309955999522338651429118207446,outputs/luna16_saliency_synthetic_detector_top5/1.3.6.1.4.1.14519.5.2.1.6279.6001.309955999522338651429118207446/surface_1.3.6.1.4.1.14519.5.2.1.6279.6001.309955999522338651429118207446.png,outputs/luna16_saliency_synthetic_detector_top5/1.3.6.1.4.1.14519.5.2.1.6279.6001.309955999522338651429118207446/surface_grid_float_1.3.6.1.4.1.14519.5.2.1.6279.6001.309955999522338651429118207446.npy,0.570835171857645,0.3790102005004883,0.21195149421691895,0.9725490212440491,96.29850006103516,15.064888000488281,1.3937695026397692,2.9225115060806255,5.389462471008301,11.21965217590332,33,25,8,95.37905883789062,0.27310540567504027,moderate_review,577
detector_top5,1.3.6.1.4.1.14519.5.2.1.6279.6001.210837812047373739447725050963,outputs/luna16_saliency_synthetic_detector_top5/1.3.6.1.4.1.14519.5.2.1.6279.6001.210837812047373739447725050963/surface_1.3.6.1.4.1.14519.5.2.1.6279.6001.210837812047373739447725050963.png,outputs/luna16_saliency_synthetic_detector_top5/1.3.6.1.4.1.14519.5.2.1.6279.6001.210837812047373739447725050963/surface_grid_float_1.3.6.1.4.1.14519.5.2.1.6279.6001.210837812047373739447725050963.npy,0.5551598436338345,0.317430317401886,0.23521527647972107,1.0,107.73141479492188,26.84726333618164,1.456649905443189,2.455461323261258,4.534955024719238,8.931695938110352,33,25,8,105.79590606689453,0.27306441088517497,moderate_review,578
detector_top5,1.3.6.1.4.1.14519.5.2.1.6279.6001.119806527488108718706404165837,outputs/luna16_saliency_synthetic_detector_top5/1.3.6.1.4.1.14519.5.2.1.6279.6001.119806527488108718706404165837/surface_1.3.6.1.4.1.14519.5.2.1.6279.6001.119806527488108718706404165837.png,outputs/luna16_saliency_synthetic_detector_top5/1.3.6.1.4.1.14519.5.2.1.6279.6001.119806527488108718706404165837/surface_grid_float_1.3.6.1.4.1.14519.5.2.1.6279.6001.119806527488108718706404165837.npy,0.671819859927249,0.29630914330482483,0.22341866791248322,0.9215686321258545,119.05931091308594,24.163698196411133,1.171553373336792,1.4599169790744781,4.176090717315674,13.82393741607666,33,25,8,118.08253479003906,0.2729495551519924,moderate_review,579
detector_top5,1.3.6.1.4.1.14519.5.2.1.6279.6001.254957696184671649675053562027,outputs/luna16_saliency_synthetic_detector_top5/1.3.6.1.4.1.14519.5.2.1.6279.6001.254957696184671649675053562027/surface_1.3.6.1.4.1.14519.5.2.1.6279.6001.254957696184671649675053562027.png,outputs/luna16_saliency_synthetic_detector_top5/1.3.6.1.4.1.14519.5.2.1.6279.6001.254957696184671649675053562027/surface_grid_float_1.3.6.1.4.1.14519.5.2.1.6279.6001.254957696184671649675053562027.npy,0.13365202275600505,0.4394034743309021,0.254787415266037,1.0,48.142242431640625,9.83655071258545,0.655467301607132,1.6515212476253343,5.057399272918701,8.6713285446167,33,25,8,32.05865478515625,0.27267974270419526,moderate_review,580
detector_top5,1.3.6.1.4.1.14519.5.2.1.6279.6001.331211682377519763144559212009,outputs/luna16_saliency_synthetic_detector_top5/1.3.6.1.4.1.14519.5.2.1.6279.6001.331211682377519763144559212009/surface_1.3.6.1.4.1.14519.5.2.1.6279.6001.331211682377519763144559212009.png,outputs/luna16_saliency_synthetic_detector_top5/1.3.6.1.4.1.14519.5.2.1.6279.6001.331211682377519763144559212009/surface_grid_float_1.3.6.1.4.1.14519.5.2.1.6279.6001.331211682377519763144559212009.npy,0.5793343347300182,0.3587745726108551,0.23210804164409637,0.9333333373069763,96.30567169189453,16.585010528564453,1.4268025159835815,3.2445104598999097,8.206854820251465,6.415226459503174,33,25,8,93.55047607421875,0.27210082541571745,moderate_review,581
detector_top5,1.3.6.1.4.1.14519.5.2.1.6279.6001.172243743899615313644757844726,outputs/luna16_saliency_synthetic_detector_top5/1.3.6.1.4.1.14519.5.2.1.6279.6001.172243743899615313644757844726/surface_1.3.6.1.4.1.14519.5.2.1.6279.6001.172243743899615313644757844726.png,outputs/luna16_saliency_synthetic_detector_top5/1.3.6.1.4.1.14519.5.2.1.6279.6001.172243743899615313644757844726/surface_grid_float_1.3.6.1.4.1.14519.5.2.1.6279.6001.172243743899615313644757844726.npy,0.09821604157887344,0.6082054376602173,0.1965263932943344,1.0,48.976348876953125,8.135723114013672,0.4068497762084008,0.6841648942232134,16.679153442382812,10.382783889770508,33,25,8,12.09759521484375,0.2708383990653785,moderate_review,582
detector_top5,1.3.6.1.4.1.14519.5.2.1.6279.6001.245546033414728092794968890929,outputs/luna16_saliency_synthetic_detector_top5/1.3.6.1.4.1.14519.5.2.1.6279.6001.245546033414728092794968890929/surface_1.3.6.1.4.1.14519.5.2.1.6279.6001.245546033414728092794968890929.png,outputs/luna16_saliency_synthetic_detector_top5/1.3.6.1.4.1.14519.5.2.1.6279.6001.245546033414728092794968890929/surface_grid_float_1.3.6.1.4.1.14519.5.2.1.6279.6001.245546033414728092794968890929.npy,0.5801583449614754,0.33867567777633667,0.2382444590330124,0.9764705896377563,110.7393798828125,23.3026180267334,1.4693578958511349,2.3184781265258834,12.799080848693848,7.4243927001953125,33,25,8,99.89561462402344,0.27061862737867576,moderate_review,583
detector_top5,1.3.6.1.4.1.14519.5.2.1.6279.6001.129055977637338639741695800950,outputs/luna16_saliency_synthetic_detector_top5/1.3.6.1.4.1.14519.5.2.1.6279.6001.129055977637338639741695800950/surface_1.3.6.1.4.1.14519.5.2.1.6279.6001.129055977637338639741695800950.png,outputs/luna16_saliency_synthetic_detector_top5/1.3.6.1.4.1.14519.5.2.1.6279.6001.129055977637338639741695800950/surface_grid_float_1.3.6.1.4.1.14519.5.2.1.6279.6001.129055977637338639741695800950.npy,0.6092988061207332,0.30088022351264954,0.236898273229599,0.9843137264251709,120.86234283447266,26.880279541015625,1.216768580675125,1.3972304141521434,1.625610589981079,12.11119556427002,33,25,8,120.70433044433594,0.27026791840261877,moderate_review,584
detector_top5,1.3.6.1.4.1.14519.5.2.1.6279.6001.129982010889624423230394257528,outputs/luna16_saliency_synthetic_detector_top5/1.3.6.1.4.1.14519.5.2.1.6279.6001.129982010889624423230394257528/surface_1.3.6.1.4.1.14519.5.2.1.6279.6001.129982010889624423230394257528.png,outputs/luna16_saliency_synthetic_detector_top5/1.3.6.1.4.1.14519.5.2.1.6279.6001.129982010889624423230394257528/surface_grid_float_1.3.6.1.4.1.14519.5.2.1.6279.6001.129982010889624423230394257528.npy,0.5667285831042426,0.37264424562454224,0.22791284322738647,1.0,108.80802154541016,20.214290618896484,1.3356937170028684,2.5081468963623044,3.0580477714538574,6.11625337600708,33,25,8,107.28022766113281,0.27018278363545734,moderate_review,585
detector_top5,1.3.6.1.4.1.14519.5.2.1.6279.6001.153181766344026020914478182395,outputs/luna16_saliency_synthetic_detector_top5/1.3.6.1.4.1.14519.5.2.1.6279.6001.153181766344026020914478182395/surface_1.3.6.1.4.1.14519.5.2.1.6279.6001.153181766344026020914478182395.png,outputs/luna16_saliency_synthetic_detector_top5/1.3.6.1.4.1.14519.5.2.1.6279.6001.153181766344026020914478182395/surface_grid_float_1.3.6.1.4.1.14519.5.2.1.6279.6001.153181766344026020914478182395.npy,0.09364632237871674,0.5877097249031067,0.2088651955127716,1.0,39.040313720703125,10.952058792114258,0.5397043198347088,1.0673489475250244,8.10222339630127,11.604887962341309,33,25,8,13.989227294921875,0.2693641136601604,moderate_review,586
detector_top5,1.3.6.1.4.1.14519.5.2.1.6279.6001.223650122819238796121876338881,outputs/luna16_saliency_synthetic_detector_top5/1.3.6.1.4.1.14519.5.2.1.6279.6001.223650122819238796121876338881/surface_1.3.6.1.4.1.14519.5.2.1.6279.6001.223650122819238796121876338881.png,outputs/luna16_saliency_synthetic_detector_top5/1.3.6.1.4.1.14519.5.2.1.6279.6001.223650122819238796121876338881/surface_grid_float_1.3.6.1.4.1.14519.5.2.1.6279.6001.223650122819238796121876338881.npy,0.5678541292145137,0.35778170824050903,0.23321697115898132,0.9254902005195618,104.60302734375,23.50851058959961,1.623715454339981,2.0566709613800054,2.294203519821167,14.914654731750488,33,25,8,103.85452270507812,0.26918218492931795,moderate_review,587
detector_top5,1.3.6.1.4.1.14519.5.2.1.6279.6001.108231420525711026834210228428,outputs/luna16_saliency_synthetic_detector_top5/1.3.6.1.4.1.14519.5.2.1.6279.6001.108231420525711026834210228428/surface_1.3.6.1.4.1.14519.5.2.1.6279.6001.108231420525711026834210228428.png,outputs/luna16_saliency_synthetic_detector_top5/1.3.6.1.4.1.14519.5.2.1.6279.6001.108231420525711026834210228428/surface_grid_float_1.3.6.1.4.1.14519.5.2.1.6279.6001.108231420525711026834210228428.npy,0.47067736185383247,0.3404492735862732,0.21391353011131287,0.9058823585510254,112.26415252685547,19.615798950195312,1.4016784489154823,1.8597925913333893,2.0428919792175293,11.80758285522461,33,25,8,112.13420867919922,0.26913977162970437,moderate_review,588
detector_top5,1.3.6.1.4.1.14519.5.2.1.6279.6001.286627485198831346082954437212,outputs/luna16_saliency_synthetic_detector_top5/1.3.6.1.4.1.14519.5.2.1.6279.6001.286627485198831346082954437212/surface_1.3.6.1.4.1.14519.5.2.1.6279.6001.286627485198831346082954437212.png,outputs/luna16_saliency_synthetic_detector_top5/1.3.6.1.4.1.14519.5.2.1.6279.6001.286627485198831346082954437212/surface_grid_float_1.3.6.1.4.1.14519.5.2.1.6279.6001.286627485198831346082954437212.npy,0.10008928571428571,0.6228822469711304,0.21079792082309723,1.0,36.02601623535156,9.263625144958496,0.5636497288942337,1.3911296665668513,3.521249532699585,10.52670955657959,33,25,8,18.00830078125,0.2679760607417479,moderate_review,589
detector_top5,1.3.6.1.4.1.14519.5.2.1.6279.6001.670107649586205629860363487713,outputs/luna16_saliency_synthetic_detector_top5/1.3.6.1.4.1.14519.5.2.1.6279.6001.670107649586205629860363487713/surface_1.3.6.1.4.1.14519.5.2.1.6279.6001.670107649586205629860363487713.png,outputs/luna16_saliency_synthetic_detector_top5/1.3.6.1.4.1.14519.5.2.1.6279.6001.670107649586205629860363487713/surface_grid_float_1.3.6.1.4.1.14519.5.2.1.6279.6001.670107649586205629860363487713.npy,0.6120772058823529,0.3450227975845337,0.2333371639251709,1.0,105.54376220703125,17.558032989501953,1.6559404253959644,2.4838554620742808,3.432265281677246,7.815791606903076,33,25,8,105.09757995605469,0.26779036000039846,moderate_review,590
detector_top5,1.3.6.1.4.1.14519.5.2.1.6279.6001.927394449308471452920270961822,outputs/luna16_saliency_synthetic_detector_top5/1.3.6.1.4.1.14519.5.2.1.6279.6001.927394449308471452920270961822/surface_1.3.6.1.4.1.14519.5.2.1.6279.6001.927394449308471452920270961822.png,outputs/luna16_saliency_synthetic_detector_top5/1.3.6.1.4.1.14519.5.2.1.6279.6001.927394449308471452920270961822/surface_grid_float_1.3.6.1.4.1.14519.5.2.1.6279.6001.927394449308471452920270961822.npy,0.5751132726441368,0.39936211705207825,0.26807552576065063,1.0,94.84721374511719,13.99726676940918,1.6763100206851955,3.2071303772926343,4.112783908843994,5.974329948425293,33,25,8,94.14474487304688,0.26756888966825276,moderate_review,591
detector_top5,1.3.6.1.4.1.14519.5.2.1.6279.6001.252634638822000832774167856951,outputs/luna16_saliency_synthetic_detector_top5/1.3.6.1.4.1.14519.5.2.1.6279.6001.252634638822000832774167856951/surface_1.3.6.1.4.1.14519.5.2.1.6279.6001.252634638822000832774167856951.png,outputs/luna16_saliency_synthetic_detector_top5/1.3.6.1.4.1.14519.5.2.1.6279.6001.252634638822000832774167856951/surface_grid_float_1.3.6.1.4.1.14519.5.2.1.6279.6001.252634638822000832774167856951.npy,0.5256485849056604,0.35919734835624695,0.23668964207172394,0.9372549057006836,101.9386215209961,17.679447174072266,1.3228626072406757,2.809151973724365,4.8303542137146,5.899742603302002,33,25,8,100.46936798095703,0.26728280086517336,moderate_review,592
detector_top5,1.3.6.1.4.1.14519.5.2.1.6279.6001.175318131822744218104175746898,outputs/luna16_saliency_synthetic_detector_top5/1.3.6.1.4.1.14519.5.2.1.6279.6001.175318131822744218104175746898/surface_1.3.6.1.4.1.14519.5.2.1.6279.6001.175318131822744218104175746898.png,outputs/luna16_saliency_synthetic_detector_top5/1.3.6.1.4.1.14519.5.2.1.6279.6001.175318131822744218104175746898/surface_grid_float_1.3.6.1.4.1.14519.5.2.1.6279.6001.175318131822744218104175746898.npy,0.6174990885891359,0.3655741512775421,0.2384859025478363,0.9411764740943909,95.56400299072266,19.811471939086914,1.381839954853055,2.690849506855007,5.5911946296691895,12.211625099182129,33,25,8,93.3638687133789,0.2671357681883705,moderate_review,593
detector_top5,1.3.6.1.4.1.14519.5.2.1.6279.6001.217754016294471278921686508169,outputs/luna16_saliency_synthetic_detector_top5/1.3.6.1.4.1.14519.5.2.1.6279.6001.217754016294471278921686508169/surface_1.3.6.1.4.1.14519.5.2.1.6279.6001.217754016294471278921686508169.png,outputs/luna16_saliency_synthetic_detector_top5/1.3.6.1.4.1.14519.5.2.1.6279.6001.217754016294471278921686508169/surface_grid_float_1.3.6.1.4.1.14519.5.2.1.6279.6001.217754016294471278921686508169.npy,0.5703090588753487,0.41376152634620667,0.26583999395370483,1.0,110.39835357666016,27.906822204589844,1.1566923201084136,1.47580080628395,13.449856758117676,17.243181228637695,33,25,8,106.67498779296875,0.2665894606577025,moderate_review,594
detector_top5,1.3.6.1.4.1.14519.5.2.1.6279.6001.336102335330125765000317290445,outputs/luna16_saliency_synthetic_detector_top5/1.3.6.1.4.1.14519.5.2.1.6279.6001.336102335330125765000317290445/surface_1.3.6.1.4.1.14519.5.2.1.6279.6001.336102335330125765000317290445.png,outputs/luna16_saliency_synthetic_detector_top5/1.3.6.1.4.1.14519.5.2.1.6279.6001.336102335330125765000317290445/surface_grid_float_1.3.6.1.4.1.14519.5.2.1.6279.6001.336102335330125765000317290445.npy,0.11133760434867015,0.5087229609489441,0.27111607789993286,1.0,38.31468200683594,9.427641868591309,0.7615758240222924,1.4376096951961514,2.9401845932006836,10.367356300354004,33,25,8,18.033660888671875,0.2664031755577132,moderate_review,595
detector_top5,1.3.6.1.4.1.14519.5.2.1.6279.6001.868211851413924881662621747734,outputs/luna16_saliency_synthetic_detector_top5/1.3.6.1.4.1.14519.5.2.1.6279.6001.868211851413924881662621747734/surface_1.3.6.1.4.1.14519.5.2.1.6279.6001.868211851413924881662621747734.png,outputs/luna16_saliency_synthetic_detector_top5/1.3.6.1.4.1.14519.5.2.1.6279.6001.868211851413924881662621747734/surface_grid_float_1.3.6.1.4.1.14519.5.2.1.6279.6001.868211851413924881662621747734.npy,0.5953352361274055,0.40681108832359314,0.2187347710132599,1.0,109.13900756835938,23.677322387695312,1.135116386413574,2.1386388587951615,3.008976936340332,9.14876937866211,33,25,8,108.03091430664062,0.26638811033036963,moderate_review,596
detector_top5,1.3.6.1.4.1.14519.5.2.1.6279.6001.212608679077007918190529579976,outputs/luna16_saliency_synthetic_detector_top5/1.3.6.1.4.1.14519.5.2.1.6279.6001.212608679077007918190529579976/surface_1.3.6.1.4.1.14519.5.2.1.6279.6001.212608679077007918190529579976.png,outputs/luna16_saliency_synthetic_detector_top5/1.3.6.1.4.1.14519.5.2.1.6279.6001.212608679077007918190529579976/surface_grid_float_1.3.6.1.4.1.14519.5.2.1.6279.6001.212608679077007918190529579976.npy,0.45700531208499334,0.429962158203125,0.20506934821605682,0.8784313797950745,109.90873718261719,24.22856330871582,1.435122138261795,1.7985692262649535,1.9243199825286865,13.026642799377441,33,25,8,109.63856506347656,0.2660864005353716,moderate_review,597
detector_top5,1.3.6.1.4.1.14519.5.2.1.6279.6001.297433269262659217151107535012,outputs/luna16_saliency_synthetic_detector_top5/1.3.6.1.4.1.14519.5.2.1.6279.6001.297433269262659217151107535012/surface_1.3.6.1.4.1.14519.5.2.1.6279.6001.297433269262659217151107535012.png,outputs/luna16_saliency_synthetic_detector_top5/1.3.6.1.4.1.14519.5.2.1.6279.6001.297433269262659217151107535012/surface_grid_float_1.3.6.1.4.1.14519.5.2.1.6279.6001.297433269262659217151107535012.npy,0.6670032819994951,0.3271719813346863,0.22236469388008118,0.9411764740943909,105.98519134521484,23.952411651611328,1.5258357346057883,2.2661502099037163,2.7122952938079834,9.032422065734863,33,25,8,104.99684143066406,0.2646985409074359,moderate_review,598
detector_top5,1.3.6.1.4.1.14519.5.2.1.6279.6001.140527383975300992150799777603,outputs/luna16_saliency_synthetic_detector_top5/1.3.6.1.4.1.14519.5.2.1.6279.6001.140527383975300992150799777603/surface_1.3.6.1.4.1.14519.5.2.1.6279.6001.140527383975300992150799777603.png,outputs/luna16_saliency_synthetic_detector_top5/1.3.6.1.4.1.14519.5.2.1.6279.6001.140527383975300992150799777603/surface_grid_float_1.3.6.1.4.1.14519.5.2.1.6279.6001.140527383975300992150799777603.npy,0.5782981858050811,0.3707102835178375,0.22611147165298462,0.9960784316062927,106.58338928222656,20.184951782226562,1.3035374879837025,2.3896454143524157,2.840304374694824,6.860994338989258,33,25,8,106.26664733886719,0.26457499865425954,moderate_review,599
detector_top5,1.3.6.1.4.1.14519.5.2.1.6279.6001.132817748896065918417924920957,outputs/luna16_saliency_synthetic_detector_top5/1.3.6.1.4.1.14519.5.2.1.6279.6001.132817748896065918417924920957/surface_1.3.6.1.4.1.14519.5.2.1.6279.6001.132817748896065918417924920957.png,outputs/luna16_saliency_synthetic_detector_top5/1.3.6.1.4.1.14519.5.2.1.6279.6001.132817748896065918417924920957/surface_grid_float_1.3.6.1.4.1.14519.5.2.1.6279.6001.132817748896065918417924920957.npy,0.5969017094017094,0.34212619066238403,0.24066591262817383,0.9803921580314636,103.71928405761719,21.78533172607422,1.0759924471378326,2.16830630302428,12.001782417297363,11.65560245513916,33,25,8,103.61800384521484,0.2638160013092885,moderate_review,600
detector_top5,1.3.6.1.4.1.14519.5.2.1.6279.6001.215640837032688688030770057224,outputs/luna16_saliency_synthetic_detector_top5/1.3.6.1.4.1.14519.5.2.1.6279.6001.215640837032688688030770057224/surface_1.3.6.1.4.1.14519.5.2.1.6279.6001.215640837032688688030770057224.png,outputs/luna16_saliency_synthetic_detector_top5/1.3.6.1.4.1.14519.5.2.1.6279.6001.215640837032688688030770057224/surface_grid_float_1.3.6.1.4.1.14519.5.2.1.6279.6001.215640837032688688030770057224.npy,0.5837690114068441,0.2959437072277069,0.24593624472618103,0.9725490212440491,97.32290649414062,12.698670387268066,1.1720795094966887,2.4209852695465086,27.3929500579834,12.927167892456055,33,25,8,83.24256896972656,0.26356144200430975,moderate_review,601
detector_top5,1.3.6.1.4.1.14519.5.2.1.6279.6001.324649110927013926557500550446,outputs/luna16_saliency_synthetic_detector_top5/1.3.6.1.4.1.14519.5.2.1.6279.6001.324649110927013926557500550446/surface_1.3.6.1.4.1.14519.5.2.1.6279.6001.324649110927013926557500550446.png,outputs/luna16_saliency_synthetic_detector_top5/1.3.6.1.4.1.14519.5.2.1.6279.6001.324649110927013926557500550446/surface_grid_float_1.3.6.1.4.1.14519.5.2.1.6279.6001.324649110927013926557500550446.npy,0.12809002143367468,0.43645888566970825,0.2593926787376404,0.9843137264251709,47.00456237792969,9.522408485412598,0.7502609670162202,1.5746677827835096,8.472067832946777,4.9784369468688965,33,25,8,20.0247802734375,0.2634498660332191,moderate_review,602
detector_top5,1.3.6.1.4.1.14519.5.2.1.6279.6001.314836406260772370397541392345,outputs/luna16_saliency_synthetic_detector_top5/1.3.6.1.4.1.14519.5.2.1.6279.6001.314836406260772370397541392345/surface_1.3.6.1.4.1.14519.5.2.1.6279.6001.314836406260772370397541392345.png,outputs/luna16_saliency_synthetic_detector_top5/1.3.6.1.4.1.14519.5.2.1.6279.6001.314836406260772370397541392345/surface_grid_float_1.3.6.1.4.1.14519.5.2.1.6279.6001.314836406260772370397541392345.npy,0.637229552454466,0.39907559752464294,0.256727010011673,1.0,99.99048614501953,17.33283042907715,1.536856216192245,2.355576143264769,2.7125606536865234,11.613113403320312,33,25,8,99.03094482421875,0.2631250132136874,moderate_review,603
detector_top5,1.3.6.1.4.1.14519.5.2.1.6279.6001.106379658920626694402549886949,outputs/luna16_saliency_synthetic_detector_top5/1.3.6.1.4.1.14519.5.2.1.6279.6001.106379658920626694402549886949/surface_1.3.6.1.4.1.14519.5.2.1.6279.6001.106379658920626694402549886949.png,outputs/luna16_saliency_synthetic_detector_top5/1.3.6.1.4.1.14519.5.2.1.6279.6001.106379658920626694402549886949/surface_grid_float_1.3.6.1.4.1.14519.5.2.1.6279.6001.106379658920626694402549886949.npy,0.5519022493751735,0.4120696485042572,0.22252072393894196,0.95686274766922,92.25697326660156,13.64721965789795,1.1823663830757136,2.8102989673614513,4.099991321563721,11.257569313049316,33,25,8,90.60758209228516,0.2630874118275113,moderate_review,604
detector_top5,1.3.6.1.4.1.14519.5.2.1.6279.6001.969607480572818589276327766720,outputs/luna16_saliency_synthetic_detector_top5/1.3.6.1.4.1.14519.5.2.1.6279.6001.969607480572818589276327766720/surface_1.3.6.1.4.1.14519.5.2.1.6279.6001.969607480572818589276327766720.png,outputs/luna16_saliency_synthetic_detector_top5/1.3.6.1.4.1.14519.5.2.1.6279.6001.969607480572818589276327766720/surface_grid_float_1.3.6.1.4.1.14519.5.2.1.6279.6001.969607480572818589276327766720.npy,0.5907795907795907,0.32764407992362976,0.2312481850385666,0.9490196108818054,108.09562683105469,18.65949058532715,1.477608859539032,2.062957227230072,2.763141393661499,9.453235626220703,33,25,8,107.2030029296875,0.26305528514915044,moderate_review,605
detector_top5,1.3.6.1.4.1.14519.5.2.1.6279.6001.334517907433161353885866806005,outputs/luna16_saliency_synthetic_detector_top5/1.3.6.1.4.1.14519.5.2.1.6279.6001.334517907433161353885866806005/surface_1.3.6.1.4.1.14519.5.2.1.6279.6001.334517907433161353885866806005.png,outputs/luna16_saliency_synthetic_detector_top5/1.3.6.1.4.1.14519.5.2.1.6279.6001.334517907433161353885866806005/surface_grid_float_1.3.6.1.4.1.14519.5.2.1.6279.6001.334517907433161353885866806005.npy,0.5208468943780191,0.3978724777698517,0.23756735026836395,0.9490196108818054,113.68107604980469,27.19921112060547,1.3308980464935294,1.6806522011756895,1.792764663696289,10.147160530090332,33,25,8,113.37850952148438,0.26243727174070147,moderate_review,606
detector_top5,1.3.6.1.4.1.14519.5.2.1.6279.6001.163931625580639955914619627409,outputs/luna16_saliency_synthetic_detector_top5/1.3.6.1.4.1.14519.5.2.1.6279.6001.163931625580639955914619627409/surface_1.3.6.1.4.1.14519.5.2.1.6279.6001.163931625580639955914619627409.png,outputs/luna16_saliency_synthetic_detector_top5/1.3.6.1.4.1.14519.5.2.1.6279.6001.163931625580639955914619627409/surface_grid_float_1.3.6.1.4.1.14519.5.2.1.6279.6001.163931625580639955914619627409.npy,0.6719288389513108,0.3272876441478729,0.22270607948303223,0.8666666746139526,105.57914733886719,20.18633460998535,1.5224862694740295,2.151366481781006,4.3193864822387695,9.839547157287598,33,25,8,103.53005981445312,0.26237190036773683,moderate_review,607
detector_top5,1.3.6.1.4.1.14519.5.2.1.6279.6001.250863365157630276148828903732,outputs/luna16_saliency_synthetic_detector_top5/1.3.6.1.4.1.14519.5.2.1.6279.6001.250863365157630276148828903732/surface_1.3.6.1.4.1.14519.5.2.1.6279.6001.250863365157630276148828903732.png,outputs/luna16_saliency_synthetic_detector_top5/1.3.6.1.4.1.14519.5.2.1.6279.6001.250863365157630276148828903732/surface_grid_float_1.3.6.1.4.1.14519.5.2.1.6279.6001.250863365157630276148828903732.npy,0.5597147950089126,0.34041547775268555,0.22565191984176636,1.0,105.79582977294922,16.829307556152344,1.0308172523975376,1.8848660171031957,5.0086669921875,13.209819793701172,33,25,8,104.67283630371094,0.26222751856512494,moderate_review,608
detector_top5,1.3.6.1.4.1.14519.5.2.1.6279.6001.330643702676971528301859647742,outputs/luna16_saliency_synthetic_detector_top5/1.3.6.1.4.1.14519.5.2.1.6279.6001.330643702676971528301859647742/surface_1.3.6.1.4.1.14519.5.2.1.6279.6001.330643702676971528301859647742.png,outputs/luna16_saliency_synthetic_detector_top5/1.3.6.1.4.1.14519.5.2.1.6279.6001.330643702676971528301859647742/surface_grid_float_1.3.6.1.4.1.14519.5.2.1.6279.6001.330643702676971528301859647742.npy,0.6283704883227176,0.3098394274711609,0.22533991932868958,0.8901960849761963,94.46766662597656,17.38054656982422,1.2970238327980042,3.0714243340492255,7.999431133270264,5.624214172363281,33,25,8,93.24697875976562,0.2620870947811339,moderate_review,609
detector_top5,1.3.6.1.4.1.14519.5.2.1.6279.6001.202811684116768680758082619196,outputs/luna16_saliency_synthetic_detector_top5/1.3.6.1.4.1.14519.5.2.1.6279.6001.202811684116768680758082619196/surface_1.3.6.1.4.1.14519.5.2.1.6279.6001.202811684116768680758082619196.png,outputs/luna16_saliency_synthetic_detector_top5/1.3.6.1.4.1.14519.5.2.1.6279.6001.202811684116768680758082619196/surface_grid_float_1.3.6.1.4.1.14519.5.2.1.6279.6001.202811684116768680758082619196.npy,0.5923199607410133,0.35196974873542786,0.22844772040843964,0.9019607901573181,108.48529815673828,19.787343978881836,1.077435135841365,1.8760851335525504,5.111130714416504,11.188222885131836,33,25,8,107.46975708007812,0.26195410179032214,moderate_review,610
detector_top5,1.3.6.1.4.1.14519.5.2.1.6279.6001.275755514659958628040305922764,outputs/luna16_saliency_synthetic_detector_top5/1.3.6.1.4.1.14519.5.2.1.6279.6001.275755514659958628040305922764/surface_1.3.6.1.4.1.14519.5.2.1.6279.6001.275755514659958628040305922764.png,outputs/luna16_saliency_synthetic_detector_top5/1.3.6.1.4.1.14519.5.2.1.6279.6001.275755514659958628040305922764/surface_grid_float_1.3.6.1.4.1.14519.5.2.1.6279.6001.275755514659958628040305922764.npy,0.6013665752351097,0.34698906540870667,0.22789205610752106,0.9647058844566345,101.86326599121094,24.070003509521484,1.0321673989295959,2.2711672592162926,3.4977335929870605,10.819511413574219,33,25,8,97.62271881103516,0.2619504864586719,moderate_review,611
detector_top5,1.3.6.1.4.1.14519.5.2.1.6279.6001.394470743585708729682444806008,outputs/luna16_saliency_synthetic_detector_top5/1.3.6.1.4.1.14519.5.2.1.6279.6001.394470743585708729682444806008/surface_1.3.6.1.4.1.14519.5.2.1.6279.6001.394470743585708729682444806008.png,outputs/luna16_saliency_synthetic_detector_top5/1.3.6.1.4.1.14519.5.2.1.6279.6001.394470743585708729682444806008/surface_grid_float_1.3.6.1.4.1.14519.5.2.1.6279.6001.394470743585708729682444806008.npy,0.4072878228782288,0.35427019000053406,0.2449413686990738,1.0,98.27507019042969,16.270597457885742,1.407492983341216,2.65547123193741,3.4198551177978516,7.981594562530518,33,25,8,96.17982482910156,0.26119279741446183,moderate_review,612
detector_top5,1.3.6.1.4.1.14519.5.2.1.6279.6001.657775098760536289051744981056,outputs/luna16_saliency_synthetic_detector_top5/1.3.6.1.4.1.14519.5.2.1.6279.6001.657775098760536289051744981056/surface_1.3.6.1.4.1.14519.5.2.1.6279.6001.657775098760536289051744981056.png,outputs/luna16_saliency_synthetic_detector_top5/1.3.6.1.4.1.14519.5.2.1.6279.6001.657775098760536289051744981056/surface_grid_float_1.3.6.1.4.1.14519.5.2.1.6279.6001.657775098760536289051744981056.npy,0.5929824561403508,0.35892432928085327,0.22969064116477966,0.9333333373069763,103.22649383544922,21.72596549987793,1.3535596966743468,2.292003941535948,2.654177188873291,9.018604278564453,33,25,8,102.15543365478516,0.26084561747974816,moderate_review,613
detector_top5,1.3.6.1.4.1.14519.5.2.1.6279.6001.230491296081537726468075344411,outputs/luna16_saliency_synthetic_detector_top5/1.3.6.1.4.1.14519.5.2.1.6279.6001.230491296081537726468075344411/surface_1.3.6.1.4.1.14519.5.2.1.6279.6001.230491296081537726468075344411.png,outputs/luna16_saliency_synthetic_detector_top5/1.3.6.1.4.1.14519.5.2.1.6279.6001.230491296081537726468075344411/surface_grid_float_1.3.6.1.4.1.14519.5.2.1.6279.6001.230491296081537726468075344411.npy,0.4880026586905949,0.36320948600769043,0.22934912145137787,0.9725490212440491,99.87189483642578,18.012956619262695,1.302025890350342,2.472198495864862,3.6470208168029785,8.610342979431152,33,25,8,99.35877227783203,0.2597532084465025,moderate_review,614
detector_top5,1.3.6.1.4.1.14519.5.2.1.6279.6001.191617711875409989053242965150,outputs/luna16_saliency_synthetic_detector_top5/1.3.6.1.4.1.14519.5.2.1.6279.6001.191617711875409989053242965150/surface_1.3.6.1.4.1.14519.5.2.1.6279.6001.191617711875409989053242965150.png,outputs/luna16_saliency_synthetic_detector_top5/1.3.6.1.4.1.14519.5.2.1.6279.6001.191617711875409989053242965150/surface_grid_float_1.3.6.1.4.1.14519.5.2.1.6279.6001.191617711875409989053242965150.npy,0.6682162162162162,0.35496652126312256,0.24163749814033508,0.9333333373069763,89.52721405029297,12.793564796447754,1.1962755024433134,2.9236504149436953,6.132038116455078,10.086949348449707,33,25,8,85.13916778564453,0.25933697886202073,moderate_review,615
detector_top5,1.3.6.1.4.1.14519.5.2.1.6279.6001.124656777236468248920498636247,outputs/luna16_saliency_synthetic_detector_top5/1.3.6.1.4.1.14519.5.2.1.6279.6001.124656777236468248920498636247/surface_1.3.6.1.4.1.14519.5.2.1.6279.6001.124656777236468248920498636247.png,outputs/luna16_saliency_synthetic_detector_top5/1.3.6.1.4.1.14519.5.2.1.6279.6001.124656777236468248920498636247/surface_grid_float_1.3.6.1.4.1.14519.5.2.1.6279.6001.124656777236468248920498636247.npy,0.4986979166666667,0.3472616374492645,0.21537140011787415,0.886274516582489,111.74533081054688,17.697507858276367,1.1995710730552673,2.0185601592063884,2.8429813385009766,5.479363441467285,33,25,8,109.78720092773438,0.2589753859970304,moderate_review,616
detector_top5,1.3.6.1.4.1.14519.5.2.1.6279.6001.265775376735520890308424143898,outputs/luna16_saliency_synthetic_detector_top5/1.3.6.1.4.1.14519.5.2.1.6279.6001.265775376735520890308424143898/surface_1.3.6.1.4.1.14519.5.2.1.6279.6001.265775376735520890308424143898.png,outputs/luna16_saliency_synthetic_detector_top5/1.3.6.1.4.1.14519.5.2.1.6279.6001.265775376735520890308424143898/surface_grid_float_1.3.6.1.4.1.14519.5.2.1.6279.6001.265775376735520890308424143898.npy,0.5710368434612978,0.376149445772171,0.2578067481517792,0.9529411792755127,92.78521728515625,21.433141708374023,1.4163127064704886,2.9190348505973733,7.35060453414917,7.417797088623047,33,25,8,80.56558990478516,0.25869706785678837,moderate_review,617
detector_top5,1.3.6.1.4.1.14519.5.2.1.6279.6001.280125803152924778388346920341,outputs/luna16_saliency_synthetic_detector_top5/1.3.6.1.4.1.14519.5.2.1.6279.6001.280125803152924778388346920341/surface_1.3.6.1.4.1.14519.5.2.1.6279.6001.280125803152924778388346920341.png,outputs/luna16_saliency_synthetic_detector_top5/1.3.6.1.4.1.14519.5.2.1.6279.6001.280125803152924778388346920341/surface_grid_float_1.3.6.1.4.1.14519.5.2.1.6279.6001.280125803152924778388346920341.npy,0.5142224493272015,0.3448524475097656,0.21487173438072205,0.8588235378265381,97.91920471191406,21.53731346130371,1.468212366104126,2.7587795734405485,10.140183448791504,5.72960901260376,33,25,8,93.0503921508789,0.258694526195526,moderate_review,618
detector_top5,1.3.6.1.4.1.14519.5.2.1.6279.6001.311236942972970815890902714604,outputs/luna16_saliency_synthetic_detector_top5/1.3.6.1.4.1.14519.5.2.1.6279.6001.311236942972970815890902714604/surface_1.3.6.1.4.1.14519.5.2.1.6279.6001.311236942972970815890902714604.png,outputs/luna16_saliency_synthetic_detector_top5/1.3.6.1.4.1.14519.5.2.1.6279.6001.311236942972970815890902714604/surface_grid_float_1.3.6.1.4.1.14519.5.2.1.6279.6001.311236942972970815890902714604.npy,0.6143716509958548,0.3094765841960907,0.23160411417484283,0.9686274528503418,103.43053436279297,18.822357177734375,1.4239430367946624,2.1582900381088193,2.673433542251587,9.55453109741211,33,25,8,102.59676361083984,0.2583652164088353,moderate_review,619
detector_top5,1.3.6.1.4.1.14519.5.2.1.6279.6001.897684031374557757145405000951,outputs/luna16_saliency_synthetic_detector_top5/1.3.6.1.4.1.14519.5.2.1.6279.6001.897684031374557757145405000951/surface_1.3.6.1.4.1.14519.5.2.1.6279.6001.897684031374557757145405000951.png,outputs/luna16_saliency_synthetic_detector_top5/1.3.6.1.4.1.14519.5.2.1.6279.6001.897684031374557757145405000951/surface_grid_float_1.3.6.1.4.1.14519.5.2.1.6279.6001.897684031374557757145405000951.npy,0.4669604760835392,0.38609570264816284,0.2319025993347168,1.0,103.6609115600586,16.290117263793945,1.184519809484479,1.85577758193016,4.59475564956665,13.359210968017578,33,25,8,102.58578491210938,0.25812864887581927,moderate_review,620
detector_top5,1.3.6.1.4.1.14519.5.2.1.6279.6001.117040183261056772902616195387,outputs/luna16_saliency_synthetic_detector_top5/1.3.6.1.4.1.14519.5.2.1.6279.6001.117040183261056772902616195387/surface_1.3.6.1.4.1.14519.5.2.1.6279.6001.117040183261056772902616195387.png,outputs/luna16_saliency_synthetic_detector_top5/1.3.6.1.4.1.14519.5.2.1.6279.6001.117040183261056772902616195387/surface_grid_float_1.3.6.1.4.1.14519.5.2.1.6279.6001.117040183261056772902616195387.npy,0.3797523021412351,0.4141339659690857,0.22947360575199127,0.9607843160629272,95.55201721191406,18.06842613220215,1.1929974555969238,2.151751041412353,11.216960906982422,15.39804744720459,33,25,8,74.79700469970703,0.25802377647823754,moderate_review,621
detector_top5,1.3.6.1.4.1.14519.5.2.1.6279.6001.486999111981013268988489262668,outputs/luna16_saliency_synthetic_detector_top5/1.3.6.1.4.1.14519.5.2.1.6279.6001.486999111981013268988489262668/surface_1.3.6.1.4.1.14519.5.2.1.6279.6001.486999111981013268988489262668.png,outputs/luna16_saliency_synthetic_detector_top5/1.3.6.1.4.1.14519.5.2.1.6279.6001.486999111981013268988489262668/surface_grid_float_1.3.6.1.4.1.14519.5.2.1.6279.6001.486999111981013268988489262668.npy,0.1706401766004415,0.42761144042015076,0.24686674773693085,1.0,47.486724853515625,9.005769729614258,0.7010920256376268,1.8479205143451696,7.842627048492432,9.421005249023438,33,25,8,20.028564453125,0.2580090517298238,moderate_review,622
detector_top5,1.3.6.1.4.1.14519.5.2.1.6279.6001.392861216720727557882279374324,outputs/luna16_saliency_synthetic_detector_top5/1.3.6.1.4.1.14519.5.2.1.6279.6001.392861216720727557882279374324/surface_1.3.6.1.4.1.14519.5.2.1.6279.6001.392861216720727557882279374324.png,outputs/luna16_saliency_synthetic_detector_top5/1.3.6.1.4.1.14519.5.2.1.6279.6001.392861216720727557882279374324/surface_grid_float_1.3.6.1.4.1.14519.5.2.1.6279.6001.392861216720727557882279374324.npy,0.6636443404504241,0.34754592180252075,0.2180827111005783,0.9490196108818054,106.04743957519531,20.931684494018555,1.0757609486579893,2.0250230336189285,2.518078565597534,9.11646556854248,33,25,8,105.66107940673828,0.25775523600843225,moderate_review,623
detector_top5,1.3.6.1.4.1.14519.5.2.1.6279.6001.303865116731361029078599241306,outputs/luna16_saliency_synthetic_detector_top5/1.3.6.1.4.1.14519.5.2.1.6279.6001.303865116731361029078599241306/surface_1.3.6.1.4.1.14519.5.2.1.6279.6001.303865116731361029078599241306.png,outputs/luna16_saliency_synthetic_detector_top5/1.3.6.1.4.1.14519.5.2.1.6279.6001.303865116731361029078599241306/surface_grid_float_1.3.6.1.4.1.14519.5.2.1.6279.6001.303865116731361029078599241306.npy,0.6746208881750485,0.36394044756889343,0.23310062289237976,0.9254902005195618,109.6683120727539,18.469196319580078,1.6620310544967651,2.1510989665985107,2.8762552738189697,4.505232810974121,33,25,8,108.3344955444336,0.2573251175880432,moderate_review,624
detector_top5,1.3.6.1.4.1.14519.5.2.1.6279.6001.328944769569002417592093467626,outputs/luna16_saliency_synthetic_detector_top5/1.3.6.1.4.1.14519.5.2.1.6279.6001.328944769569002417592093467626/surface_1.3.6.1.4.1.14519.5.2.1.6279.6001.328944769569002417592093467626.png,outputs/luna16_saliency_synthetic_detector_top5/1.3.6.1.4.1.14519.5.2.1.6279.6001.328944769569002417592093467626/surface_grid_float_1.3.6.1.4.1.14519.5.2.1.6279.6001.328944769569002417592093467626.npy,0.5915204678362573,0.41123443841934204,0.2368662804365158,1.0,95.97219848632812,17.271581649780273,1.332807797193527,2.2668488526344284,2.5473577976226807,13.15978717803955,33,25,8,95.38551330566406,0.2572031012296676,moderate_review,625
detector_top5,1.3.6.1.4.1.14519.5.2.1.6279.6001.269689294231892620436462818860,outputs/luna16_saliency_synthetic_detector_top5/1.3.6.1.4.1.14519.5.2.1.6279.6001.269689294231892620436462818860/surface_1.3.6.1.4.1.14519.5.2.1.6279.6001.269689294231892620436462818860.png,outputs/luna16_saliency_synthetic_detector_top5/1.3.6.1.4.1.14519.5.2.1.6279.6001.269689294231892620436462818860/surface_grid_float_1.3.6.1.4.1.14519.5.2.1.6279.6001.269689294231892620436462818860.npy,0.570640554875561,0.3348371088504791,0.2322234958410263,0.9803921580314636,111.54093933105469,22.885168075561523,1.1909696459770203,1.4257117056846618,2.30293607711792,12.797612190246582,33,25,8,108.75437927246094,0.2571120549228456,moderate_review,626
detector_top5,1.3.6.1.4.1.14519.5.2.1.6279.6001.826812708000318290301835871780,outputs/luna16_saliency_synthetic_detector_top5/1.3.6.1.4.1.14519.5.2.1.6279.6001.826812708000318290301835871780/surface_1.3.6.1.4.1.14519.5.2.1.6279.6001.826812708000318290301835871780.png,outputs/luna16_saliency_synthetic_detector_top5/1.3.6.1.4.1.14519.5.2.1.6279.6001.826812708000318290301835871780/surface_grid_float_1.3.6.1.4.1.14519.5.2.1.6279.6001.826812708000318290301835871780.npy,0.523950508174989,0.3400903344154358,0.2209668755531311,0.9098039269447327,107.64264678955078,18.610321044921875,1.341670924425125,1.786343445777893,15.786666870117188,10.467592239379883,33,25,8,103.54850006103516,0.2562560307767656,moderate_review,627
detector_top5,1.3.6.1.4.1.14519.5.2.1.6279.6001.146603910507557786636779705509,outputs/luna16_saliency_synthetic_detector_top5/1.3.6.1.4.1.14519.5.2.1.6279.6001.146603910507557786636779705509/surface_1.3.6.1.4.1.14519.5.2.1.6279.6001.146603910507557786636779705509.png,outputs/luna16_saliency_synthetic_detector_top5/1.3.6.1.4.1.14519.5.2.1.6279.6001.146603910507557786636779705509/surface_grid_float_1.3.6.1.4.1.14519.5.2.1.6279.6001.146603910507557786636779705509.npy,0.627336863392871,0.3619782626628876,0.2296672910451889,1.0,101.56883239746094,23.454612731933594,1.1518130779266356,1.7952284431457517,2.098548412322998,14.766853332519531,33,25,8,101.38676452636719,0.2559534702512953,moderate_review,628
detector_top5,1.3.6.1.4.1.14519.5.2.1.6279.6001.195913706607582347421429908613,outputs/luna16_saliency_synthetic_detector_top5/1.3.6.1.4.1.14519.5.2.1.6279.6001.195913706607582347421429908613/surface_1.3.6.1.4.1.14519.5.2.1.6279.6001.195913706607582347421429908613.png,outputs/luna16_saliency_synthetic_detector_top5/1.3.6.1.4.1.14519.5.2.1.6279.6001.195913706607582347421429908613/surface_grid_float_1.3.6.1.4.1.14519.5.2.1.6279.6001.195913706607582347421429908613.npy,0.5989633008500933,0.3769337832927704,0.23602402210235596,0.987019608616838,93.25871276855469,16.929597854614258,1.0659521341323857,2.7303077125549264,4.510611534118652,8.284022331237793,33,25,8,90.93743896484375,0.25574935783810065,moderate_review,629
detector_top5,1.3.6.1.4.1.14519.5.2.1.6279.6001.300693623747082239407271583452,outputs/luna16_saliency_synthetic_detector_top5/1.3.6.1.4.1.14519.5.2.1.6279.6001.300693623747082239407271583452/surface_1.3.6.1.4.1.14519.5.2.1.6279.6001.300693623747082239407271583452.png,outputs/luna16_saliency_synthetic_detector_top5/1.3.6.1.4.1.14519.5.2.1.6279.6001.300693623747082239407271583452/surface_grid_float_1.3.6.1.4.1.14519.5.2.1.6279.6001.300693623747082239407271583452.npy,0.6103557312252964,0.35441091656684875,0.2442411333322525,1.0,98.38423156738281,12.041143417358398,1.1253675580024716,2.7092549896240237,14.311941146850586,4.553512096405029,33,25,8,89.93446350097656,0.255370284737481,moderate_review,630
detector_top5,1.3.6.1.4.1.14519.5.2.1.6279.6001.340012777775661021262977442176,outputs/luna16_saliency_synthetic_detector_top5/1.3.6.1.4.1.14519.5.2.1.6279.6001.340012777775661021262977442176/surface_1.3.6.1.4.1.14519.5.2.1.6279.6001.340012777775661021262977442176.png,outputs/luna16_saliency_synthetic_detector_top5/1.3.6.1.4.1.14519.5.2.1.6279.6001.340012777775661021262977442176/surface_grid_float_1.3.6.1.4.1.14519.5.2.1.6279.6001.340012777775661021262977442176.npy,0.620734181885261,0.3916097581386566,0.21920405328273773,0.9254902005195618,94.02156066894531,17.512279510498047,1.3698791503906247,2.7516352319717394,5.578675746917725,7.222846031188965,33,25,8,91.41465759277344,0.25530242703225875,moderate_review,631
detector_top5,1.3.6.1.4.1.14519.5.2.1.6279.6001.319066480138812986026181758474,outputs/luna16_saliency_synthetic_detector_top5/1.3.6.1.4.1.14519.5.2.1.6279.6001.319066480138812986026181758474/surface_1.3.6.1.4.1.14519.5.2.1.6279.6001.319066480138812986026181758474.png,outputs/luna16_saliency_synthetic_detector_top5/1.3.6.1.4.1.14519.5.2.1.6279.6001.319066480138812986026181758474/surface_grid_float_1.3.6.1.4.1.14519.5.2.1.6279.6001.319066480138812986026181758474.npy,0.5956002952271608,0.39720869064331055,0.21887286007404327,1.0,92.05935668945312,17.249229431152344,1.3645079731941223,2.978371322154999,20.01398277282715,5.593881607055664,33,25,8,84.26998901367188,0.2552142488294178,moderate_review,632
detector_top5,1.3.6.1.4.1.14519.5.2.1.6279.6001.300270516469599170290456821227,outputs/luna16_saliency_synthetic_detector_top5/1.3.6.1.4.1.14519.5.2.1.6279.6001.300270516469599170290456821227/surface_1.3.6.1.4.1.14519.5.2.1.6279.6001.300270516469599170290456821227.png,outputs/luna16_saliency_synthetic_detector_top5/1.3.6.1.4.1.14519.5.2.1.6279.6001.300270516469599170290456821227/surface_grid_float_1.3.6.1.4.1.14519.5.2.1.6279.6001.300270516469599170290456821227.npy,0.6946382978723404,0.3431675136089325,0.22635063529014587,0.9450980424880981,101.69378662109375,22.017784118652344,1.5732981443405147,2.27963260889054,2.5855607986450195,7.723067283630371,33,25,8,100.92720031738281,0.2550409943766066,moderate_review,633
detector_top5,1.3.6.1.4.1.14519.5.2.1.6279.6001.183982839679953938397312236359,outputs/luna16_saliency_synthetic_detector_top5/1.3.6.1.4.1.14519.5.2.1.6279.6001.183982839679953938397312236359/surface_1.3.6.1.4.1.14519.5.2.1.6279.6001.183982839679953938397312236359.png,outputs/luna16_saliency_synthetic_detector_top5/1.3.6.1.4.1.14519.5.2.1.6279.6001.183982839679953938397312236359/surface_grid_float_1.3.6.1.4.1.14519.5.2.1.6279.6001.183982839679953938397312236359.npy,0.2926917989417989,0.34226444363594055,0.25437644124031067,1.0,94.11215209960938,23.23865509033203,0.9715730458497999,1.1053155732154847,8.783219337463379,14.312992095947266,33,25,8,92.54808044433594,0.254567246593081,moderate_review,634
detector_top5,1.3.6.1.4.1.14519.5.2.1.6279.6001.200841000324240313648595016964,outputs/luna16_saliency_synthetic_detector_top5/1.3.6.1.4.1.14519.5.2.1.6279.6001.200841000324240313648595016964/surface_1.3.6.1.4.1.14519.5.2.1.6279.6001.200841000324240313648595016964.png,outputs/luna16_saliency_synthetic_detector_top5/1.3.6.1.4.1.14519.5.2.1.6279.6001.200841000324240313648595016964/surface_grid_float_1.3.6.1.4.1.14519.5.2.1.6279.6001.200841000324240313648595016964.npy,0.5708728652751424,0.36009523272514343,0.23953403532505035,1.0,110.07418060302734,24.51288414001465,1.2668698549270632,1.553704203367235,1.7337417602539062,10.883359909057617,33,25,8,108.42536926269531,0.25425333801507954,moderate_review,635
detector_top5,1.3.6.1.4.1.14519.5.2.1.6279.6001.252697338970999211181671881792,outputs/luna16_saliency_synthetic_detector_top5/1.3.6.1.4.1.14519.5.2.1.6279.6001.252697338970999211181671881792/surface_1.3.6.1.4.1.14519.5.2.1.6279.6001.252697338970999211181671881792.png,outputs/luna16_saliency_synthetic_detector_top5/1.3.6.1.4.1.14519.5.2.1.6279.6001.252697338970999211181671881792/surface_grid_float_1.3.6.1.4.1.14519.5.2.1.6279.6001.252697338970999211181671881792.npy,0.6002686592225673,0.37715601921081543,0.22086553275585175,0.9803921580314636,103.57185363769531,19.877864837646484,1.294726991653442,2.003689351081847,2.2725422382354736,9.398652076721191,33,25,8,103.05412292480469,0.2536163300991058,moderate_review,636
detector_top5,1.3.6.1.4.1.14519.5.2.1.6279.6001.142485715518010940961688015191,outputs/luna16_saliency_synthetic_detector_top5/1.3.6.1.4.1.14519.5.2.1.6279.6001.142485715518010940961688015191/surface_1.3.6.1.4.1.14519.5.2.1.6279.6001.142485715518010940961688015191.png,outputs/luna16_saliency_synthetic_detector_top5/1.3.6.1.4.1.14519.5.2.1.6279.6001.142485715518010940961688015191/surface_grid_float_1.3.6.1.4.1.14519.5.2.1.6279.6001.142485715518010940961688015191.npy,0.6056012999604004,0.3408258259296417,0.2294522225856781,0.9215686321258545,103.53353881835938,21.963409423828125,0.9380950927734363,1.902191314697263,6.240721225738525,10.768357276916504,33,25,8,100.19791412353516,0.2535513203091091,moderate_review,637
detector_top5,1.3.6.1.4.1.14519.5.2.1.6279.6001.300271604576987336866436407488,outputs/luna16_saliency_synthetic_detector_top5/1.3.6.1.4.1.14519.5.2.1.6279.6001.300271604576987336866436407488/surface_1.3.6.1.4.1.14519.5.2.1.6279.6001.300271604576987336866436407488.png,outputs/luna16_saliency_synthetic_detector_top5/1.3.6.1.4.1.14519.5.2.1.6279.6001.300271604576987336866436407488/surface_grid_float_1.3.6.1.4.1.14519.5.2.1.6279.6001.300271604576987336866436407488.npy,0.5833333333333334,0.32851293683052063,0.24323920905590057,0.9882352948188782,104.6791763305664,18.59853744506836,1.1280020475387569,1.8914800393581406,5.6552228927612305,10.05102825164795,33,25,8,101.26420593261719,0.25354531340201697,moderate_review,638
detector_top5,1.3.6.1.4.1.14519.5.2.1.6279.6001.303066851236267189733420290986,outputs/luna16_saliency_synthetic_detector_top5/1.3.6.1.4.1.14519.5.2.1.6279.6001.303066851236267189733420290986/surface_1.3.6.1.4.1.14519.5.2.1.6279.6001.303066851236267189733420290986.png,outputs/luna16_saliency_synthetic_detector_top5/1.3.6.1.4.1.14519.5.2.1.6279.6001.303066851236267189733420290986/surface_grid_float_1.3.6.1.4.1.14519.5.2.1.6279.6001.303066851236267189733420290986.npy,0.5420647149460709,0.4010136127471924,0.22609581053256989,1.0,111.9874038696289,24.15460968017578,1.0662111639976501,1.263739242553711,1.5862956047058105,12.99393081665039,33,25,8,111.6552963256836,0.2534332522074381,moderate_review,639
detector_top5,1.3.6.1.4.1.14519.5.2.1.6279.6001.811825890493256320617655474043,outputs/luna16_saliency_synthetic_detector_top5/1.3.6.1.4.1.14519.5.2.1.6279.6001.811825890493256320617655474043/surface_1.3.6.1.4.1.14519.5.2.1.6279.6001.811825890493256320617655474043.png,outputs/luna16_saliency_synthetic_detector_top5/1.3.6.1.4.1.14519.5.2.1.6279.6001.811825890493256320617655474043/surface_grid_float_1.3.6.1.4.1.14519.5.2.1.6279.6001.811825890493256320617655474043.npy,0.6285023646873358,0.3441518247127533,0.2383577823638916,0.9882352948188782,106.01720428466797,22.148845672607422,1.4879858732223508,1.665199127197266,1.7583502531051636,12.047017097473145,33,25,8,105.88688659667969,0.2534224633958605,moderate_review,640
detector_top5,1.3.6.1.4.1.14519.5.2.1.6279.6001.154677396354641150280013275227,outputs/luna16_saliency_synthetic_detector_top5/1.3.6.1.4.1.14519.5.2.1.6279.6001.154677396354641150280013275227/surface_1.3.6.1.4.1.14519.5.2.1.6279.6001.154677396354641150280013275227.png,outputs/luna16_saliency_synthetic_detector_top5/1.3.6.1.4.1.14519.5.2.1.6279.6001.154677396354641150280013275227/surface_grid_float_1.3.6.1.4.1.14519.5.2.1.6279.6001.154677396354641150280013275227.npy,0.48157100866336633,0.3811195194721222,0.25240373611450195,1.0,91.47354125976562,17.33087730407715,1.3824286401271815,2.882099709510803,9.299205780029297,6.394131183624268,33,25,8,87.09011840820312,0.2531280737929874,moderate_review,641
detector_top5,1.3.6.1.4.1.14519.5.2.1.6279.6001.401389720232123950202941034290,outputs/luna16_saliency_synthetic_detector_top5/1.3.6.1.4.1.14519.5.2.1.6279.6001.401389720232123950202941034290/surface_1.3.6.1.4.1.14519.5.2.1.6279.6001.401389720232123950202941034290.png,outputs/luna16_saliency_synthetic_detector_top5/1.3.6.1.4.1.14519.5.2.1.6279.6001.401389720232123950202941034290/surface_grid_float_1.3.6.1.4.1.14519.5.2.1.6279.6001.401389720232123950202941034290.npy,0.5865228645383952,0.3632950782775879,0.22991140186786652,1.0,98.4428482055664,24.96036720275879,1.0594338119029993,2.068603417873384,2.6599957942962646,11.715106010437012,33,25,8,96.95529174804688,0.2521630851242278,moderate_review,642
detector_top5,1.3.6.1.4.1.14519.5.2.1.6279.6001.139595277234735528205899724196,outputs/luna16_saliency_synthetic_detector_top5/1.3.6.1.4.1.14519.5.2.1.6279.6001.139595277234735528205899724196/surface_1.3.6.1.4.1.14519.5.2.1.6279.6001.139595277234735528205899724196.png,outputs/luna16_saliency_synthetic_detector_top5/1.3.6.1.4.1.14519.5.2.1.6279.6001.139595277234735528205899724196/surface_grid_float_1.3.6.1.4.1.14519.5.2.1.6279.6001.139595277234735528205899724196.npy,0.5567154400524131,0.34465882182121277,0.23418202996253967,0.9019607901573181,94.6734619140625,25.53127098083496,1.2960461378097516,2.4493934059143148,11.700960159301758,9.386815071105957,33,25,8,89.00580596923828,0.2521304944144357,moderate_review,643
detector_top5,1.3.6.1.4.1.14519.5.2.1.6279.6001.173556680294801532247454313511,outputs/luna16_saliency_synthetic_detector_top5/1.3.6.1.4.1.14519.5.2.1.6279.6001.173556680294801532247454313511/surface_1.3.6.1.4.1.14519.5.2.1.6279.6001.173556680294801532247454313511.png,outputs/luna16_saliency_synthetic_detector_top5/1.3.6.1.4.1.14519.5.2.1.6279.6001.173556680294801532247454313511/surface_grid_float_1.3.6.1.4.1.14519.5.2.1.6279.6001.173556680294801532247454313511.npy,0.5627461910070606,0.3820956349372864,0.23899483680725098,1.0,101.17815399169922,19.048723220825195,1.422530943155288,2.2558675909042356,2.5981976985931396,7.100928783416748,33,25,8,100.7879638671875,0.2520861261208852,moderate_review,644
detector_top5,1.3.6.1.4.1.14519.5.2.1.6279.6001.190144948425835566841437565646,outputs/luna16_saliency_synthetic_detector_top5/1.3.6.1.4.1.14519.5.2.1.6279.6001.190144948425835566841437565646/surface_1.3.6.1.4.1.14519.5.2.1.6279.6001.190144948425835566841437565646.png,outputs/luna16_saliency_synthetic_detector_top5/1.3.6.1.4.1.14519.5.2.1.6279.6001.190144948425835566841437565646/surface_grid_float_1.3.6.1.4.1.14519.5.2.1.6279.6001.190144948425835566841437565646.npy,0.6770534550195567,0.33419960737228394,0.23907747864723206,1.0,110.74276733398438,24.46442222595215,1.536760753393173,1.8399732768535615,2.009359836578369,5.533840179443359,33,25,8,110.53878021240234,0.252067899816566,moderate_review,645
detector_top5,1.3.6.1.4.1.14519.5.2.1.6279.6001.955688628308192728558382581802,outputs/luna16_saliency_synthetic_detector_top5/1.3.6.1.4.1.14519.5.2.1.6279.6001.955688628308192728558382581802/surface_1.3.6.1.4.1.14519.5.2.1.6279.6001.955688628308192728558382581802.png,outputs/luna16_saliency_synthetic_detector_top5/1.3.6.1.4.1.14519.5.2.1.6279.6001.955688628308192728558382581802/surface_grid_float_1.3.6.1.4.1.14519.5.2.1.6279.6001.955688628308192728558382581802.npy,0.45505369365116827,0.3384948670864105,0.24731628596782684,1.0,107.76882934570312,24.542091369628906,1.2766643166542053,1.690125398635861,1.9338250160217285,9.774918556213379,33,25,8,107.55551147460938,0.2520405187712774,moderate_review,646
detector_top5,1.3.6.1.4.1.14519.5.2.1.6279.6001.850739282072340578344345230132,outputs/luna16_saliency_synthetic_detector_top5/1.3.6.1.4.1.14519.5.2.1.6279.6001.850739282072340578344345230132/surface_1.3.6.1.4.1.14519.5.2.1.6279.6001.850739282072340578344345230132.png,outputs/luna16_saliency_synthetic_detector_top5/1.3.6.1.4.1.14519.5.2.1.6279.6001.850739282072340578344345230132/surface_grid_float_1.3.6.1.4.1.14519.5.2.1.6279.6001.850739282072340578344345230132.npy,0.61144515861497,0.349072128534317,0.2360542267560959,0.9725490212440491,90.05352783203125,11.642505645751953,0.9960078299045535,2.926662418842316,20.69376564025879,6.1237335205078125,33,25,8,72.10392761230469,0.25149738233089447,moderate_review,647
detector_top5,1.3.6.1.4.1.14519.5.2.1.6279.6001.113697708991260454310623082679,outputs/luna16_saliency_synthetic_detector_top5/1.3.6.1.4.1.14519.5.2.1.6279.6001.113697708991260454310623082679/surface_1.3.6.1.4.1.14519.5.2.1.6279.6001.113697708991260454310623082679.png,outputs/luna16_saliency_synthetic_detector_top5/1.3.6.1.4.1.14519.5.2.1.6279.6001.113697708991260454310623082679/surface_grid_float_1.3.6.1.4.1.14519.5.2.1.6279.6001.113697708991260454310623082679.npy,0.5079071006490361,0.3712864816188812,0.22777584195137024,1.0,107.39262390136719,19.62214469909668,1.255070203542709,1.6884409177303314,9.643145561218262,9.795703887939453,33,25,8,107.13119506835938,0.25140916489627624,moderate_review,648
detector_top5,1.3.6.1.4.1.14519.5.2.1.6279.6001.910607280658963002048724648683,outputs/luna16_saliency_synthetic_detector_top5/1.3.6.1.4.1.14519.5.2.1.6279.6001.910607280658963002048724648683/surface_1.3.6.1.4.1.14519.5.2.1.6279.6001.910607280658963002048724648683.png,outputs/luna16_saliency_synthetic_detector_top5/1.3.6.1.4.1.14519.5.2.1.6279.6001.910607280658963002048724648683/surface_grid_float_1.3.6.1.4.1.14519.5.2.1.6279.6001.910607280658963002048724648683.npy,0.4578112132475684,0.4576292634010315,0.24313318729400635,1.0,99.92638397216797,16.69420623779297,1.841572356224059,2.4576386451721195,12.340499877929688,4.942473888397217,33,25,8,99.51002502441406,0.25125640794965953,moderate_review,649
detector_top5,1.3.6.1.4.1.14519.5.2.1.6279.6001.184019785706727365023450012318,outputs/luna16_saliency_synthetic_detector_top5/1.3.6.1.4.1.14519.5.2.1.6279.6001.184019785706727365023450012318/surface_1.3.6.1.4.1.14519.5.2.1.6279.6001.184019785706727365023450012318.png,outputs/luna16_saliency_synthetic_detector_top5/1.3.6.1.4.1.14519.5.2.1.6279.6001.184019785706727365023450012318/surface_grid_float_1.3.6.1.4.1.14519.5.2.1.6279.6001.184019785706727365023450012318.npy,0.6026715930083842,0.34564465284347534,0.23585283756256104,0.8588235378265381,109.61468505859375,22.77852439880371,0.9975912034511567,1.1084715211391438,1.2012473344802856,15.835015296936035,33,25,8,109.5066909790039,0.2511342102805773,moderate_review,650
detector_top5,1.3.6.1.4.1.14519.5.2.1.6279.6001.900182736599353600185270496549,outputs/luna16_saliency_synthetic_detector_top5/1.3.6.1.4.1.14519.5.2.1.6279.6001.900182736599353600185270496549/surface_1.3.6.1.4.1.14519.5.2.1.6279.6001.900182736599353600185270496549.png,outputs/luna16_saliency_synthetic_detector_top5/1.3.6.1.4.1.14519.5.2.1.6279.6001.900182736599353600185270496549/surface_grid_float_1.3.6.1.4.1.14519.5.2.1.6279.6001.900182736599353600185270496549.npy,0.5810105438981105,0.34167712926864624,0.23416751623153687,0.8784313797950745,100.32865905761719,19.917036056518555,1.4578756749629969,2.0779469633102376,2.33559513092041,9.616411209106445,33,25,8,99.27535247802734,0.2509226433489056,moderate_review,651
detector_top5,1.3.6.1.4.1.14519.5.2.1.6279.6001.246178337114401749164850220976,outputs/luna16_saliency_synthetic_detector_top5/1.3.6.1.4.1.14519.5.2.1.6279.6001.246178337114401749164850220976/surface_1.3.6.1.4.1.14519.5.2.1.6279.6001.246178337114401749164850220976.png,outputs/luna16_saliency_synthetic_detector_top5/1.3.6.1.4.1.14519.5.2.1.6279.6001.246178337114401749164850220976/surface_grid_float_1.3.6.1.4.1.14519.5.2.1.6279.6001.246178337114401749164850220976.npy,0.16302916061046513,0.4070360064506531,0.2542966604232788,0.9450980424880981,46.514678955078125,8.540583610534668,0.47079658210277436,1.637618939876554,3.326249361038208,7.721963882446289,33,25,8,24.01318359375,0.25065343251135913,moderate_review,652
detector_top5,1.3.6.1.4.1.14519.5.2.1.6279.6001.198698492013538481395497694975,outputs/luna16_saliency_synthetic_detector_top5/1.3.6.1.4.1.14519.5.2.1.6279.6001.198698492013538481395497694975/surface_1.3.6.1.4.1.14519.5.2.1.6279.6001.198698492013538481395497694975.png,outputs/luna16_saliency_synthetic_detector_top5/1.3.6.1.4.1.14519.5.2.1.6279.6001.198698492013538481395497694975/surface_grid_float_1.3.6.1.4.1.14519.5.2.1.6279.6001.198698492013538481395497694975.npy,0.48682108626198084,0.31771954894065857,0.22331808507442474,0.8196078538894653,104.89013671875,16.628456115722656,1.2311876475811006,1.991216411590575,2.7037699222564697,7.176795482635498,33,25,8,103.28819274902344,0.2505018212848239,moderate_review,653
detector_top5,1.3.6.1.4.1.14519.5.2.1.6279.6001.334184846571549530235084187602,outputs/luna16_saliency_synthetic_detector_top5/1.3.6.1.4.1.14519.5.2.1.6279.6001.334184846571549530235084187602/surface_1.3.6.1.4.1.14519.5.2.1.6279.6001.334184846571549530235084187602.png,outputs/luna16_saliency_synthetic_detector_top5/1.3.6.1.4.1.14519.5.2.1.6279.6001.334184846571549530235084187602/surface_grid_float_1.3.6.1.4.1.14519.5.2.1.6279.6001.334184846571549530235084187602.npy,0.6171969909354266,0.28676334023475647,0.21722596883773804,0.8549019694328308,106.66206359863281,23.143972396850586,1.183794206380844,1.3977375161647796,1.488993763923645,13.206934928894043,33,25,8,106.56758880615234,0.2490509757690959,moderate_review,654
detector_top5,1.3.6.1.4.1.14519.5.2.1.6279.6001.167661207884826429102690781600,outputs/luna16_saliency_synthetic_detector_top5/1.3.6.1.4.1.14519.5.2.1.6279.6001.167661207884826429102690781600/surface_1.3.6.1.4.1.14519.5.2.1.6279.6001.167661207884826429102690781600.png,outputs/luna16_saliency_synthetic_detector_top5/1.3.6.1.4.1.14519.5.2.1.6279.6001.167661207884826429102690781600/surface_grid_float_1.3.6.1.4.1.14519.5.2.1.6279.6001.167661207884826429102690781600.npy,0.5465085982282438,0.36984196305274963,0.23672877252101898,1.0,94.54660034179688,12.59549617767334,1.2130813002586365,2.2288045525550833,14.57525634765625,11.002106666564941,33,25,8,89.02973175048828,0.2488909297386805,moderate_review,655
detector_top5,1.3.6.1.4.1.14519.5.2.1.6279.6001.207341668080525761926965850679,outputs/luna16_saliency_synthetic_detector_top5/1.3.6.1.4.1.14519.5.2.1.6279.6001.207341668080525761926965850679/surface_1.3.6.1.4.1.14519.5.2.1.6279.6001.207341668080525761926965850679.png,outputs/luna16_saliency_synthetic_detector_top5/1.3.6.1.4.1.14519.5.2.1.6279.6001.207341668080525761926965850679/surface_grid_float_1.3.6.1.4.1.14519.5.2.1.6279.6001.207341668080525761926965850679.npy,0.10681799075241698,0.6026604771614075,0.23947544395923615,1.0,36.15960693359375,9.138219833374023,0.5675776004791254,0.7575342297554019,8.303424835205078,12.0524320602417,33,25,8,6.991790771484375,0.2487363689462203,moderate_review,656
detector_top5,1.3.6.1.4.1.14519.5.2.1.6279.6001.205615524269596458818376243313,outputs/luna16_saliency_synthetic_detector_top5/1.3.6.1.4.1.14519.5.2.1.6279.6001.205615524269596458818376243313/surface_1.3.6.1.4.1.14519.5.2.1.6279.6001.205615524269596458818376243313.png,outputs/luna16_saliency_synthetic_detector_top5/1.3.6.1.4.1.14519.5.2.1.6279.6001.205615524269596458818376243313/surface_grid_float_1.3.6.1.4.1.14519.5.2.1.6279.6001.205615524269596458818376243313.npy,0.5210656413073331,0.3387269079685211,0.23641030490398407,1.0,108.65738677978516,20.575456619262695,1.0939508914947509,1.3454047417640684,4.821056365966797,12.185480117797852,33,25,8,107.94873809814453,0.24853663159211475,moderate_review,657
detector_top5,1.3.6.1.4.1.14519.5.2.1.6279.6001.216252660192313507027754194207,outputs/luna16_saliency_synthetic_detector_top5/1.3.6.1.4.1.14519.5.2.1.6279.6001.216252660192313507027754194207/surface_1.3.6.1.4.1.14519.5.2.1.6279.6001.216252660192313507027754194207.png,outputs/luna16_saliency_synthetic_detector_top5/1.3.6.1.4.1.14519.5.2.1.6279.6001.216252660192313507027754194207/surface_grid_float_1.3.6.1.4.1.14519.5.2.1.6279.6001.216252660192313507027754194207.npy,0.504490323101451,0.43438804149627686,0.2508724629878998,1.0,99.94108581542969,21.79410171508789,1.3039440512657166,1.9447394609451294,2.225464344024658,10.616111755371094,33,25,8,99.63026428222656,0.24850201964378354,moderate_review,658
detector_top5,1.3.6.1.4.1.14519.5.2.1.6279.6001.935683764293840351008008793409,outputs/luna16_saliency_synthetic_detector_top5/1.3.6.1.4.1.14519.5.2.1.6279.6001.935683764293840351008008793409/surface_1.3.6.1.4.1.14519.5.2.1.6279.6001.935683764293840351008008793409.png,outputs/luna16_saliency_synthetic_detector_top5/1.3.6.1.4.1.14519.5.2.1.6279.6001.935683764293840351008008793409/surface_grid_float_1.3.6.1.4.1.14519.5.2.1.6279.6001.935683764293840351008008793409.npy,0.489671910430839,0.450533926486969,0.26618435978889465,1.0,106.57103729248047,21.17039680480957,1.3995056629180904,1.7740473842620847,2.154229164123535,7.801361083984375,33,25,8,106.13811492919922,0.24817617497973968,moderate_review,659
detector_top5,1.3.6.1.4.1.14519.5.2.1.6279.6001.640729228179368154416184318668,outputs/luna16_saliency_synthetic_detector_top5/1.3.6.1.4.1.14519.5.2.1.6279.6001.640729228179368154416184318668/surface_1.3.6.1.4.1.14519.5.2.1.6279.6001.640729228179368154416184318668.png,outputs/luna16_saliency_synthetic_detector_top5/1.3.6.1.4.1.14519.5.2.1.6279.6001.640729228179368154416184318668/surface_grid_float_1.3.6.1.4.1.14519.5.2.1.6279.6001.640729228179368154416184318668.npy,0.599321237436366,0.3082694411277771,0.23144161701202393,0.9098039269447327,98.16350555419922,21.67809295654297,1.0615364074707034,1.8880089163780336,5.907252788543701,12.560880661010742,33,25,8,96.32622528076172,0.24815917821725247,moderate_review,660
detector_top5,1.3.6.1.4.1.14519.5.2.1.6279.6001.264251211689085893915477907261,outputs/luna16_saliency_synthetic_detector_top5/1.3.6.1.4.1.14519.5.2.1.6279.6001.264251211689085893915477907261/surface_1.3.6.1.4.1.14519.5.2.1.6279.6001.264251211689085893915477907261.png,outputs/luna16_saliency_synthetic_detector_top5/1.3.6.1.4.1.14519.5.2.1.6279.6001.264251211689085893915477907261/surface_grid_float_1.3.6.1.4.1.14519.5.2.1.6279.6001.264251211689085893915477907261.npy,0.5529724933451642,0.32495060563087463,0.23321013152599335,0.9677254921197765,94.728515625,18.028751373291016,1.1203268766403198,2.0710884308815003,2.58158540725708,11.636338233947754,33,25,8,93.5526123046875,0.2458720417102178,moderate_review,661
detector_top5,1.3.6.1.4.1.14519.5.2.1.6279.6001.346115813056769250958550383763,outputs/luna16_saliency_synthetic_detector_top5/1.3.6.1.4.1.14519.5.2.1.6279.6001.346115813056769250958550383763/surface_1.3.6.1.4.1.14519.5.2.1.6279.6001.346115813056769250958550383763.png,outputs/luna16_saliency_synthetic_detector_top5/1.3.6.1.4.1.14519.5.2.1.6279.6001.346115813056769250958550383763/surface_grid_float_1.3.6.1.4.1.14519.5.2.1.6279.6001.346115813056769250958550383763.npy,0.2935216240070609,0.369961142539978,0.2443830370903015,0.9960784316062927,84.01701354980469,16.773963928222656,0.9453534960746763,1.602647238969803,5.077395439147949,11.347731590270996,33,25,8,82.82415771484375,0.24559831210739946,moderate_review,662
detector_top5,1.3.6.1.4.1.14519.5.2.1.6279.6001.323535944958374186208096541480,outputs/luna16_saliency_synthetic_detector_top5/1.3.6.1.4.1.14519.5.2.1.6279.6001.323535944958374186208096541480/surface_1.3.6.1.4.1.14519.5.2.1.6279.6001.323535944958374186208096541480.png,outputs/luna16_saliency_synthetic_detector_top5/1.3.6.1.4.1.14519.5.2.1.6279.6001.323535944958374186208096541480/surface_grid_float_1.3.6.1.4.1.14519.5.2.1.6279.6001.323535944958374186208096541480.npy,0.6591264403312038,0.3514188230037689,0.23107752203941345,0.929411768913269,88.4198226928711,11.949378967285156,1.1483624577522278,3.003083276748663,10.758437156677246,3.5889482498168945,33,25,8,75.33445739746094,0.24543431001239369,moderate_review,663
detector_top5,1.3.6.1.4.1.14519.5.2.1.6279.6001.339142594937666268384335506819,outputs/luna16_saliency_synthetic_detector_top5/1.3.6.1.4.1.14519.5.2.1.6279.6001.339142594937666268384335506819/surface_1.3.6.1.4.1.14519.5.2.1.6279.6001.339142594937666268384335506819.png,outputs/luna16_saliency_synthetic_detector_top5/1.3.6.1.4.1.14519.5.2.1.6279.6001.339142594937666268384335506819/surface_grid_float_1.3.6.1.4.1.14519.5.2.1.6279.6001.339142594937666268384335506819.npy,0.6178653530377668,0.36728113889694214,0.21375730633735657,0.8891372615099079,100.52560424804688,22.595136642456055,1.3355806469917295,2.0345103883743314,2.3137967586517334,7.416142463684082,33,25,8,98.83892059326172,0.24505830198393938,moderate_review,664
detector_top5,1.3.6.1.4.1.14519.5.2.1.6279.6001.230416590143922549745658357505,outputs/luna16_saliency_synthetic_detector_top5/1.3.6.1.4.1.14519.5.2.1.6279.6001.230416590143922549745658357505/surface_1.3.6.1.4.1.14519.5.2.1.6279.6001.230416590143922549745658357505.png,outputs/luna16_saliency_synthetic_detector_top5/1.3.6.1.4.1.14519.5.2.1.6279.6001.230416590143922549745658357505/surface_grid_float_1.3.6.1.4.1.14519.5.2.1.6279.6001.230416590143922549745658357505.npy,0.46719486889266176,0.4315016269683838,0.2338360995054245,0.9411764740943909,97.18059539794922,18.07758140563965,1.2215472996234888,1.8815816247463222,3.125779867172241,11.873608589172363,33,25,8,96.6477279663086,0.24480090460379916,moderate_review,665
detector_top5,1.3.6.1.4.1.14519.5.2.1.6279.6001.261678072503577216586082745513,outputs/luna16_saliency_synthetic_detector_top5/1.3.6.1.4.1.14519.5.2.1.6279.6001.261678072503577216586082745513/surface_1.3.6.1.4.1.14519.5.2.1.6279.6001.261678072503577216586082745513.png,outputs/luna16_saliency_synthetic_detector_top5/1.3.6.1.4.1.14519.5.2.1.6279.6001.261678072503577216586082745513/surface_grid_float_1.3.6.1.4.1.14519.5.2.1.6279.6001.261678072503577216586082745513.npy,0.5957494574571578,0.28872740268707275,0.22701892256736755,0.8627451062202454,95.09480285644531,21.866928100585938,1.0204647898674009,2.355017828941343,3.610194444656372,6.983163833618164,33,25,8,92.17631530761719,0.24466001481480062,moderate_review,666
detector_top5,1.3.6.1.4.1.14519.5.2.1.6279.6001.221017801605543296514746423389,outputs/luna16_saliency_synthetic_detector_top5/1.3.6.1.4.1.14519.5.2.1.6279.6001.221017801605543296514746423389/surface_1.3.6.1.4.1.14519.5.2.1.6279.6001.221017801605543296514746423389.png,outputs/luna16_saliency_synthetic_detector_top5/1.3.6.1.4.1.14519.5.2.1.6279.6001.221017801605543296514746423389/surface_grid_float_1.3.6.1.4.1.14519.5.2.1.6279.6001.221017801605543296514746423389.npy,0.5235439195598558,0.48132070899009705,0.21589501202106476,0.9803921580314636,88.39985656738281,12.89136791229248,1.1659254074096679,2.516921768188469,3.6046085357666016,9.718505859375,33,25,8,87.72251892089844,0.2444374270121254,moderate_review,667
detector_top5,1.3.6.1.4.1.14519.5.2.1.6279.6001.179943248049071805421192715219,outputs/luna16_saliency_synthetic_detector_top5/1.3.6.1.4.1.14519.5.2.1.6279.6001.179943248049071805421192715219/surface_1.3.6.1.4.1.14519.5.2.1.6279.6001.179943248049071805421192715219.png,outputs/luna16_saliency_synthetic_detector_top5/1.3.6.1.4.1.14519.5.2.1.6279.6001.179943248049071805421192715219/surface_grid_float_1.3.6.1.4.1.14519.5.2.1.6279.6001.179943248049071805421192715219.npy,0.1820932454614499,0.35840925574302673,0.24007481336593628,0.9176470637321472,50.92338562011719,13.047924995422363,0.6673407137393947,1.2662561833858488,6.497256755828857,11.317867279052734,33,25,8,49.75836181640625,0.24395752792328165,moderate_review,668
detector_top5,1.3.6.1.4.1.14519.5.2.1.6279.6001.177252583002664900748714851615,outputs/luna16_saliency_synthetic_detector_top5/1.3.6.1.4.1.14519.5.2.1.6279.6001.177252583002664900748714851615/surface_1.3.6.1.4.1.14519.5.2.1.6279.6001.177252583002664900748714851615.png,outputs/luna16_saliency_synthetic_detector_top5/1.3.6.1.4.1.14519.5.2.1.6279.6001.177252583002664900748714851615/surface_grid_float_1.3.6.1.4.1.14519.5.2.1.6279.6001.177252583002664900748714851615.npy,0.3254151291512915,0.3900209963321686,0.25879019498825073,1.0,89.87759399414062,18.09996223449707,1.4654565215110777,2.1782826519012453,4.700181007385254,6.624186038970947,33,25,8,83.85942077636719,0.24391338059504059,moderate_review,669
detector_top5,1.3.6.1.4.1.14519.5.2.1.6279.6001.243094273518213382155770295147,outputs/luna16_saliency_synthetic_detector_top5/1.3.6.1.4.1.14519.5.2.1.6279.6001.243094273518213382155770295147/surface_1.3.6.1.4.1.14519.5.2.1.6279.6001.243094273518213382155770295147.png,outputs/luna16_saliency_synthetic_detector_top5/1.3.6.1.4.1.14519.5.2.1.6279.6001.243094273518213382155770295147/surface_grid_float_1.3.6.1.4.1.14519.5.2.1.6279.6001.243094273518213382155770295147.npy,0.6174638487208008,0.37176313996315,0.2649511694908142,1.0,102.17134094238281,20.7645263671875,1.1154940485954281,1.6490481460094437,10.706243515014648,10.818103790283203,33,25,8,98.47355651855469,0.24379724326266178,moderate_review,670
detector_top5,1.3.6.1.4.1.14519.5.2.1.6279.6001.255999614855292116767517149228,outputs/luna16_saliency_synthetic_detector_top5/1.3.6.1.4.1.14519.5.2.1.6279.6001.255999614855292116767517149228/surface_1.3.6.1.4.1.14519.5.2.1.6279.6001.255999614855292116767517149228.png,outputs/luna16_saliency_synthetic_detector_top5/1.3.6.1.4.1.14519.5.2.1.6279.6001.255999614855292116767517149228/surface_grid_float_1.3.6.1.4.1.14519.5.2.1.6279.6001.255999614855292116767517149228.npy,0.5094258373205741,0.39961573481559753,0.23030394315719604,0.9215686321258545,97.98545837402344,21.157886505126953,1.242478150129318,1.7068425834178924,1.8744276762008667,13.156919479370117,33,25,8,97.7677001953125,0.2437519736356205,moderate_review,671
detector_top5,1.3.6.1.4.1.14519.5.2.1.6279.6001.171667800241622018839592854574,outputs/luna16_saliency_synthetic_detector_top5/1.3.6.1.4.1.14519.5.2.1.6279.6001.171667800241622018839592854574/surface_1.3.6.1.4.1.14519.5.2.1.6279.6001.171667800241622018839592854574.png,outputs/luna16_saliency_synthetic_detector_top5/1.3.6.1.4.1.14519.5.2.1.6279.6001.171667800241622018839592854574/surface_grid_float_1.3.6.1.4.1.14519.5.2.1.6279.6001.171667800241622018839592854574.npy,0.6208026550647032,0.33665555715560913,0.23661009967327118,1.0,89.14395141601562,20.94087028503418,1.2137352943420407,2.0105706167221062,3.4134809970855713,15.127562522888184,33,25,8,77.97300720214844,0.2425071764681074,moderate_review,672
detector_top5,1.3.6.1.4.1.14519.5.2.1.6279.6001.948414623428298219623354433437,outputs/luna16_saliency_synthetic_detector_top5/1.3.6.1.4.1.14519.5.2.1.6279.6001.948414623428298219623354433437/surface_1.3.6.1.4.1.14519.5.2.1.6279.6001.948414623428298219623354433437.png,outputs/luna16_saliency_synthetic_detector_top5/1.3.6.1.4.1.14519.5.2.1.6279.6001.948414623428298219623354433437/surface_grid_float_1.3.6.1.4.1.14519.5.2.1.6279.6001.948414623428298219623354433437.npy,0.4401028520949016,0.4731338322162628,0.18551774322986603,0.886274516582489,102.05506896972656,18.60651397705078,1.2469952642917632,1.651033426523208,4.859592437744141,6.429892063140869,33,25,8,97.40279388427734,0.24115256182617612,moderate_review,673
detector_top5,1.3.6.1.4.1.14519.5.2.1.6279.6001.231645134739451754302647733304,outputs/luna16_saliency_synthetic_detector_top5/1.3.6.1.4.1.14519.5.2.1.6279.6001.231645134739451754302647733304/surface_1.3.6.1.4.1.14519.5.2.1.6279.6001.231645134739451754302647733304.png,outputs/luna16_saliency_synthetic_detector_top5/1.3.6.1.4.1.14519.5.2.1.6279.6001.231645134739451754302647733304/surface_grid_float_1.3.6.1.4.1.14519.5.2.1.6279.6001.231645134739451754302647733304.npy,0.6245104895104895,0.37693965435028076,0.2377227395772934,1.0,96.00303649902344,15.524206161499023,1.0811661183834071,1.9154688036441838,2.664868116378784,10.630973815917969,33,25,8,95.82940673828125,0.24109351119862676,moderate_review,674
detector_top5,1.3.6.1.4.1.14519.5.2.1.6279.6001.247769845138587733933485039556,outputs/luna16_saliency_synthetic_detector_top5/1.3.6.1.4.1.14519.5.2.1.6279.6001.247769845138587733933485039556/surface_1.3.6.1.4.1.14519.5.2.1.6279.6001.247769845138587733933485039556.png,outputs/luna16_saliency_synthetic_detector_top5/1.3.6.1.4.1.14519.5.2.1.6279.6001.247769845138587733933485039556/surface_grid_float_1.3.6.1.4.1.14519.5.2.1.6279.6001.247769845138587733933485039556.npy,0.5897153507285666,0.3167341649532318,0.21524082124233246,0.8588235378265381,103.2276382446289,24.894062042236328,1.0416002631187438,1.6000086152553563,2.4745724201202393,9.456876754760742,33,25,8,103.07569885253906,0.24106160387595493,moderate_review,675
detector_top5,1.3.6.1.4.1.14519.5.2.1.6279.6001.124663713663969377020085460568,outputs/luna16_saliency_synthetic_detector_top5/1.3.6.1.4.1.14519.5.2.1.6279.6001.124663713663969377020085460568/surface_1.3.6.1.4.1.14519.5.2.1.6279.6001.124663713663969377020085460568.png,outputs/luna16_saliency_synthetic_detector_top5/1.3.6.1.4.1.14519.5.2.1.6279.6001.124663713663969377020085460568/surface_grid_float_1.3.6.1.4.1.14519.5.2.1.6279.6001.124663713663969377020085460568.npy,0.40920473474610863,0.3632147014141083,0.19854184985160828,0.8235294222831726,99.04811096191406,24.67435646057129,1.0597849607467626,1.8465080118179333,4.1699934005737305,8.847517013549805,33,25,8,97.2823715209961,0.24086564928425686,moderate_review,676
detector_top5,1.3.6.1.4.1.14519.5.2.1.6279.6001.305858704835252413616501469037,outputs/luna16_saliency_synthetic_detector_top5/1.3.6.1.4.1.14519.5.2.1.6279.6001.305858704835252413616501469037/surface_1.3.6.1.4.1.14519.5.2.1.6279.6001.305858704835252413616501469037.png,outputs/luna16_saliency_synthetic_detector_top5/1.3.6.1.4.1.14519.5.2.1.6279.6001.305858704835252413616501469037/surface_grid_float_1.3.6.1.4.1.14519.5.2.1.6279.6001.305858704835252413616501469037.npy,0.6189371958602727,0.3181101977825165,0.22106212377548218,0.9960784316062927,100.50254821777344,23.110679626464844,1.0781499683856959,1.6021225631237015,1.8691965341567993,10.715996742248535,33,25,8,100.33012390136719,0.23938125001721908,moderate_review,677
detector_top5,1.3.6.1.4.1.14519.5.2.1.6279.6001.326057189095429101398977448288,outputs/luna16_saliency_synthetic_detector_top5/1.3.6.1.4.1.14519.5.2.1.6279.6001.326057189095429101398977448288/surface_1.3.6.1.4.1.14519.5.2.1.6279.6001.326057189095429101398977448288.png,outputs/luna16_saliency_synthetic_detector_top5/1.3.6.1.4.1.14519.5.2.1.6279.6001.326057189095429101398977448288/surface_grid_float_1.3.6.1.4.1.14519.5.2.1.6279.6001.326057189095429101398977448288.npy,0.3193872793872794,0.3551114797592163,0.2529936730861664,1.0,82.96307373046875,16.97844123840332,0.9366066515445712,1.9077490663528267,12.60615062713623,11.830205917358398,33,25,8,78.52413940429688,0.23928659123165366,moderate_review,678
detector_top5,1.3.6.1.4.1.14519.5.2.1.6279.6001.897161587681142256575045076919,outputs/luna16_saliency_synthetic_detector_top5/1.3.6.1.4.1.14519.5.2.1.6279.6001.897161587681142256575045076919/surface_1.3.6.1.4.1.14519.5.2.1.6279.6001.897161587681142256575045076919.png,outputs/luna16_saliency_synthetic_detector_top5/1.3.6.1.4.1.14519.5.2.1.6279.6001.897161587681142256575045076919/surface_grid_float_1.3.6.1.4.1.14519.5.2.1.6279.6001.897161587681142256575045076919.npy,0.11392384482814685,0.5909591913223267,0.2056056559085846,1.0,34.050506591796875,8.920578956604004,0.526805117726326,0.7039126038551329,7.569667339324951,11.779963493347168,33,25,8,0.043731689453125,0.23894657918539983,moderate_review,679
detector_top5,1.3.6.1.4.1.14519.5.2.1.6279.6001.176030616406569931557298712518,outputs/luna16_saliency_synthetic_detector_top5/1.3.6.1.4.1.14519.5.2.1.6279.6001.176030616406569931557298712518/surface_1.3.6.1.4.1.14519.5.2.1.6279.6001.176030616406569931557298712518.png,outputs/luna16_saliency_synthetic_detector_top5/1.3.6.1.4.1.14519.5.2.1.6279.6001.176030616406569931557298712518/surface_grid_float_1.3.6.1.4.1.14519.5.2.1.6279.6001.176030616406569931557298712518.npy,0.614446176946177,0.37048038840293884,0.22218026220798492,0.9232156908512047,95.40408325195312,16.636104583740234,1.2117840886116025,2.172288713455199,6.551788806915283,6.188427925109863,33,25,8,94.37974548339844,0.23792752887937754,moderate_review,680
detector_top5,1.3.6.1.4.1.14519.5.2.1.6279.6001.338114620394879648539943280992,outputs/luna16_saliency_synthetic_detector_top5/1.3.6.1.4.1.14519.5.2.1.6279.6001.338114620394879648539943280992/surface_1.3.6.1.4.1.14519.5.2.1.6279.6001.338114620394879648539943280992.png,outputs/luna16_saliency_synthetic_detector_top5/1.3.6.1.4.1.14519.5.2.1.6279.6001.338114620394879648539943280992/surface_grid_float_1.3.6.1.4.1.14519.5.2.1.6279.6001.338114620394879648539943280992.npy,0.6016246377705161,0.3642546832561493,0.22719664871692657,0.9882352948188782,84.62763977050781,16.88957977294922,1.2129695415496826,2.2812390327453613,3.496748208999634,12.658321380615234,33,25,8,83.166259765625,0.23761284033457436,moderate_review,681
detector_top5,1.3.6.1.4.1.14519.5.2.1.6279.6001.553241901808946577644850294647,outputs/luna16_saliency_synthetic_detector_top5/1.3.6.1.4.1.14519.5.2.1.6279.6001.553241901808946577644850294647/surface_1.3.6.1.4.1.14519.5.2.1.6279.6001.553241901808946577644850294647.png,outputs/luna16_saliency_synthetic_detector_top5/1.3.6.1.4.1.14519.5.2.1.6279.6001.553241901808946577644850294647/surface_grid_float_1.3.6.1.4.1.14519.5.2.1.6279.6001.553241901808946577644850294647.npy,0.558264802631579,0.3352736234664917,0.22498992085456848,0.9254902005195618,99.29752349853516,17.518321990966797,0.916032835841179,1.705869144201279,2.956127405166626,9.3405179977417,33,25,8,98.87212371826172,0.2374286534852452,moderate_review,682
detector_top5,1.3.6.1.4.1.14519.5.2.1.6279.6001.171919524048654494439256263785,outputs/luna16_saliency_synthetic_detector_top5/1.3.6.1.4.1.14519.5.2.1.6279.6001.171919524048654494439256263785/surface_1.3.6.1.4.1.14519.5.2.1.6279.6001.171919524048654494439256263785.png,outputs/luna16_saliency_synthetic_detector_top5/1.3.6.1.4.1.14519.5.2.1.6279.6001.171919524048654494439256263785/surface_grid_float_1.3.6.1.4.1.14519.5.2.1.6279.6001.171919524048654494439256263785.npy,0.6063117574278402,0.34272336959838867,0.22354894876480103,0.8745098114013672,100.88475799560547,19.941312789916992,1.1622745990753174,1.6391944885253906,5.013110637664795,8.544827461242676,33,25,8,99.52894592285156,0.236305603451199,moderate_review,683
detector_top5,1.3.6.1.4.1.14519.5.2.1.6279.6001.481278873893653517789960724156,outputs/luna16_saliency_synthetic_detector_top5/1.3.6.1.4.1.14519.5.2.1.6279.6001.481278873893653517789960724156/surface_1.3.6.1.4.1.14519.5.2.1.6279.6001.481278873893653517789960724156.png,outputs/luna16_saliency_synthetic_detector_top5/1.3.6.1.4.1.14519.5.2.1.6279.6001.481278873893653517789960724156/surface_grid_float_1.3.6.1.4.1.14519.5.2.1.6279.6001.481278873893653517789960724156.npy,0.5446530949829884,0.42095765471458435,0.2360416054725647,1.0,85.99977111816406,15.428879737854004,1.2443092942237854,2.291260905265807,3.1070868968963623,10.750706672668457,33,25,8,85.13343811035156,0.23596123829417753,moderate_review,684
detector_top5,1.3.6.1.4.1.14519.5.2.1.6279.6001.199069398344356765037879821616,outputs/luna16_saliency_synthetic_detector_top5/1.3.6.1.4.1.14519.5.2.1.6279.6001.199069398344356765037879821616/surface_1.3.6.1.4.1.14519.5.2.1.6279.6001.199069398344356765037879821616.png,outputs/luna16_saliency_synthetic_detector_top5/1.3.6.1.4.1.14519.5.2.1.6279.6001.199069398344356765037879821616/surface_grid_float_1.3.6.1.4.1.14519.5.2.1.6279.6001.199069398344356765037879821616.npy,0.5379016064257028,0.3289448916912079,0.22726285457611084,0.8980392217636108,95.30339813232422,18.718015670776367,0.910386860370636,2.026845624446867,17.988327026367188,7.191953182220459,33,25,8,70.33905029296875,0.23562648380332515,moderate_review,685
detector_top5,1.3.6.1.4.1.14519.5.2.1.6279.6001.119515474430718803379832249911,outputs/luna16_saliency_synthetic_detector_top5/1.3.6.1.4.1.14519.5.2.1.6279.6001.119515474430718803379832249911/surface_1.3.6.1.4.1.14519.5.2.1.6279.6001.119515474430718803379832249911.png,outputs/luna16_saliency_synthetic_detector_top5/1.3.6.1.4.1.14519.5.2.1.6279.6001.119515474430718803379832249911/surface_grid_float_1.3.6.1.4.1.14519.5.2.1.6279.6001.119515474430718803379832249911.npy,0.2310305452469312,0.3720017075538635,0.2609042823314667,1.0,62.47618103027344,9.083365440368652,0.5563718318939213,1.8354234337806747,16.22861099243164,3.3938090801239014,33,25,8,46.355987548828125,0.23471401492622238,moderate_review,686
detector_top5,1.3.6.1.4.1.14519.5.2.1.6279.6001.268838889380981659524993261082,outputs/luna16_saliency_synthetic_detector_top5/1.3.6.1.4.1.14519.5.2.1.6279.6001.268838889380981659524993261082/surface_1.3.6.1.4.1.14519.5.2.1.6279.6001.268838889380981659524993261082.png,outputs/luna16_saliency_synthetic_detector_top5/1.3.6.1.4.1.14519.5.2.1.6279.6001.268838889380981659524993261082/surface_grid_float_1.3.6.1.4.1.14519.5.2.1.6279.6001.268838889380981659524993261082.npy,0.5545373737373738,0.3869701325893402,0.2164052277803421,0.9372549057006836,92.37042236328125,24.615053176879883,1.3642800569534295,2.1565692901611335,3.0862479209899902,6.817484378814697,33,25,8,90.51554870605469,0.233797747929891,moderate_review,687
detector_top5,1.3.6.1.4.1.14519.5.2.1.6279.6001.975426625618184773401026809852,outputs/luna16_saliency_synthetic_detector_top5/1.3.6.1.4.1.14519.5.2.1.6279.6001.975426625618184773401026809852/surface_1.3.6.1.4.1.14519.5.2.1.6279.6001.975426625618184773401026809852.png,outputs/luna16_saliency_synthetic_detector_top5/1.3.6.1.4.1.14519.5.2.1.6279.6001.975426625618184773401026809852/surface_grid_float_1.3.6.1.4.1.14519.5.2.1.6279.6001.975426625618184773401026809852.npy,0.536190227332114,0.41157934069633484,0.25619855523109436,1.0,96.4207534790039,20.752185821533203,1.3245013713836669,1.58733314037323,1.753530502319336,11.131553649902344,33,25,8,96.29388427734375,0.2330580358982086,moderate_review,688
detector_top5,1.3.6.1.4.1.14519.5.2.1.6279.6001.454273545863197752384437758130,outputs/luna16_saliency_synthetic_detector_top5/1.3.6.1.4.1.14519.5.2.1.6279.6001.454273545863197752384437758130/surface_1.3.6.1.4.1.14519.5.2.1.6279.6001.454273545863197752384437758130.png,outputs/luna16_saliency_synthetic_detector_top5/1.3.6.1.4.1.14519.5.2.1.6279.6001.454273545863197752384437758130/surface_grid_float_1.3.6.1.4.1.14519.5.2.1.6279.6001.454273545863197752384437758130.npy,0.2592754082765181,0.3509750962257385,0.25244173407554626,1.0,71.67036437988281,14.116284370422363,0.8460117727518082,1.3198297154903411,3.522270441055298,9.447193145751953,33,25,8,65.86988830566406,0.23188188515262004,moderate_review,689
detector_top5,1.3.6.1.4.1.14519.5.2.1.6279.6001.733642690503782454656013446707,outputs/luna16_saliency_synthetic_detector_top5/1.3.6.1.4.1.14519.5.2.1.6279.6001.733642690503782454656013446707/surface_1.3.6.1.4.1.14519.5.2.1.6279.6001.733642690503782454656013446707.png,outputs/luna16_saliency_synthetic_detector_top5/1.3.6.1.4.1.14519.5.2.1.6279.6001.733642690503782454656013446707/surface_grid_float_1.3.6.1.4.1.14519.5.2.1.6279.6001.733642690503782454656013446707.npy,0.47527819600920684,0.374016672372818,0.22269120812416077,0.9333333373069763,85.20523071289062,15.007895469665527,1.249973809719085,2.0212189817428596,6.2471022605896,12.985050201416016,33,25,8,68.12373352050781,0.23150095442136132,moderate_review,690
detector_top5,1.3.6.1.4.1.14519.5.2.1.6279.6001.226383054119800793308721198594,outputs/luna16_saliency_synthetic_detector_top5/1.3.6.1.4.1.14519.5.2.1.6279.6001.226383054119800793308721198594/surface_1.3.6.1.4.1.14519.5.2.1.6279.6001.226383054119800793308721198594.png,outputs/luna16_saliency_synthetic_detector_top5/1.3.6.1.4.1.14519.5.2.1.6279.6001.226383054119800793308721198594/surface_grid_float_1.3.6.1.4.1.14519.5.2.1.6279.6001.226383054119800793308721198594.npy,0.5835298572977812,0.36617541313171387,0.26211297512054443,1.0,101.42594909667969,13.384641647338867,1.0676124811172472,1.7587254095077565,46.411746978759766,4.351252555847168,33,25,8,65.76097106933594,0.23147446090380364,moderate_review,691
detector_top5,1.3.6.1.4.1.14519.5.2.1.6279.6001.311476128731958142981941696518,outputs/luna16_saliency_synthetic_detector_top5/1.3.6.1.4.1.14519.5.2.1.6279.6001.311476128731958142981941696518/surface_1.3.6.1.4.1.14519.5.2.1.6279.6001.311476128731958142981941696518.png,outputs/luna16_saliency_synthetic_detector_top5/1.3.6.1.4.1.14519.5.2.1.6279.6001.311476128731958142981941696518/surface_grid_float_1.3.6.1.4.1.14519.5.2.1.6279.6001.311476128731958142981941696518.npy,0.5047457432121492,0.39365801215171814,0.21441695094108582,0.9647058844566345,91.33235168457031,13.835859298706055,1.1846873760223389,2.3024973988533017,9.336821556091309,4.448840618133545,33,25,8,80.86941528320312,0.23118182059129078,moderate_review,692
detector_top5,1.3.6.1.4.1.14519.5.2.1.6279.6001.256542095129414948017808425649,outputs/luna16_saliency_synthetic_detector_top5/1.3.6.1.4.1.14519.5.2.1.6279.6001.256542095129414948017808425649/surface_1.3.6.1.4.1.14519.5.2.1.6279.6001.256542095129414948017808425649.png,outputs/luna16_saliency_synthetic_detector_top5/1.3.6.1.4.1.14519.5.2.1.6279.6001.256542095129414948017808425649/surface_grid_float_1.3.6.1.4.1.14519.5.2.1.6279.6001.256542095129414948017808425649.npy,0.5811442385173248,0.32495877146720886,0.2169358879327774,0.8352941274642944,93.68818664550781,19.908023834228516,1.0834155559539798,1.7012967109680155,2.257225751876831,10.676673889160156,33,25,8,92.55902862548828,0.23091182104746494,moderate_review,693
detector_top5,1.3.6.1.4.1.14519.5.2.1.6279.6001.118140393257625250121502185026,outputs/luna16_saliency_synthetic_detector_top5/1.3.6.1.4.1.14519.5.2.1.6279.6001.118140393257625250121502185026/surface_1.3.6.1.4.1.14519.5.2.1.6279.6001.118140393257625250121502185026.png,outputs/luna16_saliency_synthetic_detector_top5/1.3.6.1.4.1.14519.5.2.1.6279.6001.118140393257625250121502185026/surface_grid_float_1.3.6.1.4.1.14519.5.2.1.6279.6001.118140393257625250121502185026.npy,0.6250133347557073,0.2952398955821991,0.2270156890153885,0.9647058844566345,93.68550109863281,19.72836685180664,1.0945222556591034,1.5295580005645741,3.388808488845825,12.939409255981445,33,25,8,93.53050231933594,0.23078348463906181,moderate_review,694
detector_top5,1.3.6.1.4.1.14519.5.2.1.6279.6001.199220738144407033276946096708,outputs/luna16_saliency_synthetic_detector_top5/1.3.6.1.4.1.14519.5.2.1.6279.6001.199220738144407033276946096708/surface_1.3.6.1.4.1.14519.5.2.1.6279.6001.199220738144407033276946096708.png,outputs/luna16_saliency_synthetic_detector_top5/1.3.6.1.4.1.14519.5.2.1.6279.6001.199220738144407033276946096708/surface_grid_float_1.3.6.1.4.1.14519.5.2.1.6279.6001.199220738144407033276946096708.npy,0.5487058055033885,0.3464522361755371,0.22950714826583862,0.9254902005195618,86.37960052490234,14.57058334350586,0.9850425988435736,2.2649625492095953,3.2079250812530518,8.47364616394043,33,25,8,84.66197204589844,0.23074520215988162,moderate_review,695
detector_top5,1.3.6.1.4.1.14519.5.2.1.6279.6001.163217526257871051722166468085,outputs/luna16_saliency_synthetic_detector_top5/1.3.6.1.4.1.14519.5.2.1.6279.6001.163217526257871051722166468085/surface_1.3.6.1.4.1.14519.5.2.1.6279.6001.163217526257871051722166468085.png,outputs/luna16_saliency_synthetic_detector_top5/1.3.6.1.4.1.14519.5.2.1.6279.6001.163217526257871051722166468085/surface_grid_float_1.3.6.1.4.1.14519.5.2.1.6279.6001.163217526257871051722166468085.npy,0.6258169934640523,0.3304661214351654,0.21948930621147156,0.8941176533699036,95.1072998046875,18.633256912231445,0.9644936293363566,1.8109804046154019,4.255884647369385,7.7146196365356445,33,25,8,92.0501937866211,0.22998517767190932,moderate_review,696
detector_top5,1.3.6.1.4.1.14519.5.2.1.6279.6001.292057261351416339496913597985,outputs/luna16_saliency_synthetic_detector_top5/1.3.6.1.4.1.14519.5.2.1.6279.6001.292057261351416339496913597985/surface_1.3.6.1.4.1.14519.5.2.1.6279.6001.292057261351416339496913597985.png,outputs/luna16_saliency_synthetic_detector_top5/1.3.6.1.4.1.14519.5.2.1.6279.6001.292057261351416339496913597985/surface_grid_float_1.3.6.1.4.1.14519.5.2.1.6279.6001.292057261351416339496913597985.npy,0.5987453153006355,0.30392932891845703,0.2204800695180893,0.9098039269447327,88.29313659667969,17.27812385559082,0.9483366131782515,2.2455544281005797,3.287870168685913,6.753287315368652,33,25,8,86.77093505859375,0.22952916564941386,moderate_review,697
detector_top5,1.3.6.1.4.1.14519.5.2.1.6279.6001.153732973534937692357111055819,outputs/luna16_saliency_synthetic_detector_top5/1.3.6.1.4.1.14519.5.2.1.6279.6001.153732973534937692357111055819/surface_1.3.6.1.4.1.14519.5.2.1.6279.6001.153732973534937692357111055819.png,outputs/luna16_saliency_synthetic_detector_top5/1.3.6.1.4.1.14519.5.2.1.6279.6001.153732973534937692357111055819/surface_grid_float_1.3.6.1.4.1.14519.5.2.1.6279.6001.153732973534937692357111055819.npy,0.21404219836821717,0.35473498702049255,0.23489393293857574,0.8313725590705872,51.23046875,7.177102565765381,0.5871068656444547,1.8191794252395654,8.278291702270508,5.206512928009033,33,25,8,34.02606201171875,0.229219698430448,moderate_review,698
detector_top5,1.3.6.1.4.1.14519.5.2.1.6279.6001.297251044869095073091780740645,outputs/luna16_saliency_synthetic_detector_top5/1.3.6.1.4.1.14519.5.2.1.6279.6001.297251044869095073091780740645/surface_1.3.6.1.4.1.14519.5.2.1.6279.6001.297251044869095073091780740645.png,outputs/luna16_saliency_synthetic_detector_top5/1.3.6.1.4.1.14519.5.2.1.6279.6001.297251044869095073091780740645/surface_grid_float_1.3.6.1.4.1.14519.5.2.1.6279.6001.297251044869095073091780740645.npy,0.590641557612512,0.3558924198150635,0.20998859405517578,0.929411768913269,96.09141540527344,20.444908142089844,0.8748852610588076,1.2019140672683668,1.6666624546051025,14.765702247619629,33,25,8,96.01116943359375,0.22902245268821703,moderate_review,699
detector_top5,1.3.6.1.4.1.14519.5.2.1.6279.6001.315214756157389122376518747372,outputs/luna16_saliency_synthetic_detector_top5/1.3.6.1.4.1.14519.5.2.1.6279.6001.315214756157389122376518747372/surface_1.3.6.1.4.1.14519.5.2.1.6279.6001.315214756157389122376518747372.png,outputs/luna16_saliency_synthetic_detector_top5/1.3.6.1.4.1.14519.5.2.1.6279.6001.315214756157389122376518747372/surface_grid_float_1.3.6.1.4.1.14519.5.2.1.6279.6001.315214756157389122376518747372.npy,0.5780703754369965,0.3736247420310974,0.22759932279586792,0.9323921608924803,94.8731918334961,15.910420417785645,1.4819031119346615,1.9099244630336794,2.1642508506774902,6.114330768585205,33,25,8,94.53705596923828,0.22900712198813766,moderate_review,700
detector_top5,1.3.6.1.4.1.14519.5.2.1.6279.6001.167237290696350215427953159586,outputs/luna16_saliency_synthetic_detector_top5/1.3.6.1.4.1.14519.5.2.1.6279.6001.167237290696350215427953159586/surface_1.3.6.1.4.1.14519.5.2.1.6279.6001.167237290696350215427953159586.png,outputs/luna16_saliency_synthetic_detector_top5/1.3.6.1.4.1.14519.5.2.1.6279.6001.167237290696350215427953159586/surface_grid_float_1.3.6.1.4.1.14519.5.2.1.6279.6001.167237290696350215427953159586.npy,0.4169691853102575,0.46807369589805603,0.20815660059452057,0.9921568632125854,95.14356231689453,16.546194076538086,1.0136479496955875,1.8402535021305078,2.8189985752105713,6.713523864746094,33,25,8,93.0748519897461,0.2286991508470641,moderate_review,701
detector_top5,1.3.6.1.4.1.14519.5.2.1.6279.6001.534083630500464995109143618896,outputs/luna16_saliency_synthetic_detector_top5/1.3.6.1.4.1.14519.5.2.1.6279.6001.534083630500464995109143618896/surface_1.3.6.1.4.1.14519.5.2.1.6279.6001.534083630500464995109143618896.png,outputs/luna16_saliency_synthetic_detector_top5/1.3.6.1.4.1.14519.5.2.1.6279.6001.534083630500464995109143618896/surface_grid_float_1.3.6.1.4.1.14519.5.2.1.6279.6001.534083630500464995109143618896.npy,0.5025462962962963,0.364676296710968,0.23686924576759338,0.9058823585510254,92.91712188720703,18.956878662109375,1.168636256456375,1.7899365162849428,3.6937739849090576,8.976775169372559,33,25,8,92.29557800292969,0.22850835456583235,moderate_review,702
detector_top5,1.3.6.1.4.1.14519.5.2.1.6279.6001.270788655216695628640355888562,outputs/luna16_saliency_synthetic_detector_top5/1.3.6.1.4.1.14519.5.2.1.6279.6001.270788655216695628640355888562/surface_1.3.6.1.4.1.14519.5.2.1.6279.6001.270788655216695628640355888562.png,outputs/luna16_saliency_synthetic_detector_top5/1.3.6.1.4.1.14519.5.2.1.6279.6001.270788655216695628640355888562/surface_grid_float_1.3.6.1.4.1.14519.5.2.1.6279.6001.270788655216695628640355888562.npy,0.6292894793459552,0.32498323917388916,0.23164156079292297,1.0,85.18696594238281,17.1557674407959,1.1497836649417874,2.2872988367080707,8.043558120727539,8.052404403686523,33,25,8,81.43307495117188,0.22849147368007242,moderate_review,703
detector_top5,1.3.6.1.4.1.14519.5.2.1.6279.6001.105756658031515062000744821260,outputs/luna16_saliency_synthetic_detector_top5/1.3.6.1.4.1.14519.5.2.1.6279.6001.105756658031515062000744821260/surface_1.3.6.1.4.1.14519.5.2.1.6279.6001.105756658031515062000744821260.png,outputs/luna16_saliency_synthetic_detector_top5/1.3.6.1.4.1.14519.5.2.1.6279.6001.105756658031515062000744821260/surface_grid_float_1.3.6.1.4.1.14519.5.2.1.6279.6001.105756658031515062000744821260.npy,0.5741939711664482,0.3195103406906128,0.23552890121936798,1.0,100.31632995605469,19.36377716064453,0.9939374953508378,1.3384733366966246,7.20460319519043,9.38752555847168,33,25,8,97.74244689941406,0.22820925126870473,moderate_review,704
detector_top5,1.3.6.1.4.1.14519.5.2.1.6279.6001.187803155574314810830688534991,outputs/luna16_saliency_synthetic_detector_top5/1.3.6.1.4.1.14519.5.2.1.6279.6001.187803155574314810830688534991/surface_1.3.6.1.4.1.14519.5.2.1.6279.6001.187803155574314810830688534991.png,outputs/luna16_saliency_synthetic_detector_top5/1.3.6.1.4.1.14519.5.2.1.6279.6001.187803155574314810830688534991/surface_grid_float_1.3.6.1.4.1.14519.5.2.1.6279.6001.187803155574314810830688534991.npy,0.5291056910569105,0.3902561664581299,0.2058897167444229,0.8901960849761963,94.15755462646484,17.580827713012695,1.1490954399108886,1.6303497886657716,2.0212113857269287,9.933918952941895,33,25,8,93.92971801757812,0.22791512682172987,moderate_review,705
detector_top5,1.3.6.1.4.1.14519.5.2.1.6279.6001.215086589927307766627151367533,outputs/luna16_saliency_synthetic_detector_top5/1.3.6.1.4.1.14519.5.2.1.6279.6001.215086589927307766627151367533/surface_1.3.6.1.4.1.14519.5.2.1.6279.6001.215086589927307766627151367533.png,outputs/luna16_saliency_synthetic_detector_top5/1.3.6.1.4.1.14519.5.2.1.6279.6001.215086589927307766627151367533/surface_grid_float_1.3.6.1.4.1.14519.5.2.1.6279.6001.215086589927307766627151367533.npy,0.5141339358684679,0.3008368909358978,0.22036851942539215,0.8823529481887817,99.48597717285156,20.35774803161621,0.8162810236215589,1.0756567406654358,1.1632347106933594,13.356701850891113,33,25,8,99.39720153808594,0.2277612238433626,moderate_review,706
detector_top5,1.3.6.1.4.1.14519.5.2.1.6279.6001.177985905159808659201278495182,outputs/luna16_saliency_synthetic_detector_top5/1.3.6.1.4.1.14519.5.2.1.6279.6001.177985905159808659201278495182/surface_1.3.6.1.4.1.14519.5.2.1.6279.6001.177985905159808659201278495182.png,outputs/luna16_saliency_synthetic_detector_top5/1.3.6.1.4.1.14519.5.2.1.6279.6001.177985905159808659201278495182/surface_grid_float_1.3.6.1.4.1.14519.5.2.1.6279.6001.177985905159808659201278495182.npy,0.5973869871962373,0.38199976086616516,0.255553275346756,1.0,86.7349624633789,16.02701187133789,1.0107270240783688,2.0387017250061032,2.828970432281494,9.913296699523926,33,25,8,86.45545959472656,0.22774887074364555,moderate_review,707
detector_top5,1.3.6.1.4.1.14519.5.2.1.6279.6001.126704785377921920210612476953,outputs/luna16_saliency_synthetic_detector_top5/1.3.6.1.4.1.14519.5.2.1.6279.6001.126704785377921920210612476953/surface_1.3.6.1.4.1.14519.5.2.1.6279.6001.126704785377921920210612476953.png,outputs/luna16_saliency_synthetic_detector_top5/1.3.6.1.4.1.14519.5.2.1.6279.6001.126704785377921920210612476953/surface_grid_float_1.3.6.1.4.1.14519.5.2.1.6279.6001.126704785377921920210612476953.npy,0.5608664259927798,0.3438108563423157,0.22913210093975067,0.9450980424880981,92.54583740234375,18.09729766845703,1.1879550695419303,1.4030773067474367,1.5193510055541992,13.967382431030273,33,25,8,92.24055480957031,0.22737400916417438,moderate_review,708
detector_top5,1.3.6.1.4.1.14519.5.2.1.6279.6001.161821150841552408667852639317,outputs/luna16_saliency_synthetic_detector_top5/1.3.6.1.4.1.14519.5.2.1.6279.6001.161821150841552408667852639317/surface_1.3.6.1.4.1.14519.5.2.1.6279.6001.161821150841552408667852639317.png,outputs/luna16_saliency_synthetic_detector_top5/1.3.6.1.4.1.14519.5.2.1.6279.6001.161821150841552408667852639317/surface_grid_float_1.3.6.1.4.1.14519.5.2.1.6279.6001.161821150841552408667852639317.npy,0.13259972978738535,0.5628778338432312,0.22935108840465546,1.0,34.54150390625,8.355183601379395,0.5120596319437027,0.6738964813947677,9.173770904541016,10.960366249084473,33,25,8,4.08673095703125,0.2263711628971161,moderate_review,709
detector_top5,1.3.6.1.4.1.14519.5.2.1.6279.6001.414288023902112119945238126594,outputs/luna16_saliency_synthetic_detector_top5/1.3.6.1.4.1.14519.5.2.1.6279.6001.414288023902112119945238126594/surface_1.3.6.1.4.1.14519.5.2.1.6279.6001.414288023902112119945238126594.png,outputs/luna16_saliency_synthetic_detector_top5/1.3.6.1.4.1.14519.5.2.1.6279.6001.414288023902112119945238126594/surface_grid_float_1.3.6.1.4.1.14519.5.2.1.6279.6001.414288023902112119945238126594.npy,0.6472685199662278,0.31734737753868103,0.235370934009552,0.8823529481887817,89.024169921875,12.81336498260498,1.1252957880496979,1.9334155452251436,2.329990863800049,8.90259838104248,33,25,8,88.6705093383789,0.2261596348510848,moderate_review,710
detector_top5,1.3.6.1.4.1.14519.5.2.1.6279.6001.111017101339429664883879536171,outputs/luna16_saliency_synthetic_detector_top5/1.3.6.1.4.1.14519.5.2.1.6279.6001.111017101339429664883879536171/surface_1.3.6.1.4.1.14519.5.2.1.6279.6001.111017101339429664883879536171.png,outputs/luna16_saliency_synthetic_detector_top5/1.3.6.1.4.1.14519.5.2.1.6279.6001.111017101339429664883879536171/surface_grid_float_1.3.6.1.4.1.14519.5.2.1.6279.6001.111017101339429664883879536171.npy,0.456431775990099,0.4108828008174896,0.22503933310508728,0.9490196108818054,86.12036895751953,20.641244888305664,1.1642184734344465,2.22951456785202,3.19437837600708,6.738979816436768,33,25,8,85.66876220703125,0.22539489600128595,moderate_review,711
detector_top5,1.3.6.1.4.1.14519.5.2.1.6279.6001.780558315515979171413904604168,outputs/luna16_saliency_synthetic_detector_top5/1.3.6.1.4.1.14519.5.2.1.6279.6001.780558315515979171413904604168/surface_1.3.6.1.4.1.14519.5.2.1.6279.6001.780558315515979171413904604168.png,outputs/luna16_saliency_synthetic_detector_top5/1.3.6.1.4.1.14519.5.2.1.6279.6001.780558315515979171413904604168/surface_grid_float_1.3.6.1.4.1.14519.5.2.1.6279.6001.780558315515979171413904604168.npy,0.5674216524216524,0.38179904222488403,0.235958069562912,1.0,101.81216430664062,19.040475845336914,0.803340095281601,1.30254415035247,5.772056579589844,7.390491962432861,33,25,8,98.59228515625,0.2251865804937148,moderate_review,712
detector_top5,1.3.6.1.4.1.14519.5.2.1.6279.6001.750792629100457382099842515038,outputs/luna16_saliency_synthetic_detector_top5/1.3.6.1.4.1.14519.5.2.1.6279.6001.750792629100457382099842515038/surface_1.3.6.1.4.1.14519.5.2.1.6279.6001.750792629100457382099842515038.png,outputs/luna16_saliency_synthetic_detector_top5/1.3.6.1.4.1.14519.5.2.1.6279.6001.750792629100457382099842515038/surface_grid_float_1.3.6.1.4.1.14519.5.2.1.6279.6001.750792629100457382099842515038.npy,0.6397090845745144,0.3646794855594635,0.2497359961271286,0.9695294135808927,89.6444091796875,18.764604568481445,1.163529896736145,1.565968528985976,1.7787542343139648,12.827974319458008,33,25,8,89.2254638671875,0.22489301410118734,moderate_review,713
detector_top5,1.3.6.1.4.1.14519.5.2.1.6279.6001.143622857676008763729469324839,outputs/luna16_saliency_synthetic_detector_top5/1.3.6.1.4.1.14519.5.2.1.6279.6001.143622857676008763729469324839/surface_1.3.6.1.4.1.14519.5.2.1.6279.6001.143622857676008763729469324839.png,outputs/luna16_saliency_synthetic_detector_top5/1.3.6.1.4.1.14519.5.2.1.6279.6001.143622857676008763729469324839/surface_grid_float_1.3.6.1.4.1.14519.5.2.1.6279.6001.143622857676008763729469324839.npy,0.13480887823633686,0.4778648912906647,0.25763264298439026,1.0,35.02093505859375,7.113737106323242,0.41708871722221375,0.8466514825820901,2.345127820968628,8.113022804260254,33,25,8,13.99493408203125,0.2247630644336635,moderate_review,714
detector_top5,1.3.6.1.4.1.14519.5.2.1.6279.6001.803808126682275425758092691689,outputs/luna16_saliency_synthetic_detector_top5/1.3.6.1.4.1.14519.5.2.1.6279.6001.803808126682275425758092691689/surface_1.3.6.1.4.1.14519.5.2.1.6279.6001.803808126682275425758092691689.png,outputs/luna16_saliency_synthetic_detector_top5/1.3.6.1.4.1.14519.5.2.1.6279.6001.803808126682275425758092691689/surface_grid_float_1.3.6.1.4.1.14519.5.2.1.6279.6001.803808126682275425758092691689.npy,0.6509599673202614,0.41490715742111206,0.22790493071079254,1.0,84.97838592529297,15.55023193359375,0.9314658671617494,2.0665222191810235,7.344255447387695,9.255462646484375,33,25,8,67.52203369140625,0.2241940045542176,moderate_review,715
detector_top5,1.3.6.1.4.1.14519.5.2.1.6279.6001.150684298696437181894923266019,outputs/luna16_saliency_synthetic_detector_top5/1.3.6.1.4.1.14519.5.2.1.6279.6001.150684298696437181894923266019/surface_1.3.6.1.4.1.14519.5.2.1.6279.6001.150684298696437181894923266019.png,outputs/luna16_saliency_synthetic_detector_top5/1.3.6.1.4.1.14519.5.2.1.6279.6001.150684298696437181894923266019/surface_grid_float_1.3.6.1.4.1.14519.5.2.1.6279.6001.150684298696437181894923266019.npy,0.52407019990702,0.34647929668426514,0.22259247303009033,0.9411764740943909,95.1788101196289,18.243703842163086,1.0141922056674957,1.3736268782615664,1.5056575536727905,10.948304176330566,33,25,8,94.98418426513672,0.22416972138351865,moderate_review,716
detector_top5,1.3.6.1.4.1.14519.5.2.1.6279.6001.104780906131535625872840889059,outputs/luna16_saliency_synthetic_detector_top5/1.3.6.1.4.1.14519.5.2.1.6279.6001.104780906131535625872840889059/surface_1.3.6.1.4.1.14519.5.2.1.6279.6001.104780906131535625872840889059.png,outputs/luna16_saliency_synthetic_detector_top5/1.3.6.1.4.1.14519.5.2.1.6279.6001.104780906131535625872840889059/surface_grid_float_1.3.6.1.4.1.14519.5.2.1.6279.6001.104780906131535625872840889059.npy,0.397000267552212,0.3538576662540436,0.2255229651927948,0.886274516582489,99.83070373535156,21.225727081298828,0.9856500446796417,1.2448121356964115,5.132587909698486,8.655118942260742,33,25,8,86.45794677734375,0.2229624679459466,moderate_review,717
detector_top5,1.3.6.1.4.1.14519.5.2.1.6279.6001.220596530836092324070084384692,outputs/luna16_saliency_synthetic_detector_top5/1.3.6.1.4.1.14519.5.2.1.6279.6001.220596530836092324070084384692/surface_1.3.6.1.4.1.14519.5.2.1.6279.6001.220596530836092324070084384692.png,outputs/luna16_saliency_synthetic_detector_top5/1.3.6.1.4.1.14519.5.2.1.6279.6001.220596530836092324070084384692/surface_grid_float_1.3.6.1.4.1.14519.5.2.1.6279.6001.220596530836092324070084384692.npy,0.5064498452333348,0.36800509691238403,0.23674827814102173,1.0,81.82565307617188,13.721596717834473,1.1135634183883667,1.9126922130584738,10.240800857543945,12.849520683288574,33,25,8,81.38136291503906,0.22231134525934862,moderate_review,718
detector_top5,1.3.6.1.4.1.14519.5.2.1.6279.6001.188385286346390202873004762827,outputs/luna16_saliency_synthetic_detector_top5/1.3.6.1.4.1.14519.5.2.1.6279.6001.188385286346390202873004762827/surface_1.3.6.1.4.1.14519.5.2.1.6279.6001.188385286346390202873004762827.png,outputs/luna16_saliency_synthetic_detector_top5/1.3.6.1.4.1.14519.5.2.1.6279.6001.188385286346390202873004762827/surface_grid_float_1.3.6.1.4.1.14519.5.2.1.6279.6001.188385286346390202873004762827.npy,0.47131118881118883,0.441011905670166,0.19276951253414154,0.9882352948188782,86.19007873535156,15.503263473510742,1.1352496922016118,1.8374120128154765,6.0639166831970215,8.737168312072754,33,25,8,84.68882751464844,0.22180366492536335,moderate_review,719
detector_top5,1.3.6.1.4.1.14519.5.2.1.6279.6001.603166427542096384265514998412,outputs/luna16_saliency_synthetic_detector_top5/1.3.6.1.4.1.14519.5.2.1.6279.6001.603166427542096384265514998412/surface_1.3.6.1.4.1.14519.5.2.1.6279.6001.603166427542096384265514998412.png,outputs/luna16_saliency_synthetic_detector_top5/1.3.6.1.4.1.14519.5.2.1.6279.6001.603166427542096384265514998412/surface_grid_float_1.3.6.1.4.1.14519.5.2.1.6279.6001.603166427542096384265514998412.npy,0.5424845783471053,0.34408697485923767,0.22674915194511414,0.9921568632125854,91.07259368896484,18.292150497436523,0.8461964070796966,1.359431705474854,1.5570532083511353,12.401568412780762,33,25,8,90.8230209350586,0.22012964822981093,moderate_review,720
detector_top5,1.3.6.1.4.1.14519.5.2.1.6279.6001.417815314896088956784723476543,outputs/luna16_saliency_synthetic_detector_top5/1.3.6.1.4.1.14519.5.2.1.6279.6001.417815314896088956784723476543/surface_1.3.6.1.4.1.14519.5.2.1.6279.6001.417815314896088956784723476543.png,outputs/luna16_saliency_synthetic_detector_top5/1.3.6.1.4.1.14519.5.2.1.6279.6001.417815314896088956784723476543/surface_grid_float_1.3.6.1.4.1.14519.5.2.1.6279.6001.417815314896088956784723476543.npy,0.5102686947199142,0.36831769347190857,0.26047489047050476,1.0,80.92417907714844,16.166702270507812,1.1613622605800629,2.1948383569717413,4.920543670654297,8.530606269836426,33,25,8,80.00674438476562,0.21967568532625834,moderate_review,721
detector_top5,1.3.6.1.4.1.14519.5.2.1.6279.6001.179683407589764683292800449011,outputs/luna16_saliency_synthetic_detector_top5/1.3.6.1.4.1.14519.5.2.1.6279.6001.179683407589764683292800449011/surface_1.3.6.1.4.1.14519.5.2.1.6279.6001.179683407589764683292800449011.png,outputs/luna16_saliency_synthetic_detector_top5/1.3.6.1.4.1.14519.5.2.1.6279.6001.179683407589764683292800449011/surface_grid_float_1.3.6.1.4.1.14519.5.2.1.6279.6001.179683407589764683292800449011.npy,0.6269648355209853,0.35550543665885925,0.2601955235004425,1.0,74.75590515136719,14.039179801940918,1.3126492440700526,2.2806861019134534,2.834885358810425,11.97861385345459,33,25,8,73.68408966064453,0.219632900206248,moderate_review,722
detector_top5,1.3.6.1.4.1.14519.5.2.1.6279.6001.186021279664749879526003668137,outputs/luna16_saliency_synthetic_detector_top5/1.3.6.1.4.1.14519.5.2.1.6279.6001.186021279664749879526003668137/surface_1.3.6.1.4.1.14519.5.2.1.6279.6001.186021279664749879526003668137.png,outputs/luna16_saliency_synthetic_detector_top5/1.3.6.1.4.1.14519.5.2.1.6279.6001.186021279664749879526003668137/surface_grid_float_1.3.6.1.4.1.14519.5.2.1.6279.6001.186021279664749879526003668137.npy,0.6425955204216074,0.3017392158508301,0.23056073486804962,0.9137254953384399,92.06514739990234,12.89428424835205,0.9637031525373463,1.944985958337778,3.845580816268921,3.502035140991211,33,25,8,91.19546508789062,0.2195737913966177,moderate_review,723
detector_top5,1.3.6.1.4.1.14519.5.2.1.6279.6001.339882192295517122002429068974,outputs/luna16_saliency_synthetic_detector_top5/1.3.6.1.4.1.14519.5.2.1.6279.6001.339882192295517122002429068974/surface_1.3.6.1.4.1.14519.5.2.1.6279.6001.339882192295517122002429068974.png,outputs/luna16_saliency_synthetic_detector_top5/1.3.6.1.4.1.14519.5.2.1.6279.6001.339882192295517122002429068974/surface_grid_float_1.3.6.1.4.1.14519.5.2.1.6279.6001.339882192295517122002429068974.npy,0.5759711779448622,0.37992438673973083,0.278136670589447,1.0,82.25526428222656,14.546245574951172,1.2877413809299467,2.459684188365938,3.588456392288208,3.9020001888275146,33,25,8,79.69247436523438,0.2195537443187502,moderate_review,724
detector_top5,1.3.6.1.4.1.14519.5.2.1.6279.6001.228511122591230092662900221600,outputs/luna16_saliency_synthetic_detector_top5/1.3.6.1.4.1.14519.5.2.1.6279.6001.228511122591230092662900221600/surface_1.3.6.1.4.1.14519.5.2.1.6279.6001.228511122591230092662900221600.png,outputs/luna16_saliency_synthetic_detector_top5/1.3.6.1.4.1.14519.5.2.1.6279.6001.228511122591230092662900221600/surface_grid_float_1.3.6.1.4.1.14519.5.2.1.6279.6001.228511122591230092662900221600.npy,0.4918732272783327,0.3773554861545563,0.24104221165180206,1.0,85.828369140625,9.154472351074219,0.6266795486211785,2.151066036224366,28.28547477722168,5.286664009094238,33,25,8,74.06231689453125,0.21932740523020428,moderate_review,725
detector_top5,1.3.6.1.4.1.14519.5.2.1.6279.6001.232058316950007760548968840196,outputs/luna16_saliency_synthetic_detector_top5/1.3.6.1.4.1.14519.5.2.1.6279.6001.232058316950007760548968840196/surface_1.3.6.1.4.1.14519.5.2.1.6279.6001.232058316950007760548968840196.png,outputs/luna16_saliency_synthetic_detector_top5/1.3.6.1.4.1.14519.5.2.1.6279.6001.232058316950007760548968840196/surface_grid_float_1.3.6.1.4.1.14519.5.2.1.6279.6001.232058316950007760548968840196.npy,0.5325302872966424,0.33968743681907654,0.23328830301761627,1.0,80.4279556274414,14.024724006652832,0.9761500835418703,1.944152116775511,2.6892459392547607,11.989716529846191,33,25,8,78.1749267578125,0.21901497072643694,moderate_review,726
detector_top5,1.3.6.1.4.1.14519.5.2.1.6279.6001.227707494413800460340110762069,outputs/luna16_saliency_synthetic_detector_top5/1.3.6.1.4.1.14519.5.2.1.6279.6001.227707494413800460340110762069/surface_1.3.6.1.4.1.14519.5.2.1.6279.6001.227707494413800460340110762069.png,outputs/luna16_saliency_synthetic_detector_top5/1.3.6.1.4.1.14519.5.2.1.6279.6001.227707494413800460340110762069/surface_grid_float_1.3.6.1.4.1.14519.5.2.1.6279.6001.227707494413800460340110762069.npy,0.45433297375044945,0.42666128277778625,0.23128950595855713,0.8823529481887817,88.21479034423828,19.014875411987305,1.3418177962303157,1.6517255806922913,1.8018648624420166,10.045886039733887,33,25,8,87.21115112304688,0.21890060919390786,moderate_review,727
detector_top5,1.3.6.1.4.1.14519.5.2.1.6279.6001.337845202462615014431060697507,outputs/luna16_saliency_synthetic_detector_top5/1.3.6.1.4.1.14519.5.2.1.6279.6001.337845202462615014431060697507/surface_1.3.6.1.4.1.14519.5.2.1.6279.6001.337845202462615014431060697507.png,outputs/luna16_saliency_synthetic_detector_top5/1.3.6.1.4.1.14519.5.2.1.6279.6001.337845202462615014431060697507/surface_grid_float_1.3.6.1.4.1.14519.5.2.1.6279.6001.337845202462615014431060697507.npy,0.5328764888236254,0.36552131175994873,0.22725610435009003,1.0,100.82491302490234,22.488426208496094,0.8741609811782837,1.0271442556381223,7.468053340911865,8.659071922302246,33,25,8,97.57838439941406,0.2180982314268748,moderate_review,728
detector_top5,1.3.6.1.4.1.14519.5.2.1.6279.6001.693480911433291675609148051914,outputs/luna16_saliency_synthetic_detector_top5/1.3.6.1.4.1.14519.5.2.1.6279.6001.693480911433291675609148051914/surface_1.3.6.1.4.1.14519.5.2.1.6279.6001.693480911433291675609148051914.png,outputs/luna16_saliency_synthetic_detector_top5/1.3.6.1.4.1.14519.5.2.1.6279.6001.693480911433291675609148051914/surface_grid_float_1.3.6.1.4.1.14519.5.2.1.6279.6001.693480911433291675609148051914.npy,0.6145585585585586,0.3523968756198883,0.23085139691829681,0.8823529481887817,85.98353576660156,21.985485076904297,1.1339654386043547,1.6679271137714398,9.719749450683594,10.840290069580078,33,25,8,85.6146240234375,0.21743323984543483,moderate_review,729
detector_top5,1.3.6.1.4.1.14519.5.2.1.6279.6001.257515388956260258681136624817,outputs/luna16_saliency_synthetic_detector_top5/1.3.6.1.4.1.14519.5.2.1.6279.6001.257515388956260258681136624817/surface_1.3.6.1.4.1.14519.5.2.1.6279.6001.257515388956260258681136624817.png,outputs/luna16_saliency_synthetic_detector_top5/1.3.6.1.4.1.14519.5.2.1.6279.6001.257515388956260258681136624817/surface_grid_float_1.3.6.1.4.1.14519.5.2.1.6279.6001.257515388956260258681136624817.npy,0.19519946808510638,0.43956780433654785,0.2799980342388153,1.0,42.19798278808594,6.707668781280518,0.5456929147243509,1.4112454450130252,15.36645793914795,7.223418235778809,33,25,8,24.022064208984375,0.21717682199633087,moderate_review,730
detector_top5,1.3.6.1.4.1.14519.5.2.1.6279.6001.112767175295249119452142211437,outputs/luna16_saliency_synthetic_detector_top5/1.3.6.1.4.1.14519.5.2.1.6279.6001.112767175295249119452142211437/surface_1.3.6.1.4.1.14519.5.2.1.6279.6001.112767175295249119452142211437.png,outputs/luna16_saliency_synthetic_detector_top5/1.3.6.1.4.1.14519.5.2.1.6279.6001.112767175295249119452142211437/surface_grid_float_1.3.6.1.4.1.14519.5.2.1.6279.6001.112767175295249119452142211437.npy,0.44563400070249387,0.3873370885848999,0.2324952632188797,0.9803921580314636,83.64539337158203,14.589207649230957,1.3954915761947635,2.180020136833189,2.780357837677002,5.540472507476807,33,25,8,83.31222534179688,0.2171217541853586,moderate_review,731
detector_top5,1.3.6.1.4.1.14519.5.2.1.6279.6001.110678335949765929063942738609,outputs/luna16_saliency_synthetic_detector_top5/1.3.6.1.4.1.14519.5.2.1.6279.6001.110678335949765929063942738609/surface_1.3.6.1.4.1.14519.5.2.1.6279.6001.110678335949765929063942738609.png,outputs/luna16_saliency_synthetic_detector_top5/1.3.6.1.4.1.14519.5.2.1.6279.6001.110678335949765929063942738609/surface_grid_float_1.3.6.1.4.1.14519.5.2.1.6279.6001.110678335949765929063942738609.npy,0.6506739032112167,0.33333620429039,0.24699294567108154,0.9921568632125854,91.54156494140625,18.546810150146484,1.2006870865821833,1.552936744689942,1.6785216331481934,7.988821983337402,33,25,8,91.2538833618164,0.21691031498379182,moderate_review,732
detector_top5,1.3.6.1.4.1.14519.5.2.1.6279.6001.765459236550358748053283544075,outputs/luna16_saliency_synthetic_detector_top5/1.3.6.1.4.1.14519.5.2.1.6279.6001.765459236550358748053283544075/surface_1.3.6.1.4.1.14519.5.2.1.6279.6001.765459236550358748053283544075.png,outputs/luna16_saliency_synthetic_detector_top5/1.3.6.1.4.1.14519.5.2.1.6279.6001.765459236550358748053283544075/surface_grid_float_1.3.6.1.4.1.14519.5.2.1.6279.6001.765459236550358748053283544075.npy,0.45887790656332217,0.3650360107421875,0.21270276606082916,0.8941176533699036,90.7142333984375,19.179630279541016,1.1453663468360902,1.4133030796051027,6.2040581703186035,10.132791519165039,33,25,8,89.19336700439453,0.2161067958725823,moderate_review,733
detector_top5,1.3.6.1.4.1.14519.5.2.1.6279.6001.756684168227383088294595834066,outputs/luna16_saliency_synthetic_detector_top5/1.3.6.1.4.1.14519.5.2.1.6279.6001.756684168227383088294595834066/surface_1.3.6.1.4.1.14519.5.2.1.6279.6001.756684168227383088294595834066.png,outputs/luna16_saliency_synthetic_detector_top5/1.3.6.1.4.1.14519.5.2.1.6279.6001.756684168227383088294595834066/surface_grid_float_1.3.6.1.4.1.14519.5.2.1.6279.6001.756684168227383088294595834066.npy,0.5157798643714137,0.35180142521858215,0.23145364224910736,1.0,88.67739868164062,19.014150619506836,1.2133418679237364,1.5730759370326994,3.1734511852264404,9.060089111328125,33,25,8,87.16056823730469,0.21512147393888897,moderate_review,734
detector_top5,1.3.6.1.4.1.14519.5.2.1.6279.6001.238855414831158993232534884296,outputs/luna16_saliency_synthetic_detector_top5/1.3.6.1.4.1.14519.5.2.1.6279.6001.238855414831158993232534884296/surface_1.3.6.1.4.1.14519.5.2.1.6279.6001.238855414831158993232534884296.png,outputs/luna16_saliency_synthetic_detector_top5/1.3.6.1.4.1.14519.5.2.1.6279.6001.238855414831158993232534884296/surface_grid_float_1.3.6.1.4.1.14519.5.2.1.6279.6001.238855414831158993232534884296.npy,0.5946512030465639,0.3992462456226349,0.22462902963161469,0.9490196108818054,98.32955932617188,21.112863540649414,0.9640603899955749,1.0518629252910592,1.5944712162017822,8.480310440063477,33,25,8,98.23626708984375,0.21428362094693706,moderate_review,735
detector_top5,1.3.6.1.4.1.14519.5.2.1.6279.6001.621916089407825046337959219998,outputs/luna16_saliency_synthetic_detector_top5/1.3.6.1.4.1.14519.5.2.1.6279.6001.621916089407825046337959219998/surface_1.3.6.1.4.1.14519.5.2.1.6279.6001.621916089407825046337959219998.png,outputs/luna16_saliency_synthetic_detector_top5/1.3.6.1.4.1.14519.5.2.1.6279.6001.621916089407825046337959219998/surface_grid_float_1.3.6.1.4.1.14519.5.2.1.6279.6001.621916089407825046337959219998.npy,0.5113739505332425,0.37138110399246216,0.22743214666843414,0.9490196108818054,88.98452758789062,15.877981185913086,1.003070837259292,1.6598445725440976,1.902377963066101,6.887083053588867,33,25,8,88.73833465576172,0.2134075121641159,moderate_review,736
detector_top5,1.3.6.1.4.1.14519.5.2.1.6279.6001.333319057944372470283038483725,outputs/luna16_saliency_synthetic_detector_top5/1.3.6.1.4.1.14519.5.2.1.6279.6001.333319057944372470283038483725/surface_1.3.6.1.4.1.14519.5.2.1.6279.6001.333319057944372470283038483725.png,outputs/luna16_saliency_synthetic_detector_top5/1.3.6.1.4.1.14519.5.2.1.6279.6001.333319057944372470283038483725/surface_grid_float_1.3.6.1.4.1.14519.5.2.1.6279.6001.333319057944372470283038483725.npy,0.5967618886157497,0.3030651807785034,0.22291986644268036,0.8745098114013672,87.7584228515625,14.382500648498535,0.9360928535461418,1.5728591513633732,1.8226991891860962,8.881340980529785,33,25,8,87.47517395019531,0.2131861259169049,moderate_review,737
detector_top5,1.3.6.1.4.1.14519.5.2.1.6279.6001.230078008964732806419498631442,outputs/luna16_saliency_synthetic_detector_top5/1.3.6.1.4.1.14519.5.2.1.6279.6001.230078008964732806419498631442/surface_1.3.6.1.4.1.14519.5.2.1.6279.6001.230078008964732806419498631442.png,outputs/luna16_saliency_synthetic_detector_top5/1.3.6.1.4.1.14519.5.2.1.6279.6001.230078008964732806419498631442/surface_grid_float_1.3.6.1.4.1.14519.5.2.1.6279.6001.230078008964732806419498631442.npy,0.6615442278860569,0.3238321840763092,0.24105243384838104,0.9411764740943909,76.7178955078125,12.467094421386719,1.267182463407516,2.539122292995424,13.252826690673828,3.9856607913970947,33,25,8,60.58696746826172,0.21289385195043262,moderate_review,738
detector_top5,1.3.6.1.4.1.14519.5.2.1.6279.6001.146429221666426688999739595820,outputs/luna16_saliency_synthetic_detector_top5/1.3.6.1.4.1.14519.5.2.1.6279.6001.146429221666426688999739595820/surface_1.3.6.1.4.1.14519.5.2.1.6279.6001.146429221666426688999739595820.png,outputs/luna16_saliency_synthetic_detector_top5/1.3.6.1.4.1.14519.5.2.1.6279.6001.146429221666426688999739595820/surface_grid_float_1.3.6.1.4.1.14519.5.2.1.6279.6001.146429221666426688999739595820.npy,0.5475995463709677,0.2890460789203644,0.22226858139038086,0.8588235378265381,95.15616607666016,19.41444969177246,0.8323564887046814,1.0570013988018037,1.4924744367599487,10.011871337890625,33,25,8,95.02395629882812,0.2125522550649113,moderate_review,739
detector_top5,1.3.6.1.4.1.14519.5.2.1.6279.6001.367204840301639918160517361062,outputs/luna16_saliency_synthetic_detector_top5/1.3.6.1.4.1.14519.5.2.1.6279.6001.367204840301639918160517361062/surface_1.3.6.1.4.1.14519.5.2.1.6279.6001.367204840301639918160517361062.png,outputs/luna16_saliency_synthetic_detector_top5/1.3.6.1.4.1.14519.5.2.1.6279.6001.367204840301639918160517361062/surface_grid_float_1.3.6.1.4.1.14519.5.2.1.6279.6001.367204840301639918160517361062.npy,0.5687734836285561,0.3363785445690155,0.21814782917499542,0.8588235378265381,81.6449966430664,15.932608604431152,0.8727057009935391,1.7840504622459388,4.214972972869873,10.167248725891113,33,25,8,78.85242462158203,0.21219039433002465,moderate_review,740
detector_top5,1.3.6.1.4.1.14519.5.2.1.6279.6001.141430002307216644912805017227,outputs/luna16_saliency_synthetic_detector_top5/1.3.6.1.4.1.14519.5.2.1.6279.6001.141430002307216644912805017227/surface_1.3.6.1.4.1.14519.5.2.1.6279.6001.141430002307216644912805017227.png,outputs/luna16_saliency_synthetic_detector_top5/1.3.6.1.4.1.14519.5.2.1.6279.6001.141430002307216644912805017227/surface_grid_float_1.3.6.1.4.1.14519.5.2.1.6279.6001.141430002307216644912805017227.npy,0.642351760916627,0.3047744333744049,0.22066420316696167,0.8901960849761963,83.95516204833984,18.922250747680664,1.1838301420211792,1.7036942660808563,2.0449516773223877,9.336379051208496,33,25,8,81.70353698730469,0.21178360706567764,moderate_review,741
detector_top5,1.3.6.1.4.1.14519.5.2.1.6279.6001.268992195564407418480563388746,outputs/luna16_saliency_synthetic_detector_top5/1.3.6.1.4.1.14519.5.2.1.6279.6001.268992195564407418480563388746/surface_1.3.6.1.4.1.14519.5.2.1.6279.6001.268992195564407418480563388746.png,outputs/luna16_saliency_synthetic_detector_top5/1.3.6.1.4.1.14519.5.2.1.6279.6001.268992195564407418480563388746/surface_grid_float_1.3.6.1.4.1.14519.5.2.1.6279.6001.268992195564407418480563388746.npy,0.6471805795586995,0.3814757764339447,0.23899653553962708,1.0,88.74190521240234,18.674413681030273,1.2957705616950979,1.6252641201019284,1.7397650480270386,6.75901460647583,33,25,8,88.41578674316406,0.21168113141589695,moderate_review,742
detector_top5,1.3.6.1.4.1.14519.5.2.1.6279.6001.741709061958490690246385302477,outputs/luna16_saliency_synthetic_detector_top5/1.3.6.1.4.1.14519.5.2.1.6279.6001.741709061958490690246385302477/surface_1.3.6.1.4.1.14519.5.2.1.6279.6001.741709061958490690246385302477.png,outputs/luna16_saliency_synthetic_detector_top5/1.3.6.1.4.1.14519.5.2.1.6279.6001.741709061958490690246385302477/surface_grid_float_1.3.6.1.4.1.14519.5.2.1.6279.6001.741709061958490690246385302477.npy,0.5552774599542334,0.363206684589386,0.2186414897441864,0.8823529481887817,86.3930892944336,18.15860939025879,1.193792086839676,1.6238559603691098,1.7760686874389648,8.398411750793457,33,25,8,86.04061889648438,0.2113672981924481,moderate_review,743
detector_top5,1.3.6.1.4.1.14519.5.2.1.6279.6001.143813757344903170810482790787,outputs/luna16_saliency_synthetic_detector_top5/1.3.6.1.4.1.14519.5.2.1.6279.6001.143813757344903170810482790787/surface_1.3.6.1.4.1.14519.5.2.1.6279.6001.143813757344903170810482790787.png,outputs/luna16_saliency_synthetic_detector_top5/1.3.6.1.4.1.14519.5.2.1.6279.6001.143813757344903170810482790787/surface_grid_float_1.3.6.1.4.1.14519.5.2.1.6279.6001.143813757344903170810482790787.npy,0.6352344640540859,0.31873053312301636,0.23793919384479523,0.9411764740943909,77.83015441894531,13.713479995727539,0.9369004607200622,2.4372888231277456,9.359524726867676,3.78727126121521,33,25,8,64.81808471679688,0.21125174708366387,moderate_review,744
detector_top5,1.3.6.1.4.1.14519.5.2.1.6279.6001.478062284228419671253422844986,outputs/luna16_saliency_synthetic_detector_top5/1.3.6.1.4.1.14519.5.2.1.6279.6001.478062284228419671253422844986/surface_1.3.6.1.4.1.14519.5.2.1.6279.6001.478062284228419671253422844986.png,outputs/luna16_saliency_synthetic_detector_top5/1.3.6.1.4.1.14519.5.2.1.6279.6001.478062284228419671253422844986/surface_grid_float_1.3.6.1.4.1.14519.5.2.1.6279.6001.478062284228419671253422844986.npy,0.14813811780636424,0.47053447365760803,0.2659600079059601,1.0,33.62852478027344,8.16075611114502,0.4587226599454879,0.5857025134563443,3.9027581214904785,9.81822395324707,33,25,8,3.9959716796875,0.21078653912359807,moderate_review,745
detector_top5,1.3.6.1.4.1.14519.5.2.1.6279.6001.337005960787660957389988207064,outputs/luna16_saliency_synthetic_detector_top5/1.3.6.1.4.1.14519.5.2.1.6279.6001.337005960787660957389988207064/surface_1.3.6.1.4.1.14519.5.2.1.6279.6001.337005960787660957389988207064.png,outputs/luna16_saliency_synthetic_detector_top5/1.3.6.1.4.1.14519.5.2.1.6279.6001.337005960787660957389988207064/surface_grid_float_1.3.6.1.4.1.14519.5.2.1.6279.6001.337005960787660957389988207064.npy,0.486491043203372,0.3505261540412903,0.23388203978538513,0.9803921580314636,83.2480697631836,17.27867889404297,0.9320706784725191,1.3406577086448657,1.482921838760376,13.597317695617676,33,25,8,83.08273315429688,0.20918277574380234,moderate_review,746
detector_top5,1.3.6.1.4.1.14519.5.2.1.6279.6001.328789598898469177563438457842,outputs/luna16_saliency_synthetic_detector_top5/1.3.6.1.4.1.14519.5.2.1.6279.6001.328789598898469177563438457842/surface_1.3.6.1.4.1.14519.5.2.1.6279.6001.328789598898469177563438457842.png,outputs/luna16_saliency_synthetic_detector_top5/1.3.6.1.4.1.14519.5.2.1.6279.6001.328789598898469177563438457842/surface_grid_float_1.3.6.1.4.1.14519.5.2.1.6279.6001.328789598898469177563438457842.npy,0.6319523991345297,0.3405299484729767,0.23449407517910004,0.9411764740943909,72.41290283203125,8.498682022094727,0.8211752623319626,2.2841161608695977,14.888696670532227,8.271197319030762,33,25,8,62.85607147216797,0.2075920946995417,moderate_review,747
detector_top5,1.3.6.1.4.1.14519.5.2.1.6279.6001.220205300714852483483213840572,outputs/luna16_saliency_synthetic_detector_top5/1.3.6.1.4.1.14519.5.2.1.6279.6001.220205300714852483483213840572/surface_1.3.6.1.4.1.14519.5.2.1.6279.6001.220205300714852483483213840572.png,outputs/luna16_saliency_synthetic_detector_top5/1.3.6.1.4.1.14519.5.2.1.6279.6001.220205300714852483483213840572/surface_grid_float_1.3.6.1.4.1.14519.5.2.1.6279.6001.220205300714852483483213840572.npy,0.5809660405292866,0.3700331151485443,0.2304973602294922,0.9372549057006836,82.8525161743164,16.627798080444336,0.9823194622993469,1.8340532529354063,15.741445541381836,6.4185566902160645,33,25,8,41.900115966796875,0.20737258385684745,moderate_review,748
detector_top5,1.3.6.1.4.1.14519.5.2.1.6279.6001.404457313935200882843898832756,outputs/luna16_saliency_synthetic_detector_top5/1.3.6.1.4.1.14519.5.2.1.6279.6001.404457313935200882843898832756/surface_1.3.6.1.4.1.14519.5.2.1.6279.6001.404457313935200882843898832756.png,outputs/luna16_saliency_synthetic_detector_top5/1.3.6.1.4.1.14519.5.2.1.6279.6001.404457313935200882843898832756/surface_grid_float_1.3.6.1.4.1.14519.5.2.1.6279.6001.404457313935200882843898832756.npy,0.5281956521739131,0.33286115527153015,0.22863982617855072,0.9686274528503418,94.802734375,19.78495216369629,0.8032840490341187,0.9679623103141782,1.3286162614822388,8.97586727142334,33,25,8,94.38929748535156,0.20698979831536607,moderate_review,749
detector_top5,1.3.6.1.4.1.14519.5.2.1.6279.6001.802595762867498341201607992711,outputs/luna16_saliency_synthetic_detector_top5/1.3.6.1.4.1.14519.5.2.1.6279.6001.802595762867498341201607992711/surface_1.3.6.1.4.1.14519.5.2.1.6279.6001.802595762867498341201607992711.png,outputs/luna16_saliency_synthetic_detector_top5/1.3.6.1.4.1.14519.5.2.1.6279.6001.802595762867498341201607992711/surface_grid_float_1.3.6.1.4.1.14519.5.2.1.6279.6001.802595762867498341201607992711.npy,0.6003655193420652,0.32486552000045776,0.2172340601682663,0.8588235378265381,86.39196014404297,18.73131561279297,0.8264605164527894,1.5804379653930645,2.0065300464630127,6.9636054039001465,33,25,8,85.39141082763672,0.2068744178771972,moderate_review,750
detector_top5,1.3.6.1.4.1.14519.5.2.1.6279.6001.194465340552956447447896167830,outputs/luna16_saliency_synthetic_detector_top5/1.3.6.1.4.1.14519.5.2.1.6279.6001.194465340552956447447896167830/surface_1.3.6.1.4.1.14519.5.2.1.6279.6001.194465340552956447447896167830.png,outputs/luna16_saliency_synthetic_detector_top5/1.3.6.1.4.1.14519.5.2.1.6279.6001.194465340552956447447896167830/surface_grid_float_1.3.6.1.4.1.14519.5.2.1.6279.6001.194465340552956447447896167830.npy,0.6225296442687747,0.3183470070362091,0.23020890355110168,0.9490196108818054,87.87004852294922,22.790700912475586,0.9279947400093076,1.1541497242450716,3.882641077041626,11.379618644714355,33,25,8,86.06338500976562,0.20636261403163275,moderate_review,751
detector_top5,1.3.6.1.4.1.14519.5.2.1.6279.6001.233652865358649579816568545171,outputs/luna16_saliency_synthetic_detector_top5/1.3.6.1.4.1.14519.5.2.1.6279.6001.233652865358649579816568545171/surface_1.3.6.1.4.1.14519.5.2.1.6279.6001.233652865358649579816568545171.png,outputs/luna16_saliency_synthetic_detector_top5/1.3.6.1.4.1.14519.5.2.1.6279.6001.233652865358649579816568545171/surface_grid_float_1.3.6.1.4.1.14519.5.2.1.6279.6001.233652865358649579816568545171.npy,0.6282322426177175,0.39052945375442505,0.26591742038726807,1.0,75.910400390625,12.588238716125488,1.2371575653553004,2.0151314234733566,2.4207279682159424,8.257096290588379,33,25,8,75.42481994628906,0.2053203795565499,moderate_review,752
detector_top5,1.3.6.1.4.1.14519.5.2.1.6279.6001.939152384493874708850321969356,outputs/luna16_saliency_synthetic_detector_top5/1.3.6.1.4.1.14519.5.2.1.6279.6001.939152384493874708850321969356/surface_1.3.6.1.4.1.14519.5.2.1.6279.6001.939152384493874708850321969356.png,outputs/luna16_saliency_synthetic_detector_top5/1.3.6.1.4.1.14519.5.2.1.6279.6001.939152384493874708850321969356/surface_grid_float_1.3.6.1.4.1.14519.5.2.1.6279.6001.939152384493874708850321969356.npy,0.5153247702589808,0.34624508023262024,0.2237590253353119,0.9529411792755127,86.9573745727539,15.611480712890625,0.8002211302518845,1.275686371326445,1.8484327793121338,9.552786827087402,33,25,8,86.11911010742188,0.20442796393235516,moderate_review,753
detector_top5,1.3.6.1.4.1.14519.5.2.1.6279.6001.292576688635952269497781991202,outputs/luna16_saliency_synthetic_detector_top5/1.3.6.1.4.1.14519.5.2.1.6279.6001.292576688635952269497781991202/surface_1.3.6.1.4.1.14519.5.2.1.6279.6001.292576688635952269497781991202.png,outputs/luna16_saliency_synthetic_detector_top5/1.3.6.1.4.1.14519.5.2.1.6279.6001.292576688635952269497781991202/surface_grid_float_1.3.6.1.4.1.14519.5.2.1.6279.6001.292576688635952269497781991202.npy,0.655936329588015,0.34796959161758423,0.257808655500412,1.0,74.89093017578125,15.565499305725098,1.2102249681949606,1.9924333703517925,3.313490629196167,8.73669147491455,33,25,8,73.98751068115234,0.20400608801444375,moderate_review,754
detector_top5,1.3.6.1.4.1.14519.5.2.1.6279.6001.276556509002726404418399209377,outputs/luna16_saliency_synthetic_detector_top5/1.3.6.1.4.1.14519.5.2.1.6279.6001.276556509002726404418399209377/surface_1.3.6.1.4.1.14519.5.2.1.6279.6001.276556509002726404418399209377.png,outputs/luna16_saliency_synthetic_detector_top5/1.3.6.1.4.1.14519.5.2.1.6279.6001.276556509002726404418399209377/surface_grid_float_1.3.6.1.4.1.14519.5.2.1.6279.6001.276556509002726404418399209377.npy,0.6465646806226516,0.3236613869667053,0.23834839463233948,1.0,76.56121063232422,7.679349422454834,0.7382368981838228,2.2904625272750834,12.299671173095703,3.422156572341919,33,25,8,65.38276672363281,0.2039206859217749,moderate_review,755
detector_top5,1.3.6.1.4.1.14519.5.2.1.6279.6001.161002239822118346732951898613,outputs/luna16_saliency_synthetic_detector_top5/1.3.6.1.4.1.14519.5.2.1.6279.6001.161002239822118346732951898613/surface_1.3.6.1.4.1.14519.5.2.1.6279.6001.161002239822118346732951898613.png,outputs/luna16_saliency_synthetic_detector_top5/1.3.6.1.4.1.14519.5.2.1.6279.6001.161002239822118346732951898613/surface_grid_float_1.3.6.1.4.1.14519.5.2.1.6279.6001.161002239822118346732951898613.npy,0.4289027438932562,0.3740761876106262,0.2362249344587326,0.9725490212440491,88.515380859375,21.434823989868164,0.8733598560094831,1.0654881000518803,1.156354308128357,10.95308780670166,33,25,8,88.311767578125,0.2038304728931851,moderate_review,756
detector_top5,1.3.6.1.4.1.14519.5.2.1.6279.6001.296738183013079390785739615169,outputs/luna16_saliency_synthetic_detector_top5/1.3.6.1.4.1.14519.5.2.1.6279.6001.296738183013079390785739615169/surface_1.3.6.1.4.1.14519.5.2.1.6279.6001.296738183013079390785739615169.png,outputs/luna16_saliency_synthetic_detector_top5/1.3.6.1.4.1.14519.5.2.1.6279.6001.296738183013079390785739615169/surface_grid_float_1.3.6.1.4.1.14519.5.2.1.6279.6001.296738183013079390785739615169.npy,0.6468639575971732,0.32224297523498535,0.24193695187568665,1.0,84.35707092285156,14.16164779663086,1.1694446504116058,1.7675295352935791,2.0863332748413086,4.283367156982422,33,25,8,83.86993408203125,0.20313959794574313,moderate_review,757
detector_top5,1.3.6.1.4.1.14519.5.2.1.6279.6001.192419869605596446455526220766,outputs/luna16_saliency_synthetic_detector_top5/1.3.6.1.4.1.14519.5.2.1.6279.6001.192419869605596446455526220766/surface_1.3.6.1.4.1.14519.5.2.1.6279.6001.192419869605596446455526220766.png,outputs/luna16_saliency_synthetic_detector_top5/1.3.6.1.4.1.14519.5.2.1.6279.6001.192419869605596446455526220766/surface_grid_float_1.3.6.1.4.1.14519.5.2.1.6279.6001.192419869605596446455526220766.npy,0.6052762321144675,0.37502211332321167,0.22321952879428864,0.9960784316062927,75.13768005371094,12.255911827087402,1.0175056278705596,1.6239888441562653,2.1006855964660645,12.957340240478516,33,25,8,74.51900482177734,0.20274322150415844,moderate_review,758
detector_top5,1.3.6.1.4.1.14519.5.2.1.6279.6001.134996872583497382954024478441,outputs/luna16_saliency_synthetic_detector_top5/1.3.6.1.4.1.14519.5.2.1.6279.6001.134996872583497382954024478441/surface_1.3.6.1.4.1.14519.5.2.1.6279.6001.134996872583497382954024478441.png,outputs/luna16_saliency_synthetic_detector_top5/1.3.6.1.4.1.14519.5.2.1.6279.6001.134996872583497382954024478441/surface_grid_float_1.3.6.1.4.1.14519.5.2.1.6279.6001.134996872583497382954024478441.npy,0.3685753708175233,0.435556560754776,0.2078486680984497,0.9882352948188782,75.72659301757812,16.357221603393555,1.0281781077384948,1.8773897290229777,2.2928154468536377,8.801761627197266,33,25,8,75.28678131103516,0.20209215051598012,moderate_review,759
detector_top5,1.3.6.1.4.1.14519.5.2.1.6279.6001.246758220302211646532176593724,outputs/luna16_saliency_synthetic_detector_top5/1.3.6.1.4.1.14519.5.2.1.6279.6001.246758220302211646532176593724/surface_1.3.6.1.4.1.14519.5.2.1.6279.6001.246758220302211646532176593724.png,outputs/luna16_saliency_synthetic_detector_top5/1.3.6.1.4.1.14519.5.2.1.6279.6001.246758220302211646532176593724/surface_grid_float_1.3.6.1.4.1.14519.5.2.1.6279.6001.246758220302211646532176593724.npy,0.5354825204102993,0.3919687569141388,0.2647857367992401,1.0,76.9556884765625,14.22628402709961,1.039861798286438,1.9459760189056396,6.955629825592041,6.541604518890381,33,25,8,74.54364013671875,0.20117566029230752,moderate_review,760
detector_top5,1.3.6.1.4.1.14519.5.2.1.6279.6001.295298571102631191572192562523,outputs/luna16_saliency_synthetic_detector_top5/1.3.6.1.4.1.14519.5.2.1.6279.6001.295298571102631191572192562523/surface_1.3.6.1.4.1.14519.5.2.1.6279.6001.295298571102631191572192562523.png,outputs/luna16_saliency_synthetic_detector_top5/1.3.6.1.4.1.14519.5.2.1.6279.6001.295298571102631191572192562523/surface_grid_float_1.3.6.1.4.1.14519.5.2.1.6279.6001.295298571102631191572192562523.npy,0.5966710319041926,0.36613091826438904,0.24481886625289917,1.0,87.20700073242188,19.113357543945312,0.9836266279220575,1.1562022304534911,1.3910664319992065,9.41344928741455,33,25,8,87.02760314941406,0.20094984432856242,moderate_review,761
detector_top5,1.3.6.1.4.1.14519.5.2.1.6279.6001.330043769832606379655473292782,outputs/luna16_saliency_synthetic_detector_top5/1.3.6.1.4.1.14519.5.2.1.6279.6001.330043769832606379655473292782/surface_1.3.6.1.4.1.14519.5.2.1.6279.6001.330043769832606379655473292782.png,outputs/luna16_saliency_synthetic_detector_top5/1.3.6.1.4.1.14519.5.2.1.6279.6001.330043769832606379655473292782/surface_grid_float_1.3.6.1.4.1.14519.5.2.1.6279.6001.330043769832606379655473292782.npy,0.59615462621182,0.3451160788536072,0.23685026168823242,0.9882352948188782,88.12791442871094,19.657960891723633,0.8628567010164261,0.9386984676122665,4.186429023742676,11.63517951965332,33,25,8,84.61405181884766,0.20089676589767136,moderate_review,762
detector_top5,1.3.6.1.4.1.14519.5.2.1.6279.6001.338447145504282422142824032832,outputs/luna16_saliency_synthetic_detector_top5/1.3.6.1.4.1.14519.5.2.1.6279.6001.338447145504282422142824032832/surface_1.3.6.1.4.1.14519.5.2.1.6279.6001.338447145504282422142824032832.png,outputs/luna16_saliency_synthetic_detector_top5/1.3.6.1.4.1.14519.5.2.1.6279.6001.338447145504282422142824032832/surface_grid_float_1.3.6.1.4.1.14519.5.2.1.6279.6001.338447145504282422142824032832.npy,0.6049148731127529,0.32459908723831177,0.22527149319648743,0.8901960849761963,78.29773712158203,11.613986015319824,0.8400301098823544,1.6999784588813778,14.109854698181152,8.67932415008545,33,25,8,64.65255737304688,0.20078296930260126,moderate_review,763
detector_top5,1.3.6.1.4.1.14519.5.2.1.6279.6001.307921770358136677021532761235,outputs/luna16_saliency_synthetic_detector_top5/1.3.6.1.4.1.14519.5.2.1.6279.6001.307921770358136677021532761235/surface_1.3.6.1.4.1.14519.5.2.1.6279.6001.307921770358136677021532761235.png,outputs/luna16_saliency_synthetic_detector_top5/1.3.6.1.4.1.14519.5.2.1.6279.6001.307921770358136677021532761235/surface_grid_float_1.3.6.1.4.1.14519.5.2.1.6279.6001.307921770358136677021532761235.npy,0.5568758124462183,0.38103601336479187,0.2283073514699936,0.9529411792755127,86.13748931884766,20.821550369262695,0.8711139619350433,1.0342554330825806,1.0812209844589233,11.710025787353516,33,25,8,85.59306335449219,0.20061242471800908,moderate_review,764
detector_top5,1.3.6.1.4.1.14519.5.2.1.6279.6001.173101104804533997398137418032,outputs/luna16_saliency_synthetic_detector_top5/1.3.6.1.4.1.14519.5.2.1.6279.6001.173101104804533997398137418032/surface_1.3.6.1.4.1.14519.5.2.1.6279.6001.173101104804533997398137418032.png,outputs/luna16_saliency_synthetic_detector_top5/1.3.6.1.4.1.14519.5.2.1.6279.6001.173101104804533997398137418032/surface_grid_float_1.3.6.1.4.1.14519.5.2.1.6279.6001.173101104804533997398137418032.npy,0.6013546202225447,0.3447292447090149,0.2238759547472,0.9490196108818054,79.06982421875,16.488723754882812,0.8672925263643261,1.7621028554439517,2.448227882385254,7.147185802459717,33,25,8,78.65959167480469,0.200528761144479,moderate_review,765
detector_top5,1.3.6.1.4.1.14519.5.2.1.6279.6001.569096986145782511000054443951,outputs/luna16_saliency_synthetic_detector_top5/1.3.6.1.4.1.14519.5.2.1.6279.6001.569096986145782511000054443951/surface_1.3.6.1.4.1.14519.5.2.1.6279.6001.569096986145782511000054443951.png,outputs/luna16_saliency_synthetic_detector_top5/1.3.6.1.4.1.14519.5.2.1.6279.6001.569096986145782511000054443951/surface_grid_float_1.3.6.1.4.1.14519.5.2.1.6279.6001.569096986145782511000054443951.npy,0.6067758955845598,0.31686195731163025,0.2486518919467926,1.0,82.74658203125,19.001623153686523,1.055775135755539,1.2260894834995268,1.2946542501449585,11.578705787658691,33,25,8,82.35540771484375,0.20042411186297734,moderate_review,766
detector_top5,1.3.6.1.4.1.14519.5.2.1.6279.6001.223098610241551815995595311693,outputs/luna16_saliency_synthetic_detector_top5/1.3.6.1.4.1.14519.5.2.1.6279.6001.223098610241551815995595311693/surface_1.3.6.1.4.1.14519.5.2.1.6279.6001.223098610241551815995595311693.png,outputs/luna16_saliency_synthetic_detector_top5/1.3.6.1.4.1.14519.5.2.1.6279.6001.223098610241551815995595311693/surface_grid_float_1.3.6.1.4.1.14519.5.2.1.6279.6001.223098610241551815995595311693.npy,0.5140643083580738,0.3274516463279724,0.2313043773174286,0.929411768913269,88.16343688964844,17.440593719482422,0.8598798215389252,1.2056764280796046,1.7042845487594604,7.158651351928711,33,25,8,87.83734130859375,0.19901746844053267,moderate_review,767
detector_top5,1.3.6.1.4.1.14519.5.2.1.6279.6001.664409965623578819357819577077,outputs/luna16_saliency_synthetic_detector_top5/1.3.6.1.4.1.14519.5.2.1.6279.6001.664409965623578819357819577077/surface_1.3.6.1.4.1.14519.5.2.1.6279.6001.664409965623578819357819577077.png,outputs/luna16_saliency_synthetic_detector_top5/1.3.6.1.4.1.14519.5.2.1.6279.6001.664409965623578819357819577077/surface_grid_float_1.3.6.1.4.1.14519.5.2.1.6279.6001.664409965623578819357819577077.npy,0.621874957049987,0.31276875734329224,0.23070620000362396,0.95686274766922,74.10921478271484,10.332804679870605,0.7667005002498568,2.356568303108211,9.416417121887207,2.1609816551208496,33,25,8,70.40074157714844,0.19901458852026185,moderate_review,768
detector_top5,1.3.6.1.4.1.14519.5.2.1.6279.6001.201890795870532056891161597218,outputs/luna16_saliency_synthetic_detector_top5/1.3.6.1.4.1.14519.5.2.1.6279.6001.201890795870532056891161597218/surface_1.3.6.1.4.1.14519.5.2.1.6279.6001.201890795870532056891161597218.png,outputs/luna16_saliency_synthetic_detector_top5/1.3.6.1.4.1.14519.5.2.1.6279.6001.201890795870532056891161597218/surface_grid_float_1.3.6.1.4.1.14519.5.2.1.6279.6001.201890795870532056891161597218.npy,0.5861406619385343,0.34494146704673767,0.22042782604694366,0.9031764763593583,78.59861755371094,15.591752052307129,0.8995457142591476,1.8114558601379434,10.685576438903809,6.056904315948486,33,25,8,44.77668762207031,0.1988011590957643,moderate_review,769
detector_top5,1.3.6.1.4.1.14519.5.2.1.6279.6001.203425588524695836343069893813,outputs/luna16_saliency_synthetic_detector_top5/1.3.6.1.4.1.14519.5.2.1.6279.6001.203425588524695836343069893813/surface_1.3.6.1.4.1.14519.5.2.1.6279.6001.203425588524695836343069893813.png,outputs/luna16_saliency_synthetic_detector_top5/1.3.6.1.4.1.14519.5.2.1.6279.6001.203425588524695836343069893813/surface_grid_float_1.3.6.1.4.1.14519.5.2.1.6279.6001.203425588524695836343069893813.npy,0.1671600481347774,0.45510241389274597,0.24379535019397736,1.0,26.704605102539062,4.725397109985352,0.35210445523262046,1.3478167200088498,2.9020612239837646,4.125492572784424,33,25,8,18.094192504882812,0.19858991053843114,moderate_review,770
detector_top5,1.3.6.1.4.1.14519.5.2.1.6279.6001.139889514693390832525232698200,outputs/luna16_saliency_synthetic_detector_top5/1.3.6.1.4.1.14519.5.2.1.6279.6001.139889514693390832525232698200/surface_1.3.6.1.4.1.14519.5.2.1.6279.6001.139889514693390832525232698200.png,outputs/luna16_saliency_synthetic_detector_top5/1.3.6.1.4.1.14519.5.2.1.6279.6001.139889514693390832525232698200/surface_grid_float_1.3.6.1.4.1.14519.5.2.1.6279.6001.139889514693390832525232698200.npy,0.5431954022988505,0.32862982153892517,0.22466370463371277,0.9411764740943909,78.9545669555664,12.077528953552246,0.9650238364934924,1.9414378178119645,6.078763484954834,2.960111141204834,33,25,8,71.88357543945312,0.19641210421853592,moderate_review,771
detector_top5,1.3.6.1.4.1.14519.5.2.1.6279.6001.217589936421986638139451480826,outputs/luna16_saliency_synthetic_detector_top5/1.3.6.1.4.1.14519.5.2.1.6279.6001.217589936421986638139451480826/surface_1.3.6.1.4.1.14519.5.2.1.6279.6001.217589936421986638139451480826.png,outputs/luna16_saliency_synthetic_detector_top5/1.3.6.1.4.1.14519.5.2.1.6279.6001.217589936421986638139451480826/surface_grid_float_1.3.6.1.4.1.14519.5.2.1.6279.6001.217589936421986638139451480826.npy,0.5956946182728411,0.4028768539428711,0.24484197795391083,0.9960784316062927,84.56797790527344,14.962923049926758,0.7460500985383988,0.875189362168311,3.0114917755126953,13.128474235534668,33,25,8,84.05548095703125,0.19637669789724876,moderate_review,772
detector_top5,1.3.6.1.4.1.14519.5.2.1.6279.6001.106419850406056634877579573537,outputs/luna16_saliency_synthetic_detector_top5/1.3.6.1.4.1.14519.5.2.1.6279.6001.106419850406056634877579573537/surface_1.3.6.1.4.1.14519.5.2.1.6279.6001.106419850406056634877579573537.png,outputs/luna16_saliency_synthetic_detector_top5/1.3.6.1.4.1.14519.5.2.1.6279.6001.106419850406056634877579573537/surface_grid_float_1.3.6.1.4.1.14519.5.2.1.6279.6001.106419850406056634877579573537.npy,0.5804586666666667,0.29963839054107666,0.21326784789562225,0.9058823585510254,87.52471923828125,16.478456497192383,0.8311281532049182,0.9875225865840908,1.0313680171966553,8.542134284973145,33,25,8,87.35820770263672,0.19448273029459845,moderate_review,773
detector_top5,1.3.6.1.4.1.14519.5.2.1.6279.6001.183924380327950237519832859527,outputs/luna16_saliency_synthetic_detector_top5/1.3.6.1.4.1.14519.5.2.1.6279.6001.183924380327950237519832859527/surface_1.3.6.1.4.1.14519.5.2.1.6279.6001.183924380327950237519832859527.png,outputs/luna16_saliency_synthetic_detector_top5/1.3.6.1.4.1.14519.5.2.1.6279.6001.183924380327950237519832859527/surface_grid_float_1.3.6.1.4.1.14519.5.2.1.6279.6001.183924380327950237519832859527.npy,0.4968716443553583,0.3571679890155792,0.19295956194400787,0.8156862854957581,78.49986267089844,16.23201560974121,1.1105228662490845,1.5008545446395873,1.67075777053833,6.555695056915283,33,25,8,76.70853424072266,0.19394717105627063,moderate_review,774
detector_top5,1.3.6.1.4.1.14519.5.2.1.6279.6001.111496024928645603833332252962,outputs/luna16_saliency_synthetic_detector_top5/1.3.6.1.4.1.14519.5.2.1.6279.6001.111496024928645603833332252962/surface_1.3.6.1.4.1.14519.5.2.1.6279.6001.111496024928645603833332252962.png,outputs/luna16_saliency_synthetic_detector_top5/1.3.6.1.4.1.14519.5.2.1.6279.6001.111496024928645603833332252962/surface_grid_float_1.3.6.1.4.1.14519.5.2.1.6279.6001.111496024928645603833332252962.npy,0.6262113843893223,0.3122205436229706,0.23536165058612823,0.9450980424880981,67.35676574707031,11.837910652160645,0.9874996393918991,2.146443629264831,3.637493371963501,7.738821029663086,33,25,8,67.24095153808594,0.19385196518898007,moderate_review,775
detector_top5,1.3.6.1.4.1.14519.5.2.1.6279.6001.329326052298830421573852261436,outputs/luna16_saliency_synthetic_detector_top5/1.3.6.1.4.1.14519.5.2.1.6279.6001.329326052298830421573852261436/surface_1.3.6.1.4.1.14519.5.2.1.6279.6001.329326052298830421573852261436.png,outputs/luna16_saliency_synthetic_detector_top5/1.3.6.1.4.1.14519.5.2.1.6279.6001.329326052298830421573852261436/surface_grid_float_1.3.6.1.4.1.14519.5.2.1.6279.6001.329326052298830421573852261436.npy,0.5283372827804107,0.33051902055740356,0.22784237563610077,0.8313725590705872,82.94617462158203,18.49271583557129,0.9170729011297225,1.2242205131053925,1.8081634044647217,8.211627006530762,33,25,8,82.76669311523438,0.19321829977697796,moderate_review,776
detector_top5,1.3.6.1.4.1.14519.5.2.1.6279.6001.125356649712550043958727288500,outputs/luna16_saliency_synthetic_detector_top5/1.3.6.1.4.1.14519.5.2.1.6279.6001.125356649712550043958727288500/surface_1.3.6.1.4.1.14519.5.2.1.6279.6001.125356649712550043958727288500.png,outputs/luna16_saliency_synthetic_detector_top5/1.3.6.1.4.1.14519.5.2.1.6279.6001.125356649712550043958727288500/surface_grid_float_1.3.6.1.4.1.14519.5.2.1.6279.6001.125356649712550043958727288500.npy,0.5827228506124362,0.3513425886631012,0.2295088917016983,1.0,72.66281127929688,15.190207481384277,0.8480947762727736,1.5006661033630384,3.1031177043914795,11.79714298248291,33,25,8,72.15867614746094,0.1923405418607924,moderate_review,777
detector_top5,1.3.6.1.4.1.14519.5.2.1.6279.6001.237428977311365557972720635401,outputs/luna16_saliency_synthetic_detector_top5/1.3.6.1.4.1.14519.5.2.1.6279.6001.237428977311365557972720635401/surface_1.3.6.1.4.1.14519.5.2.1.6279.6001.237428977311365557972720635401.png,outputs/luna16_saliency_synthetic_detector_top5/1.3.6.1.4.1.14519.5.2.1.6279.6001.237428977311365557972720635401/surface_grid_float_1.3.6.1.4.1.14519.5.2.1.6279.6001.237428977311365557972720635401.npy,0.5981243887003049,0.4001760482788086,0.23457194864749908,1.0,77.76419067382812,17.262882232666016,0.9459286212921142,1.2524104094505333,4.111867427825928,10.880556106567383,33,25,8,75.84945678710938,0.1913583103100459,moderate_review,778
detector_top5,1.3.6.1.4.1.14519.5.2.1.6279.6001.265780642925621389994857727416,outputs/luna16_saliency_synthetic_detector_top5/1.3.6.1.4.1.14519.5.2.1.6279.6001.265780642925621389994857727416/surface_1.3.6.1.4.1.14519.5.2.1.6279.6001.265780642925621389994857727416.png,outputs/luna16_saliency_synthetic_detector_top5/1.3.6.1.4.1.14519.5.2.1.6279.6001.265780642925621389994857727416/surface_grid_float_1.3.6.1.4.1.14519.5.2.1.6279.6001.265780642925621389994857727416.npy,0.5598578439668302,0.34963852167129517,0.22783799469470978,0.9882352948188782,81.75479888916016,20.21624755859375,0.7485004872083664,1.061816074848175,1.576680302619934,10.159245491027832,33,25,8,81.5400390625,0.1906885814852185,moderate_review,779
detector_top5,1.3.6.1.4.1.14519.5.2.1.6279.6001.279300249795483097365868125932,outputs/luna16_saliency_synthetic_detector_top5/1.3.6.1.4.1.14519.5.2.1.6279.6001.279300249795483097365868125932/surface_1.3.6.1.4.1.14519.5.2.1.6279.6001.279300249795483097365868125932.png,outputs/luna16_saliency_synthetic_detector_top5/1.3.6.1.4.1.14519.5.2.1.6279.6001.279300249795483097365868125932/surface_grid_float_1.3.6.1.4.1.14519.5.2.1.6279.6001.279300249795483097365868125932.npy,0.5563859232898379,0.3846670985221863,0.23444998264312744,0.9843137264251709,77.41254425048828,17.596790313720703,0.9510958671569822,1.5635625064373007,2.0102241039276123,6.414318561553955,33,25,8,77.09877014160156,0.1901818235251638,moderate_review,780
detector_top5,1.3.6.1.4.1.14519.5.2.1.6279.6001.338875090785618956575597613546,outputs/luna16_saliency_synthetic_detector_top5/1.3.6.1.4.1.14519.5.2.1.6279.6001.338875090785618956575597613546/surface_1.3.6.1.4.1.14519.5.2.1.6279.6001.338875090785618956575597613546.png,outputs/luna16_saliency_synthetic_detector_top5/1.3.6.1.4.1.14519.5.2.1.6279.6001.338875090785618956575597613546/surface_grid_float_1.3.6.1.4.1.14519.5.2.1.6279.6001.338875090785618956575597613546.npy,0.6079135618479881,0.34525927901268005,0.22082632780075073,0.8823529481887817,82.31245422363281,14.616929054260254,0.8929351001977918,1.1509624516963957,1.2261871099472046,8.25902271270752,33,25,8,82.1550064086914,0.19006968106296326,moderate_review,781
detector_top5,1.3.6.1.4.1.14519.5.2.1.6279.6001.172573195301625265149778785969,outputs/luna16_saliency_synthetic_detector_top5/1.3.6.1.4.1.14519.5.2.1.6279.6001.172573195301625265149778785969/surface_1.3.6.1.4.1.14519.5.2.1.6279.6001.172573195301625265149778785969.png,outputs/luna16_saliency_synthetic_detector_top5/1.3.6.1.4.1.14519.5.2.1.6279.6001.172573195301625265149778785969/surface_grid_float_1.3.6.1.4.1.14519.5.2.1.6279.6001.172573195301625265149778785969.npy,0.629855079249877,0.2705647945404053,0.22046995162963867,0.9215686321258545,74.74121856689453,14.342992782592773,0.9339267909526825,1.3604712784290314,1.5143765211105347,11.014087677001953,33,25,8,74.43974304199219,0.18985858635769948,moderate_review,782
detector_top5,1.3.6.1.4.1.14519.5.2.1.6279.6001.275849601663847251574860892603,outputs/luna16_saliency_synthetic_detector_top5/1.3.6.1.4.1.14519.5.2.1.6279.6001.275849601663847251574860892603/surface_1.3.6.1.4.1.14519.5.2.1.6279.6001.275849601663847251574860892603.png,outputs/luna16_saliency_synthetic_detector_top5/1.3.6.1.4.1.14519.5.2.1.6279.6001.275849601663847251574860892603/surface_grid_float_1.3.6.1.4.1.14519.5.2.1.6279.6001.275849601663847251574860892603.npy,0.641565006684492,0.38413307070732117,0.2440662533044815,0.9098039269447327,78.08904266357422,13.712543487548828,1.0335473775863648,1.2853277218341852,1.7367253303527832,9.20064926147461,33,25,8,77.82791137695312,0.18915412334203724,moderate_review,783
detector_top5,1.3.6.1.4.1.14519.5.2.1.6279.6001.162207236104936931957809623059,outputs/luna16_saliency_synthetic_detector_top5/1.3.6.1.4.1.14519.5.2.1.6279.6001.162207236104936931957809623059/surface_1.3.6.1.4.1.14519.5.2.1.6279.6001.162207236104936931957809623059.png,outputs/luna16_saliency_synthetic_detector_top5/1.3.6.1.4.1.14519.5.2.1.6279.6001.162207236104936931957809623059/surface_grid_float_1.3.6.1.4.1.14519.5.2.1.6279.6001.162207236104936931957809623059.npy,0.5503389797393666,0.3067539632320404,0.2278609424829483,0.9764705896377563,82.68267822265625,17.984155654907227,0.9445666670799255,1.2656336486339574,1.392688512802124,5.666847229003906,33,25,8,82.30194091796875,0.18836646700567666,moderate_review,784
detector_top5,1.3.6.1.4.1.14519.5.2.1.6279.6001.300392272203629213913702120739,outputs/luna16_saliency_synthetic_detector_top5/1.3.6.1.4.1.14519.5.2.1.6279.6001.300392272203629213913702120739/surface_1.3.6.1.4.1.14519.5.2.1.6279.6001.300392272203629213913702120739.png,outputs/luna16_saliency_synthetic_detector_top5/1.3.6.1.4.1.14519.5.2.1.6279.6001.300392272203629213913702120739/surface_grid_float_1.3.6.1.4.1.14519.5.2.1.6279.6001.300392272203629213913702120739.npy,0.6065098291975508,0.33205646276474,0.24745716154575348,0.9450980424880981,78.85926055908203,15.972764015197754,0.9261016190052028,1.2224112057685852,1.3225690126419067,9.115182876586914,33,25,8,78.20526123046875,0.18836039905283186,moderate_review,785
detector_top5,1.3.6.1.4.1.14519.5.2.1.6279.6001.183843376225716802567192412456,outputs/luna16_saliency_synthetic_detector_top5/1.3.6.1.4.1.14519.5.2.1.6279.6001.183843376225716802567192412456/surface_1.3.6.1.4.1.14519.5.2.1.6279.6001.183843376225716802567192412456.png,outputs/luna16_saliency_synthetic_detector_top5/1.3.6.1.4.1.14519.5.2.1.6279.6001.183843376225716802567192412456/surface_grid_float_1.3.6.1.4.1.14519.5.2.1.6279.6001.183843376225716802567192412456.npy,0.44744744744744747,0.35617566108703613,0.22743722796440125,0.9019607901573181,79.3544921875,15.853653907775879,0.8751496106386175,1.4120900404453283,1.9767167568206787,6.050385475158691,33,25,8,78.83396911621094,0.18806548924843472,moderate_review,786
detector_top5,1.3.6.1.4.1.14519.5.2.1.6279.6001.173931884906244951746140865701,outputs/luna16_saliency_synthetic_detector_top5/1.3.6.1.4.1.14519.5.2.1.6279.6001.173931884906244951746140865701/surface_1.3.6.1.4.1.14519.5.2.1.6279.6001.173931884906244951746140865701.png,outputs/luna16_saliency_synthetic_detector_top5/1.3.6.1.4.1.14519.5.2.1.6279.6001.173931884906244951746140865701/surface_grid_float_1.3.6.1.4.1.14519.5.2.1.6279.6001.173931884906244951746140865701.npy,0.5985244233378562,0.3793264627456665,0.23941759765148163,0.9215686321258545,65.09078979492188,12.959558486938477,1.0186196684837334,2.004095933437333,7.599123001098633,8.598549842834473,33,25,8,63.68798065185547,0.18771541620095528,moderate_review,787
detector_top5,1.3.6.1.4.1.14519.5.2.1.6279.6001.616033753016904899083676284739,outputs/luna16_saliency_synthetic_detector_top5/1.3.6.1.4.1.14519.5.2.1.6279.6001.616033753016904899083676284739/surface_1.3.6.1.4.1.14519.5.2.1.6279.6001.616033753016904899083676284739.png,outputs/luna16_saliency_synthetic_detector_top5/1.3.6.1.4.1.14519.5.2.1.6279.6001.616033753016904899083676284739/surface_grid_float_1.3.6.1.4.1.14519.5.2.1.6279.6001.616033753016904899083676284739.npy,0.5545555181209992,0.41149604320526123,0.20097613334655762,0.8235294222831726,78.57991027832031,13.425100326538086,1.0877904891967773,1.2463501691818233,1.3253177404403687,8.537827491760254,33,25,8,77.85432434082031,0.187329972187678,moderate_review,788
detector_top5,1.3.6.1.4.1.14519.5.2.1.6279.6001.114218724025049818743426522343,outputs/luna16_saliency_synthetic_detector_top5/1.3.6.1.4.1.14519.5.2.1.6279.6001.114218724025049818743426522343/surface_1.3.6.1.4.1.14519.5.2.1.6279.6001.114218724025049818743426522343.png,outputs/luna16_saliency_synthetic_detector_top5/1.3.6.1.4.1.14519.5.2.1.6279.6001.114218724025049818743426522343/surface_grid_float_1.3.6.1.4.1.14519.5.2.1.6279.6001.114218724025049818743426522343.npy,0.5291338104137229,0.3375590741634369,0.22558321058750153,0.9450980424880981,78.31157684326172,16.606876373291016,0.9204483032226559,1.2356924962997435,1.5368648767471313,8.545783996582031,33,25,8,77.77804565429688,0.18658070073127744,moderate_review,789
detector_top5,1.3.6.1.4.1.14519.5.2.1.6279.6001.257383535269991165447822992959,outputs/luna16_saliency_synthetic_detector_top5/1.3.6.1.4.1.14519.5.2.1.6279.6001.257383535269991165447822992959/surface_1.3.6.1.4.1.14519.5.2.1.6279.6001.257383535269991165447822992959.png,outputs/luna16_saliency_synthetic_detector_top5/1.3.6.1.4.1.14519.5.2.1.6279.6001.257383535269991165447822992959/surface_grid_float_1.3.6.1.4.1.14519.5.2.1.6279.6001.257383535269991165447822992959.npy,0.5676629753073146,0.36350226402282715,0.2357303947210312,0.8588235378265381,74.53549194335938,15.678533554077148,0.7676159143447876,1.425511974096295,2.7634904384613037,8.636897087097168,33,25,8,72.85076904296875,0.1861842837664815,moderate_review,790
detector_top5,1.3.6.1.4.1.14519.5.2.1.6279.6001.332829333783605240302521201463,outputs/luna16_saliency_synthetic_detector_top5/1.3.6.1.4.1.14519.5.2.1.6279.6001.332829333783605240302521201463/surface_1.3.6.1.4.1.14519.5.2.1.6279.6001.332829333783605240302521201463.png,outputs/luna16_saliency_synthetic_detector_top5/1.3.6.1.4.1.14519.5.2.1.6279.6001.332829333783605240302521201463/surface_grid_float_1.3.6.1.4.1.14519.5.2.1.6279.6001.332829333783605240302521201463.npy,0.5466796356883897,0.38828033208847046,0.2113473117351532,0.8941176533699036,70.83705139160156,11.875556945800781,0.8678069472312925,1.9680838871002195,4.286365032196045,3.910010576248169,33,25,8,70.02610778808594,0.18579318132400513,moderate_review,791
detector_top5,1.3.6.1.4.1.14519.5.2.1.6279.6001.122914038048856168343065566972,outputs/luna16_saliency_synthetic_detector_top5/1.3.6.1.4.1.14519.5.2.1.6279.6001.122914038048856168343065566972/surface_1.3.6.1.4.1.14519.5.2.1.6279.6001.122914038048856168343065566972.png,outputs/luna16_saliency_synthetic_detector_top5/1.3.6.1.4.1.14519.5.2.1.6279.6001.122914038048856168343065566972/surface_grid_float_1.3.6.1.4.1.14519.5.2.1.6279.6001.122914038048856168343065566972.npy,0.5618910694843807,0.35347241163253784,0.22197040915489197,1.0,75.97569274902344,14.275629043579102,0.7341288924217223,1.2678509461879726,1.5740966796875,9.48045825958252,33,25,8,75.83885955810547,0.1857293679886394,moderate_review,792
detector_top5,1.3.6.1.4.1.14519.5.2.1.6279.6001.156322145453198768801776721493,outputs/luna16_saliency_synthetic_detector_top5/1.3.6.1.4.1.14519.5.2.1.6279.6001.156322145453198768801776721493/surface_1.3.6.1.4.1.14519.5.2.1.6279.6001.156322145453198768801776721493.png,outputs/luna16_saliency_synthetic_detector_top5/1.3.6.1.4.1.14519.5.2.1.6279.6001.156322145453198768801776721493/surface_grid_float_1.3.6.1.4.1.14519.5.2.1.6279.6001.156322145453198768801776721493.npy,0.5309982880076338,0.3374352753162384,0.21857468783855438,0.9137254953384399,80.21150970458984,15.12053394317627,0.6396182358264922,1.2482746148109432,3.862823963165283,6.129546642303467,33,25,8,78.98954010009766,0.1847553027126524,moderate_review,793
detector_top5,1.3.6.1.4.1.14519.5.2.1.6279.6001.278010349511857248000260557753,outputs/luna16_saliency_synthetic_detector_top5/1.3.6.1.4.1.14519.5.2.1.6279.6001.278010349511857248000260557753/surface_1.3.6.1.4.1.14519.5.2.1.6279.6001.278010349511857248000260557753.png,outputs/luna16_saliency_synthetic_detector_top5/1.3.6.1.4.1.14519.5.2.1.6279.6001.278010349511857248000260557753/surface_grid_float_1.3.6.1.4.1.14519.5.2.1.6279.6001.278010349511857248000260557753.npy,0.6036306576847117,0.34319889545440674,0.22297464311122894,1.0,75.34526062011719,17.150924682617188,0.9983475208282471,1.3762425184249878,1.5905956029891968,8.034003257751465,33,25,8,74.90956115722656,0.18471605049239265,moderate_review,794
detector_top5,1.3.6.1.4.1.14519.5.2.1.6279.6001.325164338773720548739146851679,outputs/luna16_saliency_synthetic_detector_top5/1.3.6.1.4.1.14519.5.2.1.6279.6001.325164338773720548739146851679/surface_1.3.6.1.4.1.14519.5.2.1.6279.6001.325164338773720548739146851679.png,outputs/luna16_saliency_synthetic_detector_top5/1.3.6.1.4.1.14519.5.2.1.6279.6001.325164338773720548739146851679/surface_grid_float_1.3.6.1.4.1.14519.5.2.1.6279.6001.325164338773720548739146851679.npy,0.5577608672990723,0.3717570900917053,0.22760726511478424,0.9607843160629272,70.62730407714844,14.10857105255127,0.7422246813774108,1.5215064096450812,3.750833749771118,8.75104808807373,33,25,8,66.84393310546875,0.18280413928031922,moderate_review,795
detector_top5,1.3.6.1.4.1.14519.5.2.1.6279.6001.771741891125176943862272696845,outputs/luna16_saliency_synthetic_detector_top5/1.3.6.1.4.1.14519.5.2.1.6279.6001.771741891125176943862272696845/surface_1.3.6.1.4.1.14519.5.2.1.6279.6001.771741891125176943862272696845.png,outputs/luna16_saliency_synthetic_detector_top5/1.3.6.1.4.1.14519.5.2.1.6279.6001.771741891125176943862272696845/surface_grid_float_1.3.6.1.4.1.14519.5.2.1.6279.6001.771741891125176943862272696845.npy,0.48809405530717004,0.31421855092048645,0.22942344844341278,0.8980392217636108,76.12940979003906,14.294881820678711,0.916848590970039,1.3901072227954872,1.5488924980163574,5.813480377197266,33,25,8,75.98565673828125,0.1815044116165903,moderate_review,796
detector_top5,1.3.6.1.4.1.14519.5.2.1.6279.6001.504324996863016748259361352296,outputs/luna16_saliency_synthetic_detector_top5/1.3.6.1.4.1.14519.5.2.1.6279.6001.504324996863016748259361352296/surface_1.3.6.1.4.1.14519.5.2.1.6279.6001.504324996863016748259361352296.png,outputs/luna16_saliency_synthetic_detector_top5/1.3.6.1.4.1.14519.5.2.1.6279.6001.504324996863016748259361352296/surface_grid_float_1.3.6.1.4.1.14519.5.2.1.6279.6001.504324996863016748259361352296.npy,0.6280598424414126,0.3273973762989044,0.23100338876247406,0.9725490212440491,80.35120391845703,14.628536224365234,0.6350096255540848,1.190554091930388,3.87191104888916,5.124551296234131,33,25,8,79.44619750976562,0.18102318772474918,moderate_review,797
detector_top5,1.3.6.1.4.1.14519.5.2.1.6279.6001.129007566048223160327836686225,outputs/luna16_saliency_synthetic_detector_top5/1.3.6.1.4.1.14519.5.2.1.6279.6001.129007566048223160327836686225/surface_1.3.6.1.4.1.14519.5.2.1.6279.6001.129007566048223160327836686225.png,outputs/luna16_saliency_synthetic_detector_top5/1.3.6.1.4.1.14519.5.2.1.6279.6001.129007566048223160327836686225/surface_grid_float_1.3.6.1.4.1.14519.5.2.1.6279.6001.129007566048223160327836686225.npy,0.5946542299784364,0.3492754101753235,0.2355060577392578,0.9843137264251709,77.5908203125,16.206724166870117,0.95572138428688,1.2313955926895142,1.3146498203277588,6.566182613372803,33,25,8,77.47969055175781,0.1808514185534583,moderate_review,798
detector_top5,1.3.6.1.4.1.14519.5.2.1.6279.6001.944888107209008719031293531091,outputs/luna16_saliency_synthetic_detector_top5/1.3.6.1.4.1.14519.5.2.1.6279.6001.944888107209008719031293531091/surface_1.3.6.1.4.1.14519.5.2.1.6279.6001.944888107209008719031293531091.png,outputs/luna16_saliency_synthetic_detector_top5/1.3.6.1.4.1.14519.5.2.1.6279.6001.944888107209008719031293531091/surface_grid_float_1.3.6.1.4.1.14519.5.2.1.6279.6001.944888107209008719031293531091.npy,0.5064965483234714,0.36961859464645386,0.23233287036418915,0.9215686321258545,74.15167236328125,13.507804870605469,0.8042873322963715,1.248101984262466,2.104261875152588,8.385397911071777,33,25,8,73.15035247802734,0.17966339771350223,moderate_review,799
detector_top5,1.3.6.1.4.1.14519.5.2.1.6279.6001.291156498203266896953765649282,outputs/luna16_saliency_synthetic_detector_top5/1.3.6.1.4.1.14519.5.2.1.6279.6001.291156498203266896953765649282/surface_1.3.6.1.4.1.14519.5.2.1.6279.6001.291156498203266896953765649282.png,outputs/luna16_saliency_synthetic_detector_top5/1.3.6.1.4.1.14519.5.2.1.6279.6001.291156498203266896953765649282/surface_grid_float_1.3.6.1.4.1.14519.5.2.1.6279.6001.291156498203266896953765649282.npy,0.5963407661520869,0.35266485810279846,0.2332133650779724,1.0,69.99205017089844,14.587916374206543,1.0107470214366914,1.6743088996410462,2.646895408630371,5.630814075469971,33,25,8,69.64041137695312,0.17939560410843983,moderate_review,800
detector_top5,1.3.6.1.4.1.14519.5.2.1.6279.6001.965620538050807352935663552285,outputs/luna16_saliency_synthetic_detector_top5/1.3.6.1.4.1.14519.5.2.1.6279.6001.965620538050807352935663552285/surface_1.3.6.1.4.1.14519.5.2.1.6279.6001.965620538050807352935663552285.png,outputs/luna16_saliency_synthetic_detector_top5/1.3.6.1.4.1.14519.5.2.1.6279.6001.965620538050807352935663552285/surface_grid_float_1.3.6.1.4.1.14519.5.2.1.6279.6001.965620538050807352935663552285.npy,0.5060140919026511,0.3283807337284088,0.21629920601844788,0.8769803994893925,81.07275390625,19.379138946533203,0.6783393919467926,0.8163774490356448,0.8562981486320496,8.07121467590332,33,25,8,80.99722290039062,0.17754861259460453,moderate_review,801
detector_top5,1.3.6.1.4.1.14519.5.2.1.6279.6001.170921541362033046216100409521,outputs/luna16_saliency_synthetic_detector_top5/1.3.6.1.4.1.14519.5.2.1.6279.6001.170921541362033046216100409521/surface_1.3.6.1.4.1.14519.5.2.1.6279.6001.170921541362033046216100409521.png,outputs/luna16_saliency_synthetic_detector_top5/1.3.6.1.4.1.14519.5.2.1.6279.6001.170921541362033046216100409521/surface_grid_float_1.3.6.1.4.1.14519.5.2.1.6279.6001.170921541362033046216100409521.npy,0.2673940089960762,0.3553835451602936,0.2398255467414856,1.0,48.980865478515625,8.151546478271484,0.6332060396671292,1.281028013229366,10.597891807556152,4.3913726806640625,33,25,8,40.8758544921875,0.17702764558225187,moderate_review,802
detector_top5,1.3.6.1.4.1.14519.5.2.1.6279.6001.419601611032172899567156073142,outputs/luna16_saliency_synthetic_detector_top5/1.3.6.1.4.1.14519.5.2.1.6279.6001.419601611032172899567156073142/surface_1.3.6.1.4.1.14519.5.2.1.6279.6001.419601611032172899567156073142.png,outputs/luna16_saliency_synthetic_detector_top5/1.3.6.1.4.1.14519.5.2.1.6279.6001.419601611032172899567156073142/surface_grid_float_1.3.6.1.4.1.14519.5.2.1.6279.6001.419601611032172899567156073142.npy,0.5871403544235564,0.34098711609840393,0.22712332010269165,1.0,68.58404541015625,14.615511894226074,0.8593019247055053,1.7168076193332702,2.6449480056762695,4.387424468994141,33,25,8,68.39927673339844,0.17556080308357885,moderate_review,803
detector_top5,1.3.6.1.4.1.14519.5.2.1.6279.6001.149463915556499304732434215056,outputs/luna16_saliency_synthetic_detector_top5/1.3.6.1.4.1.14519.5.2.1.6279.6001.149463915556499304732434215056/surface_1.3.6.1.4.1.14519.5.2.1.6279.6001.149463915556499304732434215056.png,outputs/luna16_saliency_synthetic_detector_top5/1.3.6.1.4.1.14519.5.2.1.6279.6001.149463915556499304732434215056/surface_grid_float_1.3.6.1.4.1.14519.5.2.1.6279.6001.149463915556499304732434215056.npy,0.6359901770555421,0.324863463640213,0.22505764663219452,0.9372549057006836,73.26612854003906,20.186891555786133,0.7163134336471553,0.9232661366462709,0.9773828983306885,10.899517059326172,33,25,8,73.04447174072266,0.1740293473535114,moderate_review,804
detector_top5,1.3.6.1.4.1.14519.5.2.1.6279.6001.205523326998654833765855998037,outputs/luna16_saliency_synthetic_detector_top5/1.3.6.1.4.1.14519.5.2.1.6279.6001.205523326998654833765855998037/surface_1.3.6.1.4.1.14519.5.2.1.6279.6001.205523326998654833765855998037.png,outputs/luna16_saliency_synthetic_detector_top5/1.3.6.1.4.1.14519.5.2.1.6279.6001.205523326998654833765855998037/surface_grid_float_1.3.6.1.4.1.14519.5.2.1.6279.6001.205523326998654833765855998037.npy,0.5736511195226791,0.33484119176864624,0.2179696261882782,0.9176470637321472,74.37083435058594,14.537819862365723,0.6270799785852431,0.947871630787848,1.453570008277893,8.243102073669434,33,25,8,74.2161636352539,0.17070554411609962,moderate_review,805
detector_top5,1.3.6.1.4.1.14519.5.2.1.6279.6001.248357157975955379661896491341,outputs/luna16_saliency_synthetic_detector_top5/1.3.6.1.4.1.14519.5.2.1.6279.6001.248357157975955379661896491341/surface_1.3.6.1.4.1.14519.5.2.1.6279.6001.248357157975955379661896491341.png,outputs/luna16_saliency_synthetic_detector_top5/1.3.6.1.4.1.14519.5.2.1.6279.6001.248357157975955379661896491341/surface_grid_float_1.3.6.1.4.1.14519.5.2.1.6279.6001.248357157975955379661896491341.npy,0.5356402900629532,0.4002689719200134,0.25806406140327454,1.0,61.46696472167969,11.36353588104248,1.0738216042518616,1.8677807986736406,13.363529205322266,5.45846700668335,33,25,8,49.856048583984375,0.17060829184452725,moderate_review,806
detector_top5,1.3.6.1.4.1.14519.5.2.1.6279.6001.193721075067404532739943086458,outputs/luna16_saliency_synthetic_detector_top5/1.3.6.1.4.1.14519.5.2.1.6279.6001.193721075067404532739943086458/surface_1.3.6.1.4.1.14519.5.2.1.6279.6001.193721075067404532739943086458.png,outputs/luna16_saliency_synthetic_detector_top5/1.3.6.1.4.1.14519.5.2.1.6279.6001.193721075067404532739943086458/surface_grid_float_1.3.6.1.4.1.14519.5.2.1.6279.6001.193721075067404532739943086458.npy,0.6114014890506042,0.33418431878089905,0.22361759841442108,0.9176470637321472,66.74205780029297,14.171910285949707,0.9647789597511292,1.4666379690170288,4.0464982986450195,6.873332977294922,33,25,8,66.51870727539062,0.17050997535387674,moderate_review,807
detector_top5,1.3.6.1.4.1.14519.5.2.1.6279.6001.283569726884265181140892667131,outputs/luna16_saliency_synthetic_detector_top5/1.3.6.1.4.1.14519.5.2.1.6279.6001.283569726884265181140892667131/surface_1.3.6.1.4.1.14519.5.2.1.6279.6001.283569726884265181140892667131.png,outputs/luna16_saliency_synthetic_detector_top5/1.3.6.1.4.1.14519.5.2.1.6279.6001.283569726884265181140892667131/surface_grid_float_1.3.6.1.4.1.14519.5.2.1.6279.6001.283569726884265181140892667131.npy,0.5614829701396283,0.34202441573143005,0.2358301430940628,0.9254902005195618,72.34761047363281,16.55901336669922,0.9362420082092285,1.1633953666687014,1.330195665359497,6.706981182098389,33,25,8,72.16903686523438,0.17038561441633437,moderate_review,808
detector_top5,1.3.6.1.4.1.14519.5.2.1.6279.6001.404768898286087278137462774930,outputs/luna16_saliency_synthetic_detector_top5/1.3.6.1.4.1.14519.5.2.1.6279.6001.404768898286087278137462774930/surface_1.3.6.1.4.1.14519.5.2.1.6279.6001.404768898286087278137462774930.png,outputs/luna16_saliency_synthetic_detector_top5/1.3.6.1.4.1.14519.5.2.1.6279.6001.404768898286087278137462774930/surface_grid_float_1.3.6.1.4.1.14519.5.2.1.6279.6001.404768898286087278137462774930.npy,0.5726294903926483,0.3514995276927948,0.22690746188163757,0.8941176533699036,77.42239379882812,16.914255142211914,0.5213166475296019,0.6815507686138151,0.7370414733886719,9.22323226928711,33,25,8,77.36663055419922,0.16997991776598825,moderate_review,809
detector_top5,1.3.6.1.4.1.14519.5.2.1.6279.6001.261700367741314729940340271960,outputs/luna16_saliency_synthetic_detector_top5/1.3.6.1.4.1.14519.5.2.1.6279.6001.261700367741314729940340271960/surface_1.3.6.1.4.1.14519.5.2.1.6279.6001.261700367741314729940340271960.png,outputs/luna16_saliency_synthetic_detector_top5/1.3.6.1.4.1.14519.5.2.1.6279.6001.261700367741314729940340271960/surface_grid_float_1.3.6.1.4.1.14519.5.2.1.6279.6001.261700367741314729940340271960.npy,0.5910677843180246,0.3543596565723419,0.22651374340057373,0.9725490212440491,54.95732879638672,6.871067047119141,0.8855427205562592,2.4245417118072505,5.634170055389404,2.3791611194610596,33,25,8,48.45594787597656,0.16961882405810882,moderate_review,810
detector_top5,1.3.6.1.4.1.14519.5.2.1.6279.6001.224465398054769500989828256685,outputs/luna16_saliency_synthetic_detector_top5/1.3.6.1.4.1.14519.5.2.1.6279.6001.224465398054769500989828256685/surface_1.3.6.1.4.1.14519.5.2.1.6279.6001.224465398054769500989828256685.png,outputs/luna16_saliency_synthetic_detector_top5/1.3.6.1.4.1.14519.5.2.1.6279.6001.224465398054769500989828256685/surface_grid_float_1.3.6.1.4.1.14519.5.2.1.6279.6001.224465398054769500989828256685.npy,0.5540405020703933,0.4111891984939575,0.24517373740673065,0.9705098056793339,72.35892486572266,13.436125755310059,0.7234065622091294,0.970444785952567,1.2177115678787231,8.484676361083984,33,25,8,72.25492858886719,0.16856638804607918,moderate_review,811
detector_top5,1.3.6.1.4.1.14519.5.2.1.6279.6001.199670099218798685977406484591,outputs/luna16_saliency_synthetic_detector_top5/1.3.6.1.4.1.14519.5.2.1.6279.6001.199670099218798685977406484591/surface_1.3.6.1.4.1.14519.5.2.1.6279.6001.199670099218798685977406484591.png,outputs/luna16_saliency_synthetic_detector_top5/1.3.6.1.4.1.14519.5.2.1.6279.6001.199670099218798685977406484591/surface_grid_float_1.3.6.1.4.1.14519.5.2.1.6279.6001.199670099218798685977406484591.npy,0.6055251034065305,0.33880698680877686,0.24025757610797882,0.9450980424880981,71.2416763305664,13.525848388671875,0.9736168324947356,1.319418996572493,1.4680372476577759,4.3263397216796875,33,25,8,70.65318298339844,0.16793278538518477,moderate_review,812
detector_top5,1.3.6.1.4.1.14519.5.2.1.6279.6001.141511313712034597336182402384,outputs/luna16_saliency_synthetic_detector_top5/1.3.6.1.4.1.14519.5.2.1.6279.6001.141511313712034597336182402384/surface_1.3.6.1.4.1.14519.5.2.1.6279.6001.141511313712034597336182402384.png,outputs/luna16_saliency_synthetic_detector_top5/1.3.6.1.4.1.14519.5.2.1.6279.6001.141511313712034597336182402384/surface_grid_float_1.3.6.1.4.1.14519.5.2.1.6279.6001.141511313712034597336182402384.npy,0.6435683804104857,0.3143361806869507,0.24361301958560944,0.9607843160629272,69.34798431396484,14.074811935424805,0.7625439763069153,1.0887423992156982,1.2972848415374756,8.758837699890137,33,25,8,69.23192596435547,0.16770632961061266,moderate_review,813
detector_top5,1.3.6.1.4.1.14519.5.2.1.6279.6001.306112617218006614029386065035,outputs/luna16_saliency_synthetic_detector_top5/1.3.6.1.4.1.14519.5.2.1.6279.6001.306112617218006614029386065035/surface_1.3.6.1.4.1.14519.5.2.1.6279.6001.306112617218006614029386065035.png,outputs/luna16_saliency_synthetic_detector_top5/1.3.6.1.4.1.14519.5.2.1.6279.6001.306112617218006614029386065035/surface_grid_float_1.3.6.1.4.1.14519.5.2.1.6279.6001.306112617218006614029386065035.npy,0.5347484659433007,0.35293376445770264,0.2303628772497177,0.8352941274642944,63.81183624267578,11.270914077758789,0.8811983466148376,1.727225232124328,3.4071662425994873,3.921902656555176,33,25,8,60.93763732910156,0.16688515660497874,moderate_review,814
detector_top5,1.3.6.1.4.1.14519.5.2.1.6279.6001.242624386080831911167122628616,outputs/luna16_saliency_synthetic_detector_top5/1.3.6.1.4.1.14519.5.2.1.6279.6001.242624386080831911167122628616/surface_1.3.6.1.4.1.14519.5.2.1.6279.6001.242624386080831911167122628616.png,outputs/luna16_saliency_synthetic_detector_top5/1.3.6.1.4.1.14519.5.2.1.6279.6001.242624386080831911167122628616/surface_grid_float_1.3.6.1.4.1.14519.5.2.1.6279.6001.242624386080831911167122628616.npy,0.6672166309189903,0.3249320387840271,0.23310942947864532,0.8980392217636108,63.899993896484375,11.799549102783203,0.8365269005298597,1.5497617220878583,2.2411794662475586,5.832094192504883,33,25,8,63.386085510253906,0.16595305080678724,moderate_review,815
detector_top5,1.3.6.1.4.1.14519.5.2.1.6279.6001.603126300703296693942875967838,outputs/luna16_saliency_synthetic_detector_top5/1.3.6.1.4.1.14519.5.2.1.6279.6001.603126300703296693942875967838/surface_1.3.6.1.4.1.14519.5.2.1.6279.6001.603126300703296693942875967838.png,outputs/luna16_saliency_synthetic_detector_top5/1.3.6.1.4.1.14519.5.2.1.6279.6001.603126300703296693942875967838/surface_grid_float_1.3.6.1.4.1.14519.5.2.1.6279.6001.603126300703296693942875967838.npy,0.5751344138770064,0.32639336585998535,0.24384577572345734,1.0,62.54795455932617,9.93883228302002,0.8294266402721382,1.5095481109619147,18.119321823120117,6.895182132720947,33,25,8,53.395111083984375,0.16485566122266984,moderate_review,816
detector_top5,1.3.6.1.4.1.14519.5.2.1.6279.6001.272259794130271010519952623746,outputs/luna16_saliency_synthetic_detector_top5/1.3.6.1.4.1.14519.5.2.1.6279.6001.272259794130271010519952623746/surface_1.3.6.1.4.1.14519.5.2.1.6279.6001.272259794130271010519952623746.png,outputs/luna16_saliency_synthetic_detector_top5/1.3.6.1.4.1.14519.5.2.1.6279.6001.272259794130271010519952623746/surface_grid_float_1.3.6.1.4.1.14519.5.2.1.6279.6001.272259794130271010519952623746.npy,0.5291309931506849,0.3044162094593048,0.2098555862903595,0.8392156958580017,66.55208587646484,18.738862991333008,0.6731814950704574,0.7935871136188507,0.8626465797424316,11.580994606018066,33,25,8,66.42990112304688,0.16046330010493598,moderate_review,817
detector_top5,1.3.6.1.4.1.14519.5.2.1.6279.6001.151669338315069779994664893123,outputs/luna16_saliency_synthetic_detector_top5/1.3.6.1.4.1.14519.5.2.1.6279.6001.151669338315069779994664893123/surface_1.3.6.1.4.1.14519.5.2.1.6279.6001.151669338315069779994664893123.png,outputs/luna16_saliency_synthetic_detector_top5/1.3.6.1.4.1.14519.5.2.1.6279.6001.151669338315069779994664893123/surface_grid_float_1.3.6.1.4.1.14519.5.2.1.6279.6001.151669338315069779994664893123.npy,0.6576625345098251,0.34091857075691223,0.24258044362068176,0.9843137264251709,70.73509216308594,16.22475242614746,0.766991513967514,0.9159598541259766,2.59539794921875,6.274698734283447,33,25,8,69.93920135498047,0.1593143908606635,moderate_review,818
detector_top5,1.3.6.1.4.1.14519.5.2.1.6279.6001.910435939545691201820711078950,outputs/luna16_saliency_synthetic_detector_top5/1.3.6.1.4.1.14519.5.2.1.6279.6001.910435939545691201820711078950/surface_1.3.6.1.4.1.14519.5.2.1.6279.6001.910435939545691201820711078950.png,outputs/luna16_saliency_synthetic_detector_top5/1.3.6.1.4.1.14519.5.2.1.6279.6001.910435939545691201820711078950/surface_grid_float_1.3.6.1.4.1.14519.5.2.1.6279.6001.910435939545691201820711078950.npy,0.6368272611366534,0.35532116889953613,0.22673402726650238,0.9098039269447327,62.33746337890625,11.335684776306152,0.9233897030353546,1.3150047838687895,2.0320167541503906,7.167586326599121,33,25,8,61.441162109375,0.1592738854289055,moderate_review,819
detector_top5,1.3.6.1.4.1.14519.5.2.1.6279.6001.138080888843357047811238713686,outputs/luna16_saliency_synthetic_detector_top5/1.3.6.1.4.1.14519.5.2.1.6279.6001.138080888843357047811238713686/surface_1.3.6.1.4.1.14519.5.2.1.6279.6001.138080888843357047811238713686.png,outputs/luna16_saliency_synthetic_detector_top5/1.3.6.1.4.1.14519.5.2.1.6279.6001.138080888843357047811238713686/surface_grid_float_1.3.6.1.4.1.14519.5.2.1.6279.6001.138080888843357047811238713686.npy,0.47912087912087914,0.38228467106819153,0.24915874004364014,1.0,58.69782257080078,10.603489875793457,0.8398173391818988,1.5858247447013796,3.000545024871826,6.179088592529297,33,25,8,57.60462188720703,0.15913575460910778,moderate_review,820
detector_top5,1.3.6.1.4.1.14519.5.2.1.6279.6001.320967206808467952819309001585,outputs/luna16_saliency_synthetic_detector_top5/1.3.6.1.4.1.14519.5.2.1.6279.6001.320967206808467952819309001585/surface_1.3.6.1.4.1.14519.5.2.1.6279.6001.320967206808467952819309001585.png,outputs/luna16_saliency_synthetic_detector_top5/1.3.6.1.4.1.14519.5.2.1.6279.6001.320967206808467952819309001585/surface_grid_float_1.3.6.1.4.1.14519.5.2.1.6279.6001.320967206808467952819309001585.npy,0.5619638242894057,0.36174076795578003,0.22545036673545837,0.9019607901573181,54.243019104003906,10.964314460754395,1.0258983314037298,1.766060972213746,2.455418586730957,6.724353313446045,33,25,8,53.57582473754883,0.15832986836963234,moderate_review,821
detector_top5,1.3.6.1.4.1.14519.5.2.1.6279.6001.686193079844756926365065559979,outputs/luna16_saliency_synthetic_detector_top5/1.3.6.1.4.1.14519.5.2.1.6279.6001.686193079844756926365065559979/surface_1.3.6.1.4.1.14519.5.2.1.6279.6001.686193079844756926365065559979.png,outputs/luna16_saliency_synthetic_detector_top5/1.3.6.1.4.1.14519.5.2.1.6279.6001.686193079844756926365065559979/surface_grid_float_1.3.6.1.4.1.14519.5.2.1.6279.6001.686193079844756926365065559979.npy,0.6218785305231992,0.3452134132385254,0.23731239140033722,0.9764705896377563,61.155029296875,14.15413761138916,0.9537666738033284,1.3152582800388333,1.6690510511398315,5.446773529052734,33,25,8,60.705078125,0.1534867384049627,moderate_review,822
detector_top5,1.3.6.1.4.1.14519.5.2.1.6279.6001.229860476925100292554329427970,outputs/luna16_saliency_synthetic_detector_top5/1.3.6.1.4.1.14519.5.2.1.6279.6001.229860476925100292554329427970/surface_1.3.6.1.4.1.14519.5.2.1.6279.6001.229860476925100292554329427970.png,outputs/luna16_saliency_synthetic_detector_top5/1.3.6.1.4.1.14519.5.2.1.6279.6001.229860476925100292554329427970/surface_grid_float_1.3.6.1.4.1.14519.5.2.1.6279.6001.229860476925100292554329427970.npy,0.5621888528138528,0.33135250210762024,0.2134702354669571,0.9098039269447327,62.95482635498047,11.602827072143555,0.6770146042108537,1.0995776808261866,1.3955028057098389,6.945930480957031,33,25,8,62.65425109863281,0.15334744208521311,moderate_review,823
detector_top5,1.3.6.1.4.1.14519.5.2.1.6279.6001.550599855064600241623943717588,outputs/luna16_saliency_synthetic_detector_top5/1.3.6.1.4.1.14519.5.2.1.6279.6001.550599855064600241623943717588/surface_1.3.6.1.4.1.14519.5.2.1.6279.6001.550599855064600241623943717588.png,outputs/luna16_saliency_synthetic_detector_top5/1.3.6.1.4.1.14519.5.2.1.6279.6001.550599855064600241623943717588/surface_grid_float_1.3.6.1.4.1.14519.5.2.1.6279.6001.550599855064600241623943717588.npy,0.5687484792992611,0.3374958634376526,0.23831160366535187,0.9215686321258545,64.15335083007812,12.892682075500488,0.6722403287887533,1.1592406654357852,7.668366432189941,5.207413196563721,33,25,8,56.6973876953125,0.15327150067223425,moderate_review,824
detector_top5,1.3.6.1.4.1.14519.5.2.1.6279.6001.295462530340364058116953738925,outputs/luna16_saliency_synthetic_detector_top5/1.3.6.1.4.1.14519.5.2.1.6279.6001.295462530340364058116953738925/surface_1.3.6.1.4.1.14519.5.2.1.6279.6001.295462530340364058116953738925.png,outputs/luna16_saliency_synthetic_detector_top5/1.3.6.1.4.1.14519.5.2.1.6279.6001.295462530340364058116953738925/surface_grid_float_1.3.6.1.4.1.14519.5.2.1.6279.6001.295462530340364058116953738925.npy,0.5250667762482022,0.36869192123413086,0.2404966503381729,1.0,53.047576904296875,5.405982971191406,0.6023096442222592,2.0087583518028307,14.662942886352539,1.889117956161499,33,25,8,44.850914001464844,0.15287341863049414,moderate_review,825
detector_top5,1.3.6.1.4.1.14519.5.2.1.6279.6001.293757615532132808762625441831,outputs/luna16_saliency_synthetic_detector_top5/1.3.6.1.4.1.14519.5.2.1.6279.6001.293757615532132808762625441831/surface_1.3.6.1.4.1.14519.5.2.1.6279.6001.293757615532132808762625441831.png,outputs/luna16_saliency_synthetic_detector_top5/1.3.6.1.4.1.14519.5.2.1.6279.6001.293757615532132808762625441831/surface_grid_float_1.3.6.1.4.1.14519.5.2.1.6279.6001.293757615532132808762625441831.npy,0.5499636891793754,0.33905237913131714,0.21983887255191803,0.982862746119489,60.71903991699219,11.193687438964844,0.6792393565177918,1.4381343865394556,2.12539005279541,3.655782461166382,33,25,8,59.12037658691406,0.1524663924826515,moderate_review,826
detector_top5,1.3.6.1.4.1.14519.5.2.1.6279.6001.119209873306155771318545953948,outputs/luna16_saliency_synthetic_detector_top5/1.3.6.1.4.1.14519.5.2.1.6279.6001.119209873306155771318545953948/surface_1.3.6.1.4.1.14519.5.2.1.6279.6001.119209873306155771318545953948.png,outputs/luna16_saliency_synthetic_detector_top5/1.3.6.1.4.1.14519.5.2.1.6279.6001.119209873306155771318545953948/surface_grid_float_1.3.6.1.4.1.14519.5.2.1.6279.6001.119209873306155771318545953948.npy,0.6355994620212629,0.3193974792957306,0.23255565762519836,0.9413333368301425,59.23607635498047,13.100982666015625,0.6493691951036453,1.1998957395553558,1.685444712638855,7.170981407165527,33,25,8,59.06999969482422,0.15065918034977374,moderate_review,827
detector_top5,1.3.6.1.4.1.14519.5.2.1.6279.6001.216882370221919561230873289517,outputs/luna16_saliency_synthetic_detector_top5/1.3.6.1.4.1.14519.5.2.1.6279.6001.216882370221919561230873289517/surface_1.3.6.1.4.1.14519.5.2.1.6279.6001.216882370221919561230873289517.png,outputs/luna16_saliency_synthetic_detector_top5/1.3.6.1.4.1.14519.5.2.1.6279.6001.216882370221919561230873289517/surface_grid_float_1.3.6.1.4.1.14519.5.2.1.6279.6001.216882370221919561230873289517.npy,0.4445100354191263,0.32194045186042786,0.2365284115076065,0.9725490212440491,63.54541015625,15.130751609802246,0.6093642085790634,0.9461035698652264,4.096216678619385,7.171797752380371,33,25,8,63.36018371582031,0.15022945236166318,moderate_review,828
detector_top5,1.3.6.1.4.1.14519.5.2.1.6279.6001.286217539434358186648717203667,outputs/luna16_saliency_synthetic_detector_top5/1.3.6.1.4.1.14519.5.2.1.6279.6001.286217539434358186648717203667/surface_1.3.6.1.4.1.14519.5.2.1.6279.6001.286217539434358186648717203667.png,outputs/luna16_saliency_synthetic_detector_top5/1.3.6.1.4.1.14519.5.2.1.6279.6001.286217539434358186648717203667/surface_grid_float_1.3.6.1.4.1.14519.5.2.1.6279.6001.286217539434358186648717203667.npy,0.3810797258900217,0.3792928457260132,0.24407386779785156,0.9647058844566345,63.31770324707031,12.855853080749512,0.7685519665479659,1.1692549455165866,1.5348377227783203,4.292255401611328,33,25,8,63.20854187011719,0.1501454991141955,moderate_review,829
detector_top5,1.3.6.1.4.1.14519.5.2.1.6279.6001.111172165674661221381920536987,outputs/luna16_saliency_synthetic_detector_top5/1.3.6.1.4.1.14519.5.2.1.6279.6001.111172165674661221381920536987/surface_1.3.6.1.4.1.14519.5.2.1.6279.6001.111172165674661221381920536987.png,outputs/luna16_saliency_synthetic_detector_top5/1.3.6.1.4.1.14519.5.2.1.6279.6001.111172165674661221381920536987/surface_grid_float_1.3.6.1.4.1.14519.5.2.1.6279.6001.111172165674661221381920536987.npy,0.5788077345475635,0.3333991467952728,0.23694847524166107,1.0,65.18968963623047,10.310588836669922,0.6074184596538518,1.1018660020828097,10.771506309509277,3.7339468002319336,33,25,8,43.501708984375,0.15000312234560603,moderate_review,830
detector_top5,1.3.6.1.4.1.14519.5.2.1.6279.6001.250397690690072950000431855143,outputs/luna16_saliency_synthetic_detector_top5/1.3.6.1.4.1.14519.5.2.1.6279.6001.250397690690072950000431855143/surface_1.3.6.1.4.1.14519.5.2.1.6279.6001.250397690690072950000431855143.png,outputs/luna16_saliency_synthetic_detector_top5/1.3.6.1.4.1.14519.5.2.1.6279.6001.250397690690072950000431855143/surface_grid_float_1.3.6.1.4.1.14519.5.2.1.6279.6001.250397690690072950000431855143.npy,0.550109287834796,0.3459400534629822,0.23193205893039703,0.9450980424880981,55.232322692871094,10.362832069396973,0.6494418978691101,1.454077905416484,8.917024612426758,6.265693187713623,33,25,8,47.706016540527344,0.14959997095664326,moderate_review,831
detector_top5,1.3.6.1.4.1.14519.5.2.1.6279.6001.162351539386551708034407968929,outputs/luna16_saliency_synthetic_detector_top5/1.3.6.1.4.1.14519.5.2.1.6279.6001.162351539386551708034407968929/surface_1.3.6.1.4.1.14519.5.2.1.6279.6001.162351539386551708034407968929.png,outputs/luna16_saliency_synthetic_detector_top5/1.3.6.1.4.1.14519.5.2.1.6279.6001.162351539386551708034407968929/surface_grid_float_1.3.6.1.4.1.14519.5.2.1.6279.6001.162351539386551708034407968929.npy,0.6275800649600112,0.3488527834415436,0.23892319202423096,0.9906666672229869,55.78018569946289,10.853436470031738,0.6618183255195618,1.6271444439887999,2.9219369888305664,3.233564853668213,33,25,8,52.70578384399414,0.14896700916025374,moderate_review,832
detector_top5,1.3.6.1.4.1.14519.5.2.1.6279.6001.182192086929819295877506541021,outputs/luna16_saliency_synthetic_detector_top5/1.3.6.1.4.1.14519.5.2.1.6279.6001.182192086929819295877506541021/surface_1.3.6.1.4.1.14519.5.2.1.6279.6001.182192086929819295877506541021.png,outputs/luna16_saliency_synthetic_detector_top5/1.3.6.1.4.1.14519.5.2.1.6279.6001.182192086929819295877506541021/surface_grid_float_1.3.6.1.4.1.14519.5.2.1.6279.6001.182192086929819295877506541021.npy,0.542544699872286,0.3317546248435974,0.2263776808977127,0.9529411792755127,60.62152099609375,10.602065086364746,0.7414123684167854,1.0485512936115269,1.1875643730163574,6.882102966308594,33,25,8,60.43133544921875,0.14778596928252113,moderate_review,833
detector_top5,1.3.6.1.4.1.14519.5.2.1.6279.6001.277452631455527999380186898011,outputs/luna16_saliency_synthetic_detector_top5/1.3.6.1.4.1.14519.5.2.1.6279.6001.277452631455527999380186898011/surface_1.3.6.1.4.1.14519.5.2.1.6279.6001.277452631455527999380186898011.png,outputs/luna16_saliency_synthetic_detector_top5/1.3.6.1.4.1.14519.5.2.1.6279.6001.277452631455527999380186898011/surface_grid_float_1.3.6.1.4.1.14519.5.2.1.6279.6001.277452631455527999380186898011.npy,0.55335174128634,0.33971595764160156,0.24508821964263916,0.9529411792755127,63.412322998046875,7.986908435821533,0.7662214875221252,1.249641523361205,1.7324844598770142,2.0629372596740723,33,25,8,62.676849365234375,0.14776075571907887,moderate_review,834
detector_top5,1.3.6.1.4.1.14519.5.2.1.6279.6001.281967919138248195763602360723,outputs/luna16_saliency_synthetic_detector_top5/1.3.6.1.4.1.14519.5.2.1.6279.6001.281967919138248195763602360723/surface_1.3.6.1.4.1.14519.5.2.1.6279.6001.281967919138248195763602360723.png,outputs/luna16_saliency_synthetic_detector_top5/1.3.6.1.4.1.14519.5.2.1.6279.6001.281967919138248195763602360723/surface_grid_float_1.3.6.1.4.1.14519.5.2.1.6279.6001.281967919138248195763602360723.npy,0.6467502503156154,0.3414440155029297,0.24503330886363983,0.9647058844566345,55.97410583496094,13.087185859680176,0.64874452650547,1.3260800457000717,2.9480996131896973,5.988152027130127,33,25,8,55.57749938964844,0.14637958226733733,moderate_review,835
detector_top5,1.3.6.1.4.1.14519.5.2.1.6279.6001.385151742584074711135621089321,outputs/luna16_saliency_synthetic_detector_top5/1.3.6.1.4.1.14519.5.2.1.6279.6001.385151742584074711135621089321/surface_1.3.6.1.4.1.14519.5.2.1.6279.6001.385151742584074711135621089321.png,outputs/luna16_saliency_synthetic_detector_top5/1.3.6.1.4.1.14519.5.2.1.6279.6001.385151742584074711135621089321/surface_grid_float_1.3.6.1.4.1.14519.5.2.1.6279.6001.385151742584074711135621089321.npy,0.5715010769725929,0.3319690525531769,0.2196205109357834,0.9333333373069763,62.331214904785156,15.529298782348633,0.6082668483257293,0.979080783724785,7.4904465675354,5.715472221374512,33,25,8,59.24900817871094,0.14595883106721771,moderate_review,836
detector_top5,1.3.6.1.4.1.14519.5.2.1.6279.6001.511347030803753100045216493273,outputs/luna16_saliency_synthetic_detector_top5/1.3.6.1.4.1.14519.5.2.1.6279.6001.511347030803753100045216493273/surface_1.3.6.1.4.1.14519.5.2.1.6279.6001.511347030803753100045216493273.png,outputs/luna16_saliency_synthetic_detector_top5/1.3.6.1.4.1.14519.5.2.1.6279.6001.511347030803753100045216493273/surface_grid_float_1.3.6.1.4.1.14519.5.2.1.6279.6001.511347030803753100045216493273.npy,0.5639220868765801,0.3527660667896271,0.23673434555530548,0.8941176533699036,54.097373962402344,9.622761726379395,0.6714591830968857,1.293651497364063,3.9302749633789062,7.634641170501709,33,25,8,52.691314697265625,0.1459377041260407,moderate_review,837
detector_top5,1.3.6.1.4.1.14519.5.2.1.6279.6001.152706273988004688708784163325,outputs/luna16_saliency_synthetic_detector_top5/1.3.6.1.4.1.14519.5.2.1.6279.6001.152706273988004688708784163325/surface_1.3.6.1.4.1.14519.5.2.1.6279.6001.152706273988004688708784163325.png,outputs/luna16_saliency_synthetic_detector_top5/1.3.6.1.4.1.14519.5.2.1.6279.6001.152706273988004688708784163325/surface_grid_float_1.3.6.1.4.1.14519.5.2.1.6279.6001.152706273988004688708784163325.npy,0.5369086270871986,0.3118440508842468,0.21978919208049774,0.843137264251709,57.400604248046875,11.54775333404541,0.6934288740158089,1.2611462950706482,2.623199701309204,5.491694450378418,33,25,8,56.59242248535156,0.1457058280441496,moderate_review,838
detector_top5,1.3.6.1.4.1.14519.5.2.1.6279.6001.141069661700670042960678408762,outputs/luna16_saliency_synthetic_detector_top5/1.3.6.1.4.1.14519.5.2.1.6279.6001.141069661700670042960678408762/surface_1.3.6.1.4.1.14519.5.2.1.6279.6001.141069661700670042960678408762.png,outputs/luna16_saliency_synthetic_detector_top5/1.3.6.1.4.1.14519.5.2.1.6279.6001.141069661700670042960678408762/surface_grid_float_1.3.6.1.4.1.14519.5.2.1.6279.6001.141069661700670042960678408762.npy,0.6095947063688999,0.3787328004837036,0.239530548453331,1.0,64.43415832519531,13.85722541809082,0.7282171159982681,0.9163812625408145,5.560344696044922,4.761916160583496,33,25,8,62.632789611816406,0.14546373766395773,moderate_review,839
detector_top5,1.3.6.1.4.1.14519.5.2.1.6279.6001.312704771348460502013249647868,outputs/luna16_saliency_synthetic_detector_top5/1.3.6.1.4.1.14519.5.2.1.6279.6001.312704771348460502013249647868/surface_1.3.6.1.4.1.14519.5.2.1.6279.6001.312704771348460502013249647868.png,outputs/luna16_saliency_synthetic_detector_top5/1.3.6.1.4.1.14519.5.2.1.6279.6001.312704771348460502013249647868/surface_grid_float_1.3.6.1.4.1.14519.5.2.1.6279.6001.312704771348460502013249647868.npy,0.538256464942682,0.3741399049758911,0.22431842982769012,0.9803921580314636,54.90789794921875,11.674839973449707,0.5966510355472567,1.4016046082973466,2.7113149166107178,4.527107238769531,33,25,8,52.86700439453125,0.14362153980599504,moderate_review,840
detector_top5,1.3.6.1.4.1.14519.5.2.1.6279.6001.244590453955380448651329424024,outputs/luna16_saliency_synthetic_detector_top5/1.3.6.1.4.1.14519.5.2.1.6279.6001.244590453955380448651329424024/surface_1.3.6.1.4.1.14519.5.2.1.6279.6001.244590453955380448651329424024.png,outputs/luna16_saliency_synthetic_detector_top5/1.3.6.1.4.1.14519.5.2.1.6279.6001.244590453955380448651329424024/surface_grid_float_1.3.6.1.4.1.14519.5.2.1.6279.6001.244590453955380448651329424024.npy,0.5370261297922467,0.33219200372695923,0.22538956999778748,0.9215686321258545,54.82386779785156,9.386188507080078,0.8157667249441136,1.325972607135773,2.706977605819702,5.125147342681885,33,25,8,53.7816162109375,0.1425415075275633,moderate_review,841
detector_top5,1.3.6.1.4.1.14519.5.2.1.6279.6001.801945620899034889998809817499,outputs/luna16_saliency_synthetic_detector_top5/1.3.6.1.4.1.14519.5.2.1.6279.6001.801945620899034889998809817499/surface_1.3.6.1.4.1.14519.5.2.1.6279.6001.801945620899034889998809817499.png,outputs/luna16_saliency_synthetic_detector_top5/1.3.6.1.4.1.14519.5.2.1.6279.6001.801945620899034889998809817499/surface_grid_float_1.3.6.1.4.1.14519.5.2.1.6279.6001.801945620899034889998809817499.npy,0.5495108008574726,0.31941989064216614,0.22967027127742767,0.9450980424880981,59.96305847167969,13.712974548339844,0.5947662055492401,0.7047813785076139,0.7333118319511414,9.628456115722656,33,25,8,59.554595947265625,0.14247844128741158,moderate_review,842
detector_top5,1.3.6.1.4.1.14519.5.2.1.6279.6001.123654356399290048011621921476,outputs/luna16_saliency_synthetic_detector_top5/1.3.6.1.4.1.14519.5.2.1.6279.6001.123654356399290048011621921476/surface_1.3.6.1.4.1.14519.5.2.1.6279.6001.123654356399290048011621921476.png,outputs/luna16_saliency_synthetic_detector_top5/1.3.6.1.4.1.14519.5.2.1.6279.6001.123654356399290048011621921476/surface_grid_float_1.3.6.1.4.1.14519.5.2.1.6279.6001.123654356399290048011621921476.npy,0.6025564803804994,0.34579023718833923,0.23408250510692596,1.0,63.74522399902344,11.890934944152832,0.5159630388021469,0.6733397227525687,3.659536838531494,7.135180950164795,33,25,8,62.75660705566406,0.14229818934798233,moderate_review,843
detector_top5,1.3.6.1.4.1.14519.5.2.1.6279.6001.156821379677057223126714881626,outputs/luna16_saliency_synthetic_detector_top5/1.3.6.1.4.1.14519.5.2.1.6279.6001.156821379677057223126714881626/surface_1.3.6.1.4.1.14519.5.2.1.6279.6001.156821379677057223126714881626.png,outputs/luna16_saliency_synthetic_detector_top5/1.3.6.1.4.1.14519.5.2.1.6279.6001.156821379677057223126714881626/surface_grid_float_1.3.6.1.4.1.14519.5.2.1.6279.6001.156821379677057223126714881626.npy,0.6193600098649732,0.3196567893028259,0.22611993551254272,0.9137254953384399,62.261688232421875,13.320433616638184,0.5328093051910401,0.6014113616943358,0.6222243309020996,8.914968490600586,33,25,8,62.19749450683594,0.1416228623284234,moderate_review,844
detector_top5,1.3.6.1.4.1.14519.5.2.1.6279.6001.171177995014336749670107905732,outputs/luna16_saliency_synthetic_detector_top5/1.3.6.1.4.1.14519.5.2.1.6279.6001.171177995014336749670107905732/surface_1.3.6.1.4.1.14519.5.2.1.6279.6001.171177995014336749670107905732.png,outputs/luna16_saliency_synthetic_detector_top5/1.3.6.1.4.1.14519.5.2.1.6279.6001.171177995014336749670107905732/surface_grid_float_1.3.6.1.4.1.14519.5.2.1.6279.6001.171177995014336749670107905732.npy,0.6175149901857976,0.30582883954048157,0.210153728723526,0.8509804010391235,60.080970764160156,12.482463836669922,0.6021369755268097,0.674688338637352,0.9073100090026855,7.4094367027282715,33,25,8,59.40547180175781,0.13684101632767254,moderate_review,845
detector_top5,1.3.6.1.4.1.14519.5.2.1.6279.6001.107109359065300889765026303943,outputs/luna16_saliency_synthetic_detector_top5/1.3.6.1.4.1.14519.5.2.1.6279.6001.107109359065300889765026303943/surface_1.3.6.1.4.1.14519.5.2.1.6279.6001.107109359065300889765026303943.png,outputs/luna16_saliency_synthetic_detector_top5/1.3.6.1.4.1.14519.5.2.1.6279.6001.107109359065300889765026303943/surface_grid_float_1.3.6.1.4.1.14519.5.2.1.6279.6001.107109359065300889765026303943.npy,0.6667958711974389,0.32396218180656433,0.2304534763097763,1.0,51.56916809082031,8.529833793640137,0.550583243370056,1.2652240800857586,8.51408863067627,5.041065216064453,33,25,8,47.51799774169922,0.13510770303408318,moderate_review,846
detector_top5,1.3.6.1.4.1.14519.5.2.1.6279.6001.336894364358709782463716339027,outputs/luna16_saliency_synthetic_detector_top5/1.3.6.1.4.1.14519.5.2.1.6279.6001.336894364358709782463716339027/surface_1.3.6.1.4.1.14519.5.2.1.6279.6001.336894364358709782463716339027.png,outputs/luna16_saliency_synthetic_detector_top5/1.3.6.1.4.1.14519.5.2.1.6279.6001.336894364358709782463716339027/surface_grid_float_1.3.6.1.4.1.14519.5.2.1.6279.6001.336894364358709782463716339027.npy,0.5804689842151227,0.2911408245563507,0.22419297695159912,0.8980392217636108,56.22367858886719,12.112228393554688,0.6076684176921845,0.6970345938205718,1.3189754486083984,8.243542671203613,33,25,8,55.93626403808594,0.13293615250984828,moderate_review,847
detector_top5,1.3.6.1.4.1.14519.5.2.1.6279.6001.240630002689062442926543993263,outputs/luna16_saliency_synthetic_detector_top5/1.3.6.1.4.1.14519.5.2.1.6279.6001.240630002689062442926543993263/surface_1.3.6.1.4.1.14519.5.2.1.6279.6001.240630002689062442926543993263.png,outputs/luna16_saliency_synthetic_detector_top5/1.3.6.1.4.1.14519.5.2.1.6279.6001.240630002689062442926543993263/surface_grid_float_1.3.6.1.4.1.14519.5.2.1.6279.6001.240630002689062442926543993263.npy,0.6313646403534044,0.3283044397830963,0.2411237210035324,0.9580000025033985,54.39302062988281,8.993597984313965,0.7068994879722593,1.193069052696228,5.98939847946167,2.4693875312805176,33,25,8,51.76588439941406,0.1319346338113149,moderate_review,848
detector_top5,1.3.6.1.4.1.14519.5.2.1.6279.6001.219349715895470349269596532320,outputs/luna16_saliency_synthetic_detector_top5/1.3.6.1.4.1.14519.5.2.1.6279.6001.219349715895470349269596532320/surface_1.3.6.1.4.1.14519.5.2.1.6279.6001.219349715895470349269596532320.png,outputs/luna16_saliency_synthetic_detector_top5/1.3.6.1.4.1.14519.5.2.1.6279.6001.219349715895470349269596532320/surface_grid_float_1.3.6.1.4.1.14519.5.2.1.6279.6001.219349715895470349269596532320.npy,0.5333872604999366,0.34038597345352173,0.23382052779197693,0.991058824062352,54.26554870605469,9.4628267288208,0.7425333529710767,1.1689828097820283,2.6015114784240723,2.5360825061798096,33,25,8,53.789581298828125,0.13114780437284046,moderate_review,849
detector_top5,1.3.6.1.4.1.14519.5.2.1.6279.6001.276710697414087561012670296643,outputs/luna16_saliency_synthetic_detector_top5/1.3.6.1.4.1.14519.5.2.1.6279.6001.276710697414087561012670296643/surface_1.3.6.1.4.1.14519.5.2.1.6279.6001.276710697414087561012670296643.png,outputs/luna16_saliency_synthetic_detector_top5/1.3.6.1.4.1.14519.5.2.1.6279.6001.276710697414087561012670296643/surface_grid_float_1.3.6.1.4.1.14519.5.2.1.6279.6001.276710697414087561012670296643.npy,0.5729439725979518,0.34868302941322327,0.2552114725112915,1.0,46.4727783203125,9.516746520996094,0.779316544532775,1.4235439217090609,6.606577396392822,4.61043119430542,33,25,8,43.96134948730469,0.13040635083913804,moderate_review,850
detector_top5,1.3.6.1.4.1.14519.5.2.1.6279.6001.161855583909753609742728521805,outputs/luna16_saliency_synthetic_detector_top5/1.3.6.1.4.1.14519.5.2.1.6279.6001.161855583909753609742728521805/surface_1.3.6.1.4.1.14519.5.2.1.6279.6001.161855583909753609742728521805.png,outputs/luna16_saliency_synthetic_detector_top5/1.3.6.1.4.1.14519.5.2.1.6279.6001.161855583909753609742728521805/surface_grid_float_1.3.6.1.4.1.14519.5.2.1.6279.6001.161855583909753609742728521805.npy,0.582842261904762,0.38583454489707947,0.22165068984031677,0.9215686321258545,55.35493469238281,11.034396171569824,0.4692074060440063,0.8490403431653976,1.0285724401474,5.580286979675293,33,25,8,55.23542022705078,0.13013007251487838,moderate_review,851
detector_top5,1.3.6.1.4.1.14519.5.2.1.6279.6001.204802250386343794613980417281,outputs/luna16_saliency_synthetic_detector_top5/1.3.6.1.4.1.14519.5.2.1.6279.6001.204802250386343794613980417281/surface_1.3.6.1.4.1.14519.5.2.1.6279.6001.204802250386343794613980417281.png,outputs/luna16_saliency_synthetic_detector_top5/1.3.6.1.4.1.14519.5.2.1.6279.6001.204802250386343794613980417281/surface_grid_float_1.3.6.1.4.1.14519.5.2.1.6279.6001.204802250386343794613980417281.npy,0.5108780108780109,0.37906891107559204,0.24324342608451843,1.0,49.88569641113281,8.513981819152832,0.8726824373006821,1.2028965938091283,1.5698370933532715,3.617009162902832,33,25,8,49.12678527832031,0.1272675233059459,moderate_review,852
detector_top5,1.3.6.1.4.1.14519.5.2.1.6279.6001.190937805243443708408459490152,outputs/luna16_saliency_synthetic_detector_top5/1.3.6.1.4.1.14519.5.2.1.6279.6001.190937805243443708408459490152/surface_1.3.6.1.4.1.14519.5.2.1.6279.6001.190937805243443708408459490152.png,outputs/luna16_saliency_synthetic_detector_top5/1.3.6.1.4.1.14519.5.2.1.6279.6001.190937805243443708408459490152/surface_grid_float_1.3.6.1.4.1.14519.5.2.1.6279.6001.190937805243443708408459490152.npy,0.6416850038112497,0.3170936107635498,0.23300959169864655,0.8980392217636108,54.81809997558594,11.53390121459961,0.6389994621276855,0.7899873375892619,5.703561305999756,5.257547378540039,33,25,8,54.71953582763672,0.12674655870596563,moderate_review,853
detector_top5,1.3.6.1.4.1.14519.5.2.1.6279.6001.664989286137882319237192185951,outputs/luna16_saliency_synthetic_detector_top5/1.3.6.1.4.1.14519.5.2.1.6279.6001.664989286137882319237192185951/surface_1.3.6.1.4.1.14519.5.2.1.6279.6001.664989286137882319237192185951.png,outputs/luna16_saliency_synthetic_detector_top5/1.3.6.1.4.1.14519.5.2.1.6279.6001.664989286137882319237192185951/surface_grid_float_1.3.6.1.4.1.14519.5.2.1.6279.6001.664989286137882319237192185951.npy,0.6121241395966671,0.4336000978946686,0.24630257487297058,1.0,49.512046813964844,11.193647384643555,0.8313663750886917,1.0355446934700019,6.345176696777344,5.535547733306885,33,25,8,49.22502899169922,0.12588763601250122,moderate_review,854
detector_top5,1.3.6.1.4.1.14519.5.2.1.6279.6001.154837327827713479309898027966,outputs/luna16_saliency_synthetic_detector_top5/1.3.6.1.4.1.14519.5.2.1.6279.6001.154837327827713479309898027966/surface_1.3.6.1.4.1.14519.5.2.1.6279.6001.154837327827713479309898027966.png,outputs/luna16_saliency_synthetic_detector_top5/1.3.6.1.4.1.14519.5.2.1.6279.6001.154837327827713479309898027966/surface_grid_float_1.3.6.1.4.1.14519.5.2.1.6279.6001.154837327827713479309898027966.npy,0.5625332694559778,0.3579612970352173,0.2299734205007553,0.9882352948188782,58.29949188232422,12.67735767364502,0.43527921885251997,0.5442436176538461,0.5864898562431335,5.505252361297607,33,25,8,58.23095703125,0.12572702246970596,moderate_review,855
detector_top5,1.3.6.1.4.1.14519.5.2.1.6279.6001.100953483028192176989979435275,outputs/luna16_saliency_synthetic_detector_top5/1.3.6.1.4.1.14519.5.2.1.6279.6001.100953483028192176989979435275/surface_1.3.6.1.4.1.14519.5.2.1.6279.6001.100953483028192176989979435275.png,outputs/luna16_saliency_synthetic_detector_top5/1.3.6.1.4.1.14519.5.2.1.6279.6001.100953483028192176989979435275/surface_grid_float_1.3.6.1.4.1.14519.5.2.1.6279.6001.100953483028192176989979435275.npy,0.5561331091066606,0.3851872980594635,0.22824285924434662,0.9372549057006836,54.407562255859375,13.350361824035645,0.5461260318756104,0.602730667591095,0.6165474057197571,7.203080177307129,33,25,8,54.332733154296875,0.12476803529262542,moderate_review,856
detector_top5,1.3.6.1.4.1.14519.5.2.1.6279.6001.121993590721161347818774929286,outputs/luna16_saliency_synthetic_detector_top5/1.3.6.1.4.1.14519.5.2.1.6279.6001.121993590721161347818774929286/surface_1.3.6.1.4.1.14519.5.2.1.6279.6001.121993590721161347818774929286.png,outputs/luna16_saliency_synthetic_detector_top5/1.3.6.1.4.1.14519.5.2.1.6279.6001.121993590721161347818774929286/surface_grid_float_1.3.6.1.4.1.14519.5.2.1.6279.6001.121993590721161347818774929286.npy,0.5780824438719175,0.36538541316986084,0.22553983330726624,0.9215686321258545,50.177345275878906,10.160299301147461,0.5912505745887752,0.7611905223131182,1.1574680805206299,6.87608528137207,33,25,8,49.731361389160156,0.12174481397668523,moderate_review,857
detector_top5,1.3.6.1.4.1.14519.5.2.1.6279.6001.842980983137518332429408284002,outputs/luna16_saliency_synthetic_detector_top5/1.3.6.1.4.1.14519.5.2.1.6279.6001.842980983137518332429408284002/surface_1.3.6.1.4.1.14519.5.2.1.6279.6001.842980983137518332429408284002.png,outputs/luna16_saliency_synthetic_detector_top5/1.3.6.1.4.1.14519.5.2.1.6279.6001.842980983137518332429408284002/surface_grid_float_1.3.6.1.4.1.14519.5.2.1.6279.6001.842980983137518332429408284002.npy,0.5599566852843954,0.38023489713668823,0.2523767054080963,1.0,46.903099060058594,11.705294609069824,0.6245917707681653,0.9662471014261228,2.541236400604248,6.464986324310303,33,25,8,46.42499542236328,0.12152588108579312,moderate_review,858
detector_top5,1.3.6.1.4.1.14519.5.2.1.6279.6001.121391737347333465796214915391,outputs/luna16_saliency_synthetic_detector_top5/1.3.6.1.4.1.14519.5.2.1.6279.6001.121391737347333465796214915391/surface_1.3.6.1.4.1.14519.5.2.1.6279.6001.121391737347333465796214915391.png,outputs/luna16_saliency_synthetic_detector_top5/1.3.6.1.4.1.14519.5.2.1.6279.6001.121391737347333465796214915391/surface_grid_float_1.3.6.1.4.1.14519.5.2.1.6279.6001.121391737347333465796214915391.npy,0.5896163333234271,0.3545960783958435,0.2521030008792877,1.0,48.64008331298828,11.785919189453125,0.5155543446540832,0.644419412612915,0.6807883381843567,8.015069007873535,33,25,8,48.58100128173828,0.11821065236197577,moderate_review,859
detector_top5,1.3.6.1.4.1.14519.5.2.1.6279.6001.324290109423920971676288828329,outputs/luna16_saliency_synthetic_detector_top5/1.3.6.1.4.1.14519.5.2.1.6279.6001.324290109423920971676288828329/surface_1.3.6.1.4.1.14519.5.2.1.6279.6001.324290109423920971676288828329.png,outputs/luna16_saliency_synthetic_detector_top5/1.3.6.1.4.1.14519.5.2.1.6279.6001.324290109423920971676288828329/surface_grid_float_1.3.6.1.4.1.14519.5.2.1.6279.6001.324290109423920971676288828329.npy,0.5655706535516909,0.3576779365539551,0.2345246523618698,0.8901960849761963,50.67143249511719,9.658613204956055,0.5164465695619582,0.7743548744916913,1.3439221382141113,4.478186130523682,33,25,8,50.15431213378906,0.11763455846110979,moderate_review,860
detector_top5,1.3.6.1.4.1.14519.5.2.1.6279.6001.154703816225841204080664115280,outputs/luna16_saliency_synthetic_detector_top5/1.3.6.1.4.1.14519.5.2.1.6279.6001.154703816225841204080664115280/surface_1.3.6.1.4.1.14519.5.2.1.6279.6001.154703816225841204080664115280.png,outputs/luna16_saliency_synthetic_detector_top5/1.3.6.1.4.1.14519.5.2.1.6279.6001.154703816225841204080664115280/surface_grid_float_1.3.6.1.4.1.14519.5.2.1.6279.6001.154703816225841204080664115280.npy,0.5642468130947393,0.3196065127849579,0.22426441311836243,0.8705882430076599,47.002174377441406,9.176624298095703,0.6248374581336975,0.94289781153202,1.1102865934371948,4.5853705406188965,33,25,8,46.950469970703125,0.1168136039541827,moderate_review,861
detector_top5,1.3.6.1.4.1.14519.5.2.1.6279.6001.105495028985881418176186711228,outputs/luna16_saliency_synthetic_detector_top5/1.3.6.1.4.1.14519.5.2.1.6279.6001.105495028985881418176186711228/surface_1.3.6.1.4.1.14519.5.2.1.6279.6001.105495028985881418176186711228.png,outputs/luna16_saliency_synthetic_detector_top5/1.3.6.1.4.1.14519.5.2.1.6279.6001.105495028985881418176186711228/surface_grid_float_1.3.6.1.4.1.14519.5.2.1.6279.6001.105495028985881418176186711228.npy,0.5410946196660482,0.42467135190963745,0.21725037693977356,0.9019607901573181,49.04072570800781,11.501542091369629,0.6106072962284088,0.8089966982603068,1.4073444604873657,3.490307092666626,33,25,8,48.89839172363281,0.11376068177819251,moderate_review,862
detector_top5,1.3.6.1.4.1.14519.5.2.1.6279.6001.145759169833745025756371695397,outputs/luna16_saliency_synthetic_detector_top5/1.3.6.1.4.1.14519.5.2.1.6279.6001.145759169833745025756371695397/surface_1.3.6.1.4.1.14519.5.2.1.6279.6001.145759169833745025756371695397.png,outputs/luna16_saliency_synthetic_detector_top5/1.3.6.1.4.1.14519.5.2.1.6279.6001.145759169833745025756371695397/surface_grid_float_1.3.6.1.4.1.14519.5.2.1.6279.6001.145759169833745025756371695397.npy,0.5977286414867073,0.3369680345058441,0.2299935519695282,0.9725490212440491,48.70233154296875,8.763312339782715,0.7232968688011161,0.8603219497203828,1.1568832397460938,2.947002649307251,33,25,8,48.415740966796875,0.1135291058394644,moderate_review,863
detector_top5,1.3.6.1.4.1.14519.5.2.1.6279.6001.128881800399702510818644205032,outputs/luna16_saliency_synthetic_detector_top5/1.3.6.1.4.1.14519.5.2.1.6279.6001.128881800399702510818644205032/surface_1.3.6.1.4.1.14519.5.2.1.6279.6001.128881800399702510818644205032.png,outputs/luna16_saliency_synthetic_detector_top5/1.3.6.1.4.1.14519.5.2.1.6279.6001.128881800399702510818644205032/surface_grid_float_1.3.6.1.4.1.14519.5.2.1.6279.6001.128881800399702510818644205032.npy,0.4584122308717301,0.4212764501571655,0.21289189159870148,0.9843137264251709,44.18559265136719,6.241302967071533,0.40899069607257843,1.0215804338455203,9.004724502563477,3.2538089752197266,33,25,8,39.99534606933594,0.11152075404591032,moderate_review,864
detector_top5,1.3.6.1.4.1.14519.5.2.1.6279.6001.898642529028521482602829374444,outputs/luna16_saliency_synthetic_detector_top5/1.3.6.1.4.1.14519.5.2.1.6279.6001.898642529028521482602829374444/surface_1.3.6.1.4.1.14519.5.2.1.6279.6001.898642529028521482602829374444.png,outputs/luna16_saliency_synthetic_detector_top5/1.3.6.1.4.1.14519.5.2.1.6279.6001.898642529028521482602829374444/surface_grid_float_1.3.6.1.4.1.14519.5.2.1.6279.6001.898642529028521482602829374444.npy,0.5839949431099873,0.44562292098999023,0.23356427252292633,1.0,38.36941146850586,9.554399490356445,0.80268015563488,1.1377474796772031,1.4806348085403442,5.4100141525268555,33,25,8,37.66309356689453,0.11010369717677443,moderate_review,865
detector_top5,1.3.6.1.4.1.14519.5.2.1.6279.6001.272190966764020277652079081128,outputs/luna16_saliency_synthetic_detector_top5/1.3.6.1.4.1.14519.5.2.1.6279.6001.272190966764020277652079081128/surface_1.3.6.1.4.1.14519.5.2.1.6279.6001.272190966764020277652079081128.png,outputs/luna16_saliency_synthetic_detector_top5/1.3.6.1.4.1.14519.5.2.1.6279.6001.272190966764020277652079081128/surface_grid_float_1.3.6.1.4.1.14519.5.2.1.6279.6001.272190966764020277652079081128.npy,0.36223759362237595,0.3992393910884857,0.23053239285945892,1.0,44.07804870605469,8.578751564025879,0.5831253886222839,0.9201004076004031,3.9475696086883545,3.898742437362671,33,25,8,41.13706970214844,0.10973029882113139,moderate_review,866
detector_top5,1.3.6.1.4.1.14519.5.2.1.6279.6001.952265563663939823135367733681,outputs/luna16_saliency_synthetic_detector_top5/1.3.6.1.4.1.14519.5.2.1.6279.6001.952265563663939823135367733681/surface_1.3.6.1.4.1.14519.5.2.1.6279.6001.952265563663939823135367733681.png,outputs/luna16_saliency_synthetic_detector_top5/1.3.6.1.4.1.14519.5.2.1.6279.6001.952265563663939823135367733681/surface_grid_float_1.3.6.1.4.1.14519.5.2.1.6279.6001.952265563663939823135367733681.npy,0.519197986849582,0.4131939113140106,0.2318093478679657,1.0,44.430145263671875,8.36662483215332,0.5510566830635071,0.7950055003166199,2.511754035949707,5.066280841827393,33,25,8,44.19329833984375,0.10915880898634592,moderate_review,867
detector_top5,1.3.6.1.4.1.14519.5.2.1.6279.6001.218476624578721885561483687176,outputs/luna16_saliency_synthetic_detector_top5/1.3.6.1.4.1.14519.5.2.1.6279.6001.218476624578721885561483687176/surface_1.3.6.1.4.1.14519.5.2.1.6279.6001.218476624578721885561483687176.png,outputs/luna16_saliency_synthetic_detector_top5/1.3.6.1.4.1.14519.5.2.1.6279.6001.218476624578721885561483687176/surface_grid_float_1.3.6.1.4.1.14519.5.2.1.6279.6001.218476624578721885561483687176.npy,0.5684012153378716,0.33216142654418945,0.2189628779888153,0.929411768913269,44.952056884765625,7.46785831451416,0.6649309694766992,0.8715236413478848,0.9738796949386597,2.8203487396240234,33,25,8,42.1143798828125,0.1073332456919882,moderate_review,868
detector_top5,1.3.6.1.4.1.14519.5.2.1.6279.6001.768276876111112560631432843476,outputs/luna16_saliency_synthetic_detector_top5/1.3.6.1.4.1.14519.5.2.1.6279.6001.768276876111112560631432843476/surface_1.3.6.1.4.1.14519.5.2.1.6279.6001.768276876111112560631432843476.png,outputs/luna16_saliency_synthetic_detector_top5/1.3.6.1.4.1.14519.5.2.1.6279.6001.768276876111112560631432843476/surface_grid_float_1.3.6.1.4.1.14519.5.2.1.6279.6001.768276876111112560631432843476.npy,0.5013473950362632,0.36169177293777466,0.22645072638988495,0.9686274528503418,39.86174774169922,6.363860130310059,0.5569935142993927,0.9546826332807539,2.3839027881622314,5.490429401397705,33,25,8,39.65830993652344,0.10727767945991623,moderate_review,869
detector_top5,1.3.6.1.4.1.14519.5.2.1.6279.6001.211051626197585058967163339846,outputs/luna16_saliency_synthetic_detector_top5/1.3.6.1.4.1.14519.5.2.1.6279.6001.211051626197585058967163339846/surface_1.3.6.1.4.1.14519.5.2.1.6279.6001.211051626197585058967163339846.png,outputs/luna16_saliency_synthetic_detector_top5/1.3.6.1.4.1.14519.5.2.1.6279.6001.211051626197585058967163339846/surface_grid_float_1.3.6.1.4.1.14519.5.2.1.6279.6001.211051626197585058967163339846.npy,0.7205265366058318,0.29530104994773865,0.23352769017219543,0.8745098114013672,43.288063049316406,10.473483085632324,0.5127533048391342,0.8114007359743121,0.9942964315414429,4.436972141265869,33,25,8,42.952850341796875,0.10634873191979198,moderate_review,870
detector_top5,1.3.6.1.4.1.14519.5.2.1.6279.6001.320111824803959660037459294083,outputs/luna16_saliency_synthetic_detector_top5/1.3.6.1.4.1.14519.5.2.1.6279.6001.320111824803959660037459294083/surface_1.3.6.1.4.1.14519.5.2.1.6279.6001.320111824803959660037459294083.png,outputs/luna16_saliency_synthetic_detector_top5/1.3.6.1.4.1.14519.5.2.1.6279.6001.320111824803959660037459294083/surface_grid_float_1.3.6.1.4.1.14519.5.2.1.6279.6001.320111824803959660037459294083.npy,0.5437844066060684,0.35943543910980225,0.23594771325588226,0.9019607901573181,38.26789855957031,8.371792793273926,0.5372878044843671,1.109168064594267,4.089917182922363,4.094162464141846,33,25,8,35.871185302734375,0.1061530116796493,moderate_review,871
detector_top5,1.3.6.1.4.1.14519.5.2.1.6279.6001.153646219551578201092527860224,outputs/luna16_saliency_synthetic_detector_top5/1.3.6.1.4.1.14519.5.2.1.6279.6001.153646219551578201092527860224/surface_1.3.6.1.4.1.14519.5.2.1.6279.6001.153646219551578201092527860224.png,outputs/luna16_saliency_synthetic_detector_top5/1.3.6.1.4.1.14519.5.2.1.6279.6001.153646219551578201092527860224/surface_grid_float_1.3.6.1.4.1.14519.5.2.1.6279.6001.153646219551578201092527860224.npy,0.5172588703745974,0.33138421177864075,0.21430253982543945,0.9372549057006836,41.08244323730469,9.414031982421875,0.5307078331708908,0.8624042069911948,1.1243619918823242,4.407508373260498,33,25,8,40.76161193847656,0.10413732799026698,moderate_review,872
detector_top5,1.3.6.1.4.1.14519.5.2.1.6279.6001.208511362832825683639135205368,outputs/luna16_saliency_synthetic_detector_top5/1.3.6.1.4.1.14519.5.2.1.6279.6001.208511362832825683639135205368/surface_1.3.6.1.4.1.14519.5.2.1.6279.6001.208511362832825683639135205368.png,outputs/luna16_saliency_synthetic_detector_top5/1.3.6.1.4.1.14519.5.2.1.6279.6001.208511362832825683639135205368/surface_grid_float_1.3.6.1.4.1.14519.5.2.1.6279.6001.208511362832825683639135205368.npy,0.43392756463607807,0.30126771330833435,0.2445237785577774,0.9215686321258545,40.23603820800781,7.065341949462891,0.4215190976858138,0.7795404100418071,4.029351711273193,3.687835454940796,33,25,8,38.61796569824219,0.09864146588113566,good_or_low_review,873
detector_top5,1.3.6.1.4.1.14519.5.2.1.6279.6001.138674679709964033277400089532,outputs/luna16_saliency_synthetic_detector_top5/1.3.6.1.4.1.14519.5.2.1.6279.6001.138674679709964033277400089532/surface_1.3.6.1.4.1.14519.5.2.1.6279.6001.138674679709964033277400089532.png,outputs/luna16_saliency_synthetic_detector_top5/1.3.6.1.4.1.14519.5.2.1.6279.6001.138674679709964033277400089532/surface_grid_float_1.3.6.1.4.1.14519.5.2.1.6279.6001.138674679709964033277400089532.npy,0.5454943132108486,0.3449653685092926,0.21201761066913605,0.8901960849761963,44.286712646484375,9.63811206817627,0.4546592608094215,0.5817517066001893,2.2202646732330322,3.237428903579712,33,25,8,43.592864990234375,0.09845802539454566,good_or_low_review,874
detector_top5,1.3.6.1.4.1.14519.5.2.1.6279.6001.178391668569567816549737454720,outputs/luna16_saliency_synthetic_detector_top5/1.3.6.1.4.1.14519.5.2.1.6279.6001.178391668569567816549737454720/surface_1.3.6.1.4.1.14519.5.2.1.6279.6001.178391668569567816549737454720.png,outputs/luna16_saliency_synthetic_detector_top5/1.3.6.1.4.1.14519.5.2.1.6279.6001.178391668569567816549737454720/surface_grid_float_1.3.6.1.4.1.14519.5.2.1.6279.6001.178391668569567816549737454720.npy,0.6369411933140056,0.4444798529148102,0.21665744483470917,1.0,42.144309997558594,9.696812629699707,0.417433425784111,0.5877879792451853,0.6872643232345581,4.271027565002441,33,25,8,42.11375427246094,0.09736532840662529,good_or_low_review,875
detector_top5,1.3.6.1.4.1.14519.5.2.1.6279.6001.292194861362266467652267941663,outputs/luna16_saliency_synthetic_detector_top5/1.3.6.1.4.1.14519.5.2.1.6279.6001.292194861362266467652267941663/surface_1.3.6.1.4.1.14519.5.2.1.6279.6001.292194861362266467652267941663.png,outputs/luna16_saliency_synthetic_detector_top5/1.3.6.1.4.1.14519.5.2.1.6279.6001.292194861362266467652267941663/surface_grid_float_1.3.6.1.4.1.14519.5.2.1.6279.6001.292194861362266467652267941663.npy,0.5838824916759157,0.3467678427696228,0.2476212978363037,0.9764705896377563,36.082275390625,7.38095235824585,0.33739161044359206,0.5070730596780777,0.846595287322998,5.196325302124023,33,25,8,36.042694091796875,0.0868967070016596,good_or_low_review,876
detector_top5,1.3.6.1.4.1.14519.5.2.1.6279.6001.264090899378396711987322794314,outputs/luna16_saliency_synthetic_detector_top5/1.3.6.1.4.1.14519.5.2.1.6279.6001.264090899378396711987322794314/surface_1.3.6.1.4.1.14519.5.2.1.6279.6001.264090899378396711987322794314.png,outputs/luna16_saliency_synthetic_detector_top5/1.3.6.1.4.1.14519.5.2.1.6279.6001.264090899378396711987322794314/surface_grid_float_1.3.6.1.4.1.14519.5.2.1.6279.6001.264090899378396711987322794314.npy,0.35274398400982077,0.3644154667854309,0.2361474484205246,0.9686274528503418,37.91070556640625,6.5533294677734375,0.44988791942596434,0.6092447626590733,3.2083852291107178,2.1556506156921387,33,25,8,37.848907470703125,0.08625218685865403,good_or_low_review,877
detector_top5,1.3.6.1.4.1.14519.5.2.1.6279.6001.472487466001405705666001578363,outputs/luna16_saliency_synthetic_detector_top5/1.3.6.1.4.1.14519.5.2.1.6279.6001.472487466001405705666001578363/surface_1.3.6.1.4.1.14519.5.2.1.6279.6001.472487466001405705666001578363.png,outputs/luna16_saliency_synthetic_detector_top5/1.3.6.1.4.1.14519.5.2.1.6279.6001.472487466001405705666001578363/surface_grid_float_1.3.6.1.4.1.14519.5.2.1.6279.6001.472487466001405705666001578363.npy,0.5544686415530855,0.3108156621456146,0.21804417669773102,0.95686274766922,34.20109558105469,7.014307498931885,0.4372612193226813,0.644896012544633,1.0109939575195312,3.35599684715271,33,25,8,34.010528564453125,0.08380647711621393,good_or_low_review,878
detector_top5,1.3.6.1.4.1.14519.5.2.1.6279.6001.970264865033574190975654369557,outputs/luna16_saliency_synthetic_detector_top5/1.3.6.1.4.1.14519.5.2.1.6279.6001.970264865033574190975654369557/surface_1.3.6.1.4.1.14519.5.2.1.6279.6001.970264865033574190975654369557.png,outputs/luna16_saliency_synthetic_detector_top5/1.3.6.1.4.1.14519.5.2.1.6279.6001.970264865033574190975654369557/surface_grid_float_1.3.6.1.4.1.14519.5.2.1.6279.6001.970264865033574190975654369557.npy,0.5810059990770651,0.3456985652446747,0.2292134314775467,1.0,32.54067611694336,5.7213544845581055,0.4396186351776123,0.7110322856903089,0.826137125492096,3.3815536499023438,33,25,8,32.42875671386719,0.08307999243206451,good_or_low_review,879
detector_top5,1.3.6.1.4.1.14519.5.2.1.6279.6001.270215889102603268207599305185,outputs/luna16_saliency_synthetic_detector_top5/1.3.6.1.4.1.14519.5.2.1.6279.6001.270215889102603268207599305185/surface_1.3.6.1.4.1.14519.5.2.1.6279.6001.270215889102603268207599305185.png,outputs/luna16_saliency_synthetic_detector_top5/1.3.6.1.4.1.14519.5.2.1.6279.6001.270215889102603268207599305185/surface_grid_float_1.3.6.1.4.1.14519.5.2.1.6279.6001.270215889102603268207599305185.npy,0.587803151000177,0.32534199953079224,0.22657595574855804,1.0,31.012771606445312,7.934202671051025,0.35237864255905144,0.6745370984077448,0.9771425127983093,3.8554930686950684,33,25,8,29.641494750976562,0.08049182800451912,good_or_low_review,880
detector_top5,1.3.6.1.4.1.14519.5.2.1.6279.6001.163901773171373940247829492387,outputs/luna16_saliency_synthetic_detector_top5/1.3.6.1.4.1.14519.5.2.1.6279.6001.163901773171373940247829492387/surface_1.3.6.1.4.1.14519.5.2.1.6279.6001.163901773171373940247829492387.png,outputs/luna16_saliency_synthetic_detector_top5/1.3.6.1.4.1.14519.5.2.1.6279.6001.163901773171373940247829492387/surface_grid_float_1.3.6.1.4.1.14519.5.2.1.6279.6001.163901773171373940247829492387.npy,0.5732287382733033,0.3422093689441681,0.23854348063468933,1.0,32.52320098876953,5.828886985778809,0.4335869342088698,0.5442116510868074,0.5929740071296692,3.3480257987976074,33,25,8,32.39418029785156,0.07797174184454812,good_or_low_review,881
detector_top5,1.3.6.1.4.1.14519.5.2.1.6279.6001.107351566259572521472765997306,outputs/luna16_saliency_synthetic_detector_top5/1.3.6.1.4.1.14519.5.2.1.6279.6001.107351566259572521472765997306/surface_1.3.6.1.4.1.14519.5.2.1.6279.6001.107351566259572521472765997306.png,outputs/luna16_saliency_synthetic_detector_top5/1.3.6.1.4.1.14519.5.2.1.6279.6001.107351566259572521472765997306/surface_grid_float_1.3.6.1.4.1.14519.5.2.1.6279.6001.107351566259572521472765997306.npy,0.6011605217212694,0.35425812005996704,0.24295540153980255,0.95686274766922,29.174354553222656,4.440931797027588,0.3280829668045044,0.5583325666189205,1.0470705032348633,4.3389058113098145,33,25,8,29.108566284179688,0.07501591416796051,good_or_low_review,882
detector_top5,1.3.6.1.4.1.14519.5.2.1.6279.6001.103115201714075993579787468219,outputs/luna16_saliency_synthetic_detector_top5/1.3.6.1.4.1.14519.5.2.1.6279.6001.103115201714075993579787468219/surface_1.3.6.1.4.1.14519.5.2.1.6279.6001.103115201714075993579787468219.png,outputs/luna16_saliency_synthetic_detector_top5/1.3.6.1.4.1.14519.5.2.1.6279.6001.103115201714075993579787468219/surface_grid_float_1.3.6.1.4.1.14519.5.2.1.6279.6001.103115201714075993579787468219.npy,0.5454754248966468,0.4029630124568939,0.23929423093795776,1.0,29.2216796875,4.894330978393555,0.33649902194738385,0.65200075507164,3.223114013671875,2.4381885528564453,33,25,8,26.408599853515625,0.0736810189154413,good_or_low_review,883
detector_top5,1.3.6.1.4.1.14519.5.2.1.6279.6001.144438612068946916340281098509,outputs/luna16_saliency_synthetic_detector_top5/1.3.6.1.4.1.14519.5.2.1.6279.6001.144438612068946916340281098509/surface_1.3.6.1.4.1.14519.5.2.1.6279.6001.144438612068946916340281098509.png,outputs/luna16_saliency_synthetic_detector_top5/1.3.6.1.4.1.14519.5.2.1.6279.6001.144438612068946916340281098509/surface_grid_float_1.3.6.1.4.1.14519.5.2.1.6279.6001.144438612068946916340281098509.npy,0.6346253733281392,0.33221349120140076,0.21546265482902527,0.8941176533699036,23.50054931640625,2.907113790512085,0.2364581227302549,0.8632568860054017,2.655383348464966,1.604993224143982,33,25,8,22.180442810058594,0.06863194038338132,good_or_low_review,884
detector_top5,1.3.6.1.4.1.14519.5.2.1.6279.6001.561458563853929400124470098603,outputs/luna16_saliency_synthetic_detector_top5/1.3.6.1.4.1.14519.5.2.1.6279.6001.561458563853929400124470098603/surface_1.3.6.1.4.1.14519.5.2.1.6279.6001.561458563853929400124470098603.png,outputs/luna16_saliency_synthetic_detector_top5/1.3.6.1.4.1.14519.5.2.1.6279.6001.561458563853929400124470098603/surface_grid_float_1.3.6.1.4.1.14519.5.2.1.6279.6001.561458563853929400124470098603.npy,0.5954624990058061,0.33709487318992615,0.24164921045303345,0.9372549057006836,23.18463897705078,5.190220832824707,0.3179295673966407,0.5151563805341657,5.795373916625977,2.3064160346984863,33,25,8,21.694839477539062,0.059221125343772905,good_or_low_review,885
detector_top5,1.3.6.1.4.1.14519.5.2.1.6279.6001.216526102138308489357443843021,outputs/luna16_saliency_synthetic_detector_top5/1.3.6.1.4.1.14519.5.2.1.6279.6001.216526102138308489357443843021/surface_1.3.6.1.4.1.14519.5.2.1.6279.6001.216526102138308489357443843021.png,outputs/luna16_saliency_synthetic_detector_top5/1.3.6.1.4.1.14519.5.2.1.6279.6001.216526102138308489357443843021/surface_grid_float_1.3.6.1.4.1.14519.5.2.1.6279.6001.216526102138308489357443843021.npy,0.5137632482460068,0.39370790123939514,0.2136305421590805,0.9411764740943909,20.636825561523438,3.95554518699646,0.24042794704437245,0.5627581638097766,1.108240008354187,2.213776111602783,33,25,8,19.470321655273438,0.056196956653727426,good_or_low_review,886
detector_top5,1.3.6.1.4.1.14519.5.2.1.6279.6001.269075535958871753309238331179,outputs/luna16_saliency_synthetic_detector_top5/1.3.6.1.4.1.14519.5.2.1.6279.6001.269075535958871753309238331179/surface_1.3.6.1.4.1.14519.5.2.1.6279.6001.269075535958871753309238331179.png,outputs/luna16_saliency_synthetic_detector_top5/1.3.6.1.4.1.14519.5.2.1.6279.6001.269075535958871753309238331179/surface_grid_float_1.3.6.1.4.1.14519.5.2.1.6279.6001.269075535958871753309238331179.npy,0.6664614647993297,0.304531455039978,0.24075479805469513,0.9490196108818054,24.077117919921875,4.084463596343994,0.3026896983385086,0.37957850217819217,0.40970152616500854,1.97268807888031,33,25,8,24.004989624023438,0.05589963621828291,good_or_low_review,887
detector_top5,1.3.6.1.4.1.14519.5.2.1.6279.6001.138904664700896606480369521124,outputs/luna16_saliency_synthetic_detector_top5/1.3.6.1.4.1.14519.5.2.1.6279.6001.138904664700896606480369521124/surface_1.3.6.1.4.1.14519.5.2.1.6279.6001.138904664700896606480369521124.png,outputs/luna16_saliency_synthetic_detector_top5/1.3.6.1.4.1.14519.5.2.1.6279.6001.138904664700896606480369521124/surface_grid_float_1.3.6.1.4.1.14519.5.2.1.6279.6001.138904664700896606480369521124.npy,0.5816545696933788,0.30730605125427246,0.2229132503271103,0.8627451062202454,14.690261840820312,2.732407569885254,0.14540541395545,0.3437993216514583,0.7478121519088745,1.5976743698120117,33,25,8,13.756561279296875,0.038348136872715405,good_or_low_review,888
