source,seriesuid,png,grid,foreground_fraction,foreground_mean,foreground_std,image_p99,z_range,z_std,grad_p95,grad_p99,grad_max,edge_z_std,control_points,control_labels,anchor_labels,control_z_range,qc_badness,qc_bucket,qc_rank_worst
ground_truth,1.3.6.1.4.1.14519.5.2.1.6279.6001.229664630348267553620068691756,outputs/luna16_saliency_synthetic_gt/1.3.6.1.4.1.14519.5.2.1.6279.6001.229664630348267553620068691756/surface_1.3.6.1.4.1.14519.5.2.1.6279.6001.229664630348267553620068691756.png,outputs/luna16_saliency_synthetic_gt/1.3.6.1.4.1.14519.5.2.1.6279.6001.229664630348267553620068691756/surface_grid_float_1.3.6.1.4.1.14519.5.2.1.6279.6001.229664630348267553620068691756.npy,0.5746894982784063,0.33595722913742065,0.23113256692886353,0.9098039269447327,278.0760498046875,47.050167083740234,4.502436399459839,10.559131479263257,36.085044860839844,22.16299057006836,53,45,8,158.0,0.8294851175414176,high_review,1
ground_truth,1.3.6.1.4.1.14519.5.2.1.6279.6001.811825890493256320617655474043,outputs/luna16_saliency_synthetic_gt/1.3.6.1.4.1.14519.5.2.1.6279.6001.811825890493256320617655474043/surface_1.3.6.1.4.1.14519.5.2.1.6279.6001.811825890493256320617655474043.png,outputs/luna16_saliency_synthetic_gt/1.3.6.1.4.1.14519.5.2.1.6279.6001.811825890493256320617655474043/surface_grid_float_1.3.6.1.4.1.14519.5.2.1.6279.6001.811825890493256320617655474043.npy,0.602291119285339,0.32188645005226135,0.22704589366912842,0.9725490212440491,243.02365112304688,36.53437423706055,3.8601445913314607,8.673440818786629,18.20714569091797,30.36808967590332,33,25,8,102.0,0.7327272868262399,high_review,2
ground_truth,1.3.6.1.4.1.14519.5.2.1.6279.6001.167500254299688235071950909530,outputs/luna16_saliency_synthetic_gt/1.3.6.1.4.1.14519.5.2.1.6279.6001.167500254299688235071950909530/surface_1.3.6.1.4.1.14519.5.2.1.6279.6001.167500254299688235071950909530.png,outputs/luna16_saliency_synthetic_gt/1.3.6.1.4.1.14519.5.2.1.6279.6001.167500254299688235071950909530/surface_grid_float_1.3.6.1.4.1.14519.5.2.1.6279.6001.167500254299688235071950909530.npy,0.5886359993588716,0.31559547781944275,0.2337583750486374,0.8745098114013672,275.966796875,40.315399169921875,2.7448400259017944,7.447588491439847,46.73324203491211,20.527156829833984,23,15,8,104.0,0.7289882202678265,high_review,3
ground_truth,1.3.6.1.4.1.14519.5.2.1.6279.6001.237915456403882324748189195892,outputs/luna16_saliency_synthetic_gt/1.3.6.1.4.1.14519.5.2.1.6279.6001.237915456403882324748189195892/surface_1.3.6.1.4.1.14519.5.2.1.6279.6001.237915456403882324748189195892.png,outputs/luna16_saliency_synthetic_gt/1.3.6.1.4.1.14519.5.2.1.6279.6001.237915456403882324748189195892/surface_grid_float_1.3.6.1.4.1.14519.5.2.1.6279.6001.237915456403882324748189195892.npy,0.6202671262386902,0.3207181990146637,0.2282109260559082,0.8941176533699036,214.90591430664062,29.182315826416016,2.839086914062499,6.5735711479187104,16.226367950439453,25.379159927368164,43,35,8,85.0,0.6117817914538916,high_review,4
ground_truth,1.3.6.1.4.1.14519.5.2.1.6279.6001.169128136262002764211589185953,outputs/luna16_saliency_synthetic_gt/1.3.6.1.4.1.14519.5.2.1.6279.6001.169128136262002764211589185953/surface_1.3.6.1.4.1.14519.5.2.1.6279.6001.169128136262002764211589185953.png,outputs/luna16_saliency_synthetic_gt/1.3.6.1.4.1.14519.5.2.1.6279.6001.169128136262002764211589185953/surface_grid_float_1.3.6.1.4.1.14519.5.2.1.6279.6001.169128136262002764211589185953.npy,0.5660063881304415,0.3183820843696594,0.2218663990497589,0.8980392217636108,209.6744384765625,40.698421478271484,2.45542217493057,4.763152399063095,8.21275520324707,12.583539009094238,43,35,8,207.0,0.5203153894530398,high_review,5
ground_truth,1.3.6.1.4.1.14519.5.2.1.6279.6001.324649110927013926557500550446,outputs/luna16_saliency_synthetic_gt/1.3.6.1.4.1.14519.5.2.1.6279.6001.324649110927013926557500550446/surface_1.3.6.1.4.1.14519.5.2.1.6279.6001.324649110927013926557500550446.png,outputs/luna16_saliency_synthetic_gt/1.3.6.1.4.1.14519.5.2.1.6279.6001.324649110927013926557500550446/surface_grid_float_1.3.6.1.4.1.14519.5.2.1.6279.6001.324649110927013926557500550446.npy,0.5096332460109549,0.33507004380226135,0.23096399009227753,0.929411768913269,182.88494873046875,33.240318298339844,2.386011493206025,6.368901391029398,32.15651321411133,9.66157054901123,18,10,8,107.0,0.517345446390577,high_review,6
ground_truth,1.3.6.1.4.1.14519.5.2.1.6279.6001.140253591510022414496468423138,outputs/luna16_saliency_synthetic_gt/1.3.6.1.4.1.14519.5.2.1.6279.6001.140253591510022414496468423138/surface_1.3.6.1.4.1.14519.5.2.1.6279.6001.140253591510022414496468423138.png,outputs/luna16_saliency_synthetic_gt/1.3.6.1.4.1.14519.5.2.1.6279.6001.140253591510022414496468423138/surface_grid_float_1.3.6.1.4.1.14519.5.2.1.6279.6001.140253591510022414496468423138.npy,0.6140096618357488,0.3448621332645416,0.23698429763317108,1.0,195.96446228027344,36.05962371826172,2.180543029308319,5.19336142539979,8.230232238769531,13.454699516296387,23,15,8,190.0,0.5123076121542193,high_review,7
ground_truth,1.3.6.1.4.1.14519.5.2.1.6279.6001.219087313261026510628926082729,outputs/luna16_saliency_synthetic_gt/1.3.6.1.4.1.14519.5.2.1.6279.6001.219087313261026510628926082729/surface_1.3.6.1.4.1.14519.5.2.1.6279.6001.219087313261026510628926082729.png,outputs/luna16_saliency_synthetic_gt/1.3.6.1.4.1.14519.5.2.1.6279.6001.219087313261026510628926082729/surface_grid_float_1.3.6.1.4.1.14519.5.2.1.6279.6001.219087313261026510628926082729.npy,0.6194871794871795,0.3553778827190399,0.2535419166088104,1.0,177.66160583496094,30.875627517700195,2.293295907974238,5.35241426467896,9.764569282531738,23.086315155029297,18,10,8,165.0,0.5079780268987021,high_review,8
ground_truth,1.3.6.1.4.1.14519.5.2.1.6279.6001.184019785706727365023450012318,outputs/luna16_saliency_synthetic_gt/1.3.6.1.4.1.14519.5.2.1.6279.6001.184019785706727365023450012318/surface_1.3.6.1.4.1.14519.5.2.1.6279.6001.184019785706727365023450012318.png,outputs/luna16_saliency_synthetic_gt/1.3.6.1.4.1.14519.5.2.1.6279.6001.184019785706727365023450012318/surface_grid_float_1.3.6.1.4.1.14519.5.2.1.6279.6001.184019785706727365023450012318.npy,0.5731845957083984,0.3281014561653137,0.23335599899291992,0.8823529481887817,174.33514404296875,29.684804916381836,2.7599164724349983,5.567476234436035,19.783390045166016,19.167098999023438,48,40,8,122.0,0.5001764137691922,high_review,9
ground_truth,1.3.6.1.4.1.14519.5.2.1.6279.6001.306112617218006614029386065035,outputs/luna16_saliency_synthetic_gt/1.3.6.1.4.1.14519.5.2.1.6279.6001.306112617218006614029386065035/surface_1.3.6.1.4.1.14519.5.2.1.6279.6001.306112617218006614029386065035.png,outputs/luna16_saliency_synthetic_gt/1.3.6.1.4.1.14519.5.2.1.6279.6001.306112617218006614029386065035/surface_grid_float_1.3.6.1.4.1.14519.5.2.1.6279.6001.306112617218006614029386065035.npy,0.5624447547430855,0.3425697684288025,0.22531457245349884,0.8470588326454163,162.51243591308594,30.916763305664062,2.3203482627868652,6.720320034027081,13.300643920898438,12.164592742919922,48,40,8,134.0,0.4994960891935554,high_review,10
ground_truth,1.3.6.1.4.1.14519.5.2.1.6279.6001.307946352302138765071461362398,outputs/luna16_saliency_synthetic_gt/1.3.6.1.4.1.14519.5.2.1.6279.6001.307946352302138765071461362398/surface_1.3.6.1.4.1.14519.5.2.1.6279.6001.307946352302138765071461362398.png,outputs/luna16_saliency_synthetic_gt/1.3.6.1.4.1.14519.5.2.1.6279.6001.307946352302138765071461362398/surface_grid_float_1.3.6.1.4.1.14519.5.2.1.6279.6001.307946352302138765071461362398.npy,0.5878697093319735,0.3555276691913605,0.24322909116744995,1.0,170.44635009765625,31.52974510192871,2.1698901653289777,5.359995989799498,21.53537368774414,21.774757385253906,33,25,8,126.0,0.493265479601754,high_review,11
ground_truth,1.3.6.1.4.1.14519.5.2.1.6279.6001.324567010179873305471925391582,outputs/luna16_saliency_synthetic_gt/1.3.6.1.4.1.14519.5.2.1.6279.6001.324567010179873305471925391582/surface_1.3.6.1.4.1.14519.5.2.1.6279.6001.324567010179873305471925391582.png,outputs/luna16_saliency_synthetic_gt/1.3.6.1.4.1.14519.5.2.1.6279.6001.324567010179873305471925391582/surface_grid_float_1.3.6.1.4.1.14519.5.2.1.6279.6001.324567010179873305471925391582.npy,0.5219381864074542,0.33415067195892334,0.22945350408554077,0.9058823585510254,205.56277465820312,46.051361083984375,1.7781497597694396,3.42313771724701,4.723381996154785,20.165050506591797,23,15,8,201.0,0.49010997929573064,high_review,12
ground_truth,1.3.6.1.4.1.14519.5.2.1.6279.6001.175318131822744218104175746898,outputs/luna16_saliency_synthetic_gt/1.3.6.1.4.1.14519.5.2.1.6279.6001.175318131822744218104175746898/surface_1.3.6.1.4.1.14519.5.2.1.6279.6001.175318131822744218104175746898.png,outputs/luna16_saliency_synthetic_gt/1.3.6.1.4.1.14519.5.2.1.6279.6001.175318131822744218104175746898/surface_grid_float_1.3.6.1.4.1.14519.5.2.1.6279.6001.175318131822744218104175746898.npy,0.6050127597520962,0.32296884059906006,0.23380252718925476,0.9686274528503418,167.1239013671875,19.627941131591797,2.114660906791687,5.348146286010739,34.0251579284668,17.723661422729492,18,10,8,41.0,0.4783701384650335,high_review,13
ground_truth,1.3.6.1.4.1.14519.5.2.1.6279.6001.204303454658845815034433453512,outputs/luna16_saliency_synthetic_gt/1.3.6.1.4.1.14519.5.2.1.6279.6001.204303454658845815034433453512/surface_1.3.6.1.4.1.14519.5.2.1.6279.6001.204303454658845815034433453512.png,outputs/luna16_saliency_synthetic_gt/1.3.6.1.4.1.14519.5.2.1.6279.6001.204303454658845815034433453512/surface_grid_float_1.3.6.1.4.1.14519.5.2.1.6279.6001.204303454658845815034433453512.npy,0.6223749654600719,0.27829450368881226,0.2162763625383377,0.911529417037973,207.73175048828125,34.86403274536133,1.9463073015213013,3.518900501728056,6.447944641113281,11.890371322631836,33,25,8,207.0,0.47820964658260345,high_review,14
ground_truth,1.3.6.1.4.1.14519.5.2.1.6279.6001.248360766706804179966476685510,outputs/luna16_saliency_synthetic_gt/1.3.6.1.4.1.14519.5.2.1.6279.6001.248360766706804179966476685510/surface_1.3.6.1.4.1.14519.5.2.1.6279.6001.248360766706804179966476685510.png,outputs/luna16_saliency_synthetic_gt/1.3.6.1.4.1.14519.5.2.1.6279.6001.248360766706804179966476685510/surface_grid_float_1.3.6.1.4.1.14519.5.2.1.6279.6001.248360766706804179966476685510.npy,0.5284833630421866,0.3795878291130066,0.23893581330776215,1.0,142.37994384765625,26.702903747558594,2.8656845092773438,6.98356983661649,20.261423110961914,13.207730293273926,53,45,8,116.0,0.476157513274086,high_review,15
ground_truth,1.3.6.1.4.1.14519.5.2.1.6279.6001.134370886216012873213579659366,outputs/luna16_saliency_synthetic_gt/1.3.6.1.4.1.14519.5.2.1.6279.6001.134370886216012873213579659366/surface_1.3.6.1.4.1.14519.5.2.1.6279.6001.134370886216012873213579659366.png,outputs/luna16_saliency_synthetic_gt/1.3.6.1.4.1.14519.5.2.1.6279.6001.134370886216012873213579659366/surface_grid_float_1.3.6.1.4.1.14519.5.2.1.6279.6001.134370886216012873213579659366.npy,0.6717105263157894,0.31253787875175476,0.2386612743139267,0.9098039269447327,172.73211669921875,31.596134185791016,2.339868402481075,4.495942969322214,5.664755344390869,21.402402877807617,18,10,8,168.0,0.47032604552904794,high_review,16
ground_truth,1.3.6.1.4.1.14519.5.2.1.6279.6001.202187810895588720702176009630,outputs/luna16_saliency_synthetic_gt/1.3.6.1.4.1.14519.5.2.1.6279.6001.202187810895588720702176009630/surface_1.3.6.1.4.1.14519.5.2.1.6279.6001.202187810895588720702176009630.png,outputs/luna16_saliency_synthetic_gt/1.3.6.1.4.1.14519.5.2.1.6279.6001.202187810895588720702176009630/surface_grid_float_1.3.6.1.4.1.14519.5.2.1.6279.6001.202187810895588720702176009630.npy,0.6297918948521358,0.34298497438430786,0.2287500500679016,1.0,177.900390625,45.300376892089844,2.7925824999809263,4.42368064880371,6.955267906188965,16.38667106628418,53,45,8,175.0,0.4656258950975206,high_review,17
ground_truth,1.3.6.1.4.1.14519.5.2.1.6279.6001.188484197846284733942365679565,outputs/luna16_saliency_synthetic_gt/1.3.6.1.4.1.14519.5.2.1.6279.6001.188484197846284733942365679565/surface_1.3.6.1.4.1.14519.5.2.1.6279.6001.188484197846284733942365679565.png,outputs/luna16_saliency_synthetic_gt/1.3.6.1.4.1.14519.5.2.1.6279.6001.188484197846284733942365679565/surface_grid_float_1.3.6.1.4.1.14519.5.2.1.6279.6001.188484197846284733942365679565.npy,0.6156700242254239,0.3456857204437256,0.22282098233699799,0.9450980424880981,133.06118774414062,20.612300872802734,3.075870525836945,6.689630827903755,25.126249313354492,15.744504928588867,43,35,8,89.0,0.45744535980754447,high_review,18
ground_truth,1.3.6.1.4.1.14519.5.2.1.6279.6001.197063290812663596858124411210,outputs/luna16_saliency_synthetic_gt/1.3.6.1.4.1.14519.5.2.1.6279.6001.197063290812663596858124411210/surface_1.3.6.1.4.1.14519.5.2.1.6279.6001.197063290812663596858124411210.png,outputs/luna16_saliency_synthetic_gt/1.3.6.1.4.1.14519.5.2.1.6279.6001.197063290812663596858124411210/surface_grid_float_1.3.6.1.4.1.14519.5.2.1.6279.6001.197063290812663596858124411210.npy,0.5905376344086022,0.3283308744430542,0.22832725942134857,0.8901960849761963,197.4119415283203,44.41102600097656,1.9881147086620332,2.6835270619392393,3.7000460624694824,21.429180145263672,33,25,8,197.0,0.45714611472818584,high_review,19
ground_truth,1.3.6.1.4.1.14519.5.2.1.6279.6001.217589936421986638139451480826,outputs/luna16_saliency_synthetic_gt/1.3.6.1.4.1.14519.5.2.1.6279.6001.217589936421986638139451480826/surface_1.3.6.1.4.1.14519.5.2.1.6279.6001.217589936421986638139451480826.png,outputs/luna16_saliency_synthetic_gt/1.3.6.1.4.1.14519.5.2.1.6279.6001.217589936421986638139451480826/surface_grid_float_1.3.6.1.4.1.14519.5.2.1.6279.6001.217589936421986638139451480826.npy,0.5371589486858573,0.3357926905155182,0.2410973310470581,1.0,208.26028442382812,49.884849548339844,1.5126808106899263,2.2609859013557427,3.393075466156006,16.947113037109375,28,20,8,206.0,0.45259030227396224,high_review,20
ground_truth,1.3.6.1.4.1.14519.5.2.1.6279.6001.249314567767437206995861966896,outputs/luna16_saliency_synthetic_gt/1.3.6.1.4.1.14519.5.2.1.6279.6001.249314567767437206995861966896/surface_1.3.6.1.4.1.14519.5.2.1.6279.6001.249314567767437206995861966896.png,outputs/luna16_saliency_synthetic_gt/1.3.6.1.4.1.14519.5.2.1.6279.6001.249314567767437206995861966896/surface_grid_float_1.3.6.1.4.1.14519.5.2.1.6279.6001.249314567767437206995861966896.npy,0.5086147592245153,0.3837027847766876,0.2525947093963623,1.0,188.45584106445312,34.0730094909668,2.340625047683716,3.0062334561347948,3.2560794353485107,20.688758850097656,18,10,8,187.0,0.45025509179168266,high_review,21
ground_truth,1.3.6.1.4.1.14519.5.2.1.6279.6001.329404588567903628160652715124,outputs/luna16_saliency_synthetic_gt/1.3.6.1.4.1.14519.5.2.1.6279.6001.329404588567903628160652715124/surface_1.3.6.1.4.1.14519.5.2.1.6279.6001.329404588567903628160652715124.png,outputs/luna16_saliency_synthetic_gt/1.3.6.1.4.1.14519.5.2.1.6279.6001.329404588567903628160652715124/surface_grid_float_1.3.6.1.4.1.14519.5.2.1.6279.6001.329404588567903628160652715124.npy,0.643961307161404,0.30632463097572327,0.23871342837810516,0.95686274766922,190.64691162109375,37.2540283203125,2.0581343173980686,2.8418888092041015,3.0763967037200928,14.500048637390137,18,10,8,189.0,0.43522384728325736,high_review,22
ground_truth,1.3.6.1.4.1.14519.5.2.1.6279.6001.826829446346820089862659555750,outputs/luna16_saliency_synthetic_gt/1.3.6.1.4.1.14519.5.2.1.6279.6001.826829446346820089862659555750/surface_1.3.6.1.4.1.14519.5.2.1.6279.6001.826829446346820089862659555750.png,outputs/luna16_saliency_synthetic_gt/1.3.6.1.4.1.14519.5.2.1.6279.6001.826829446346820089862659555750/surface_grid_float_1.3.6.1.4.1.14519.5.2.1.6279.6001.826829446346820089862659555750.npy,0.638505921651989,0.3588981032371521,0.2638586759567261,1.0,176.6229248046875,42.40304946899414,2.428029489517211,3.3764275407791127,3.6829607486724854,17.144451141357422,33,25,8,176.0,0.43376314787864684,high_review,23
ground_truth,1.3.6.1.4.1.14519.5.2.1.6279.6001.280072876841890439628529365478,outputs/luna16_saliency_synthetic_gt/1.3.6.1.4.1.14519.5.2.1.6279.6001.280072876841890439628529365478/surface_1.3.6.1.4.1.14519.5.2.1.6279.6001.280072876841890439628529365478.png,outputs/luna16_saliency_synthetic_gt/1.3.6.1.4.1.14519.5.2.1.6279.6001.280072876841890439628529365478/surface_grid_float_1.3.6.1.4.1.14519.5.2.1.6279.6001.280072876841890439628529365478.npy,0.690709827806602,0.34655460715293884,0.2635262906551361,1.0,171.1591796875,38.89458465576172,2.3844045400619507,3.0354961872100836,16.00674057006836,18.647235870361328,43,35,8,171.0,0.4177684870296054,high_review,24
ground_truth,1.3.6.1.4.1.14519.5.2.1.6279.6001.230416590143922549745658357505,outputs/luna16_saliency_synthetic_gt/1.3.6.1.4.1.14519.5.2.1.6279.6001.230416590143922549745658357505/surface_1.3.6.1.4.1.14519.5.2.1.6279.6001.230416590143922549745658357505.png,outputs/luna16_saliency_synthetic_gt/1.3.6.1.4.1.14519.5.2.1.6279.6001.230416590143922549745658357505/surface_grid_float_1.3.6.1.4.1.14519.5.2.1.6279.6001.230416590143922549745658357505.npy,0.6560648934163366,0.31695911288261414,0.2562063932418823,1.0,153.16537475585938,27.289962768554688,1.9390748381614653,4.297624254226681,6.818406105041504,14.647582054138184,18,10,8,139.0,0.41675453456242867,high_review,25
ground_truth,1.3.6.1.4.1.14519.5.2.1.6279.6001.124656777236468248920498636247,outputs/luna16_saliency_synthetic_gt/1.3.6.1.4.1.14519.5.2.1.6279.6001.124656777236468248920498636247/surface_1.3.6.1.4.1.14519.5.2.1.6279.6001.124656777236468248920498636247.png,outputs/luna16_saliency_synthetic_gt/1.3.6.1.4.1.14519.5.2.1.6279.6001.124656777236468248920498636247/surface_grid_float_1.3.6.1.4.1.14519.5.2.1.6279.6001.124656777236468248920498636247.npy,0.48864850427350426,0.353671133518219,0.22266905009746552,0.95686274766922,152.41146850585938,28.310287475585938,1.6522978842258453,3.8710164070129367,24.724422454833984,14.834827423095703,38,30,8,95.0,0.40311588954925526,high_review,26
ground_truth,1.3.6.1.4.1.14519.5.2.1.6279.6001.124822907934319930841506266464,outputs/luna16_saliency_synthetic_gt/1.3.6.1.4.1.14519.5.2.1.6279.6001.124822907934319930841506266464/surface_1.3.6.1.4.1.14519.5.2.1.6279.6001.124822907934319930841506266464.png,outputs/luna16_saliency_synthetic_gt/1.3.6.1.4.1.14519.5.2.1.6279.6001.124822907934319930841506266464/surface_grid_float_1.3.6.1.4.1.14519.5.2.1.6279.6001.124822907934319930841506266464.npy,0.6214280715668665,0.28699079155921936,0.22373995184898376,0.9058823585510254,174.69363403320312,33.29683303833008,1.9622584879398344,2.5915760731697106,12.551626205444336,14.916892051696777,33,25,8,170.0,0.4020519879208671,high_review,27
ground_truth,1.3.6.1.4.1.14519.5.2.1.6279.6001.176030616406569931557298712518,outputs/luna16_saliency_synthetic_gt/1.3.6.1.4.1.14519.5.2.1.6279.6001.176030616406569931557298712518/surface_1.3.6.1.4.1.14519.5.2.1.6279.6001.176030616406569931557298712518.png,outputs/luna16_saliency_synthetic_gt/1.3.6.1.4.1.14519.5.2.1.6279.6001.176030616406569931557298712518/surface_grid_float_1.3.6.1.4.1.14519.5.2.1.6279.6001.176030616406569931557298712518.npy,0.6267469392469392,0.35790586471557617,0.21870389580726624,0.9215686321258545,146.5566864013672,25.348674774169922,2.2535185337066648,4.056933007240292,8.449141502380371,15.750528335571289,68,60,8,142.0,0.4009703082985347,high_review,28
ground_truth,1.3.6.1.4.1.14519.5.2.1.6279.6001.313283554967554803238484128406,outputs/luna16_saliency_synthetic_gt/1.3.6.1.4.1.14519.5.2.1.6279.6001.313283554967554803238484128406/surface_1.3.6.1.4.1.14519.5.2.1.6279.6001.313283554967554803238484128406.png,outputs/luna16_saliency_synthetic_gt/1.3.6.1.4.1.14519.5.2.1.6279.6001.313283554967554803238484128406/surface_grid_float_1.3.6.1.4.1.14519.5.2.1.6279.6001.313283554967554803238484128406.npy,0.5019464341326689,0.3728148341178894,0.23168472945690155,1.0,161.9974822998047,27.821653366088867,1.8313194215297695,3.7027434825897076,4.888508319854736,7.724462509155273,23,15,8,160.0,0.3982435805532663,high_review,29
ground_truth,1.3.6.1.4.1.14519.5.2.1.6279.6001.111780708132595903430640048766,outputs/luna16_saliency_synthetic_gt/1.3.6.1.4.1.14519.5.2.1.6279.6001.111780708132595903430640048766/surface_1.3.6.1.4.1.14519.5.2.1.6279.6001.111780708132595903430640048766.png,outputs/luna16_saliency_synthetic_gt/1.3.6.1.4.1.14519.5.2.1.6279.6001.111780708132595903430640048766/surface_grid_float_1.3.6.1.4.1.14519.5.2.1.6279.6001.111780708132595903430640048766.npy,0.6291810418654726,0.2983771860599518,0.23220239579677582,0.9960784316062927,156.74728393554688,30.90900421142578,1.6668665647506713,3.1879663848877047,3.9283456802368164,18.237144470214844,28,20,8,153.0,0.3974114524841311,high_review,30
ground_truth,1.3.6.1.4.1.14519.5.2.1.6279.6001.287966244644280690737019247886,outputs/luna16_saliency_synthetic_gt/1.3.6.1.4.1.14519.5.2.1.6279.6001.287966244644280690737019247886/surface_1.3.6.1.4.1.14519.5.2.1.6279.6001.287966244644280690737019247886.png,outputs/luna16_saliency_synthetic_gt/1.3.6.1.4.1.14519.5.2.1.6279.6001.287966244644280690737019247886/surface_grid_float_1.3.6.1.4.1.14519.5.2.1.6279.6001.287966244644280690737019247886.npy,0.5212197304957485,0.35827401280403137,0.21283045411109924,0.8666666746139526,148.51507568359375,24.358591079711914,1.654390394687652,3.839055604934688,7.801865100860596,13.501538276672363,33,25,8,131.0,0.3927002126799688,high_review,31
ground_truth,1.3.6.1.4.1.14519.5.2.1.6279.6001.219428004988664846407984058588,outputs/luna16_saliency_synthetic_gt/1.3.6.1.4.1.14519.5.2.1.6279.6001.219428004988664846407984058588/surface_1.3.6.1.4.1.14519.5.2.1.6279.6001.219428004988664846407984058588.png,outputs/luna16_saliency_synthetic_gt/1.3.6.1.4.1.14519.5.2.1.6279.6001.219428004988664846407984058588/surface_grid_float_1.3.6.1.4.1.14519.5.2.1.6279.6001.219428004988664846407984058588.npy,0.5976232420650324,0.3689720928668976,0.2206961214542389,1.0,168.65834045410156,30.728849411010742,2.4073733806610105,2.9879236912727363,3.597212553024292,8.78174877166748,53,45,8,168.0,0.3902499420987236,high_review,32
ground_truth,1.3.6.1.4.1.14519.5.2.1.6279.6001.126631670596873065041988320084,outputs/luna16_saliency_synthetic_gt/1.3.6.1.4.1.14519.5.2.1.6279.6001.126631670596873065041988320084/surface_1.3.6.1.4.1.14519.5.2.1.6279.6001.126631670596873065041988320084.png,outputs/luna16_saliency_synthetic_gt/1.3.6.1.4.1.14519.5.2.1.6279.6001.126631670596873065041988320084/surface_grid_float_1.3.6.1.4.1.14519.5.2.1.6279.6001.126631670596873065041988320084.npy,0.5325213937322936,0.37144169211387634,0.23186342418193817,0.9215686321258545,181.3921661376953,43.628623962402344,1.4564772188663482,1.6171703267097473,1.659096360206604,16.998619079589844,18,10,8,181.0,0.3886100957632065,high_review,33
ground_truth,1.3.6.1.4.1.14519.5.2.1.6279.6001.397522780537301776672854630421,outputs/luna16_saliency_synthetic_gt/1.3.6.1.4.1.14519.5.2.1.6279.6001.397522780537301776672854630421/surface_1.3.6.1.4.1.14519.5.2.1.6279.6001.397522780537301776672854630421.png,outputs/luna16_saliency_synthetic_gt/1.3.6.1.4.1.14519.5.2.1.6279.6001.397522780537301776672854630421/surface_grid_float_1.3.6.1.4.1.14519.5.2.1.6279.6001.397522780537301776672854630421.npy,0.6105797479924268,0.3249298930168152,0.2273176908493042,0.8470588326454163,168.4726104736328,38.992401123046875,1.7846167027950282,2.152511138916016,2.2529914379119873,18.777965545654297,18,10,8,168.0,0.3870918306138781,high_review,34
ground_truth,1.3.6.1.4.1.14519.5.2.1.6279.6001.692598144815688523679745963696,outputs/luna16_saliency_synthetic_gt/1.3.6.1.4.1.14519.5.2.1.6279.6001.692598144815688523679745963696/surface_1.3.6.1.4.1.14519.5.2.1.6279.6001.692598144815688523679745963696.png,outputs/luna16_saliency_synthetic_gt/1.3.6.1.4.1.14519.5.2.1.6279.6001.692598144815688523679745963696/surface_grid_float_1.3.6.1.4.1.14519.5.2.1.6279.6001.692598144815688523679745963696.npy,0.5648473502304148,0.3331707715988159,0.24971632659435272,0.95686274766922,171.25390625,40.08705520629883,1.462875372171402,2.0549642252922062,2.3859574794769287,16.589855194091797,18,10,8,171.0,0.3839384487178591,high_review,35
ground_truth,1.3.6.1.4.1.14519.5.2.1.6279.6001.151764021165118974848436095034,outputs/luna16_saliency_synthetic_gt/1.3.6.1.4.1.14519.5.2.1.6279.6001.151764021165118974848436095034/surface_1.3.6.1.4.1.14519.5.2.1.6279.6001.151764021165118974848436095034.png,outputs/luna16_saliency_synthetic_gt/1.3.6.1.4.1.14519.5.2.1.6279.6001.151764021165118974848436095034/surface_grid_float_1.3.6.1.4.1.14519.5.2.1.6279.6001.151764021165118974848436095034.npy,0.597249969170058,0.3193906545639038,0.23610006272792816,0.95686274766922,153.08248901367188,28.789167404174805,1.6804464161396027,2.95473845243454,3.960505962371826,17.85243797302246,28,20,8,142.0,0.38345171964698366,high_review,36
ground_truth,1.3.6.1.4.1.14519.5.2.1.6279.6001.120842785645314664964010792308,outputs/luna16_saliency_synthetic_gt/1.3.6.1.4.1.14519.5.2.1.6279.6001.120842785645314664964010792308/surface_1.3.6.1.4.1.14519.5.2.1.6279.6001.120842785645314664964010792308.png,outputs/luna16_saliency_synthetic_gt/1.3.6.1.4.1.14519.5.2.1.6279.6001.120842785645314664964010792308/surface_grid_float_1.3.6.1.4.1.14519.5.2.1.6279.6001.120842785645314664964010792308.npy,0.6160848067126161,0.3964787721633911,0.2459172159433365,0.9414509838819493,122.16719055175781,15.070560455322266,2.258406090736388,5.222001938819878,14.395736694335938,10.248979568481445,28,20,8,95.0,0.38304755256970696,high_review,37
ground_truth,1.3.6.1.4.1.14519.5.2.1.6279.6001.113679818447732724990336702075,outputs/luna16_saliency_synthetic_gt/1.3.6.1.4.1.14519.5.2.1.6279.6001.113679818447732724990336702075/surface_1.3.6.1.4.1.14519.5.2.1.6279.6001.113679818447732724990336702075.png,outputs/luna16_saliency_synthetic_gt/1.3.6.1.4.1.14519.5.2.1.6279.6001.113679818447732724990336702075/surface_grid_float_1.3.6.1.4.1.14519.5.2.1.6279.6001.113679818447732724990336702075.npy,0.6002590565328207,0.3593548834323883,0.2404954582452774,1.0,138.5690155029297,25.497581481933594,1.8878847062587738,3.8291768550872796,5.005373477935791,16.21912384033203,23,15,8,135.0,0.3818661622471279,high_review,38
ground_truth,1.3.6.1.4.1.14519.5.2.1.6279.6001.203741923654363010377298352671,outputs/luna16_saliency_synthetic_gt/1.3.6.1.4.1.14519.5.2.1.6279.6001.203741923654363010377298352671/surface_1.3.6.1.4.1.14519.5.2.1.6279.6001.203741923654363010377298352671.png,outputs/luna16_saliency_synthetic_gt/1.3.6.1.4.1.14519.5.2.1.6279.6001.203741923654363010377298352671/surface_grid_float_1.3.6.1.4.1.14519.5.2.1.6279.6001.203741923654363010377298352671.npy,0.6357314148681055,0.30113160610198975,0.2257850021123886,0.8941176533699036,126.42317199707031,19.13215446472168,1.573372411727904,4.60896133899687,14.768725395202637,12.849658966064453,33,25,8,89.0,0.3775289245340554,high_review,39
ground_truth,1.3.6.1.4.1.14519.5.2.1.6279.6001.333319057944372470283038483725,outputs/luna16_saliency_synthetic_gt/1.3.6.1.4.1.14519.5.2.1.6279.6001.333319057944372470283038483725/surface_1.3.6.1.4.1.14519.5.2.1.6279.6001.333319057944372470283038483725.png,outputs/luna16_saliency_synthetic_gt/1.3.6.1.4.1.14519.5.2.1.6279.6001.333319057944372470283038483725/surface_grid_float_1.3.6.1.4.1.14519.5.2.1.6279.6001.333319057944372470283038483725.npy,0.4081061771152472,0.3171153962612152,0.23938041925430298,0.9647058844566345,127.33255767822266,25.401748657226562,1.8795799255371002,4.317397117614747,12.969182968139648,13.491827011108398,33,25,8,75.0,0.3717246807946099,high_review,40
ground_truth,1.3.6.1.4.1.14519.5.2.1.6279.6001.187966156856911682643615997798,outputs/luna16_saliency_synthetic_gt/1.3.6.1.4.1.14519.5.2.1.6279.6001.187966156856911682643615997798/surface_1.3.6.1.4.1.14519.5.2.1.6279.6001.187966156856911682643615997798.png,outputs/luna16_saliency_synthetic_gt/1.3.6.1.4.1.14519.5.2.1.6279.6001.187966156856911682643615997798/surface_grid_float_1.3.6.1.4.1.14519.5.2.1.6279.6001.187966156856911682643615997798.npy,0.6630762361870745,0.31136074662208557,0.23169375956058502,0.9490196108818054,142.35679626464844,29.475555419921875,1.970797717571257,3.288127501010893,4.2771315574646,15.765613555908203,28,20,8,139.0,0.37093984892898124,high_review,41
ground_truth,1.3.6.1.4.1.14519.5.2.1.6279.6001.910435939545691201820711078950,outputs/luna16_saliency_synthetic_gt/1.3.6.1.4.1.14519.5.2.1.6279.6001.910435939545691201820711078950/surface_1.3.6.1.4.1.14519.5.2.1.6279.6001.910435939545691201820711078950.png,outputs/luna16_saliency_synthetic_gt/1.3.6.1.4.1.14519.5.2.1.6279.6001.910435939545691201820711078950/surface_grid_float_1.3.6.1.4.1.14519.5.2.1.6279.6001.910435939545691201820711078950.npy,0.6312444461615733,0.3733677566051483,0.23175956308841705,0.9372549057006836,156.73123168945312,31.642620086669922,1.6373319029808044,2.1506728768348693,6.590768337249756,19.852434158325195,43,35,8,155.0,0.3698554261393017,high_review,42
ground_truth,1.3.6.1.4.1.14519.5.2.1.6279.6001.200725988589959521302320481687,outputs/luna16_saliency_synthetic_gt/1.3.6.1.4.1.14519.5.2.1.6279.6001.200725988589959521302320481687/surface_1.3.6.1.4.1.14519.5.2.1.6279.6001.200725988589959521302320481687.png,outputs/luna16_saliency_synthetic_gt/1.3.6.1.4.1.14519.5.2.1.6279.6001.200725988589959521302320481687/surface_grid_float_1.3.6.1.4.1.14519.5.2.1.6279.6001.200725988589959521302320481687.npy,0.46533007442638835,0.3522520959377289,0.22941166162490845,1.0,143.96096801757812,26.33881187438965,1.3983623862266525,2.93563148021698,4.291084289550781,18.134557723999023,18,10,8,127.0,0.3683029082669152,high_review,43
ground_truth,1.3.6.1.4.1.14519.5.2.1.6279.6001.128059192202504367870633619224,outputs/luna16_saliency_synthetic_gt/1.3.6.1.4.1.14519.5.2.1.6279.6001.128059192202504367870633619224/surface_1.3.6.1.4.1.14519.5.2.1.6279.6001.128059192202504367870633619224.png,outputs/luna16_saliency_synthetic_gt/1.3.6.1.4.1.14519.5.2.1.6279.6001.128059192202504367870633619224/surface_grid_float_1.3.6.1.4.1.14519.5.2.1.6279.6001.128059192202504367870633619224.npy,0.6588145220162741,0.34016019105911255,0.22755278646945953,0.9019607901573181,139.78515625,27.319591522216797,1.8109711766242944,3.5031997108459425,4.414775848388672,13.267855644226074,18,10,8,137.0,0.3675553753958806,high_review,44
ground_truth,1.3.6.1.4.1.14519.5.2.1.6279.6001.148229375703208214308676934766,outputs/luna16_saliency_synthetic_gt/1.3.6.1.4.1.14519.5.2.1.6279.6001.148229375703208214308676934766/surface_1.3.6.1.4.1.14519.5.2.1.6279.6001.148229375703208214308676934766.png,outputs/luna16_saliency_synthetic_gt/1.3.6.1.4.1.14519.5.2.1.6279.6001.148229375703208214308676934766/surface_grid_float_1.3.6.1.4.1.14519.5.2.1.6279.6001.148229375703208214308676934766.npy,0.6142178844632024,0.3193713426589966,0.22951854765415192,0.929411768913269,151.6673126220703,25.818145751953125,1.7452167809009558,2.571426708698271,4.310410976409912,16.070219039916992,18,10,8,150.0,0.3656332534975475,high_review,45
ground_truth,1.3.6.1.4.1.14519.5.2.1.6279.6001.306140003699110313373771452136,outputs/luna16_saliency_synthetic_gt/1.3.6.1.4.1.14519.5.2.1.6279.6001.306140003699110313373771452136/surface_1.3.6.1.4.1.14519.5.2.1.6279.6001.306140003699110313373771452136.png,outputs/luna16_saliency_synthetic_gt/1.3.6.1.4.1.14519.5.2.1.6279.6001.306140003699110313373771452136/surface_grid_float_1.3.6.1.4.1.14519.5.2.1.6279.6001.306140003699110313373771452136.npy,0.5546147005374473,0.33513638377189636,0.21749138832092285,0.8941176533699036,139.74356079101562,22.1308650970459,1.3187999963760368,3.498614568710326,12.534073829650879,10.895866394042969,18,10,8,101.0,0.362077408144209,high_review,46
ground_truth,1.3.6.1.4.1.14519.5.2.1.6279.6001.814122498113547115932318256859,outputs/luna16_saliency_synthetic_gt/1.3.6.1.4.1.14519.5.2.1.6279.6001.814122498113547115932318256859/surface_1.3.6.1.4.1.14519.5.2.1.6279.6001.814122498113547115932318256859.png,outputs/luna16_saliency_synthetic_gt/1.3.6.1.4.1.14519.5.2.1.6279.6001.814122498113547115932318256859/surface_grid_float_1.3.6.1.4.1.14519.5.2.1.6279.6001.814122498113547115932318256859.npy,0.6027963630125236,0.33550241589546204,0.22847501933574677,0.9647058844566345,119.85395812988281,18.684309005737305,1.6452096879482259,4.631198964118958,18.990501403808594,9.267776489257812,38,30,8,92.0,0.35928762467172404,high_review,47
ground_truth,1.3.6.1.4.1.14519.5.2.1.6279.6001.133378195429627807109985347209,outputs/luna16_saliency_synthetic_gt/1.3.6.1.4.1.14519.5.2.1.6279.6001.133378195429627807109985347209/surface_1.3.6.1.4.1.14519.5.2.1.6279.6001.133378195429627807109985347209.png,outputs/luna16_saliency_synthetic_gt/1.3.6.1.4.1.14519.5.2.1.6279.6001.133378195429627807109985347209/surface_grid_float_1.3.6.1.4.1.14519.5.2.1.6279.6001.133378195429627807109985347209.npy,0.433162844415113,0.41996097564697266,0.25785955786705017,1.0,130.68922424316406,23.788002014160156,1.5987228512763971,3.5541400384902895,5.50753116607666,15.671818733215332,18,10,8,120.0,0.35926583874490503,high_review,48
ground_truth,1.3.6.1.4.1.14519.5.2.1.6279.6001.116703382344406837243058680403,outputs/luna16_saliency_synthetic_gt/1.3.6.1.4.1.14519.5.2.1.6279.6001.116703382344406837243058680403/surface_1.3.6.1.4.1.14519.5.2.1.6279.6001.116703382344406837243058680403.png,outputs/luna16_saliency_synthetic_gt/1.3.6.1.4.1.14519.5.2.1.6279.6001.116703382344406837243058680403/surface_grid_float_1.3.6.1.4.1.14519.5.2.1.6279.6001.116703382344406837243058680403.npy,0.6344681781730699,0.30455759167671204,0.22354261577129364,0.9490196108818054,133.80096435546875,22.614030838012695,1.5264846563339232,3.6715052700042796,15.948765754699707,10.600757598876953,18,10,8,66.0,0.35670400446785844,high_review,49
ground_truth,1.3.6.1.4.1.14519.5.2.1.6279.6001.259123825760999546551970425757,outputs/luna16_saliency_synthetic_gt/1.3.6.1.4.1.14519.5.2.1.6279.6001.259123825760999546551970425757/surface_1.3.6.1.4.1.14519.5.2.1.6279.6001.259123825760999546551970425757.png,outputs/luna16_saliency_synthetic_gt/1.3.6.1.4.1.14519.5.2.1.6279.6001.259123825760999546551970425757/surface_grid_float_1.3.6.1.4.1.14519.5.2.1.6279.6001.259123825760999546551970425757.npy,0.5143130913881903,0.377280056476593,0.2421690821647644,0.9936078435182532,147.1293487548828,34.14823913574219,1.6337840855121613,2.6195438432693474,3.0502331256866455,13.810791969299316,33,25,8,146.0,0.35449254537688357,high_review,50
ground_truth,1.3.6.1.4.1.14519.5.2.1.6279.6001.319009811633846643966578282371,outputs/luna16_saliency_synthetic_gt/1.3.6.1.4.1.14519.5.2.1.6279.6001.319009811633846643966578282371/surface_1.3.6.1.4.1.14519.5.2.1.6279.6001.319009811633846643966578282371.png,outputs/luna16_saliency_synthetic_gt/1.3.6.1.4.1.14519.5.2.1.6279.6001.319009811633846643966578282371/surface_grid_float_1.3.6.1.4.1.14519.5.2.1.6279.6001.319009811633846643966578282371.npy,0.6485722912353347,0.35813283920288086,0.24368783831596375,1.0,147.54345703125,41.366580963134766,1.649064087867737,1.797040914297104,1.8572397232055664,23.891101837158203,18,10,8,144.0,0.35290832656357024,high_review,51
ground_truth,1.3.6.1.4.1.14519.5.2.1.6279.6001.148447286464082095534651426689,outputs/luna16_saliency_synthetic_gt/1.3.6.1.4.1.14519.5.2.1.6279.6001.148447286464082095534651426689/surface_1.3.6.1.4.1.14519.5.2.1.6279.6001.148447286464082095534651426689.png,outputs/luna16_saliency_synthetic_gt/1.3.6.1.4.1.14519.5.2.1.6279.6001.148447286464082095534651426689/surface_grid_float_1.3.6.1.4.1.14519.5.2.1.6279.6001.148447286464082095534651426689.npy,0.48131080389144903,0.3859694004058838,0.23175419867038727,0.9843137264251709,117.4148178100586,25.069377899169922,1.9942056715488365,4.071320209503181,28.381799697875977,15.784735679626465,33,25,8,102.0,0.3529081597010296,high_review,52
ground_truth,1.3.6.1.4.1.14519.5.2.1.6279.6001.139444426690868429919252698606,outputs/luna16_saliency_synthetic_gt/1.3.6.1.4.1.14519.5.2.1.6279.6001.139444426690868429919252698606/surface_1.3.6.1.4.1.14519.5.2.1.6279.6001.139444426690868429919252698606.png,outputs/luna16_saliency_synthetic_gt/1.3.6.1.4.1.14519.5.2.1.6279.6001.139444426690868429919252698606/surface_grid_float_1.3.6.1.4.1.14519.5.2.1.6279.6001.139444426690868429919252698606.npy,0.5840701754385965,0.3516712486743927,0.2507636845111847,1.0,123.2796401977539,26.7276611328125,2.213340222835536,4.0820729255676325,9.039555549621582,10.862445831298828,33,25,8,109.0,0.35206702327728284,high_review,53
ground_truth,1.3.6.1.4.1.14519.5.2.1.6279.6001.104780906131535625872840889059,outputs/luna16_saliency_synthetic_gt/1.3.6.1.4.1.14519.5.2.1.6279.6001.104780906131535625872840889059/surface_1.3.6.1.4.1.14519.5.2.1.6279.6001.104780906131535625872840889059.png,outputs/luna16_saliency_synthetic_gt/1.3.6.1.4.1.14519.5.2.1.6279.6001.104780906131535625872840889059/surface_grid_float_1.3.6.1.4.1.14519.5.2.1.6279.6001.104780906131535625872840889059.npy,0.5635279119910606,0.3479366898536682,0.23119300603866577,1.0,127.80937194824219,24.4930419921875,1.7359680294990536,3.6376259851455806,4.410197734832764,13.184884071350098,18,10,8,118.0,0.35144414184888234,high_review,54
ground_truth,1.3.6.1.4.1.14519.5.2.1.6279.6001.955688628308192728558382581802,outputs/luna16_saliency_synthetic_gt/1.3.6.1.4.1.14519.5.2.1.6279.6001.955688628308192728558382581802/surface_1.3.6.1.4.1.14519.5.2.1.6279.6001.955688628308192728558382581802.png,outputs/luna16_saliency_synthetic_gt/1.3.6.1.4.1.14519.5.2.1.6279.6001.955688628308192728558382581802/surface_grid_float_1.3.6.1.4.1.14519.5.2.1.6279.6001.955688628308192728558382581802.npy,0.5814697899457163,0.3406108021736145,0.24558976292610168,1.0,132.90782165527344,17.311246871948242,1.6764315664768217,3.5894515728950496,6.178084373474121,9.694211959838867,33,25,8,131.0,0.35073927652306025,high_review,55
ground_truth,1.3.6.1.4.1.14519.5.2.1.6279.6001.249404938669582150398726875826,outputs/luna16_saliency_synthetic_gt/1.3.6.1.4.1.14519.5.2.1.6279.6001.249404938669582150398726875826/surface_1.3.6.1.4.1.14519.5.2.1.6279.6001.249404938669582150398726875826.png,outputs/luna16_saliency_synthetic_gt/1.3.6.1.4.1.14519.5.2.1.6279.6001.249404938669582150398726875826/surface_grid_float_1.3.6.1.4.1.14519.5.2.1.6279.6001.249404938669582150398726875826.npy,0.3777906976744186,0.4409615695476532,0.2452699989080429,1.0,123.70938110351562,32.90306091308594,1.8154871463775628,3.2592681622505273,6.6041107177734375,18.710174560546875,28,20,8,111.0,0.34553851239681266,high_review,56
ground_truth,1.3.6.1.4.1.14519.5.2.1.6279.6001.267957701183569638795986183786,outputs/luna16_saliency_synthetic_gt/1.3.6.1.4.1.14519.5.2.1.6279.6001.267957701183569638795986183786/surface_1.3.6.1.4.1.14519.5.2.1.6279.6001.267957701183569638795986183786.png,outputs/luna16_saliency_synthetic_gt/1.3.6.1.4.1.14519.5.2.1.6279.6001.267957701183569638795986183786/surface_grid_float_1.3.6.1.4.1.14519.5.2.1.6279.6001.267957701183569638795986183786.npy,0.6095789667218239,0.3682388961315155,0.2512489855289459,1.0,144.78500366210938,27.446378707885742,1.6123268485069273,1.986506620645523,2.2905397415161133,18.292877197265625,23,15,8,142.0,0.34155437627236046,high_review,57
ground_truth,1.3.6.1.4.1.14519.5.2.1.6279.6001.213140617640021803112060161074,outputs/luna16_saliency_synthetic_gt/1.3.6.1.4.1.14519.5.2.1.6279.6001.213140617640021803112060161074/surface_1.3.6.1.4.1.14519.5.2.1.6279.6001.213140617640021803112060161074.png,outputs/luna16_saliency_synthetic_gt/1.3.6.1.4.1.14519.5.2.1.6279.6001.213140617640021803112060161074/surface_grid_float_1.3.6.1.4.1.14519.5.2.1.6279.6001.213140617640021803112060161074.npy,0.612913435670201,0.3509758412837982,0.25650113821029663,1.0,123.16932678222656,23.010974884033203,1.5304725170135498,3.467588400840776,7.813984394073486,13.563450813293457,23,15,8,108.0,0.339450865136253,high_review,58
ground_truth,1.3.6.1.4.1.14519.5.2.1.6279.6001.534006575256943390479252771547,outputs/luna16_saliency_synthetic_gt/1.3.6.1.4.1.14519.5.2.1.6279.6001.534006575256943390479252771547/surface_1.3.6.1.4.1.14519.5.2.1.6279.6001.534006575256943390479252771547.png,outputs/luna16_saliency_synthetic_gt/1.3.6.1.4.1.14519.5.2.1.6279.6001.534006575256943390479252771547/surface_grid_float_1.3.6.1.4.1.14519.5.2.1.6279.6001.534006575256943390479252771547.npy,0.5344992697933875,0.3307435214519501,0.20133762061595917,0.8313725590705872,139.7447052001953,24.646623611450195,1.8191551506519312,2.8299416446685814,4.583465576171875,8.989870071411133,23,15,8,138.0,0.33778358038796324,high_review,59
ground_truth,1.3.6.1.4.1.14519.5.2.1.6279.6001.306948744223170422945185006551,outputs/luna16_saliency_synthetic_gt/1.3.6.1.4.1.14519.5.2.1.6279.6001.306948744223170422945185006551/surface_1.3.6.1.4.1.14519.5.2.1.6279.6001.306948744223170422945185006551.png,outputs/luna16_saliency_synthetic_gt/1.3.6.1.4.1.14519.5.2.1.6279.6001.306948744223170422945185006551/surface_grid_float_1.3.6.1.4.1.14519.5.2.1.6279.6001.306948744223170422945185006551.npy,0.5519018841094916,0.38606587052345276,0.24322491884231567,1.0,117.42796325683594,21.557992935180664,1.5341590881347615,3.8787667965888937,12.345149993896484,11.150191307067871,18,10,8,104.0,0.3368544788969886,high_review,60
ground_truth,1.3.6.1.4.1.14519.5.2.1.6279.6001.153536305742006952753134773630,outputs/luna16_saliency_synthetic_gt/1.3.6.1.4.1.14519.5.2.1.6279.6001.153536305742006952753134773630/surface_1.3.6.1.4.1.14519.5.2.1.6279.6001.153536305742006952753134773630.png,outputs/luna16_saliency_synthetic_gt/1.3.6.1.4.1.14519.5.2.1.6279.6001.153536305742006952753134773630/surface_grid_float_1.3.6.1.4.1.14519.5.2.1.6279.6001.153536305742006952753134773630.npy,0.5554160913769298,0.35030198097229004,0.2310699224472046,0.9686274528503418,136.5296630859375,27.357290267944336,1.8826524734497052,2.9043178772926312,3.3861632347106934,9.38611125946045,33,25,8,135.0,0.3355369998163647,high_review,61
ground_truth,1.3.6.1.4.1.14519.5.2.1.6279.6001.243094273518213382155770295147,outputs/luna16_saliency_synthetic_gt/1.3.6.1.4.1.14519.5.2.1.6279.6001.243094273518213382155770295147/surface_1.3.6.1.4.1.14519.5.2.1.6279.6001.243094273518213382155770295147.png,outputs/luna16_saliency_synthetic_gt/1.3.6.1.4.1.14519.5.2.1.6279.6001.243094273518213382155770295147/surface_grid_float_1.3.6.1.4.1.14519.5.2.1.6279.6001.243094273518213382155770295147.npy,0.6621007468615923,0.3372381627559662,0.25196635723114014,1.0,121.75971221923828,21.64783477783203,1.5461901485919949,3.9031026506423934,7.641538143157959,6.705435752868652,33,25,8,115.0,0.3349269015577104,high_review,62
ground_truth,1.3.6.1.4.1.14519.5.2.1.6279.6001.159665703190517688573100822213,outputs/luna16_saliency_synthetic_gt/1.3.6.1.4.1.14519.5.2.1.6279.6001.159665703190517688573100822213/surface_1.3.6.1.4.1.14519.5.2.1.6279.6001.159665703190517688573100822213.png,outputs/luna16_saliency_synthetic_gt/1.3.6.1.4.1.14519.5.2.1.6279.6001.159665703190517688573100822213/surface_grid_float_1.3.6.1.4.1.14519.5.2.1.6279.6001.159665703190517688573100822213.npy,0.6003844137690023,0.3605309724807739,0.234700009226799,1.0,118.77499389648438,18.859731674194336,1.6605397880077357,4.059238324165344,9.370983123779297,6.76223087310791,28,20,8,102.0,0.3347626526037852,high_review,63
ground_truth,1.3.6.1.4.1.14519.5.2.1.6279.6001.134519406153127654901640638633,outputs/luna16_saliency_synthetic_gt/1.3.6.1.4.1.14519.5.2.1.6279.6001.134519406153127654901640638633/surface_1.3.6.1.4.1.14519.5.2.1.6279.6001.134519406153127654901640638633.png,outputs/luna16_saliency_synthetic_gt/1.3.6.1.4.1.14519.5.2.1.6279.6001.134519406153127654901640638633/surface_grid_float_1.3.6.1.4.1.14519.5.2.1.6279.6001.134519406153127654901640638633.npy,0.5598686899652565,0.3121354579925537,0.21737171709537506,0.9372549057006836,151.34288024902344,31.125423431396484,1.3806762218475341,1.632517242431641,1.7069798707962036,13.292222023010254,18,10,8,151.0,0.33075192218356664,high_review,64
ground_truth,1.3.6.1.4.1.14519.5.2.1.6279.6001.192256506776434538421891524301,outputs/luna16_saliency_synthetic_gt/1.3.6.1.4.1.14519.5.2.1.6279.6001.192256506776434538421891524301/surface_1.3.6.1.4.1.14519.5.2.1.6279.6001.192256506776434538421891524301.png,outputs/luna16_saliency_synthetic_gt/1.3.6.1.4.1.14519.5.2.1.6279.6001.192256506776434538421891524301/surface_grid_float_1.3.6.1.4.1.14519.5.2.1.6279.6001.192256506776434538421891524301.npy,0.5884868421052631,0.30967897176742554,0.22477878630161285,0.9803921580314636,146.46804809570312,26.464115142822266,1.6684780001640327,1.948092758655548,2.070002555847168,12.257802963256836,33,25,8,145.0,0.32979575839307573,high_review,65
ground_truth,1.3.6.1.4.1.14519.5.2.1.6279.6001.765930210026773090100532964804,outputs/luna16_saliency_synthetic_gt/1.3.6.1.4.1.14519.5.2.1.6279.6001.765930210026773090100532964804/surface_1.3.6.1.4.1.14519.5.2.1.6279.6001.765930210026773090100532964804.png,outputs/luna16_saliency_synthetic_gt/1.3.6.1.4.1.14519.5.2.1.6279.6001.765930210026773090100532964804/surface_grid_float_1.3.6.1.4.1.14519.5.2.1.6279.6001.765930210026773090100532964804.npy,0.5125448028673835,0.41438692808151245,0.2540172040462494,1.0,145.3277130126953,36.69587326049805,1.3663807809352875,1.5258006751537323,1.5672792196273804,18.055770874023438,18,10,8,145.0,0.3281108105513785,high_review,66
ground_truth,1.3.6.1.4.1.14519.5.2.1.6279.6001.264090899378396711987322794314,outputs/luna16_saliency_synthetic_gt/1.3.6.1.4.1.14519.5.2.1.6279.6001.264090899378396711987322794314/surface_1.3.6.1.4.1.14519.5.2.1.6279.6001.264090899378396711987322794314.png,outputs/luna16_saliency_synthetic_gt/1.3.6.1.4.1.14519.5.2.1.6279.6001.264090899378396711987322794314/surface_grid_float_1.3.6.1.4.1.14519.5.2.1.6279.6001.264090899378396711987322794314.npy,0.5841451706825729,0.3436625301837921,0.22160127758979797,0.9137254953384399,127.26019287109375,20.23894500732422,1.87071007490158,3.1873253965377812,4.112639427185059,8.76937198638916,23,15,8,123.0,0.3272075766510434,high_review,67
ground_truth,1.3.6.1.4.1.14519.5.2.1.6279.6001.261678072503577216586082745513,outputs/luna16_saliency_synthetic_gt/1.3.6.1.4.1.14519.5.2.1.6279.6001.261678072503577216586082745513/surface_1.3.6.1.4.1.14519.5.2.1.6279.6001.261678072503577216586082745513.png,outputs/luna16_saliency_synthetic_gt/1.3.6.1.4.1.14519.5.2.1.6279.6001.261678072503577216586082745513/surface_grid_float_1.3.6.1.4.1.14519.5.2.1.6279.6001.261678072503577216586082745513.npy,0.6243233804784355,0.29578906297683716,0.22933275997638702,0.8980392217636108,126.31946563720703,23.721065521240234,1.2057856678962697,2.8650334835052456,13.95261001586914,12.364906311035156,18,10,8,67.0,0.32396101681391387,high_review,68
ground_truth,1.3.6.1.4.1.14519.5.2.1.6279.6001.253322967203074795232627653819,outputs/luna16_saliency_synthetic_gt/1.3.6.1.4.1.14519.5.2.1.6279.6001.253322967203074795232627653819/surface_1.3.6.1.4.1.14519.5.2.1.6279.6001.253322967203074795232627653819.png,outputs/luna16_saliency_synthetic_gt/1.3.6.1.4.1.14519.5.2.1.6279.6001.253322967203074795232627653819/surface_grid_float_1.3.6.1.4.1.14519.5.2.1.6279.6001.253322967203074795232627653819.npy,0.6137717032572823,0.33717069029808044,0.23115883767604828,0.9098039269447327,137.21420288085938,31.552165985107422,1.2377548694610594,1.8104353451728818,2.0552310943603516,18.126220703125,23,15,8,137.0,0.3232838889413409,high_review,69
ground_truth,1.3.6.1.4.1.14519.5.2.1.6279.6001.908250781706513856628130123235,outputs/luna16_saliency_synthetic_gt/1.3.6.1.4.1.14519.5.2.1.6279.6001.908250781706513856628130123235/surface_1.3.6.1.4.1.14519.5.2.1.6279.6001.908250781706513856628130123235.png,outputs/luna16_saliency_synthetic_gt/1.3.6.1.4.1.14519.5.2.1.6279.6001.908250781706513856628130123235/surface_grid_float_1.3.6.1.4.1.14519.5.2.1.6279.6001.908250781706513856628130123235.npy,0.6230260168143603,0.31537219882011414,0.23703983426094055,0.95686274766922,143.12713623046875,36.88798904418945,1.1853468418121338,1.5137125551700594,1.6202092170715332,17.107221603393555,23,15,8,143.0,0.32197265171342426,high_review,70
ground_truth,1.3.6.1.4.1.14519.5.2.1.6279.6001.100621383016233746780170740405,outputs/luna16_saliency_synthetic_gt/1.3.6.1.4.1.14519.5.2.1.6279.6001.100621383016233746780170740405/surface_1.3.6.1.4.1.14519.5.2.1.6279.6001.100621383016233746780170740405.png,outputs/luna16_saliency_synthetic_gt/1.3.6.1.4.1.14519.5.2.1.6279.6001.100621383016233746780170740405/surface_grid_float_1.3.6.1.4.1.14519.5.2.1.6279.6001.100621383016233746780170740405.npy,0.575009432182607,0.389496773481369,0.26934894919395447,1.0,125.2551498413086,27.92093849182129,1.7425385653972636,2.6743200659751896,3.2549986839294434,14.440605163574219,28,20,8,124.0,0.3210784187449349,high_review,71
ground_truth,1.3.6.1.4.1.14519.5.2.1.6279.6001.290135156874098366424871975734,outputs/luna16_saliency_synthetic_gt/1.3.6.1.4.1.14519.5.2.1.6279.6001.290135156874098366424871975734/surface_1.3.6.1.4.1.14519.5.2.1.6279.6001.290135156874098366424871975734.png,outputs/luna16_saliency_synthetic_gt/1.3.6.1.4.1.14519.5.2.1.6279.6001.290135156874098366424871975734/surface_grid_float_1.3.6.1.4.1.14519.5.2.1.6279.6001.290135156874098366424871975734.npy,0.5360126714474692,0.4099828004837036,0.2374696135520935,0.9570980417728475,134.8182373046875,26.140182495117188,1.2874476075172423,2.5009569597244217,6.169836044311523,9.540410041809082,33,25,8,132.0,0.320926682170232,high_review,72
ground_truth,1.3.6.1.4.1.14519.5.2.1.6279.6001.151669338315069779994664893123,outputs/luna16_saliency_synthetic_gt/1.3.6.1.4.1.14519.5.2.1.6279.6001.151669338315069779994664893123/surface_1.3.6.1.4.1.14519.5.2.1.6279.6001.151669338315069779994664893123.png,outputs/luna16_saliency_synthetic_gt/1.3.6.1.4.1.14519.5.2.1.6279.6001.151669338315069779994664893123/surface_grid_float_1.3.6.1.4.1.14519.5.2.1.6279.6001.151669338315069779994664893123.npy,0.5976109276601888,0.35233554244041443,0.24611778557300568,1.0,129.054443359375,32.35401153564453,1.454855239391327,2.281059694290161,3.042755603790283,16.547962188720703,18,10,8,124.0,0.3202957790692647,high_review,73
ground_truth,1.3.6.1.4.1.14519.5.2.1.6279.6001.230078008964732806419498631442,outputs/luna16_saliency_synthetic_gt/1.3.6.1.4.1.14519.5.2.1.6279.6001.230078008964732806419498631442/surface_1.3.6.1.4.1.14519.5.2.1.6279.6001.230078008964732806419498631442.png,outputs/luna16_saliency_synthetic_gt/1.3.6.1.4.1.14519.5.2.1.6279.6001.230078008964732806419498631442/surface_grid_float_1.3.6.1.4.1.14519.5.2.1.6279.6001.230078008964732806419498631442.npy,0.649407439137574,0.3223581314086914,0.2417004257440567,0.9372549057006836,119.14960479736328,28.157428741455078,2.059357297420501,3.3665284705162013,4.3062639236450195,8.807244300842285,23,15,8,113.0,0.3191501827796299,high_review,74
ground_truth,1.3.6.1.4.1.14519.5.2.1.6279.6001.296863826932699509516219450076,outputs/luna16_saliency_synthetic_gt/1.3.6.1.4.1.14519.5.2.1.6279.6001.296863826932699509516219450076/surface_1.3.6.1.4.1.14519.5.2.1.6279.6001.296863826932699509516219450076.png,outputs/luna16_saliency_synthetic_gt/1.3.6.1.4.1.14519.5.2.1.6279.6001.296863826932699509516219450076/surface_grid_float_1.3.6.1.4.1.14519.5.2.1.6279.6001.296863826932699509516219450076.npy,0.6120497005452757,0.3438188135623932,0.23274779319763184,1.0,120.66495513916016,18.09544563293457,1.4100465178489683,3.4786508226394637,22.81637954711914,6.100722312927246,23,15,8,63.0,0.31902494393984465,high_review,75
ground_truth,1.3.6.1.4.1.14519.5.2.1.6279.6001.994459772950022352718462251777,outputs/luna16_saliency_synthetic_gt/1.3.6.1.4.1.14519.5.2.1.6279.6001.994459772950022352718462251777/surface_1.3.6.1.4.1.14519.5.2.1.6279.6001.994459772950022352718462251777.png,outputs/luna16_saliency_synthetic_gt/1.3.6.1.4.1.14519.5.2.1.6279.6001.994459772950022352718462251777/surface_grid_float_1.3.6.1.4.1.14519.5.2.1.6279.6001.994459772950022352718462251777.npy,0.655742015135234,0.27758973836898804,0.2258070856332779,0.9073725545406239,141.15927124023438,24.250822067260742,1.192004597187042,1.5966086804866777,2.5836033821105957,15.795404434204102,23,15,8,141.0,0.3182646112243334,high_review,76
ground_truth,1.3.6.1.4.1.14519.5.2.1.6279.6001.183184435049555024219115904825,outputs/luna16_saliency_synthetic_gt/1.3.6.1.4.1.14519.5.2.1.6279.6001.183184435049555024219115904825/surface_1.3.6.1.4.1.14519.5.2.1.6279.6001.183184435049555024219115904825.png,outputs/luna16_saliency_synthetic_gt/1.3.6.1.4.1.14519.5.2.1.6279.6001.183184435049555024219115904825/surface_grid_float_1.3.6.1.4.1.14519.5.2.1.6279.6001.183184435049555024219115904825.npy,0.5995234090271937,0.351701557636261,0.24741166830062866,0.9921568632125854,140.05343627929688,29.779399871826172,1.3613125979900356,1.5205828166007995,1.5607070922851562,17.31492805480957,18,10,8,140.0,0.31751749619642894,high_review,77
ground_truth,1.3.6.1.4.1.14519.5.2.1.6279.6001.309955999522338651429118207446,outputs/luna16_saliency_synthetic_gt/1.3.6.1.4.1.14519.5.2.1.6279.6001.309955999522338651429118207446/surface_1.3.6.1.4.1.14519.5.2.1.6279.6001.309955999522338651429118207446.png,outputs/luna16_saliency_synthetic_gt/1.3.6.1.4.1.14519.5.2.1.6279.6001.309955999522338651429118207446/surface_grid_float_1.3.6.1.4.1.14519.5.2.1.6279.6001.309955999522338651429118207446.npy,0.5381677647094625,0.3925095796585083,0.21176111698150635,0.9803921580314636,114.60055541992188,24.7104549407959,1.6342537999153128,2.889592084884642,4.493179798126221,14.776846885681152,43,35,8,107.0,0.31052612577014493,high_review,78
ground_truth,1.3.6.1.4.1.14519.5.2.1.6279.6001.241717018262666382493757419144,outputs/luna16_saliency_synthetic_gt/1.3.6.1.4.1.14519.5.2.1.6279.6001.241717018262666382493757419144/surface_1.3.6.1.4.1.14519.5.2.1.6279.6001.241717018262666382493757419144.png,outputs/luna16_saliency_synthetic_gt/1.3.6.1.4.1.14519.5.2.1.6279.6001.241717018262666382493757419144/surface_grid_float_1.3.6.1.4.1.14519.5.2.1.6279.6001.241717018262666382493757419144.npy,0.4906232317516773,0.38754430413246155,0.24117058515548706,0.8823529481887817,122.71163177490234,21.263280868530273,1.689676088094711,2.8121639680862427,3.238532066345215,9.627242088317871,18,10,8,122.0,0.3102781766414642,high_review,79
ground_truth,1.3.6.1.4.1.14519.5.2.1.6279.6001.134996872583497382954024478441,outputs/luna16_saliency_synthetic_gt/1.3.6.1.4.1.14519.5.2.1.6279.6001.134996872583497382954024478441/surface_1.3.6.1.4.1.14519.5.2.1.6279.6001.134996872583497382954024478441.png,outputs/luna16_saliency_synthetic_gt/1.3.6.1.4.1.14519.5.2.1.6279.6001.134996872583497382954024478441/surface_grid_float_1.3.6.1.4.1.14519.5.2.1.6279.6001.134996872583497382954024478441.npy,0.35084198312897863,0.4406282603740692,0.20775654911994934,0.9176470637321472,128.1480712890625,28.10112190246582,1.3291509449481953,2.034288592338549,3.0385899543762207,15.578821182250977,28,20,8,127.0,0.309228379212485,high_review,80
ground_truth,1.3.6.1.4.1.14519.5.2.1.6279.6001.288701997968615460794642979503,outputs/luna16_saliency_synthetic_gt/1.3.6.1.4.1.14519.5.2.1.6279.6001.288701997968615460794642979503/surface_1.3.6.1.4.1.14519.5.2.1.6279.6001.288701997968615460794642979503.png,outputs/luna16_saliency_synthetic_gt/1.3.6.1.4.1.14519.5.2.1.6279.6001.288701997968615460794642979503/surface_grid_float_1.3.6.1.4.1.14519.5.2.1.6279.6001.288701997968615460794642979503.npy,0.6501987877207848,0.32116588950157166,0.23469877243041992,0.9411764740943909,136.16265869140625,30.193830490112305,1.4609258651733399,1.9866033506393432,2.1605024337768555,10.124308586120605,23,15,8,136.0,0.30903432852956986,high_review,81
ground_truth,1.3.6.1.4.1.14519.5.2.1.6279.6001.267519732763035023633235877753,outputs/luna16_saliency_synthetic_gt/1.3.6.1.4.1.14519.5.2.1.6279.6001.267519732763035023633235877753/surface_1.3.6.1.4.1.14519.5.2.1.6279.6001.267519732763035023633235877753.png,outputs/luna16_saliency_synthetic_gt/1.3.6.1.4.1.14519.5.2.1.6279.6001.267519732763035023633235877753/surface_grid_float_1.3.6.1.4.1.14519.5.2.1.6279.6001.267519732763035023633235877753.npy,0.5426720044240873,0.33496469259262085,0.2200656682252884,0.9490196108818054,135.3755645751953,32.88612365722656,1.341735601425171,1.5836512804031369,1.6544588804244995,15.366185188293457,23,15,8,135.0,0.3072825575669606,high_review,82
ground_truth,1.3.6.1.4.1.14519.5.2.1.6279.6001.205615524269596458818376243313,outputs/luna16_saliency_synthetic_gt/1.3.6.1.4.1.14519.5.2.1.6279.6001.205615524269596458818376243313/surface_1.3.6.1.4.1.14519.5.2.1.6279.6001.205615524269596458818376243313.png,outputs/luna16_saliency_synthetic_gt/1.3.6.1.4.1.14519.5.2.1.6279.6001.205615524269596458818376243313/surface_grid_float_1.3.6.1.4.1.14519.5.2.1.6279.6001.205615524269596458818376243313.npy,0.5156413073331503,0.33312663435935974,0.22855626046657562,0.9803921580314636,117.90446472167969,21.557994842529297,1.4419406294822694,2.772961928844451,3.3414292335510254,8.458198547363281,23,15,8,115.0,0.2984922958400514,moderate_review,83
ground_truth,1.3.6.1.4.1.14519.5.2.1.6279.6001.103115201714075993579787468219,outputs/luna16_saliency_synthetic_gt/1.3.6.1.4.1.14519.5.2.1.6279.6001.103115201714075993579787468219/surface_1.3.6.1.4.1.14519.5.2.1.6279.6001.103115201714075993579787468219.png,outputs/luna16_saliency_synthetic_gt/1.3.6.1.4.1.14519.5.2.1.6279.6001.103115201714075993579787468219/surface_grid_float_1.3.6.1.4.1.14519.5.2.1.6279.6001.103115201714075993579787468219.npy,0.5609860664523044,0.3632632791996002,0.239729106426239,1.0,105.45948791503906,18.30445098876953,1.3125643610954276,3.337482199668874,4.700640678405762,9.438726425170898,18,10,8,94.0,0.29686522679328886,moderate_review,84
ground_truth,1.3.6.1.4.1.14519.5.2.1.6279.6001.285926554490515269336267972830,outputs/luna16_saliency_synthetic_gt/1.3.6.1.4.1.14519.5.2.1.6279.6001.285926554490515269336267972830/surface_1.3.6.1.4.1.14519.5.2.1.6279.6001.285926554490515269336267972830.png,outputs/luna16_saliency_synthetic_gt/1.3.6.1.4.1.14519.5.2.1.6279.6001.285926554490515269336267972830/surface_grid_float_1.3.6.1.4.1.14519.5.2.1.6279.6001.285926554490515269336267972830.npy,0.5794069492450428,0.3079434931278229,0.21939781308174133,0.9215686321258545,133.45919799804688,30.58557891845703,1.1318026781082156,1.340489807128907,1.416240930557251,15.048423767089844,28,20,8,132.0,0.2960876325819227,moderate_review,85
ground_truth,1.3.6.1.4.1.14519.5.2.1.6279.6001.148935306123327835217659769212,outputs/luna16_saliency_synthetic_gt/1.3.6.1.4.1.14519.5.2.1.6279.6001.148935306123327835217659769212/surface_1.3.6.1.4.1.14519.5.2.1.6279.6001.148935306123327835217659769212.png,outputs/luna16_saliency_synthetic_gt/1.3.6.1.4.1.14519.5.2.1.6279.6001.148935306123327835217659769212/surface_grid_float_1.3.6.1.4.1.14519.5.2.1.6279.6001.148935306123327835217659769212.npy,0.6171202454978599,0.3317214846611023,0.23116375505924225,0.9647058844566345,124.25342559814453,25.325349807739258,1.7382728219032288,2.1962476205825805,4.493359565734863,9.916291236877441,53,45,8,120.0,0.2950126740296682,moderate_review,86
ground_truth,1.3.6.1.4.1.14519.5.2.1.6279.6001.194488534645348916700259325236,outputs/luna16_saliency_synthetic_gt/1.3.6.1.4.1.14519.5.2.1.6279.6001.194488534645348916700259325236/surface_1.3.6.1.4.1.14519.5.2.1.6279.6001.194488534645348916700259325236.png,outputs/luna16_saliency_synthetic_gt/1.3.6.1.4.1.14519.5.2.1.6279.6001.194488534645348916700259325236/surface_grid_float_1.3.6.1.4.1.14519.5.2.1.6279.6001.194488534645348916700259325236.npy,0.6196418442589742,0.3205558955669403,0.2300172746181488,0.9686274528503418,113.59297180175781,21.31157112121582,1.3675082445144637,2.707836112976072,3.460395336151123,10.976968765258789,18,10,8,109.0,0.29494996698167586,moderate_review,87
ground_truth,1.3.6.1.4.1.14519.5.2.1.6279.6001.294120933998772507043263238704,outputs/luna16_saliency_synthetic_gt/1.3.6.1.4.1.14519.5.2.1.6279.6001.294120933998772507043263238704/surface_1.3.6.1.4.1.14519.5.2.1.6279.6001.294120933998772507043263238704.png,outputs/luna16_saliency_synthetic_gt/1.3.6.1.4.1.14519.5.2.1.6279.6001.294120933998772507043263238704/surface_grid_float_1.3.6.1.4.1.14519.5.2.1.6279.6001.294120933998772507043263238704.npy,0.4700346898622761,0.40519797801971436,0.2013879120349884,0.8784313797950745,137.10614013671875,31.051340103149414,0.9559213221073151,1.1344410479068754,1.1946208477020264,14.219017028808594,28,20,8,137.0,0.29414128061797884,moderate_review,88
ground_truth,1.3.6.1.4.1.14519.5.2.1.6279.6001.253283426904813468115158375647,outputs/luna16_saliency_synthetic_gt/1.3.6.1.4.1.14519.5.2.1.6279.6001.253283426904813468115158375647/surface_1.3.6.1.4.1.14519.5.2.1.6279.6001.253283426904813468115158375647.png,outputs/luna16_saliency_synthetic_gt/1.3.6.1.4.1.14519.5.2.1.6279.6001.253283426904813468115158375647/surface_grid_float_1.3.6.1.4.1.14519.5.2.1.6279.6001.253283426904813468115158375647.npy,0.6052378841607565,0.3265400528907776,0.2322503924369812,0.9333333373069763,115.57585144042969,29.302453994750977,1.4968998730182648,1.9663675451278686,2.1098625659942627,19.083147048950195,18,10,8,112.0,0.2940244388633304,moderate_review,89
ground_truth,1.3.6.1.4.1.14519.5.2.1.6279.6001.161067514225109999586362698069,outputs/luna16_saliency_synthetic_gt/1.3.6.1.4.1.14519.5.2.1.6279.6001.161067514225109999586362698069/surface_1.3.6.1.4.1.14519.5.2.1.6279.6001.161067514225109999586362698069.png,outputs/luna16_saliency_synthetic_gt/1.3.6.1.4.1.14519.5.2.1.6279.6001.161067514225109999586362698069/surface_grid_float_1.3.6.1.4.1.14519.5.2.1.6279.6001.161067514225109999586362698069.npy,0.6174149934416305,0.3753933310508728,0.23199552297592163,0.9372549057006836,117.57166290283203,20.687562942504883,1.6351750254631021,2.771853580474852,3.227693557739258,6.261733531951904,23,15,8,117.0,0.2930233423233031,moderate_review,90
ground_truth,1.3.6.1.4.1.14519.5.2.1.6279.6001.195557219224169985110295082004,outputs/luna16_saliency_synthetic_gt/1.3.6.1.4.1.14519.5.2.1.6279.6001.195557219224169985110295082004/surface_1.3.6.1.4.1.14519.5.2.1.6279.6001.195557219224169985110295082004.png,outputs/luna16_saliency_synthetic_gt/1.3.6.1.4.1.14519.5.2.1.6279.6001.195557219224169985110295082004/surface_grid_float_1.3.6.1.4.1.14519.5.2.1.6279.6001.195557219224169985110295082004.npy,0.6589427521630912,0.3371979296207428,0.2660633325576782,1.0,94.16390991210938,22.917325973510742,1.753382062911987,3.6517079424858103,13.245176315307617,11.728549003601074,53,45,8,93.0,0.2925545303583145,moderate_review,91
ground_truth,1.3.6.1.4.1.14519.5.2.1.6279.6001.138674679709964033277400089532,outputs/luna16_saliency_synthetic_gt/1.3.6.1.4.1.14519.5.2.1.6279.6001.138674679709964033277400089532/surface_1.3.6.1.4.1.14519.5.2.1.6279.6001.138674679709964033277400089532.png,outputs/luna16_saliency_synthetic_gt/1.3.6.1.4.1.14519.5.2.1.6279.6001.138674679709964033277400089532/surface_grid_float_1.3.6.1.4.1.14519.5.2.1.6279.6001.138674679709964033277400089532.npy,0.5572698682934903,0.350596159696579,0.2163122147321701,0.9098039269447327,119.66199493408203,20.868999481201172,1.299234974384308,2.0789605784416207,2.377937078475952,13.550954818725586,18,10,8,117.0,0.2919187085072199,moderate_review,92
ground_truth,1.3.6.1.4.1.14519.5.2.1.6279.6001.882070241245008756731854510592,outputs/luna16_saliency_synthetic_gt/1.3.6.1.4.1.14519.5.2.1.6279.6001.882070241245008756731854510592/surface_1.3.6.1.4.1.14519.5.2.1.6279.6001.882070241245008756731854510592.png,outputs/luna16_saliency_synthetic_gt/1.3.6.1.4.1.14519.5.2.1.6279.6001.882070241245008756731854510592/surface_grid_float_1.3.6.1.4.1.14519.5.2.1.6279.6001.882070241245008756731854510592.npy,0.5759250033965853,0.326316237449646,0.2245144248008728,0.9372549057006836,124.17979431152344,26.460681915283203,1.367281687259673,2.037396035194397,2.412672996520996,10.384932518005371,28,20,8,123.0,0.29116583272616064,moderate_review,93
ground_truth,1.3.6.1.4.1.14519.5.2.1.6279.6001.161073793312426102774780216551,outputs/luna16_saliency_synthetic_gt/1.3.6.1.4.1.14519.5.2.1.6279.6001.161073793312426102774780216551/surface_1.3.6.1.4.1.14519.5.2.1.6279.6001.161073793312426102774780216551.png,outputs/luna16_saliency_synthetic_gt/1.3.6.1.4.1.14519.5.2.1.6279.6001.161073793312426102774780216551/surface_grid_float_1.3.6.1.4.1.14519.5.2.1.6279.6001.161073793312426102774780216551.npy,0.5609380754458884,0.3213639557361603,0.22972984611988068,0.9372549057006836,123.35308837890625,28.9237060546875,1.2643505871295924,1.8235471379756927,2.0380351543426514,13.887248039245605,23,15,8,121.0,0.2911554459691048,moderate_review,94
ground_truth,1.3.6.1.4.1.14519.5.2.1.6279.6001.832260670372728970918746541371,outputs/luna16_saliency_synthetic_gt/1.3.6.1.4.1.14519.5.2.1.6279.6001.832260670372728970918746541371/surface_1.3.6.1.4.1.14519.5.2.1.6279.6001.832260670372728970918746541371.png,outputs/luna16_saliency_synthetic_gt/1.3.6.1.4.1.14519.5.2.1.6279.6001.832260670372728970918746541371/surface_grid_float_1.3.6.1.4.1.14519.5.2.1.6279.6001.832260670372728970918746541371.npy,0.5339190799120235,0.31738337874412537,0.23249946534633636,0.9098039269447327,134.12908935546875,29.654739379882812,1.0475168526172638,1.1366157829761505,1.1729129552841187,14.663496971130371,18,10,8,134.0,0.2902325045731332,moderate_review,95
ground_truth,1.3.6.1.4.1.14519.5.2.1.6279.6001.316900421002460665752357657094,outputs/luna16_saliency_synthetic_gt/1.3.6.1.4.1.14519.5.2.1.6279.6001.316900421002460665752357657094/surface_1.3.6.1.4.1.14519.5.2.1.6279.6001.316900421002460665752357657094.png,outputs/luna16_saliency_synthetic_gt/1.3.6.1.4.1.14519.5.2.1.6279.6001.316900421002460665752357657094/surface_grid_float_1.3.6.1.4.1.14519.5.2.1.6279.6001.316900421002460665752357657094.npy,0.5481830601092896,0.3143428862094879,0.24091854691505432,0.886274516582489,132.76986694335938,31.89486312866211,1.180617642402649,1.2925517714023587,1.38193678855896,11.53145694732666,18,10,8,132.0,0.2856851245972845,moderate_review,96
ground_truth,1.3.6.1.4.1.14519.5.2.1.6279.6001.111258527162678142285870245028,outputs/luna16_saliency_synthetic_gt/1.3.6.1.4.1.14519.5.2.1.6279.6001.111258527162678142285870245028/surface_1.3.6.1.4.1.14519.5.2.1.6279.6001.111258527162678142285870245028.png,outputs/luna16_saliency_synthetic_gt/1.3.6.1.4.1.14519.5.2.1.6279.6001.111258527162678142285870245028/surface_grid_float_1.3.6.1.4.1.14519.5.2.1.6279.6001.111258527162678142285870245028.npy,0.5193628593628593,0.32557162642478943,0.23954594135284424,0.9725490212440491,110.31342315673828,22.524524688720703,1.3227132797241203,2.5909853053092977,3.304391622543335,9.997065544128418,18,10,8,106.0,0.2838009656296837,moderate_review,97
ground_truth,1.3.6.1.4.1.14519.5.2.1.6279.6001.280125803152924778388346920341,outputs/luna16_saliency_synthetic_gt/1.3.6.1.4.1.14519.5.2.1.6279.6001.280125803152924778388346920341/surface_1.3.6.1.4.1.14519.5.2.1.6279.6001.280125803152924778388346920341.png,outputs/luna16_saliency_synthetic_gt/1.3.6.1.4.1.14519.5.2.1.6279.6001.280125803152924778388346920341/surface_grid_float_1.3.6.1.4.1.14519.5.2.1.6279.6001.280125803152924778388346920341.npy,0.5636797200414982,0.3394297659397125,0.20664812624454498,0.8666666746139526,112.91156005859375,17.586366653442383,1.3269065618515015,2.7201519012451127,9.896220207214355,5.719018459320068,23,15,8,90.0,0.2824994203779431,moderate_review,98
ground_truth,1.3.6.1.4.1.14519.5.2.1.6279.6001.472487466001405705666001578363,outputs/luna16_saliency_synthetic_gt/1.3.6.1.4.1.14519.5.2.1.6279.6001.472487466001405705666001578363/surface_1.3.6.1.4.1.14519.5.2.1.6279.6001.472487466001405705666001578363.png,outputs/luna16_saliency_synthetic_gt/1.3.6.1.4.1.14519.5.2.1.6279.6001.472487466001405705666001578363/surface_grid_float_1.3.6.1.4.1.14519.5.2.1.6279.6001.472487466001405705666001578363.npy,0.5592340190112156,0.3196626603603363,0.22715532779693604,0.9970196080207745,105.97368621826172,20.4132137298584,1.4903770089149466,2.461522431373597,2.8587536811828613,14.028133392333984,28,20,8,98.0,0.2816421130657196,moderate_review,99
ground_truth,1.3.6.1.4.1.14519.5.2.1.6279.6001.100684836163890911914061745866,outputs/luna16_saliency_synthetic_gt/1.3.6.1.4.1.14519.5.2.1.6279.6001.100684836163890911914061745866/surface_1.3.6.1.4.1.14519.5.2.1.6279.6001.100684836163890911914061745866.png,outputs/luna16_saliency_synthetic_gt/1.3.6.1.4.1.14519.5.2.1.6279.6001.100684836163890911914061745866/surface_grid_float_1.3.6.1.4.1.14519.5.2.1.6279.6001.100684836163890911914061745866.npy,0.6733592233009709,0.31807294487953186,0.22942951321601868,0.8784313797950745,91.88566589355469,16.549381256103516,1.6886903345584832,3.5570084810257026,12.550071716308594,9.68239688873291,38,30,8,79.0,0.28136946845054644,moderate_review,100
ground_truth,1.3.6.1.4.1.14519.5.2.1.6279.6001.724251104254976962355686318345,outputs/luna16_saliency_synthetic_gt/1.3.6.1.4.1.14519.5.2.1.6279.6001.724251104254976962355686318345/surface_1.3.6.1.4.1.14519.5.2.1.6279.6001.724251104254976962355686318345.png,outputs/luna16_saliency_synthetic_gt/1.3.6.1.4.1.14519.5.2.1.6279.6001.724251104254976962355686318345/surface_grid_float_1.3.6.1.4.1.14519.5.2.1.6279.6001.724251104254976962355686318345.npy,0.5688070481784269,0.35595351457595825,0.2271357923746109,0.9254902005195618,129.09317016601562,30.847797393798828,1.0857952117919922,1.2410643506050105,1.33017897605896,11.928560256958008,18,10,8,129.0,0.27889512581030523,moderate_review,101
ground_truth,1.3.6.1.4.1.14519.5.2.1.6279.6001.187108608022306504546286626125,outputs/luna16_saliency_synthetic_gt/1.3.6.1.4.1.14519.5.2.1.6279.6001.187108608022306504546286626125/surface_1.3.6.1.4.1.14519.5.2.1.6279.6001.187108608022306504546286626125.png,outputs/luna16_saliency_synthetic_gt/1.3.6.1.4.1.14519.5.2.1.6279.6001.187108608022306504546286626125/surface_grid_float_1.3.6.1.4.1.14519.5.2.1.6279.6001.187108608022306504546286626125.npy,0.49055567003228245,0.39031484723091125,0.2502351701259613,1.0,119.19940185546875,24.383098602294922,1.3473964035511017,1.569650435447693,1.8873608112335205,14.67374038696289,28,20,8,119.0,0.27836349479357403,moderate_review,102
ground_truth,1.3.6.1.4.1.14519.5.2.1.6279.6001.144883090372691745980459537053,outputs/luna16_saliency_synthetic_gt/1.3.6.1.4.1.14519.5.2.1.6279.6001.144883090372691745980459537053/surface_1.3.6.1.4.1.14519.5.2.1.6279.6001.144883090372691745980459537053.png,outputs/luna16_saliency_synthetic_gt/1.3.6.1.4.1.14519.5.2.1.6279.6001.144883090372691745980459537053/surface_grid_float_1.3.6.1.4.1.14519.5.2.1.6279.6001.144883090372691745980459537053.npy,0.4271507551240561,0.37558871507644653,0.21783050894737244,0.9333333373069763,113.79602813720703,21.86362648010254,1.466556096076963,2.035319576263427,2.2270405292510986,12.308991432189941,18,10,8,113.0,0.27807294847700326,moderate_review,103
ground_truth,1.3.6.1.4.1.14519.5.2.1.6279.6001.312704771348460502013249647868,outputs/luna16_saliency_synthetic_gt/1.3.6.1.4.1.14519.5.2.1.6279.6001.312704771348460502013249647868/surface_1.3.6.1.4.1.14519.5.2.1.6279.6001.312704771348460502013249647868.png,outputs/luna16_saliency_synthetic_gt/1.3.6.1.4.1.14519.5.2.1.6279.6001.312704771348460502013249647868/surface_grid_float_1.3.6.1.4.1.14519.5.2.1.6279.6001.312704771348460502013249647868.npy,0.5505198613703013,0.3898930847644806,0.23238299787044525,1.0,108.93412017822266,21.496200561523438,1.1253643929958352,2.4486281919479342,6.406365394592285,9.574470520019531,23,15,8,85.0,0.2762923138777414,moderate_review,104
ground_truth,1.3.6.1.4.1.14519.5.2.1.6279.6001.117040183261056772902616195387,outputs/luna16_saliency_synthetic_gt/1.3.6.1.4.1.14519.5.2.1.6279.6001.117040183261056772902616195387/surface_1.3.6.1.4.1.14519.5.2.1.6279.6001.117040183261056772902616195387.png,outputs/luna16_saliency_synthetic_gt/1.3.6.1.4.1.14519.5.2.1.6279.6001.117040183261056772902616195387/surface_grid_float_1.3.6.1.4.1.14519.5.2.1.6279.6001.117040183261056772902616195387.npy,0.373176745935554,0.4147030711174011,0.2288612723350525,0.9529411792755127,103.14698028564453,19.24228286743164,1.2459776401519775,2.257373380661009,9.683598518371582,16.049516677856445,33,25,8,75.0,0.27529842784669656,moderate_review,105
ground_truth,1.3.6.1.4.1.14519.5.2.1.6279.6001.129982010889624423230394257528,outputs/luna16_saliency_synthetic_gt/1.3.6.1.4.1.14519.5.2.1.6279.6001.129982010889624423230394257528/surface_1.3.6.1.4.1.14519.5.2.1.6279.6001.129982010889624423230394257528.png,outputs/luna16_saliency_synthetic_gt/1.3.6.1.4.1.14519.5.2.1.6279.6001.129982010889624423230394257528/surface_grid_float_1.3.6.1.4.1.14519.5.2.1.6279.6001.129982010889624423230394257528.npy,0.605914258117245,0.37040749192237854,0.21553796529769897,0.9176470637321472,115.11900329589844,23.768339157104492,1.399412739276886,1.7734084820747371,1.9272775650024414,12.873310089111328,28,20,8,115.0,0.2736746157089869,moderate_review,106
ground_truth,1.3.6.1.4.1.14519.5.2.1.6279.6001.221945191226273284587353530424,outputs/luna16_saliency_synthetic_gt/1.3.6.1.4.1.14519.5.2.1.6279.6001.221945191226273284587353530424/surface_1.3.6.1.4.1.14519.5.2.1.6279.6001.221945191226273284587353530424.png,outputs/luna16_saliency_synthetic_gt/1.3.6.1.4.1.14519.5.2.1.6279.6001.221945191226273284587353530424/surface_grid_float_1.3.6.1.4.1.14519.5.2.1.6279.6001.221945191226273284587353530424.npy,0.6196763530135302,0.3467695415019989,0.2479807585477829,1.0,121.14836883544922,29.847497940063477,1.1663020610809327,1.2317499589920045,1.3015600442886353,15.406773567199707,18,10,8,120.0,0.2731037214226193,moderate_review,107
ground_truth,1.3.6.1.4.1.14519.5.2.1.6279.6001.233433352108264931671753343044,outputs/luna16_saliency_synthetic_gt/1.3.6.1.4.1.14519.5.2.1.6279.6001.233433352108264931671753343044/surface_1.3.6.1.4.1.14519.5.2.1.6279.6001.233433352108264931671753343044.png,outputs/luna16_saliency_synthetic_gt/1.3.6.1.4.1.14519.5.2.1.6279.6001.233433352108264931671753343044/surface_grid_float_1.3.6.1.4.1.14519.5.2.1.6279.6001.233433352108264931671753343044.npy,0.49119765270738863,0.35403987765312195,0.21833476424217224,0.944627454280843,105.29110717773438,19.44989776611328,1.1443313539028168,2.476384646892541,5.076451778411865,10.309049606323242,23,15,8,104.0,0.27268571716149625,moderate_review,108
ground_truth,1.3.6.1.4.1.14519.5.2.1.6279.6001.300270516469599170290456821227,outputs/luna16_saliency_synthetic_gt/1.3.6.1.4.1.14519.5.2.1.6279.6001.300270516469599170290456821227/surface_1.3.6.1.4.1.14519.5.2.1.6279.6001.300270516469599170290456821227.png,outputs/luna16_saliency_synthetic_gt/1.3.6.1.4.1.14519.5.2.1.6279.6001.300270516469599170290456821227/surface_grid_float_1.3.6.1.4.1.14519.5.2.1.6279.6001.300270516469599170290456821227.npy,0.6703829787234042,0.3555320203304291,0.23212184011936188,0.9764705896377563,103.8814926147461,14.734881401062012,1.6083353877067559,2.3515150237083438,5.561577320098877,12.892438888549805,18,10,8,103.0,0.27233113593260444,moderate_review,109
ground_truth,1.3.6.1.4.1.14519.5.2.1.6279.6001.125356649712550043958727288500,outputs/luna16_saliency_synthetic_gt/1.3.6.1.4.1.14519.5.2.1.6279.6001.125356649712550043958727288500/surface_1.3.6.1.4.1.14519.5.2.1.6279.6001.125356649712550043958727288500.png,outputs/luna16_saliency_synthetic_gt/1.3.6.1.4.1.14519.5.2.1.6279.6001.125356649712550043958727288500/surface_grid_float_1.3.6.1.4.1.14519.5.2.1.6279.6001.125356649712550043958727288500.npy,0.5978139834730117,0.342139333486557,0.22884131968021393,1.0,118.36992645263672,29.111221313476562,1.2712775886058807,1.462756876945496,1.5909849405288696,13.555315971374512,28,20,8,116.0,0.27128884144359167,moderate_review,110
ground_truth,1.3.6.1.4.1.14519.5.2.1.6279.6001.286061375572911414226912429210,outputs/luna16_saliency_synthetic_gt/1.3.6.1.4.1.14519.5.2.1.6279.6001.286061375572911414226912429210/surface_1.3.6.1.4.1.14519.5.2.1.6279.6001.286061375572911414226912429210.png,outputs/luna16_saliency_synthetic_gt/1.3.6.1.4.1.14519.5.2.1.6279.6001.286061375572911414226912429210/surface_grid_float_1.3.6.1.4.1.14519.5.2.1.6279.6001.286061375572911414226912429210.npy,0.6072384954476167,0.3629584312438965,0.2503984570503235,1.0,86.47987365722656,21.85355567932129,1.390062540769577,3.3544907927513155,5.186845302581787,11.885793685913086,43,35,8,72.0,0.27118072140216837,moderate_review,111
ground_truth,1.3.6.1.4.1.14519.5.2.1.6279.6001.323408652979949774528873200770,outputs/luna16_saliency_synthetic_gt/1.3.6.1.4.1.14519.5.2.1.6279.6001.323408652979949774528873200770/surface_1.3.6.1.4.1.14519.5.2.1.6279.6001.323408652979949774528873200770.png,outputs/luna16_saliency_synthetic_gt/1.3.6.1.4.1.14519.5.2.1.6279.6001.323408652979949774528873200770/surface_grid_float_1.3.6.1.4.1.14519.5.2.1.6279.6001.323408652979949774528873200770.npy,0.5541958041958042,0.36840152740478516,0.2594935894012451,1.0,99.49613952636719,19.5452823638916,1.2878396689891813,2.8425742363929745,4.0406904220581055,9.01614761352539,18,10,8,94.0,0.2711400098880132,moderate_review,112
ground_truth,1.3.6.1.4.1.14519.5.2.1.6279.6001.300246184547502297539521283806,outputs/luna16_saliency_synthetic_gt/1.3.6.1.4.1.14519.5.2.1.6279.6001.300246184547502297539521283806/surface_1.3.6.1.4.1.14519.5.2.1.6279.6001.300246184547502297539521283806.png,outputs/luna16_saliency_synthetic_gt/1.3.6.1.4.1.14519.5.2.1.6279.6001.300246184547502297539521283806/surface_grid_float_1.3.6.1.4.1.14519.5.2.1.6279.6001.300246184547502297539521283806.npy,0.5921159853320658,0.36204883456230164,0.23113663494586945,1.0,117.21101379394531,28.553855895996094,0.9630727052688594,1.3609262609481811,1.5096181631088257,15.306916236877441,18,10,8,117.0,0.27019484690030415,moderate_review,113
ground_truth,1.3.6.1.4.1.14519.5.2.1.6279.6001.330643702676971528301859647742,outputs/luna16_saliency_synthetic_gt/1.3.6.1.4.1.14519.5.2.1.6279.6001.330643702676971528301859647742/surface_1.3.6.1.4.1.14519.5.2.1.6279.6001.330643702676971528301859647742.png,outputs/luna16_saliency_synthetic_gt/1.3.6.1.4.1.14519.5.2.1.6279.6001.330643702676971528301859647742/surface_grid_float_1.3.6.1.4.1.14519.5.2.1.6279.6001.330643702676971528301859647742.npy,0.6190552016985138,0.31368446350097656,0.2257382720708847,0.8901960849761963,120.76935577392578,29.361133575439453,1.2736133635044098,1.4943035542964935,1.6901887655258179,10.673234939575195,28,20,8,119.0,0.2698296661178271,moderate_review,114
ground_truth,1.3.6.1.4.1.14519.5.2.1.6279.6001.309955814083231537823157605135,outputs/luna16_saliency_synthetic_gt/1.3.6.1.4.1.14519.5.2.1.6279.6001.309955814083231537823157605135/surface_1.3.6.1.4.1.14519.5.2.1.6279.6001.309955814083231537823157605135.png,outputs/luna16_saliency_synthetic_gt/1.3.6.1.4.1.14519.5.2.1.6279.6001.309955814083231537823157605135/surface_grid_float_1.3.6.1.4.1.14519.5.2.1.6279.6001.309955814083231537823157605135.npy,0.583596357260026,0.31881389021873474,0.23082056641578674,0.9019607901573181,94.95953369140625,14.343646049499512,1.1017400622367863,3.033231925964352,12.375754356384277,9.216775894165039,18,10,8,49.0,0.26974457147386327,moderate_review,115
ground_truth,1.3.6.1.4.1.14519.5.2.1.6279.6001.312127933722985204808706697221,outputs/luna16_saliency_synthetic_gt/1.3.6.1.4.1.14519.5.2.1.6279.6001.312127933722985204808706697221/surface_1.3.6.1.4.1.14519.5.2.1.6279.6001.312127933722985204808706697221.png,outputs/luna16_saliency_synthetic_gt/1.3.6.1.4.1.14519.5.2.1.6279.6001.312127933722985204808706697221/surface_grid_float_1.3.6.1.4.1.14519.5.2.1.6279.6001.312127933722985204808706697221.npy,0.5247586736136355,0.41618382930755615,0.23606228828430176,1.0,98.15829467773438,21.052236557006836,1.493122744560241,2.743738412857057,5.979991436004639,7.237545013427734,33,25,8,95.0,0.26199274354510843,moderate_review,116
ground_truth,1.3.6.1.4.1.14519.5.2.1.6279.6001.125124219978170516876304987559,outputs/luna16_saliency_synthetic_gt/1.3.6.1.4.1.14519.5.2.1.6279.6001.125124219978170516876304987559/surface_1.3.6.1.4.1.14519.5.2.1.6279.6001.125124219978170516876304987559.png,outputs/luna16_saliency_synthetic_gt/1.3.6.1.4.1.14519.5.2.1.6279.6001.125124219978170516876304987559/surface_grid_float_1.3.6.1.4.1.14519.5.2.1.6279.6001.125124219978170516876304987559.npy,0.4267965698171648,0.38694581389427185,0.2446434646844864,1.0,122.10266876220703,26.049917221069336,0.8136808276176453,0.9482091069221497,1.1621464490890503,13.287339210510254,23,15,8,122.0,0.26147814161247673,moderate_review,117
ground_truth,1.3.6.1.4.1.14519.5.2.1.6279.6001.430109407146633213496148200410,outputs/luna16_saliency_synthetic_gt/1.3.6.1.4.1.14519.5.2.1.6279.6001.430109407146633213496148200410/surface_1.3.6.1.4.1.14519.5.2.1.6279.6001.430109407146633213496148200410.png,outputs/luna16_saliency_synthetic_gt/1.3.6.1.4.1.14519.5.2.1.6279.6001.430109407146633213496148200410/surface_grid_float_1.3.6.1.4.1.14519.5.2.1.6279.6001.430109407146633213496148200410.npy,0.3398025508952661,0.35655370354652405,0.24411317706108093,1.0,106.39561462402344,18.364734649658203,1.237222468852996,1.9017850506305713,2.123054265975952,8.874359130859375,23,15,8,106.0,0.2599274877349996,moderate_review,118
ground_truth,1.3.6.1.4.1.14519.5.2.1.6279.6001.592821488053137951302246128864,outputs/luna16_saliency_synthetic_gt/1.3.6.1.4.1.14519.5.2.1.6279.6001.592821488053137951302246128864/surface_1.3.6.1.4.1.14519.5.2.1.6279.6001.592821488053137951302246128864.png,outputs/luna16_saliency_synthetic_gt/1.3.6.1.4.1.14519.5.2.1.6279.6001.592821488053137951302246128864/surface_grid_float_1.3.6.1.4.1.14519.5.2.1.6279.6001.592821488053137951302246128864.npy,0.5328832752613241,0.35736265778541565,0.2215278595685959,0.9058823585510254,102.23966979980469,17.96657943725586,1.49075528383255,2.6623730707168582,3.4805643558502197,2.462048292160034,18,10,8,98.0,0.25574186021486917,moderate_review,119
ground_truth,1.3.6.1.4.1.14519.5.2.1.6279.6001.900182736599353600185270496549,outputs/luna16_saliency_synthetic_gt/1.3.6.1.4.1.14519.5.2.1.6279.6001.900182736599353600185270496549/surface_1.3.6.1.4.1.14519.5.2.1.6279.6001.900182736599353600185270496549.png,outputs/luna16_saliency_synthetic_gt/1.3.6.1.4.1.14519.5.2.1.6279.6001.900182736599353600185270496549/surface_grid_float_1.3.6.1.4.1.14519.5.2.1.6279.6001.900182736599353600185270496549.npy,0.6463270348331419,0.3279803693294525,0.23306524753570557,0.9176470637321472,109.55044555664062,25.04685401916504,0.9304343551397324,1.4948604798316936,1.8890604972839355,12.389869689941406,18,10,8,109.0,0.25496293407811055,moderate_review,120
ground_truth,1.3.6.1.4.1.14519.5.2.1.6279.6001.286647622786041008124419915089,outputs/luna16_saliency_synthetic_gt/1.3.6.1.4.1.14519.5.2.1.6279.6001.286647622786041008124419915089/surface_1.3.6.1.4.1.14519.5.2.1.6279.6001.286647622786041008124419915089.png,outputs/luna16_saliency_synthetic_gt/1.3.6.1.4.1.14519.5.2.1.6279.6001.286647622786041008124419915089/surface_grid_float_1.3.6.1.4.1.14519.5.2.1.6279.6001.286647622786041008124419915089.npy,0.577559990496555,0.3033543527126312,0.23468315601348877,1.0,114.43473815917969,28.32626724243164,0.9653031885623932,1.0830590891838077,1.1592460870742798,13.648963928222656,18,10,8,113.0,0.25354736722575294,moderate_review,121
ground_truth,1.3.6.1.4.1.14519.5.2.1.6279.6001.225227615446398900698431118292,outputs/luna16_saliency_synthetic_gt/1.3.6.1.4.1.14519.5.2.1.6279.6001.225227615446398900698431118292/surface_1.3.6.1.4.1.14519.5.2.1.6279.6001.225227615446398900698431118292.png,outputs/luna16_saliency_synthetic_gt/1.3.6.1.4.1.14519.5.2.1.6279.6001.225227615446398900698431118292/surface_grid_float_1.3.6.1.4.1.14519.5.2.1.6279.6001.225227615446398900698431118292.npy,0.6559782519692776,0.35262584686279297,0.2119486778974533,0.9176470637321472,89.79792785644531,13.174907684326172,1.3952973127365076,2.76233374595642,5.032111644744873,8.834071159362793,28,20,8,89.0,0.25216449471579655,moderate_review,122
ground_truth,1.3.6.1.4.1.14519.5.2.1.6279.6001.308153138776443962077214577161,outputs/luna16_saliency_synthetic_gt/1.3.6.1.4.1.14519.5.2.1.6279.6001.308153138776443962077214577161/surface_1.3.6.1.4.1.14519.5.2.1.6279.6001.308153138776443962077214577161.png,outputs/luna16_saliency_synthetic_gt/1.3.6.1.4.1.14519.5.2.1.6279.6001.308153138776443962077214577161/surface_grid_float_1.3.6.1.4.1.14519.5.2.1.6279.6001.308153138776443962077214577161.npy,0.6335986068080108,0.3547462224960327,0.2329382300376892,0.9254902005195618,104.46220397949219,26.785411834716797,1.275979256629944,1.4938635015487671,1.5497616529464722,14.561287879943848,18,10,8,103.0,0.251277995856603,moderate_review,123
ground_truth,1.3.6.1.4.1.14519.5.2.1.6279.6001.326057189095429101398977448288,outputs/luna16_saliency_synthetic_gt/1.3.6.1.4.1.14519.5.2.1.6279.6001.326057189095429101398977448288/surface_1.3.6.1.4.1.14519.5.2.1.6279.6001.326057189095429101398977448288.png,outputs/luna16_saliency_synthetic_gt/1.3.6.1.4.1.14519.5.2.1.6279.6001.326057189095429101398977448288/surface_grid_float_1.3.6.1.4.1.14519.5.2.1.6279.6001.326057189095429101398977448288.npy,0.31267399267399265,0.35789936780929565,0.25465986132621765,1.0,84.89541625976562,16.817996978759766,0.9248419284820558,1.921536822319026,14.074703216552734,12.91916561126709,38,30,8,78.0,0.2491768690598731,moderate_review,124
ground_truth,1.3.6.1.4.1.14519.5.2.1.6279.6001.275766318636944297772360944907,outputs/luna16_saliency_synthetic_gt/1.3.6.1.4.1.14519.5.2.1.6279.6001.275766318636944297772360944907/surface_1.3.6.1.4.1.14519.5.2.1.6279.6001.275766318636944297772360944907.png,outputs/luna16_saliency_synthetic_gt/1.3.6.1.4.1.14519.5.2.1.6279.6001.275766318636944297772360944907/surface_grid_float_1.3.6.1.4.1.14519.5.2.1.6279.6001.275766318636944297772360944907.npy,0.5403650026838432,0.38595810532569885,0.23110587894916534,0.9450980424880981,108.25564575195312,24.560348510742188,0.8055968910455704,1.2256106412410734,1.4259494543075562,13.727042198181152,18,10,8,108.0,0.24769893370866772,moderate_review,125
ground_truth,1.3.6.1.4.1.14519.5.2.1.6279.6001.245349763807614756148761326488,outputs/luna16_saliency_synthetic_gt/1.3.6.1.4.1.14519.5.2.1.6279.6001.245349763807614756148761326488/surface_1.3.6.1.4.1.14519.5.2.1.6279.6001.245349763807614756148761326488.png,outputs/luna16_saliency_synthetic_gt/1.3.6.1.4.1.14519.5.2.1.6279.6001.245349763807614756148761326488/surface_grid_float_1.3.6.1.4.1.14519.5.2.1.6279.6001.245349763807614756148761326488.npy,0.5733995994362436,0.32286402583122253,0.24771744012832642,1.0,87.74253845214844,13.934244155883789,1.0118840932846065,2.5734989833831894,5.599990367889404,10.287487030029297,18,10,8,64.0,0.2463036158773637,moderate_review,126
ground_truth,1.3.6.1.4.1.14519.5.2.1.6279.6001.450501966058662668272378865145,outputs/luna16_saliency_synthetic_gt/1.3.6.1.4.1.14519.5.2.1.6279.6001.450501966058662668272378865145/surface_1.3.6.1.4.1.14519.5.2.1.6279.6001.450501966058662668272378865145.png,outputs/luna16_saliency_synthetic_gt/1.3.6.1.4.1.14519.5.2.1.6279.6001.450501966058662668272378865145/surface_grid_float_1.3.6.1.4.1.14519.5.2.1.6279.6001.450501966058662668272378865145.npy,0.5332519829164124,0.3326704502105713,0.22609689831733704,0.9098039269447327,102.37519836425781,20.34385871887207,1.2550381958484647,1.8160865235328676,2.004228353500366,8.917759895324707,18,10,8,102.0,0.24492517052491508,moderate_review,127
ground_truth,1.3.6.1.4.1.14519.5.2.1.6279.6001.188376349804761988217597754952,outputs/luna16_saliency_synthetic_gt/1.3.6.1.4.1.14519.5.2.1.6279.6001.188376349804761988217597754952/surface_1.3.6.1.4.1.14519.5.2.1.6279.6001.188376349804761988217597754952.png,outputs/luna16_saliency_synthetic_gt/1.3.6.1.4.1.14519.5.2.1.6279.6001.188376349804761988217597754952/surface_grid_float_1.3.6.1.4.1.14519.5.2.1.6279.6001.188376349804761988217597754952.npy,0.6277830272249454,0.35895270109176636,0.2231125682592392,0.95686274766922,94.09636688232422,15.898780822753906,1.005250751972198,2.2364581871032727,2.857262372970581,9.229362487792969,28,20,8,93.0,0.2444307181676229,moderate_review,128
ground_truth,1.3.6.1.4.1.14519.5.2.1.6279.6001.113586291551175790743673929831,outputs/luna16_saliency_synthetic_gt/1.3.6.1.4.1.14519.5.2.1.6279.6001.113586291551175790743673929831/surface_1.3.6.1.4.1.14519.5.2.1.6279.6001.113586291551175790743673929831.png,outputs/luna16_saliency_synthetic_gt/1.3.6.1.4.1.14519.5.2.1.6279.6001.113586291551175790743673929831/surface_grid_float_1.3.6.1.4.1.14519.5.2.1.6279.6001.113586291551175790743673929831.npy,0.5927114039650887,0.3582451343536377,0.2068142592906952,0.9176470637321472,94.19569396972656,18.716867446899414,1.0073348402976985,2.601516990661623,7.049620151519775,4.086120128631592,18,10,8,86.0,0.24411859995524096,moderate_review,129
ground_truth,1.3.6.1.4.1.14519.5.2.1.6279.6001.204287915902811325371247860532,outputs/luna16_saliency_synthetic_gt/1.3.6.1.4.1.14519.5.2.1.6279.6001.204287915902811325371247860532/surface_1.3.6.1.4.1.14519.5.2.1.6279.6001.204287915902811325371247860532.png,outputs/luna16_saliency_synthetic_gt/1.3.6.1.4.1.14519.5.2.1.6279.6001.204287915902811325371247860532/surface_grid_float_1.3.6.1.4.1.14519.5.2.1.6279.6001.204287915902811325371247860532.npy,0.5318062095937425,0.42082175612449646,0.2254187911748886,0.9921568632125854,88.65055847167969,16.120197296142578,1.2066358625888824,2.500344038009643,3.5553669929504395,9.485236167907715,18,10,8,82.0,0.24383955452177258,moderate_review,130
ground_truth,1.3.6.1.4.1.14519.5.2.1.6279.6001.272190966764020277652079081128,outputs/luna16_saliency_synthetic_gt/1.3.6.1.4.1.14519.5.2.1.6279.6001.272190966764020277652079081128/surface_1.3.6.1.4.1.14519.5.2.1.6279.6001.272190966764020277652079081128.png,outputs/luna16_saliency_synthetic_gt/1.3.6.1.4.1.14519.5.2.1.6279.6001.272190966764020277652079081128/surface_grid_float_1.3.6.1.4.1.14519.5.2.1.6279.6001.272190966764020277652079081128.npy,0.49916361499163614,0.3831990659236908,0.23079858720302582,1.0,97.31378936767578,15.381349563598633,1.134023642539978,2.0110814952850355,2.3611948490142822,9.366135597229004,18,10,8,97.0,0.24333572846518625,moderate_review,131
ground_truth,1.3.6.1.4.1.14519.5.2.1.6279.6001.311981398931043315779172047718,outputs/luna16_saliency_synthetic_gt/1.3.6.1.4.1.14519.5.2.1.6279.6001.311981398931043315779172047718/surface_1.3.6.1.4.1.14519.5.2.1.6279.6001.311981398931043315779172047718.png,outputs/luna16_saliency_synthetic_gt/1.3.6.1.4.1.14519.5.2.1.6279.6001.311981398931043315779172047718/surface_grid_float_1.3.6.1.4.1.14519.5.2.1.6279.6001.311981398931043315779172047718.npy,0.4374972810719102,0.3358321785926819,0.21425549685955048,0.8549019694328308,94.68429565429688,13.879450798034668,0.7319847136735915,2.202656896114349,15.867112159729004,8.118534088134766,23,15,8,65.0,0.24192805316978028,moderate_review,132
ground_truth,1.3.6.1.4.1.14519.5.2.1.6279.6001.231645134739451754302647733304,outputs/luna16_saliency_synthetic_gt/1.3.6.1.4.1.14519.5.2.1.6279.6001.231645134739451754302647733304/surface_1.3.6.1.4.1.14519.5.2.1.6279.6001.231645134739451754302647733304.png,outputs/luna16_saliency_synthetic_gt/1.3.6.1.4.1.14519.5.2.1.6279.6001.231645134739451754302647733304/surface_grid_float_1.3.6.1.4.1.14519.5.2.1.6279.6001.231645134739451754302647733304.npy,0.5005944055944056,0.3376190662384033,0.2368621677160263,0.9960784316062927,82.09635925292969,13.551608085632324,1.0178599476814238,3.1453851103782746,8.79448413848877,3.9094154834747314,18,10,8,50.0,0.23987640869617488,moderate_review,133
ground_truth,1.3.6.1.4.1.14519.5.2.1.6279.6001.200558451375970945040979397866,outputs/luna16_saliency_synthetic_gt/1.3.6.1.4.1.14519.5.2.1.6279.6001.200558451375970945040979397866/surface_1.3.6.1.4.1.14519.5.2.1.6279.6001.200558451375970945040979397866.png,outputs/luna16_saliency_synthetic_gt/1.3.6.1.4.1.14519.5.2.1.6279.6001.200558451375970945040979397866/surface_grid_float_1.3.6.1.4.1.14519.5.2.1.6279.6001.200558451375970945040979397866.npy,0.5001537289291109,0.33261266350746155,0.23053207993507385,0.929411768913269,93.81796264648438,16.44109344482422,0.9432998657226553,2.1111318683624307,7.058793067932129,8.884194374084473,33,25,8,83.0,0.23943988129297905,moderate_review,134
ground_truth,1.3.6.1.4.1.14519.5.2.1.6279.6001.214800939017429618305208626314,outputs/luna16_saliency_synthetic_gt/1.3.6.1.4.1.14519.5.2.1.6279.6001.214800939017429618305208626314/surface_1.3.6.1.4.1.14519.5.2.1.6279.6001.214800939017429618305208626314.png,outputs/luna16_saliency_synthetic_gt/1.3.6.1.4.1.14519.5.2.1.6279.6001.214800939017429618305208626314/surface_grid_float_1.3.6.1.4.1.14519.5.2.1.6279.6001.214800939017429618305208626314.npy,0.6425892857142858,0.2921682298183441,0.2259371131658554,0.9098039269447327,98.38726043701172,20.870758056640625,0.9806527823209759,1.4115616440772987,2.4767510890960693,14.184747695922852,38,30,8,98.0,0.23784727826383373,moderate_review,135
ground_truth,1.3.6.1.4.1.14519.5.2.1.6279.6001.258220324170977900491673635112,outputs/luna16_saliency_synthetic_gt/1.3.6.1.4.1.14519.5.2.1.6279.6001.258220324170977900491673635112/surface_1.3.6.1.4.1.14519.5.2.1.6279.6001.258220324170977900491673635112.png,outputs/luna16_saliency_synthetic_gt/1.3.6.1.4.1.14519.5.2.1.6279.6001.258220324170977900491673635112/surface_grid_float_1.3.6.1.4.1.14519.5.2.1.6279.6001.258220324170977900491673635112.npy,0.6255830514509525,0.379311740398407,0.21565137803554535,0.9960784316062927,99.51835632324219,18.269142150878906,1.2932424962520597,1.5699122393131255,1.6864203214645386,11.165265083312988,18,10,8,99.0,0.2377729945699374,moderate_review,136
ground_truth,1.3.6.1.4.1.14519.5.2.1.6279.6001.222087811960706096424718056430,outputs/luna16_saliency_synthetic_gt/1.3.6.1.4.1.14519.5.2.1.6279.6001.222087811960706096424718056430/surface_1.3.6.1.4.1.14519.5.2.1.6279.6001.222087811960706096424718056430.png,outputs/luna16_saliency_synthetic_gt/1.3.6.1.4.1.14519.5.2.1.6279.6001.222087811960706096424718056430/surface_grid_float_1.3.6.1.4.1.14519.5.2.1.6279.6001.222087811960706096424718056430.npy,0.6267529483323759,0.31755003333091736,0.22813045978546143,0.929411768913269,88.38068389892578,16.492019653320312,1.251134067773819,2.422926437854768,2.856652021408081,7.8763251304626465,23,15,8,80.0,0.23749187770154745,moderate_review,137
ground_truth,1.3.6.1.4.1.14519.5.2.1.6279.6001.259453428008507791234730686014,outputs/luna16_saliency_synthetic_gt/1.3.6.1.4.1.14519.5.2.1.6279.6001.259453428008507791234730686014/surface_1.3.6.1.4.1.14519.5.2.1.6279.6001.259453428008507791234730686014.png,outputs/luna16_saliency_synthetic_gt/1.3.6.1.4.1.14519.5.2.1.6279.6001.259453428008507791234730686014/surface_grid_float_1.3.6.1.4.1.14519.5.2.1.6279.6001.259453428008507791234730686014.npy,0.6465414710485133,0.31608325242996216,0.2372589409351349,0.8980392217636108,100.06715393066406,25.97579574584961,0.8407999098300923,1.5075459086895002,1.8661240339279175,11.461905479431152,18,10,8,99.0,0.23747586821052766,moderate_review,138
ground_truth,1.3.6.1.4.1.14519.5.2.1.6279.6001.114249388265341701207347458535,outputs/luna16_saliency_synthetic_gt/1.3.6.1.4.1.14519.5.2.1.6279.6001.114249388265341701207347458535/surface_1.3.6.1.4.1.14519.5.2.1.6279.6001.114249388265341701207347458535.png,outputs/luna16_saliency_synthetic_gt/1.3.6.1.4.1.14519.5.2.1.6279.6001.114249388265341701207347458535/surface_grid_float_1.3.6.1.4.1.14519.5.2.1.6279.6001.114249388265341701207347458535.npy,0.39660657476139977,0.3927558958530426,0.24255166947841644,1.0,105.15245056152344,21.34979820251465,1.1391588628292084,1.4134044063091276,1.4960846900939941,8.678597450256348,23,15,8,105.0,0.23694198857016033,moderate_review,139
ground_truth,1.3.6.1.4.1.14519.5.2.1.6279.6001.131939324905446238286154504249,outputs/luna16_saliency_synthetic_gt/1.3.6.1.4.1.14519.5.2.1.6279.6001.131939324905446238286154504249/surface_1.3.6.1.4.1.14519.5.2.1.6279.6001.131939324905446238286154504249.png,outputs/luna16_saliency_synthetic_gt/1.3.6.1.4.1.14519.5.2.1.6279.6001.131939324905446238286154504249/surface_grid_float_1.3.6.1.4.1.14519.5.2.1.6279.6001.131939324905446238286154504249.npy,0.545064841498559,0.3131268322467804,0.22166243195533752,0.8470588326454163,90.86631774902344,16.84742546081543,0.9423681855201732,2.337273764610291,4.336259841918945,6.713967800140381,18,10,8,85.0,0.23648200429810418,moderate_review,140
ground_truth,1.3.6.1.4.1.14519.5.2.1.6279.6001.142485715518010940961688015191,outputs/luna16_saliency_synthetic_gt/1.3.6.1.4.1.14519.5.2.1.6279.6001.142485715518010940961688015191/surface_1.3.6.1.4.1.14519.5.2.1.6279.6001.142485715518010940961688015191.png,outputs/luna16_saliency_synthetic_gt/1.3.6.1.4.1.14519.5.2.1.6279.6001.142485715518010940961688015191/surface_grid_float_1.3.6.1.4.1.14519.5.2.1.6279.6001.142485715518010940961688015191.npy,0.5868256114046946,0.3433225750923157,0.22908782958984375,0.8990588295459827,100.64274597167969,24.32555389404297,0.8760168910026549,1.2544318437576283,1.3765045404434204,13.030160903930664,23,15,8,100.0,0.23432677838537425,moderate_review,141
ground_truth,1.3.6.1.4.1.14519.5.2.1.6279.6001.292057261351416339496913597985,outputs/luna16_saliency_synthetic_gt/1.3.6.1.4.1.14519.5.2.1.6279.6001.292057261351416339496913597985/surface_1.3.6.1.4.1.14519.5.2.1.6279.6001.292057261351416339496913597985.png,outputs/luna16_saliency_synthetic_gt/1.3.6.1.4.1.14519.5.2.1.6279.6001.292057261351416339496913597985/surface_grid_float_1.3.6.1.4.1.14519.5.2.1.6279.6001.292057261351416339496913597985.npy,0.5989897343979143,0.29962822794914246,0.21855881810188293,0.9137254953384399,90.01033020019531,18.842124938964844,0.9898148506879806,2.2136037540435747,3.100797414779663,7.157635688781738,28,20,8,88.0,0.23233118670781439,moderate_review,142
ground_truth,1.3.6.1.4.1.14519.5.2.1.6279.6001.328789598898469177563438457842,outputs/luna16_saliency_synthetic_gt/1.3.6.1.4.1.14519.5.2.1.6279.6001.328789598898469177563438457842/surface_1.3.6.1.4.1.14519.5.2.1.6279.6001.328789598898469177563438457842.png,outputs/luna16_saliency_synthetic_gt/1.3.6.1.4.1.14519.5.2.1.6279.6001.328789598898469177563438457842/surface_grid_float_1.3.6.1.4.1.14519.5.2.1.6279.6001.328789598898469177563438457842.npy,0.6239817996690848,0.3330957889556885,0.22029398381710052,0.8549019694328308,87.42118835449219,16.887548446655273,0.9406291544437408,1.8851995050907118,3.0993738174438477,13.507872581481934,53,45,8,86.0,0.23227546036905705,moderate_review,143
ground_truth,1.3.6.1.4.1.14519.5.2.1.6279.6001.232011770495640253949434620907,outputs/luna16_saliency_synthetic_gt/1.3.6.1.4.1.14519.5.2.1.6279.6001.232011770495640253949434620907/surface_1.3.6.1.4.1.14519.5.2.1.6279.6001.232011770495640253949434620907.png,outputs/luna16_saliency_synthetic_gt/1.3.6.1.4.1.14519.5.2.1.6279.6001.232011770495640253949434620907/surface_grid_float_1.3.6.1.4.1.14519.5.2.1.6279.6001.232011770495640253949434620907.npy,0.5792806484295846,0.34079477190971375,0.2310488373041153,1.0,84.62896728515625,12.11397933959961,0.8072422772645964,2.5159015393257245,4.774825572967529,6.973931312561035,18,10,8,70.0,0.23202295012739,moderate_review,144
ground_truth,1.3.6.1.4.1.14519.5.2.1.6279.6001.187803155574314810830688534991,outputs/luna16_saliency_synthetic_gt/1.3.6.1.4.1.14519.5.2.1.6279.6001.187803155574314810830688534991/surface_1.3.6.1.4.1.14519.5.2.1.6279.6001.187803155574314810830688534991.png,outputs/luna16_saliency_synthetic_gt/1.3.6.1.4.1.14519.5.2.1.6279.6001.187803155574314810830688534991/surface_grid_float_1.3.6.1.4.1.14519.5.2.1.6279.6001.187803155574314810830688534991.npy,0.5045785194694052,0.39759522676467896,0.20478487014770508,0.9302352982759442,99.09677124023438,25.700054168701172,1.1254421949386593,1.369178671836853,1.436539649963379,11.597967147827148,18,10,8,97.0,0.232009905884001,moderate_review,145
ground_truth,1.3.6.1.4.1.14519.5.2.1.6279.6001.479402560265137632920333093071,outputs/luna16_saliency_synthetic_gt/1.3.6.1.4.1.14519.5.2.1.6279.6001.479402560265137632920333093071/surface_1.3.6.1.4.1.14519.5.2.1.6279.6001.479402560265137632920333093071.png,outputs/luna16_saliency_synthetic_gt/1.3.6.1.4.1.14519.5.2.1.6279.6001.479402560265137632920333093071/surface_grid_float_1.3.6.1.4.1.14519.5.2.1.6279.6001.479402560265137632920333093071.npy,0.6496915079673533,0.3200932443141937,0.21520349383354187,0.9019607901573181,97.62474060058594,16.23806381225586,0.9998724162578583,2.027500498294829,11.668289184570312,2.96809983253479,18,10,8,69.0,0.2301286933554543,moderate_review,146
ground_truth,1.3.6.1.4.1.14519.5.2.1.6279.6001.177985905159808659201278495182,outputs/luna16_saliency_synthetic_gt/1.3.6.1.4.1.14519.5.2.1.6279.6001.177985905159808659201278495182/surface_1.3.6.1.4.1.14519.5.2.1.6279.6001.177985905159808659201278495182.png,outputs/luna16_saliency_synthetic_gt/1.3.6.1.4.1.14519.5.2.1.6279.6001.177985905159808659201278495182/surface_grid_float_1.3.6.1.4.1.14519.5.2.1.6279.6001.177985905159808659201278495182.npy,0.5960804807943559,0.36277297139167786,0.25561192631721497,1.0,85.53216552734375,18.49853515625,1.3338882207870484,2.1534623432159417,3.760103940963745,9.9688081741333,38,30,8,81.0,0.22931038656234737,moderate_review,147
ground_truth,1.3.6.1.4.1.14519.5.2.1.6279.6001.212608679077007918190529579976,outputs/luna16_saliency_synthetic_gt/1.3.6.1.4.1.14519.5.2.1.6279.6001.212608679077007918190529579976/surface_1.3.6.1.4.1.14519.5.2.1.6279.6001.212608679077007918190529579976.png,outputs/luna16_saliency_synthetic_gt/1.3.6.1.4.1.14519.5.2.1.6279.6001.212608679077007918190529579976/surface_grid_float_1.3.6.1.4.1.14519.5.2.1.6279.6001.212608679077007918190529579976.npy,0.4600141102257636,0.4349941313266754,0.2056090384721756,0.886274516582489,92.75703430175781,17.771869659423828,1.2151433646678915,1.6591021776199333,1.7917863130569458,10.331426620483398,18,10,8,92.0,0.22732684832149078,moderate_review,148
ground_truth,1.3.6.1.4.1.14519.5.2.1.6279.6001.253317247142837717905329340520,outputs/luna16_saliency_synthetic_gt/1.3.6.1.4.1.14519.5.2.1.6279.6001.253317247142837717905329340520/surface_1.3.6.1.4.1.14519.5.2.1.6279.6001.253317247142837717905329340520.png,outputs/luna16_saliency_synthetic_gt/1.3.6.1.4.1.14519.5.2.1.6279.6001.253317247142837717905329340520/surface_grid_float_1.3.6.1.4.1.14519.5.2.1.6279.6001.253317247142837717905329340520.npy,0.6423354652362286,0.32086390256881714,0.23421235382556915,0.9607843160629272,72.36201477050781,13.613948822021484,1.1144454479217507,2.9679736185073846,5.749288082122803,7.620755195617676,18,10,8,54.0,0.22657757805188494,moderate_review,149
ground_truth,1.3.6.1.4.1.14519.5.2.1.6279.6001.254254303842550572473665729969,outputs/luna16_saliency_synthetic_gt/1.3.6.1.4.1.14519.5.2.1.6279.6001.254254303842550572473665729969/surface_1.3.6.1.4.1.14519.5.2.1.6279.6001.254254303842550572473665729969.png,outputs/luna16_saliency_synthetic_gt/1.3.6.1.4.1.14519.5.2.1.6279.6001.254254303842550572473665729969/surface_grid_float_1.3.6.1.4.1.14519.5.2.1.6279.6001.254254303842550572473665729969.npy,0.4436724895177617,0.3299787640571594,0.21280057728290558,0.886274516582489,99.78230285644531,20.14942169189453,1.0168112516403198,1.527976298332217,1.698973536491394,5.85269021987915,18,10,8,99.0,0.22514910531044013,moderate_review,150
ground_truth,1.3.6.1.4.1.14519.5.2.1.6279.6001.249530219848512542668813996730,outputs/luna16_saliency_synthetic_gt/1.3.6.1.4.1.14519.5.2.1.6279.6001.249530219848512542668813996730/surface_1.3.6.1.4.1.14519.5.2.1.6279.6001.249530219848512542668813996730.png,outputs/luna16_saliency_synthetic_gt/1.3.6.1.4.1.14519.5.2.1.6279.6001.249530219848512542668813996730/surface_grid_float_1.3.6.1.4.1.14519.5.2.1.6279.6001.249530219848512542668813996730.npy,0.5972531375799195,0.32832542061805725,0.23000949621200562,0.9607843160629272,94.92210388183594,24.233861923217773,0.9227963924407955,1.391013011932373,1.5917092561721802,11.294731140136719,23,15,8,94.0,0.2250332993613349,moderate_review,151
ground_truth,1.3.6.1.4.1.14519.5.2.1.6279.6001.202283133206014258077705539227,outputs/luna16_saliency_synthetic_gt/1.3.6.1.4.1.14519.5.2.1.6279.6001.202283133206014258077705539227/surface_1.3.6.1.4.1.14519.5.2.1.6279.6001.202283133206014258077705539227.png,outputs/luna16_saliency_synthetic_gt/1.3.6.1.4.1.14519.5.2.1.6279.6001.202283133206014258077705539227/surface_grid_float_1.3.6.1.4.1.14519.5.2.1.6279.6001.202283133206014258077705539227.npy,0.5936128627798061,0.3246750235557556,0.22289502620697021,0.8823529481887817,89.04158020019531,17.863277435302734,1.2296374559402463,2.008775351047514,2.338365316390991,7.121796607971191,28,20,8,88.0,0.22449210888279802,moderate_review,152
ground_truth,1.3.6.1.4.1.14519.5.2.1.6279.6001.172243743899615313644757844726,outputs/luna16_saliency_synthetic_gt/1.3.6.1.4.1.14519.5.2.1.6279.6001.172243743899615313644757844726/surface_1.3.6.1.4.1.14519.5.2.1.6279.6001.172243743899615313644757844726.png,outputs/luna16_saliency_synthetic_gt/1.3.6.1.4.1.14519.5.2.1.6279.6001.172243743899615313644757844726/surface_grid_float_1.3.6.1.4.1.14519.5.2.1.6279.6001.172243743899615313644757844726.npy,0.5405394016013485,0.3501221835613251,0.21883879601955414,0.8713725566863899,83.91954040527344,16.80006217956543,0.922356328368187,2.2063155102729803,4.343525409698486,7.285996437072754,18,10,8,76.0,0.22224646917714017,moderate_review,153
ground_truth,1.3.6.1.4.1.14519.5.2.1.6279.6001.156016499715048493339281864474,outputs/luna16_saliency_synthetic_gt/1.3.6.1.4.1.14519.5.2.1.6279.6001.156016499715048493339281864474/surface_1.3.6.1.4.1.14519.5.2.1.6279.6001.156016499715048493339281864474.png,outputs/luna16_saliency_synthetic_gt/1.3.6.1.4.1.14519.5.2.1.6279.6001.156016499715048493339281864474/surface_grid_float_1.3.6.1.4.1.14519.5.2.1.6279.6001.156016499715048493339281864474.npy,0.559345306750151,0.3052915632724762,0.23327378928661346,0.8549019694328308,92.13859558105469,17.12045669555664,1.0037199199199676,1.5483863759040828,1.7993167638778687,9.618009567260742,23,15,8,92.0,0.22138927183945972,moderate_review,154
ground_truth,1.3.6.1.4.1.14519.5.2.1.6279.6001.265453131727473342790950829556,outputs/luna16_saliency_synthetic_gt/1.3.6.1.4.1.14519.5.2.1.6279.6001.265453131727473342790950829556/surface_1.3.6.1.4.1.14519.5.2.1.6279.6001.265453131727473342790950829556.png,outputs/luna16_saliency_synthetic_gt/1.3.6.1.4.1.14519.5.2.1.6279.6001.265453131727473342790950829556/surface_grid_float_1.3.6.1.4.1.14519.5.2.1.6279.6001.265453131727473342790950829556.npy,0.6005772005772005,0.2892632782459259,0.23858003318309784,1.0,85.5169906616211,13.030410766601562,0.9024537086486818,1.765728602409363,12.823698043823242,11.439848899841309,33,25,8,73.0,0.22092206228574118,moderate_review,155
ground_truth,1.3.6.1.4.1.14519.5.2.1.6279.6001.112767175295249119452142211437,outputs/luna16_saliency_synthetic_gt/1.3.6.1.4.1.14519.5.2.1.6279.6001.112767175295249119452142211437/surface_1.3.6.1.4.1.14519.5.2.1.6279.6001.112767175295249119452142211437.png,outputs/luna16_saliency_synthetic_gt/1.3.6.1.4.1.14519.5.2.1.6279.6001.112767175295249119452142211437/surface_grid_float_1.3.6.1.4.1.14519.5.2.1.6279.6001.112767175295249119452142211437.npy,0.4704601334738321,0.3806717097759247,0.2278381586074829,0.9725490212440491,83.2873764038086,15.408600807189941,1.4308910250663762,2.13050687789917,2.731722831726074,7.974216461181641,48,40,8,83.0,0.22044798136817081,moderate_review,156
ground_truth,1.3.6.1.4.1.14519.5.2.1.6279.6001.136830368929967292376608088362,outputs/luna16_saliency_synthetic_gt/1.3.6.1.4.1.14519.5.2.1.6279.6001.136830368929967292376608088362/surface_1.3.6.1.4.1.14519.5.2.1.6279.6001.136830368929967292376608088362.png,outputs/luna16_saliency_synthetic_gt/1.3.6.1.4.1.14519.5.2.1.6279.6001.136830368929967292376608088362/surface_grid_float_1.3.6.1.4.1.14519.5.2.1.6279.6001.136830368929967292376608088362.npy,0.5815349852747029,0.32358595728874207,0.2314213365316391,0.9803921580314636,88.12975311279297,15.42414665222168,0.9646871089935303,1.5518315732479095,1.7595939636230469,10.752131462097168,18,10,8,87.0,0.2173314945234193,moderate_review,157
ground_truth,1.3.6.1.4.1.14519.5.2.1.6279.6001.750792629100457382099842515038,outputs/luna16_saliency_synthetic_gt/1.3.6.1.4.1.14519.5.2.1.6279.6001.750792629100457382099842515038/surface_1.3.6.1.4.1.14519.5.2.1.6279.6001.750792629100457382099842515038.png,outputs/luna16_saliency_synthetic_gt/1.3.6.1.4.1.14519.5.2.1.6279.6001.750792629100457382099842515038/surface_grid_float_1.3.6.1.4.1.14519.5.2.1.6279.6001.750792629100457382099842515038.npy,0.6174549255291351,0.35206159949302673,0.24134878814220428,0.9490196108818054,89.25942993164062,20.63995361328125,1.0364878654479976,1.292713326215744,1.3870712518692017,13.261687278747559,18,10,8,89.0,0.21701753251420125,moderate_review,158
ground_truth,1.3.6.1.4.1.14519.5.2.1.6279.6001.310395752124284049604069960014,outputs/luna16_saliency_synthetic_gt/1.3.6.1.4.1.14519.5.2.1.6279.6001.310395752124284049604069960014/surface_1.3.6.1.4.1.14519.5.2.1.6279.6001.310395752124284049604069960014.png,outputs/luna16_saliency_synthetic_gt/1.3.6.1.4.1.14519.5.2.1.6279.6001.310395752124284049604069960014/surface_grid_float_1.3.6.1.4.1.14519.5.2.1.6279.6001.310395752124284049604069960014.npy,0.629208446384334,0.39548569917678833,0.24119450151920319,1.0,80.251708984375,12.359646797180176,1.2753117561340328,2.056431894302357,2.7755966186523438,9.476297378540039,23,15,8,80.0,0.21650424375534022,moderate_review,159
ground_truth,1.3.6.1.4.1.14519.5.2.1.6279.6001.463588161905537526756964393219,outputs/luna16_saliency_synthetic_gt/1.3.6.1.4.1.14519.5.2.1.6279.6001.463588161905537526756964393219/surface_1.3.6.1.4.1.14519.5.2.1.6279.6001.463588161905537526756964393219.png,outputs/luna16_saliency_synthetic_gt/1.3.6.1.4.1.14519.5.2.1.6279.6001.463588161905537526756964393219/surface_grid_float_1.3.6.1.4.1.14519.5.2.1.6279.6001.463588161905537526756964393219.npy,0.5642929585627354,0.33749935030937195,0.22248144447803497,0.8705882430076599,73.40109252929688,13.12696647644043,1.060549646615982,2.6392157912254306,7.027382850646973,6.643246650695801,28,20,8,61.0,0.21627439828713724,moderate_review,160
ground_truth,1.3.6.1.4.1.14519.5.2.1.6279.6001.308655308958459380153492314021,outputs/luna16_saliency_synthetic_gt/1.3.6.1.4.1.14519.5.2.1.6279.6001.308655308958459380153492314021/surface_1.3.6.1.4.1.14519.5.2.1.6279.6001.308655308958459380153492314021.png,outputs/luna16_saliency_synthetic_gt/1.3.6.1.4.1.14519.5.2.1.6279.6001.308655308958459380153492314021/surface_grid_float_1.3.6.1.4.1.14519.5.2.1.6279.6001.308655308958459380153492314021.npy,0.6456714761376249,0.3288498818874359,0.24875083565711975,1.0,96.06379699707031,18.159198760986328,0.9604110956192015,1.0855318462848664,1.1311354637145996,10.301365852355957,18,10,8,96.0,0.2155642078333431,moderate_review,161
ground_truth,1.3.6.1.4.1.14519.5.2.1.6279.6001.254473943359963613733707320244,outputs/luna16_saliency_synthetic_gt/1.3.6.1.4.1.14519.5.2.1.6279.6001.254473943359963613733707320244/surface_1.3.6.1.4.1.14519.5.2.1.6279.6001.254473943359963613733707320244.png,outputs/luna16_saliency_synthetic_gt/1.3.6.1.4.1.14519.5.2.1.6279.6001.254473943359963613733707320244/surface_grid_float_1.3.6.1.4.1.14519.5.2.1.6279.6001.254473943359963613733707320244.npy,0.5696809040223019,0.3214266896247864,0.22873975336551666,0.9647058844566345,94.07589721679688,20.290563583374023,0.7127820611000061,0.8574548053741456,0.9310325384140015,13.848470687866211,18,10,8,94.0,0.21329118549558854,moderate_review,162
ground_truth,1.3.6.1.4.1.14519.5.2.1.6279.6001.338104567770715523699587505022,outputs/luna16_saliency_synthetic_gt/1.3.6.1.4.1.14519.5.2.1.6279.6001.338104567770715523699587505022/surface_1.3.6.1.4.1.14519.5.2.1.6279.6001.338104567770715523699587505022.png,outputs/luna16_saliency_synthetic_gt/1.3.6.1.4.1.14519.5.2.1.6279.6001.338104567770715523699587505022/surface_grid_float_1.3.6.1.4.1.14519.5.2.1.6279.6001.338104567770715523699587505022.npy,0.5738090370067471,0.3159727454185486,0.23708629608154297,0.9882352948188782,93.25801086425781,19.93389892578125,0.9558815211057662,1.0532966256141663,1.0856983661651611,11.524102210998535,18,10,8,93.0,0.21263803289996253,moderate_review,163
ground_truth,1.3.6.1.4.1.14519.5.2.1.6279.6001.299476369290630280560355838785,outputs/luna16_saliency_synthetic_gt/1.3.6.1.4.1.14519.5.2.1.6279.6001.299476369290630280560355838785/surface_1.3.6.1.4.1.14519.5.2.1.6279.6001.299476369290630280560355838785.png,outputs/luna16_saliency_synthetic_gt/1.3.6.1.4.1.14519.5.2.1.6279.6001.299476369290630280560355838785/surface_grid_float_1.3.6.1.4.1.14519.5.2.1.6279.6001.299476369290630280560355838785.npy,0.551079637798932,0.3184962570667267,0.22623687982559204,0.9647058844566345,93.08448791503906,17.143978118896484,0.8943193852901459,1.0514717400074005,1.105696201324463,11.678022384643555,18,10,8,93.0,0.21263612624671727,moderate_review,164
ground_truth,1.3.6.1.4.1.14519.5.2.1.6279.6001.176362912420491262783064585333,outputs/luna16_saliency_synthetic_gt/1.3.6.1.4.1.14519.5.2.1.6279.6001.176362912420491262783064585333/surface_1.3.6.1.4.1.14519.5.2.1.6279.6001.176362912420491262783064585333.png,outputs/luna16_saliency_synthetic_gt/1.3.6.1.4.1.14519.5.2.1.6279.6001.176362912420491262783064585333/surface_grid_float_1.3.6.1.4.1.14519.5.2.1.6279.6001.176362912420491262783064585333.npy,0.5147360106632439,0.3432987630367279,0.21327000856399536,0.8549019694328308,91.14970397949219,20.399492263793945,0.9643649756908417,1.2601870894432068,1.3478056192398071,9.755836486816406,18,10,8,89.0,0.21140142261981967,moderate_review,165
ground_truth,1.3.6.1.4.1.14519.5.2.1.6279.6001.803987517543436570820681016103,outputs/luna16_saliency_synthetic_gt/1.3.6.1.4.1.14519.5.2.1.6279.6001.803987517543436570820681016103/surface_1.3.6.1.4.1.14519.5.2.1.6279.6001.803987517543436570820681016103.png,outputs/luna16_saliency_synthetic_gt/1.3.6.1.4.1.14519.5.2.1.6279.6001.803987517543436570820681016103/surface_grid_float_1.3.6.1.4.1.14519.5.2.1.6279.6001.803987517543436570820681016103.npy,0.6728620230444097,0.3009459674358368,0.24117116630077362,1.0,95.09841918945312,20.936492919921875,0.7346138000488276,0.8176081842184064,0.873431921005249,12.22793960571289,18,10,8,95.0,0.21019880996611384,moderate_review,166
ground_truth,1.3.6.1.4.1.14519.5.2.1.6279.6001.503980049263254396021509831276,outputs/luna16_saliency_synthetic_gt/1.3.6.1.4.1.14519.5.2.1.6279.6001.503980049263254396021509831276/surface_1.3.6.1.4.1.14519.5.2.1.6279.6001.503980049263254396021509831276.png,outputs/luna16_saliency_synthetic_gt/1.3.6.1.4.1.14519.5.2.1.6279.6001.503980049263254396021509831276/surface_grid_float_1.3.6.1.4.1.14519.5.2.1.6279.6001.503980049263254396021509831276.npy,0.4812737066904663,0.42651495337486267,0.22077396512031555,1.0,89.32887268066406,20.070817947387695,0.8280239850282669,1.1952850937843325,1.3706587553024292,10.789831161499023,23,15,8,89.0,0.20871740986241236,moderate_review,167
ground_truth,1.3.6.1.4.1.14519.5.2.1.6279.6001.227796349777753378641347819780,outputs/luna16_saliency_synthetic_gt/1.3.6.1.4.1.14519.5.2.1.6279.6001.227796349777753378641347819780/surface_1.3.6.1.4.1.14519.5.2.1.6279.6001.227796349777753378641347819780.png,outputs/luna16_saliency_synthetic_gt/1.3.6.1.4.1.14519.5.2.1.6279.6001.227796349777753378641347819780/surface_grid_float_1.3.6.1.4.1.14519.5.2.1.6279.6001.227796349777753378641347819780.npy,0.5915876339450671,0.3241139054298401,0.2246706783771515,0.9176470637321472,89.82484436035156,19.157733917236328,0.8427430808544162,1.0457552814483644,1.1122113466262817,12.333398818969727,23,15,8,89.0,0.20848828530841407,moderate_review,168
ground_truth,1.3.6.1.4.1.14519.5.2.1.6279.6001.167237290696350215427953159586,outputs/luna16_saliency_synthetic_gt/1.3.6.1.4.1.14519.5.2.1.6279.6001.167237290696350215427953159586/surface_1.3.6.1.4.1.14519.5.2.1.6279.6001.167237290696350215427953159586.png,outputs/luna16_saliency_synthetic_gt/1.3.6.1.4.1.14519.5.2.1.6279.6001.167237290696350215427953159586/surface_grid_float_1.3.6.1.4.1.14519.5.2.1.6279.6001.167237290696350215427953159586.npy,0.36600534684114255,0.4417496919631958,0.20548544824123383,1.0,90.44204711914062,21.605100631713867,0.7276290327310562,0.9855895322561251,1.1028738021850586,10.76510238647461,18,10,8,90.0,0.20422688091397279,moderate_review,169
ground_truth,1.3.6.1.4.1.14519.5.2.1.6279.6001.246178337114401749164850220976,outputs/luna16_saliency_synthetic_gt/1.3.6.1.4.1.14519.5.2.1.6279.6001.246178337114401749164850220976/surface_1.3.6.1.4.1.14519.5.2.1.6279.6001.246178337114401749164850220976.png,outputs/luna16_saliency_synthetic_gt/1.3.6.1.4.1.14519.5.2.1.6279.6001.246178337114401749164850220976/surface_grid_float_1.3.6.1.4.1.14519.5.2.1.6279.6001.246178337114401749164850220976.npy,0.5835415152616279,0.3012945353984833,0.2217036634683609,0.8784313797950745,79.4609146118164,15.227558135986328,0.741837760806081,2.1097542309760833,5.109130382537842,3.6519901752471924,18,10,8,72.0,0.20384301833841473,moderate_review,170
ground_truth,1.3.6.1.4.1.14519.5.2.1.6279.6001.504845428620607044098514803031,outputs/luna16_saliency_synthetic_gt/1.3.6.1.4.1.14519.5.2.1.6279.6001.504845428620607044098514803031/surface_1.3.6.1.4.1.14519.5.2.1.6279.6001.504845428620607044098514803031.png,outputs/luna16_saliency_synthetic_gt/1.3.6.1.4.1.14519.5.2.1.6279.6001.504845428620607044098514803031/surface_grid_float_1.3.6.1.4.1.14519.5.2.1.6279.6001.504845428620607044098514803031.npy,0.6012074762300712,0.3224680423736572,0.2396327704191208,0.9019607901573181,75.09944152832031,13.467595100402832,1.0229296088218687,1.9316371452808399,2.961013078689575,9.1045560836792,23,15,8,75.0,0.20334719709157945,moderate_review,171
ground_truth,1.3.6.1.4.1.14519.5.2.1.6279.6001.596908385953413160131451426904,outputs/luna16_saliency_synthetic_gt/1.3.6.1.4.1.14519.5.2.1.6279.6001.596908385953413160131451426904/surface_1.3.6.1.4.1.14519.5.2.1.6279.6001.596908385953413160131451426904.png,outputs/luna16_saliency_synthetic_gt/1.3.6.1.4.1.14519.5.2.1.6279.6001.596908385953413160131451426904/surface_grid_float_1.3.6.1.4.1.14519.5.2.1.6279.6001.596908385953413160131451426904.npy,0.6018483231707317,0.32424837350845337,0.22965383529663086,0.9803921580314636,85.68194580078125,17.34054946899414,0.8898104518651961,1.1735401368141163,1.2555909156799316,10.576407432556152,18,10,8,84.0,0.2015125747336281,moderate_review,172
ground_truth,1.3.6.1.4.1.14519.5.2.1.6279.6001.306520140119968755187868602181,outputs/luna16_saliency_synthetic_gt/1.3.6.1.4.1.14519.5.2.1.6279.6001.306520140119968755187868602181/surface_1.3.6.1.4.1.14519.5.2.1.6279.6001.306520140119968755187868602181.png,outputs/luna16_saliency_synthetic_gt/1.3.6.1.4.1.14519.5.2.1.6279.6001.306520140119968755187868602181/surface_grid_float_1.3.6.1.4.1.14519.5.2.1.6279.6001.306520140119968755187868602181.npy,0.6345930232558139,0.35609209537506104,0.22816875576972961,0.9803921580314636,65.20500946044922,10.705229759216309,0.8751676976680751,2.718540089130403,4.996631145477295,5.01215934753418,23,15,8,48.0,0.20136935032473674,moderate_review,173
ground_truth,1.3.6.1.4.1.14519.5.2.1.6279.6001.161821150841552408667852639317,outputs/luna16_saliency_synthetic_gt/1.3.6.1.4.1.14519.5.2.1.6279.6001.161821150841552408667852639317/surface_1.3.6.1.4.1.14519.5.2.1.6279.6001.161821150841552408667852639317.png,outputs/luna16_saliency_synthetic_gt/1.3.6.1.4.1.14519.5.2.1.6279.6001.161821150841552408667852639317/surface_grid_float_1.3.6.1.4.1.14519.5.2.1.6279.6001.161821150841552408667852639317.npy,0.6622520088174643,0.3265642523765564,0.24451367557048798,1.0,72.88329315185547,14.142711639404297,0.9980831742286667,2.0363886857032645,2.7740590572357178,8.330147743225098,23,15,8,70.0,0.20107525525357947,moderate_review,174
ground_truth,1.3.6.1.4.1.14519.5.2.1.6279.6001.179209990684978588019929720099,outputs/luna16_saliency_synthetic_gt/1.3.6.1.4.1.14519.5.2.1.6279.6001.179209990684978588019929720099/surface_1.3.6.1.4.1.14519.5.2.1.6279.6001.179209990684978588019929720099.png,outputs/luna16_saliency_synthetic_gt/1.3.6.1.4.1.14519.5.2.1.6279.6001.179209990684978588019929720099/surface_grid_float_1.3.6.1.4.1.14519.5.2.1.6279.6001.179209990684978588019929720099.npy,0.6342411142323673,0.3424462676048279,0.24950547516345978,1.0,87.14346313476562,19.800935745239258,0.7591576337814331,1.0959872436523435,1.2366950511932373,10.075967788696289,18,10,8,87.0,0.20050976206461588,moderate_review,175
ground_truth,1.3.6.1.4.1.14519.5.2.1.6279.6001.129650136453746261130135157590,outputs/luna16_saliency_synthetic_gt/1.3.6.1.4.1.14519.5.2.1.6279.6001.129650136453746261130135157590/surface_1.3.6.1.4.1.14519.5.2.1.6279.6001.129650136453746261130135157590.png,outputs/luna16_saliency_synthetic_gt/1.3.6.1.4.1.14519.5.2.1.6279.6001.129650136453746261130135157590/surface_grid_float_1.3.6.1.4.1.14519.5.2.1.6279.6001.129650136453746261130135157590.npy,0.5370055523190146,0.3043525516986847,0.22044096887111664,0.8941176533699036,92.65721893310547,23.669918060302734,0.6751378655433653,0.7282852864265441,0.7449138164520264,10.690142631530762,18,10,8,92.0,0.20003312932915157,moderate_review,176
ground_truth,1.3.6.1.4.1.14519.5.2.1.6279.6001.106419850406056634877579573537,outputs/luna16_saliency_synthetic_gt/1.3.6.1.4.1.14519.5.2.1.6279.6001.106419850406056634877579573537/surface_1.3.6.1.4.1.14519.5.2.1.6279.6001.106419850406056634877579573537.png,outputs/luna16_saliency_synthetic_gt/1.3.6.1.4.1.14519.5.2.1.6279.6001.106419850406056634877579573537/surface_grid_float_1.3.6.1.4.1.14519.5.2.1.6279.6001.106419850406056634877579573537.npy,0.52656,0.31534647941589355,0.2199629843235016,0.8823529481887817,84.13288879394531,20.679622650146484,0.7993411868810661,0.9819237798452376,1.0237809419631958,12.77431869506836,18,10,8,83.0,0.198066569596529,moderate_review,177
ground_truth,1.3.6.1.4.1.14519.5.2.1.6279.6001.118140393257625250121502185026,outputs/luna16_saliency_synthetic_gt/1.3.6.1.4.1.14519.5.2.1.6279.6001.118140393257625250121502185026/surface_1.3.6.1.4.1.14519.5.2.1.6279.6001.118140393257625250121502185026.png,outputs/luna16_saliency_synthetic_gt/1.3.6.1.4.1.14519.5.2.1.6279.6001.118140393257625250121502185026/surface_grid_float_1.3.6.1.4.1.14519.5.2.1.6279.6001.118140393257625250121502185026.npy,0.615705675272029,0.30160561203956604,0.23307901620864868,0.9843137264251709,81.56658935546875,11.691082954406738,0.9276382058858866,1.3444764912128415,3.190277576446533,8.751112937927246,23,15,8,81.0,0.1957255279686715,moderate_review,178
ground_truth,1.3.6.1.4.1.14519.5.2.1.6279.6001.168985655485163461062675655739,outputs/luna16_saliency_synthetic_gt/1.3.6.1.4.1.14519.5.2.1.6279.6001.168985655485163461062675655739/surface_1.3.6.1.4.1.14519.5.2.1.6279.6001.168985655485163461062675655739.png,outputs/luna16_saliency_synthetic_gt/1.3.6.1.4.1.14519.5.2.1.6279.6001.168985655485163461062675655739/surface_grid_float_1.3.6.1.4.1.14519.5.2.1.6279.6001.168985655485163461062675655739.npy,0.5230232390819484,0.338432639837265,0.22227421402931213,0.8901960849761963,75.78128051757812,9.660050392150879,0.8963334798812855,1.4861226689815454,1.8014445304870605,10.807332992553711,28,20,8,75.0,0.19490210980441813,moderate_review,179
ground_truth,1.3.6.1.4.1.14519.5.2.1.6279.6001.229960820686439513664996214638,outputs/luna16_saliency_synthetic_gt/1.3.6.1.4.1.14519.5.2.1.6279.6001.229960820686439513664996214638/surface_1.3.6.1.4.1.14519.5.2.1.6279.6001.229960820686439513664996214638.png,outputs/luna16_saliency_synthetic_gt/1.3.6.1.4.1.14519.5.2.1.6279.6001.229960820686439513664996214638/surface_grid_float_1.3.6.1.4.1.14519.5.2.1.6279.6001.229960820686439513664996214638.npy,0.5060606060606061,0.3392172157764435,0.22550705075263977,0.9764705896377563,88.1878433227539,21.04928970336914,0.727224937081337,0.9054402446746826,1.0131688117980957,9.246524810791016,18,10,8,87.0,0.19469077912436591,moderate_review,180
ground_truth,1.3.6.1.4.1.14519.5.2.1.6279.6001.339484970190920330170416228517,outputs/luna16_saliency_synthetic_gt/1.3.6.1.4.1.14519.5.2.1.6279.6001.339484970190920330170416228517/surface_1.3.6.1.4.1.14519.5.2.1.6279.6001.339484970190920330170416228517.png,outputs/luna16_saliency_synthetic_gt/1.3.6.1.4.1.14519.5.2.1.6279.6001.339484970190920330170416228517/surface_grid_float_1.3.6.1.4.1.14519.5.2.1.6279.6001.339484970190920330170416228517.npy,0.5722851707881895,0.3244096338748932,0.22855080664157867,0.8980392217636108,77.1109848022461,13.26744556427002,1.0821551084518433,1.7625714302063,4.234523296356201,5.85145378112793,28,20,8,71.0,0.19439868153466122,moderate_review,181
ground_truth,1.3.6.1.4.1.14519.5.2.1.6279.6001.296066944953051278419805374238,outputs/luna16_saliency_synthetic_gt/1.3.6.1.4.1.14519.5.2.1.6279.6001.296066944953051278419805374238/surface_1.3.6.1.4.1.14519.5.2.1.6279.6001.296066944953051278419805374238.png,outputs/luna16_saliency_synthetic_gt/1.3.6.1.4.1.14519.5.2.1.6279.6001.296066944953051278419805374238/surface_grid_float_1.3.6.1.4.1.14519.5.2.1.6279.6001.296066944953051278419805374238.npy,0.5951271813073056,0.31517529487609863,0.23894742131233215,0.9333333373069763,78.08859252929688,14.40699577331543,1.1892224252223969,1.6653477251529702,1.8724218606948853,6.330414295196533,18,10,8,76.0,0.19417567329274288,moderate_review,182
ground_truth,1.3.6.1.4.1.14519.5.2.1.6279.6001.177086402277715068525592995222,outputs/luna16_saliency_synthetic_gt/1.3.6.1.4.1.14519.5.2.1.6279.6001.177086402277715068525592995222/surface_1.3.6.1.4.1.14519.5.2.1.6279.6001.177086402277715068525592995222.png,outputs/luna16_saliency_synthetic_gt/1.3.6.1.4.1.14519.5.2.1.6279.6001.177086402277715068525592995222/surface_grid_float_1.3.6.1.4.1.14519.5.2.1.6279.6001.177086402277715068525592995222.npy,0.3402098407154019,0.349338561296463,0.2241770476102829,0.9607843160629272,75.41697692871094,15.96519947052002,0.8595670700073234,1.5980644512176487,1.9605597257614136,6.654951572418213,18,10,8,73.0,0.19402005309047754,moderate_review,183
ground_truth,1.3.6.1.4.1.14519.5.2.1.6279.6001.855232435861303786204450738044,outputs/luna16_saliency_synthetic_gt/1.3.6.1.4.1.14519.5.2.1.6279.6001.855232435861303786204450738044/surface_1.3.6.1.4.1.14519.5.2.1.6279.6001.855232435861303786204450738044.png,outputs/luna16_saliency_synthetic_gt/1.3.6.1.4.1.14519.5.2.1.6279.6001.855232435861303786204450738044/surface_grid_float_1.3.6.1.4.1.14519.5.2.1.6279.6001.855232435861303786204450738044.npy,0.5864828746039611,0.3093322217464447,0.2541169822216034,1.0,86.90042114257812,21.046884536743164,0.7412646174430847,0.9108247613906849,1.0033533573150635,9.621253967285156,18,10,8,86.0,0.19353934245109553,moderate_review,184
ground_truth,1.3.6.1.4.1.14519.5.2.1.6279.6001.315918264676377418120578391325,outputs/luna16_saliency_synthetic_gt/1.3.6.1.4.1.14519.5.2.1.6279.6001.315918264676377418120578391325/surface_1.3.6.1.4.1.14519.5.2.1.6279.6001.315918264676377418120578391325.png,outputs/luna16_saliency_synthetic_gt/1.3.6.1.4.1.14519.5.2.1.6279.6001.315918264676377418120578391325/surface_grid_float_1.3.6.1.4.1.14519.5.2.1.6279.6001.315918264676377418120578391325.npy,0.5771412007864092,0.32527294754981995,0.22788695991039276,0.9411764740943909,82.75755310058594,17.00039291381836,0.7052491605281829,0.9259815526008605,1.1702157258987427,12.225008010864258,18,10,8,81.0,0.19287538621425626,moderate_review,185
ground_truth,1.3.6.1.4.1.14519.5.2.1.6279.6001.240969450540588211676803094518,outputs/luna16_saliency_synthetic_gt/1.3.6.1.4.1.14519.5.2.1.6279.6001.240969450540588211676803094518/surface_1.3.6.1.4.1.14519.5.2.1.6279.6001.240969450540588211676803094518.png,outputs/luna16_saliency_synthetic_gt/1.3.6.1.4.1.14519.5.2.1.6279.6001.240969450540588211676803094518/surface_grid_float_1.3.6.1.4.1.14519.5.2.1.6279.6001.240969450540588211676803094518.npy,0.5872580286286435,0.37270888686180115,0.24521072208881378,1.0,85.0818862915039,19.697702407836914,0.7654315382242202,0.8769237768650056,0.9213356375694275,10.88615894317627,18,10,8,85.0,0.19230232144329282,moderate_review,186
ground_truth,1.3.6.1.4.1.14519.5.2.1.6279.6001.557875302364105947813979213632,outputs/luna16_saliency_synthetic_gt/1.3.6.1.4.1.14519.5.2.1.6279.6001.557875302364105947813979213632/surface_1.3.6.1.4.1.14519.5.2.1.6279.6001.557875302364105947813979213632.png,outputs/luna16_saliency_synthetic_gt/1.3.6.1.4.1.14519.5.2.1.6279.6001.557875302364105947813979213632/surface_grid_float_1.3.6.1.4.1.14519.5.2.1.6279.6001.557875302364105947813979213632.npy,0.5822708320744456,0.3685697615146637,0.2224203497171402,1.0,88.46865844726562,14.981892585754395,0.8022495388984683,0.9269700121879576,3.3996360301971436,7.615431308746338,23,15,8,88.0,0.19218004513051773,moderate_review,187
ground_truth,1.3.6.1.4.1.14519.5.2.1.6279.6001.487268565754493433372433148666,outputs/luna16_saliency_synthetic_gt/1.3.6.1.4.1.14519.5.2.1.6279.6001.487268565754493433372433148666/surface_1.3.6.1.4.1.14519.5.2.1.6279.6001.487268565754493433372433148666.png,outputs/luna16_saliency_synthetic_gt/1.3.6.1.4.1.14519.5.2.1.6279.6001.487268565754493433372433148666/surface_grid_float_1.3.6.1.4.1.14519.5.2.1.6279.6001.487268565754493433372433148666.npy,0.37103127079174986,0.38679808378219604,0.23709894716739655,0.9333333373069763,85.88023376464844,22.18309211730957,0.742690733075142,0.9217822295427316,1.0260939598083496,9.235150337219238,18,10,8,85.0,0.19130974613229432,moderate_review,188
ground_truth,1.3.6.1.4.1.14519.5.2.1.6279.6001.338875090785618956575597613546,outputs/luna16_saliency_synthetic_gt/1.3.6.1.4.1.14519.5.2.1.6279.6001.338875090785618956575597613546/surface_1.3.6.1.4.1.14519.5.2.1.6279.6001.338875090785618956575597613546.png,outputs/luna16_saliency_synthetic_gt/1.3.6.1.4.1.14519.5.2.1.6279.6001.338875090785618956575597613546/surface_grid_float_1.3.6.1.4.1.14519.5.2.1.6279.6001.338875090785618956575597613546.npy,0.5966766020864381,0.34525182843208313,0.22316625714302063,0.9019607901573181,82.32958984375,15.296756744384766,0.867489010095596,1.0938981437683095,1.698643445968628,9.061844825744629,38,30,8,82.0,0.19017036033206514,moderate_review,189
ground_truth,1.3.6.1.4.1.14519.5.2.1.6279.6001.179162671133894061547290922949,outputs/luna16_saliency_synthetic_gt/1.3.6.1.4.1.14519.5.2.1.6279.6001.179162671133894061547290922949/surface_1.3.6.1.4.1.14519.5.2.1.6279.6001.179162671133894061547290922949.png,outputs/luna16_saliency_synthetic_gt/1.3.6.1.4.1.14519.5.2.1.6279.6001.179162671133894061547290922949/surface_grid_float_1.3.6.1.4.1.14519.5.2.1.6279.6001.179162671133894061547290922949.npy,0.5798163189467538,0.3397190272808075,0.23303881287574768,0.8901960849761963,85.08468627929688,16.320205688476562,0.740720534324646,0.966690181493759,1.0604913234710693,8.691704750061035,23,15,8,85.0,0.19012341535488764,moderate_review,190
ground_truth,1.3.6.1.4.1.14519.5.2.1.6279.6001.198698492013538481395497694975,outputs/luna16_saliency_synthetic_gt/1.3.6.1.4.1.14519.5.2.1.6279.6001.198698492013538481395497694975/surface_1.3.6.1.4.1.14519.5.2.1.6279.6001.198698492013538481395497694975.png,outputs/luna16_saliency_synthetic_gt/1.3.6.1.4.1.14519.5.2.1.6279.6001.198698492013538481395497694975/surface_grid_float_1.3.6.1.4.1.14519.5.2.1.6279.6001.198698492013538481395497694975.npy,0.5699813631522896,0.3114772439002991,0.22259864211082458,0.8274509906768799,82.29704284667969,16.007192611694336,0.8066609144210816,0.9629904448986045,2.528491735458374,9.949451446533203,23,15,8,81.0,0.18816134352816472,moderate_review,191
ground_truth,1.3.6.1.4.1.14519.5.2.1.6279.6001.154837327827713479309898027966,outputs/luna16_saliency_synthetic_gt/1.3.6.1.4.1.14519.5.2.1.6279.6001.154837327827713479309898027966/surface_1.3.6.1.4.1.14519.5.2.1.6279.6001.154837327827713479309898027966.png,outputs/luna16_saliency_synthetic_gt/1.3.6.1.4.1.14519.5.2.1.6279.6001.154837327827713479309898027966/surface_grid_float_1.3.6.1.4.1.14519.5.2.1.6279.6001.154837327827713479309898027966.npy,0.5706510167145746,0.3602564334869385,0.23047344386577606,0.9843137264251709,80.19447326660156,14.939812660217285,0.6582960903644561,1.128860255479804,4.77532958984375,9.012109756469727,38,30,8,79.0,0.18755017367866278,moderate_review,192
ground_truth,1.3.6.1.4.1.14519.5.2.1.6279.6001.172573195301625265149778785969,outputs/luna16_saliency_synthetic_gt/1.3.6.1.4.1.14519.5.2.1.6279.6001.172573195301625265149778785969/surface_1.3.6.1.4.1.14519.5.2.1.6279.6001.172573195301625265149778785969.png,outputs/luna16_saliency_synthetic_gt/1.3.6.1.4.1.14519.5.2.1.6279.6001.172573195301625265149778785969/surface_grid_float_1.3.6.1.4.1.14519.5.2.1.6279.6001.172573195301625265149778785969.npy,0.6155151827312528,0.28186607360839844,0.22726508975028992,0.9490196108818054,76.51115417480469,18.0184268951416,0.6692232340574265,1.1024039685726166,1.4023902416229248,11.803287506103516,18,10,8,74.0,0.1868202371398608,moderate_review,193
ground_truth,1.3.6.1.4.1.14519.5.2.1.6279.6001.183843376225716802567192412456,outputs/luna16_saliency_synthetic_gt/1.3.6.1.4.1.14519.5.2.1.6279.6001.183843376225716802567192412456/surface_1.3.6.1.4.1.14519.5.2.1.6279.6001.183843376225716802567192412456.png,outputs/luna16_saliency_synthetic_gt/1.3.6.1.4.1.14519.5.2.1.6279.6001.183843376225716802567192412456/surface_grid_float_1.3.6.1.4.1.14519.5.2.1.6279.6001.183843376225716802567192412456.npy,0.4059780119102153,0.35710689425468445,0.2347802221775055,0.9019607901573181,78.68156433105469,16.897111892700195,0.8834532171487804,1.370478994846349,1.843377709388733,6.265810489654541,28,20,8,78.0,0.1861743337074917,moderate_review,194
ground_truth,1.3.6.1.4.1.14519.5.2.1.6279.6001.569096986145782511000054443951,outputs/luna16_saliency_synthetic_gt/1.3.6.1.4.1.14519.5.2.1.6279.6001.569096986145782511000054443951/surface_1.3.6.1.4.1.14519.5.2.1.6279.6001.569096986145782511000054443951.png,outputs/luna16_saliency_synthetic_gt/1.3.6.1.4.1.14519.5.2.1.6279.6001.569096986145782511000054443951/surface_grid_float_1.3.6.1.4.1.14519.5.2.1.6279.6001.569096986145782511000054443951.npy,0.5691821716189948,0.30322813987731934,0.2380923330783844,0.95686274766922,80.05879211425781,17.876041412353516,0.7981346100568771,0.9200943320989607,0.9509931802749634,11.002187728881836,18,10,8,80.0,0.18548345621758036,moderate_review,195
ground_truth,1.3.6.1.4.1.14519.5.2.1.6279.6001.153181766344026020914478182395,outputs/luna16_saliency_synthetic_gt/1.3.6.1.4.1.14519.5.2.1.6279.6001.153181766344026020914478182395/surface_1.3.6.1.4.1.14519.5.2.1.6279.6001.153181766344026020914478182395.png,outputs/luna16_saliency_synthetic_gt/1.3.6.1.4.1.14519.5.2.1.6279.6001.153181766344026020914478182395/surface_grid_float_1.3.6.1.4.1.14519.5.2.1.6279.6001.153181766344026020914478182395.npy,0.619733959311424,0.31659698486328125,0.2393796443939209,0.9803921580314636,63.40380859375,10.981363296508789,0.76627737879753,2.156710994243623,3.883328914642334,6.744847297668457,18,10,8,57.0,0.1853628937005997,moderate_review,196
ground_truth,1.3.6.1.4.1.14519.5.2.1.6279.6001.225154811831720426832024114593,outputs/luna16_saliency_synthetic_gt/1.3.6.1.4.1.14519.5.2.1.6279.6001.225154811831720426832024114593/surface_1.3.6.1.4.1.14519.5.2.1.6279.6001.225154811831720426832024114593.png,outputs/luna16_saliency_synthetic_gt/1.3.6.1.4.1.14519.5.2.1.6279.6001.225154811831720426832024114593/surface_grid_float_1.3.6.1.4.1.14519.5.2.1.6279.6001.225154811831720426832024114593.npy,0.5584738329597505,0.33768460154533386,0.21973180770874023,0.9372549057006836,70.955810546875,9.677072525024414,0.7070746541023246,1.7153463816642773,3.6743571758270264,6.989184379577637,23,15,8,67.0,0.18525159653822584,moderate_review,197
ground_truth,1.3.6.1.4.1.14519.5.2.1.6279.6001.910757789941076242457816491305,outputs/luna16_saliency_synthetic_gt/1.3.6.1.4.1.14519.5.2.1.6279.6001.910757789941076242457816491305/surface_1.3.6.1.4.1.14519.5.2.1.6279.6001.910757789941076242457816491305.png,outputs/luna16_saliency_synthetic_gt/1.3.6.1.4.1.14519.5.2.1.6279.6001.910757789941076242457816491305/surface_grid_float_1.3.6.1.4.1.14519.5.2.1.6279.6001.910757789941076242457816491305.npy,0.4312339182642157,0.3313446044921875,0.21591055393218994,0.8625490278005485,67.65592956542969,10.025782585144043,0.6346178144216537,1.8793321096897027,5.5211029052734375,6.690844535827637,23,15,8,40.0,0.18400838931269084,moderate_review,198
ground_truth,1.3.6.1.4.1.14519.5.2.1.6279.6001.161855583909753609742728521805,outputs/luna16_saliency_synthetic_gt/1.3.6.1.4.1.14519.5.2.1.6279.6001.161855583909753609742728521805/surface_1.3.6.1.4.1.14519.5.2.1.6279.6001.161855583909753609742728521805.png,outputs/luna16_saliency_synthetic_gt/1.3.6.1.4.1.14519.5.2.1.6279.6001.161855583909753609742728521805/surface_grid_float_1.3.6.1.4.1.14519.5.2.1.6279.6001.161855583909753609742728521805.npy,0.5611160714285715,0.402246356010437,0.21623459458351135,0.9215686321258545,67.28024291992188,15.522475242614746,0.8203454643487927,1.545147898197174,3.4326956272125244,11.423745155334473,33,25,8,66.0,0.18387427549097274,moderate_review,199
ground_truth,1.3.6.1.4.1.14519.5.2.1.6279.6001.206028343897359374907954580114,outputs/luna16_saliency_synthetic_gt/1.3.6.1.4.1.14519.5.2.1.6279.6001.206028343897359374907954580114/surface_1.3.6.1.4.1.14519.5.2.1.6279.6001.206028343897359374907954580114.png,outputs/luna16_saliency_synthetic_gt/1.3.6.1.4.1.14519.5.2.1.6279.6001.206028343897359374907954580114/surface_grid_float_1.3.6.1.4.1.14519.5.2.1.6279.6001.206028343897359374907954580114.npy,0.5577157416638971,0.3888329565525055,0.2380218356847763,1.0,79.11042785644531,14.429036140441895,0.7579842060804367,0.9365166544914253,0.9860535264015198,9.877738952636719,23,15,8,79.0,0.18189674373467762,moderate_review,200
ground_truth,1.3.6.1.4.1.14519.5.2.1.6279.6001.124663713663969377020085460568,outputs/luna16_saliency_synthetic_gt/1.3.6.1.4.1.14519.5.2.1.6279.6001.124663713663969377020085460568/surface_1.3.6.1.4.1.14519.5.2.1.6279.6001.124663713663969377020085460568.png,outputs/luna16_saliency_synthetic_gt/1.3.6.1.4.1.14519.5.2.1.6279.6001.124663713663969377020085460568/surface_grid_float_1.3.6.1.4.1.14519.5.2.1.6279.6001.124663713663969377020085460568.npy,0.3599488135555825,0.3720391094684601,0.19942623376846313,0.8666666746139526,71.21090698242188,15.138104438781738,0.6717014908790583,1.5812183618545652,3.64685320854187,6.721633434295654,23,15,8,61.0,0.18134524212943218,moderate_review,201
ground_truth,1.3.6.1.4.1.14519.5.2.1.6279.6001.272123398257168239653655006815,outputs/luna16_saliency_synthetic_gt/1.3.6.1.4.1.14519.5.2.1.6279.6001.272123398257168239653655006815/surface_1.3.6.1.4.1.14519.5.2.1.6279.6001.272123398257168239653655006815.png,outputs/luna16_saliency_synthetic_gt/1.3.6.1.4.1.14519.5.2.1.6279.6001.272123398257168239653655006815/surface_grid_float_1.3.6.1.4.1.14519.5.2.1.6279.6001.272123398257168239653655006815.npy,0.5399570835691379,0.3443499207496643,0.23037457466125488,0.95686274766922,76.27592468261719,16.203941345214844,0.6417234838008881,1.1260107159614565,1.8683725595474243,8.81761646270752,23,15,8,75.0,0.18050156586700017,moderate_review,202
ground_truth,1.3.6.1.4.1.14519.5.2.1.6279.6001.147325126373007278009743173696,outputs/luna16_saliency_synthetic_gt/1.3.6.1.4.1.14519.5.2.1.6279.6001.147325126373007278009743173696/surface_1.3.6.1.4.1.14519.5.2.1.6279.6001.147325126373007278009743173696.png,outputs/luna16_saliency_synthetic_gt/1.3.6.1.4.1.14519.5.2.1.6279.6001.147325126373007278009743173696/surface_grid_float_1.3.6.1.4.1.14519.5.2.1.6279.6001.147325126373007278009743173696.npy,0.5446095940392518,0.33393195271492004,0.22879108786582947,0.9137254953384399,79.02593994140625,16.37451171875,0.9073031276464463,1.1165071117877958,1.1751947402954102,6.120968818664551,18,10,8,79.0,0.1788072661863433,moderate_review,203
ground_truth,1.3.6.1.4.1.14519.5.2.1.6279.6001.270788655216695628640355888562,outputs/luna16_saliency_synthetic_gt/1.3.6.1.4.1.14519.5.2.1.6279.6001.270788655216695628640355888562/surface_1.3.6.1.4.1.14519.5.2.1.6279.6001.270788655216695628640355888562.png,outputs/luna16_saliency_synthetic_gt/1.3.6.1.4.1.14519.5.2.1.6279.6001.270788655216695628640355888562/surface_grid_float_1.3.6.1.4.1.14519.5.2.1.6279.6001.270788655216695628640355888562.npy,0.5593265920826161,0.32109808921813965,0.23455524444580078,1.0,78.93595886230469,19.78489112854004,0.7973924309015273,0.8852334696054459,0.9363881945610046,9.306060791015625,18,10,8,78.0,0.1787970706164837,moderate_review,204
ground_truth,1.3.6.1.4.1.14519.5.2.1.6279.6001.299767339686526858593516834230,outputs/luna16_saliency_synthetic_gt/1.3.6.1.4.1.14519.5.2.1.6279.6001.299767339686526858593516834230/surface_1.3.6.1.4.1.14519.5.2.1.6279.6001.299767339686526858593516834230.png,outputs/luna16_saliency_synthetic_gt/1.3.6.1.4.1.14519.5.2.1.6279.6001.299767339686526858593516834230/surface_grid_float_1.3.6.1.4.1.14519.5.2.1.6279.6001.299767339686526858593516834230.npy,0.6284711521999657,0.3769865930080414,0.2202688306570053,0.9882352948188782,72.06913757324219,15.3823823928833,0.7720939308404922,0.9829729020595545,1.106266736984253,12.65919303894043,33,25,8,72.0,0.1777359564370579,moderate_review,205
ground_truth,1.3.6.1.4.1.14519.5.2.1.6279.6001.214252223927572015414741039150,outputs/luna16_saliency_synthetic_gt/1.3.6.1.4.1.14519.5.2.1.6279.6001.214252223927572015414741039150/surface_1.3.6.1.4.1.14519.5.2.1.6279.6001.214252223927572015414741039150.png,outputs/luna16_saliency_synthetic_gt/1.3.6.1.4.1.14519.5.2.1.6279.6001.214252223927572015414741039150/surface_grid_float_1.3.6.1.4.1.14519.5.2.1.6279.6001.214252223927572015414741039150.npy,0.4947299664499273,0.3674681484699249,0.21779638528823853,0.8745098114013672,79.13276672363281,21.372886657714844,0.7511210590600967,0.8431466454267502,0.8680750727653503,9.02097225189209,23,15,8,79.0,0.17722894890639518,moderate_review,206
ground_truth,1.3.6.1.4.1.14519.5.2.1.6279.6001.257383535269991165447822992959,outputs/luna16_saliency_synthetic_gt/1.3.6.1.4.1.14519.5.2.1.6279.6001.257383535269991165447822992959/surface_1.3.6.1.4.1.14519.5.2.1.6279.6001.257383535269991165447822992959.png,outputs/luna16_saliency_synthetic_gt/1.3.6.1.4.1.14519.5.2.1.6279.6001.257383535269991165447822992959/surface_grid_float_1.3.6.1.4.1.14519.5.2.1.6279.6001.257383535269991165447822992959.npy,0.6299681037881232,0.35098934173583984,0.23366321623325348,0.8392156958580017,62.54533386230469,9.61314868927002,0.8024731278419495,1.8960295975208241,2.6682279109954834,7.219457149505615,28,20,8,61.0,0.17716634913947835,moderate_review,207
ground_truth,1.3.6.1.4.1.14519.5.2.1.6279.6001.147250707071097813243473865421,outputs/luna16_saliency_synthetic_gt/1.3.6.1.4.1.14519.5.2.1.6279.6001.147250707071097813243473865421/surface_1.3.6.1.4.1.14519.5.2.1.6279.6001.147250707071097813243473865421.png,outputs/luna16_saliency_synthetic_gt/1.3.6.1.4.1.14519.5.2.1.6279.6001.147250707071097813243473865421/surface_grid_float_1.3.6.1.4.1.14519.5.2.1.6279.6001.147250707071097813243473865421.npy,0.4460532687651332,0.35337984561920166,0.22121870517730713,0.9333333373069763,77.14205932617188,17.95327377319336,0.8606060981750486,0.9836466169357301,1.0710008144378662,8.567024230957031,18,10,8,77.0,0.177117329009374,moderate_review,208
ground_truth,1.3.6.1.4.1.14519.5.2.1.6279.6001.280972147860943609388015648430,outputs/luna16_saliency_synthetic_gt/1.3.6.1.4.1.14519.5.2.1.6279.6001.280972147860943609388015648430/surface_1.3.6.1.4.1.14519.5.2.1.6279.6001.280972147860943609388015648430.png,outputs/luna16_saliency_synthetic_gt/1.3.6.1.4.1.14519.5.2.1.6279.6001.280972147860943609388015648430/surface_grid_float_1.3.6.1.4.1.14519.5.2.1.6279.6001.280972147860943609388015648430.npy,0.6283975259357828,0.29323381185531616,0.2282949835062027,0.8745098114013672,76.79499053955078,15.336834907531738,0.73210671544075,0.9361791133880615,0.9945571422576904,8.845290184020996,18,10,8,75.0,0.17573322470982872,moderate_review,209
ground_truth,1.3.6.1.4.1.14519.5.2.1.6279.6001.300146276266881736689307479986,outputs/luna16_saliency_synthetic_gt/1.3.6.1.4.1.14519.5.2.1.6279.6001.300146276266881736689307479986/surface_1.3.6.1.4.1.14519.5.2.1.6279.6001.300146276266881736689307479986.png,outputs/luna16_saliency_synthetic_gt/1.3.6.1.4.1.14519.5.2.1.6279.6001.300146276266881736689307479986/surface_grid_float_1.3.6.1.4.1.14519.5.2.1.6279.6001.300146276266881736689307479986.npy,0.5583021661212405,0.3510904908180237,0.22674986720085144,0.9741176486015377,71.14253234863281,13.907719612121582,0.9305859804153442,1.337569922208786,1.4630922079086304,7.3813557624816895,18,10,8,71.0,0.1751009977194998,moderate_review,210
ground_truth,1.3.6.1.4.1.14519.5.2.1.6279.6001.246758220302211646532176593724,outputs/luna16_saliency_synthetic_gt/1.3.6.1.4.1.14519.5.2.1.6279.6001.246758220302211646532176593724/surface_1.3.6.1.4.1.14519.5.2.1.6279.6001.246758220302211646532176593724.png,outputs/luna16_saliency_synthetic_gt/1.3.6.1.4.1.14519.5.2.1.6279.6001.246758220302211646532176593724/surface_grid_float_1.3.6.1.4.1.14519.5.2.1.6279.6001.246758220302211646532176593724.npy,0.506819535917296,0.34615427255630493,0.25280138850212097,1.0,66.92958068847656,11.332460403442383,0.850674033164978,1.7824422121047974,2.8838961124420166,3.907724380493164,18,10,8,63.0,0.17370639946725633,moderate_review,211
ground_truth,1.3.6.1.4.1.14519.5.2.1.6279.6001.283569726884265181140892667131,outputs/luna16_saliency_synthetic_gt/1.3.6.1.4.1.14519.5.2.1.6279.6001.283569726884265181140892667131/surface_1.3.6.1.4.1.14519.5.2.1.6279.6001.283569726884265181140892667131.png,outputs/luna16_saliency_synthetic_gt/1.3.6.1.4.1.14519.5.2.1.6279.6001.283569726884265181140892667131/surface_grid_float_1.3.6.1.4.1.14519.5.2.1.6279.6001.283569726884265181140892667131.npy,0.5739010453379726,0.3534717261791229,0.2365342378616333,0.929411768913269,71.5932846069336,13.141827583312988,0.824905431270599,1.1454005956649809,1.3267585039138794,7.717469692230225,28,20,8,71.0,0.1708340915309059,moderate_review,212
ground_truth,1.3.6.1.4.1.14519.5.2.1.6279.6001.100225287222365663678666836860,outputs/luna16_saliency_synthetic_gt/1.3.6.1.4.1.14519.5.2.1.6279.6001.100225287222365663678666836860/surface_1.3.6.1.4.1.14519.5.2.1.6279.6001.100225287222365663678666836860.png,outputs/luna16_saliency_synthetic_gt/1.3.6.1.4.1.14519.5.2.1.6279.6001.100225287222365663678666836860/surface_grid_float_1.3.6.1.4.1.14519.5.2.1.6279.6001.100225287222365663678666836860.npy,0.6038341864900131,0.3174103796482086,0.23546889424324036,1.0,72.58502197265625,17.54935646057129,0.5364252179861068,1.0065883827209474,1.4447404146194458,8.268102645874023,18,10,8,71.0,0.16954624953799777,moderate_review,213
ground_truth,1.3.6.1.4.1.14519.5.2.1.6279.6001.299806338046301317870803017534,outputs/luna16_saliency_synthetic_gt/1.3.6.1.4.1.14519.5.2.1.6279.6001.299806338046301317870803017534/surface_1.3.6.1.4.1.14519.5.2.1.6279.6001.299806338046301317870803017534.png,outputs/luna16_saliency_synthetic_gt/1.3.6.1.4.1.14519.5.2.1.6279.6001.299806338046301317870803017534/surface_grid_float_1.3.6.1.4.1.14519.5.2.1.6279.6001.299806338046301317870803017534.npy,0.5310136452241715,0.3405635356903076,0.23477503657341003,0.9764705896377563,69.08372497558594,12.388176918029785,0.9945373028516766,1.3756982922554022,2.2279775142669678,5.778687477111816,33,25,8,69.0,0.16925201812055377,moderate_review,214
ground_truth,1.3.6.1.4.1.14519.5.2.1.6279.6001.141511313712034597336182402384,outputs/luna16_saliency_synthetic_gt/1.3.6.1.4.1.14519.5.2.1.6279.6001.141511313712034597336182402384/surface_1.3.6.1.4.1.14519.5.2.1.6279.6001.141511313712034597336182402384.png,outputs/luna16_saliency_synthetic_gt/1.3.6.1.4.1.14519.5.2.1.6279.6001.141511313712034597336182402384/surface_grid_float_1.3.6.1.4.1.14519.5.2.1.6279.6001.141511313712034597336182402384.npy,0.6361604256341098,0.31621620059013367,0.24503619968891144,0.9686274528503418,69.21392059326172,14.632376670837402,0.6000680923461914,1.1313127040863036,1.4111583232879639,8.95087718963623,23,15,8,69.0,0.1691867536438836,moderate_review,215
ground_truth,1.3.6.1.4.1.14519.5.2.1.6279.6001.332829333783605240302521201463,outputs/luna16_saliency_synthetic_gt/1.3.6.1.4.1.14519.5.2.1.6279.6001.332829333783605240302521201463/surface_1.3.6.1.4.1.14519.5.2.1.6279.6001.332829333783605240302521201463.png,outputs/luna16_saliency_synthetic_gt/1.3.6.1.4.1.14519.5.2.1.6279.6001.332829333783605240302521201463/surface_grid_float_1.3.6.1.4.1.14519.5.2.1.6279.6001.332829333783605240302521201463.npy,0.5481651781766734,0.3852301239967346,0.2189057171344757,0.9450980424880981,70.17228698730469,12.744050979614258,0.940413653850555,1.1933729839324947,1.2948931455612183,7.120960712432861,33,25,8,70.0,0.16857935830222234,moderate_review,216
ground_truth,1.3.6.1.4.1.14519.5.2.1.6279.6001.219909753224298157409438012179,outputs/luna16_saliency_synthetic_gt/1.3.6.1.4.1.14519.5.2.1.6279.6001.219909753224298157409438012179/surface_1.3.6.1.4.1.14519.5.2.1.6279.6001.219909753224298157409438012179.png,outputs/luna16_saliency_synthetic_gt/1.3.6.1.4.1.14519.5.2.1.6279.6001.219909753224298157409438012179/surface_grid_float_1.3.6.1.4.1.14519.5.2.1.6279.6001.219909753224298157409438012179.npy,0.6659807692307692,0.32358211278915405,0.24603839218616486,0.9019607901573181,63.55271911621094,11.251435279846191,1.0104981601238248,1.722343510389328,2.2313730716705322,4.87846040725708,18,10,8,62.0,0.168432526965936,moderate_review,217
ground_truth,1.3.6.1.4.1.14519.5.2.1.6279.6001.436403998650924660479049012235,outputs/luna16_saliency_synthetic_gt/1.3.6.1.4.1.14519.5.2.1.6279.6001.436403998650924660479049012235/surface_1.3.6.1.4.1.14519.5.2.1.6279.6001.436403998650924660479049012235.png,outputs/luna16_saliency_synthetic_gt/1.3.6.1.4.1.14519.5.2.1.6279.6001.436403998650924660479049012235/surface_grid_float_1.3.6.1.4.1.14519.5.2.1.6279.6001.436403998650924660479049012235.npy,0.39485773562537047,0.3573824167251587,0.21673446893692017,0.8705882430076599,65.06552124023438,12.984604835510254,0.708147868514061,1.5369746387004852,2.192478656768799,5.633945465087891,18,10,8,61.0,0.1670716533727116,moderate_review,218
ground_truth,1.3.6.1.4.1.14519.5.2.1.6279.6001.199069398344356765037879821616,outputs/luna16_saliency_synthetic_gt/1.3.6.1.4.1.14519.5.2.1.6279.6001.199069398344356765037879821616/surface_1.3.6.1.4.1.14519.5.2.1.6279.6001.199069398344356765037879821616.png,outputs/luna16_saliency_synthetic_gt/1.3.6.1.4.1.14519.5.2.1.6279.6001.199069398344356765037879821616/surface_grid_float_1.3.6.1.4.1.14519.5.2.1.6279.6001.199069398344356765037879821616.npy,0.5521012621916236,0.31052377820014954,0.22159290313720703,0.9176470637321472,76.74187469482422,18.652830123901367,0.6188262462615967,0.677814209461212,0.7289464473724365,8.289289474487305,18,10,8,76.0,0.1666581940518485,moderate_review,219
ground_truth,1.3.6.1.4.1.14519.5.2.1.6279.6001.553241901808946577644850294647,outputs/luna16_saliency_synthetic_gt/1.3.6.1.4.1.14519.5.2.1.6279.6001.553241901808946577644850294647/surface_1.3.6.1.4.1.14519.5.2.1.6279.6001.553241901808946577644850294647.png,outputs/luna16_saliency_synthetic_gt/1.3.6.1.4.1.14519.5.2.1.6279.6001.553241901808946577644850294647/surface_grid_float_1.3.6.1.4.1.14519.5.2.1.6279.6001.553241901808946577644850294647.npy,0.5530975877192983,0.3329584300518036,0.2250281721353531,0.8901960849761963,69.06871032714844,15.679692268371582,0.6565966606140138,1.0750994646549228,1.5670924186706543,8.153274536132812,23,15,8,67.0,0.16548588900963468,moderate_review,220
ground_truth,1.3.6.1.4.1.14519.5.2.1.6279.6001.250397690690072950000431855143,outputs/luna16_saliency_synthetic_gt/1.3.6.1.4.1.14519.5.2.1.6279.6001.250397690690072950000431855143/surface_1.3.6.1.4.1.14519.5.2.1.6279.6001.250397690690072950000431855143.png,outputs/luna16_saliency_synthetic_gt/1.3.6.1.4.1.14519.5.2.1.6279.6001.250397690690072950000431855143/surface_grid_float_1.3.6.1.4.1.14519.5.2.1.6279.6001.250397690690072950000431855143.npy,0.5513000358855576,0.3501713275909424,0.23113654553890228,0.9176470637321472,60.851829528808594,14.195901870727539,0.7235995829105377,1.4528479754924764,8.541013717651367,8.835295677185059,38,30,8,50.0,0.16463914553986653,moderate_review,221
ground_truth,1.3.6.1.4.1.14519.5.2.1.6279.6001.197987940182806628828566429132,outputs/luna16_saliency_synthetic_gt/1.3.6.1.4.1.14519.5.2.1.6279.6001.197987940182806628828566429132/surface_1.3.6.1.4.1.14519.5.2.1.6279.6001.197987940182806628828566429132.png,outputs/luna16_saliency_synthetic_gt/1.3.6.1.4.1.14519.5.2.1.6279.6001.197987940182806628828566429132/surface_grid_float_1.3.6.1.4.1.14519.5.2.1.6279.6001.197987940182806628828566429132.npy,0.5786248514643864,0.3790889382362366,0.25350621342658997,1.0,70.11832427978516,18.714487075805664,0.7039096772670745,0.8047581100463866,0.8402063250541687,10.592451095581055,18,10,8,69.0,0.16454539731343587,moderate_review,222
ground_truth,1.3.6.1.4.1.14519.5.2.1.6279.6001.259018373683540453277752706262,outputs/luna16_saliency_synthetic_gt/1.3.6.1.4.1.14519.5.2.1.6279.6001.259018373683540453277752706262/surface_1.3.6.1.4.1.14519.5.2.1.6279.6001.259018373683540453277752706262.png,outputs/luna16_saliency_synthetic_gt/1.3.6.1.4.1.14519.5.2.1.6279.6001.259018373683540453277752706262/surface_grid_float_1.3.6.1.4.1.14519.5.2.1.6279.6001.259018373683540453277752706262.npy,0.5846144208482115,0.3108309507369995,0.2241237759590149,0.8745098114013672,70.68437194824219,16.18816566467285,0.7743215203285219,0.9966043484210968,1.5781711339950562,7.155094623565674,28,20,8,66.0,0.16360562730762693,moderate_review,223
ground_truth,1.3.6.1.4.1.14519.5.2.1.6279.6001.170052181746004939527661217512,outputs/luna16_saliency_synthetic_gt/1.3.6.1.4.1.14519.5.2.1.6279.6001.170052181746004939527661217512/surface_1.3.6.1.4.1.14519.5.2.1.6279.6001.170052181746004939527661217512.png,outputs/luna16_saliency_synthetic_gt/1.3.6.1.4.1.14519.5.2.1.6279.6001.170052181746004939527661217512/surface_grid_float_1.3.6.1.4.1.14519.5.2.1.6279.6001.170052181746004939527661217512.npy,0.43905387722592026,0.30820873379707336,0.2490452378988266,1.0,69.16079711914062,13.13830852508545,0.83673021197319,1.239905091524121,1.4010984897613525,4.937448978424072,18,10,8,69.0,0.16343725678523371,moderate_review,224
ground_truth,1.3.6.1.4.1.14519.5.2.1.6279.6001.297433269262659217151107535012,outputs/luna16_saliency_synthetic_gt/1.3.6.1.4.1.14519.5.2.1.6279.6001.297433269262659217151107535012/surface_1.3.6.1.4.1.14519.5.2.1.6279.6001.297433269262659217151107535012.png,outputs/luna16_saliency_synthetic_gt/1.3.6.1.4.1.14519.5.2.1.6279.6001.297433269262659217151107535012/surface_grid_float_1.3.6.1.4.1.14519.5.2.1.6279.6001.297433269262659217151107535012.npy,0.6065527784790598,0.32785454392433167,0.22928351163864136,0.9686274528503418,67.44287109375,14.328266143798828,0.6649917542934415,0.9014291238784788,1.008888840675354,10.390995025634766,18,10,8,67.0,0.16253875892957054,moderate_review,225
ground_truth,1.3.6.1.4.1.14519.5.2.1.6279.6001.111496024928645603833332252962,outputs/luna16_saliency_synthetic_gt/1.3.6.1.4.1.14519.5.2.1.6279.6001.111496024928645603833332252962/surface_1.3.6.1.4.1.14519.5.2.1.6279.6001.111496024928645603833332252962.png,outputs/luna16_saliency_synthetic_gt/1.3.6.1.4.1.14519.5.2.1.6279.6001.111496024928645603833332252962/surface_grid_float_1.3.6.1.4.1.14519.5.2.1.6279.6001.111496024928645603833332252962.npy,0.595581289577721,0.3113139569759369,0.2370850145816803,0.9490196108818054,66.23225402832031,10.080275535583496,0.853010356426239,1.1670907795429228,2.2756917476654053,7.658265590667725,23,15,8,66.0,0.16241818141274983,moderate_review,226
ground_truth,1.3.6.1.4.1.14519.5.2.1.6279.6001.321935195060268166151738328001,outputs/luna16_saliency_synthetic_gt/1.3.6.1.4.1.14519.5.2.1.6279.6001.321935195060268166151738328001/surface_1.3.6.1.4.1.14519.5.2.1.6279.6001.321935195060268166151738328001.png,outputs/luna16_saliency_synthetic_gt/1.3.6.1.4.1.14519.5.2.1.6279.6001.321935195060268166151738328001/surface_grid_float_1.3.6.1.4.1.14519.5.2.1.6279.6001.321935195060268166151738328001.npy,0.607312287325203,0.31831619143486023,0.23158445954322815,1.0,73.14140319824219,16.341062545776367,0.5514861196279526,0.6277917075157164,0.6693165898323059,9.039871215820312,18,10,8,73.0,0.16082469259103138,moderate_review,227
ground_truth,1.3.6.1.4.1.14519.5.2.1.6279.6001.270390050141765094612147226290,outputs/luna16_saliency_synthetic_gt/1.3.6.1.4.1.14519.5.2.1.6279.6001.270390050141765094612147226290/surface_1.3.6.1.4.1.14519.5.2.1.6279.6001.270390050141765094612147226290.png,outputs/luna16_saliency_synthetic_gt/1.3.6.1.4.1.14519.5.2.1.6279.6001.270390050141765094612147226290/surface_grid_float_1.3.6.1.4.1.14519.5.2.1.6279.6001.270390050141765094612147226290.npy,0.5408027644869751,0.38831576704978943,0.23649965226650238,0.9921568632125854,60.860107421875,13.26630973815918,0.7070704042911535,1.3949899637699128,1.804686427116394,7.70187520980835,23,15,8,59.0,0.1603984895269076,moderate_review,228
ground_truth,1.3.6.1.4.1.14519.5.2.1.6279.6001.948414623428298219623354433437,outputs/luna16_saliency_synthetic_gt/1.3.6.1.4.1.14519.5.2.1.6279.6001.948414623428298219623354433437/surface_1.3.6.1.4.1.14519.5.2.1.6279.6001.948414623428298219623354433437.png,outputs/luna16_saliency_synthetic_gt/1.3.6.1.4.1.14519.5.2.1.6279.6001.948414623428298219623354433437/surface_grid_float_1.3.6.1.4.1.14519.5.2.1.6279.6001.948414623428298219623354433437.npy,0.4435575466935891,0.5133770108222961,0.178329199552536,0.9444313758611604,61.17990493774414,12.86867904663086,0.7816486299037931,1.192534742355345,1.343653917312622,5.140081405639648,18,10,8,60.0,0.16000035384760958,moderate_review,229
ground_truth,1.3.6.1.4.1.14519.5.2.1.6279.6001.100332161840553388986847034053,outputs/luna16_saliency_synthetic_gt/1.3.6.1.4.1.14519.5.2.1.6279.6001.100332161840553388986847034053/surface_1.3.6.1.4.1.14519.5.2.1.6279.6001.100332161840553388986847034053.png,outputs/luna16_saliency_synthetic_gt/1.3.6.1.4.1.14519.5.2.1.6279.6001.100332161840553388986847034053/surface_grid_float_1.3.6.1.4.1.14519.5.2.1.6279.6001.100332161840553388986847034053.npy,0.5359342165372316,0.36325767636299133,0.2340676188468933,0.9725490212440491,70.75070190429688,14.60807991027832,0.7181495070457458,0.8217774295806888,1.0018645524978638,7.105131149291992,23,15,8,68.0,0.15836033972634211,moderate_review,230
ground_truth,1.3.6.1.4.1.14519.5.2.1.6279.6001.183924380327950237519832859527,outputs/luna16_saliency_synthetic_gt/1.3.6.1.4.1.14519.5.2.1.6279.6001.183924380327950237519832859527/surface_1.3.6.1.4.1.14519.5.2.1.6279.6001.183924380327950237519832859527.png,outputs/luna16_saliency_synthetic_gt/1.3.6.1.4.1.14519.5.2.1.6279.6001.183924380327950237519832859527/surface_grid_float_1.3.6.1.4.1.14519.5.2.1.6279.6001.183924380327950237519832859527.npy,0.4995776361944305,0.38572219014167786,0.19811370968818665,0.8313725590705872,67.60726928710938,13.832863807678223,0.7702964425086979,1.0597072696685788,1.1513655185699463,5.545297145843506,18,10,8,67.0,0.15773602793746525,moderate_review,231
ground_truth,1.3.6.1.4.1.14519.5.2.1.6279.6001.339039410276356623209709113755,outputs/luna16_saliency_synthetic_gt/1.3.6.1.4.1.14519.5.2.1.6279.6001.339039410276356623209709113755/surface_1.3.6.1.4.1.14519.5.2.1.6279.6001.339039410276356623209709113755.png,outputs/luna16_saliency_synthetic_gt/1.3.6.1.4.1.14519.5.2.1.6279.6001.339039410276356623209709113755/surface_grid_float_1.3.6.1.4.1.14519.5.2.1.6279.6001.339039410276356623209709113755.npy,0.5484350132625995,0.3356103301048279,0.2428816556930542,1.0,60.13279724121094,14.437990188598633,0.8947179675102233,1.4532789838314069,1.8068864345550537,5.268439292907715,23,15,8,58.0,0.15552734112342204,moderate_review,232
ground_truth,1.3.6.1.4.1.14519.5.2.1.6279.6001.803808126682275425758092691689,outputs/luna16_saliency_synthetic_gt/1.3.6.1.4.1.14519.5.2.1.6279.6001.803808126682275425758092691689/surface_1.3.6.1.4.1.14519.5.2.1.6279.6001.803808126682275425758092691689.png,outputs/luna16_saliency_synthetic_gt/1.3.6.1.4.1.14519.5.2.1.6279.6001.803808126682275425758092691689/surface_grid_float_1.3.6.1.4.1.14519.5.2.1.6279.6001.803808126682275425758092691689.npy,0.5380106209150327,0.41001200675964355,0.2253093272447586,1.0,55.56092834472656,10.077047348022461,0.8492563813924777,1.5884922802448236,1.8714497089385986,6.755410671234131,23,15,8,53.0,0.15526833936240927,moderate_review,233
ground_truth,1.3.6.1.4.1.14519.5.2.1.6279.6001.765459236550358748053283544075,outputs/luna16_saliency_synthetic_gt/1.3.6.1.4.1.14519.5.2.1.6279.6001.765459236550358748053283544075/surface_1.3.6.1.4.1.14519.5.2.1.6279.6001.765459236550358748053283544075.png,outputs/luna16_saliency_synthetic_gt/1.3.6.1.4.1.14519.5.2.1.6279.6001.765459236550358748053283544075/surface_grid_float_1.3.6.1.4.1.14519.5.2.1.6279.6001.765459236550358748053283544075.npy,0.49232738391523856,0.3750324845314026,0.21556830406188965,0.9450980424880981,65.16587829589844,13.256657600402832,0.7666794776916509,1.0891596674919128,1.1994338035583496,5.635741710662842,18,10,8,65.0,0.15380845765272777,moderate_review,234
ground_truth,1.3.6.1.4.1.14519.5.2.1.6279.6001.139577698050713461261415990027,outputs/luna16_saliency_synthetic_gt/1.3.6.1.4.1.14519.5.2.1.6279.6001.139577698050713461261415990027/surface_1.3.6.1.4.1.14519.5.2.1.6279.6001.139577698050713461261415990027.png,outputs/luna16_saliency_synthetic_gt/1.3.6.1.4.1.14519.5.2.1.6279.6001.139577698050713461261415990027/surface_grid_float_1.3.6.1.4.1.14519.5.2.1.6279.6001.139577698050713461261415990027.npy,0.5215880126670271,0.3415418565273285,0.23729340732097626,1.0,66.74586486816406,16.09430694580078,0.6060214519500732,0.7110286837816239,0.7390989065170288,9.43016529083252,18,10,8,66.0,0.1535298914955722,moderate_review,235
ground_truth,1.3.6.1.4.1.14519.5.2.1.6279.6001.262873069163227096134627700599,outputs/luna16_saliency_synthetic_gt/1.3.6.1.4.1.14519.5.2.1.6279.6001.262873069163227096134627700599/surface_1.3.6.1.4.1.14519.5.2.1.6279.6001.262873069163227096134627700599.png,outputs/luna16_saliency_synthetic_gt/1.3.6.1.4.1.14519.5.2.1.6279.6001.262873069163227096134627700599/surface_grid_float_1.3.6.1.4.1.14519.5.2.1.6279.6001.262873069163227096134627700599.npy,0.6171326345047828,0.31737837195396423,0.24797657132148743,0.9725490212440491,65.31002807617188,14.248586654663086,0.729962372779846,0.9325904560089111,0.992207407951355,7.356809139251709,18,10,8,65.0,0.15317622522777982,moderate_review,236
ground_truth,1.3.6.1.4.1.14519.5.2.1.6279.6001.219618492426142913407827034169,outputs/luna16_saliency_synthetic_gt/1.3.6.1.4.1.14519.5.2.1.6279.6001.219618492426142913407827034169/surface_1.3.6.1.4.1.14519.5.2.1.6279.6001.219618492426142913407827034169.png,outputs/luna16_saliency_synthetic_gt/1.3.6.1.4.1.14519.5.2.1.6279.6001.219618492426142913407827034169/surface_grid_float_1.3.6.1.4.1.14519.5.2.1.6279.6001.219618492426142913407827034169.npy,0.5843337334933973,0.34473299980163574,0.23163317143917084,1.0,68.31227111816406,15.510966300964355,0.4887206673622129,0.5705801141262057,0.6151469349861145,9.238760948181152,18,10,8,68.0,0.1515017685055733,moderate_review,237
ground_truth,1.3.6.1.4.1.14519.5.2.1.6279.6001.176638348958425792989125209419,outputs/luna16_saliency_synthetic_gt/1.3.6.1.4.1.14519.5.2.1.6279.6001.176638348958425792989125209419/surface_1.3.6.1.4.1.14519.5.2.1.6279.6001.176638348958425792989125209419.png,outputs/luna16_saliency_synthetic_gt/1.3.6.1.4.1.14519.5.2.1.6279.6001.176638348958425792989125209419/surface_grid_float_1.3.6.1.4.1.14519.5.2.1.6279.6001.176638348958425792989125209419.npy,0.5401512123634425,0.322532594203949,0.24144351482391357,0.9686274528503418,63.421142578125,12.395224571228027,0.7602377414703368,1.0751991248130794,1.1738455295562744,5.653469085693359,18,10,8,63.0,0.15052114267614153,moderate_review,238
ground_truth,1.3.6.1.4.1.14519.5.2.1.6279.6001.868211851413924881662621747734,outputs/luna16_saliency_synthetic_gt/1.3.6.1.4.1.14519.5.2.1.6279.6001.868211851413924881662621747734/surface_1.3.6.1.4.1.14519.5.2.1.6279.6001.868211851413924881662621747734.png,outputs/luna16_saliency_synthetic_gt/1.3.6.1.4.1.14519.5.2.1.6279.6001.868211851413924881662621747734/surface_grid_float_1.3.6.1.4.1.14519.5.2.1.6279.6001.868211851413924881662621747734.npy,0.545448178045492,0.4172506332397461,0.2282247692346573,1.0,62.37335968017578,12.794211387634277,0.7176037669181824,0.9698817920684808,1.661078929901123,6.870973587036133,23,15,8,59.0,0.1483208834224277,moderate_review,239
ground_truth,1.3.6.1.4.1.14519.5.2.1.6279.6001.217697417596902141600884006982,outputs/luna16_saliency_synthetic_gt/1.3.6.1.4.1.14519.5.2.1.6279.6001.217697417596902141600884006982/surface_1.3.6.1.4.1.14519.5.2.1.6279.6001.217697417596902141600884006982.png,outputs/luna16_saliency_synthetic_gt/1.3.6.1.4.1.14519.5.2.1.6279.6001.217697417596902141600884006982/surface_grid_float_1.3.6.1.4.1.14519.5.2.1.6279.6001.217697417596902141600884006982.npy,0.6659654605922186,0.3619462549686432,0.22471806406974792,1.0,57.255401611328125,9.3690185546875,0.8358602970838541,1.5488194382190728,2.090365171432495,2.7608871459960938,23,15,8,54.0,0.14802555726766595,moderate_review,240
ground_truth,1.3.6.1.4.1.14519.5.2.1.6279.6001.328695385904874796172316226975,outputs/luna16_saliency_synthetic_gt/1.3.6.1.4.1.14519.5.2.1.6279.6001.328695385904874796172316226975/surface_1.3.6.1.4.1.14519.5.2.1.6279.6001.328695385904874796172316226975.png,outputs/luna16_saliency_synthetic_gt/1.3.6.1.4.1.14519.5.2.1.6279.6001.328695385904874796172316226975/surface_grid_float_1.3.6.1.4.1.14519.5.2.1.6279.6001.328695385904874796172316226975.npy,0.5840754483611627,0.3225785791873932,0.22525227069854736,0.9215686321258545,55.44622039794922,8.559479713439941,0.6495004802942271,1.5648001849651318,3.457516670227051,3.7649614810943604,18,10,8,49.0,0.1477209539479679,moderate_review,241
ground_truth,1.3.6.1.4.1.14519.5.2.1.6279.6001.188619674701053082195613114069,outputs/luna16_saliency_synthetic_gt/1.3.6.1.4.1.14519.5.2.1.6279.6001.188619674701053082195613114069/surface_1.3.6.1.4.1.14519.5.2.1.6279.6001.188619674701053082195613114069.png,outputs/luna16_saliency_synthetic_gt/1.3.6.1.4.1.14519.5.2.1.6279.6001.188619674701053082195613114069/surface_grid_float_1.3.6.1.4.1.14519.5.2.1.6279.6001.188619674701053082195613114069.npy,0.5501605436081243,0.35846152901649475,0.24660301208496094,1.0,55.03599548339844,10.688464164733887,0.7425507694482798,1.3913645923137667,1.7039119005203247,6.194140434265137,18,10,8,54.0,0.1472323534289996,moderate_review,242
ground_truth,1.3.6.1.4.1.14519.5.2.1.6279.6001.387954549120924524005910602207,outputs/luna16_saliency_synthetic_gt/1.3.6.1.4.1.14519.5.2.1.6279.6001.387954549120924524005910602207/surface_1.3.6.1.4.1.14519.5.2.1.6279.6001.387954549120924524005910602207.png,outputs/luna16_saliency_synthetic_gt/1.3.6.1.4.1.14519.5.2.1.6279.6001.387954549120924524005910602207/surface_grid_float_1.3.6.1.4.1.14519.5.2.1.6279.6001.387954549120924524005910602207.npy,0.5670373443983403,0.36659300327301025,0.2429204136133194,1.0,62.55095672607422,13.604973793029785,0.6446117937564849,1.0451251816749592,1.5597810745239258,4.7262187004089355,18,10,8,62.0,0.14610805821683676,moderate_review,243
ground_truth,1.3.6.1.4.1.14519.5.2.1.6279.6001.414288023902112119945238126594,outputs/luna16_saliency_synthetic_gt/1.3.6.1.4.1.14519.5.2.1.6279.6001.414288023902112119945238126594/surface_1.3.6.1.4.1.14519.5.2.1.6279.6001.414288023902112119945238126594.png,outputs/luna16_saliency_synthetic_gt/1.3.6.1.4.1.14519.5.2.1.6279.6001.414288023902112119945238126594/surface_grid_float_1.3.6.1.4.1.14519.5.2.1.6279.6001.414288023902112119945238126594.npy,0.5938115638387692,0.3138863742351532,0.2449854463338852,0.8941176533699036,53.094879150390625,10.595775604248047,0.7960815131664274,1.4248348784446723,1.9021934270858765,6.606785297393799,23,15,8,49.0,0.14591825670931075,moderate_review,244
ground_truth,1.3.6.1.4.1.14519.5.2.1.6279.6001.203179378754043776171267611064,outputs/luna16_saliency_synthetic_gt/1.3.6.1.4.1.14519.5.2.1.6279.6001.203179378754043776171267611064/surface_1.3.6.1.4.1.14519.5.2.1.6279.6001.203179378754043776171267611064.png,outputs/luna16_saliency_synthetic_gt/1.3.6.1.4.1.14519.5.2.1.6279.6001.203179378754043776171267611064/surface_grid_float_1.3.6.1.4.1.14519.5.2.1.6279.6001.203179378754043776171267611064.npy,0.5952380952380952,0.33690768480300903,0.23322059214115143,0.9215686321258545,51.8046875,7.286078453063965,0.711767643690109,1.6778516590595238,2.177689552307129,4.1215715408325195,23,15,8,47.0,0.14583574347363573,moderate_review,245
ground_truth,1.3.6.1.4.1.14519.5.2.1.6279.6001.470912100568074901744259213968,outputs/luna16_saliency_synthetic_gt/1.3.6.1.4.1.14519.5.2.1.6279.6001.470912100568074901744259213968/surface_1.3.6.1.4.1.14519.5.2.1.6279.6001.470912100568074901744259213968.png,outputs/luna16_saliency_synthetic_gt/1.3.6.1.4.1.14519.5.2.1.6279.6001.470912100568074901744259213968/surface_grid_float_1.3.6.1.4.1.14519.5.2.1.6279.6001.470912100568074901744259213968.npy,0.5483340354255682,0.36794960498809814,0.2521541714668274,1.0,58.970428466796875,11.29781723022461,0.7687027454376221,1.101281464099884,2.0383381843566895,6.49932861328125,23,15,8,53.0,0.1457654438416163,moderate_review,246
ground_truth,1.3.6.1.4.1.14519.5.2.1.6279.6001.264251211689085893915477907261,outputs/luna16_saliency_synthetic_gt/1.3.6.1.4.1.14519.5.2.1.6279.6001.264251211689085893915477907261/surface_1.3.6.1.4.1.14519.5.2.1.6279.6001.264251211689085893915477907261.png,outputs/luna16_saliency_synthetic_gt/1.3.6.1.4.1.14519.5.2.1.6279.6001.264251211689085893915477907261/surface_grid_float_1.3.6.1.4.1.14519.5.2.1.6279.6001.264251211689085893915477907261.npy,0.5301305615413867,0.3152737319469452,0.22730191051959991,0.9019607901573181,60.55235290527344,11.05023193359375,0.6812872797250749,1.1006224882602693,1.2769477367401123,4.932627201080322,23,15,8,60.0,0.14490065660344228,moderate_review,247
ground_truth,1.3.6.1.4.1.14519.5.2.1.6279.6001.313756547848086902190878548835,outputs/luna16_saliency_synthetic_gt/1.3.6.1.4.1.14519.5.2.1.6279.6001.313756547848086902190878548835/surface_1.3.6.1.4.1.14519.5.2.1.6279.6001.313756547848086902190878548835.png,outputs/luna16_saliency_synthetic_gt/1.3.6.1.4.1.14519.5.2.1.6279.6001.313756547848086902190878548835/surface_grid_float_1.3.6.1.4.1.14519.5.2.1.6279.6001.313756547848086902190878548835.npy,0.6205059303187547,0.31793132424354553,0.22593243420124054,0.9529411792755127,62.772308349609375,15.472332954406738,0.5320511609315872,0.6059406465291977,0.6521617770195007,9.701025009155273,18,10,8,62.0,0.14435656666556992,moderate_review,248
ground_truth,1.3.6.1.4.1.14519.5.2.1.6279.6001.247816269490470394602288565775,outputs/luna16_saliency_synthetic_gt/1.3.6.1.4.1.14519.5.2.1.6279.6001.247816269490470394602288565775/surface_1.3.6.1.4.1.14519.5.2.1.6279.6001.247816269490470394602288565775.png,outputs/luna16_saliency_synthetic_gt/1.3.6.1.4.1.14519.5.2.1.6279.6001.247816269490470394602288565775/surface_grid_float_1.3.6.1.4.1.14519.5.2.1.6279.6001.247816269490470394602288565775.npy,0.4820353290036202,0.3750283420085907,0.2473618984222412,0.9254902005195618,67.11326599121094,14.847307205200195,0.610048794746399,0.6451639294624328,0.6802257895469666,5.823747634887695,18,10,8,67.0,0.14415202261341942,moderate_review,249
ground_truth,1.3.6.1.4.1.14519.5.2.1.6279.6001.286217539434358186648717203667,outputs/luna16_saliency_synthetic_gt/1.3.6.1.4.1.14519.5.2.1.6279.6001.286217539434358186648717203667/surface_1.3.6.1.4.1.14519.5.2.1.6279.6001.286217539434358186648717203667.png,outputs/luna16_saliency_synthetic_gt/1.3.6.1.4.1.14519.5.2.1.6279.6001.286217539434358186648717203667/surface_grid_float_1.3.6.1.4.1.14519.5.2.1.6279.6001.286217539434358186648717203667.npy,0.411770850743774,0.37578850984573364,0.24518786370754242,0.9686274528503418,63.05992126464844,13.99728012084961,0.7511544108390807,0.8746126943826676,0.9680601954460144,4.974696636199951,23,15,8,63.0,0.14239313101967174,moderate_review,250
ground_truth,1.3.6.1.4.1.14519.5.2.1.6279.6001.193721075067404532739943086458,outputs/luna16_saliency_synthetic_gt/1.3.6.1.4.1.14519.5.2.1.6279.6001.193721075067404532739943086458/surface_1.3.6.1.4.1.14519.5.2.1.6279.6001.193721075067404532739943086458.png,outputs/luna16_saliency_synthetic_gt/1.3.6.1.4.1.14519.5.2.1.6279.6001.193721075067404532739943086458/surface_grid_float_1.3.6.1.4.1.14519.5.2.1.6279.6001.193721075067404532739943086458.npy,0.5506798205072184,0.3388608396053314,0.22815348207950592,0.9333333373069763,60.808563232421875,12.262137413024902,0.5440952777862549,0.7449492812156677,2.5453720092773438,8.23072624206543,23,15,8,57.0,0.14198658658398522,moderate_review,251
ground_truth,1.3.6.1.4.1.14519.5.2.1.6279.6001.215640837032688688030770057224,outputs/luna16_saliency_synthetic_gt/1.3.6.1.4.1.14519.5.2.1.6279.6001.215640837032688688030770057224/surface_1.3.6.1.4.1.14519.5.2.1.6279.6001.215640837032688688030770057224.png,outputs/luna16_saliency_synthetic_gt/1.3.6.1.4.1.14519.5.2.1.6279.6001.215640837032688688030770057224/surface_grid_float_1.3.6.1.4.1.14519.5.2.1.6279.6001.215640837032688688030770057224.npy,0.5821394622487779,0.30476313829421997,0.2435014694929123,0.9490196108818054,57.75105285644531,13.254419326782227,0.6162039697170254,0.8946876162290563,4.802960395812988,7.8752570152282715,38,30,8,56.0,0.14059295439256558,moderate_review,252
ground_truth,1.3.6.1.4.1.14519.5.2.1.6279.6001.325164338773720548739146851679,outputs/luna16_saliency_synthetic_gt/1.3.6.1.4.1.14519.5.2.1.6279.6001.325164338773720548739146851679/surface_1.3.6.1.4.1.14519.5.2.1.6279.6001.325164338773720548739146851679.png,outputs/luna16_saliency_synthetic_gt/1.3.6.1.4.1.14519.5.2.1.6279.6001.325164338773720548739146851679/surface_grid_float_1.3.6.1.4.1.14519.5.2.1.6279.6001.325164338773720548739146851679.npy,0.530345043260711,0.3707687556743622,0.23345141112804413,1.0,48.1827392578125,6.937946319580078,0.6571455240249624,1.4562565612792973,2.0966484546661377,6.534968852996826,18,10,8,47.0,0.13851441527472602,moderate_review,253
ground_truth,1.3.6.1.4.1.14519.5.2.1.6279.6001.123654356399290048011621921476,outputs/luna16_saliency_synthetic_gt/1.3.6.1.4.1.14519.5.2.1.6279.6001.123654356399290048011621921476/surface_1.3.6.1.4.1.14519.5.2.1.6279.6001.123654356399290048011621921476.png,outputs/luna16_saliency_synthetic_gt/1.3.6.1.4.1.14519.5.2.1.6279.6001.123654356399290048011621921476/surface_grid_float_1.3.6.1.4.1.14519.5.2.1.6279.6001.123654356399290048011621921476.npy,0.6008134255756135,0.33877071738243103,0.232830211520195,1.0,63.02588653564453,14.27582836151123,0.43285126686096187,0.5528181570768353,0.5895072817802429,7.267695426940918,18,10,8,63.0,0.1377781232204702,moderate_review,254
ground_truth,1.3.6.1.4.1.14519.5.2.1.6279.6001.282779922503707013097174625409,outputs/luna16_saliency_synthetic_gt/1.3.6.1.4.1.14519.5.2.1.6279.6001.282779922503707013097174625409/surface_1.3.6.1.4.1.14519.5.2.1.6279.6001.282779922503707013097174625409.png,outputs/luna16_saliency_synthetic_gt/1.3.6.1.4.1.14519.5.2.1.6279.6001.282779922503707013097174625409/surface_grid_float_1.3.6.1.4.1.14519.5.2.1.6279.6001.282779922503707013097174625409.npy,0.6567802819378096,0.30968064069747925,0.2271110564470291,0.9019607901573181,60.07936096191406,11.417811393737793,0.5934159219264984,0.6958868151903151,0.7188177704811096,7.509263038635254,18,10,8,60.0,0.13769612392253344,moderate_review,255
ground_truth,1.3.6.1.4.1.14519.5.2.1.6279.6001.334517907433161353885866806005,outputs/luna16_saliency_synthetic_gt/1.3.6.1.4.1.14519.5.2.1.6279.6001.334517907433161353885866806005/surface_1.3.6.1.4.1.14519.5.2.1.6279.6001.334517907433161353885866806005.png,outputs/luna16_saliency_synthetic_gt/1.3.6.1.4.1.14519.5.2.1.6279.6001.334517907433161353885866806005/surface_grid_float_1.3.6.1.4.1.14519.5.2.1.6279.6001.334517907433161353885866806005.npy,0.5764157730651958,0.36529070138931274,0.22704868018627167,0.9254902005195618,56.2965087890625,10.797027587890625,0.64762766957283,0.9381177234649618,1.0337681770324707,6.337190628051758,23,15,8,56.0,0.13605369219250138,moderate_review,256
ground_truth,1.3.6.1.4.1.14519.5.2.1.6279.6001.206539885154775002929031534291,outputs/luna16_saliency_synthetic_gt/1.3.6.1.4.1.14519.5.2.1.6279.6001.206539885154775002929031534291/surface_1.3.6.1.4.1.14519.5.2.1.6279.6001.206539885154775002929031534291.png,outputs/luna16_saliency_synthetic_gt/1.3.6.1.4.1.14519.5.2.1.6279.6001.206539885154775002929031534291/surface_grid_float_1.3.6.1.4.1.14519.5.2.1.6279.6001.206539885154775002929031534291.npy,0.6409519130736331,0.34824129939079285,0.2276327908039093,0.9176470637321472,48.62965774536133,7.520195484161377,0.524653148651123,1.46184554815292,3.7180051803588867,4.818068027496338,18,10,8,47.0,0.13561161385907056,moderate_review,257
ground_truth,1.3.6.1.4.1.14519.5.2.1.6279.6001.114218724025049818743426522343,outputs/luna16_saliency_synthetic_gt/1.3.6.1.4.1.14519.5.2.1.6279.6001.114218724025049818743426522343/surface_1.3.6.1.4.1.14519.5.2.1.6279.6001.114218724025049818743426522343.png,outputs/luna16_saliency_synthetic_gt/1.3.6.1.4.1.14519.5.2.1.6279.6001.114218724025049818743426522343/surface_grid_float_1.3.6.1.4.1.14519.5.2.1.6279.6001.114218724025049818743426522343.npy,0.5703693574608384,0.33475229144096375,0.22405019402503967,0.9607843160629272,59.710609436035156,14.116318702697754,0.5417948961257933,0.749255735874176,1.3740050792694092,5.986039638519287,23,15,8,59.0,0.13529766477743782,moderate_review,258
ground_truth,1.3.6.1.4.1.14519.5.2.1.6279.6001.125067060506283419853742462394,outputs/luna16_saliency_synthetic_gt/1.3.6.1.4.1.14519.5.2.1.6279.6001.125067060506283419853742462394/surface_1.3.6.1.4.1.14519.5.2.1.6279.6001.125067060506283419853742462394.png,outputs/luna16_saliency_synthetic_gt/1.3.6.1.4.1.14519.5.2.1.6279.6001.125067060506283419853742462394/surface_grid_float_1.3.6.1.4.1.14519.5.2.1.6279.6001.125067060506283419853742462394.npy,0.6338237143216396,0.30484604835510254,0.226937934756279,0.8745098114013672,55.479888916015625,10.292746543884277,0.642565745115281,1.2039891338348447,2.780296564102173,2.929342031478882,23,15,8,52.0,0.13509580450057998,moderate_review,259
ground_truth,1.3.6.1.4.1.14519.5.2.1.6279.6001.170921541362033046216100409521,outputs/luna16_saliency_synthetic_gt/1.3.6.1.4.1.14519.5.2.1.6279.6001.170921541362033046216100409521/surface_1.3.6.1.4.1.14519.5.2.1.6279.6001.170921541362033046216100409521.png,outputs/luna16_saliency_synthetic_gt/1.3.6.1.4.1.14519.5.2.1.6279.6001.170921541362033046216100409521/surface_grid_float_1.3.6.1.4.1.14519.5.2.1.6279.6001.170921541362033046216100409521.npy,0.2847042779213322,0.3490160405635834,0.24239762127399445,1.0,40.576568603515625,7.446896076202393,0.3912415370345114,0.8347814339399289,3.3093996047973633,1.8466211557388306,18,10,8,30.0,0.13408650111350925,moderate_review,260
ground_truth,1.3.6.1.4.1.14519.5.2.1.6279.6001.231002159523969307155990628066,outputs/luna16_saliency_synthetic_gt/1.3.6.1.4.1.14519.5.2.1.6279.6001.231002159523969307155990628066/surface_1.3.6.1.4.1.14519.5.2.1.6279.6001.231002159523969307155990628066.png,outputs/luna16_saliency_synthetic_gt/1.3.6.1.4.1.14519.5.2.1.6279.6001.231002159523969307155990628066/surface_grid_float_1.3.6.1.4.1.14519.5.2.1.6279.6001.231002159523969307155990628066.npy,0.620431598407281,0.3416420817375183,0.2437555342912674,1.0,57.227699279785156,12.568794250488281,0.5231847018003464,0.6146472126245498,1.0801960229873657,9.075484275817871,23,15,8,57.0,0.13398665801352924,moderate_review,261
ground_truth,1.3.6.1.4.1.14519.5.2.1.6279.6001.205852555362702089950453265567,outputs/luna16_saliency_synthetic_gt/1.3.6.1.4.1.14519.5.2.1.6279.6001.205852555362702089950453265567/surface_1.3.6.1.4.1.14519.5.2.1.6279.6001.205852555362702089950453265567.png,outputs/luna16_saliency_synthetic_gt/1.3.6.1.4.1.14519.5.2.1.6279.6001.205852555362702089950453265567/surface_grid_float_1.3.6.1.4.1.14519.5.2.1.6279.6001.205852555362702089950453265567.npy,0.6215309200603318,0.3431260883808136,0.2378080189228058,1.0,52.85346984863281,12.957932472229004,0.7837168335914612,1.1124657702445988,1.2678492069244385,5.503654956817627,23,15,8,52.0,0.13369343387020957,moderate_review,262
ground_truth,1.3.6.1.4.1.14519.5.2.1.6279.6001.297988578825170426663869669862,outputs/luna16_saliency_synthetic_gt/1.3.6.1.4.1.14519.5.2.1.6279.6001.297988578825170426663869669862/surface_1.3.6.1.4.1.14519.5.2.1.6279.6001.297988578825170426663869669862.png,outputs/luna16_saliency_synthetic_gt/1.3.6.1.4.1.14519.5.2.1.6279.6001.297988578825170426663869669862/surface_grid_float_1.3.6.1.4.1.14519.5.2.1.6279.6001.297988578825170426663869669862.npy,0.5776484952955541,0.3128153681755066,0.2308848798274994,0.9607843160629272,58.09849548339844,11.865514755249023,0.6267831742763522,0.8135094141960146,0.8685762286186218,5.171590805053711,18,10,8,58.0,0.13272853224277498,moderate_review,263
ground_truth,1.3.6.1.4.1.14519.5.2.1.6279.6001.771831598853841017505646275338,outputs/luna16_saliency_synthetic_gt/1.3.6.1.4.1.14519.5.2.1.6279.6001.771831598853841017505646275338/surface_1.3.6.1.4.1.14519.5.2.1.6279.6001.771831598853841017505646275338.png,outputs/luna16_saliency_synthetic_gt/1.3.6.1.4.1.14519.5.2.1.6279.6001.771831598853841017505646275338/surface_grid_float_1.3.6.1.4.1.14519.5.2.1.6279.6001.771831598853841017505646275338.npy,0.18121046486264547,0.43329739570617676,0.26330801844596863,1.0,15.1102294921875,3.6738781929016113,0.21278293728828426,0.23877563655376433,0.29225683212280273,1.5054539442062378,13,5,8,0.0,0.1321436010619038,moderate_review,264
ground_truth,1.3.6.1.4.1.14519.5.2.1.6279.6001.167919147233131417984739058859,outputs/luna16_saliency_synthetic_gt/1.3.6.1.4.1.14519.5.2.1.6279.6001.167919147233131417984739058859/surface_1.3.6.1.4.1.14519.5.2.1.6279.6001.167919147233131417984739058859.png,outputs/luna16_saliency_synthetic_gt/1.3.6.1.4.1.14519.5.2.1.6279.6001.167919147233131417984739058859/surface_grid_float_1.3.6.1.4.1.14519.5.2.1.6279.6001.167919147233131417984739058859.npy,0.1805429178040643,0.4118756353855133,0.24912674725055695,1.0,15.069595336914062,3.613065004348755,0.19668306857347487,0.21121969908475877,0.2650030851364136,1.3605273962020874,13,5,8,0.0,0.1313085958121928,moderate_review,265
ground_truth,1.3.6.1.4.1.14519.5.2.1.6279.6001.156821379677057223126714881626,outputs/luna16_saliency_synthetic_gt/1.3.6.1.4.1.14519.5.2.1.6279.6001.156821379677057223126714881626/surface_1.3.6.1.4.1.14519.5.2.1.6279.6001.156821379677057223126714881626.png,outputs/luna16_saliency_synthetic_gt/1.3.6.1.4.1.14519.5.2.1.6279.6001.156821379677057223126714881626/surface_grid_float_1.3.6.1.4.1.14519.5.2.1.6279.6001.156821379677057223126714881626.npy,0.5890745422035883,0.30958330631256104,0.22551390528678894,0.9176470637321472,59.84736633300781,14.123469352722168,0.5257948577404022,0.6169627702236175,0.6417781114578247,5.8734130859375,18,10,8,59.0,0.13130652274158267,moderate_review,266
ground_truth,1.3.6.1.4.1.14519.5.2.1.6279.6001.143813757344903170810482790787,outputs/luna16_saliency_synthetic_gt/1.3.6.1.4.1.14519.5.2.1.6279.6001.143813757344903170810482790787/surface_1.3.6.1.4.1.14519.5.2.1.6279.6001.143813757344903170810482790787.png,outputs/luna16_saliency_synthetic_gt/1.3.6.1.4.1.14519.5.2.1.6279.6001.143813757344903170810482790787/surface_grid_float_1.3.6.1.4.1.14519.5.2.1.6279.6001.143813757344903170810482790787.npy,0.5900056339504475,0.2911307215690613,0.24110935628414154,1.0,52.36460876464844,8.82731819152832,0.6200370490550995,1.1769149518012996,1.3907498121261597,3.663755178451538,23,15,8,50.0,0.13072347466945644,moderate_review,267
ground_truth,1.3.6.1.4.1.14519.5.2.1.6279.6001.168833925301530155818375859047,outputs/luna16_saliency_synthetic_gt/1.3.6.1.4.1.14519.5.2.1.6279.6001.168833925301530155818375859047/surface_1.3.6.1.4.1.14519.5.2.1.6279.6001.168833925301530155818375859047.png,outputs/luna16_saliency_synthetic_gt/1.3.6.1.4.1.14519.5.2.1.6279.6001.168833925301530155818375859047/surface_grid_float_1.3.6.1.4.1.14519.5.2.1.6279.6001.168833925301530155818375859047.npy,0.5829009864815491,0.33250677585601807,0.22146186232566833,0.9176470637321472,59.07469177246094,13.316010475158691,0.4731668844819069,0.5737809526920323,0.7218762636184692,6.7452874183654785,33,25,8,59.0,0.13066077579789692,moderate_review,268
ground_truth,1.3.6.1.4.1.14519.5.2.1.6279.6001.106379658920626694402549886949,outputs/luna16_saliency_synthetic_gt/1.3.6.1.4.1.14519.5.2.1.6279.6001.106379658920626694402549886949/surface_1.3.6.1.4.1.14519.5.2.1.6279.6001.106379658920626694402549886949.png,outputs/luna16_saliency_synthetic_gt/1.3.6.1.4.1.14519.5.2.1.6279.6001.106379658920626694402549886949/surface_grid_float_1.3.6.1.4.1.14519.5.2.1.6279.6001.106379658920626694402549886949.npy,0.48579098398592985,0.425117164850235,0.22153395414352417,0.9333333373069763,55.064300537109375,10.461934089660645,0.6027241706848142,0.7303200113773346,0.7654193043708801,6.90242338180542,18,10,8,55.0,0.12902215319606994,moderate_review,269
ground_truth,1.3.6.1.4.1.14519.5.2.1.6279.6001.144943344795414353192059796098,outputs/luna16_saliency_synthetic_gt/1.3.6.1.4.1.14519.5.2.1.6279.6001.144943344795414353192059796098/surface_1.3.6.1.4.1.14519.5.2.1.6279.6001.144943344795414353192059796098.png,outputs/luna16_saliency_synthetic_gt/1.3.6.1.4.1.14519.5.2.1.6279.6001.144943344795414353192059796098/surface_grid_float_1.3.6.1.4.1.14519.5.2.1.6279.6001.144943344795414353192059796098.npy,0.5302130898021309,0.34439390897750854,0.23173552751541138,0.9882352948188782,54.111541748046875,11.227926254272461,0.6273948371410366,0.8667398059368134,0.9392557144165039,5.7645182609558105,18,10,8,53.0,0.12899813767141766,moderate_review,270
ground_truth,1.3.6.1.4.1.14519.5.2.1.6279.6001.301462380687644451483231621986,outputs/luna16_saliency_synthetic_gt/1.3.6.1.4.1.14519.5.2.1.6279.6001.301462380687644451483231621986/surface_1.3.6.1.4.1.14519.5.2.1.6279.6001.301462380687644451483231621986.png,outputs/luna16_saliency_synthetic_gt/1.3.6.1.4.1.14519.5.2.1.6279.6001.301462380687644451483231621986/surface_grid_float_1.3.6.1.4.1.14519.5.2.1.6279.6001.301462380687644451483231621986.npy,0.5184926415935781,0.3274795114994049,0.21889393031597137,0.9019607901573181,50.22447204589844,7.861540794372559,0.5481281816959372,1.311855304241178,1.8625200986862183,2.4675917625427246,23,15,8,49.0,0.12854664978716102,moderate_review,271
ground_truth,1.3.6.1.4.1.14519.5.2.1.6279.6001.108193664222196923321844991231,outputs/luna16_saliency_synthetic_gt/1.3.6.1.4.1.14519.5.2.1.6279.6001.108193664222196923321844991231/surface_1.3.6.1.4.1.14519.5.2.1.6279.6001.108193664222196923321844991231.png,outputs/luna16_saliency_synthetic_gt/1.3.6.1.4.1.14519.5.2.1.6279.6001.108193664222196923321844991231/surface_grid_float_1.3.6.1.4.1.14519.5.2.1.6279.6001.108193664222196923321844991231.npy,0.6728156967969143,0.35362565517425537,0.2383458912372589,1.0,48.03834533691406,9.212355613708496,0.7446906328201294,1.348535130023957,1.6849279403686523,3.300008773803711,18,10,8,45.0,0.12785331562625038,moderate_review,272
ground_truth,1.3.6.1.4.1.14519.5.2.1.6279.6001.295298571102631191572192562523,outputs/luna16_saliency_synthetic_gt/1.3.6.1.4.1.14519.5.2.1.6279.6001.295298571102631191572192562523/surface_1.3.6.1.4.1.14519.5.2.1.6279.6001.295298571102631191572192562523.png,outputs/luna16_saliency_synthetic_gt/1.3.6.1.4.1.14519.5.2.1.6279.6001.295298571102631191572192562523/surface_grid_float_1.3.6.1.4.1.14519.5.2.1.6279.6001.295298571102631191572192562523.npy,0.5723395775209247,0.3634054660797119,0.23256024718284607,0.9686274528503418,55.084678649902344,13.327011108398438,0.5579078197479247,0.7098117280006422,0.7851608991622925,6.2925124168396,18,10,8,55.0,0.1270855105161667,moderate_review,273
ground_truth,1.3.6.1.4.1.14519.5.2.1.6279.6001.686193079844756926365065559979,outputs/luna16_saliency_synthetic_gt/1.3.6.1.4.1.14519.5.2.1.6279.6001.686193079844756926365065559979/surface_1.3.6.1.4.1.14519.5.2.1.6279.6001.686193079844756926365065559979.png,outputs/luna16_saliency_synthetic_gt/1.3.6.1.4.1.14519.5.2.1.6279.6001.686193079844756926365065559979/surface_grid_float_1.3.6.1.4.1.14519.5.2.1.6279.6001.686193079844756926365065559979.npy,0.619638474424403,0.3303534984588623,0.23163726925849915,0.9176470637321472,43.62471008300781,9.051548957824707,0.7003361880779262,1.4616743457317338,2.850957155227661,4.652539253234863,18,10,8,15.0,0.12689705662859807,moderate_review,274
ground_truth,1.3.6.1.4.1.14519.5.2.1.6279.6001.179683407589764683292800449011,outputs/luna16_saliency_synthetic_gt/1.3.6.1.4.1.14519.5.2.1.6279.6001.179683407589764683292800449011/surface_1.3.6.1.4.1.14519.5.2.1.6279.6001.179683407589764683292800449011.png,outputs/luna16_saliency_synthetic_gt/1.3.6.1.4.1.14519.5.2.1.6279.6001.179683407589764683292800449011/surface_grid_float_1.3.6.1.4.1.14519.5.2.1.6279.6001.179683407589764683292800449011.npy,0.6412048290390536,0.36347758769989014,0.2602967619895935,1.0,53.218971252441406,12.776135444641113,0.6266390383243559,0.7784316718578344,0.8900911211967468,6.44868803024292,18,10,8,52.0,0.12638165342145496,moderate_review,275
ground_truth,1.3.6.1.4.1.14519.5.2.1.6279.6001.119209873306155771318545953948,outputs/luna16_saliency_synthetic_gt/1.3.6.1.4.1.14519.5.2.1.6279.6001.119209873306155771318545953948/surface_1.3.6.1.4.1.14519.5.2.1.6279.6001.119209873306155771318545953948.png,outputs/luna16_saliency_synthetic_gt/1.3.6.1.4.1.14519.5.2.1.6279.6001.119209873306155771318545953948/surface_grid_float_1.3.6.1.4.1.14519.5.2.1.6279.6001.119209873306155771318545953948.npy,0.6197963366209812,0.3198907971382141,0.23322363197803497,0.9960784316062927,47.869415283203125,8.707468032836914,0.6145220547914505,1.2391521394252762,1.6763988733291626,3.8149306774139404,18,10,8,47.0,0.12543454671568335,moderate_review,276
ground_truth,1.3.6.1.4.1.14519.5.2.1.6279.6001.274052674198758621258447180130,outputs/luna16_saliency_synthetic_gt/1.3.6.1.4.1.14519.5.2.1.6279.6001.274052674198758621258447180130/surface_1.3.6.1.4.1.14519.5.2.1.6279.6001.274052674198758621258447180130.png,outputs/luna16_saliency_synthetic_gt/1.3.6.1.4.1.14519.5.2.1.6279.6001.274052674198758621258447180130/surface_grid_float_1.3.6.1.4.1.14519.5.2.1.6279.6001.274052674198758621258447180130.npy,0.5547663551401869,0.37398383021354675,0.24123384058475494,1.0,49.73712158203125,8.981844902038574,0.5572170734405518,0.8822951006889337,0.9990085959434509,6.462703227996826,18,10,8,49.0,0.1237256183862686,moderate_review,277
ground_truth,1.3.6.1.4.1.14519.5.2.1.6279.6001.116492508532884962903000261147,outputs/luna16_saliency_synthetic_gt/1.3.6.1.4.1.14519.5.2.1.6279.6001.116492508532884962903000261147/surface_1.3.6.1.4.1.14519.5.2.1.6279.6001.116492508532884962903000261147.png,outputs/luna16_saliency_synthetic_gt/1.3.6.1.4.1.14519.5.2.1.6279.6001.116492508532884962903000261147/surface_grid_float_1.3.6.1.4.1.14519.5.2.1.6279.6001.116492508532884962903000261147.npy,0.5638063388310405,0.3238362669944763,0.23433388769626617,0.9607843160629272,51.54582214355469,11.215389251708984,0.6079448103904719,0.7462399959564209,0.7955278754234314,6.315046787261963,18,10,8,50.0,0.12233034075631036,moderate_review,278
ground_truth,1.3.6.1.4.1.14519.5.2.1.6279.6001.397062004302272014259317520874,outputs/luna16_saliency_synthetic_gt/1.3.6.1.4.1.14519.5.2.1.6279.6001.397062004302272014259317520874/surface_1.3.6.1.4.1.14519.5.2.1.6279.6001.397062004302272014259317520874.png,outputs/luna16_saliency_synthetic_gt/1.3.6.1.4.1.14519.5.2.1.6279.6001.397062004302272014259317520874/surface_grid_float_1.3.6.1.4.1.14519.5.2.1.6279.6001.397062004302272014259317520874.npy,0.5895768506959325,0.36867591738700867,0.24643608927726746,0.9882352948188782,46.98561096191406,10.60229206085205,0.6875253200531004,1.0377321863174438,1.154533863067627,4.818204402923584,18,10,8,45.0,0.12014843808809916,moderate_review,279
ground_truth,1.3.6.1.4.1.14519.5.2.1.6279.6001.618434772073433276874225174904,outputs/luna16_saliency_synthetic_gt/1.3.6.1.4.1.14519.5.2.1.6279.6001.618434772073433276874225174904/surface_1.3.6.1.4.1.14519.5.2.1.6279.6001.618434772073433276874225174904.png,outputs/luna16_saliency_synthetic_gt/1.3.6.1.4.1.14519.5.2.1.6279.6001.618434772073433276874225174904/surface_grid_float_1.3.6.1.4.1.14519.5.2.1.6279.6001.618434772073433276874225174904.npy,0.18174581134869944,0.4666123390197754,0.24541670083999634,1.0,8.343963623046875,2.0195672512054443,0.17331700474023815,0.1882760936021805,0.2486974596977234,1.216052532196045,13,5,8,0.0,0.11840247846479858,moderate_review,280
ground_truth,1.3.6.1.4.1.14519.5.2.1.6279.6001.107351566259572521472765997306,outputs/luna16_saliency_synthetic_gt/1.3.6.1.4.1.14519.5.2.1.6279.6001.107351566259572521472765997306/surface_1.3.6.1.4.1.14519.5.2.1.6279.6001.107351566259572521472765997306.png,outputs/luna16_saliency_synthetic_gt/1.3.6.1.4.1.14519.5.2.1.6279.6001.107351566259572521472765997306/surface_grid_float_1.3.6.1.4.1.14519.5.2.1.6279.6001.107351566259572521472765997306.npy,0.5869877785765636,0.355850487947464,0.24532310664653778,0.9882352948188782,45.97047424316406,9.634176254272461,0.5813532382249832,0.9677159535884857,2.048701524734497,5.312301158905029,38,30,8,45.0,0.11745404936605028,moderate_review,281
ground_truth,1.3.6.1.4.1.14519.5.2.1.6279.6001.885292267869246639232975687131,outputs/luna16_saliency_synthetic_gt/1.3.6.1.4.1.14519.5.2.1.6279.6001.885292267869246639232975687131/surface_1.3.6.1.4.1.14519.5.2.1.6279.6001.885292267869246639232975687131.png,outputs/luna16_saliency_synthetic_gt/1.3.6.1.4.1.14519.5.2.1.6279.6001.885292267869246639232975687131/surface_grid_float_1.3.6.1.4.1.14519.5.2.1.6279.6001.885292267869246639232975687131.npy,0.6498772504091653,0.3459513485431671,0.24348358809947968,1.0,49.06053161621094,12.256795883178711,0.5363956540822983,0.6307503926753997,1.1299933195114136,7.149524211883545,18,10,8,47.0,0.11657789605591032,moderate_review,282
ground_truth,1.3.6.1.4.1.14519.5.2.1.6279.6001.242761658169703141430370511586,outputs/luna16_saliency_synthetic_gt/1.3.6.1.4.1.14519.5.2.1.6279.6001.242761658169703141430370511586/surface_1.3.6.1.4.1.14519.5.2.1.6279.6001.242761658169703141430370511586.png,outputs/luna16_saliency_synthetic_gt/1.3.6.1.4.1.14519.5.2.1.6279.6001.242761658169703141430370511586/surface_grid_float_1.3.6.1.4.1.14519.5.2.1.6279.6001.242761658169703141430370511586.npy,0.2544683760683761,0.5287328362464905,0.23300257325172424,1.0,24.51416778564453,5.812084674835205,0.3060166895389557,0.4104081499576566,0.43603506684303284,3.9174389839172363,13,5,8,0.0,0.11646411016189714,moderate_review,283
ground_truth,1.3.6.1.4.1.14519.5.2.1.6279.6001.177252583002664900748714851615,outputs/luna16_saliency_synthetic_gt/1.3.6.1.4.1.14519.5.2.1.6279.6001.177252583002664900748714851615/surface_1.3.6.1.4.1.14519.5.2.1.6279.6001.177252583002664900748714851615.png,outputs/luna16_saliency_synthetic_gt/1.3.6.1.4.1.14519.5.2.1.6279.6001.177252583002664900748714851615/surface_grid_float_1.3.6.1.4.1.14519.5.2.1.6279.6001.177252583002664900748714851615.npy,0.18928736162361623,0.4248560965061188,0.25677403807640076,1.0,9.002655029296875,2.1652183532714844,0.1831543520092964,0.19858081534504893,0.26206672191619873,1.2457232475280762,13,5,8,0.0,0.1155659167505089,moderate_review,284
ground_truth,1.3.6.1.4.1.14519.5.2.1.6279.6001.211956804948320236390242845468,outputs/luna16_saliency_synthetic_gt/1.3.6.1.4.1.14519.5.2.1.6279.6001.211956804948320236390242845468/surface_1.3.6.1.4.1.14519.5.2.1.6279.6001.211956804948320236390242845468.png,outputs/luna16_saliency_synthetic_gt/1.3.6.1.4.1.14519.5.2.1.6279.6001.211956804948320236390242845468/surface_grid_float_1.3.6.1.4.1.14519.5.2.1.6279.6001.211956804948320236390242845468.npy,0.32870680044593087,0.3539997339248657,0.254353791475296,1.0,40.74409484863281,9.354477882385254,0.4019514992833139,0.9018038952350704,6.644716739654541,3.6493237018585205,23,15,8,34.0,0.11523809243345093,moderate_review,285
ground_truth,1.3.6.1.4.1.14519.5.2.1.6279.6001.216882370221919561230873289517,outputs/luna16_saliency_synthetic_gt/1.3.6.1.4.1.14519.5.2.1.6279.6001.216882370221919561230873289517/surface_1.3.6.1.4.1.14519.5.2.1.6279.6001.216882370221919561230873289517.png,outputs/luna16_saliency_synthetic_gt/1.3.6.1.4.1.14519.5.2.1.6279.6001.216882370221919561230873289517/surface_grid_float_1.3.6.1.4.1.14519.5.2.1.6279.6001.216882370221919561230873289517.npy,0.45530794962613147,0.31545281410217285,0.23125407099723816,0.9246666711568866,46.02980041503906,9.211398124694824,0.47224990278482415,0.9178973680734632,3.798581600189209,4.539855480194092,18,10,8,29.0,0.11434182280103365,moderate_review,286
ground_truth,1.3.6.1.4.1.14519.5.2.1.6279.6001.603126300703296693942875967838,outputs/luna16_saliency_synthetic_gt/1.3.6.1.4.1.14519.5.2.1.6279.6001.603126300703296693942875967838/surface_1.3.6.1.4.1.14519.5.2.1.6279.6001.603126300703296693942875967838.png,outputs/luna16_saliency_synthetic_gt/1.3.6.1.4.1.14519.5.2.1.6279.6001.603126300703296693942875967838/surface_grid_float_1.3.6.1.4.1.14519.5.2.1.6279.6001.603126300703296693942875967838.npy,0.5745195766780476,0.32878604531288147,0.24578475952148438,1.0,51.04954528808594,9.716465950012207,0.43711166679859126,0.5681570529937745,0.6281517744064331,5.258337020874023,28,20,8,51.0,0.11381248044967651,moderate_review,287
ground_truth,1.3.6.1.4.1.14519.5.2.1.6279.6001.317613170669207528926259976488,outputs/luna16_saliency_synthetic_gt/1.3.6.1.4.1.14519.5.2.1.6279.6001.317613170669207528926259976488/surface_1.3.6.1.4.1.14519.5.2.1.6279.6001.317613170669207528926259976488.png,outputs/luna16_saliency_synthetic_gt/1.3.6.1.4.1.14519.5.2.1.6279.6001.317613170669207528926259976488/surface_grid_float_1.3.6.1.4.1.14519.5.2.1.6279.6001.317613170669207528926259976488.npy,0.5430186981944355,0.34156596660614014,0.22655600309371948,0.9647058844566345,41.59730529785156,6.994539260864258,0.5258189439773558,1.2968416392803177,2.161402463912964,2.3659119606018066,23,15,8,39.0,0.11349167347616615,moderate_review,288
ground_truth,1.3.6.1.4.1.14519.5.2.1.6279.6001.205993750485568250373835565680,outputs/luna16_saliency_synthetic_gt/1.3.6.1.4.1.14519.5.2.1.6279.6001.205993750485568250373835565680/surface_1.3.6.1.4.1.14519.5.2.1.6279.6001.205993750485568250373835565680.png,outputs/luna16_saliency_synthetic_gt/1.3.6.1.4.1.14519.5.2.1.6279.6001.205993750485568250373835565680/surface_grid_float_1.3.6.1.4.1.14519.5.2.1.6279.6001.205993750485568250373835565680.npy,0.2446969696969697,0.4457695484161377,0.23611707985401154,0.9215686321258545,19.29541015625,3.9128196239471436,0.2773067533969879,0.5599192452430721,0.7707297801971436,1.6384164094924927,23,15,8,19.0,0.11277067981196343,moderate_review,289
ground_truth,1.3.6.1.4.1.14519.5.2.1.6279.6001.275755514659958628040305922764,outputs/luna16_saliency_synthetic_gt/1.3.6.1.4.1.14519.5.2.1.6279.6001.275755514659958628040305922764/surface_1.3.6.1.4.1.14519.5.2.1.6279.6001.275755514659958628040305922764.png,outputs/luna16_saliency_synthetic_gt/1.3.6.1.4.1.14519.5.2.1.6279.6001.275755514659958628040305922764/surface_grid_float_1.3.6.1.4.1.14519.5.2.1.6279.6001.275755514659958628040305922764.npy,0.5384012539184952,0.33179372549057007,0.22176732122898102,0.9607843160629272,47.18883514404297,8.043889045715332,0.45116842836141585,0.848258919715881,1.359338402748108,3.6992099285125732,33,25,8,47.0,0.1123162926726871,moderate_review,290
ground_truth,1.3.6.1.4.1.14519.5.2.1.6279.6001.227962600322799211676960828223,outputs/luna16_saliency_synthetic_gt/1.3.6.1.4.1.14519.5.2.1.6279.6001.227962600322799211676960828223/surface_1.3.6.1.4.1.14519.5.2.1.6279.6001.227962600322799211676960828223.png,outputs/luna16_saliency_synthetic_gt/1.3.6.1.4.1.14519.5.2.1.6279.6001.227962600322799211676960828223/surface_grid_float_1.3.6.1.4.1.14519.5.2.1.6279.6001.227962600322799211676960828223.npy,0.19863479862278804,0.4695536494255066,0.2798745334148407,1.0,10.018218994140625,2.337002754211426,0.18405111134052277,0.2062157981097698,0.25548574328422546,1.3029632568359375,13,5,8,0.0,0.11227338029125226,moderate_review,291
ground_truth,1.3.6.1.4.1.14519.5.2.1.6279.6001.224465398054769500989828256685,outputs/luna16_saliency_synthetic_gt/1.3.6.1.4.1.14519.5.2.1.6279.6001.224465398054769500989828256685/surface_1.3.6.1.4.1.14519.5.2.1.6279.6001.224465398054769500989828256685.png,outputs/luna16_saliency_synthetic_gt/1.3.6.1.4.1.14519.5.2.1.6279.6001.224465398054769500989828256685/surface_grid_float_1.3.6.1.4.1.14519.5.2.1.6279.6001.224465398054769500989828256685.npy,0.569730201863354,0.3969426453113556,0.24764211475849152,0.9882352948188782,42.10536193847656,8.469551086425781,0.5820099145174026,0.9673737424612044,1.1974678039550781,5.53025484085083,28,20,8,42.0,0.11148627070652115,moderate_review,292
ground_truth,1.3.6.1.4.1.14519.5.2.1.6279.6001.997611074084993415992563148335,outputs/luna16_saliency_synthetic_gt/1.3.6.1.4.1.14519.5.2.1.6279.6001.997611074084993415992563148335/surface_1.3.6.1.4.1.14519.5.2.1.6279.6001.997611074084993415992563148335.png,outputs/luna16_saliency_synthetic_gt/1.3.6.1.4.1.14519.5.2.1.6279.6001.997611074084993415992563148335/surface_grid_float_1.3.6.1.4.1.14519.5.2.1.6279.6001.997611074084993415992563148335.npy,0.5183257918552037,0.3811012804508209,0.22831295430660248,0.9098039269447327,45.5592155456543,10.217998504638672,0.5890349060297012,0.8006535536050797,0.8656778335571289,4.985442638397217,18,10,8,45.0,0.1110303939362367,moderate_review,293
ground_truth,1.3.6.1.4.1.14519.5.2.1.6279.6001.262736997975960398949912434623,outputs/luna16_saliency_synthetic_gt/1.3.6.1.4.1.14519.5.2.1.6279.6001.262736997975960398949912434623/surface_1.3.6.1.4.1.14519.5.2.1.6279.6001.262736997975960398949912434623.png,outputs/luna16_saliency_synthetic_gt/1.3.6.1.4.1.14519.5.2.1.6279.6001.262736997975960398949912434623/surface_grid_float_1.3.6.1.4.1.14519.5.2.1.6279.6001.262736997975960398949912434623.npy,0.5874676119474161,0.333823025226593,0.23030434548854828,0.9098039269447327,45.211090087890625,8.299579620361328,0.564713370800018,0.8332316660881042,0.934233546257019,4.434910774230957,18,10,8,45.0,0.11020412407186295,moderate_review,294
ground_truth,1.3.6.1.4.1.14519.5.2.1.6279.6001.133132722052053001903031735878,outputs/luna16_saliency_synthetic_gt/1.3.6.1.4.1.14519.5.2.1.6279.6001.133132722052053001903031735878/surface_1.3.6.1.4.1.14519.5.2.1.6279.6001.133132722052053001903031735878.png,outputs/luna16_saliency_synthetic_gt/1.3.6.1.4.1.14519.5.2.1.6279.6001.133132722052053001903031735878/surface_grid_float_1.3.6.1.4.1.14519.5.2.1.6279.6001.133132722052053001903031735878.npy,0.610601841107759,0.36424076557159424,0.22943127155303955,1.0,46.87284851074219,11.058724403381348,0.4951438352465628,0.5679878383874893,0.8471444845199585,6.323690414428711,23,15,8,45.0,0.10921369470159213,moderate_review,295
ground_truth,1.3.6.1.4.1.14519.5.2.1.6279.6001.174692377730646477496286081479,outputs/luna16_saliency_synthetic_gt/1.3.6.1.4.1.14519.5.2.1.6279.6001.174692377730646477496286081479/surface_1.3.6.1.4.1.14519.5.2.1.6279.6001.174692377730646477496286081479.png,outputs/luna16_saliency_synthetic_gt/1.3.6.1.4.1.14519.5.2.1.6279.6001.174692377730646477496286081479/surface_grid_float_1.3.6.1.4.1.14519.5.2.1.6279.6001.174692377730646477496286081479.npy,0.19487488291181587,0.43174687027931213,0.23342685401439667,0.9137254953384399,7.61065673828125,1.832456111907959,0.1393233746290207,0.16564055889844898,0.23408854007720947,1.2730858325958252,13,5,8,0.0,0.10912564834247054,moderate_review,296
ground_truth,1.3.6.1.4.1.14519.5.2.1.6279.6001.170825539570536865106681134236,outputs/luna16_saliency_synthetic_gt/1.3.6.1.4.1.14519.5.2.1.6279.6001.170825539570536865106681134236/surface_1.3.6.1.4.1.14519.5.2.1.6279.6001.170825539570536865106681134236.png,outputs/luna16_saliency_synthetic_gt/1.3.6.1.4.1.14519.5.2.1.6279.6001.170825539570536865106681134236/surface_grid_float_1.3.6.1.4.1.14519.5.2.1.6279.6001.170825539570536865106681134236.npy,0.5563969709047429,0.3280336856842041,0.24047422409057617,0.8549019694328308,41.63690185546875,8.443595886230469,0.5817046046257016,0.936266946792604,1.0836968421936035,4.766666889190674,18,10,8,39.0,0.10807543791664975,moderate_review,297
ground_truth,1.3.6.1.4.1.14519.5.2.1.6279.6001.141430002307216644912805017227,outputs/luna16_saliency_synthetic_gt/1.3.6.1.4.1.14519.5.2.1.6279.6001.141430002307216644912805017227/surface_1.3.6.1.4.1.14519.5.2.1.6279.6001.141430002307216644912805017227.png,outputs/luna16_saliency_synthetic_gt/1.3.6.1.4.1.14519.5.2.1.6279.6001.141430002307216644912805017227/surface_grid_float_1.3.6.1.4.1.14519.5.2.1.6279.6001.141430002307216644912805017227.npy,0.6401737156132847,0.29958951473236084,0.2230919599533081,0.9844705891609226,45.31646728515625,9.799506187438965,0.44388526678085327,0.5932158768177032,0.6878947019577026,6.555878639221191,23,15,8,44.0,0.10789254097806084,moderate_review,298
ground_truth,1.3.6.1.4.1.14519.5.2.1.6279.6001.398955972049286139436103068984,outputs/luna16_saliency_synthetic_gt/1.3.6.1.4.1.14519.5.2.1.6279.6001.398955972049286139436103068984/surface_1.3.6.1.4.1.14519.5.2.1.6279.6001.398955972049286139436103068984.png,outputs/luna16_saliency_synthetic_gt/1.3.6.1.4.1.14519.5.2.1.6279.6001.398955972049286139436103068984/surface_grid_float_1.3.6.1.4.1.14519.5.2.1.6279.6001.398955972049286139436103068984.npy,0.5282279971024991,0.44403520226478577,0.21819661557674408,0.9960784316062927,45.674720764160156,11.509818077087402,0.470903180539608,0.5212717801332474,0.5486910939216614,6.765422344207764,18,10,8,45.0,0.10679695988694826,moderate_review,299
ground_truth,1.3.6.1.4.1.14519.5.2.1.6279.6001.248425363469507808613979846863,outputs/luna16_saliency_synthetic_gt/1.3.6.1.4.1.14519.5.2.1.6279.6001.248425363469507808613979846863/surface_1.3.6.1.4.1.14519.5.2.1.6279.6001.248425363469507808613979846863.png,outputs/luna16_saliency_synthetic_gt/1.3.6.1.4.1.14519.5.2.1.6279.6001.248425363469507808613979846863/surface_grid_float_1.3.6.1.4.1.14519.5.2.1.6279.6001.248425363469507808613979846863.npy,0.5390557837424778,0.3214584290981293,0.221566841006279,0.9215686321258545,48.384620666503906,12.09496021270752,0.37674013972282405,0.41870873421430593,0.4383417069911957,6.108440399169922,18,10,8,48.0,0.10677660846875775,moderate_review,300
ground_truth,1.3.6.1.4.1.14519.5.2.1.6279.6001.167661207884826429102690781600,outputs/luna16_saliency_synthetic_gt/1.3.6.1.4.1.14519.5.2.1.6279.6001.167661207884826429102690781600/surface_1.3.6.1.4.1.14519.5.2.1.6279.6001.167661207884826429102690781600.png,outputs/luna16_saliency_synthetic_gt/1.3.6.1.4.1.14519.5.2.1.6279.6001.167661207884826429102690781600/surface_grid_float_1.3.6.1.4.1.14519.5.2.1.6279.6001.167661207884826429102690781600.npy,0.5375629668229981,0.3761574923992157,0.24049419164657593,1.0,43.55436706542969,8.580084800720215,0.5092581242322914,0.9003638446331022,1.0616981983184814,2.3124611377716064,18,10,8,43.0,0.10474032964309056,moderate_review,301
ground_truth,1.3.6.1.4.1.14519.5.2.1.6279.6001.213022585153512920098588556742,outputs/luna16_saliency_synthetic_gt/1.3.6.1.4.1.14519.5.2.1.6279.6001.213022585153512920098588556742/surface_1.3.6.1.4.1.14519.5.2.1.6279.6001.213022585153512920098588556742.png,outputs/luna16_saliency_synthetic_gt/1.3.6.1.4.1.14519.5.2.1.6279.6001.213022585153512920098588556742/surface_grid_float_1.3.6.1.4.1.14519.5.2.1.6279.6001.213022585153512920098588556742.npy,0.6389133378469871,0.3174920678138733,0.22421059012413025,0.8705882430076599,37.386199951171875,7.038799285888672,0.4948733136057849,1.1409619510173794,1.4910119771957397,3.021897554397583,23,15,8,35.0,0.10325451968113579,moderate_review,302
ground_truth,1.3.6.1.4.1.14519.5.2.1.6279.6001.185226274332527104841463955058,outputs/luna16_saliency_synthetic_gt/1.3.6.1.4.1.14519.5.2.1.6279.6001.185226274332527104841463955058/surface_1.3.6.1.4.1.14519.5.2.1.6279.6001.185226274332527104841463955058.png,outputs/luna16_saliency_synthetic_gt/1.3.6.1.4.1.14519.5.2.1.6279.6001.185226274332527104841463955058/surface_grid_float_1.3.6.1.4.1.14519.5.2.1.6279.6001.185226274332527104841463955058.npy,0.5101101101101101,0.3887399137020111,0.23714816570281982,1.0,43.75303649902344,10.928812026977539,0.331324964761734,0.5952446341514583,0.746667742729187,5.507981300354004,18,10,8,43.0,0.10301902496814727,moderate_review,303
ground_truth,1.3.6.1.4.1.14519.5.2.1.6279.6001.114914167428485563471327801935,outputs/luna16_saliency_synthetic_gt/1.3.6.1.4.1.14519.5.2.1.6279.6001.114914167428485563471327801935/surface_1.3.6.1.4.1.14519.5.2.1.6279.6001.114914167428485563471327801935.png,outputs/luna16_saliency_synthetic_gt/1.3.6.1.4.1.14519.5.2.1.6279.6001.114914167428485563471327801935/surface_grid_float_1.3.6.1.4.1.14519.5.2.1.6279.6001.114914167428485563471327801935.npy,0.24196980443813962,0.394497811794281,0.26496100425720215,0.9490196108818054,15.93896484375,3.829923391342163,0.19672435075044628,0.32048013955354876,0.3791532516479492,1.635651707649231,18,10,8,14.0,0.10154566748647337,moderate_review,304
ground_truth,1.3.6.1.4.1.14519.5.2.1.6279.6001.242624386080831911167122628616,outputs/luna16_saliency_synthetic_gt/1.3.6.1.4.1.14519.5.2.1.6279.6001.242624386080831911167122628616/surface_1.3.6.1.4.1.14519.5.2.1.6279.6001.242624386080831911167122628616.png,outputs/luna16_saliency_synthetic_gt/1.3.6.1.4.1.14519.5.2.1.6279.6001.242624386080831911167122628616/surface_grid_float_1.3.6.1.4.1.14519.5.2.1.6279.6001.242624386080831911167122628616.npy,0.65875268107573,0.3328183889389038,0.2420305460691452,0.9921568632125854,39.244728088378906,7.403512001037598,0.4614845231175421,0.9538118094205834,1.283150553703308,3.262071132659912,18,10,8,36.0,0.10127128139138214,moderate_review,305
ground_truth,1.3.6.1.4.1.14519.5.2.1.6279.6001.792381786708289670758399079830,outputs/luna16_saliency_synthetic_gt/1.3.6.1.4.1.14519.5.2.1.6279.6001.792381786708289670758399079830/surface_1.3.6.1.4.1.14519.5.2.1.6279.6001.792381786708289670758399079830.png,outputs/luna16_saliency_synthetic_gt/1.3.6.1.4.1.14519.5.2.1.6279.6001.792381786708289670758399079830/surface_grid_float_1.3.6.1.4.1.14519.5.2.1.6279.6001.792381786708289670758399079830.npy,0.3660606060606061,0.4062312841415405,0.24438615143299103,1.0,36.70039367675781,6.006511688232422,0.434592747688293,1.052999312877656,4.862667083740234,3.6293141841888428,18,10,8,26.0,0.1008224448124568,moderate_review,306
ground_truth,1.3.6.1.4.1.14519.5.2.1.6279.6001.931383239747372227838946053237,outputs/luna16_saliency_synthetic_gt/1.3.6.1.4.1.14519.5.2.1.6279.6001.931383239747372227838946053237/surface_1.3.6.1.4.1.14519.5.2.1.6279.6001.931383239747372227838946053237.png,outputs/luna16_saliency_synthetic_gt/1.3.6.1.4.1.14519.5.2.1.6279.6001.931383239747372227838946053237/surface_grid_float_1.3.6.1.4.1.14519.5.2.1.6279.6001.931383239747372227838946053237.npy,0.580564038081552,0.4083033502101898,0.2255859076976776,1.0,44.08590316772461,10.337852478027344,0.46108114123344407,0.5257225203514099,0.5441786646842957,5.060871124267578,18,10,8,44.0,0.10049456116623348,moderate_review,307
ground_truth,1.3.6.1.4.1.14519.5.2.1.6279.6001.187451715205085403623595258748,outputs/luna16_saliency_synthetic_gt/1.3.6.1.4.1.14519.5.2.1.6279.6001.187451715205085403623595258748/surface_1.3.6.1.4.1.14519.5.2.1.6279.6001.187451715205085403623595258748.png,outputs/luna16_saliency_synthetic_gt/1.3.6.1.4.1.14519.5.2.1.6279.6001.187451715205085403623595258748/surface_grid_float_1.3.6.1.4.1.14519.5.2.1.6279.6001.187451715205085403623595258748.npy,0.6507704499427666,0.3422057330608368,0.25652557611465454,1.0,42.32600402832031,8.40993881225586,0.5157248973846428,0.676308033466339,0.7241334319114685,4.279257774353027,18,10,8,42.0,0.1003420427719752,moderate_review,308
ground_truth,1.3.6.1.4.1.14519.5.2.1.6279.6001.390513733720659266816639651938,outputs/luna16_saliency_synthetic_gt/1.3.6.1.4.1.14519.5.2.1.6279.6001.390513733720659266816639651938/surface_1.3.6.1.4.1.14519.5.2.1.6279.6001.390513733720659266816639651938.png,outputs/luna16_saliency_synthetic_gt/1.3.6.1.4.1.14519.5.2.1.6279.6001.390513733720659266816639651938/surface_grid_float_1.3.6.1.4.1.14519.5.2.1.6279.6001.390513733720659266816639651938.npy,0.21245150913047592,0.40789589285850525,0.2647714614868164,1.0,7.9239959716796875,1.827038049697876,0.17409252524375915,0.19401836156845084,0.26019343733787537,1.2162126302719116,13,5,8,0.0,0.10032904317351862,moderate_review,309
ground_truth,1.3.6.1.4.1.14519.5.2.1.6279.6001.173106154739244262091404659845,outputs/luna16_saliency_synthetic_gt/1.3.6.1.4.1.14519.5.2.1.6279.6001.173106154739244262091404659845/surface_1.3.6.1.4.1.14519.5.2.1.6279.6001.173106154739244262091404659845.png,outputs/luna16_saliency_synthetic_gt/1.3.6.1.4.1.14519.5.2.1.6279.6001.173106154739244262091404659845/surface_grid_float_1.3.6.1.4.1.14519.5.2.1.6279.6001.173106154739244262091404659845.npy,0.4645152826971009,0.3029894232749939,0.23394353687763214,0.9058823585510254,44.12913513183594,8.81476879119873,0.43272213339805604,0.5690159517526627,1.2706348896026611,4.1532182693481445,38,30,8,44.0,0.09984841103752454,good_or_low_review,310
ground_truth,1.3.6.1.4.1.14519.5.2.1.6279.6001.487745546557477250336016826588,outputs/luna16_saliency_synthetic_gt/1.3.6.1.4.1.14519.5.2.1.6279.6001.487745546557477250336016826588/surface_1.3.6.1.4.1.14519.5.2.1.6279.6001.487745546557477250336016826588.png,outputs/luna16_saliency_synthetic_gt/1.3.6.1.4.1.14519.5.2.1.6279.6001.487745546557477250336016826588/surface_grid_float_1.3.6.1.4.1.14519.5.2.1.6279.6001.487745546557477250336016826588.npy,0.21075880758807589,0.40955281257629395,0.2327728569507599,0.9098039269447327,7.6099853515625,1.685575008392334,0.13982778191566467,0.159326816946268,0.21463866531848907,1.2237286567687988,13,5,8,0.0,0.09974890610665726,good_or_low_review,311
ground_truth,1.3.6.1.4.1.14519.5.2.1.6279.6001.774060103415303828812229821954,outputs/luna16_saliency_synthetic_gt/1.3.6.1.4.1.14519.5.2.1.6279.6001.774060103415303828812229821954/surface_1.3.6.1.4.1.14519.5.2.1.6279.6001.774060103415303828812229821954.png,outputs/luna16_saliency_synthetic_gt/1.3.6.1.4.1.14519.5.2.1.6279.6001.774060103415303828812229821954/surface_grid_float_1.3.6.1.4.1.14519.5.2.1.6279.6001.774060103415303828812229821954.npy,0.5134003350083752,0.39346474409103394,0.23711110651493073,0.9921568632125854,44.050071716308594,10.766960144042969,0.41940333694219584,0.5021222323179245,0.5538647174835205,4.93747615814209,18,10,8,44.0,0.09945262240370115,good_or_low_review,312
ground_truth,1.3.6.1.4.1.14519.5.2.1.6279.6001.693480911433291675609148051914,outputs/luna16_saliency_synthetic_gt/1.3.6.1.4.1.14519.5.2.1.6279.6001.693480911433291675609148051914/surface_1.3.6.1.4.1.14519.5.2.1.6279.6001.693480911433291675609148051914.png,outputs/luna16_saliency_synthetic_gt/1.3.6.1.4.1.14519.5.2.1.6279.6001.693480911433291675609148051914/surface_grid_float_1.3.6.1.4.1.14519.5.2.1.6279.6001.693480911433291675609148051914.npy,0.5638018018018018,0.3544633984565735,0.22241227328777313,0.8588235378265381,41.09467315673828,8.089702606201172,0.5149759382009506,0.7297611564397812,0.7951900362968445,4.020146369934082,18,10,8,41.0,0.09931761522094408,good_or_low_review,313
ground_truth,1.3.6.1.4.1.14519.5.2.1.6279.6001.335866409407244673864352309754,outputs/luna16_saliency_synthetic_gt/1.3.6.1.4.1.14519.5.2.1.6279.6001.335866409407244673864352309754/surface_1.3.6.1.4.1.14519.5.2.1.6279.6001.335866409407244673864352309754.png,outputs/luna16_saliency_synthetic_gt/1.3.6.1.4.1.14519.5.2.1.6279.6001.335866409407244673864352309754/surface_grid_float_1.3.6.1.4.1.14519.5.2.1.6279.6001.335866409407244673864352309754.npy,0.612603305785124,0.373994916677475,0.25226929783821106,1.0,37.82054138183594,7.722275257110596,0.6701973825693115,0.9812965160608292,1.0896532535552979,3.0426881313323975,18,10,8,36.0,0.09923466029895676,good_or_low_review,314
ground_truth,1.3.6.1.4.1.14519.5.2.1.6279.6001.120196332569034738680965284519,outputs/luna16_saliency_synthetic_gt/1.3.6.1.4.1.14519.5.2.1.6279.6001.120196332569034738680965284519/surface_1.3.6.1.4.1.14519.5.2.1.6279.6001.120196332569034738680965284519.png,outputs/luna16_saliency_synthetic_gt/1.3.6.1.4.1.14519.5.2.1.6279.6001.120196332569034738680965284519/surface_grid_float_1.3.6.1.4.1.14519.5.2.1.6279.6001.120196332569034738680965284519.npy,0.6345166638083805,0.28954049944877625,0.21778616309165955,0.8941176533699036,42.38085174560547,9.497041702270508,0.3877669453620913,0.48252625703811647,0.5083854794502258,6.0358662605285645,18,10,8,41.0,0.09852357675499386,good_or_low_review,315
ground_truth,1.3.6.1.4.1.14519.5.2.1.6279.6001.888291896309937415860209787179,outputs/luna16_saliency_synthetic_gt/1.3.6.1.4.1.14519.5.2.1.6279.6001.888291896309937415860209787179/surface_1.3.6.1.4.1.14519.5.2.1.6279.6001.888291896309937415860209787179.png,outputs/luna16_saliency_synthetic_gt/1.3.6.1.4.1.14519.5.2.1.6279.6001.888291896309937415860209787179/surface_grid_float_1.3.6.1.4.1.14519.5.2.1.6279.6001.888291896309937415860209787179.npy,0.5481771591637062,0.32169508934020996,0.23573724925518036,1.0,43.4443359375,11.134908676147461,0.39132796376943585,0.5313706815242766,0.6160157322883606,4.331031322479248,18,10,8,43.0,0.09797286105818219,good_or_low_review,316
ground_truth,1.3.6.1.4.1.14519.5.2.1.6279.6001.204566802718283633558802774757,outputs/luna16_saliency_synthetic_gt/1.3.6.1.4.1.14519.5.2.1.6279.6001.204566802718283633558802774757/surface_1.3.6.1.4.1.14519.5.2.1.6279.6001.204566802718283633558802774757.png,outputs/luna16_saliency_synthetic_gt/1.3.6.1.4.1.14519.5.2.1.6279.6001.204566802718283633558802774757/surface_grid_float_1.3.6.1.4.1.14519.5.2.1.6279.6001.204566802718283633558802774757.npy,0.21610858713332212,0.5169122219085693,0.24569003283977509,1.0,7.6593475341796875,1.6953403949737549,0.16151940524578093,0.1898782494664192,0.2541203796863556,1.2496387958526611,13,5,8,0.0,0.09774828059047898,good_or_low_review,317
ground_truth,1.3.6.1.4.1.14519.5.2.1.6279.6001.161002239822118346732951898613,outputs/luna16_saliency_synthetic_gt/1.3.6.1.4.1.14519.5.2.1.6279.6001.161002239822118346732951898613/surface_1.3.6.1.4.1.14519.5.2.1.6279.6001.161002239822118346732951898613.png,outputs/luna16_saliency_synthetic_gt/1.3.6.1.4.1.14519.5.2.1.6279.6001.161002239822118346732951898613/surface_grid_float_1.3.6.1.4.1.14519.5.2.1.6279.6001.161002239822118346732951898613.npy,0.5062648715400139,0.3568112254142761,0.22917097806930542,0.8745098114013672,31.770477294921875,6.143723011016846,0.42266543507575965,1.1720485377311762,2.37620210647583,3.6437745094299316,23,15,8,28.0,0.0962095283110938,good_or_low_review,318
ground_truth,1.3.6.1.4.1.14519.5.2.1.6279.6001.622243923620914676263059698181,outputs/luna16_saliency_synthetic_gt/1.3.6.1.4.1.14519.5.2.1.6279.6001.622243923620914676263059698181/surface_1.3.6.1.4.1.14519.5.2.1.6279.6001.622243923620914676263059698181.png,outputs/luna16_saliency_synthetic_gt/1.3.6.1.4.1.14519.5.2.1.6279.6001.622243923620914676263059698181/surface_grid_float_1.3.6.1.4.1.14519.5.2.1.6279.6001.622243923620914676263059698181.npy,0.565584320608454,0.3268882930278778,0.23178456723690033,1.0,41.67341613769531,10.999722480773926,0.35928252935409544,0.5138764983415602,0.5778595805168152,4.89069128036499,18,10,8,41.0,0.09574019135832787,good_or_low_review,319
ground_truth,1.3.6.1.4.1.14519.5.2.1.6279.6001.927394449308471452920270961822,outputs/luna16_saliency_synthetic_gt/1.3.6.1.4.1.14519.5.2.1.6279.6001.927394449308471452920270961822/surface_1.3.6.1.4.1.14519.5.2.1.6279.6001.927394449308471452920270961822.png,outputs/luna16_saliency_synthetic_gt/1.3.6.1.4.1.14519.5.2.1.6279.6001.927394449308471452920270961822/surface_grid_float_1.3.6.1.4.1.14519.5.2.1.6279.6001.927394449308471452920270961822.npy,0.5801637776946419,0.41593271493911743,0.2712444067001343,1.0,34.86320495605469,5.681297779083252,0.4760599881410598,0.9468470275402082,1.175641655921936,3.5417838096618652,23,15,8,34.0,0.0943813831077682,good_or_low_review,320
ground_truth,1.3.6.1.4.1.14519.5.2.1.6279.6001.189483585244687808087477024767,outputs/luna16_saliency_synthetic_gt/1.3.6.1.4.1.14519.5.2.1.6279.6001.189483585244687808087477024767/surface_1.3.6.1.4.1.14519.5.2.1.6279.6001.189483585244687808087477024767.png,outputs/luna16_saliency_synthetic_gt/1.3.6.1.4.1.14519.5.2.1.6279.6001.189483585244687808087477024767/surface_grid_float_1.3.6.1.4.1.14519.5.2.1.6279.6001.189483585244687808087477024767.npy,0.4479255774165954,0.41421642899513245,0.23797021806240082,0.929411768913269,42.02490234375,9.670732498168945,0.3197878524661064,0.3500830724835396,0.35508832335472107,6.175487995147705,18,10,8,42.0,0.09426730273663997,good_or_low_review,321
ground_truth,1.3.6.1.4.1.14519.5.2.1.6279.6001.252814707117018427472206147014,outputs/luna16_saliency_synthetic_gt/1.3.6.1.4.1.14519.5.2.1.6279.6001.252814707117018427472206147014/surface_1.3.6.1.4.1.14519.5.2.1.6279.6001.252814707117018427472206147014.png,outputs/luna16_saliency_synthetic_gt/1.3.6.1.4.1.14519.5.2.1.6279.6001.252814707117018427472206147014/surface_grid_float_1.3.6.1.4.1.14519.5.2.1.6279.6001.252814707117018427472206147014.npy,0.631453887004194,0.31047722697257996,0.23663021624088287,0.9098039269447327,41.11248779296875,9.569208145141602,0.36024269461631775,0.46291897296905443,0.5187398791313171,5.249316215515137,18,10,8,41.0,0.09407352932294208,good_or_low_review,322
ground_truth,1.3.6.1.4.1.14519.5.2.1.6279.6001.295420274214095686326263147663,outputs/luna16_saliency_synthetic_gt/1.3.6.1.4.1.14519.5.2.1.6279.6001.295420274214095686326263147663/surface_1.3.6.1.4.1.14519.5.2.1.6279.6001.295420274214095686326263147663.png,outputs/luna16_saliency_synthetic_gt/1.3.6.1.4.1.14519.5.2.1.6279.6001.295420274214095686326263147663/surface_grid_float_1.3.6.1.4.1.14519.5.2.1.6279.6001.295420274214095686326263147663.npy,0.5964980784644156,0.3809219300746918,0.2289402335882187,0.9490196108818054,34.46217346191406,6.160706043243408,0.44653325974941255,0.990013393163681,2.4395177364349365,2.646418809890747,33,25,8,30.0,0.0930182882534133,good_or_low_review,323
ground_truth,1.3.6.1.4.1.14519.5.2.1.6279.6001.842980983137518332429408284002,outputs/luna16_saliency_synthetic_gt/1.3.6.1.4.1.14519.5.2.1.6279.6001.842980983137518332429408284002/surface_1.3.6.1.4.1.14519.5.2.1.6279.6001.842980983137518332429408284002.png,outputs/luna16_saliency_synthetic_gt/1.3.6.1.4.1.14519.5.2.1.6279.6001.842980983137518332429408284002/surface_grid_float_1.3.6.1.4.1.14519.5.2.1.6279.6001.842980983137518332429408284002.npy,0.5331319579011361,0.40216320753097534,0.2541418671607971,1.0,30.637779235839844,4.3178629875183105,0.3984242275357242,1.1454727053642193,1.668074131011963,3.376188039779663,18,10,8,28.0,0.09292978664239224,good_or_low_review,324
ground_truth,1.3.6.1.4.1.14519.5.2.1.6279.6001.122914038048856168343065566972,outputs/luna16_saliency_synthetic_gt/1.3.6.1.4.1.14519.5.2.1.6279.6001.122914038048856168343065566972/surface_1.3.6.1.4.1.14519.5.2.1.6279.6001.122914038048856168343065566972.png,outputs/luna16_saliency_synthetic_gt/1.3.6.1.4.1.14519.5.2.1.6279.6001.122914038048856168343065566972/surface_grid_float_1.3.6.1.4.1.14519.5.2.1.6279.6001.122914038048856168343065566972.npy,0.5622121102146785,0.3528120815753937,0.21532395482063293,0.95686274766922,39.283973693847656,6.638029098510742,0.3135352730751037,0.4896064707636831,6.857081890106201,5.241611003875732,38,30,8,36.0,0.09180950806571377,good_or_low_review,325
ground_truth,1.3.6.1.4.1.14519.5.2.1.6279.6001.279300249795483097365868125932,outputs/luna16_saliency_synthetic_gt/1.3.6.1.4.1.14519.5.2.1.6279.6001.279300249795483097365868125932/surface_1.3.6.1.4.1.14519.5.2.1.6279.6001.279300249795483097365868125932.png,outputs/luna16_saliency_synthetic_gt/1.3.6.1.4.1.14519.5.2.1.6279.6001.279300249795483097365868125932/surface_grid_float_1.3.6.1.4.1.14519.5.2.1.6279.6001.279300249795483097365868125932.npy,0.2263147489126137,0.49927255511283875,0.23722127079963684,1.0,7.13555908203125,1.8654417991638184,0.16156840622425056,0.19677657097578044,0.26304736733436584,1.3329088687896729,13,5,8,0.0,0.09143520164339632,good_or_low_review,326
ground_truth,1.3.6.1.4.1.14519.5.2.1.6279.6001.443400977949406454649939526179,outputs/luna16_saliency_synthetic_gt/1.3.6.1.4.1.14519.5.2.1.6279.6001.443400977949406454649939526179/surface_1.3.6.1.4.1.14519.5.2.1.6279.6001.443400977949406454649939526179.png,outputs/luna16_saliency_synthetic_gt/1.3.6.1.4.1.14519.5.2.1.6279.6001.443400977949406454649939526179/surface_grid_float_1.3.6.1.4.1.14519.5.2.1.6279.6001.443400977949406454649939526179.npy,0.4766355140186916,0.3837010860443115,0.2583463191986084,1.0,40.01799011230469,9.071528434753418,0.33995157927274705,0.3736901184916494,0.3919674754142761,5.283030033111572,18,10,8,40.0,0.0896474204821719,good_or_low_review,327
ground_truth,1.3.6.1.4.1.14519.5.2.1.6279.6001.153732973534937692357111055819,outputs/luna16_saliency_synthetic_gt/1.3.6.1.4.1.14519.5.2.1.6279.6001.153732973534937692357111055819/surface_1.3.6.1.4.1.14519.5.2.1.6279.6001.153732973534937692357111055819.png,outputs/luna16_saliency_synthetic_gt/1.3.6.1.4.1.14519.5.2.1.6279.6001.153732973534937692357111055819/surface_grid_float_1.3.6.1.4.1.14519.5.2.1.6279.6001.153732973534937692357111055819.npy,0.4238307843323517,0.296739786863327,0.20895928144454956,0.8156862854957581,42.082733154296875,10.259183883666992,0.29902184307575214,0.3237979215383532,0.3498455882072449,4.309684753417969,18,10,8,42.0,0.0894289034664631,good_or_low_review,328
ground_truth,1.3.6.1.4.1.14519.5.2.1.6279.6001.297251044869095073091780740645,outputs/luna16_saliency_synthetic_gt/1.3.6.1.4.1.14519.5.2.1.6279.6001.297251044869095073091780740645/surface_1.3.6.1.4.1.14519.5.2.1.6279.6001.297251044869095073091780740645.png,outputs/luna16_saliency_synthetic_gt/1.3.6.1.4.1.14519.5.2.1.6279.6001.297251044869095073091780740645/surface_grid_float_1.3.6.1.4.1.14519.5.2.1.6279.6001.297251044869095073091780740645.npy,0.5776316629428663,0.35231176018714905,0.20996259152889252,0.9725490212440491,38.40245819091797,8.544089317321777,0.4177767038345337,0.5074862527847287,0.5397061109542847,3.828461170196533,23,15,8,38.0,0.08773637605773077,good_or_low_review,329
ground_truth,1.3.6.1.4.1.14519.5.2.1.6279.6001.943403138251347598519939390311,outputs/luna16_saliency_synthetic_gt/1.3.6.1.4.1.14519.5.2.1.6279.6001.943403138251347598519939390311/surface_1.3.6.1.4.1.14519.5.2.1.6279.6001.943403138251347598519939390311.png,outputs/luna16_saliency_synthetic_gt/1.3.6.1.4.1.14519.5.2.1.6279.6001.943403138251347598519939390311/surface_grid_float_1.3.6.1.4.1.14519.5.2.1.6279.6001.943403138251347598519939390311.npy,0.22614915982122794,0.49201586842536926,0.21209245920181274,1.0,6.1311187744140625,1.6511781215667725,0.10057441443204877,0.12047880806028852,0.16837731003761292,1.0466670989990234,13,5,8,0.0,0.0869307310927473,good_or_low_review,330
ground_truth,1.3.6.1.4.1.14519.5.2.1.6279.6001.105756658031515062000744821260,outputs/luna16_saliency_synthetic_gt/1.3.6.1.4.1.14519.5.2.1.6279.6001.105756658031515062000744821260/surface_1.3.6.1.4.1.14519.5.2.1.6279.6001.105756658031515062000744821260.png,outputs/luna16_saliency_synthetic_gt/1.3.6.1.4.1.14519.5.2.1.6279.6001.105756658031515062000744821260/surface_grid_float_1.3.6.1.4.1.14519.5.2.1.6279.6001.105756658031515062000744821260.npy,0.591821756225426,0.31870928406715393,0.23467318713665009,1.0,32.71156311035156,4.165182590484619,0.3379599794745446,0.9311240929365127,4.870944499969482,1.6213985681533813,18,10,8,17.0,0.08605610256791105,good_or_low_review,331
ground_truth,1.3.6.1.4.1.14519.5.2.1.6279.6001.162207236104936931957809623059,outputs/luna16_saliency_synthetic_gt/1.3.6.1.4.1.14519.5.2.1.6279.6001.162207236104936931957809623059/surface_1.3.6.1.4.1.14519.5.2.1.6279.6001.162207236104936931957809623059.png,outputs/luna16_saliency_synthetic_gt/1.3.6.1.4.1.14519.5.2.1.6279.6001.162207236104936931957809623059/surface_grid_float_1.3.6.1.4.1.14519.5.2.1.6279.6001.162207236104936931957809623059.npy,0.5517945411562433,0.28851714730262756,0.22093047201633453,0.9215686321258545,34.083831787109375,7.184989929199219,0.32507238537073135,0.7506686359643938,1.1877633333206177,2.966320514678955,23,15,8,32.0,0.085918268756734,good_or_low_review,332
ground_truth,1.3.6.1.4.1.14519.5.2.1.6279.6001.173101104804533997398137418032,outputs/luna16_saliency_synthetic_gt/1.3.6.1.4.1.14519.5.2.1.6279.6001.173101104804533997398137418032/surface_1.3.6.1.4.1.14519.5.2.1.6279.6001.173101104804533997398137418032.png,outputs/luna16_saliency_synthetic_gt/1.3.6.1.4.1.14519.5.2.1.6279.6001.173101104804533997398137418032/surface_grid_float_1.3.6.1.4.1.14519.5.2.1.6279.6001.173101104804533997398137418032.npy,0.5907823216369277,0.34774479269981384,0.21852275729179382,0.9561568653583515,34.343353271484375,7.386072158813477,0.426783312857151,0.6746378928422901,0.9091693758964539,3.253741979598999,23,15,8,34.0,0.08470859663685154,good_or_low_review,333
ground_truth,1.3.6.1.4.1.14519.5.2.1.6279.6001.238522526736091851696274044574,outputs/luna16_saliency_synthetic_gt/1.3.6.1.4.1.14519.5.2.1.6279.6001.238522526736091851696274044574/surface_1.3.6.1.4.1.14519.5.2.1.6279.6001.238522526736091851696274044574.png,outputs/luna16_saliency_synthetic_gt/1.3.6.1.4.1.14519.5.2.1.6279.6001.238522526736091851696274044574/surface_grid_float_1.3.6.1.4.1.14519.5.2.1.6279.6001.238522526736091851696274044574.npy,0.6095634020804089,0.3205812871456146,0.23222075402736664,0.907058829069149,36.55438232421875,9.342361450195312,0.35202765464782715,0.38745451271533965,0.4133818745613098,5.201022624969482,18,10,8,36.0,0.08410543397731252,good_or_low_review,334
ground_truth,1.3.6.1.4.1.14519.5.2.1.6279.6001.779493719385047675154892222907,outputs/luna16_saliency_synthetic_gt/1.3.6.1.4.1.14519.5.2.1.6279.6001.779493719385047675154892222907/surface_1.3.6.1.4.1.14519.5.2.1.6279.6001.779493719385047675154892222907.png,outputs/luna16_saliency_synthetic_gt/1.3.6.1.4.1.14519.5.2.1.6279.6001.779493719385047675154892222907/surface_grid_float_1.3.6.1.4.1.14519.5.2.1.6279.6001.779493719385047675154892222907.npy,0.4566911941308762,0.33375951647758484,0.22548958659172058,0.9019607901573181,39.07438659667969,9.155136108398438,0.2875690057873726,0.3133079352974892,0.3220199644565582,3.999809980392456,18,10,8,39.0,0.08341168234315183,good_or_low_review,335
ground_truth,1.3.6.1.4.1.14519.5.2.1.6279.6001.226889213794065160713547677129,outputs/luna16_saliency_synthetic_gt/1.3.6.1.4.1.14519.5.2.1.6279.6001.226889213794065160713547677129/surface_1.3.6.1.4.1.14519.5.2.1.6279.6001.226889213794065160713547677129.png,outputs/luna16_saliency_synthetic_gt/1.3.6.1.4.1.14519.5.2.1.6279.6001.226889213794065160713547677129/surface_grid_float_1.3.6.1.4.1.14519.5.2.1.6279.6001.226889213794065160713547677129.npy,0.28776276276276275,0.5086103081703186,0.21726267039775848,0.9411764740943909,19.157062530517578,4.036717891693115,0.17439438402652743,0.2542084345221519,0.2933380603790283,3.659026622772217,13,5,8,0.0,0.08324999642348989,good_or_low_review,336
ground_truth,1.3.6.1.4.1.14519.5.2.1.6279.6001.188059920088313909273628445208,outputs/luna16_saliency_synthetic_gt/1.3.6.1.4.1.14519.5.2.1.6279.6001.188059920088313909273628445208/surface_1.3.6.1.4.1.14519.5.2.1.6279.6001.188059920088313909273628445208.png,outputs/luna16_saliency_synthetic_gt/1.3.6.1.4.1.14519.5.2.1.6279.6001.188059920088313909273628445208/surface_grid_float_1.3.6.1.4.1.14519.5.2.1.6279.6001.188059920088313909273628445208.npy,0.3359755690541352,0.551697313785553,0.18329890072345734,0.8666666746139526,27.05095672607422,4.85752534866333,0.3875609815120697,0.5254235410690302,0.5956030488014221,2.3866238594055176,18,10,8,27.0,0.08251575286408346,good_or_low_review,337
ground_truth,1.3.6.1.4.1.14519.5.2.1.6279.6001.102681962408431413578140925249,outputs/luna16_saliency_synthetic_gt/1.3.6.1.4.1.14519.5.2.1.6279.6001.102681962408431413578140925249/surface_1.3.6.1.4.1.14519.5.2.1.6279.6001.102681962408431413578140925249.png,outputs/luna16_saliency_synthetic_gt/1.3.6.1.4.1.14519.5.2.1.6279.6001.102681962408431413578140925249/surface_grid_float_1.3.6.1.4.1.14519.5.2.1.6279.6001.102681962408431413578140925249.npy,0.23909379337695816,0.3689439594745636,0.2572380602359772,0.9803921580314636,6.910186767578125,1.9392918348312378,0.12381810471415519,0.14910527050495148,0.2117616981267929,1.159492015838623,13,5,8,0.0,0.08194176019836467,good_or_low_review,338
ground_truth,1.3.6.1.4.1.14519.5.2.1.6279.6001.323859712968543712594665815359,outputs/luna16_saliency_synthetic_gt/1.3.6.1.4.1.14519.5.2.1.6279.6001.323859712968543712594665815359/surface_1.3.6.1.4.1.14519.5.2.1.6279.6001.323859712968543712594665815359.png,outputs/luna16_saliency_synthetic_gt/1.3.6.1.4.1.14519.5.2.1.6279.6001.323859712968543712594665815359/surface_grid_float_1.3.6.1.4.1.14519.5.2.1.6279.6001.323859712968543712594665815359.npy,0.5376895152679906,0.30373790860176086,0.24721397459506989,0.9921568632125854,36.031341552734375,7.304794788360596,0.3457811176776886,0.3931696337461472,0.4078812599182129,4.2148942947387695,18,10,8,36.0,0.08121375669969452,good_or_low_review,339
ground_truth,1.3.6.1.4.1.14519.5.2.1.6279.6001.218476624578721885561483687176,outputs/luna16_saliency_synthetic_gt/1.3.6.1.4.1.14519.5.2.1.6279.6001.218476624578721885561483687176/surface_1.3.6.1.4.1.14519.5.2.1.6279.6001.218476624578721885561483687176.png,outputs/luna16_saliency_synthetic_gt/1.3.6.1.4.1.14519.5.2.1.6279.6001.218476624578721885561483687176/surface_grid_float_1.3.6.1.4.1.14519.5.2.1.6279.6001.218476624578721885561483687176.npy,0.5860543825237491,0.3403286039829254,0.22206932306289673,0.9838039225339992,36.1231689453125,8.774547576904297,0.297514933347702,0.4311513262987132,0.5130233764648438,3.4692881107330322,18,10,8,36.0,0.08084935049944451,good_or_low_review,340
ground_truth,1.3.6.1.4.1.14519.5.2.1.6279.6001.228511122591230092662900221600,outputs/luna16_saliency_synthetic_gt/1.3.6.1.4.1.14519.5.2.1.6279.6001.228511122591230092662900221600/surface_1.3.6.1.4.1.14519.5.2.1.6279.6001.228511122591230092662900221600.png,outputs/luna16_saliency_synthetic_gt/1.3.6.1.4.1.14519.5.2.1.6279.6001.228511122591230092662900221600/surface_grid_float_1.3.6.1.4.1.14519.5.2.1.6279.6001.228511122591230092662900221600.npy,0.502651375015415,0.3798113167285919,0.23900149762630463,1.0,31.61286163330078,6.343835830688477,0.29555111080408103,0.61657064139843,1.5166738033294678,3.7075817584991455,23,15,8,31.0,0.07942429253856341,good_or_low_review,341
ground_truth,1.3.6.1.4.1.14519.5.2.1.6279.6001.332453873575389860371315979768,outputs/luna16_saliency_synthetic_gt/1.3.6.1.4.1.14519.5.2.1.6279.6001.332453873575389860371315979768/surface_1.3.6.1.4.1.14519.5.2.1.6279.6001.332453873575389860371315979768.png,outputs/luna16_saliency_synthetic_gt/1.3.6.1.4.1.14519.5.2.1.6279.6001.332453873575389860371315979768/surface_grid_float_1.3.6.1.4.1.14519.5.2.1.6279.6001.332453873575389860371315979768.npy,0.5781587686468821,0.3158878982067108,0.2339770495891571,0.9529411792755127,35.39471435546875,8.462325096130371,0.3215567395091057,0.4058206352591513,0.4711243808269501,3.3554344177246094,18,10,8,35.0,0.07862233057849936,good_or_low_review,342
ground_truth,1.3.6.1.4.1.14519.5.2.1.6279.6001.153985109349433321657655488650,outputs/luna16_saliency_synthetic_gt/1.3.6.1.4.1.14519.5.2.1.6279.6001.153985109349433321657655488650/surface_1.3.6.1.4.1.14519.5.2.1.6279.6001.153985109349433321657655488650.png,outputs/luna16_saliency_synthetic_gt/1.3.6.1.4.1.14519.5.2.1.6279.6001.153985109349433321657655488650/surface_grid_float_1.3.6.1.4.1.14519.5.2.1.6279.6001.153985109349433321657655488650.npy,0.23829433643725764,0.39301079511642456,0.24461734294891357,0.9882352948188782,5.172760009765625,1.4184963703155518,0.09958891980350015,0.1220621169358492,0.1700904369354248,0.979954719543457,13,5,8,0.0,0.0782926150956977,good_or_low_review,343
ground_truth,1.3.6.1.4.1.14519.5.2.1.6279.6001.149893110752986700464921264055,outputs/luna16_saliency_synthetic_gt/1.3.6.1.4.1.14519.5.2.1.6279.6001.149893110752986700464921264055/surface_1.3.6.1.4.1.14519.5.2.1.6279.6001.149893110752986700464921264055.png,outputs/luna16_saliency_synthetic_gt/1.3.6.1.4.1.14519.5.2.1.6279.6001.149893110752986700464921264055/surface_grid_float_1.3.6.1.4.1.14519.5.2.1.6279.6001.149893110752986700464921264055.npy,0.3135916216484937,0.3754597306251526,0.24370957911014557,0.9960784316062927,20.799072265625,3.614330291748047,0.24157681688666344,0.5803169161081316,1.3003844022750854,2.4198052883148193,18,10,8,19.0,0.07825676064052847,good_or_low_review,344
ground_truth,1.3.6.1.4.1.14519.5.2.1.6279.6001.265775376735520890308424143898,outputs/luna16_saliency_synthetic_gt/1.3.6.1.4.1.14519.5.2.1.6279.6001.265775376735520890308424143898/surface_1.3.6.1.4.1.14519.5.2.1.6279.6001.265775376735520890308424143898.png,outputs/luna16_saliency_synthetic_gt/1.3.6.1.4.1.14519.5.2.1.6279.6001.265775376735520890308424143898/surface_grid_float_1.3.6.1.4.1.14519.5.2.1.6279.6001.265775376735520890308424143898.npy,0.5641171923883839,0.3567095100879669,0.2584889531135559,1.0,33.009490966796875,6.891145706176758,0.3277897357940672,0.37751968860626217,0.3962130844593048,5.164845943450928,23,15,8,33.0,0.0778188443660736,good_or_low_review,345
ground_truth,1.3.6.1.4.1.14519.5.2.1.6279.6001.961063442349005937536597225349,outputs/luna16_saliency_synthetic_gt/1.3.6.1.4.1.14519.5.2.1.6279.6001.961063442349005937536597225349/surface_1.3.6.1.4.1.14519.5.2.1.6279.6001.961063442349005937536597225349.png,outputs/luna16_saliency_synthetic_gt/1.3.6.1.4.1.14519.5.2.1.6279.6001.961063442349005937536597225349/surface_grid_float_1.3.6.1.4.1.14519.5.2.1.6279.6001.961063442349005937536597225349.npy,0.24161039622881897,0.38595065474510193,0.24209915101528168,0.9647058844566345,5.6639556884765625,1.5505012273788452,0.1043246451765299,0.12673367634415628,0.1768282800912857,1.0058289766311646,13,5,8,0.0,0.0774140283820853,good_or_low_review,346
ground_truth,1.3.6.1.4.1.14519.5.2.1.6279.6001.185154482385982570363528682299,outputs/luna16_saliency_synthetic_gt/1.3.6.1.4.1.14519.5.2.1.6279.6001.185154482385982570363528682299/surface_1.3.6.1.4.1.14519.5.2.1.6279.6001.185154482385982570363528682299.png,outputs/luna16_saliency_synthetic_gt/1.3.6.1.4.1.14519.5.2.1.6279.6001.185154482385982570363528682299/surface_grid_float_1.3.6.1.4.1.14519.5.2.1.6279.6001.185154482385982570363528682299.npy,0.6710719814241486,0.3300774395465851,0.24864526093006134,1.0,33.07307434082031,7.9666748046875,0.37305901050567614,0.4354204633831978,0.4521961212158203,4.095353603363037,18,10,8,33.0,0.07728519025478098,good_or_low_review,347
ground_truth,1.3.6.1.4.1.14519.5.2.1.6279.6001.269689294231892620436462818860,outputs/luna16_saliency_synthetic_gt/1.3.6.1.4.1.14519.5.2.1.6279.6001.269689294231892620436462818860/surface_1.3.6.1.4.1.14519.5.2.1.6279.6001.269689294231892620436462818860.png,outputs/luna16_saliency_synthetic_gt/1.3.6.1.4.1.14519.5.2.1.6279.6001.269689294231892620436462818860/surface_grid_float_1.3.6.1.4.1.14519.5.2.1.6279.6001.269689294231892620436462818860.npy,0.5785393716850266,0.3359951674938202,0.23541471362113953,0.9803921580314636,27.093994140625,5.518615245819092,0.353223618865013,0.8198843300342572,1.2166481018066406,2.977159261703491,18,10,8,26.0,0.07636909627252159,good_or_low_review,348
ground_truth,1.3.6.1.4.1.14519.5.2.1.6279.6001.898642529028521482602829374444,outputs/luna16_saliency_synthetic_gt/1.3.6.1.4.1.14519.5.2.1.6279.6001.898642529028521482602829374444/surface_1.3.6.1.4.1.14519.5.2.1.6279.6001.898642529028521482602829374444.png,outputs/luna16_saliency_synthetic_gt/1.3.6.1.4.1.14519.5.2.1.6279.6001.898642529028521482602829374444/surface_grid_float_1.3.6.1.4.1.14519.5.2.1.6279.6001.898642529028521482602829374444.npy,0.5974715549936789,0.42933112382888794,0.23911890387535095,1.0,32.0169677734375,6.5789713859558105,0.3512657731771469,0.39884431034326556,0.41796135902404785,4.9571309089660645,18,10,8,32.0,0.07634278873039615,good_or_low_review,349
ground_truth,1.3.6.1.4.1.14519.5.2.1.6279.6001.616033753016904899083676284739,outputs/luna16_saliency_synthetic_gt/1.3.6.1.4.1.14519.5.2.1.6279.6001.616033753016904899083676284739/surface_1.3.6.1.4.1.14519.5.2.1.6279.6001.616033753016904899083676284739.png,outputs/luna16_saliency_synthetic_gt/1.3.6.1.4.1.14519.5.2.1.6279.6001.616033753016904899083676284739/surface_grid_float_1.3.6.1.4.1.14519.5.2.1.6279.6001.616033753016904899083676284739.npy,0.584444337488569,0.42083483934402466,0.20032086968421936,0.8313725590705872,27.317657470703125,5.990923881530762,0.32888878881931305,0.7303195834159817,1.0784422159194946,3.6640233993530273,28,20,8,26.0,0.07558129084110249,good_or_low_review,350
ground_truth,1.3.6.1.4.1.14519.5.2.1.6279.6001.163217526257871051722166468085,outputs/luna16_saliency_synthetic_gt/1.3.6.1.4.1.14519.5.2.1.6279.6001.163217526257871051722166468085/surface_1.3.6.1.4.1.14519.5.2.1.6279.6001.163217526257871051722166468085.png,outputs/luna16_saliency_synthetic_gt/1.3.6.1.4.1.14519.5.2.1.6279.6001.163217526257871051722166468085/surface_grid_float_1.3.6.1.4.1.14519.5.2.1.6279.6001.163217526257871051722166468085.npy,0.6275676937441643,0.3268800675868988,0.21394965052604675,0.8901960849761963,30.48424530029297,6.303656578063965,0.34347688406705834,0.6367304158210754,0.7709375619888306,2.39487361907959,18,10,8,30.0,0.07523092935085297,good_or_low_review,351
ground_truth,1.3.6.1.4.1.14519.5.2.1.6279.6001.249450003033735700817635168066,outputs/luna16_saliency_synthetic_gt/1.3.6.1.4.1.14519.5.2.1.6279.6001.249450003033735700817635168066/surface_1.3.6.1.4.1.14519.5.2.1.6279.6001.249450003033735700817635168066.png,outputs/luna16_saliency_synthetic_gt/1.3.6.1.4.1.14519.5.2.1.6279.6001.249450003033735700817635168066/surface_grid_float_1.3.6.1.4.1.14519.5.2.1.6279.6001.249450003033735700817635168066.npy,0.5770676691729323,0.326317697763443,0.23649199306964874,0.9725490212440491,28.03278350830078,5.654103755950928,0.3970192283391952,0.7251524698734307,1.3491361141204834,3.037828207015991,28,20,8,27.0,0.07522660929229531,good_or_low_review,352
ground_truth,1.3.6.1.4.1.14519.5.2.1.6279.6001.294188507421106424248264912111,outputs/luna16_saliency_synthetic_gt/1.3.6.1.4.1.14519.5.2.1.6279.6001.294188507421106424248264912111/surface_1.3.6.1.4.1.14519.5.2.1.6279.6001.294188507421106424248264912111.png,outputs/luna16_saliency_synthetic_gt/1.3.6.1.4.1.14519.5.2.1.6279.6001.294188507421106424248264912111/surface_grid_float_1.3.6.1.4.1.14519.5.2.1.6279.6001.294188507421106424248264912111.npy,0.4796967292603368,0.45464077591896057,0.2400510162115097,0.9803921580314636,25.87004852294922,4.915844917297363,0.3588154435157776,0.72397707104683,1.0634610652923584,4.61116361618042,23,15,8,25.0,0.0750830899278323,good_or_low_review,353
ground_truth,1.3.6.1.4.1.14519.5.2.1.6279.6001.229860476925100292554329427970,outputs/luna16_saliency_synthetic_gt/1.3.6.1.4.1.14519.5.2.1.6279.6001.229860476925100292554329427970/surface_1.3.6.1.4.1.14519.5.2.1.6279.6001.229860476925100292554329427970.png,outputs/luna16_saliency_synthetic_gt/1.3.6.1.4.1.14519.5.2.1.6279.6001.229860476925100292554329427970/surface_grid_float_1.3.6.1.4.1.14519.5.2.1.6279.6001.229860476925100292554329427970.npy,0.5694399350649351,0.34463420510292053,0.21763990819454193,0.8784313797950745,32.0706787109375,6.109801769256592,0.340071639418602,0.4325740760564801,0.4882795512676239,3.458301544189453,23,15,8,32.0,0.07411346800923346,good_or_low_review,354
ground_truth,1.3.6.1.4.1.14519.5.2.1.6279.6001.324290109423920971676288828329,outputs/luna16_saliency_synthetic_gt/1.3.6.1.4.1.14519.5.2.1.6279.6001.324290109423920971676288828329/surface_1.3.6.1.4.1.14519.5.2.1.6279.6001.324290109423920971676288828329.png,outputs/luna16_saliency_synthetic_gt/1.3.6.1.4.1.14519.5.2.1.6279.6001.324290109423920971676288828329/surface_grid_float_1.3.6.1.4.1.14519.5.2.1.6279.6001.324290109423920971676288828329.npy,0.562705977792425,0.3602183759212494,0.23798561096191406,0.9019607901573181,30.02301025390625,5.849684238433838,0.29307755976915345,0.5021073561906807,0.6144611835479736,3.7371678352355957,28,20,8,30.0,0.07340638852053216,good_or_low_review,355
ground_truth,1.3.6.1.4.1.14519.5.2.1.6279.6001.222052723822248889877676736332,outputs/luna16_saliency_synthetic_gt/1.3.6.1.4.1.14519.5.2.1.6279.6001.222052723822248889877676736332/surface_1.3.6.1.4.1.14519.5.2.1.6279.6001.222052723822248889877676736332.png,outputs/luna16_saliency_synthetic_gt/1.3.6.1.4.1.14519.5.2.1.6279.6001.222052723822248889877676736332/surface_grid_float_1.3.6.1.4.1.14519.5.2.1.6279.6001.222052723822248889877676736332.npy,0.5050387249185132,0.3305485248565674,0.22709695994853973,1.0,32.1395263671875,7.915780067443848,0.30925018340349186,0.3621090191602708,0.3763226270675659,3.9681780338287354,18,10,8,32.0,0.07324732126196225,good_or_low_review,356
ground_truth,1.3.6.1.4.1.14519.5.2.1.6279.6001.315214756157389122376518747372,outputs/luna16_saliency_synthetic_gt/1.3.6.1.4.1.14519.5.2.1.6279.6001.315214756157389122376518747372/surface_1.3.6.1.4.1.14519.5.2.1.6279.6001.315214756157389122376518747372.png,outputs/luna16_saliency_synthetic_gt/1.3.6.1.4.1.14519.5.2.1.6279.6001.315214756157389122376518747372/surface_grid_float_1.3.6.1.4.1.14519.5.2.1.6279.6001.315214756157389122376518747372.npy,0.24874601003191973,0.43744751811027527,0.25543534755706787,0.9882352948188782,5.156036376953125,1.3152079582214355,0.11963070556521407,0.14603803724050524,0.21184375882148743,0.8796898722648621,13,5,8,0.0,0.0727888243005175,good_or_low_review,357
ground_truth,1.3.6.1.4.1.14519.5.2.1.6279.6001.300136985030081433029390459071,outputs/luna16_saliency_synthetic_gt/1.3.6.1.4.1.14519.5.2.1.6279.6001.300136985030081433029390459071/surface_1.3.6.1.4.1.14519.5.2.1.6279.6001.300136985030081433029390459071.png,outputs/luna16_saliency_synthetic_gt/1.3.6.1.4.1.14519.5.2.1.6279.6001.300136985030081433029390459071/surface_grid_float_1.3.6.1.4.1.14519.5.2.1.6279.6001.300136985030081433029390459071.npy,0.6367791242343214,0.4076850414276123,0.2266998589038849,0.9764705896377563,28.641845703125,7.3402910232543945,0.3182491958141327,0.5211578488349909,0.7086653709411621,4.122550964355469,18,10,8,28.0,0.07253236933549244,good_or_low_review,358
ground_truth,1.3.6.1.4.1.14519.5.2.1.6279.6001.138904664700896606480369521124,outputs/luna16_saliency_synthetic_gt/1.3.6.1.4.1.14519.5.2.1.6279.6001.138904664700896606480369521124/surface_1.3.6.1.4.1.14519.5.2.1.6279.6001.138904664700896606480369521124.png,outputs/luna16_saliency_synthetic_gt/1.3.6.1.4.1.14519.5.2.1.6279.6001.138904664700896606480369521124/surface_grid_float_1.3.6.1.4.1.14519.5.2.1.6279.6001.138904664700896606480369521124.npy,0.5491778995704341,0.313625305891037,0.23322026431560516,0.9254902005195618,30.09124755859375,6.303117275238037,0.30071056783199307,0.4802127569913863,0.5441301465034485,3.2398335933685303,23,15,8,30.0,0.07175809218155013,good_or_low_review,359
ground_truth,1.3.6.1.4.1.14519.5.2.1.6279.6001.922852847124879997825997808179,outputs/luna16_saliency_synthetic_gt/1.3.6.1.4.1.14519.5.2.1.6279.6001.922852847124879997825997808179/surface_1.3.6.1.4.1.14519.5.2.1.6279.6001.922852847124879997825997808179.png,outputs/luna16_saliency_synthetic_gt/1.3.6.1.4.1.14519.5.2.1.6279.6001.922852847124879997825997808179/surface_grid_float_1.3.6.1.4.1.14519.5.2.1.6279.6001.922852847124879997825997808179.npy,0.4695034369549605,0.3320131301879883,0.24537986516952515,1.0,31.11181640625,6.889352321624756,0.31489063799381256,0.39876972883939743,0.4231833815574646,3.250032424926758,18,10,8,31.0,0.07103841348654695,good_or_low_review,360
ground_truth,1.3.6.1.4.1.14519.5.2.1.6279.6001.124154461048929153767743874565,outputs/luna16_saliency_synthetic_gt/1.3.6.1.4.1.14519.5.2.1.6279.6001.124154461048929153767743874565/surface_1.3.6.1.4.1.14519.5.2.1.6279.6001.124154461048929153767743874565.png,outputs/luna16_saliency_synthetic_gt/1.3.6.1.4.1.14519.5.2.1.6279.6001.124154461048929153767743874565/surface_grid_float_1.3.6.1.4.1.14519.5.2.1.6279.6001.124154461048929153767743874565.npy,0.2970215903969847,0.5057914853096008,0.224333718419075,0.9686274528503418,14.523078918457031,4.090327262878418,0.1998613119125365,0.41351369500160906,0.7839391827583313,1.7127152681350708,13,5,8,0.0,0.07068995322600775,good_or_low_review,361
ground_truth,1.3.6.1.4.1.14519.5.2.1.6279.6001.481278873893653517789960724156,outputs/luna16_saliency_synthetic_gt/1.3.6.1.4.1.14519.5.2.1.6279.6001.481278873893653517789960724156/surface_1.3.6.1.4.1.14519.5.2.1.6279.6001.481278873893653517789960724156.png,outputs/luna16_saliency_synthetic_gt/1.3.6.1.4.1.14519.5.2.1.6279.6001.481278873893653517789960724156/surface_grid_float_1.3.6.1.4.1.14519.5.2.1.6279.6001.481278873893653517789960724156.npy,0.5350288539258257,0.4320867955684662,0.23176245391368866,1.0,30.32512664794922,7.091317176818848,0.31533072888851166,0.36750582516193375,0.4041839838027954,4.059348106384277,18,10,8,30.0,0.07058782607118289,good_or_low_review,362
ground_truth,1.3.6.1.4.1.14519.5.2.1.6279.6001.193964947698259739624715468431,outputs/luna16_saliency_synthetic_gt/1.3.6.1.4.1.14519.5.2.1.6279.6001.193964947698259739624715468431/surface_1.3.6.1.4.1.14519.5.2.1.6279.6001.193964947698259739624715468431.png,outputs/luna16_saliency_synthetic_gt/1.3.6.1.4.1.14519.5.2.1.6279.6001.193964947698259739624715468431/surface_grid_float_1.3.6.1.4.1.14519.5.2.1.6279.6001.193964947698259739624715468431.npy,0.25654174884944114,0.3954211473464966,0.25381937623023987,0.9647058844566345,5.8882598876953125,1.4214417934417725,0.13399971574544906,0.16109597325325,0.22679835557937622,1.0620402097702026,13,5,8,0.0,0.07041144997531106,good_or_low_review,363
ground_truth,1.3.6.1.4.1.14519.5.2.1.6279.6001.741709061958490690246385302477,outputs/luna16_saliency_synthetic_gt/1.3.6.1.4.1.14519.5.2.1.6279.6001.741709061958490690246385302477/surface_1.3.6.1.4.1.14519.5.2.1.6279.6001.741709061958490690246385302477.png,outputs/luna16_saliency_synthetic_gt/1.3.6.1.4.1.14519.5.2.1.6279.6001.741709061958490690246385302477/surface_grid_float_1.3.6.1.4.1.14519.5.2.1.6279.6001.741709061958490690246385302477.npy,0.4868993135011442,0.3630874454975128,0.21982719004154205,0.9333333373069763,31.237289428710938,7.62060546875,0.2815128028392792,0.3721952694654464,0.42582428455352783,3.2119338512420654,18,10,8,31.0,0.07036563791235287,good_or_low_review,364
ground_truth,1.3.6.1.4.1.14519.5.2.1.6279.6001.121993590721161347818774929286,outputs/luna16_saliency_synthetic_gt/1.3.6.1.4.1.14519.5.2.1.6279.6001.121993590721161347818774929286/surface_1.3.6.1.4.1.14519.5.2.1.6279.6001.121993590721161347818774929286.png,outputs/luna16_saliency_synthetic_gt/1.3.6.1.4.1.14519.5.2.1.6279.6001.121993590721161347818774929286/surface_grid_float_1.3.6.1.4.1.14519.5.2.1.6279.6001.121993590721161347818774929286.npy,0.556900993743099,0.3550989627838135,0.22318996489048004,0.9019607901573181,26.0439453125,5.396820545196533,0.3405238434672353,0.7612216979265216,1.0552458763122559,1.8336241245269775,18,10,8,25.0,0.0703179467353556,good_or_low_review,365
ground_truth,1.3.6.1.4.1.14519.5.2.1.6279.6001.307921770358136677021532761235,outputs/luna16_saliency_synthetic_gt/1.3.6.1.4.1.14519.5.2.1.6279.6001.307921770358136677021532761235/surface_1.3.6.1.4.1.14519.5.2.1.6279.6001.307921770358136677021532761235.png,outputs/luna16_saliency_synthetic_gt/1.3.6.1.4.1.14519.5.2.1.6279.6001.307921770358136677021532761235/surface_grid_float_1.3.6.1.4.1.14519.5.2.1.6279.6001.307921770358136677021532761235.npy,0.5396290668082535,0.35950422286987305,0.2222927063703537,0.9333333373069763,30.533111572265625,6.851568698883057,0.343663477897644,0.40842922806739806,0.4282146096229553,2.8747150897979736,18,10,8,30.0,0.06952965188423792,good_or_low_review,366
ground_truth,1.3.6.1.4.1.14519.5.2.1.6279.6001.314789075871001236641548593165,outputs/luna16_saliency_synthetic_gt/1.3.6.1.4.1.14519.5.2.1.6279.6001.314789075871001236641548593165/surface_1.3.6.1.4.1.14519.5.2.1.6279.6001.314789075871001236641548593165.png,outputs/luna16_saliency_synthetic_gt/1.3.6.1.4.1.14519.5.2.1.6279.6001.314789075871001236641548593165/surface_grid_float_1.3.6.1.4.1.14519.5.2.1.6279.6001.314789075871001236641548593165.npy,0.2587550200803213,0.36967921257019043,0.25091567635536194,0.9411764740943909,6.126556396484375,1.6469802856445312,0.11571223363280303,0.1410567587614059,0.19512568414211273,1.1306836605072021,13,5,8,0.0,0.06909524897252947,good_or_low_review,367
ground_truth,1.3.6.1.4.1.14519.5.2.1.6279.6001.229096941293122177107846044795,outputs/luna16_saliency_synthetic_gt/1.3.6.1.4.1.14519.5.2.1.6279.6001.229096941293122177107846044795/surface_1.3.6.1.4.1.14519.5.2.1.6279.6001.229096941293122177107846044795.png,outputs/luna16_saliency_synthetic_gt/1.3.6.1.4.1.14519.5.2.1.6279.6001.229096941293122177107846044795/surface_grid_float_1.3.6.1.4.1.14519.5.2.1.6279.6001.229096941293122177107846044795.npy,0.6247175141242938,0.3237062394618988,0.22205087542533875,0.8980392217636108,23.139175415039062,4.559198379516602,0.3220117822289467,0.7762923592328986,2.2427988052368164,3.0532054901123047,33,25,8,21.0,0.06863896422452385,good_or_low_review,368
ground_truth,1.3.6.1.4.1.14519.5.2.1.6279.6001.142154819868944114554521645782,outputs/luna16_saliency_synthetic_gt/1.3.6.1.4.1.14519.5.2.1.6279.6001.142154819868944114554521645782/surface_1.3.6.1.4.1.14519.5.2.1.6279.6001.142154819868944114554521645782.png,outputs/luna16_saliency_synthetic_gt/1.3.6.1.4.1.14519.5.2.1.6279.6001.142154819868944114554521645782/surface_grid_float_1.3.6.1.4.1.14519.5.2.1.6279.6001.142154819868944114554521645782.npy,0.26310238225131843,0.3641846776008606,0.24899835884571075,0.9333333373069763,6.3946075439453125,1.7005500793457031,0.14299152567982673,0.17411391615867614,0.24213376641273499,1.183293104171753,13,5,8,0.0,0.0681664185268371,good_or_low_review,369
ground_truth,1.3.6.1.4.1.14519.5.2.1.6279.6001.247769845138587733933485039556,outputs/luna16_saliency_synthetic_gt/1.3.6.1.4.1.14519.5.2.1.6279.6001.247769845138587733933485039556/surface_1.3.6.1.4.1.14519.5.2.1.6279.6001.247769845138587733933485039556.png,outputs/luna16_saliency_synthetic_gt/1.3.6.1.4.1.14519.5.2.1.6279.6001.247769845138587733933485039556/surface_grid_float_1.3.6.1.4.1.14519.5.2.1.6279.6001.247769845138587733933485039556.npy,0.6004602959448775,0.3031756281852722,0.21124747395515442,0.8549019694328308,26.777538299560547,5.268641948699951,0.25949107557535156,0.5191110789775856,1.2465953826904297,2.9481048583984375,23,15,8,24.0,0.06675390699836944,good_or_low_review,370
ground_truth,1.3.6.1.4.1.14519.5.2.1.6279.6001.319066480138812986026181758474,outputs/luna16_saliency_synthetic_gt/1.3.6.1.4.1.14519.5.2.1.6279.6001.319066480138812986026181758474/surface_1.3.6.1.4.1.14519.5.2.1.6279.6001.319066480138812986026181758474.png,outputs/luna16_saliency_synthetic_gt/1.3.6.1.4.1.14519.5.2.1.6279.6001.319066480138812986026181758474/surface_grid_float_1.3.6.1.4.1.14519.5.2.1.6279.6001.319066480138812986026181758474.npy,0.5559701492537313,0.4159470200538635,0.20925939083099365,0.9882352948188782,25.95122528076172,6.606527328491211,0.262778639793396,0.5092874318361282,0.7706618309020996,3.6593642234802246,18,10,8,25.0,0.06666258558630943,good_or_low_review,371
ground_truth,1.3.6.1.4.1.14519.5.2.1.6279.6001.257840703452266097926250569223,outputs/luna16_saliency_synthetic_gt/1.3.6.1.4.1.14519.5.2.1.6279.6001.257840703452266097926250569223/surface_1.3.6.1.4.1.14519.5.2.1.6279.6001.257840703452266097926250569223.png,outputs/luna16_saliency_synthetic_gt/1.3.6.1.4.1.14519.5.2.1.6279.6001.257840703452266097926250569223/surface_grid_float_1.3.6.1.4.1.14519.5.2.1.6279.6001.257840703452266097926250569223.npy,0.6779811848461734,0.3613361418247223,0.2255123257637024,0.9137254953384399,29.02910614013672,6.335723876953125,0.2801925033330917,0.3155329403281212,0.3364953398704529,3.67911958694458,18,10,8,29.0,0.06602365308105945,good_or_low_review,372
ground_truth,1.3.6.1.4.1.14519.5.2.1.6279.6001.440226700369921575481834344455,outputs/luna16_saliency_synthetic_gt/1.3.6.1.4.1.14519.5.2.1.6279.6001.440226700369921575481834344455/surface_1.3.6.1.4.1.14519.5.2.1.6279.6001.440226700369921575481834344455.png,outputs/luna16_saliency_synthetic_gt/1.3.6.1.4.1.14519.5.2.1.6279.6001.440226700369921575481834344455/surface_grid_float_1.3.6.1.4.1.14519.5.2.1.6279.6001.440226700369921575481834344455.npy,0.2689373560126364,0.3887418210506439,0.2385290116071701,0.9490196108818054,7.206207275390625,2.039937734603882,0.1306640654802322,0.15905884087085717,0.21445848047733307,1.2721446752548218,13,5,8,0.0,0.06593060970226507,good_or_low_review,373
ground_truth,1.3.6.1.4.1.14519.5.2.1.6279.6001.208737629504245244513001631764,outputs/luna16_saliency_synthetic_gt/1.3.6.1.4.1.14519.5.2.1.6279.6001.208737629504245244513001631764/surface_1.3.6.1.4.1.14519.5.2.1.6279.6001.208737629504245244513001631764.png,outputs/luna16_saliency_synthetic_gt/1.3.6.1.4.1.14519.5.2.1.6279.6001.208737629504245244513001631764/surface_grid_float_1.3.6.1.4.1.14519.5.2.1.6279.6001.208737629504245244513001631764.npy,0.4301787470353445,0.4297117292881012,0.21896067261695862,0.8980392217636108,29.15137481689453,6.770096302032471,0.3300985038280486,0.3743501925468445,0.39410436153411865,2.660102367401123,23,15,8,29.0,0.06572746906545426,good_or_low_review,374
ground_truth,1.3.6.1.4.1.14519.5.2.1.6279.6001.458525794434429386945463560826,outputs/luna16_saliency_synthetic_gt/1.3.6.1.4.1.14519.5.2.1.6279.6001.458525794434429386945463560826/surface_1.3.6.1.4.1.14519.5.2.1.6279.6001.458525794434429386945463560826.png,outputs/luna16_saliency_synthetic_gt/1.3.6.1.4.1.14519.5.2.1.6279.6001.458525794434429386945463560826/surface_grid_float_1.3.6.1.4.1.14519.5.2.1.6279.6001.458525794434429386945463560826.npy,0.2653954849591725,0.3802978992462158,0.23650410771369934,0.9176470637321472,6.3177490234375,1.5875109434127808,0.11054072454571719,0.13472548633813858,0.19567570090293884,1.0969074964523315,13,5,8,0.0,0.06535435567639898,good_or_low_review,375
ground_truth,1.3.6.1.4.1.14519.5.2.1.6279.6001.216252660192313507027754194207,outputs/luna16_saliency_synthetic_gt/1.3.6.1.4.1.14519.5.2.1.6279.6001.216252660192313507027754194207/surface_1.3.6.1.4.1.14519.5.2.1.6279.6001.216252660192313507027754194207.png,outputs/luna16_saliency_synthetic_gt/1.3.6.1.4.1.14519.5.2.1.6279.6001.216252660192313507027754194207/surface_grid_float_1.3.6.1.4.1.14519.5.2.1.6279.6001.216252660192313507027754194207.npy,0.553207806098767,0.4213506579399109,0.24216537177562714,1.0,27.040435791015625,5.497225284576416,0.3417772203683853,0.4493318796157837,0.4803711473941803,2.788562536239624,18,10,8,27.0,0.0647441550095876,good_or_low_review,376
ground_truth,1.3.6.1.4.1.14519.5.2.1.6279.6001.315187221221054114974341475212,outputs/luna16_saliency_synthetic_gt/1.3.6.1.4.1.14519.5.2.1.6279.6001.315187221221054114974341475212/surface_1.3.6.1.4.1.14519.5.2.1.6279.6001.315187221221054114974341475212.png,outputs/luna16_saliency_synthetic_gt/1.3.6.1.4.1.14519.5.2.1.6279.6001.315187221221054114974341475212/surface_grid_float_1.3.6.1.4.1.14519.5.2.1.6279.6001.315187221221054114974341475212.npy,0.5874689073590973,0.3153385519981384,0.22552940249443054,0.8705882430076599,23.158447265625,3.2943615913391113,0.2526180461049079,0.6094228309392935,1.285363793373108,3.0991342067718506,18,10,8,21.0,0.06376706194149125,good_or_low_review,377
ground_truth,1.3.6.1.4.1.14519.5.2.1.6279.6001.336102335330125765000317290445,outputs/luna16_saliency_synthetic_gt/1.3.6.1.4.1.14519.5.2.1.6279.6001.336102335330125765000317290445/surface_1.3.6.1.4.1.14519.5.2.1.6279.6001.336102335330125765000317290445.png,outputs/luna16_saliency_synthetic_gt/1.3.6.1.4.1.14519.5.2.1.6279.6001.336102335330125765000317290445/surface_grid_float_1.3.6.1.4.1.14519.5.2.1.6279.6001.336102335330125765000317290445.npy,0.5228596389050669,0.3392859101295471,0.24566124379634857,1.0,26.822616577148438,5.376100063323975,0.3537264972925186,0.4404327908158302,0.47432294487953186,2.4551217555999756,23,15,8,26.0,0.06337317080994448,good_or_low_review,378
ground_truth,1.3.6.1.4.1.14519.5.2.1.6279.6001.199975006921901879512837687266,outputs/luna16_saliency_synthetic_gt/1.3.6.1.4.1.14519.5.2.1.6279.6001.199975006921901879512837687266/surface_1.3.6.1.4.1.14519.5.2.1.6279.6001.199975006921901879512837687266.png,outputs/luna16_saliency_synthetic_gt/1.3.6.1.4.1.14519.5.2.1.6279.6001.199975006921901879512837687266/surface_grid_float_1.3.6.1.4.1.14519.5.2.1.6279.6001.199975006921901879512837687266.npy,0.32658508866982056,0.3618388772010803,0.24097691476345062,1.0,22.081695556640625,5.310492992401123,0.19021450057625766,0.2181826888024807,0.22591008245944977,2.4071598052978516,18,10,8,22.0,0.0620774999351129,good_or_low_review,379
ground_truth,1.3.6.1.4.1.14519.5.2.1.6279.6001.257515388956260258681136624817,outputs/luna16_saliency_synthetic_gt/1.3.6.1.4.1.14519.5.2.1.6279.6001.257515388956260258681136624817/surface_1.3.6.1.4.1.14519.5.2.1.6279.6001.257515388956260258681136624817.png,outputs/luna16_saliency_synthetic_gt/1.3.6.1.4.1.14519.5.2.1.6279.6001.257515388956260258681136624817/surface_grid_float_1.3.6.1.4.1.14519.5.2.1.6279.6001.257515388956260258681136624817.npy,0.5889760638297873,0.3180720806121826,0.23528443276882172,1.0,28.044761657714844,6.433920860290527,0.24213465303182602,0.27972840666770926,0.28984442353248596,3.106787919998169,18,10,8,28.0,0.0620370947851075,good_or_low_review,380
ground_truth,1.3.6.1.4.1.14519.5.2.1.6279.6001.897684031374557757145405000951,outputs/luna16_saliency_synthetic_gt/1.3.6.1.4.1.14519.5.2.1.6279.6001.897684031374557757145405000951/surface_1.3.6.1.4.1.14519.5.2.1.6279.6001.897684031374557757145405000951.png,outputs/luna16_saliency_synthetic_gt/1.3.6.1.4.1.14519.5.2.1.6279.6001.897684031374557757145405000951/surface_grid_float_1.3.6.1.4.1.14519.5.2.1.6279.6001.897684031374557757145405000951.npy,0.45219514933752525,0.3857901990413666,0.2358683943748474,0.9647058844566345,27.24938201904297,5.945220470428467,0.25727818608284,0.37546196907758683,0.6112360954284668,2.3683464527130127,33,25,8,27.0,0.06194248788787258,good_or_low_review,381
ground_truth,1.3.6.1.4.1.14519.5.2.1.6279.6001.413896555982844732694353377538,outputs/luna16_saliency_synthetic_gt/1.3.6.1.4.1.14519.5.2.1.6279.6001.413896555982844732694353377538/surface_1.3.6.1.4.1.14519.5.2.1.6279.6001.413896555982844732694353377538.png,outputs/luna16_saliency_synthetic_gt/1.3.6.1.4.1.14519.5.2.1.6279.6001.413896555982844732694353377538/surface_grid_float_1.3.6.1.4.1.14519.5.2.1.6279.6001.413896555982844732694353377538.npy,0.5832485075242785,0.3272649645805359,0.2247590571641922,0.9098039269447327,28.020591735839844,6.225185871124268,0.21424395963549608,0.26609982162714,0.2851141095161438,3.175668478012085,18,10,8,28.0,0.06174102193746302,good_or_low_review,382
ground_truth,1.3.6.1.4.1.14519.5.2.1.6279.6001.188265424231150847356515802868,outputs/luna16_saliency_synthetic_gt/1.3.6.1.4.1.14519.5.2.1.6279.6001.188265424231150847356515802868/surface_1.3.6.1.4.1.14519.5.2.1.6279.6001.188265424231150847356515802868.png,outputs/luna16_saliency_synthetic_gt/1.3.6.1.4.1.14519.5.2.1.6279.6001.188265424231150847356515802868/surface_grid_float_1.3.6.1.4.1.14519.5.2.1.6279.6001.188265424231150847356515802868.npy,0.2720952042169259,0.3799067437648773,0.24751855432987213,1.0,5.9272308349609375,1.582709789276123,0.12124276906251907,0.1462150663137436,0.20793941617012024,1.0212026834487915,13,5,8,0.0,0.061051535505990025,good_or_low_review,383
ground_truth,1.3.6.1.4.1.14519.5.2.1.6279.6001.331211682377519763144559212009,outputs/luna16_saliency_synthetic_gt/1.3.6.1.4.1.14519.5.2.1.6279.6001.331211682377519763144559212009/surface_1.3.6.1.4.1.14519.5.2.1.6279.6001.331211682377519763144559212009.png,outputs/luna16_saliency_synthetic_gt/1.3.6.1.4.1.14519.5.2.1.6279.6001.331211682377519763144559212009/surface_grid_float_1.3.6.1.4.1.14519.5.2.1.6279.6001.331211682377519763144559212009.npy,0.5687603763143332,0.3473319709300995,0.23071566224098206,0.929411768913269,23.725204467773438,5.030369758605957,0.375121608376503,0.4961123123764993,0.534317135810852,2.900484085083008,18,10,8,23.0,0.06087089700665739,good_or_low_review,384
ground_truth,1.3.6.1.4.1.14519.5.2.1.6279.6001.534083630500464995109143618896,outputs/luna16_saliency_synthetic_gt/1.3.6.1.4.1.14519.5.2.1.6279.6001.534083630500464995109143618896/surface_1.3.6.1.4.1.14519.5.2.1.6279.6001.534083630500464995109143618896.png,outputs/luna16_saliency_synthetic_gt/1.3.6.1.4.1.14519.5.2.1.6279.6001.534083630500464995109143618896/surface_grid_float_1.3.6.1.4.1.14519.5.2.1.6279.6001.534083630500464995109143618896.npy,0.5654475308641975,0.343685507774353,0.2297758311033249,0.9058823585510254,26.012832641601562,6.290685176849365,0.2527626931667327,0.3434620514512063,0.3787000775337219,3.1460378170013428,23,15,8,26.0,0.060649777761764,good_or_low_review,385
ground_truth,1.3.6.1.4.1.14519.5.2.1.6279.6001.219254430927834326484477690403,outputs/luna16_saliency_synthetic_gt/1.3.6.1.4.1.14519.5.2.1.6279.6001.219254430927834326484477690403/surface_1.3.6.1.4.1.14519.5.2.1.6279.6001.219254430927834326484477690403.png,outputs/luna16_saliency_synthetic_gt/1.3.6.1.4.1.14519.5.2.1.6279.6001.219254430927834326484477690403/surface_grid_float_1.3.6.1.4.1.14519.5.2.1.6279.6001.219254430927834326484477690403.npy,0.6398459203253429,0.30104875564575195,0.22801421582698822,0.9843137264251709,26.06768035888672,6.055042266845703,0.23063200339674947,0.324985158741474,0.4061199426651001,3.130988121032715,18,10,8,26.0,0.060153440073794785,good_or_low_review,386
ground_truth,1.3.6.1.4.1.14519.5.2.1.6279.6001.438308540025607517017949816111,outputs/luna16_saliency_synthetic_gt/1.3.6.1.4.1.14519.5.2.1.6279.6001.438308540025607517017949816111/surface_1.3.6.1.4.1.14519.5.2.1.6279.6001.438308540025607517017949816111.png,outputs/luna16_saliency_synthetic_gt/1.3.6.1.4.1.14519.5.2.1.6279.6001.438308540025607517017949816111/surface_grid_float_1.3.6.1.4.1.14519.5.2.1.6279.6001.438308540025607517017949816111.npy,0.5482726832393244,0.3524667024612427,0.22003421187400818,0.8627451062202454,25.09467315673828,5.047410011291504,0.3142973482608795,0.4069438576698303,0.43724676966667175,2.5323293209075928,18,10,8,25.0,0.05966016948223114,good_or_low_review,387
ground_truth,1.3.6.1.4.1.14519.5.2.1.6279.6001.329326052298830421573852261436,outputs/luna16_saliency_synthetic_gt/1.3.6.1.4.1.14519.5.2.1.6279.6001.329326052298830421573852261436/surface_1.3.6.1.4.1.14519.5.2.1.6279.6001.329326052298830421573852261436.png,outputs/luna16_saliency_synthetic_gt/1.3.6.1.4.1.14519.5.2.1.6279.6001.329326052298830421573852261436/surface_grid_float_1.3.6.1.4.1.14519.5.2.1.6279.6001.329326052298830421573852261436.npy,0.5571353343865192,0.31566092371940613,0.22046802937984467,0.8117647171020508,25.368816375732422,5.317049026489258,0.28128821551799765,0.35424322873353964,0.3745911717414856,2.9578497409820557,18,10,8,25.0,0.059481656912631464,good_or_low_review,388
ground_truth,1.3.6.1.4.1.14519.5.2.1.6279.6001.337845202462615014431060697507,outputs/luna16_saliency_synthetic_gt/1.3.6.1.4.1.14519.5.2.1.6279.6001.337845202462615014431060697507/surface_1.3.6.1.4.1.14519.5.2.1.6279.6001.337845202462615014431060697507.png,outputs/luna16_saliency_synthetic_gt/1.3.6.1.4.1.14519.5.2.1.6279.6001.337845202462615014431060697507/surface_grid_float_1.3.6.1.4.1.14519.5.2.1.6279.6001.337845202462615014431060697507.npy,0.26990907607647696,0.38942426443099976,0.23743434250354767,0.9686274528503418,4.9468231201171875,1.3584789037704468,0.09734780713915825,0.1167384627461433,0.16630566120147705,0.8122820854187012,13,5,8,0.0,0.05931817262552321,good_or_low_review,389
ground_truth,1.3.6.1.4.1.14519.5.2.1.6279.6001.558286136379689377915919180358,outputs/luna16_saliency_synthetic_gt/1.3.6.1.4.1.14519.5.2.1.6279.6001.558286136379689377915919180358/surface_1.3.6.1.4.1.14519.5.2.1.6279.6001.558286136379689377915919180358.png,outputs/luna16_saliency_synthetic_gt/1.3.6.1.4.1.14519.5.2.1.6279.6001.558286136379689377915919180358/surface_grid_float_1.3.6.1.4.1.14519.5.2.1.6279.6001.558286136379689377915919180358.npy,0.27911143582785375,0.36559727787971497,0.2584279775619507,0.9882352948188782,6.2494964599609375,1.7500227689743042,0.133758794516325,0.16236007586121567,0.2254512757062912,1.1108553409576416,13,5,8,0.0,0.058262948088967155,good_or_low_review,390
ground_truth,1.3.6.1.4.1.14519.5.2.1.6279.6001.235217371152464582553341729176,outputs/luna16_saliency_synthetic_gt/1.3.6.1.4.1.14519.5.2.1.6279.6001.235217371152464582553341729176/surface_1.3.6.1.4.1.14519.5.2.1.6279.6001.235217371152464582553341729176.png,outputs/luna16_saliency_synthetic_gt/1.3.6.1.4.1.14519.5.2.1.6279.6001.235217371152464582553341729176/surface_grid_float_1.3.6.1.4.1.14519.5.2.1.6279.6001.235217371152464582553341729176.npy,0.5722351087574948,0.3290468454360962,0.22686997056007385,0.8627451062202454,21.968902587890625,4.814847946166992,0.2797519087791443,0.5763840210437766,0.7245110869407654,1.9384609460830688,18,10,8,21.0,0.058214049269093376,good_or_low_review,391
ground_truth,1.3.6.1.4.1.14519.5.2.1.6279.6001.239358021703233250639913775427,outputs/luna16_saliency_synthetic_gt/1.3.6.1.4.1.14519.5.2.1.6279.6001.239358021703233250639913775427/surface_1.3.6.1.4.1.14519.5.2.1.6279.6001.239358021703233250639913775427.png,outputs/luna16_saliency_synthetic_gt/1.3.6.1.4.1.14519.5.2.1.6279.6001.239358021703233250639913775427/surface_grid_float_1.3.6.1.4.1.14519.5.2.1.6279.6001.239358021703233250639913775427.npy,0.6479511143062545,0.33928239345550537,0.2451162189245224,0.95686274766922,22.321884155273438,4.167853832244873,0.28242780566215514,0.5359099167585376,1.5756932497024536,1.9331071376800537,48,40,8,22.0,0.0575762314008342,good_or_low_review,392
ground_truth,1.3.6.1.4.1.14519.5.2.1.6279.6001.276556509002726404418399209377,outputs/luna16_saliency_synthetic_gt/1.3.6.1.4.1.14519.5.2.1.6279.6001.276556509002726404418399209377/surface_1.3.6.1.4.1.14519.5.2.1.6279.6001.276556509002726404418399209377.png,outputs/luna16_saliency_synthetic_gt/1.3.6.1.4.1.14519.5.2.1.6279.6001.276556509002726404418399209377/surface_grid_float_1.3.6.1.4.1.14519.5.2.1.6279.6001.276556509002726404418399209377.npy,0.6388888888888888,0.31365877389907837,0.23065122961997986,0.9882352948188782,25.030792236328125,4.726276397705078,0.23763933777809146,0.2701330891251564,0.2821952998638153,3.4798970222473145,18,10,8,25.0,0.05755508422818449,good_or_low_review,393
ground_truth,1.3.6.1.4.1.14519.5.2.1.6279.6001.261700367741314729940340271960,outputs/luna16_saliency_synthetic_gt/1.3.6.1.4.1.14519.5.2.1.6279.6001.261700367741314729940340271960/surface_1.3.6.1.4.1.14519.5.2.1.6279.6001.261700367741314729940340271960.png,outputs/luna16_saliency_synthetic_gt/1.3.6.1.4.1.14519.5.2.1.6279.6001.261700367741314729940340271960/surface_grid_float_1.3.6.1.4.1.14519.5.2.1.6279.6001.261700367741314729940340271960.npy,0.27451046533200657,0.4082529842853546,0.23516184091567993,0.9372549057006836,4.80316162109375,1.1958856582641602,0.10775845870375633,0.13243807852268216,0.19021008908748627,0.8687689900398254,13,5,8,0.0,0.05704588643295319,good_or_low_review,394
ground_truth,1.3.6.1.4.1.14519.5.2.1.6279.6001.658611160253017715059194304729,outputs/luna16_saliency_synthetic_gt/1.3.6.1.4.1.14519.5.2.1.6279.6001.658611160253017715059194304729/surface_1.3.6.1.4.1.14519.5.2.1.6279.6001.658611160253017715059194304729.png,outputs/luna16_saliency_synthetic_gt/1.3.6.1.4.1.14519.5.2.1.6279.6001.658611160253017715059194304729/surface_grid_float_1.3.6.1.4.1.14519.5.2.1.6279.6001.658611160253017715059194304729.npy,0.31152726122569174,0.33854371309280396,0.22733847796916962,0.8980392217636108,13.827926635742188,2.911583185195923,0.13386615961790083,0.27604555130004865,0.7059248685836792,1.4162638187408447,18,10,8,11.0,0.05645958601918788,good_or_low_review,395
ground_truth,1.3.6.1.4.1.14519.5.2.1.6279.6001.311236942972970815890902714604,outputs/luna16_saliency_synthetic_gt/1.3.6.1.4.1.14519.5.2.1.6279.6001.311236942972970815890902714604/surface_1.3.6.1.4.1.14519.5.2.1.6279.6001.311236942972970815890902714604.png,outputs/luna16_saliency_synthetic_gt/1.3.6.1.4.1.14519.5.2.1.6279.6001.311236942972970815890902714604/surface_grid_float_1.3.6.1.4.1.14519.5.2.1.6279.6001.311236942972970815890902714604.npy,0.42269487412799517,0.3149908483028412,0.23945321142673492,0.9058823585510254,22.61553955078125,4.377109527587891,0.23213028460741011,0.32161717265844336,0.6107515096664429,3.6571011543273926,18,10,8,21.0,0.05546797255178293,good_or_low_review,396
ground_truth,1.3.6.1.4.1.14519.5.2.1.6279.6001.300271604576987336866436407488,outputs/luna16_saliency_synthetic_gt/1.3.6.1.4.1.14519.5.2.1.6279.6001.300271604576987336866436407488/surface_1.3.6.1.4.1.14519.5.2.1.6279.6001.300271604576987336866436407488.png,outputs/luna16_saliency_synthetic_gt/1.3.6.1.4.1.14519.5.2.1.6279.6001.300271604576987336866436407488/surface_grid_float_1.3.6.1.4.1.14519.5.2.1.6279.6001.300271604576987336866436407488.npy,0.5324111334674715,0.3304257094860077,0.24420450627803802,0.9215686321258545,22.469482421875,4.189461708068848,0.2835822433233256,0.42578593194484715,0.9999527931213379,2.1170880794525146,18,10,8,21.0,0.05492735550469822,good_or_low_review,397
ground_truth,1.3.6.1.4.1.14519.5.2.1.6279.6001.145510611155363050427743946446,outputs/luna16_saliency_synthetic_gt/1.3.6.1.4.1.14519.5.2.1.6279.6001.145510611155363050427743946446/surface_1.3.6.1.4.1.14519.5.2.1.6279.6001.145510611155363050427743946446.png,outputs/luna16_saliency_synthetic_gt/1.3.6.1.4.1.14519.5.2.1.6279.6001.145510611155363050427743946446/surface_grid_float_1.3.6.1.4.1.14519.5.2.1.6279.6001.145510611155363050427743946446.npy,0.6395665389189904,0.337385892868042,0.22936409711837769,0.8941176533699036,20.9486083984375,2.739119529724121,0.2039063766598702,0.55275595664978,1.9617682695388794,1.3682730197906494,18,10,8,17.0,0.05453763274086845,good_or_low_review,398
ground_truth,1.3.6.1.4.1.14519.5.2.1.6279.6001.162351539386551708034407968929,outputs/luna16_saliency_synthetic_gt/1.3.6.1.4.1.14519.5.2.1.6279.6001.162351539386551708034407968929/surface_1.3.6.1.4.1.14519.5.2.1.6279.6001.162351539386551708034407968929.png,outputs/luna16_saliency_synthetic_gt/1.3.6.1.4.1.14519.5.2.1.6279.6001.162351539386551708034407968929/surface_grid_float_1.3.6.1.4.1.14519.5.2.1.6279.6001.162351539386551708034407968929.npy,0.6028533510285335,0.36647364497184753,0.2440076321363449,0.9607843160629272,21.783309936523438,4.991024017333984,0.2117224782705307,0.3569133222103118,0.5642454028129578,3.2577717304229736,18,10,8,21.0,0.05425240896145502,good_or_low_review,399
ground_truth,1.3.6.1.4.1.14519.5.2.1.6279.6001.417815314896088956784723476543,outputs/luna16_saliency_synthetic_gt/1.3.6.1.4.1.14519.5.2.1.6279.6001.417815314896088956784723476543/surface_1.3.6.1.4.1.14519.5.2.1.6279.6001.417815314896088956784723476543.png,outputs/luna16_saliency_synthetic_gt/1.3.6.1.4.1.14519.5.2.1.6279.6001.417815314896088956784723476543/surface_grid_float_1.3.6.1.4.1.14519.5.2.1.6279.6001.417815314896088956784723476543.npy,0.288260519967837,0.3907512128353119,0.2678425908088684,1.0,6.5720977783203125,1.8008880615234375,0.12828710675239563,0.153368428349495,0.21285182237625122,1.11197829246521,13,5,8,0.0,0.053305314895351966,good_or_low_review,400
ground_truth,1.3.6.1.4.1.14519.5.2.1.6279.6001.226564372605239604660221582288,outputs/luna16_saliency_synthetic_gt/1.3.6.1.4.1.14519.5.2.1.6279.6001.226564372605239604660221582288/surface_1.3.6.1.4.1.14519.5.2.1.6279.6001.226564372605239604660221582288.png,outputs/luna16_saliency_synthetic_gt/1.3.6.1.4.1.14519.5.2.1.6279.6001.226564372605239604660221582288/surface_grid_float_1.3.6.1.4.1.14519.5.2.1.6279.6001.226564372605239604660221582288.npy,0.5698755516966935,0.34276390075683594,0.23827211558818817,1.0,21.688705444335938,4.248891353607178,0.2993527755141258,0.43318219989538176,0.48195359110832214,1.6667991876602173,18,10,8,21.0,0.0528473065988885,good_or_low_review,401
ground_truth,1.3.6.1.4.1.14519.5.2.1.6279.6001.511347030803753100045216493273,outputs/luna16_saliency_synthetic_gt/1.3.6.1.4.1.14519.5.2.1.6279.6001.511347030803753100045216493273/surface_1.3.6.1.4.1.14519.5.2.1.6279.6001.511347030803753100045216493273.png,outputs/luna16_saliency_synthetic_gt/1.3.6.1.4.1.14519.5.2.1.6279.6001.511347030803753100045216493273/surface_grid_float_1.3.6.1.4.1.14519.5.2.1.6279.6001.511347030803753100045216493273.npy,0.581777177660308,0.3606785833835602,0.24022838473320007,0.9176470637321472,21.13738250732422,4.280844211578369,0.2598697617650032,0.39642208665609385,0.4484051764011383,2.1895124912261963,23,15,8,21.0,0.05198721675905917,good_or_low_review,402
ground_truth,1.3.6.1.4.1.14519.5.2.1.6279.6001.174907798609768549012640380786,outputs/luna16_saliency_synthetic_gt/1.3.6.1.4.1.14519.5.2.1.6279.6001.174907798609768549012640380786/surface_1.3.6.1.4.1.14519.5.2.1.6279.6001.174907798609768549012640380786.png,outputs/luna16_saliency_synthetic_gt/1.3.6.1.4.1.14519.5.2.1.6279.6001.174907798609768549012640380786/surface_grid_float_1.3.6.1.4.1.14519.5.2.1.6279.6001.174907798609768549012640380786.npy,0.5579633544749824,0.3512003421783447,0.25466400384902954,0.9843137264251709,18.871841430664062,3.861699342727661,0.24199651926755852,0.5920022112131117,1.3772709369659424,1.182984709739685,18,10,8,17.0,0.05184199029803275,good_or_low_review,403
ground_truth,1.3.6.1.4.1.14519.5.2.1.6279.6001.100620385482151095585000946543,outputs/luna16_saliency_synthetic_gt/1.3.6.1.4.1.14519.5.2.1.6279.6001.100620385482151095585000946543/surface_1.3.6.1.4.1.14519.5.2.1.6279.6001.100620385482151095585000946543.png,outputs/luna16_saliency_synthetic_gt/1.3.6.1.4.1.14519.5.2.1.6279.6001.100620385482151095585000946543/surface_grid_float_1.3.6.1.4.1.14519.5.2.1.6279.6001.100620385482151095585000946543.npy,0.5546944763362673,0.3225025236606598,0.2416449785232544,0.9764705896377563,19.696609497070312,2.9989655017852783,0.20399900153279302,0.4075706997513771,1.3973774909973145,3.013235330581665,13,5,8,4.0,0.0517508820000622,good_or_low_review,404
ground_truth,1.3.6.1.4.1.14519.5.2.1.6279.6001.296738183013079390785739615169,outputs/luna16_saliency_synthetic_gt/1.3.6.1.4.1.14519.5.2.1.6279.6001.296738183013079390785739615169/surface_1.3.6.1.4.1.14519.5.2.1.6279.6001.296738183013079390785739615169.png,outputs/luna16_saliency_synthetic_gt/1.3.6.1.4.1.14519.5.2.1.6279.6001.296738183013079390785739615169/surface_grid_float_1.3.6.1.4.1.14519.5.2.1.6279.6001.296738183013079390785739615169.npy,0.6388030035335689,0.3228079378604889,0.24118749797344208,0.9960784316062927,23.044235229492188,5.69794225692749,0.20710575208067894,0.22469055950641634,0.24833497405052185,2.5401711463928223,18,10,8,23.0,0.050792600270774625,good_or_low_review,405
ground_truth,1.3.6.1.4.1.14519.5.2.1.6279.6001.293757615532132808762625441831,outputs/luna16_saliency_synthetic_gt/1.3.6.1.4.1.14519.5.2.1.6279.6001.293757615532132808762625441831/surface_1.3.6.1.4.1.14519.5.2.1.6279.6001.293757615532132808762625441831.png,outputs/luna16_saliency_synthetic_gt/1.3.6.1.4.1.14519.5.2.1.6279.6001.293757615532132808762625441831/surface_grid_float_1.3.6.1.4.1.14519.5.2.1.6279.6001.293757615532132808762625441831.npy,0.5390946502057613,0.35087478160858154,0.22043441236019135,0.9725490212440491,22.052642822265625,4.3919854164123535,0.22263883501291284,0.31169273614883414,0.3388110399246216,2.060504913330078,18,10,8,22.0,0.050684086595641234,good_or_low_review,406
ground_truth,1.3.6.1.4.1.14519.5.2.1.6279.6001.334184846571549530235084187602,outputs/luna16_saliency_synthetic_gt/1.3.6.1.4.1.14519.5.2.1.6279.6001.334184846571549530235084187602/surface_1.3.6.1.4.1.14519.5.2.1.6279.6001.334184846571549530235084187602.png,outputs/luna16_saliency_synthetic_gt/1.3.6.1.4.1.14519.5.2.1.6279.6001.334184846571549530235084187602/surface_grid_float_1.3.6.1.4.1.14519.5.2.1.6279.6001.334184846571549530235084187602.npy,0.5651808242220353,0.29941436648368835,0.21886037290096283,0.8352941274642944,23.161148071289062,5.7856011390686035,0.16400607749819754,0.17500424832105632,0.20070599019527435,2.9631917476654053,18,10,8,23.0,0.050436911452147695,good_or_low_review,407
ground_truth,1.3.6.1.4.1.14519.5.2.1.6279.6001.188209889686363159853715266493,outputs/luna16_saliency_synthetic_gt/1.3.6.1.4.1.14519.5.2.1.6279.6001.188209889686363159853715266493/surface_1.3.6.1.4.1.14519.5.2.1.6279.6001.188209889686363159853715266493.png,outputs/luna16_saliency_synthetic_gt/1.3.6.1.4.1.14519.5.2.1.6279.6001.188209889686363159853715266493/surface_grid_float_1.3.6.1.4.1.14519.5.2.1.6279.6001.188209889686363159853715266493.npy,0.5049326090298775,0.32564762234687805,0.248492032289505,1.0,22.041458129882812,4.935696125030518,0.2092880792915821,0.25372259438037886,0.2663428485393524,2.5029125213623047,18,10,8,22.0,0.04990946920646562,good_or_low_review,408
ground_truth,1.3.6.1.4.1.14519.5.2.1.6279.6001.259543921154154401875872845498,outputs/luna16_saliency_synthetic_gt/1.3.6.1.4.1.14519.5.2.1.6279.6001.259543921154154401875872845498/surface_1.3.6.1.4.1.14519.5.2.1.6279.6001.259543921154154401875872845498.png,outputs/luna16_saliency_synthetic_gt/1.3.6.1.4.1.14519.5.2.1.6279.6001.259543921154154401875872845498/surface_grid_float_1.3.6.1.4.1.14519.5.2.1.6279.6001.259543921154154401875872845498.npy,0.5754533484948231,0.3605784475803375,0.23089741170406342,1.0,18.85369873046875,3.7490739822387695,0.21188082173466682,0.4149255871772757,0.6677407622337341,2.61781644821167,23,15,8,16.0,0.04968796871768101,good_or_low_review,409
ground_truth,1.3.6.1.4.1.14519.5.2.1.6279.6001.119515474430718803379832249911,outputs/luna16_saliency_synthetic_gt/1.3.6.1.4.1.14519.5.2.1.6279.6001.119515474430718803379832249911/surface_1.3.6.1.4.1.14519.5.2.1.6279.6001.119515474430718803379832249911.png,outputs/luna16_saliency_synthetic_gt/1.3.6.1.4.1.14519.5.2.1.6279.6001.119515474430718803379832249911/surface_grid_float_1.3.6.1.4.1.14519.5.2.1.6279.6001.119515474430718803379832249911.npy,0.2987867542106766,0.3720909655094147,0.26389947533607483,1.0,7.52899169921875,2.079273223876953,0.13644660860300065,0.16281491994857794,0.2267262041568756,1.2640759944915771,13,5,8,0.0,0.04950653674230547,good_or_low_review,410
ground_truth,1.3.6.1.4.1.14519.5.2.1.6279.6001.675543413149938600000570588203,outputs/luna16_saliency_synthetic_gt/1.3.6.1.4.1.14519.5.2.1.6279.6001.675543413149938600000570588203/surface_1.3.6.1.4.1.14519.5.2.1.6279.6001.675543413149938600000570588203.png,outputs/luna16_saliency_synthetic_gt/1.3.6.1.4.1.14519.5.2.1.6279.6001.675543413149938600000570588203/surface_grid_float_1.3.6.1.4.1.14519.5.2.1.6279.6001.675543413149938600000570588203.npy,0.6225858764558455,0.3193075954914093,0.22888313233852386,1.0,22.0728759765625,5.153189182281494,0.17722544968128204,0.1964052069187165,0.203973650932312,2.812556505203247,18,10,8,22.0,0.048930408402283986,good_or_low_review,411
ground_truth,1.3.6.1.4.1.14519.5.2.1.6279.6001.416701701108520592702405866796,outputs/luna16_saliency_synthetic_gt/1.3.6.1.4.1.14519.5.2.1.6279.6001.416701701108520592702405866796/surface_1.3.6.1.4.1.14519.5.2.1.6279.6001.416701701108520592702405866796.png,outputs/luna16_saliency_synthetic_gt/1.3.6.1.4.1.14519.5.2.1.6279.6001.416701701108520592702405866796/surface_grid_float_1.3.6.1.4.1.14519.5.2.1.6279.6001.416701701108520592702405866796.npy,0.29337012219156483,0.40444889664649963,0.23600399494171143,0.964470590353007,6.00970458984375,1.561017394065857,0.11686447858810424,0.14030548095703127,0.19718320667743683,1.0360418558120728,13,5,8,0.0,0.04888758415650378,good_or_low_review,412
ground_truth,1.3.6.1.4.1.14519.5.2.1.6279.6001.170706757615202213033480003264,outputs/luna16_saliency_synthetic_gt/1.3.6.1.4.1.14519.5.2.1.6279.6001.170706757615202213033480003264/surface_1.3.6.1.4.1.14519.5.2.1.6279.6001.170706757615202213033480003264.png,outputs/luna16_saliency_synthetic_gt/1.3.6.1.4.1.14519.5.2.1.6279.6001.170706757615202213033480003264/surface_grid_float_1.3.6.1.4.1.14519.5.2.1.6279.6001.170706757615202213033480003264.npy,0.49220997774279357,0.342699259519577,0.22448375821113586,0.9137254953384399,21.4495849609375,5.478696346282959,0.2028460830450058,0.21089808255434037,0.21585646271705627,3.0637645721435547,23,15,8,21.0,0.04888461646073394,good_or_low_review,413
ground_truth,1.3.6.1.4.1.14519.5.2.1.6279.6001.281489753704424911132261151767,outputs/luna16_saliency_synthetic_gt/1.3.6.1.4.1.14519.5.2.1.6279.6001.281489753704424911132261151767/surface_1.3.6.1.4.1.14519.5.2.1.6279.6001.281489753704424911132261151767.png,outputs/luna16_saliency_synthetic_gt/1.3.6.1.4.1.14519.5.2.1.6279.6001.281489753704424911132261151767/surface_grid_float_1.3.6.1.4.1.14519.5.2.1.6279.6001.281489753704424911132261151767.npy,0.3641697202699185,0.5018020868301392,0.23910784721374512,0.9843137264251709,17.401914596557617,3.954188346862793,0.27179691195487976,0.41001240611076345,0.5009465217590332,2.5187323093414307,13,5,8,0.0,0.04690074608723323,good_or_low_review,414
ground_truth,1.3.6.1.4.1.14519.5.2.1.6279.6001.226456162308124493341905600418,outputs/luna16_saliency_synthetic_gt/1.3.6.1.4.1.14519.5.2.1.6279.6001.226456162308124493341905600418/surface_1.3.6.1.4.1.14519.5.2.1.6279.6001.226456162308124493341905600418.png,outputs/luna16_saliency_synthetic_gt/1.3.6.1.4.1.14519.5.2.1.6279.6001.226456162308124493341905600418/surface_grid_float_1.3.6.1.4.1.14519.5.2.1.6279.6001.226456162308124493341905600418.npy,0.6198051948051948,0.3643184304237366,0.23366393148899078,0.9803921580314636,16.758682250976562,2.528432607650757,0.22571116238832462,0.4988000804185868,0.8170933723449707,1.6451939344406128,18,10,8,16.0,0.04655112601849768,good_or_low_review,415
ground_truth,1.3.6.1.4.1.14519.5.2.1.6279.6001.323535944958374186208096541480,outputs/luna16_saliency_synthetic_gt/1.3.6.1.4.1.14519.5.2.1.6279.6001.323535944958374186208096541480/surface_1.3.6.1.4.1.14519.5.2.1.6279.6001.323535944958374186208096541480.png,outputs/luna16_saliency_synthetic_gt/1.3.6.1.4.1.14519.5.2.1.6279.6001.323535944958374186208096541480/surface_grid_float_1.3.6.1.4.1.14519.5.2.1.6279.6001.323535944958374186208096541480.npy,0.2957480071799425,0.36735397577285767,0.2518603801727295,0.9607843160629272,5.044219970703125,1.2541314363479614,0.12176122516393661,0.15025291442871103,0.21496634185314178,0.9209891557693481,13,5,8,0.0,0.04596240204006143,good_or_low_review,416
ground_truth,1.3.6.1.4.1.14519.5.2.1.6279.6001.323753921818102744511069914832,outputs/luna16_saliency_synthetic_gt/1.3.6.1.4.1.14519.5.2.1.6279.6001.323753921818102744511069914832/surface_1.3.6.1.4.1.14519.5.2.1.6279.6001.323753921818102744511069914832.png,outputs/luna16_saliency_synthetic_gt/1.3.6.1.4.1.14519.5.2.1.6279.6001.323753921818102744511069914832/surface_grid_float_1.3.6.1.4.1.14519.5.2.1.6279.6001.323753921818102744511069914832.npy,0.436558094312105,0.432303249835968,0.24278512597084045,1.0,17.486196517944336,3.3487889766693115,0.17714464068412794,0.4207400897145276,0.897469699382782,1.8367741107940674,18,10,8,14.0,0.045847583800885425,good_or_low_review,417
ground_truth,1.3.6.1.4.1.14519.5.2.1.6279.6001.177888806135892723698313903329,outputs/luna16_saliency_synthetic_gt/1.3.6.1.4.1.14519.5.2.1.6279.6001.177888806135892723698313903329/surface_1.3.6.1.4.1.14519.5.2.1.6279.6001.177888806135892723698313903329.png,outputs/luna16_saliency_synthetic_gt/1.3.6.1.4.1.14519.5.2.1.6279.6001.177888806135892723698313903329/surface_grid_float_1.3.6.1.4.1.14519.5.2.1.6279.6001.177888806135892723698313903329.npy,0.519229150887823,0.34616342186927795,0.24225018918514252,1.0,17.227218627929688,3.7974278926849365,0.18710916265845273,0.36998653471469867,0.8229652643203735,2.4313249588012695,13,5,8,7.0,0.045214571440882145,good_or_low_review,418
ground_truth,1.3.6.1.4.1.14519.5.2.1.6279.6001.454273545863197752384437758130,outputs/luna16_saliency_synthetic_gt/1.3.6.1.4.1.14519.5.2.1.6279.6001.454273545863197752384437758130/surface_1.3.6.1.4.1.14519.5.2.1.6279.6001.454273545863197752384437758130.png,outputs/luna16_saliency_synthetic_gt/1.3.6.1.4.1.14519.5.2.1.6279.6001.454273545863197752384437758130/surface_grid_float_1.3.6.1.4.1.14519.5.2.1.6279.6001.454273545863197752384437758130.npy,0.484792030019555,0.3316778838634491,0.23636938631534576,1.0,21.018157958984375,4.027940273284912,0.19316550269722937,0.21732464998960493,0.22408679127693176,1.529049277305603,18,10,8,21.0,0.044947890047563444,good_or_low_review,419
ground_truth,1.3.6.1.4.1.14519.5.2.1.6279.6001.137773550852881583165286615668,outputs/luna16_saliency_synthetic_gt/1.3.6.1.4.1.14519.5.2.1.6279.6001.137773550852881583165286615668/surface_1.3.6.1.4.1.14519.5.2.1.6279.6001.137773550852881583165286615668.png,outputs/luna16_saliency_synthetic_gt/1.3.6.1.4.1.14519.5.2.1.6279.6001.137773550852881583165286615668/surface_grid_float_1.3.6.1.4.1.14519.5.2.1.6279.6001.137773550852881583165286615668.npy,0.6605726804282761,0.32359808683395386,0.23311786353588104,0.8934902024268967,16.268905639648438,3.425926923751831,0.18883449360728216,0.4044831597805024,0.6120151877403259,1.8758965730667114,18,10,8,14.0,0.043417996577421826,good_or_low_review,420
ground_truth,1.3.6.1.4.1.14519.5.2.1.6279.6001.223650122819238796121876338881,outputs/luna16_saliency_synthetic_gt/1.3.6.1.4.1.14519.5.2.1.6279.6001.223650122819238796121876338881/surface_1.3.6.1.4.1.14519.5.2.1.6279.6001.223650122819238796121876338881.png,outputs/luna16_saliency_synthetic_gt/1.3.6.1.4.1.14519.5.2.1.6279.6001.223650122819238796121876338881/surface_grid_float_1.3.6.1.4.1.14519.5.2.1.6279.6001.223650122819238796121876338881.npy,0.5755218842866052,0.35572877526283264,0.23105353116989136,0.9215686321258545,17.36273193359375,4.97596549987793,0.2131777040660381,0.25241577088832856,0.2705099582672119,2.7146859169006348,23,15,8,17.0,0.042542995053529736,good_or_low_review,421
ground_truth,1.3.6.1.4.1.14519.5.2.1.6279.6001.236698827306171960683086245994,outputs/luna16_saliency_synthetic_gt/1.3.6.1.4.1.14519.5.2.1.6279.6001.236698827306171960683086245994/surface_1.3.6.1.4.1.14519.5.2.1.6279.6001.236698827306171960683086245994.png,outputs/luna16_saliency_synthetic_gt/1.3.6.1.4.1.14519.5.2.1.6279.6001.236698827306171960683086245994/surface_grid_float_1.3.6.1.4.1.14519.5.2.1.6279.6001.236698827306171960683086245994.npy,0.6008534911648653,0.36418384313583374,0.24920642375946045,1.0,16.090255737304688,2.50785231590271,0.18398116081953048,0.34171096354722996,0.858731746673584,2.4579410552978516,18,10,8,5.0,0.04253051303591994,good_or_low_review,422
ground_truth,1.3.6.1.4.1.14519.5.2.1.6279.6001.292576688635952269497781991202,outputs/luna16_saliency_synthetic_gt/1.3.6.1.4.1.14519.5.2.1.6279.6001.292576688635952269497781991202/surface_1.3.6.1.4.1.14519.5.2.1.6279.6001.292576688635952269497781991202.png,outputs/luna16_saliency_synthetic_gt/1.3.6.1.4.1.14519.5.2.1.6279.6001.292576688635952269497781991202/surface_grid_float_1.3.6.1.4.1.14519.5.2.1.6279.6001.292576688635952269497781991202.npy,0.5914232209737827,0.3400515913963318,0.25319719314575195,1.0,17.107742309570312,3.4075441360473633,0.1776633493602275,0.29424457073211685,0.8006125688552856,2.0996358394622803,18,10,8,16.0,0.04200609839227465,good_or_low_review,423
ground_truth,1.3.6.1.4.1.14519.5.2.1.6279.6001.121824995088859376862458155637,outputs/luna16_saliency_synthetic_gt/1.3.6.1.4.1.14519.5.2.1.6279.6001.121824995088859376862458155637/surface_1.3.6.1.4.1.14519.5.2.1.6279.6001.121824995088859376862458155637.png,outputs/luna16_saliency_synthetic_gt/1.3.6.1.4.1.14519.5.2.1.6279.6001.121824995088859376862458155637/surface_grid_float_1.3.6.1.4.1.14519.5.2.1.6279.6001.121824995088859376862458155637.npy,0.4495327592073921,0.3170691132545471,0.2248944193124771,0.9254902005195618,19.017440795898438,4.412099361419678,0.15751826763153076,0.21324949786067,0.24896547198295593,1.6363731622695923,18,10,8,19.0,0.04172960440069436,good_or_low_review,424
ground_truth,1.3.6.1.4.1.14519.5.2.1.6279.6001.109002525524522225658609808059,outputs/luna16_saliency_synthetic_gt/1.3.6.1.4.1.14519.5.2.1.6279.6001.109002525524522225658609808059/surface_1.3.6.1.4.1.14519.5.2.1.6279.6001.109002525524522225658609808059.png,outputs/luna16_saliency_synthetic_gt/1.3.6.1.4.1.14519.5.2.1.6279.6001.109002525524522225658609808059/surface_grid_float_1.3.6.1.4.1.14519.5.2.1.6279.6001.109002525524522225658609808059.npy,0.4998715643462625,0.44874265789985657,0.221735417842865,1.0,14.417274475097656,2.596527099609375,0.2502730071544647,0.48761372268199904,0.7320360541343689,1.306103229522705,18,10,8,14.0,0.041559654093450964,good_or_low_review,425
ground_truth,1.3.6.1.4.1.14519.5.2.1.6279.6001.140527383975300992150799777603,outputs/luna16_saliency_synthetic_gt/1.3.6.1.4.1.14519.5.2.1.6279.6001.140527383975300992150799777603/surface_1.3.6.1.4.1.14519.5.2.1.6279.6001.140527383975300992150799777603.png,outputs/luna16_saliency_synthetic_gt/1.3.6.1.4.1.14519.5.2.1.6279.6001.140527383975300992150799777603/surface_grid_float_1.3.6.1.4.1.14519.5.2.1.6279.6001.140527383975300992150799777603.npy,0.4874856526133658,0.3883858919143677,0.2397240698337555,1.0,15.27630615234375,3.1797354221343994,0.2309301286935805,0.38042273998260495,0.6247062683105469,1.6458451747894287,18,10,8,14.0,0.04053062617513868,good_or_low_review,426
ground_truth,1.3.6.1.4.1.14519.5.2.1.6279.6001.232058316950007760548968840196,outputs/luna16_saliency_synthetic_gt/1.3.6.1.4.1.14519.5.2.1.6279.6001.232058316950007760548968840196/surface_1.3.6.1.4.1.14519.5.2.1.6279.6001.232058316950007760548968840196.png,outputs/luna16_saliency_synthetic_gt/1.3.6.1.4.1.14519.5.2.1.6279.6001.232058316950007760548968840196/surface_grid_float_1.3.6.1.4.1.14519.5.2.1.6279.6001.232058316950007760548968840196.npy,0.516926272066459,0.30626407265663147,0.22769631445407867,1.0,17.31982421875,4.6945085525512695,0.17429718375205994,0.2061474484205246,0.21551547944545746,2.3372933864593506,23,15,8,17.0,0.0402447824537754,good_or_low_review,427
ground_truth,1.3.6.1.4.1.14519.5.2.1.6279.6001.254957696184671649675053562027,outputs/luna16_saliency_synthetic_gt/1.3.6.1.4.1.14519.5.2.1.6279.6001.254957696184671649675053562027/surface_1.3.6.1.4.1.14519.5.2.1.6279.6001.254957696184671649675053562027.png,outputs/luna16_saliency_synthetic_gt/1.3.6.1.4.1.14519.5.2.1.6279.6001.254957696184671649675053562027/surface_grid_float_1.3.6.1.4.1.14519.5.2.1.6279.6001.254957696184671649675053562027.npy,0.43360198061525496,0.32174932956695557,0.24076591432094574,1.0,17.065704345703125,4.154261589050293,0.15082772821187973,0.18519221842288947,0.20316804945468903,2.5447070598602295,18,10,8,17.0,0.039653511706325736,good_or_low_review,428
ground_truth,1.3.6.1.4.1.14519.5.2.1.6279.6001.305858704835252413616501469037,outputs/luna16_saliency_synthetic_gt/1.3.6.1.4.1.14519.5.2.1.6279.6001.305858704835252413616501469037/surface_1.3.6.1.4.1.14519.5.2.1.6279.6001.305858704835252413616501469037.png,outputs/luna16_saliency_synthetic_gt/1.3.6.1.4.1.14519.5.2.1.6279.6001.305858704835252413616501469037/surface_grid_float_1.3.6.1.4.1.14519.5.2.1.6279.6001.305858704835252413616501469037.npy,0.3781727627881474,0.5122516751289368,0.2303779274225235,1.0,15.763374328613281,3.4206573963165283,0.14448150619864464,0.22535382002592078,0.24912428855895996,2.4517760276794434,18,10,8,12.0,0.038481296321087405,good_or_low_review,429
ground_truth,1.3.6.1.4.1.14519.5.2.1.6279.6001.221017801605543296514746423389,outputs/luna16_saliency_synthetic_gt/1.3.6.1.4.1.14519.5.2.1.6279.6001.221017801605543296514746423389/surface_1.3.6.1.4.1.14519.5.2.1.6279.6001.221017801605543296514746423389.png,outputs/luna16_saliency_synthetic_gt/1.3.6.1.4.1.14519.5.2.1.6279.6001.221017801605543296514746423389/surface_grid_float_1.3.6.1.4.1.14519.5.2.1.6279.6001.221017801605543296514746423389.npy,0.5491557579206982,0.4700014889240265,0.21432240307331085,0.9333333373069763,12.994163513183594,2.275521993637085,0.1775007128715515,0.41213767111301336,1.1263810396194458,1.4142796993255615,18,10,8,12.0,0.03716391309830875,good_or_low_review,430
ground_truth,1.3.6.1.4.1.14519.5.2.1.6279.6001.310548927038333190233889983845,outputs/luna16_saliency_synthetic_gt/1.3.6.1.4.1.14519.5.2.1.6279.6001.310548927038333190233889983845/surface_1.3.6.1.4.1.14519.5.2.1.6279.6001.310548927038333190233889983845.png,outputs/luna16_saliency_synthetic_gt/1.3.6.1.4.1.14519.5.2.1.6279.6001.310548927038333190233889983845/surface_grid_float_1.3.6.1.4.1.14519.5.2.1.6279.6001.310548927038333190233889983845.npy,0.31316374856486795,0.3990275263786316,0.23425240814685822,0.8901960849761963,5.437957763671875,1.375914454460144,0.11554215587675568,0.1393028073012829,0.20092159509658813,0.9111124873161316,13,5,8,0.0,0.03631632810911085,good_or_low_review,431
ground_truth,1.3.6.1.4.1.14519.5.2.1.6279.6001.275007193025729362844652516689,outputs/luna16_saliency_synthetic_gt/1.3.6.1.4.1.14519.5.2.1.6279.6001.275007193025729362844652516689/surface_1.3.6.1.4.1.14519.5.2.1.6279.6001.275007193025729362844652516689.png,outputs/luna16_saliency_synthetic_gt/1.3.6.1.4.1.14519.5.2.1.6279.6001.275007193025729362844652516689/surface_grid_float_1.3.6.1.4.1.14519.5.2.1.6279.6001.275007193025729362844652516689.npy,0.6234418405869364,0.33585119247436523,0.23726452887058258,0.9647058844566345,15.048049926757812,3.1714344024658203,0.14185385033488274,0.17240279018878932,0.19039160013198853,2.0380325317382812,23,15,8,15.0,0.03478112809856732,good_or_low_review,432
ground_truth,1.3.6.1.4.1.14519.5.2.1.6279.6001.275986221854423197884953496664,outputs/luna16_saliency_synthetic_gt/1.3.6.1.4.1.14519.5.2.1.6279.6001.275986221854423197884953496664/surface_1.3.6.1.4.1.14519.5.2.1.6279.6001.275986221854423197884953496664.png,outputs/luna16_saliency_synthetic_gt/1.3.6.1.4.1.14519.5.2.1.6279.6001.275986221854423197884953496664/surface_grid_float_1.3.6.1.4.1.14519.5.2.1.6279.6001.275986221854423197884953496664.npy,0.5265111961944541,0.4041988253593445,0.25344282388687134,1.0,13.057174682617188,2.6174230575561523,0.19396211355924603,0.33057681620121,0.38582882285118103,1.1411597728729248,18,10,8,13.0,0.03421517289678256,good_or_low_review,433
ground_truth,1.3.6.1.4.1.14519.5.2.1.6279.6001.100530488926682752765845212286,outputs/luna16_saliency_synthetic_gt/1.3.6.1.4.1.14519.5.2.1.6279.6001.100530488926682752765845212286/surface_1.3.6.1.4.1.14519.5.2.1.6279.6001.100530488926682752765845212286.png,outputs/luna16_saliency_synthetic_gt/1.3.6.1.4.1.14519.5.2.1.6279.6001.100530488926682752765845212286/surface_grid_float_1.3.6.1.4.1.14519.5.2.1.6279.6001.100530488926682752765845212286.npy,0.6067977884528234,0.35689428448677063,0.22984211146831512,1.0,13.608428955078125,3.005237340927124,0.19935501813888518,0.2572332894802094,0.28281766176223755,1.4201629161834717,18,10,8,13.0,0.03355363120105532,good_or_low_review,434
ground_truth,1.3.6.1.4.1.14519.5.2.1.6279.6001.171682845383273105440297561095,outputs/luna16_saliency_synthetic_gt/1.3.6.1.4.1.14519.5.2.1.6279.6001.171682845383273105440297561095/surface_1.3.6.1.4.1.14519.5.2.1.6279.6001.171682845383273105440297561095.png,outputs/luna16_saliency_synthetic_gt/1.3.6.1.4.1.14519.5.2.1.6279.6001.171682845383273105440297561095/surface_grid_float_1.3.6.1.4.1.14519.5.2.1.6279.6001.171682845383273105440297561095.npy,0.5536473558331119,0.3238857686519623,0.23146946728229523,0.9372549057006836,12.9827880859375,2.5734047889709473,0.17468191683292386,0.2769928053021431,0.3223930299282074,1.5645616054534912,18,10,8,12.0,0.03342456786996788,good_or_low_review,435
ground_truth,1.3.6.1.4.1.14519.5.2.1.6279.6001.826812708000318290301835871780,outputs/luna16_saliency_synthetic_gt/1.3.6.1.4.1.14519.5.2.1.6279.6001.826812708000318290301835871780/surface_1.3.6.1.4.1.14519.5.2.1.6279.6001.826812708000318290301835871780.png,outputs/luna16_saliency_synthetic_gt/1.3.6.1.4.1.14519.5.2.1.6279.6001.826812708000318290301835871780/surface_grid_float_1.3.6.1.4.1.14519.5.2.1.6279.6001.826812708000318290301835871780.npy,0.5760494918250111,0.32574063539505005,0.2121397703886032,0.8666666746139526,13.046340942382812,2.691337823867798,0.14403698295354841,0.3132851496338845,1.700032114982605,0.9793225526809692,18,10,8,10.0,0.03331872839894559,good_or_low_review,436
ground_truth,1.3.6.1.4.1.14519.5.2.1.6279.6001.619372068417051974713149104919,outputs/luna16_saliency_synthetic_gt/1.3.6.1.4.1.14519.5.2.1.6279.6001.619372068417051974713149104919/surface_1.3.6.1.4.1.14519.5.2.1.6279.6001.619372068417051974713149104919.png,outputs/luna16_saliency_synthetic_gt/1.3.6.1.4.1.14519.5.2.1.6279.6001.619372068417051974713149104919/surface_grid_float_1.3.6.1.4.1.14519.5.2.1.6279.6001.619372068417051974713149104919.npy,0.5623288012351213,0.31996020674705505,0.23756805062294006,1.0,12.780258178710938,2.785212993621826,0.1400065153837204,0.2633293390274046,0.6569153666496277,1.6963562965393066,13,5,8,5.0,0.032969991127649936,good_or_low_review,437
ground_truth,1.3.6.1.4.1.14519.5.2.1.6279.6001.174168737938619557573021395302,outputs/luna16_saliency_synthetic_gt/1.3.6.1.4.1.14519.5.2.1.6279.6001.174168737938619557573021395302/surface_1.3.6.1.4.1.14519.5.2.1.6279.6001.174168737938619557573021395302.png,outputs/luna16_saliency_synthetic_gt/1.3.6.1.4.1.14519.5.2.1.6279.6001.174168737938619557573021395302/surface_grid_float_1.3.6.1.4.1.14519.5.2.1.6279.6001.174168737938619557573021395302.npy,0.30151219629656384,0.4555012583732605,0.23237603902816772,1.0,2.0073318481445312,0.49693772196769714,0.017987849377095695,0.02146260691806674,0.030806971713900566,0.28978925943374634,13,5,8,0.0,0.0323407238218214,good_or_low_review,438
ground_truth,1.3.6.1.4.1.14519.5.2.1.6279.6001.130765375502800983459674173881,outputs/luna16_saliency_synthetic_gt/1.3.6.1.4.1.14519.5.2.1.6279.6001.130765375502800983459674173881/surface_1.3.6.1.4.1.14519.5.2.1.6279.6001.130765375502800983459674173881.png,outputs/luna16_saliency_synthetic_gt/1.3.6.1.4.1.14519.5.2.1.6279.6001.130765375502800983459674173881/surface_grid_float_1.3.6.1.4.1.14519.5.2.1.6279.6001.130765375502800983459674173881.npy,0.5893598872570835,0.30585065484046936,0.2259807139635086,0.8791372621059429,12.563838958740234,3.1755411624908447,0.1551940724253653,0.2488470719754689,0.3556544780731201,1.1404448747634888,18,10,8,12.0,0.030939465701083323,good_or_low_review,439
ground_truth,1.3.6.1.4.1.14519.5.2.1.6279.6001.308183340111270052562662456038,outputs/luna16_saliency_synthetic_gt/1.3.6.1.4.1.14519.5.2.1.6279.6001.308183340111270052562662456038/surface_1.3.6.1.4.1.14519.5.2.1.6279.6001.308183340111270052562662456038.png,outputs/luna16_saliency_synthetic_gt/1.3.6.1.4.1.14519.5.2.1.6279.6001.308183340111270052562662456038/surface_grid_float_1.3.6.1.4.1.14519.5.2.1.6279.6001.308183340111270052562662456038.npy,0.5865606226621831,0.36308416724205017,0.24120022356510162,0.9490196108818054,13.165786743164062,3.2522683143615723,0.12944889739155768,0.14765585035085677,0.18305149674415588,1.761508822441101,18,10,8,13.0,0.030287117465668253,good_or_low_review,440
ground_truth,1.3.6.1.4.1.14519.5.2.1.6279.6001.935683764293840351008008793409,outputs/luna16_saliency_synthetic_gt/1.3.6.1.4.1.14519.5.2.1.6279.6001.935683764293840351008008793409/surface_1.3.6.1.4.1.14519.5.2.1.6279.6001.935683764293840351008008793409.png,outputs/luna16_saliency_synthetic_gt/1.3.6.1.4.1.14519.5.2.1.6279.6001.935683764293840351008008793409/surface_grid_float_1.3.6.1.4.1.14519.5.2.1.6279.6001.935683764293840351008008793409.npy,0.5641475340136054,0.48980119824409485,0.2618163824081421,1.0,13.011474609375,3.04409122467041,0.12197930216789245,0.1307967384159565,0.1630084216594696,1.9978644847869873,18,10,8,13.0,0.03004939202318589,good_or_low_review,441
ground_truth,1.3.6.1.4.1.14519.5.2.1.6279.6001.297964221542942838344351735414,outputs/luna16_saliency_synthetic_gt/1.3.6.1.4.1.14519.5.2.1.6279.6001.297964221542942838344351735414/surface_1.3.6.1.4.1.14519.5.2.1.6279.6001.297964221542942838344351735414.png,outputs/luna16_saliency_synthetic_gt/1.3.6.1.4.1.14519.5.2.1.6279.6001.297964221542942838344351735414/surface_grid_float_1.3.6.1.4.1.14519.5.2.1.6279.6001.297964221542942838344351735414.npy,0.5250230055921286,0.4188118577003479,0.23397839069366455,1.0,12.063125610351562,2.708747386932373,0.16123109608888625,0.2464524276554585,0.2778642773628235,1.098441243171692,18,10,8,12.0,0.02993976272063123,good_or_low_review,442
ground_truth,1.3.6.1.4.1.14519.5.2.1.6279.6001.121805476976020513950614465787,outputs/luna16_saliency_synthetic_gt/1.3.6.1.4.1.14519.5.2.1.6279.6001.121805476976020513950614465787/surface_1.3.6.1.4.1.14519.5.2.1.6279.6001.121805476976020513950614465787.png,outputs/luna16_saliency_synthetic_gt/1.3.6.1.4.1.14519.5.2.1.6279.6001.121805476976020513950614465787/surface_grid_float_1.3.6.1.4.1.14519.5.2.1.6279.6001.121805476976020513950614465787.npy,0.42632607912743736,0.33847543597221375,0.21704430878162384,0.8666666746139526,12.44207763671875,2.1858839988708496,0.13826136440038672,0.16877737760543815,0.3003444969654083,1.8562276363372803,13,5,8,3.0,0.02992506769233279,good_or_low_review,443
ground_truth,1.3.6.1.4.1.14519.5.2.1.6279.6001.385151742584074711135621089321,outputs/luna16_saliency_synthetic_gt/1.3.6.1.4.1.14519.5.2.1.6279.6001.385151742584074711135621089321/surface_1.3.6.1.4.1.14519.5.2.1.6279.6001.385151742584074711135621089321.png,outputs/luna16_saliency_synthetic_gt/1.3.6.1.4.1.14519.5.2.1.6279.6001.385151742584074711135621089321/surface_grid_float_1.3.6.1.4.1.14519.5.2.1.6279.6001.385151742584074711135621089321.npy,0.3246639102770419,0.3334818482398987,0.22978579998016357,0.9333333373069763,5.6554107666015625,1.6234408617019653,0.10267117843031882,0.12512266561388974,0.17526775598526,1.0169754028320312,13,5,8,0.0,0.029917075475022085,good_or_low_review,444
ground_truth,1.3.6.1.4.1.14519.5.2.1.6279.6001.154703816225841204080664115280,outputs/luna16_saliency_synthetic_gt/1.3.6.1.4.1.14519.5.2.1.6279.6001.154703816225841204080664115280/surface_1.3.6.1.4.1.14519.5.2.1.6279.6001.154703816225841204080664115280.png,outputs/luna16_saliency_synthetic_gt/1.3.6.1.4.1.14519.5.2.1.6279.6001.154703816225841204080664115280/surface_grid_float_1.3.6.1.4.1.14519.5.2.1.6279.6001.154703816225841204080664115280.npy,0.5489406906457598,0.3238234221935272,0.22660131752490997,0.8784313797950745,11.27862548828125,1.5241081714630127,0.1309763714671135,0.24620355293154633,0.30048519372940063,1.6211488246917725,23,15,8,11.0,0.029786368678841303,good_or_low_review,445
ground_truth,1.3.6.1.4.1.14519.5.2.1.6279.6001.182798854785392200340436516930,outputs/luna16_saliency_synthetic_gt/1.3.6.1.4.1.14519.5.2.1.6279.6001.182798854785392200340436516930/surface_1.3.6.1.4.1.14519.5.2.1.6279.6001.182798854785392200340436516930.png,outputs/luna16_saliency_synthetic_gt/1.3.6.1.4.1.14519.5.2.1.6279.6001.182798854785392200340436516930/surface_grid_float_1.3.6.1.4.1.14519.5.2.1.6279.6001.182798854785392200340436516930.npy,0.47819463678710816,0.3033038079738617,0.2349977195262909,0.9098039269447327,11.632156372070312,1.924189805984497,0.13699964210391044,0.195990869700909,0.9051206111907959,1.9130539894104004,13,5,8,2.0,0.02951788446538979,good_or_low_review,446
ground_truth,1.3.6.1.4.1.14519.5.2.1.6279.6001.265133389948279331857097127422,outputs/luna16_saliency_synthetic_gt/1.3.6.1.4.1.14519.5.2.1.6279.6001.265133389948279331857097127422/surface_1.3.6.1.4.1.14519.5.2.1.6279.6001.265133389948279331857097127422.png,outputs/luna16_saliency_synthetic_gt/1.3.6.1.4.1.14519.5.2.1.6279.6001.265133389948279331857097127422/surface_grid_float_1.3.6.1.4.1.14519.5.2.1.6279.6001.265133389948279331857097127422.npy,0.43846486558424275,0.357523649930954,0.2280968427658081,0.9960784316062927,11.367996215820312,2.4039318561553955,0.13547644391655916,0.21337844252586363,0.3458733856678009,1.7402992248535156,13,5,8,5.0,0.029215345246262018,good_or_low_review,447
ground_truth,1.3.6.1.4.1.14519.5.2.1.6279.6001.216652640878960522552873394709,outputs/luna16_saliency_synthetic_gt/1.3.6.1.4.1.14519.5.2.1.6279.6001.216652640878960522552873394709/surface_1.3.6.1.4.1.14519.5.2.1.6279.6001.216652640878960522552873394709.png,outputs/luna16_saliency_synthetic_gt/1.3.6.1.4.1.14519.5.2.1.6279.6001.216652640878960522552873394709/surface_grid_float_1.3.6.1.4.1.14519.5.2.1.6279.6001.216652640878960522552873394709.npy,0.6066075997841563,0.3316441476345062,0.22803188860416412,0.9686274528503418,10.423583984375,1.5324257612228394,0.12509940564632416,0.29095802903175344,0.9688019156455994,1.0274308919906616,13,5,8,5.0,0.028384560604890183,good_or_low_review,448
ground_truth,1.3.6.1.4.1.14519.5.2.1.6279.6001.316393351033132458296975008261,outputs/luna16_saliency_synthetic_gt/1.3.6.1.4.1.14519.5.2.1.6279.6001.316393351033132458296975008261/surface_1.3.6.1.4.1.14519.5.2.1.6279.6001.316393351033132458296975008261.png,outputs/luna16_saliency_synthetic_gt/1.3.6.1.4.1.14519.5.2.1.6279.6001.316393351033132458296975008261/surface_grid_float_1.3.6.1.4.1.14519.5.2.1.6279.6001.316393351033132458296975008261.npy,0.5297547628926093,0.36510002613067627,0.2605404257774353,1.0,11.585433959960938,2.345550537109375,0.11529987230896938,0.23676139086484937,0.42968305945396423,0.7970083355903625,13,5,8,7.0,0.028183027960525624,good_or_low_review,449
ground_truth,1.3.6.1.4.1.14519.5.2.1.6279.6001.215086589927307766627151367533,outputs/luna16_saliency_synthetic_gt/1.3.6.1.4.1.14519.5.2.1.6279.6001.215086589927307766627151367533/surface_1.3.6.1.4.1.14519.5.2.1.6279.6001.215086589927307766627151367533.png,outputs/luna16_saliency_synthetic_gt/1.3.6.1.4.1.14519.5.2.1.6279.6001.215086589927307766627151367533/surface_grid_float_1.3.6.1.4.1.14519.5.2.1.6279.6001.215086589927307766627151367533.npy,0.33719532714773326,0.3180218040943146,0.22774341702461243,0.8666666746139526,7.760589599609375,2.082611322402954,0.13199869543313977,0.15972349345684053,0.22514154016971588,1.3723582029342651,13,5,8,0.0,0.028092661614044636,good_or_low_review,450
ground_truth,1.3.6.1.4.1.14519.5.2.1.6279.6001.674809958213117379592437424616,outputs/luna16_saliency_synthetic_gt/1.3.6.1.4.1.14519.5.2.1.6279.6001.674809958213117379592437424616/surface_1.3.6.1.4.1.14519.5.2.1.6279.6001.674809958213117379592437424616.png,outputs/luna16_saliency_synthetic_gt/1.3.6.1.4.1.14519.5.2.1.6279.6001.674809958213117379592437424616/surface_grid_float_1.3.6.1.4.1.14519.5.2.1.6279.6001.674809958213117379592437424616.npy,0.3708045815143407,0.33471012115478516,0.21881379187107086,0.8352941274642944,11.600189208984375,2.4953255653381348,0.12274232879281034,0.18883141964673994,0.21596117317676544,1.2204325199127197,18,10,8,11.0,0.027710663537515532,good_or_low_review,451
ground_truth,1.3.6.1.4.1.14519.5.2.1.6279.6001.561458563853929400124470098603,outputs/luna16_saliency_synthetic_gt/1.3.6.1.4.1.14519.5.2.1.6279.6001.561458563853929400124470098603/surface_1.3.6.1.4.1.14519.5.2.1.6279.6001.561458563853929400124470098603.png,outputs/luna16_saliency_synthetic_gt/1.3.6.1.4.1.14519.5.2.1.6279.6001.561458563853929400124470098603/surface_grid_float_1.3.6.1.4.1.14519.5.2.1.6279.6001.561458563853929400124470098603.npy,0.5916050266443967,0.3373923897743225,0.24344511330127716,0.9450980424880981,12.0450439453125,2.813964605331421,0.12314546182751651,0.15707433804869633,0.17581386864185333,1.2965902090072632,18,10,8,12.0,0.027668614959220083,good_or_low_review,452
ground_truth,1.3.6.1.4.1.14519.5.2.1.6279.6001.970428941353693253759289796610,outputs/luna16_saliency_synthetic_gt/1.3.6.1.4.1.14519.5.2.1.6279.6001.970428941353693253759289796610/surface_1.3.6.1.4.1.14519.5.2.1.6279.6001.970428941353693253759289796610.png,outputs/luna16_saliency_synthetic_gt/1.3.6.1.4.1.14519.5.2.1.6279.6001.970428941353693253759289796610/surface_grid_float_1.3.6.1.4.1.14519.5.2.1.6279.6001.970428941353693253759289796610.npy,0.4229285144831252,0.3616160452365875,0.2293396145105362,0.9803921580314636,11.165664672851562,2.7589147090911865,0.11516570001840597,0.17145321547985065,0.19752450287342072,1.7047868967056274,18,10,8,10.0,0.027541452911827292,good_or_low_review,453
ground_truth,1.3.6.1.4.1.14519.5.2.1.6279.6001.303865116731361029078599241306,outputs/luna16_saliency_synthetic_gt/1.3.6.1.4.1.14519.5.2.1.6279.6001.303865116731361029078599241306/surface_1.3.6.1.4.1.14519.5.2.1.6279.6001.303865116731361029078599241306.png,outputs/luna16_saliency_synthetic_gt/1.3.6.1.4.1.14519.5.2.1.6279.6001.303865116731361029078599241306/surface_grid_float_1.3.6.1.4.1.14519.5.2.1.6279.6001.303865116731361029078599241306.npy,0.6664441709601385,0.34427115321159363,0.2275426983833313,0.9215686321258545,10.307693481445312,1.559795618057251,0.13356688618659973,0.2314372897148131,0.6960452795028687,1.3472776412963867,13,5,8,2.0,0.02711655814117855,good_or_low_review,454
ground_truth,1.3.6.1.4.1.14519.5.2.1.6279.6001.390009458146468860187238398197,outputs/luna16_saliency_synthetic_gt/1.3.6.1.4.1.14519.5.2.1.6279.6001.390009458146468860187238398197/surface_1.3.6.1.4.1.14519.5.2.1.6279.6001.390009458146468860187238398197.png,outputs/luna16_saliency_synthetic_gt/1.3.6.1.4.1.14519.5.2.1.6279.6001.390009458146468860187238398197/surface_grid_float_1.3.6.1.4.1.14519.5.2.1.6279.6001.390009458146468860187238398197.npy,0.5604916143899629,0.3145088255405426,0.22853457927703857,0.9647058844566345,10.7366943359375,2.527524948120117,0.13245441243052483,0.176848313063383,0.3200424909591675,1.723164439201355,13,5,8,3.0,0.02702919426113367,good_or_low_review,455
ground_truth,1.3.6.1.4.1.14519.5.2.1.6279.6001.910607280658963002048724648683,outputs/luna16_saliency_synthetic_gt/1.3.6.1.4.1.14519.5.2.1.6279.6001.910607280658963002048724648683/surface_1.3.6.1.4.1.14519.5.2.1.6279.6001.910607280658963002048724648683.png,outputs/luna16_saliency_synthetic_gt/1.3.6.1.4.1.14519.5.2.1.6279.6001.910607280658963002048724648683/surface_grid_float_1.3.6.1.4.1.14519.5.2.1.6279.6001.910607280658963002048724648683.npy,0.3229762514189054,0.4765374958515167,0.2514495849609375,1.0,3.91864013671875,1.0658386945724487,0.09589199572801589,0.11620491445064546,0.1617327779531479,0.6944262981414795,13,5,8,0.0,0.027002525925815882,good_or_low_review,456
ground_truth,1.3.6.1.4.1.14519.5.2.1.6279.6001.217955041973656886482758642958,outputs/luna16_saliency_synthetic_gt/1.3.6.1.4.1.14519.5.2.1.6279.6001.217955041973656886482758642958/surface_1.3.6.1.4.1.14519.5.2.1.6279.6001.217955041973656886482758642958.png,outputs/luna16_saliency_synthetic_gt/1.3.6.1.4.1.14519.5.2.1.6279.6001.217955041973656886482758642958/surface_grid_float_1.3.6.1.4.1.14519.5.2.1.6279.6001.217955041973656886482758642958.npy,0.32680929247633284,0.385379821062088,0.2426941841840744,0.9960784316062927,4.815185546875,1.1850271224975586,0.10192533917725086,0.1268400776386261,0.18457336723804474,0.8510640859603882,13,5,8,0.0,0.026973597968973806,good_or_low_review,457
ground_truth,1.3.6.1.4.1.14519.5.2.1.6279.6001.964952370561266624992539111877,outputs/luna16_saliency_synthetic_gt/1.3.6.1.4.1.14519.5.2.1.6279.6001.964952370561266624992539111877/surface_1.3.6.1.4.1.14519.5.2.1.6279.6001.964952370561266624992539111877.png,outputs/luna16_saliency_synthetic_gt/1.3.6.1.4.1.14519.5.2.1.6279.6001.964952370561266624992539111877/surface_grid_float_1.3.6.1.4.1.14519.5.2.1.6279.6001.964952370561266624992539111877.npy,0.37057873002573466,0.32368600368499756,0.24346597492694855,0.929411768913269,12.4415283203125,2.5472185611724854,0.11337039805948734,0.12631706148385996,0.18818935751914978,1.0941557884216309,28,20,8,12.0,0.02695684968597359,good_or_low_review,458
ground_truth,1.3.6.1.4.1.14519.5.2.1.6279.6001.797637294244261543517154417124,outputs/luna16_saliency_synthetic_gt/1.3.6.1.4.1.14519.5.2.1.6279.6001.797637294244261543517154417124/surface_1.3.6.1.4.1.14519.5.2.1.6279.6001.797637294244261543517154417124.png,outputs/luna16_saliency_synthetic_gt/1.3.6.1.4.1.14519.5.2.1.6279.6001.797637294244261543517154417124/surface_grid_float_1.3.6.1.4.1.14519.5.2.1.6279.6001.797637294244261543517154417124.npy,0.34515033416287116,0.4927065670490265,0.24080537259578705,1.0,9.558246612548828,2.1151936054229736,0.12263323739171028,0.1709043458104133,0.19662585854530334,1.402233362197876,13,5,8,0.0,0.026944853154661084,good_or_low_review,459
ground_truth,1.3.6.1.4.1.14519.5.2.1.6279.6001.373433682859788429397781158572,outputs/luna16_saliency_synthetic_gt/1.3.6.1.4.1.14519.5.2.1.6279.6001.373433682859788429397781158572/surface_1.3.6.1.4.1.14519.5.2.1.6279.6001.373433682859788429397781158572.png,outputs/luna16_saliency_synthetic_gt/1.3.6.1.4.1.14519.5.2.1.6279.6001.373433682859788429397781158572/surface_grid_float_1.3.6.1.4.1.14519.5.2.1.6279.6001.373433682859788429397781158572.npy,0.5867313915857605,0.3150303065776825,0.21826469898223877,0.8705882430076599,10.291900634765625,2.095644235610962,0.12754380106925964,0.206437973827124,0.9022871255874634,1.4341259002685547,13,5,8,3.0,0.026533253384464325,good_or_low_review,460
ground_truth,1.3.6.1.4.1.14519.5.2.1.6279.6001.163931625580639955914619627409,outputs/luna16_saliency_synthetic_gt/1.3.6.1.4.1.14519.5.2.1.6279.6001.163931625580639955914619627409/surface_1.3.6.1.4.1.14519.5.2.1.6279.6001.163931625580639955914619627409.png,outputs/luna16_saliency_synthetic_gt/1.3.6.1.4.1.14519.5.2.1.6279.6001.163931625580639955914619627409/surface_grid_float_1.3.6.1.4.1.14519.5.2.1.6279.6001.163931625580639955914619627409.npy,0.640561797752809,0.3319147229194641,0.2255992293357849,0.8705882430076599,9.63726806640625,1.9471513032913208,0.1308035679161548,0.23263415321707748,0.47451499104499817,1.2961817979812622,13,5,8,4.0,0.02592154203603665,good_or_low_review,461
ground_truth,1.3.6.1.4.1.14519.5.2.1.6279.6001.177685820605315926524514718990,outputs/luna16_saliency_synthetic_gt/1.3.6.1.4.1.14519.5.2.1.6279.6001.177685820605315926524514718990/surface_1.3.6.1.4.1.14519.5.2.1.6279.6001.177685820605315926524514718990.png,outputs/luna16_saliency_synthetic_gt/1.3.6.1.4.1.14519.5.2.1.6279.6001.177685820605315926524514718990/surface_grid_float_1.3.6.1.4.1.14519.5.2.1.6279.6001.177685820605315926524514718990.npy,0.334258111762055,0.39752644300460815,0.23024243116378784,1.0,5.9519805908203125,1.6102961301803589,0.1037728320807218,0.12423603549599647,0.1709153950214386,1.018681287765503,13,5,8,0.0,0.02490614961867866,good_or_low_review,462
ground_truth,1.3.6.1.4.1.14519.5.2.1.6279.6001.252709517998555732486024866345,outputs/luna16_saliency_synthetic_gt/1.3.6.1.4.1.14519.5.2.1.6279.6001.252709517998555732486024866345/surface_1.3.6.1.4.1.14519.5.2.1.6279.6001.252709517998555732486024866345.png,outputs/luna16_saliency_synthetic_gt/1.3.6.1.4.1.14519.5.2.1.6279.6001.252709517998555732486024866345/surface_grid_float_1.3.6.1.4.1.14519.5.2.1.6279.6001.252709517998555732486024866345.npy,0.5629553692380918,0.35390937328338623,0.22990833222866058,0.9882352948188782,8.4285888671875,1.5782831907272339,0.1231632474809885,0.24784838035702705,0.3138328790664673,1.2479369640350342,18,10,8,8.0,0.024256292776101165,good_or_low_review,463
ground_truth,1.3.6.1.4.1.14519.5.2.1.6279.6001.272042302501586336192628818865,outputs/luna16_saliency_synthetic_gt/1.3.6.1.4.1.14519.5.2.1.6279.6001.272042302501586336192628818865/surface_1.3.6.1.4.1.14519.5.2.1.6279.6001.272042302501586336192628818865.png,outputs/luna16_saliency_synthetic_gt/1.3.6.1.4.1.14519.5.2.1.6279.6001.272042302501586336192628818865/surface_grid_float_1.3.6.1.4.1.14519.5.2.1.6279.6001.272042302501586336192628818865.npy,0.33142390677119254,0.351723313331604,0.24729308485984802,0.9843137264251709,4.74737548828125,1.15155827999115,0.09828432649374008,0.12040034681558609,0.17187504470348358,0.8869190216064453,13,5,8,0.0,0.024110144460523158,good_or_low_review,464
ground_truth,1.3.6.1.4.1.14519.5.2.1.6279.6001.336198008634390022174744544656,outputs/luna16_saliency_synthetic_gt/1.3.6.1.4.1.14519.5.2.1.6279.6001.336198008634390022174744544656/surface_1.3.6.1.4.1.14519.5.2.1.6279.6001.336198008634390022174744544656.png,outputs/luna16_saliency_synthetic_gt/1.3.6.1.4.1.14519.5.2.1.6279.6001.336198008634390022174744544656/surface_grid_float_1.3.6.1.4.1.14519.5.2.1.6279.6001.336198008634390022174744544656.npy,0.6260956790123456,0.3335329294204712,0.2191195785999298,0.8941176533699036,9.438247680664062,2.3714356422424316,0.1201176021248102,0.16811067506670982,0.3028773367404938,1.491729497909546,13,5,8,3.0,0.024088687492907056,good_or_low_review,465
ground_truth,1.3.6.1.4.1.14519.5.2.1.6279.6001.334166493392278943610545989413,outputs/luna16_saliency_synthetic_gt/1.3.6.1.4.1.14519.5.2.1.6279.6001.334166493392278943610545989413/surface_1.3.6.1.4.1.14519.5.2.1.6279.6001.334166493392278943610545989413.png,outputs/luna16_saliency_synthetic_gt/1.3.6.1.4.1.14519.5.2.1.6279.6001.334166493392278943610545989413/surface_grid_float_1.3.6.1.4.1.14519.5.2.1.6279.6001.334166493392278943610545989413.npy,0.5224127517659726,0.3121132254600525,0.2308608442544937,0.8705882430076599,9.76251220703125,1.8304613828659058,0.12141004540026187,0.14330068096518514,0.1916457712650299,1.5408138036727905,13,5,8,2.0,0.023993904782169395,good_or_low_review,466
ground_truth,1.3.6.1.4.1.14519.5.2.1.6279.6001.254929810944557499537650429296,outputs/luna16_saliency_synthetic_gt/1.3.6.1.4.1.14519.5.2.1.6279.6001.254929810944557499537650429296/surface_1.3.6.1.4.1.14519.5.2.1.6279.6001.254929810944557499537650429296.png,outputs/luna16_saliency_synthetic_gt/1.3.6.1.4.1.14519.5.2.1.6279.6001.254929810944557499537650429296/surface_grid_float_1.3.6.1.4.1.14519.5.2.1.6279.6001.254929810944557499537650429296.npy,0.5525951991956768,0.36896637082099915,0.21827371418476105,0.8980392217636108,9.186286926269531,1.3971326351165771,0.0963549196720122,0.15825259208679224,0.34815922379493713,1.4683830738067627,13,5,8,3.0,0.023321129470401346,good_or_low_review,467
ground_truth,1.3.6.1.4.1.14519.5.2.1.6279.6001.160216916075817913953530562493,outputs/luna16_saliency_synthetic_gt/1.3.6.1.4.1.14519.5.2.1.6279.6001.160216916075817913953530562493/surface_1.3.6.1.4.1.14519.5.2.1.6279.6001.160216916075817913953530562493.png,outputs/luna16_saliency_synthetic_gt/1.3.6.1.4.1.14519.5.2.1.6279.6001.160216916075817913953530562493/surface_grid_float_1.3.6.1.4.1.14519.5.2.1.6279.6001.160216916075817913953530562493.npy,0.568065415821501,0.31796982884407043,0.2235279232263565,0.9330196118354729,8.895065307617188,1.8765689134597778,0.08956970795989037,0.20755840569734785,0.7486541271209717,0.9601507782936096,18,10,8,7.0,0.023185529413157102,good_or_low_review,468
ground_truth,1.3.6.1.4.1.14519.5.2.1.6279.6001.269075535958871753309238331179,outputs/luna16_saliency_synthetic_gt/1.3.6.1.4.1.14519.5.2.1.6279.6001.269075535958871753309238331179/surface_1.3.6.1.4.1.14519.5.2.1.6279.6001.269075535958871753309238331179.png,outputs/luna16_saliency_synthetic_gt/1.3.6.1.4.1.14519.5.2.1.6279.6001.269075535958871753309238331179/surface_grid_float_1.3.6.1.4.1.14519.5.2.1.6279.6001.269075535958871753309238331179.npy,0.6698643957660014,0.304606169462204,0.2401658594608307,0.9529411792755127,10.037857055664062,1.8444890975952148,0.10608558356761931,0.1321856454014778,0.32890093326568604,1.1107128858566284,23,15,8,10.0,0.023163581978943613,good_or_low_review,469
ground_truth,1.3.6.1.4.1.14519.5.2.1.6279.6001.134638281277099121660656324702,outputs/luna16_saliency_synthetic_gt/1.3.6.1.4.1.14519.5.2.1.6279.6001.134638281277099121660656324702/surface_1.3.6.1.4.1.14519.5.2.1.6279.6001.134638281277099121660656324702.png,outputs/luna16_saliency_synthetic_gt/1.3.6.1.4.1.14519.5.2.1.6279.6001.134638281277099121660656324702/surface_grid_float_1.3.6.1.4.1.14519.5.2.1.6279.6001.134638281277099121660656324702.npy,0.516998106060606,0.34203222393989563,0.23761983215808868,1.0,9.081985473632812,1.8734533786773682,0.11346551626920698,0.17868458330631254,0.4951964020729065,1.119643211364746,13,5,8,4.0,0.022985275980499056,good_or_low_review,470
ground_truth,1.3.6.1.4.1.14519.5.2.1.6279.6001.268589491017129166376960414534,outputs/luna16_saliency_synthetic_gt/1.3.6.1.4.1.14519.5.2.1.6279.6001.268589491017129166376960414534/surface_1.3.6.1.4.1.14519.5.2.1.6279.6001.268589491017129166376960414534.png,outputs/luna16_saliency_synthetic_gt/1.3.6.1.4.1.14519.5.2.1.6279.6001.268589491017129166376960414534/surface_grid_float_1.3.6.1.4.1.14519.5.2.1.6279.6001.268589491017129166376960414534.npy,0.5969696969696969,0.3104427456855774,0.23846346139907837,0.9450980424880981,8.915924072265625,2.2709574699401855,0.12040556445717805,0.15786063104867926,0.43434563279151917,1.5153906345367432,13,5,8,2.0,0.0229632271286514,good_or_low_review,471
ground_truth,1.3.6.1.4.1.14519.5.2.1.6279.6001.230491296081537726468075344411,outputs/luna16_saliency_synthetic_gt/1.3.6.1.4.1.14519.5.2.1.6279.6001.230491296081537726468075344411/surface_1.3.6.1.4.1.14519.5.2.1.6279.6001.230491296081537726468075344411.png,outputs/luna16_saliency_synthetic_gt/1.3.6.1.4.1.14519.5.2.1.6279.6001.230491296081537726468075344411/surface_grid_float_1.3.6.1.4.1.14519.5.2.1.6279.6001.230491296081537726468075344411.npy,0.4744433366566966,0.3534008264541626,0.23141217231750488,1.0,8.903945922851562,2.135641574859619,0.1063282772898674,0.17472006142139418,0.6192222237586975,1.1163369417190552,18,10,8,6.0,0.02256226047343677,good_or_low_review,472
ground_truth,1.3.6.1.4.1.14519.5.2.1.6279.6001.272259794130271010519952623746,outputs/luna16_saliency_synthetic_gt/1.3.6.1.4.1.14519.5.2.1.6279.6001.272259794130271010519952623746/surface_1.3.6.1.4.1.14519.5.2.1.6279.6001.272259794130271010519952623746.png,outputs/luna16_saliency_synthetic_gt/1.3.6.1.4.1.14519.5.2.1.6279.6001.272259794130271010519952623746/surface_grid_float_1.3.6.1.4.1.14519.5.2.1.6279.6001.272259794130271010519952623746.npy,0.5101883561643835,0.311269611120224,0.21053525805473328,0.8196078538894653,9.28594970703125,2.0480644702911377,0.09481122754514218,0.1754792900383473,0.5066930651664734,0.7552981972694397,13,5,8,3.0,0.022419401984579035,good_or_low_review,473
ground_truth,1.3.6.1.4.1.14519.5.2.1.6279.6001.126121460017257137098781143514,outputs/luna16_saliency_synthetic_gt/1.3.6.1.4.1.14519.5.2.1.6279.6001.126121460017257137098781143514/surface_1.3.6.1.4.1.14519.5.2.1.6279.6001.126121460017257137098781143514.png,outputs/luna16_saliency_synthetic_gt/1.3.6.1.4.1.14519.5.2.1.6279.6001.126121460017257137098781143514/surface_grid_float_1.3.6.1.4.1.14519.5.2.1.6279.6001.126121460017257137098781143514.npy,0.5506827634436307,0.31557875871658325,0.23147182166576385,0.8980392217636108,8.47247314453125,1.6290301084518433,0.11719887740910052,0.18534897446632312,0.3738757073879242,1.0234601497650146,13,5,8,4.0,0.02195561369657514,good_or_low_review,474
ground_truth,1.3.6.1.4.1.14519.5.2.1.6279.6001.109882169963817627559804568094,outputs/luna16_saliency_synthetic_gt/1.3.6.1.4.1.14519.5.2.1.6279.6001.109882169963817627559804568094/surface_1.3.6.1.4.1.14519.5.2.1.6279.6001.109882169963817627559804568094.png,outputs/luna16_saliency_synthetic_gt/1.3.6.1.4.1.14519.5.2.1.6279.6001.109882169963817627559804568094/surface_grid_float_1.3.6.1.4.1.14519.5.2.1.6279.6001.109882169963817627559804568094.npy,0.593430180644275,0.3251861035823822,0.2305518239736557,0.9725490212440491,8.41802978515625,1.8923046588897705,0.11247648671269417,0.19132879823446283,0.30766361951828003,0.8369961977005005,18,10,8,5.0,0.021629905139406522,good_or_low_review,475
ground_truth,1.3.6.1.4.1.14519.5.2.1.6279.6001.143782059748737055784173697516,outputs/luna16_saliency_synthetic_gt/1.3.6.1.4.1.14519.5.2.1.6279.6001.143782059748737055784173697516/surface_1.3.6.1.4.1.14519.5.2.1.6279.6001.143782059748737055784173697516.png,outputs/luna16_saliency_synthetic_gt/1.3.6.1.4.1.14519.5.2.1.6279.6001.143782059748737055784173697516/surface_grid_float_1.3.6.1.4.1.14519.5.2.1.6279.6001.143782059748737055784173697516.npy,0.3410964912280702,0.3728525638580322,0.22274692356586456,0.9882352948188782,5.9557342529296875,1.554930567741394,0.11408618278801441,0.1385144169628619,0.19879837334156036,1.0444682836532593,13,5,8,0.0,0.021490416192354846,good_or_low_review,476
ground_truth,1.3.6.1.4.1.14519.5.2.1.6279.6001.957384617596077920906744920611,outputs/luna16_saliency_synthetic_gt/1.3.6.1.4.1.14519.5.2.1.6279.6001.957384617596077920906744920611/surface_1.3.6.1.4.1.14519.5.2.1.6279.6001.957384617596077920906744920611.png,outputs/luna16_saliency_synthetic_gt/1.3.6.1.4.1.14519.5.2.1.6279.6001.957384617596077920906744920611/surface_grid_float_1.3.6.1.4.1.14519.5.2.1.6279.6001.957384617596077920906744920611.npy,0.55745754536122,0.32862305641174316,0.23091059923171997,0.9176470637321472,9.088905334472656,2.3426597118377686,0.0753934346139431,0.08337054774165154,0.11049652844667435,1.6148762702941895,18,10,8,9.0,0.021237905923691063,good_or_low_review,477
ground_truth,1.3.6.1.4.1.14519.5.2.1.6279.6001.161633200801003804714818844696,outputs/luna16_saliency_synthetic_gt/1.3.6.1.4.1.14519.5.2.1.6279.6001.161633200801003804714818844696/surface_1.3.6.1.4.1.14519.5.2.1.6279.6001.161633200801003804714818844696.png,outputs/luna16_saliency_synthetic_gt/1.3.6.1.4.1.14519.5.2.1.6279.6001.161633200801003804714818844696/surface_grid_float_1.3.6.1.4.1.14519.5.2.1.6279.6001.161633200801003804714818844696.npy,0.6002906976744186,0.34245064854621887,0.23602955043315887,1.0,8.6917724609375,1.6086150407791138,0.10161169581115245,0.1268983456492424,0.26102960109710693,1.2923924922943115,13,5,8,2.0,0.021165221120582684,good_or_low_review,478
ground_truth,1.3.6.1.4.1.14519.5.2.1.6279.6001.111017101339429664883879536171,outputs/luna16_saliency_synthetic_gt/1.3.6.1.4.1.14519.5.2.1.6279.6001.111017101339429664883879536171/surface_1.3.6.1.4.1.14519.5.2.1.6279.6001.111017101339429664883879536171.png,outputs/luna16_saliency_synthetic_gt/1.3.6.1.4.1.14519.5.2.1.6279.6001.111017101339429664883879536171/surface_grid_float_1.3.6.1.4.1.14519.5.2.1.6279.6001.111017101339429664883879536171.npy,0.48592202970297027,0.43459856510162354,0.21470212936401367,0.9529411792755127,8.4906005859375,1.9248849153518677,0.11874673143029213,0.1351340351998806,0.1828034669160843,1.0610496997833252,18,10,8,8.0,0.02056291025429964,good_or_low_review,479
ground_truth,1.3.6.1.4.1.14519.5.2.1.6279.6001.300392272203629213913702120739,outputs/luna16_saliency_synthetic_gt/1.3.6.1.4.1.14519.5.2.1.6279.6001.300392272203629213913702120739/surface_1.3.6.1.4.1.14519.5.2.1.6279.6001.300392272203629213913702120739.png,outputs/luna16_saliency_synthetic_gt/1.3.6.1.4.1.14519.5.2.1.6279.6001.300392272203629213913702120739/surface_grid_float_1.3.6.1.4.1.14519.5.2.1.6279.6001.300392272203629213913702120739.npy,0.5287202860519006,0.3337372839450836,0.25842729210853577,1.0,8.21441650390625,1.7770675420761108,0.1205979607999324,0.14507368147373198,0.3143705725669861,1.1339311599731445,13,5,8,2.0,0.020562751639551586,good_or_low_review,480
ground_truth,1.3.6.1.4.1.14519.5.2.1.6279.6001.325580698241281352835338693869,outputs/luna16_saliency_synthetic_gt/1.3.6.1.4.1.14519.5.2.1.6279.6001.325580698241281352835338693869/surface_1.3.6.1.4.1.14519.5.2.1.6279.6001.325580698241281352835338693869.png,outputs/luna16_saliency_synthetic_gt/1.3.6.1.4.1.14519.5.2.1.6279.6001.325580698241281352835338693869/surface_grid_float_1.3.6.1.4.1.14519.5.2.1.6279.6001.325580698241281352835338693869.npy,0.48938497400035863,0.36179614067077637,0.23545128107070923,1.0,8.426895141601562,1.9697052240371704,0.09607952833175658,0.14085614979267094,0.3375992476940155,0.9212900996208191,18,10,8,7.0,0.02031782106227344,good_or_low_review,481
ground_truth,1.3.6.1.4.1.14519.5.2.1.6279.6001.199261544234308780356714831537,outputs/luna16_saliency_synthetic_gt/1.3.6.1.4.1.14519.5.2.1.6279.6001.199261544234308780356714831537/surface_1.3.6.1.4.1.14519.5.2.1.6279.6001.199261544234308780356714831537.png,outputs/luna16_saliency_synthetic_gt/1.3.6.1.4.1.14519.5.2.1.6279.6001.199261544234308780356714831537/surface_grid_float_1.3.6.1.4.1.14519.5.2.1.6279.6001.199261544234308780356714831537.npy,0.42114259508887003,0.2928597331047058,0.2466457337141037,0.9882352948188782,7.444366455078125,2.0632476806640625,0.13830274194478975,0.16678065240383144,0.23210863769054413,1.2752281427383423,13,5,8,0.0,0.020244537314441466,good_or_low_review,482
ground_truth,1.3.6.1.4.1.14519.5.2.1.6279.6001.281967919138248195763602360723,outputs/luna16_saliency_synthetic_gt/1.3.6.1.4.1.14519.5.2.1.6279.6001.281967919138248195763602360723/surface_1.3.6.1.4.1.14519.5.2.1.6279.6001.281967919138248195763602360723.png,outputs/luna16_saliency_synthetic_gt/1.3.6.1.4.1.14519.5.2.1.6279.6001.281967919138248195763602360723/surface_grid_float_1.3.6.1.4.1.14519.5.2.1.6279.6001.281967919138248195763602360723.npy,0.6571546732837056,0.3400782644748688,0.2408307045698166,0.9490196108818054,6.409736633300781,1.395277500152588,0.10735938586294648,0.22049582466483045,0.6696400046348572,1.109183430671692,13,5,8,3.0,0.019762621196938862,good_or_low_review,483
ground_truth,1.3.6.1.4.1.14519.5.2.1.6279.6001.669518152156802508672627785405,outputs/luna16_saliency_synthetic_gt/1.3.6.1.4.1.14519.5.2.1.6279.6001.669518152156802508672627785405/surface_1.3.6.1.4.1.14519.5.2.1.6279.6001.669518152156802508672627785405.png,outputs/luna16_saliency_synthetic_gt/1.3.6.1.4.1.14519.5.2.1.6279.6001.669518152156802508672627785405/surface_grid_float_1.3.6.1.4.1.14519.5.2.1.6279.6001.669518152156802508672627785405.npy,0.5051226453448977,0.33543580770492554,0.22372804582118988,0.886274516582489,7.7014312744140625,1.7937382459640503,0.11529327519237996,0.1496890281140805,0.5090644955635071,1.025113821029663,13,5,8,2.0,0.019604420347511767,good_or_low_review,484
ground_truth,1.3.6.1.4.1.14519.5.2.1.6279.6001.300693623747082239407271583452,outputs/luna16_saliency_synthetic_gt/1.3.6.1.4.1.14519.5.2.1.6279.6001.300693623747082239407271583452/surface_1.3.6.1.4.1.14519.5.2.1.6279.6001.300693623747082239407271583452.png,outputs/luna16_saliency_synthetic_gt/1.3.6.1.4.1.14519.5.2.1.6279.6001.300693623747082239407271583452/surface_grid_float_1.3.6.1.4.1.14519.5.2.1.6279.6001.300693623747082239407271583452.npy,0.5128458498023716,0.3407350778579712,0.24954263865947723,1.0,6.7366790771484375,1.9204496145248413,0.14454094320535654,0.17641820266842842,0.23913925886154175,1.2468531131744385,13,5,8,0.0,0.019291129237910112,good_or_low_review,485
ground_truth,1.3.6.1.4.1.14519.5.2.1.6279.6001.209269973797560820442292189762,outputs/luna16_saliency_synthetic_gt/1.3.6.1.4.1.14519.5.2.1.6279.6001.209269973797560820442292189762/surface_1.3.6.1.4.1.14519.5.2.1.6279.6001.209269973797560820442292189762.png,outputs/luna16_saliency_synthetic_gt/1.3.6.1.4.1.14519.5.2.1.6279.6001.209269973797560820442292189762/surface_grid_float_1.3.6.1.4.1.14519.5.2.1.6279.6001.209269973797560820442292189762.npy,0.5989668451206913,0.39845556020736694,0.22550655901432037,1.0,7.4703369140625,1.2101764678955078,0.09014633372426027,0.14433154761791223,0.3501910865306854,1.105255126953125,13,5,8,2.0,0.019236630456315143,good_or_low_review,486
ground_truth,1.3.6.1.4.1.14519.5.2.1.6279.6001.130438550890816550994739120843,outputs/luna16_saliency_synthetic_gt/1.3.6.1.4.1.14519.5.2.1.6279.6001.130438550890816550994739120843/surface_1.3.6.1.4.1.14519.5.2.1.6279.6001.130438550890816550994739120843.png,outputs/luna16_saliency_synthetic_gt/1.3.6.1.4.1.14519.5.2.1.6279.6001.130438550890816550994739120843/surface_grid_float_1.3.6.1.4.1.14519.5.2.1.6279.6001.130438550890816550994739120843.npy,0.39271006208125886,0.36967337131500244,0.22590337693691254,0.9372549057006836,6.623199462890625,1.8345916271209717,0.15026379525661465,0.1806198710203171,0.24948331713676453,1.11732816696167,13,5,8,0.0,0.01894021338423093,good_or_low_review,487
ground_truth,1.3.6.1.4.1.14519.5.2.1.6279.6001.129007566048223160327836686225,outputs/luna16_saliency_synthetic_gt/1.3.6.1.4.1.14519.5.2.1.6279.6001.129007566048223160327836686225/surface_1.3.6.1.4.1.14519.5.2.1.6279.6001.129007566048223160327836686225.png,outputs/luna16_saliency_synthetic_gt/1.3.6.1.4.1.14519.5.2.1.6279.6001.129007566048223160327836686225/surface_grid_float_1.3.6.1.4.1.14519.5.2.1.6279.6001.129007566048223160327836686225.npy,0.6286545308660548,0.3456427752971649,0.23566682636737823,0.9490196108818054,7.724334716796875,1.9051378965377808,0.08674942851066587,0.09773927420377732,0.1305268108844757,1.3166123628616333,18,10,8,7.0,0.018731874671578407,good_or_low_review,488
ground_truth,1.3.6.1.4.1.14519.5.2.1.6279.6001.265960756233787099041040311282,outputs/luna16_saliency_synthetic_gt/1.3.6.1.4.1.14519.5.2.1.6279.6001.265960756233787099041040311282/surface_1.3.6.1.4.1.14519.5.2.1.6279.6001.265960756233787099041040311282.png,outputs/luna16_saliency_synthetic_gt/1.3.6.1.4.1.14519.5.2.1.6279.6001.265960756233787099041040311282/surface_grid_float_1.3.6.1.4.1.14519.5.2.1.6279.6001.265960756233787099041040311282.npy,0.4439235297181851,0.29568684101104736,0.23829784989356995,0.929411768913269,7.0783233642578125,1.8541841506958008,0.1242682047188281,0.1470331683754921,0.20747029781341553,1.066240906715393,13,5,8,0.0,0.018577624895506434,good_or_low_review,489
ground_truth,1.3.6.1.4.1.14519.5.2.1.6279.6001.202476538079060560282495099956,outputs/luna16_saliency_synthetic_gt/1.3.6.1.4.1.14519.5.2.1.6279.6001.202476538079060560282495099956/surface_1.3.6.1.4.1.14519.5.2.1.6279.6001.202476538079060560282495099956.png,outputs/luna16_saliency_synthetic_gt/1.3.6.1.4.1.14519.5.2.1.6279.6001.202476538079060560282495099956/surface_grid_float_1.3.6.1.4.1.14519.5.2.1.6279.6001.202476538079060560282495099956.npy,0.5756908967809442,0.3083915114402771,0.23044009506702423,0.886274516582489,7.6865386962890625,2.0024561882019043,0.08539071790873991,0.10748141713440418,0.14785735309123993,1.1037565469741821,18,10,8,7.0,0.01848813266778986,good_or_low_review,490
ground_truth,1.3.6.1.4.1.14519.5.2.1.6279.6001.268030488196493755113553009785,outputs/luna16_saliency_synthetic_gt/1.3.6.1.4.1.14519.5.2.1.6279.6001.268030488196493755113553009785/surface_1.3.6.1.4.1.14519.5.2.1.6279.6001.268030488196493755113553009785.png,outputs/luna16_saliency_synthetic_gt/1.3.6.1.4.1.14519.5.2.1.6279.6001.268030488196493755113553009785/surface_grid_float_1.3.6.1.4.1.14519.5.2.1.6279.6001.268030488196493755113553009785.npy,0.3584648595088117,0.3601142168045044,0.2457563579082489,0.9490196108818054,6.7587890625,1.8090896606445312,0.12789219245314598,0.15267062038183213,0.20743006467819214,1.1540155410766602,13,5,8,0.0,0.01840924602912532,good_or_low_review,491
ground_truth,1.3.6.1.4.1.14519.5.2.1.6279.6001.341557859428950960906150406596,outputs/luna16_saliency_synthetic_gt/1.3.6.1.4.1.14519.5.2.1.6279.6001.341557859428950960906150406596/surface_1.3.6.1.4.1.14519.5.2.1.6279.6001.341557859428950960906150406596.png,outputs/luna16_saliency_synthetic_gt/1.3.6.1.4.1.14519.5.2.1.6279.6001.341557859428950960906150406596/surface_grid_float_1.3.6.1.4.1.14519.5.2.1.6279.6001.341557859428950960906150406596.npy,0.4859980348119034,0.41647759079933167,0.23995287716388702,1.0,6.9055328369140625,1.558150053024292,0.11929751858115191,0.1428911960124968,0.256069540977478,1.1351341009140015,13,5,8,1.0,0.01831847749948501,good_or_low_review,492
ground_truth,1.3.6.1.4.1.14519.5.2.1.6279.6001.301582691063019848479942618641,outputs/luna16_saliency_synthetic_gt/1.3.6.1.4.1.14519.5.2.1.6279.6001.301582691063019848479942618641/surface_1.3.6.1.4.1.14519.5.2.1.6279.6001.301582691063019848479942618641.png,outputs/luna16_saliency_synthetic_gt/1.3.6.1.4.1.14519.5.2.1.6279.6001.301582691063019848479942618641/surface_grid_float_1.3.6.1.4.1.14519.5.2.1.6279.6001.301582691063019848479942618641.npy,0.5664423885618166,0.2820226550102234,0.22798050940036774,0.8549019694328308,6.9712371826171875,1.8650561571121216,0.11604184359312056,0.1375747099518776,0.19547191262245178,1.1412498950958252,13,5,8,0.0,0.018282080814242364,good_or_low_review,493
ground_truth,1.3.6.1.4.1.14519.5.2.1.6279.6001.208511362832825683639135205368,outputs/luna16_saliency_synthetic_gt/1.3.6.1.4.1.14519.5.2.1.6279.6001.208511362832825683639135205368/surface_1.3.6.1.4.1.14519.5.2.1.6279.6001.208511362832825683639135205368.png,outputs/luna16_saliency_synthetic_gt/1.3.6.1.4.1.14519.5.2.1.6279.6001.208511362832825683639135205368/surface_grid_float_1.3.6.1.4.1.14519.5.2.1.6279.6001.208511362832825683639135205368.npy,0.48324697291057,0.3028992712497711,0.24040502309799194,0.8823529481887817,7.53955078125,1.6587389707565308,0.10033361241221424,0.1280391392111778,0.15972192585468292,0.8369702696800232,18,10,8,7.0,0.01826702607770761,good_or_low_review,494
ground_truth,1.3.6.1.4.1.14519.5.2.1.6279.6001.244681063194071446501270815660,outputs/luna16_saliency_synthetic_gt/1.3.6.1.4.1.14519.5.2.1.6279.6001.244681063194071446501270815660/surface_1.3.6.1.4.1.14519.5.2.1.6279.6001.244681063194071446501270815660.png,outputs/luna16_saliency_synthetic_gt/1.3.6.1.4.1.14519.5.2.1.6279.6001.244681063194071446501270815660/surface_grid_float_1.3.6.1.4.1.14519.5.2.1.6279.6001.244681063194071446501270815660.npy,0.34611288604898827,0.36503440141677856,0.22211743891239166,0.874549027085298,5.7211456298828125,1.5604838132858276,0.1119265485554933,0.13607593074440955,0.18868671357631683,1.033826231956482,13,5,8,0.0,0.01813612023738029,good_or_low_review,495
ground_truth,1.3.6.1.4.1.14519.5.2.1.6279.6001.290410217650314119074833254861,outputs/luna16_saliency_synthetic_gt/1.3.6.1.4.1.14519.5.2.1.6279.6001.290410217650314119074833254861/surface_1.3.6.1.4.1.14519.5.2.1.6279.6001.290410217650314119074833254861.png,outputs/luna16_saliency_synthetic_gt/1.3.6.1.4.1.14519.5.2.1.6279.6001.290410217650314119074833254861/surface_grid_float_1.3.6.1.4.1.14519.5.2.1.6279.6001.290410217650314119074833254861.npy,0.5638671875,0.31898757815361023,0.22487984597682953,0.9450980424880981,7.3853912353515625,1.4335319995880127,0.07785918340086938,0.14116498127579669,0.5834546685218811,0.6722001433372498,13,5,8,2.0,0.018037712926831505,good_or_low_review,496
ground_truth,1.3.6.1.4.1.14519.5.2.1.6279.6001.771741891125176943862272696845,outputs/luna16_saliency_synthetic_gt/1.3.6.1.4.1.14519.5.2.1.6279.6001.771741891125176943862272696845/surface_1.3.6.1.4.1.14519.5.2.1.6279.6001.771741891125176943862272696845.png,outputs/luna16_saliency_synthetic_gt/1.3.6.1.4.1.14519.5.2.1.6279.6001.771741891125176943862272696845/surface_grid_float_1.3.6.1.4.1.14519.5.2.1.6279.6001.771741891125176943862272696845.npy,0.5028315946348734,0.31553131341934204,0.23415543138980865,0.9254902005195618,6.506072998046875,1.8018041849136353,0.12471784465014933,0.15142167195677758,0.20202039182186127,1.1603754758834839,13,5,8,0.0,0.017964717324078082,good_or_low_review,497
ground_truth,1.3.6.1.4.1.14519.5.2.1.6279.6001.131150737314367975651717513386,outputs/luna16_saliency_synthetic_gt/1.3.6.1.4.1.14519.5.2.1.6279.6001.131150737314367975651717513386/surface_1.3.6.1.4.1.14519.5.2.1.6279.6001.131150737314367975651717513386.png,outputs/luna16_saliency_synthetic_gt/1.3.6.1.4.1.14519.5.2.1.6279.6001.131150737314367975651717513386/surface_grid_float_1.3.6.1.4.1.14519.5.2.1.6279.6001.131150737314367975651717513386.npy,0.4623779673209331,0.3452005386352539,0.23166850209236145,0.8470588326454163,6.1391754150390625,1.6276285648345947,0.1430053114891052,0.17373515754938126,0.24307188391685486,1.118514060974121,13,5,8,0.0,0.017929600553711258,good_or_low_review,498
ground_truth,1.3.6.1.4.1.14519.5.2.1.6279.6001.249032660919473722154870746474,outputs/luna16_saliency_synthetic_gt/1.3.6.1.4.1.14519.5.2.1.6279.6001.249032660919473722154870746474/surface_1.3.6.1.4.1.14519.5.2.1.6279.6001.249032660919473722154870746474.png,outputs/luna16_saliency_synthetic_gt/1.3.6.1.4.1.14519.5.2.1.6279.6001.249032660919473722154870746474/surface_grid_float_1.3.6.1.4.1.14519.5.2.1.6279.6001.249032660919473722154870746474.npy,0.5784390159390159,0.30850112438201904,0.22912229597568512,0.9215686321258545,6.7687835693359375,1.6426602602005005,0.11454843059182149,0.1361473354697227,0.18674924969673157,1.1119580268859863,13,5,8,0.0,0.017836743850509325,good_or_low_review,499
ground_truth,1.3.6.1.4.1.14519.5.2.1.6279.6001.733642690503782454656013446707,outputs/luna16_saliency_synthetic_gt/1.3.6.1.4.1.14519.5.2.1.6279.6001.733642690503782454656013446707/surface_1.3.6.1.4.1.14519.5.2.1.6279.6001.733642690503782454656013446707.png,outputs/luna16_saliency_synthetic_gt/1.3.6.1.4.1.14519.5.2.1.6279.6001.733642690503782454656013446707/surface_grid_float_1.3.6.1.4.1.14519.5.2.1.6279.6001.733642690503782454656013446707.npy,0.44584047211117456,0.3700726330280304,0.2264881581068039,0.9372549057006836,6.3596954345703125,1.789565920829773,0.12453351020812986,0.1531160381436348,0.1993827372789383,1.178848385810852,13,5,8,0.0,0.017812636614839235,good_or_low_review,500
ground_truth,1.3.6.1.4.1.14519.5.2.1.6279.6001.129055977637338639741695800950,outputs/luna16_saliency_synthetic_gt/1.3.6.1.4.1.14519.5.2.1.6279.6001.129055977637338639741695800950/surface_1.3.6.1.4.1.14519.5.2.1.6279.6001.129055977637338639741695800950.png,outputs/luna16_saliency_synthetic_gt/1.3.6.1.4.1.14519.5.2.1.6279.6001.129055977637338639741695800950/surface_grid_float_1.3.6.1.4.1.14519.5.2.1.6279.6001.129055977637338639741695800950.npy,0.5053528389664257,0.29620087146759033,0.23451469838619232,0.9269411808252437,6.752716064453125,1.7999532222747803,0.11380264796316616,0.135330599695444,0.18724684417247772,1.1226942539215088,13,5,8,0.0,0.01780932088477744,good_or_low_review,501
ground_truth,1.3.6.1.4.1.14519.5.2.1.6279.6001.743969234977916254223533321294,outputs/luna16_saliency_synthetic_gt/1.3.6.1.4.1.14519.5.2.1.6279.6001.743969234977916254223533321294/surface_1.3.6.1.4.1.14519.5.2.1.6279.6001.743969234977916254223533321294.png,outputs/luna16_saliency_synthetic_gt/1.3.6.1.4.1.14519.5.2.1.6279.6001.743969234977916254223533321294/surface_grid_float_1.3.6.1.4.1.14519.5.2.1.6279.6001.743969234977916254223533321294.npy,0.6277901785714286,0.36632007360458374,0.2211892157793045,0.8901960849761963,6.6919403076171875,1.281264305114746,0.08965846858918644,0.1795526401698591,0.3550584018230438,0.5336960554122925,13,5,8,3.0,0.01772580428537396,good_or_low_review,502
ground_truth,1.3.6.1.4.1.14519.5.2.1.6279.6001.121108220866971173712229588402,outputs/luna16_saliency_synthetic_gt/1.3.6.1.4.1.14519.5.2.1.6279.6001.121108220866971173712229588402/surface_1.3.6.1.4.1.14519.5.2.1.6279.6001.121108220866971173712229588402.png,outputs/luna16_saliency_synthetic_gt/1.3.6.1.4.1.14519.5.2.1.6279.6001.121108220866971173712229588402/surface_grid_float_1.3.6.1.4.1.14519.5.2.1.6279.6001.121108220866971173712229588402.npy,0.5924362710615348,0.35184207558631897,0.22480592131614685,1.0,6.594482421875,1.808071494102478,0.12270366214215755,0.14437418952584263,0.20218905806541443,1.0702019929885864,13,5,8,0.0,0.01770025637331936,good_or_low_review,503
ground_truth,1.3.6.1.4.1.14519.5.2.1.6279.6001.227968442353440630355230778531,outputs/luna16_saliency_synthetic_gt/1.3.6.1.4.1.14519.5.2.1.6279.6001.227968442353440630355230778531/surface_1.3.6.1.4.1.14519.5.2.1.6279.6001.227968442353440630355230778531.png,outputs/luna16_saliency_synthetic_gt/1.3.6.1.4.1.14519.5.2.1.6279.6001.227968442353440630355230778531/surface_grid_float_1.3.6.1.4.1.14519.5.2.1.6279.6001.227968442353440630355230778531.npy,0.3784502587694077,0.3628084361553192,0.25908374786376953,1.0,6.20880126953125,1.7331169843673706,0.1287047624588012,0.15752057790756224,0.21014340221881866,1.1628063917160034,13,5,8,0.0,0.017657633656925624,good_or_low_review,504
ground_truth,1.3.6.1.4.1.14519.5.2.1.6279.6001.316911475886263032009840828684,outputs/luna16_saliency_synthetic_gt/1.3.6.1.4.1.14519.5.2.1.6279.6001.316911475886263032009840828684/surface_1.3.6.1.4.1.14519.5.2.1.6279.6001.316911475886263032009840828684.png,outputs/luna16_saliency_synthetic_gt/1.3.6.1.4.1.14519.5.2.1.6279.6001.316911475886263032009840828684/surface_grid_float_1.3.6.1.4.1.14519.5.2.1.6279.6001.316911475886263032009840828684.npy,0.42650917131629296,0.3004817068576813,0.23288212716579437,0.9254902005195618,6.744659423828125,1.869342565536499,0.10932541340589522,0.12973081469535824,0.18471673130989075,1.1105782985687256,13,5,8,0.0,0.017600975255171455,good_or_low_review,505
ground_truth,1.3.6.1.4.1.14519.5.2.1.6279.6001.244447966386688625240438849169,outputs/luna16_saliency_synthetic_gt/1.3.6.1.4.1.14519.5.2.1.6279.6001.244447966386688625240438849169/surface_1.3.6.1.4.1.14519.5.2.1.6279.6001.244447966386688625240438849169.png,outputs/luna16_saliency_synthetic_gt/1.3.6.1.4.1.14519.5.2.1.6279.6001.244447966386688625240438849169/surface_grid_float_1.3.6.1.4.1.14519.5.2.1.6279.6001.244447966386688625240438849169.npy,0.3870562313803376,0.38100704550743103,0.24028880894184113,0.9803921580314636,6.5133514404296875,1.7482610940933228,0.1161808650940656,0.13897560641169548,0.18941432237625122,1.112123966217041,13,5,8,0.0,0.01749624051799377,good_or_low_review,506
ground_truth,1.3.6.1.4.1.14519.5.2.1.6279.6001.126264578931778258890371755354,outputs/luna16_saliency_synthetic_gt/1.3.6.1.4.1.14519.5.2.1.6279.6001.126264578931778258890371755354/surface_1.3.6.1.4.1.14519.5.2.1.6279.6001.126264578931778258890371755354.png,outputs/luna16_saliency_synthetic_gt/1.3.6.1.4.1.14519.5.2.1.6279.6001.126264578931778258890371755354/surface_grid_float_1.3.6.1.4.1.14519.5.2.1.6279.6001.126264578931778258890371755354.npy,0.4133603410909812,0.3115890920162201,0.2270781695842743,0.8666666746139526,6.2891998291015625,1.7137800455093384,0.12257231324911111,0.14836966753005973,0.20938284695148468,1.0916386842727661,13,5,8,0.0,0.01735895348389943,good_or_low_review,507
ground_truth,1.3.6.1.4.1.14519.5.2.1.6279.6001.905371958588660410240398317235,outputs/luna16_saliency_synthetic_gt/1.3.6.1.4.1.14519.5.2.1.6279.6001.905371958588660410240398317235/surface_1.3.6.1.4.1.14519.5.2.1.6279.6001.905371958588660410240398317235.png,outputs/luna16_saliency_synthetic_gt/1.3.6.1.4.1.14519.5.2.1.6279.6001.905371958588660410240398317235/surface_grid_float_1.3.6.1.4.1.14519.5.2.1.6279.6001.905371958588660410240398317235.npy,0.5178309401530238,0.3275875747203827,0.23594066500663757,0.929411768913269,6.50189208984375,1.8244966268539429,0.11109899356961249,0.13371447980403894,0.18397028744220734,1.123456597328186,13,5,8,0.0,0.017344491426812277,good_or_low_review,508
ground_truth,1.3.6.1.4.1.14519.5.2.1.6279.6001.207341668080525761926965850679,outputs/luna16_saliency_synthetic_gt/1.3.6.1.4.1.14519.5.2.1.6279.6001.207341668080525761926965850679/surface_1.3.6.1.4.1.14519.5.2.1.6279.6001.207341668080525761926965850679.png,outputs/luna16_saliency_synthetic_gt/1.3.6.1.4.1.14519.5.2.1.6279.6001.207341668080525761926965850679/surface_grid_float_1.3.6.1.4.1.14519.5.2.1.6279.6001.207341668080525761926965850679.npy,0.6082891971416562,0.31713151931762695,0.24388286471366882,0.9960784316062927,6.2142333984375,1.7336134910583496,0.12132319733500468,0.14785957485437393,0.19628292322158813,1.1155418157577515,13,5,8,0.0,0.01727182472248872,good_or_low_review,509
ground_truth,1.3.6.1.4.1.14519.5.2.1.6279.6001.295462530340364058116953738925,outputs/luna16_saliency_synthetic_gt/1.3.6.1.4.1.14519.5.2.1.6279.6001.295462530340364058116953738925/surface_1.3.6.1.4.1.14519.5.2.1.6279.6001.295462530340364058116953738925.png,outputs/luna16_saliency_synthetic_gt/1.3.6.1.4.1.14519.5.2.1.6279.6001.295462530340364058116953738925/surface_grid_float_1.3.6.1.4.1.14519.5.2.1.6279.6001.295462530340364058116953738925.npy,0.4997358302268925,0.3522346317768097,0.2317441999912262,0.9764705896377563,6.9652252197265625,1.6167088747024536,0.09477186873555182,0.12762010097503668,0.36699894070625305,0.7863959670066833,18,10,8,4.0,0.017184858322143556,good_or_low_review,510
ground_truth,1.3.6.1.4.1.14519.5.2.1.6279.6001.892375496445736188832556446335,outputs/luna16_saliency_synthetic_gt/1.3.6.1.4.1.14519.5.2.1.6279.6001.892375496445736188832556446335/surface_1.3.6.1.4.1.14519.5.2.1.6279.6001.892375496445736188832556446335.png,outputs/luna16_saliency_synthetic_gt/1.3.6.1.4.1.14519.5.2.1.6279.6001.892375496445736188832556446335/surface_grid_float_1.3.6.1.4.1.14519.5.2.1.6279.6001.892375496445736188832556446335.npy,0.4465986394557823,0.33705538511276245,0.24956132471561432,1.0,6.1685028076171875,1.7619246244430542,0.12103865183889859,0.14720452606678008,0.2006075233221054,1.101353406906128,13,5,8,0.0,0.017144425810045667,good_or_low_review,511
ground_truth,1.3.6.1.4.1.14519.5.2.1.6279.6001.143622857676008763729469324839,outputs/luna16_saliency_synthetic_gt/1.3.6.1.4.1.14519.5.2.1.6279.6001.143622857676008763729469324839/surface_1.3.6.1.4.1.14519.5.2.1.6279.6001.143622857676008763729469324839.png,outputs/luna16_saliency_synthetic_gt/1.3.6.1.4.1.14519.5.2.1.6279.6001.143622857676008763729469324839/surface_grid_float_1.3.6.1.4.1.14519.5.2.1.6279.6001.143622857676008763729469324839.npy,0.40974458842034306,0.3226224184036255,0.23249930143356323,0.9403137290477707,6.317840576171875,1.7723971605300903,0.11318747885525227,0.13744069114327426,0.19125324487686157,1.1166940927505493,13,5,8,0.0,0.017134497456252572,good_or_low_review,512
ground_truth,1.3.6.1.4.1.14519.5.2.1.6279.6001.801945620899034889998809817499,outputs/luna16_saliency_synthetic_gt/1.3.6.1.4.1.14519.5.2.1.6279.6001.801945620899034889998809817499/surface_1.3.6.1.4.1.14519.5.2.1.6279.6001.801945620899034889998809817499.png,outputs/luna16_saliency_synthetic_gt/1.3.6.1.4.1.14519.5.2.1.6279.6001.801945620899034889998809817499/surface_grid_float_1.3.6.1.4.1.14519.5.2.1.6279.6001.801945620899034889998809817499.npy,0.4746056175452097,0.32072582840919495,0.24322713911533356,1.0,6.340179443359375,1.7464874982833862,0.11242847628891467,0.13567315191030493,0.1866922676563263,1.1120235919952393,13,5,8,0.0,0.017108323834008635,good_or_low_review,513
ground_truth,1.3.6.1.4.1.14519.5.2.1.6279.6001.657775098760536289051744981056,outputs/luna16_saliency_synthetic_gt/1.3.6.1.4.1.14519.5.2.1.6279.6001.657775098760536289051744981056/surface_1.3.6.1.4.1.14519.5.2.1.6279.6001.657775098760536289051744981056.png,outputs/luna16_saliency_synthetic_gt/1.3.6.1.4.1.14519.5.2.1.6279.6001.657775098760536289051744981056/surface_grid_float_1.3.6.1.4.1.14519.5.2.1.6279.6001.657775098760536289051744981056.npy,0.44344631211536695,0.3562702536582947,0.22809843719005585,0.8666666746139526,6.0860443115234375,1.4860270023345947,0.1253070309758186,0.1502346941828727,0.20377549529075623,1.0916171073913574,13,5,8,0.0,0.017076263805561594,good_or_low_review,514
ground_truth,1.3.6.1.4.1.14519.5.2.1.6279.6001.465032801496479029639448332481,outputs/luna16_saliency_synthetic_gt/1.3.6.1.4.1.14519.5.2.1.6279.6001.465032801496479029639448332481/surface_1.3.6.1.4.1.14519.5.2.1.6279.6001.465032801496479029639448332481.png,outputs/luna16_saliency_synthetic_gt/1.3.6.1.4.1.14519.5.2.1.6279.6001.465032801496479029639448332481/surface_grid_float_1.3.6.1.4.1.14519.5.2.1.6279.6001.465032801496479029639448332481.npy,0.6405289052890529,0.3739209771156311,0.23021969199180603,0.9843137264251709,6.05242919921875,1.6715962886810303,0.12463962733745575,0.1503029800951481,0.20009362697601318,1.0812702178955078,13,5,8,0.0,0.016999294107986822,good_or_low_review,515
ground_truth,1.3.6.1.4.1.14519.5.2.1.6279.6001.174935793360491516757154875981,outputs/luna16_saliency_synthetic_gt/1.3.6.1.4.1.14519.5.2.1.6279.6001.174935793360491516757154875981/surface_1.3.6.1.4.1.14519.5.2.1.6279.6001.174935793360491516757154875981.png,outputs/luna16_saliency_synthetic_gt/1.3.6.1.4.1.14519.5.2.1.6279.6001.174935793360491516757154875981/surface_grid_float_1.3.6.1.4.1.14519.5.2.1.6279.6001.174935793360491516757154875981.npy,0.47496679145030796,0.3008280396461487,0.23135891556739807,0.8745098114013672,6.4267120361328125,1.7871595621109009,0.10552948899567129,0.126932848840952,0.17759060859680176,1.113477349281311,13,5,8,0.0,0.016993566301630604,good_or_low_review,516
ground_truth,1.3.6.1.4.1.14519.5.2.1.6279.6001.608029415915051219877530734559,outputs/luna16_saliency_synthetic_gt/1.3.6.1.4.1.14519.5.2.1.6279.6001.608029415915051219877530734559/surface_1.3.6.1.4.1.14519.5.2.1.6279.6001.608029415915051219877530734559.png,outputs/luna16_saliency_synthetic_gt/1.3.6.1.4.1.14519.5.2.1.6279.6001.608029415915051219877530734559/surface_grid_float_1.3.6.1.4.1.14519.5.2.1.6279.6001.608029415915051219877530734559.npy,0.6121191531417453,0.315327525138855,0.24319033324718475,1.0,6.303794860839844,1.117762804031372,0.08447337746620175,0.13290982902050077,0.3180578947067261,1.1019952297210693,13,5,8,2.0,0.016942497926950472,good_or_low_review,517
ground_truth,1.3.6.1.4.1.14519.5.2.1.6279.6001.141149610914910880857802344415,outputs/luna16_saliency_synthetic_gt/1.3.6.1.4.1.14519.5.2.1.6279.6001.141149610914910880857802344415/surface_1.3.6.1.4.1.14519.5.2.1.6279.6001.141149610914910880857802344415.png,outputs/luna16_saliency_synthetic_gt/1.3.6.1.4.1.14519.5.2.1.6279.6001.141149610914910880857802344415/surface_grid_float_1.3.6.1.4.1.14519.5.2.1.6279.6001.141149610914910880857802344415.npy,0.3907925961082107,0.35125967860221863,0.26377278566360474,1.0,6.1315155029296875,1.7190308570861816,0.12015915177762501,0.14543966516852375,0.19961312413215637,1.0539551973342896,13,5,8,0.0,0.016924505120681388,good_or_low_review,518
ground_truth,1.3.6.1.4.1.14519.5.2.1.6279.6001.394470743585708729682444806008,outputs/luna16_saliency_synthetic_gt/1.3.6.1.4.1.14519.5.2.1.6279.6001.394470743585708729682444806008/surface_1.3.6.1.4.1.14519.5.2.1.6279.6001.394470743585708729682444806008.png,outputs/luna16_saliency_synthetic_gt/1.3.6.1.4.1.14519.5.2.1.6279.6001.394470743585708729682444806008/surface_grid_float_1.3.6.1.4.1.14519.5.2.1.6279.6001.394470743585708729682444806008.npy,0.3683948339483395,0.3676128685474396,0.26037290692329407,1.0,6.1329193115234375,1.5014806985855103,0.12411917299032207,0.1472823086380959,0.20628492534160614,1.0195940732955933,13,5,8,0.0,0.016905766052338816,good_or_low_review,519
ground_truth,1.3.6.1.4.1.14519.5.2.1.6279.6001.625270601160880745954773142570,outputs/luna16_saliency_synthetic_gt/1.3.6.1.4.1.14519.5.2.1.6279.6001.625270601160880745954773142570/surface_1.3.6.1.4.1.14519.5.2.1.6279.6001.625270601160880745954773142570.png,outputs/luna16_saliency_synthetic_gt/1.3.6.1.4.1.14519.5.2.1.6279.6001.625270601160880745954773142570/surface_grid_float_1.3.6.1.4.1.14519.5.2.1.6279.6001.625270601160880745954773142570.npy,0.5046000175238763,0.322835773229599,0.26087164878845215,1.0,6.312713623046875,1.7610883712768555,0.11189774535596361,0.13271856755018227,0.185747891664505,1.0609349012374878,13,5,8,0.0,0.01686037951211134,good_or_low_review,520
ground_truth,1.3.6.1.4.1.14519.5.2.1.6279.6001.286422846896797433168187085942,outputs/luna16_saliency_synthetic_gt/1.3.6.1.4.1.14519.5.2.1.6279.6001.286422846896797433168187085942/surface_1.3.6.1.4.1.14519.5.2.1.6279.6001.286422846896797433168187085942.png,outputs/luna16_saliency_synthetic_gt/1.3.6.1.4.1.14519.5.2.1.6279.6001.286422846896797433168187085942/surface_grid_float_1.3.6.1.4.1.14519.5.2.1.6279.6001.286422846896797433168187085942.npy,0.34992991845056065,0.35786521434783936,0.2242729514837265,0.9098039269447327,6.1620635986328125,1.726664423942566,0.1181030012667179,0.14079604178667066,0.19914597272872925,1.0358085632324219,13,5,8,0.0,0.01683583065818425,good_or_low_review,521
ground_truth,1.3.6.1.4.1.14519.5.2.1.6279.6001.135657246677982059395844827629,outputs/luna16_saliency_synthetic_gt/1.3.6.1.4.1.14519.5.2.1.6279.6001.135657246677982059395844827629/surface_1.3.6.1.4.1.14519.5.2.1.6279.6001.135657246677982059395844827629.png,outputs/luna16_saliency_synthetic_gt/1.3.6.1.4.1.14519.5.2.1.6279.6001.135657246677982059395844827629/surface_grid_float_1.3.6.1.4.1.14519.5.2.1.6279.6001.135657246677982059395844827629.npy,0.45141207676704637,0.31624534726142883,0.2310764491558075,0.9596078455448179,6.233734130859375,1.721758246421814,0.11637126617133602,0.13788437992334365,0.1945762038230896,1.0195866823196411,13,5,8,0.0,0.01679183646539847,good_or_low_review,522
ground_truth,1.3.6.1.4.1.14519.5.2.1.6279.6001.313835996725364342034830119490,outputs/luna16_saliency_synthetic_gt/1.3.6.1.4.1.14519.5.2.1.6279.6001.313835996725364342034830119490/surface_1.3.6.1.4.1.14519.5.2.1.6279.6001.313835996725364342034830119490.png,outputs/luna16_saliency_synthetic_gt/1.3.6.1.4.1.14519.5.2.1.6279.6001.313835996725364342034830119490/surface_grid_float_1.3.6.1.4.1.14519.5.2.1.6279.6001.313835996725364342034830119490.npy,0.37910353535353536,0.36848947405815125,0.2504255771636963,0.9875294125080097,6.1038818359375,1.6982194185256958,0.11930142752826212,0.14261855393648137,0.19795627892017365,1.0280567407608032,13,5,8,0.0,0.016736263546347614,good_or_low_review,523
ground_truth,1.3.6.1.4.1.14519.5.2.1.6279.6001.182192086929819295877506541021,outputs/luna16_saliency_synthetic_gt/1.3.6.1.4.1.14519.5.2.1.6279.6001.182192086929819295877506541021/surface_1.3.6.1.4.1.14519.5.2.1.6279.6001.182192086929819295877506541021.png,outputs/luna16_saliency_synthetic_gt/1.3.6.1.4.1.14519.5.2.1.6279.6001.182192086929819295877506541021/surface_grid_float_1.3.6.1.4.1.14519.5.2.1.6279.6001.182192086929819295877506541021.npy,0.5835594934014474,0.33525606989860535,0.22731071710586548,0.9607843160629272,6.8262481689453125,1.5461513996124268,0.07796463556587693,0.09283438079059128,0.12721480429172516,1.1453179121017456,18,10,8,5.0,0.016707262621074918,good_or_low_review,524
ground_truth,1.3.6.1.4.1.14519.5.2.1.6279.6001.160124400349792614505500125883,outputs/luna16_saliency_synthetic_gt/1.3.6.1.4.1.14519.5.2.1.6279.6001.160124400349792614505500125883/surface_1.3.6.1.4.1.14519.5.2.1.6279.6001.160124400349792614505500125883.png,outputs/luna16_saliency_synthetic_gt/1.3.6.1.4.1.14519.5.2.1.6279.6001.160124400349792614505500125883/surface_grid_float_1.3.6.1.4.1.14519.5.2.1.6279.6001.160124400349792614505500125883.npy,0.4046890389756578,0.3660496175289154,0.2522973418235779,0.9450980424880981,5.7576751708984375,1.4570071697235107,0.12910323217511177,0.15778619423508633,0.22655946016311646,1.0233677625656128,13,5,8,0.0,0.016603861695362456,good_or_low_review,525
ground_truth,1.3.6.1.4.1.14519.5.2.1.6279.6001.584871944187559733312703328980,outputs/luna16_saliency_synthetic_gt/1.3.6.1.4.1.14519.5.2.1.6279.6001.584871944187559733312703328980/surface_1.3.6.1.4.1.14519.5.2.1.6279.6001.584871944187559733312703328980.png,outputs/luna16_saliency_synthetic_gt/1.3.6.1.4.1.14519.5.2.1.6279.6001.584871944187559733312703328980/surface_grid_float_1.3.6.1.4.1.14519.5.2.1.6279.6001.584871944187559733312703328980.npy,0.5020607725876839,0.3633110523223877,0.24081605672836304,1.0,6.0255889892578125,1.5251026153564453,0.11754529923200607,0.14044886976480486,0.18844693899154663,1.0172953605651855,13,5,8,0.0,0.016516770765185356,good_or_low_review,526
ground_truth,1.3.6.1.4.1.14519.5.2.1.6279.6001.168737928729363683423228050295,outputs/luna16_saliency_synthetic_gt/1.3.6.1.4.1.14519.5.2.1.6279.6001.168737928729363683423228050295/surface_1.3.6.1.4.1.14519.5.2.1.6279.6001.168737928729363683423228050295.png,outputs/luna16_saliency_synthetic_gt/1.3.6.1.4.1.14519.5.2.1.6279.6001.168737928729363683423228050295/surface_grid_float_1.3.6.1.4.1.14519.5.2.1.6279.6001.168737928729363683423228050295.npy,0.5945951292856154,0.38474807143211365,0.22866290807724,0.9803921580314636,5.958465576171875,1.5474178791046143,0.12351642549037933,0.14654930770397187,0.2111557126045227,0.9511456489562988,13,5,8,0.0,0.016440912189086276,good_or_low_review,527
ground_truth,1.3.6.1.4.1.14519.5.2.1.6279.6001.885168397833922082085837240429,outputs/luna16_saliency_synthetic_gt/1.3.6.1.4.1.14519.5.2.1.6279.6001.885168397833922082085837240429/surface_1.3.6.1.4.1.14519.5.2.1.6279.6001.885168397833922082085837240429.png,outputs/luna16_saliency_synthetic_gt/1.3.6.1.4.1.14519.5.2.1.6279.6001.885168397833922082085837240429/surface_grid_float_1.3.6.1.4.1.14519.5.2.1.6279.6001.885168397833922082085837240429.npy,0.5325942350332594,0.3137950301170349,0.23153585195541382,0.9205098086595661,5.922607421875,1.6914036273956299,0.11672748066484928,0.1401192769408226,0.20007121562957764,1.0027421712875366,13,5,8,0.0,0.01630290661421087,good_or_low_review,528
ground_truth,1.3.6.1.4.1.14519.5.2.1.6279.6001.272344603176687884771013620823,outputs/luna16_saliency_synthetic_gt/1.3.6.1.4.1.14519.5.2.1.6279.6001.272344603176687884771013620823/surface_1.3.6.1.4.1.14519.5.2.1.6279.6001.272344603176687884771013620823.png,outputs/luna16_saliency_synthetic_gt/1.3.6.1.4.1.14519.5.2.1.6279.6001.272344603176687884771013620823/surface_grid_float_1.3.6.1.4.1.14519.5.2.1.6279.6001.272344603176687884771013620823.npy,0.41144088483358865,0.3906886875629425,0.22505544126033783,0.8784313797950745,5.7740478515625,1.6952624320983887,0.11344734579324722,0.1397174745798111,0.1829831600189209,1.0834237337112427,13,5,8,0.0,0.01622254562046793,good_or_low_review,529
ground_truth,1.3.6.1.4.1.14519.5.2.1.6279.6001.128023902651233986592378348912,outputs/luna16_saliency_synthetic_gt/1.3.6.1.4.1.14519.5.2.1.6279.6001.128023902651233986592378348912/surface_1.3.6.1.4.1.14519.5.2.1.6279.6001.128023902651233986592378348912.png,outputs/luna16_saliency_synthetic_gt/1.3.6.1.4.1.14519.5.2.1.6279.6001.128023902651233986592378348912/surface_grid_float_1.3.6.1.4.1.14519.5.2.1.6279.6001.128023902651233986592378348912.npy,0.5589192339447313,0.3063371777534485,0.2513923645019531,0.929411768913269,6.0576324462890625,1.526633620262146,0.11257493495941162,0.13315905034542092,0.19143147766590118,0.9563873410224915,13,5,8,0.0,0.01621613078978327,good_or_low_review,530
ground_truth,1.3.6.1.4.1.14519.5.2.1.6279.6001.710845873679853791427022019413,outputs/luna16_saliency_synthetic_gt/1.3.6.1.4.1.14519.5.2.1.6279.6001.710845873679853791427022019413/surface_1.3.6.1.4.1.14519.5.2.1.6279.6001.710845873679853791427022019413.png,outputs/luna16_saliency_synthetic_gt/1.3.6.1.4.1.14519.5.2.1.6279.6001.710845873679853791427022019413/surface_grid_float_1.3.6.1.4.1.14519.5.2.1.6279.6001.710845873679853791427022019413.npy,0.5612226795344877,0.3139377236366272,0.23968297243118286,1.0,5.8277587890625,1.5333466529846191,0.11786562614142891,0.1414450365304947,0.2030385583639145,0.9847753047943115,13,5,8,0.0,0.01614467197722859,good_or_low_review,531
ground_truth,1.3.6.1.4.1.14519.5.2.1.6279.6001.146429221666426688999739595820,outputs/luna16_saliency_synthetic_gt/1.3.6.1.4.1.14519.5.2.1.6279.6001.146429221666426688999739595820/surface_1.3.6.1.4.1.14519.5.2.1.6279.6001.146429221666426688999739595820.png,outputs/luna16_saliency_synthetic_gt/1.3.6.1.4.1.14519.5.2.1.6279.6001.146429221666426688999739595820/surface_grid_float_1.3.6.1.4.1.14519.5.2.1.6279.6001.146429221666426688999739595820.npy,0.5001050067204301,0.28931406140327454,0.22380280494689941,0.8274509906768799,6.19952392578125,1.6620287895202637,0.09326990433037279,0.11236777149140835,0.15386882424354553,1.083179235458374,13,5,8,0.0,0.01611063798872961,good_or_low_review,532
ground_truth,1.3.6.1.4.1.14519.5.2.1.6279.6001.392861216720727557882279374324,outputs/luna16_saliency_synthetic_gt/1.3.6.1.4.1.14519.5.2.1.6279.6001.392861216720727557882279374324/surface_1.3.6.1.4.1.14519.5.2.1.6279.6001.392861216720727557882279374324.png,outputs/luna16_saliency_synthetic_gt/1.3.6.1.4.1.14519.5.2.1.6279.6001.392861216720727557882279374324/surface_grid_float_1.3.6.1.4.1.14519.5.2.1.6279.6001.392861216720727557882279374324.npy,0.43302135127230185,0.36966776847839355,0.2222832292318344,0.9333333373069763,5.8189849853515625,1.5606327056884766,0.119209398701787,0.14127215102314955,0.2023926079273224,0.9496607184410095,13,5,8,0.0,0.016046829991704887,good_or_low_review,533
ground_truth,1.3.6.1.4.1.14519.5.2.1.6279.6001.139889514693390832525232698200,outputs/luna16_saliency_synthetic_gt/1.3.6.1.4.1.14519.5.2.1.6279.6001.139889514693390832525232698200/surface_1.3.6.1.4.1.14519.5.2.1.6279.6001.139889514693390832525232698200.png,outputs/luna16_saliency_synthetic_gt/1.3.6.1.4.1.14519.5.2.1.6279.6001.139889514693390832525232698200/surface_grid_float_1.3.6.1.4.1.14519.5.2.1.6279.6001.139889514693390832525232698200.npy,0.5589310344827586,0.3159602880477905,0.22383485734462738,0.9686274528503418,6.6925811767578125,1.289998173713684,0.07977955788373947,0.0914127634465694,0.12226852029561996,0.9592475891113281,13,5,8,2.0,0.01602834617379639,good_or_low_review,534
ground_truth,1.3.6.1.4.1.14519.5.2.1.6279.6001.128881800399702510818644205032,outputs/luna16_saliency_synthetic_gt/1.3.6.1.4.1.14519.5.2.1.6279.6001.128881800399702510818644205032/surface_1.3.6.1.4.1.14519.5.2.1.6279.6001.128881800399702510818644205032.png,outputs/luna16_saliency_synthetic_gt/1.3.6.1.4.1.14519.5.2.1.6279.6001.128881800399702510818644205032/surface_grid_float_1.3.6.1.4.1.14519.5.2.1.6279.6001.128881800399702510818644205032.npy,0.476663861420857,0.4196244478225708,0.21331186592578888,0.9686274528503418,6.1393890380859375,1.520121455192566,0.10324716195464134,0.1246956877410412,0.1679030954837799,0.9237555861473083,18,10,8,2.0,0.01602597588714626,good_or_low_review,535
ground_truth,1.3.6.1.4.1.14519.5.2.1.6279.6001.123697637451437522065941162930,outputs/luna16_saliency_synthetic_gt/1.3.6.1.4.1.14519.5.2.1.6279.6001.123697637451437522065941162930/surface_1.3.6.1.4.1.14519.5.2.1.6279.6001.123697637451437522065941162930.png,outputs/luna16_saliency_synthetic_gt/1.3.6.1.4.1.14519.5.2.1.6279.6001.123697637451437522065941162930/surface_grid_float_1.3.6.1.4.1.14519.5.2.1.6279.6001.123697637451437522065941162930.npy,0.498641765704584,0.3355798125267029,0.23185212910175323,0.929411768913269,5.65899658203125,1.6163723468780518,0.1204602029174566,0.1462608258426189,0.19737760722637177,0.9788908958435059,13,5,8,0.0,0.01599479884720511,good_or_low_review,536
ground_truth,1.3.6.1.4.1.14519.5.2.1.6279.6001.250438451287314206124484591986,outputs/luna16_saliency_synthetic_gt/1.3.6.1.4.1.14519.5.2.1.6279.6001.250438451287314206124484591986/surface_1.3.6.1.4.1.14519.5.2.1.6279.6001.250438451287314206124484591986.png,outputs/luna16_saliency_synthetic_gt/1.3.6.1.4.1.14519.5.2.1.6279.6001.250438451287314206124484591986/surface_grid_float_1.3.6.1.4.1.14519.5.2.1.6279.6001.250438451287314206124484591986.npy,0.6433387584282725,0.3555186688899994,0.23917949199676514,1.0,5.5090484619140625,1.115087628364563,0.0841991975903511,0.17674888223409665,0.38741573691368103,0.6779268383979797,13,5,8,3.0,0.01599071798887518,good_or_low_review,537
ground_truth,1.3.6.1.4.1.14519.5.2.1.6279.6001.159521777966998275980367008904,outputs/luna16_saliency_synthetic_gt/1.3.6.1.4.1.14519.5.2.1.6279.6001.159521777966998275980367008904/surface_1.3.6.1.4.1.14519.5.2.1.6279.6001.159521777966998275980367008904.png,outputs/luna16_saliency_synthetic_gt/1.3.6.1.4.1.14519.5.2.1.6279.6001.159521777966998275980367008904/surface_grid_float_1.3.6.1.4.1.14519.5.2.1.6279.6001.159521777966998275980367008904.npy,0.6110717239749498,0.34145602583885193,0.24614213407039642,0.9803921580314636,5.6259002685546875,1.6365538835525513,0.11971564665436743,0.14532717511057852,0.19656851887702942,0.9964062571525574,13,5,8,0.0,0.015950551827914182,good_or_low_review,538
ground_truth,1.3.6.1.4.1.14519.5.2.1.6279.6001.272348349298439120568330857680,outputs/luna16_saliency_synthetic_gt/1.3.6.1.4.1.14519.5.2.1.6279.6001.272348349298439120568330857680/surface_1.3.6.1.4.1.14519.5.2.1.6279.6001.272348349298439120568330857680.png,outputs/luna16_saliency_synthetic_gt/1.3.6.1.4.1.14519.5.2.1.6279.6001.272348349298439120568330857680/surface_grid_float_1.3.6.1.4.1.14519.5.2.1.6279.6001.272348349298439120568330857680.npy,0.5022235182620106,0.3372326195240021,0.2509463429450989,1.0,5.6638946533203125,1.540032148361206,0.11245079338550566,0.13743997871875765,0.1904062181711197,1.0676268339157104,13,5,8,0.0,0.015935527859131493,good_or_low_review,539
ground_truth,1.3.6.1.4.1.14519.5.2.1.6279.6001.190144948425835566841437565646,outputs/luna16_saliency_synthetic_gt/1.3.6.1.4.1.14519.5.2.1.6279.6001.190144948425835566841437565646/surface_1.3.6.1.4.1.14519.5.2.1.6279.6001.190144948425835566841437565646.png,outputs/luna16_saliency_synthetic_gt/1.3.6.1.4.1.14519.5.2.1.6279.6001.190144948425835566841437565646/surface_grid_float_1.3.6.1.4.1.14519.5.2.1.6279.6001.190144948425835566841437565646.npy,0.5109703855466567,0.3250696659088135,0.2487490326166153,0.9921568632125854,5.5859375,1.5498032569885254,0.11390663757920262,0.13973398372530937,0.18348953127861023,1.0571277141571045,13,5,8,0.0,0.015851088043219514,good_or_low_review,540
ground_truth,1.3.6.1.4.1.14519.5.2.1.6279.6001.690929968028676628605553365896,outputs/luna16_saliency_synthetic_gt/1.3.6.1.4.1.14519.5.2.1.6279.6001.690929968028676628605553365896/surface_1.3.6.1.4.1.14519.5.2.1.6279.6001.690929968028676628605553365896.png,outputs/luna16_saliency_synthetic_gt/1.3.6.1.4.1.14519.5.2.1.6279.6001.690929968028676628605553365896/surface_grid_float_1.3.6.1.4.1.14519.5.2.1.6279.6001.690929968028676628605553365896.npy,0.36430742509769865,0.3366261124610901,0.22562702000141144,0.8784313797950745,5.7838134765625,1.5911484956741333,0.10749872550368308,0.1304832284152509,0.18435914814472198,1.0200790166854858,13,5,8,0.0,0.01582102823936277,good_or_low_review,541
ground_truth,1.3.6.1.4.1.14519.5.2.1.6279.6001.168605638657404145360275453085,outputs/luna16_saliency_synthetic_gt/1.3.6.1.4.1.14519.5.2.1.6279.6001.168605638657404145360275453085/surface_1.3.6.1.4.1.14519.5.2.1.6279.6001.168605638657404145360275453085.png,outputs/luna16_saliency_synthetic_gt/1.3.6.1.4.1.14519.5.2.1.6279.6001.168605638657404145360275453085/surface_grid_float_1.3.6.1.4.1.14519.5.2.1.6279.6001.168605638657404145360275453085.npy,0.6817667718316567,0.30015623569488525,0.2377587854862213,0.9058823585510254,5.97186279296875,1.5694085359573364,0.10007354989647865,0.11944755241274835,0.16013826429843903,1.0249744653701782,13,5,8,0.0,0.01581425226148632,good_or_low_review,542
ground_truth,1.3.6.1.4.1.14519.5.2.1.6279.6001.173556680294801532247454313511,outputs/luna16_saliency_synthetic_gt/1.3.6.1.4.1.14519.5.2.1.6279.6001.173556680294801532247454313511/surface_1.3.6.1.4.1.14519.5.2.1.6279.6001.173556680294801532247454313511.png,outputs/luna16_saliency_synthetic_gt/1.3.6.1.4.1.14519.5.2.1.6279.6001.173556680294801532247454313511/surface_grid_float_1.3.6.1.4.1.14519.5.2.1.6279.6001.173556680294801532247454313511.npy,0.35144927536231885,0.4015960097312927,0.2454162985086441,1.0,5.77325439453125,1.4143503904342651,0.11248288266360759,0.13400747790932654,0.1828211098909378,0.9680402278900146,13,5,8,0.0,0.015793515501254133,good_or_low_review,543
ground_truth,1.3.6.1.4.1.14519.5.2.1.6279.6001.194465340552956447447896167830,outputs/luna16_saliency_synthetic_gt/1.3.6.1.4.1.14519.5.2.1.6279.6001.194465340552956447447896167830/surface_1.3.6.1.4.1.14519.5.2.1.6279.6001.194465340552956447447896167830.png,outputs/luna16_saliency_synthetic_gt/1.3.6.1.4.1.14519.5.2.1.6279.6001.194465340552956447447896167830/surface_grid_float_1.3.6.1.4.1.14519.5.2.1.6279.6001.194465340552956447447896167830.npy,0.4168078298513081,0.30673226714134216,0.2284606546163559,0.8901960849761963,5.7052764892578125,1.5590083599090576,0.10683307833969592,0.13058628633618358,0.1860947459936142,1.0322487354278564,13,5,8,0.0,0.0157202688175771,good_or_low_review,544
ground_truth,1.3.6.1.4.1.14519.5.2.1.6279.6001.215785045378334625097907422785,outputs/luna16_saliency_synthetic_gt/1.3.6.1.4.1.14519.5.2.1.6279.6001.215785045378334625097907422785/surface_1.3.6.1.4.1.14519.5.2.1.6279.6001.215785045378334625097907422785.png,outputs/luna16_saliency_synthetic_gt/1.3.6.1.4.1.14519.5.2.1.6279.6001.215785045378334625097907422785/surface_grid_float_1.3.6.1.4.1.14519.5.2.1.6279.6001.215785045378334625097907422785.npy,0.4778572397620017,0.3719470202922821,0.2512942850589752,1.0,5.367462158203125,1.3903729915618896,0.12468798905611037,0.15162039399147037,0.21130219101905823,0.9964656829833984,13,5,8,0.0,0.015708750267823538,good_or_low_review,545
ground_truth,1.3.6.1.4.1.14519.5.2.1.6279.6001.716498695101447665580610403574,outputs/luna16_saliency_synthetic_gt/1.3.6.1.4.1.14519.5.2.1.6279.6001.716498695101447665580610403574/surface_1.3.6.1.4.1.14519.5.2.1.6279.6001.716498695101447665580610403574.png,outputs/luna16_saliency_synthetic_gt/1.3.6.1.4.1.14519.5.2.1.6279.6001.716498695101447665580610403574/surface_grid_float_1.3.6.1.4.1.14519.5.2.1.6279.6001.716498695101447665580610403574.npy,0.5149958298582151,0.30317601561546326,0.2390342801809311,0.9450980424880981,5.6512603759765625,1.5274980068206787,0.11609213277697557,0.1385931470990181,0.20080944895744324,0.9228100776672363,13,5,8,0.0,0.015627250767747562,good_or_low_review,546
ground_truth,1.3.6.1.4.1.14519.5.2.1.6279.6001.156579001330474859527530187095,outputs/luna16_saliency_synthetic_gt/1.3.6.1.4.1.14519.5.2.1.6279.6001.156579001330474859527530187095/surface_1.3.6.1.4.1.14519.5.2.1.6279.6001.156579001330474859527530187095.png,outputs/luna16_saliency_synthetic_gt/1.3.6.1.4.1.14519.5.2.1.6279.6001.156579001330474859527530187095/surface_grid_float_1.3.6.1.4.1.14519.5.2.1.6279.6001.156579001330474859527530187095.npy,0.5273828330700369,0.3351760804653168,0.23060959577560425,0.9137254953384399,5.7773590087890625,1.5689785480499268,0.10563843101263046,0.125809935182333,0.17443324625492096,0.9843118190765381,13,5,8,0.0,0.015590589334732957,good_or_low_review,547
ground_truth,1.3.6.1.4.1.14519.5.2.1.6279.6001.196251645377731223510086726530,outputs/luna16_saliency_synthetic_gt/1.3.6.1.4.1.14519.5.2.1.6279.6001.196251645377731223510086726530/surface_1.3.6.1.4.1.14519.5.2.1.6279.6001.196251645377731223510086726530.png,outputs/luna16_saliency_synthetic_gt/1.3.6.1.4.1.14519.5.2.1.6279.6001.196251645377731223510086726530/surface_grid_float_1.3.6.1.4.1.14519.5.2.1.6279.6001.196251645377731223510086726530.npy,0.5818838140126436,0.3177415132522583,0.23228387534618378,0.8941176533699036,5.6154937744140625,1.548227310180664,0.11469916999340057,0.13602005541324616,0.1903686225414276,0.9303351640701294,13,5,8,0.0,0.015507169428798886,good_or_low_review,548
ground_truth,1.3.6.1.4.1.14519.5.2.1.6279.6001.513023675145166449943177283490,outputs/luna16_saliency_synthetic_gt/1.3.6.1.4.1.14519.5.2.1.6279.6001.513023675145166449943177283490/surface_1.3.6.1.4.1.14519.5.2.1.6279.6001.513023675145166449943177283490.png,outputs/luna16_saliency_synthetic_gt/1.3.6.1.4.1.14519.5.2.1.6279.6001.513023675145166449943177283490/surface_grid_float_1.3.6.1.4.1.14519.5.2.1.6279.6001.513023675145166449943177283490.npy,0.3772197962154294,0.3835708796977997,0.21831189095973969,0.8901960849761963,5.818756103515625,1.5485538244247437,0.10482563972473141,0.12429568387567973,0.17554305493831635,0.912595272064209,13,5,8,0.0,0.015454786848939119,good_or_low_review,549
ground_truth,1.3.6.1.4.1.14519.5.2.1.6279.6001.339546614783708685476232944897,outputs/luna16_saliency_synthetic_gt/1.3.6.1.4.1.14519.5.2.1.6279.6001.339546614783708685476232944897/surface_1.3.6.1.4.1.14519.5.2.1.6279.6001.339546614783708685476232944897.png,outputs/luna16_saliency_synthetic_gt/1.3.6.1.4.1.14519.5.2.1.6279.6001.339546614783708685476232944897/surface_grid_float_1.3.6.1.4.1.14519.5.2.1.6279.6001.339546614783708685476232944897.npy,0.34414600550964186,0.44333189725875854,0.22663722932338715,1.0,4.1703338623046875,1.1216094493865967,0.1008122105151414,0.12267595730721934,0.18146370351314545,0.6598430275917053,13,5,8,0.0,0.015442292704259803,good_or_low_review,550
ground_truth,1.3.6.1.4.1.14519.5.2.1.6279.6001.277445975068759205899107114231,outputs/luna16_saliency_synthetic_gt/1.3.6.1.4.1.14519.5.2.1.6279.6001.277445975068759205899107114231/surface_1.3.6.1.4.1.14519.5.2.1.6279.6001.277445975068759205899107114231.png,outputs/luna16_saliency_synthetic_gt/1.3.6.1.4.1.14519.5.2.1.6279.6001.277445975068759205899107114231/surface_grid_float_1.3.6.1.4.1.14519.5.2.1.6279.6001.277445975068759205899107114231.npy,0.538623454727698,0.35427984595298767,0.22696778178215027,0.9607843160629272,5.588188171386719,1.0754402875900269,0.06551564373075959,0.15330171674489962,0.35530591011047363,0.6853014230728149,18,10,8,5.0,0.015435590505931109,good_or_low_review,551
ground_truth,1.3.6.1.4.1.14519.5.2.1.6279.6001.211071908915618528829547301883,outputs/luna16_saliency_synthetic_gt/1.3.6.1.4.1.14519.5.2.1.6279.6001.211071908915618528829547301883/surface_1.3.6.1.4.1.14519.5.2.1.6279.6001.211071908915618528829547301883.png,outputs/luna16_saliency_synthetic_gt/1.3.6.1.4.1.14519.5.2.1.6279.6001.211071908915618528829547301883/surface_grid_float_1.3.6.1.4.1.14519.5.2.1.6279.6001.211071908915618528829547301883.npy,0.5582118427416569,0.31427836418151855,0.22343942523002625,0.843137264251709,5.8877716064453125,1.4758148193359375,0.09327660165727134,0.11147496469318875,0.15346957743167877,1.0123845338821411,13,5,8,0.0,0.015406945026831497,good_or_low_review,552
ground_truth,1.3.6.1.4.1.14519.5.2.1.6279.6001.194632613233275988184244485809,outputs/luna16_saliency_synthetic_gt/1.3.6.1.4.1.14519.5.2.1.6279.6001.194632613233275988184244485809/surface_1.3.6.1.4.1.14519.5.2.1.6279.6001.194632613233275988184244485809.png,outputs/luna16_saliency_synthetic_gt/1.3.6.1.4.1.14519.5.2.1.6279.6001.194632613233275988184244485809/surface_grid_float_1.3.6.1.4.1.14519.5.2.1.6279.6001.194632613233275988184244485809.npy,0.3822624167299098,0.3837611973285675,0.25552621483802795,1.0,5.2384490966796875,1.4721524715423584,0.12175391986966133,0.148827051371336,0.20182035863399506,0.9784359931945801,13,5,8,0.0,0.015369862242705291,good_or_low_review,553
ground_truth,1.3.6.1.4.1.14519.5.2.1.6279.6001.752756872840730509471096155114,outputs/luna16_saliency_synthetic_gt/1.3.6.1.4.1.14519.5.2.1.6279.6001.752756872840730509471096155114/surface_1.3.6.1.4.1.14519.5.2.1.6279.6001.752756872840730509471096155114.png,outputs/luna16_saliency_synthetic_gt/1.3.6.1.4.1.14519.5.2.1.6279.6001.752756872840730509471096155114/surface_grid_float_1.3.6.1.4.1.14519.5.2.1.6279.6001.752756872840730509471096155114.npy,0.36534812197356364,0.3807128071784973,0.23008568584918976,0.9333333373069763,5.5368194580078125,1.518225908279419,0.11064480617642398,0.13258039072155944,0.1896601915359497,0.9339340329170227,13,5,8,0.0,0.015280853113697632,good_or_low_review,554
ground_truth,1.3.6.1.4.1.14519.5.2.1.6279.6001.130036599816889919308975074972,outputs/luna16_saliency_synthetic_gt/1.3.6.1.4.1.14519.5.2.1.6279.6001.130036599816889919308975074972/surface_1.3.6.1.4.1.14519.5.2.1.6279.6001.130036599816889919308975074972.png,outputs/luna16_saliency_synthetic_gt/1.3.6.1.4.1.14519.5.2.1.6279.6001.130036599816889919308975074972/surface_grid_float_1.3.6.1.4.1.14519.5.2.1.6279.6001.130036599816889919308975074972.npy,0.6102117751413683,0.2847728133201599,0.22430942952632904,0.8549019694328308,5.755462646484375,1.5827871561050415,0.09965094588696954,0.11819741606712343,0.16510938107967377,0.9551110863685608,13,5,8,0.0,0.015260829306973353,good_or_low_review,555
ground_truth,1.3.6.1.4.1.14519.5.2.1.6279.6001.146603910507557786636779705509,outputs/luna16_saliency_synthetic_gt/1.3.6.1.4.1.14519.5.2.1.6279.6001.146603910507557786636779705509/surface_1.3.6.1.4.1.14519.5.2.1.6279.6001.146603910507557786636779705509.png,outputs/luna16_saliency_synthetic_gt/1.3.6.1.4.1.14519.5.2.1.6279.6001.146603910507557786636779705509/surface_grid_float_1.3.6.1.4.1.14519.5.2.1.6279.6001.146603910507557786636779705509.npy,0.5449619463698535,0.34955307841300964,0.22496379911899567,0.9607843160629272,5.5835113525390625,1.5366017818450928,0.10198691189289093,0.12325190216302871,0.1682480126619339,0.9946233034133911,13,5,8,0.0,0.015213683326707946,good_or_low_review,556
ground_truth,1.3.6.1.4.1.14519.5.2.1.6279.6001.141069661700670042960678408762,outputs/luna16_saliency_synthetic_gt/1.3.6.1.4.1.14519.5.2.1.6279.6001.141069661700670042960678408762/surface_1.3.6.1.4.1.14519.5.2.1.6279.6001.141069661700670042960678408762.png,outputs/luna16_saliency_synthetic_gt/1.3.6.1.4.1.14519.5.2.1.6279.6001.141069661700670042960678408762/surface_grid_float_1.3.6.1.4.1.14519.5.2.1.6279.6001.141069661700670042960678408762.npy,0.530272952853598,0.38738152384757996,0.25058412551879883,1.0,5.4037628173828125,1.4894795417785645,0.11544828265905378,0.13762065321207034,0.18909139931201935,0.9162065982818604,13,5,8,0.0,0.015170905621515378,good_or_low_review,557
ground_truth,1.3.6.1.4.1.14519.5.2.1.6279.6001.897161587681142256575045076919,outputs/luna16_saliency_synthetic_gt/1.3.6.1.4.1.14519.5.2.1.6279.6001.897161587681142256575045076919/surface_1.3.6.1.4.1.14519.5.2.1.6279.6001.897161587681142256575045076919.png,outputs/luna16_saliency_synthetic_gt/1.3.6.1.4.1.14519.5.2.1.6279.6001.897161587681142256575045076919/surface_grid_float_1.3.6.1.4.1.14519.5.2.1.6279.6001.897161587681142256575045076919.npy,0.5990635059994147,0.32595890760421753,0.23547294735908508,0.9450980424880981,5.4446563720703125,1.5731782913208008,0.10449010133743286,0.12706626057624815,0.17015133798122406,0.9792602062225342,13,5,8,0.0,0.01506254889567693,good_or_low_review,558
ground_truth,1.3.6.1.4.1.14519.5.2.1.6279.6001.240630002689062442926543993263,outputs/luna16_saliency_synthetic_gt/1.3.6.1.4.1.14519.5.2.1.6279.6001.240630002689062442926543993263/surface_1.3.6.1.4.1.14519.5.2.1.6279.6001.240630002689062442926543993263.png,outputs/luna16_saliency_synthetic_gt/1.3.6.1.4.1.14519.5.2.1.6279.6001.240630002689062442926543993263/surface_grid_float_1.3.6.1.4.1.14519.5.2.1.6279.6001.240630002689062442926543993263.npy,0.5571881302218381,0.3207923173904419,0.2318851351737976,0.8702353018522256,5.3298797607421875,1.469625473022461,0.11394639313220975,0.13699532449245455,0.19150078296661377,0.9213048219680786,13,5,8,0.0,0.015040336718161901,good_or_low_review,559
ground_truth,1.3.6.1.4.1.14519.5.2.1.6279.6001.652347820272212119124022644822,outputs/luna16_saliency_synthetic_gt/1.3.6.1.4.1.14519.5.2.1.6279.6001.652347820272212119124022644822/surface_1.3.6.1.4.1.14519.5.2.1.6279.6001.652347820272212119124022644822.png,outputs/luna16_saliency_synthetic_gt/1.3.6.1.4.1.14519.5.2.1.6279.6001.652347820272212119124022644822/surface_grid_float_1.3.6.1.4.1.14519.5.2.1.6279.6001.652347820272212119124022644822.npy,0.41991426853812175,0.3507193922996521,0.26190805435180664,1.0,5.6709747314453125,1.573794960975647,0.095494345203042,0.11427235305309297,0.15780453383922577,0.9690560102462769,13,5,8,0.0,0.015033252944548926,good_or_low_review,560
ground_truth,1.3.6.1.4.1.14519.5.2.1.6279.6001.210837812047373739447725050963,outputs/luna16_saliency_synthetic_gt/1.3.6.1.4.1.14519.5.2.1.6279.6001.210837812047373739447725050963/surface_1.3.6.1.4.1.14519.5.2.1.6279.6001.210837812047373739447725050963.png,outputs/luna16_saliency_synthetic_gt/1.3.6.1.4.1.14519.5.2.1.6279.6001.210837812047373739447725050963/surface_grid_float_1.3.6.1.4.1.14519.5.2.1.6279.6001.210837812047373739447725050963.npy,0.446135213564525,0.31575021147727966,0.2294604480266571,0.9529411792755127,5.637786865234375,1.5928750038146973,0.09476285092532634,0.11443400993943206,0.16059821844100952,0.9855144619941711,13,5,8,0.0,0.01501936387800508,good_or_low_review,561
ground_truth,1.3.6.1.4.1.14519.5.2.1.6279.6001.271220641987745483198036913951,outputs/luna16_saliency_synthetic_gt/1.3.6.1.4.1.14519.5.2.1.6279.6001.271220641987745483198036913951/surface_1.3.6.1.4.1.14519.5.2.1.6279.6001.271220641987745483198036913951.png,outputs/luna16_saliency_synthetic_gt/1.3.6.1.4.1.14519.5.2.1.6279.6001.271220641987745483198036913951/surface_grid_float_1.3.6.1.4.1.14519.5.2.1.6279.6001.271220641987745483198036913951.npy,0.4974598142616188,0.30356356501579285,0.22208939492702484,0.8509804010391235,5.9300537109375,1.6314496994018555,0.08606479056179522,0.10078800968825818,0.14533281326293945,0.9446483850479126,13,5,8,0.0,0.01500628177565005,good_or_low_review,562
ground_truth,1.3.6.1.4.1.14519.5.2.1.6279.6001.314519596680450457855054746285,outputs/luna16_saliency_synthetic_gt/1.3.6.1.4.1.14519.5.2.1.6279.6001.314519596680450457855054746285/surface_1.3.6.1.4.1.14519.5.2.1.6279.6001.314519596680450457855054746285.png,outputs/luna16_saliency_synthetic_gt/1.3.6.1.4.1.14519.5.2.1.6279.6001.314519596680450457855054746285/surface_grid_float_1.3.6.1.4.1.14519.5.2.1.6279.6001.314519596680450457855054746285.npy,0.5917965283447517,0.3166305422782898,0.23434223234653473,0.9176470637321472,5.3491363525390625,1.5770474672317505,0.10943735390901564,0.13296391189098358,0.18055403232574463,0.9426232576370239,13,5,8,0.0,0.014998862961265775,good_or_low_review,563
ground_truth,1.3.6.1.4.1.14519.5.2.1.6279.6001.250863365157630276148828903732,outputs/luna16_saliency_synthetic_gt/1.3.6.1.4.1.14519.5.2.1.6279.6001.250863365157630276148828903732/surface_1.3.6.1.4.1.14519.5.2.1.6279.6001.250863365157630276148828903732.png,outputs/luna16_saliency_synthetic_gt/1.3.6.1.4.1.14519.5.2.1.6279.6001.250863365157630276148828903732/surface_grid_float_1.3.6.1.4.1.14519.5.2.1.6279.6001.250863365157630276148828903732.npy,0.4903870639164757,0.34196504950523376,0.2294262945652008,0.95686274766922,5.58380126953125,1.5297499895095825,0.09767200350761415,0.11759695008397103,0.16437548398971558,0.9613050222396851,13,5,8,0.0,0.014970477334492735,good_or_low_review,564
ground_truth,1.3.6.1.4.1.14519.5.2.1.6279.6001.293593766328917170359373773080,outputs/luna16_saliency_synthetic_gt/1.3.6.1.4.1.14519.5.2.1.6279.6001.293593766328917170359373773080/surface_1.3.6.1.4.1.14519.5.2.1.6279.6001.293593766328917170359373773080.png,outputs/luna16_saliency_synthetic_gt/1.3.6.1.4.1.14519.5.2.1.6279.6001.293593766328917170359373773080/surface_grid_float_1.3.6.1.4.1.14519.5.2.1.6279.6001.293593766328917170359373773080.npy,0.4670295664894365,0.3292534053325653,0.2142515629529953,0.843137264251709,5.7327880859375,1.5593761205673218,0.09713785387575623,0.1136332281678915,0.16537709534168243,0.8892568945884705,13,5,8,0.0,0.0149397700873514,good_or_low_review,565
ground_truth,1.3.6.1.4.1.14519.5.2.1.6279.6001.200513183558872708878454294671,outputs/luna16_saliency_synthetic_gt/1.3.6.1.4.1.14519.5.2.1.6279.6001.200513183558872708878454294671/surface_1.3.6.1.4.1.14519.5.2.1.6279.6001.200513183558872708878454294671.png,outputs/luna16_saliency_synthetic_gt/1.3.6.1.4.1.14519.5.2.1.6279.6001.200513183558872708878454294671/surface_grid_float_1.3.6.1.4.1.14519.5.2.1.6279.6001.200513183558872708878454294671.npy,0.553023933636007,0.32781803607940674,0.24838906526565552,0.9803921580314636,5.62127685546875,1.4121644496917725,0.09548819996416565,0.11358947582542894,0.1573614925146103,0.9303293228149414,13,5,8,0.0,0.014843877529021766,good_or_low_review,566
ground_truth,1.3.6.1.4.1.14519.5.2.1.6279.6001.277662902666135640561346462196,outputs/luna16_saliency_synthetic_gt/1.3.6.1.4.1.14519.5.2.1.6279.6001.277662902666135640561346462196/surface_1.3.6.1.4.1.14519.5.2.1.6279.6001.277662902666135640561346462196.png,outputs/luna16_saliency_synthetic_gt/1.3.6.1.4.1.14519.5.2.1.6279.6001.277662902666135640561346462196/surface_grid_float_1.3.6.1.4.1.14519.5.2.1.6279.6001.277662902666135640561346462196.npy,0.47165854978354976,0.33752062916755676,0.23610267043113708,0.9882352948188782,5.453399658203125,1.5599547624588013,0.0977336384356022,0.11902224548161026,0.1599108725786209,0.974072277545929,13,5,8,0.0,0.014824271856000024,good_or_low_review,567
ground_truth,1.3.6.1.4.1.14519.5.2.1.6279.6001.156322145453198768801776721493,outputs/luna16_saliency_synthetic_gt/1.3.6.1.4.1.14519.5.2.1.6279.6001.156322145453198768801776721493/surface_1.3.6.1.4.1.14519.5.2.1.6279.6001.156322145453198768801776721493.png,outputs/luna16_saliency_synthetic_gt/1.3.6.1.4.1.14519.5.2.1.6279.6001.156322145453198768801776721493/surface_grid_float_1.3.6.1.4.1.14519.5.2.1.6279.6001.156322145453198768801776721493.npy,0.45001543599674443,0.3224320113658905,0.2183787077665329,0.8470588326454163,5.4225006103515625,1.5146409273147583,0.0991348192095756,0.12038239508867264,0.1658952236175537,0.9752498865127563,13,5,8,0.0,0.01481619483994113,good_or_low_review,568
ground_truth,1.3.6.1.4.1.14519.5.2.1.6279.6001.117383608379722740629083782428,outputs/luna16_saliency_synthetic_gt/1.3.6.1.4.1.14519.5.2.1.6279.6001.117383608379722740629083782428/surface_1.3.6.1.4.1.14519.5.2.1.6279.6001.117383608379722740629083782428.png,outputs/luna16_saliency_synthetic_gt/1.3.6.1.4.1.14519.5.2.1.6279.6001.117383608379722740629083782428/surface_grid_float_1.3.6.1.4.1.14519.5.2.1.6279.6001.117383608379722740629083782428.npy,0.5182625482625483,0.36917802691459656,0.2435971051454544,0.9960784316062927,5.4097137451171875,1.3985103368759155,0.10484444238245486,0.12545885965228082,0.16648919880390167,0.8873291015625,13,5,8,1.0,0.014751797812680403,good_or_low_review,569
ground_truth,1.3.6.1.4.1.14519.5.2.1.6279.6001.160586340600816116143631200450,outputs/luna16_saliency_synthetic_gt/1.3.6.1.4.1.14519.5.2.1.6279.6001.160586340600816116143631200450/surface_1.3.6.1.4.1.14519.5.2.1.6279.6001.160586340600816116143631200450.png,outputs/luna16_saliency_synthetic_gt/1.3.6.1.4.1.14519.5.2.1.6279.6001.160586340600816116143631200450/surface_grid_float_1.3.6.1.4.1.14519.5.2.1.6279.6001.160586340600816116143631200450.npy,0.5236334878246156,0.33119937777519226,0.2600136697292328,1.0,5.1685638427734375,1.4250134229660034,0.11349776946008198,0.13740523099899296,0.19137124717235565,0.9010695219039917,13,5,8,0.0,0.014738806716601055,good_or_low_review,570
ground_truth,1.3.6.1.4.1.14519.5.2.1.6279.6001.337005960787660957389988207064,outputs/luna16_saliency_synthetic_gt/1.3.6.1.4.1.14519.5.2.1.6279.6001.337005960787660957389988207064/surface_1.3.6.1.4.1.14519.5.2.1.6279.6001.337005960787660957389988207064.png,outputs/luna16_saliency_synthetic_gt/1.3.6.1.4.1.14519.5.2.1.6279.6001.337005960787660957389988207064/surface_grid_float_1.3.6.1.4.1.14519.5.2.1.6279.6001.337005960787660957389988207064.npy,0.5006814190375835,0.3417338728904724,0.23243480920791626,0.9647058844566345,5.5582733154296875,1.3801332712173462,0.09257980734109883,0.11108925774693487,0.1495928019285202,0.9547874927520752,13,5,8,0.0,0.014718216575351026,good_or_low_review,571
ground_truth,1.3.6.1.4.1.14519.5.2.1.6279.6001.346115813056769250958550383763,outputs/luna16_saliency_synthetic_gt/1.3.6.1.4.1.14519.5.2.1.6279.6001.346115813056769250958550383763/surface_1.3.6.1.4.1.14519.5.2.1.6279.6001.346115813056769250958550383763.png,outputs/luna16_saliency_synthetic_gt/1.3.6.1.4.1.14519.5.2.1.6279.6001.346115813056769250958550383763/surface_grid_float_1.3.6.1.4.1.14519.5.2.1.6279.6001.346115813056769250958550383763.npy,0.45998234774933805,0.3452562093734741,0.23048950731754303,0.9098039269447327,5.2796173095703125,1.447404384613037,0.11126191876828664,0.1330099667608738,0.18680469691753387,0.8629503846168518,13,5,8,0.0,0.014707328706814182,good_or_low_review,572
ground_truth,1.3.6.1.4.1.14519.5.2.1.6279.6001.663019255629770796363333877035,outputs/luna16_saliency_synthetic_gt/1.3.6.1.4.1.14519.5.2.1.6279.6001.663019255629770796363333877035/surface_1.3.6.1.4.1.14519.5.2.1.6279.6001.663019255629770796363333877035.png,outputs/luna16_saliency_synthetic_gt/1.3.6.1.4.1.14519.5.2.1.6279.6001.663019255629770796363333877035/surface_grid_float_1.3.6.1.4.1.14519.5.2.1.6279.6001.663019255629770796363333877035.npy,0.48891137532675605,0.37795284390449524,0.2625269591808319,1.0,5.03924560546875,1.2898684740066528,0.11599395237863064,0.14035289883613586,0.19049644470214844,0.9374523758888245,13,5,8,0.0,0.014692557142840491,good_or_low_review,573
ground_truth,1.3.6.1.4.1.14519.5.2.1.6279.6001.246225645401227472829175288633,outputs/luna16_saliency_synthetic_gt/1.3.6.1.4.1.14519.5.2.1.6279.6001.246225645401227472829175288633/surface_1.3.6.1.4.1.14519.5.2.1.6279.6001.246225645401227472829175288633.png,outputs/luna16_saliency_synthetic_gt/1.3.6.1.4.1.14519.5.2.1.6279.6001.246225645401227472829175288633/surface_grid_float_1.3.6.1.4.1.14519.5.2.1.6279.6001.246225645401227472829175288633.npy,0.6203638587371961,0.3416975736618042,0.24635733664035797,0.9725490212440491,5.3955841064453125,1.4940980672836304,0.09966541081666945,0.12022519938647745,0.16272103786468506,0.9405661821365356,13,5,8,0.0,0.0146895432304177,good_or_low_review,574
ground_truth,1.3.6.1.4.1.14519.5.2.1.6279.6001.877026508860018521147620598474,outputs/luna16_saliency_synthetic_gt/1.3.6.1.4.1.14519.5.2.1.6279.6001.877026508860018521147620598474/surface_1.3.6.1.4.1.14519.5.2.1.6279.6001.877026508860018521147620598474.png,outputs/luna16_saliency_synthetic_gt/1.3.6.1.4.1.14519.5.2.1.6279.6001.877026508860018521147620598474/surface_grid_float_1.3.6.1.4.1.14519.5.2.1.6279.6001.877026508860018521147620598474.npy,0.5064812186583404,0.34609508514404297,0.26944953203201294,1.0,5.010650634765625,1.3451732397079468,0.11568486392498008,0.1406338286399841,0.19792619347572327,0.9037479758262634,13,5,8,0.0,0.01457842808564504,good_or_low_review,575
ground_truth,1.3.6.1.4.1.14519.5.2.1.6279.6001.159996104466052855396410079250,outputs/luna16_saliency_synthetic_gt/1.3.6.1.4.1.14519.5.2.1.6279.6001.159996104466052855396410079250/surface_1.3.6.1.4.1.14519.5.2.1.6279.6001.159996104466052855396410079250.png,outputs/luna16_saliency_synthetic_gt/1.3.6.1.4.1.14519.5.2.1.6279.6001.159996104466052855396410079250/surface_grid_float_1.3.6.1.4.1.14519.5.2.1.6279.6001.159996104466052855396410079250.npy,0.6944168734491315,0.28781381249427795,0.23069489002227783,0.9058823585510254,5.3805389404296875,1.4897550344467163,0.09960704296827316,0.1192294992506504,0.16915947198867798,0.8923156261444092,13,5,8,0.0,0.014527373491889902,good_or_low_review,576
ground_truth,1.3.6.1.4.1.14519.5.2.1.6279.6001.179049373636438705059720603192,outputs/luna16_saliency_synthetic_gt/1.3.6.1.4.1.14519.5.2.1.6279.6001.179049373636438705059720603192/surface_1.3.6.1.4.1.14519.5.2.1.6279.6001.179049373636438705059720603192.png,outputs/luna16_saliency_synthetic_gt/1.3.6.1.4.1.14519.5.2.1.6279.6001.179049373636438705059720603192/surface_grid_float_1.3.6.1.4.1.14519.5.2.1.6279.6001.179049373636438705059720603192.npy,0.5506105787525513,0.3496817648410797,0.24605825543403625,0.9647058844566345,5.3375091552734375,1.3229529857635498,0.10389112010598181,0.12326821640133863,0.1752433180809021,0.8699159622192383,13,5,8,0.0,0.014527041666871974,good_or_low_review,577
ground_truth,1.3.6.1.4.1.14519.5.2.1.6279.6001.193808128386712859512130599234,outputs/luna16_saliency_synthetic_gt/1.3.6.1.4.1.14519.5.2.1.6279.6001.193808128386712859512130599234/surface_1.3.6.1.4.1.14519.5.2.1.6279.6001.193808128386712859512130599234.png,outputs/luna16_saliency_synthetic_gt/1.3.6.1.4.1.14519.5.2.1.6279.6001.193808128386712859512130599234/surface_grid_float_1.3.6.1.4.1.14519.5.2.1.6279.6001.193808128386712859512130599234.npy,0.3900796782323142,0.32976147532463074,0.23821406066417694,0.9725490212440491,5.3797454833984375,1.376348853111267,0.0962313748896122,0.115883357077837,0.1652868688106537,0.9283691644668579,13,5,8,0.0,0.014505785772369969,good_or_low_review,578
ground_truth,1.3.6.1.4.1.14519.5.2.1.6279.6001.171919524048654494439256263785,outputs/luna16_saliency_synthetic_gt/1.3.6.1.4.1.14519.5.2.1.6279.6001.171919524048654494439256263785/surface_1.3.6.1.4.1.14519.5.2.1.6279.6001.171919524048654494439256263785.png,outputs/luna16_saliency_synthetic_gt/1.3.6.1.4.1.14519.5.2.1.6279.6001.171919524048654494439256263785/surface_grid_float_1.3.6.1.4.1.14519.5.2.1.6279.6001.171919524048654494439256263785.npy,0.5195166183624006,0.31303155422210693,0.2213328778743744,0.8784313797950745,5.250335693359375,1.4987578392028809,0.10715165734291077,0.12796245515346527,0.1816624104976654,0.8593369126319885,13,5,8,0.0,0.014499070727162892,good_or_low_review,579
ground_truth,1.3.6.1.4.1.14519.5.2.1.6279.6001.139713436241461669335487719526,outputs/luna16_saliency_synthetic_gt/1.3.6.1.4.1.14519.5.2.1.6279.6001.139713436241461669335487719526/surface_1.3.6.1.4.1.14519.5.2.1.6279.6001.139713436241461669335487719526.png,outputs/luna16_saliency_synthetic_gt/1.3.6.1.4.1.14519.5.2.1.6279.6001.139713436241461669335487719526/surface_grid_float_1.3.6.1.4.1.14519.5.2.1.6279.6001.139713436241461669335487719526.npy,0.46088274044795785,0.3416750431060791,0.23258167505264282,0.9372549057006836,5.3909454345703125,1.503899335861206,0.09174324162304404,0.1109272523224353,0.15280328691005707,0.9537299871444702,13,5,8,0.0,0.014432126598722402,good_or_low_review,580
ground_truth,1.3.6.1.4.1.14519.5.2.1.6279.6001.282512043257574309474415322775,outputs/luna16_saliency_synthetic_gt/1.3.6.1.4.1.14519.5.2.1.6279.6001.282512043257574309474415322775/surface_1.3.6.1.4.1.14519.5.2.1.6279.6001.282512043257574309474415322775.png,outputs/luna16_saliency_synthetic_gt/1.3.6.1.4.1.14519.5.2.1.6279.6001.282512043257574309474415322775/surface_grid_float_1.3.6.1.4.1.14519.5.2.1.6279.6001.282512043257574309474415322775.npy,0.5381787802840434,0.35407754778862,0.24036626517772675,1.0,5.3203125,1.4042719602584839,0.09415277466177939,0.11393056914210319,0.15288755297660828,0.9451452493667603,13,5,8,0.0,0.014385427350633674,good_or_low_review,581
ground_truth,1.3.6.1.4.1.14519.5.2.1.6279.6001.144438612068946916340281098509,outputs/luna16_saliency_synthetic_gt/1.3.6.1.4.1.14519.5.2.1.6279.6001.144438612068946916340281098509/surface_1.3.6.1.4.1.14519.5.2.1.6279.6001.144438612068946916340281098509.png,outputs/luna16_saliency_synthetic_gt/1.3.6.1.4.1.14519.5.2.1.6279.6001.144438612068946916340281098509/surface_grid_float_1.3.6.1.4.1.14519.5.2.1.6279.6001.144438612068946916340281098509.npy,0.5054213738475523,0.3313870429992676,0.21493208408355713,0.8705882430076599,5.1896820068359375,1.4474208354949951,0.10045353770256041,0.12186054438352585,0.1650507152080536,0.9329773187637329,13,5,8,0.0,0.014378569273485076,good_or_low_review,582
ground_truth,1.3.6.1.4.1.14519.5.2.1.6279.6001.110678335949765929063942738609,outputs/luna16_saliency_synthetic_gt/1.3.6.1.4.1.14519.5.2.1.6279.6001.110678335949765929063942738609/surface_1.3.6.1.4.1.14519.5.2.1.6279.6001.110678335949765929063942738609.png,outputs/luna16_saliency_synthetic_gt/1.3.6.1.4.1.14519.5.2.1.6279.6001.110678335949765929063942738609/surface_grid_float_1.3.6.1.4.1.14519.5.2.1.6279.6001.110678335949765929063942738609.npy,0.6473993668023519,0.308219313621521,0.24344927072525024,0.981019608974442,4.9870452880859375,1.287603497505188,0.10948677137494074,0.13271895051002514,0.18863937258720398,0.885003387928009,13,5,8,0.0,0.014259984857506226,good_or_low_review,583
ground_truth,1.3.6.1.4.1.14519.5.2.1.6279.6001.220205300714852483483213840572,outputs/luna16_saliency_synthetic_gt/1.3.6.1.4.1.14519.5.2.1.6279.6001.220205300714852483483213840572/surface_1.3.6.1.4.1.14519.5.2.1.6279.6001.220205300714852483483213840572.png,outputs/luna16_saliency_synthetic_gt/1.3.6.1.4.1.14519.5.2.1.6279.6001.220205300714852483483213840572/surface_grid_float_1.3.6.1.4.1.14519.5.2.1.6279.6001.220205300714852483483213840572.npy,0.5305820301656334,0.35559555888175964,0.2380547672510147,0.9882352948188782,5.229583740234375,1.4648433923721313,0.09795246049761772,0.11766752168536186,0.16166262328624725,0.8957492709159851,13,5,8,0.0,0.014236552486320336,good_or_low_review,584
ground_truth,1.3.6.1.4.1.14519.5.2.1.6279.6001.206097113343059612247503064658,outputs/luna16_saliency_synthetic_gt/1.3.6.1.4.1.14519.5.2.1.6279.6001.206097113343059612247503064658/surface_1.3.6.1.4.1.14519.5.2.1.6279.6001.206097113343059612247503064658.png,outputs/luna16_saliency_synthetic_gt/1.3.6.1.4.1.14519.5.2.1.6279.6001.206097113343059612247503064658/surface_grid_float_1.3.6.1.4.1.14519.5.2.1.6279.6001.206097113343059612247503064658.npy,0.5916807333909726,0.3096514344215393,0.24836242198944092,1.0,5.2711029052734375,1.4364584684371948,0.09325198307633396,0.11240857034921646,0.1556367725133896,0.9219986200332642,13,5,8,0.0,0.0142063144415617,good_or_low_review,585
ground_truth,1.3.6.1.4.1.14519.5.2.1.6279.6001.466284753932369813717081722101,outputs/luna16_saliency_synthetic_gt/1.3.6.1.4.1.14519.5.2.1.6279.6001.466284753932369813717081722101/surface_1.3.6.1.4.1.14519.5.2.1.6279.6001.466284753932369813717081722101.png,outputs/luna16_saliency_synthetic_gt/1.3.6.1.4.1.14519.5.2.1.6279.6001.466284753932369813717081722101/surface_grid_float_1.3.6.1.4.1.14519.5.2.1.6279.6001.466284753932369813717081722101.npy,0.5375939849624061,0.3777662217617035,0.25660547614097595,1.0,5.1187744140625,1.3850784301757812,0.10273656994104381,0.12378615006804468,0.16625796258449554,0.8766176104545593,13,5,8,0.0,0.014192914326488972,good_or_low_review,586
ground_truth,1.3.6.1.4.1.14519.5.2.1.6279.6001.200841000324240313648595016964,outputs/luna16_saliency_synthetic_gt/1.3.6.1.4.1.14519.5.2.1.6279.6001.200841000324240313648595016964/surface_1.3.6.1.4.1.14519.5.2.1.6279.6001.200841000324240313648595016964.png,outputs/luna16_saliency_synthetic_gt/1.3.6.1.4.1.14519.5.2.1.6279.6001.200841000324240313648595016964/surface_grid_float_1.3.6.1.4.1.14519.5.2.1.6279.6001.200841000324240313648595016964.npy,0.4614258606668474,0.32331356406211853,0.24153949320316315,1.0,5.3933258056640625,1.4528061151504517,0.09133714213967326,0.10786750450730329,0.1526813507080078,0.8551663160324097,13,5,8,0.0,0.014125271069175669,good_or_low_review,587
ground_truth,1.3.6.1.4.1.14519.5.2.1.6279.6001.310626494937915759224334597176,outputs/luna16_saliency_synthetic_gt/1.3.6.1.4.1.14519.5.2.1.6279.6001.310626494937915759224334597176/surface_1.3.6.1.4.1.14519.5.2.1.6279.6001.310626494937915759224334597176.png,outputs/luna16_saliency_synthetic_gt/1.3.6.1.4.1.14519.5.2.1.6279.6001.310626494937915759224334597176/surface_grid_float_1.3.6.1.4.1.14519.5.2.1.6279.6001.310626494937915759224334597176.npy,0.644379729783272,0.34886083006858826,0.2530456483364105,1.0,4.9456329345703125,1.428514003753662,0.10361924283206463,0.1268106721341609,0.1671423614025116,0.8946685791015625,13,5,8,0.0,0.014035194119645487,good_or_low_review,588
ground_truth,1.3.6.1.4.1.14519.5.2.1.6279.6001.776800177074349870648765614630,outputs/luna16_saliency_synthetic_gt/1.3.6.1.4.1.14519.5.2.1.6279.6001.776800177074349870648765614630/surface_1.3.6.1.4.1.14519.5.2.1.6279.6001.776800177074349870648765614630.png,outputs/luna16_saliency_synthetic_gt/1.3.6.1.4.1.14519.5.2.1.6279.6001.776800177074349870648765614630/surface_grid_float_1.3.6.1.4.1.14519.5.2.1.6279.6001.776800177074349870648765614630.npy,0.6257195185766614,0.33003172278404236,0.23855076730251312,1.0,4.9376373291015625,1.3676379919052124,0.10792594961822029,0.13006631508469582,0.18013378977775574,0.8379741907119751,13,5,8,0.0,0.013993549869292311,good_or_low_review,589
ground_truth,1.3.6.1.4.1.14519.5.2.1.6279.6001.227885601428639043345478571594,outputs/luna16_saliency_synthetic_gt/1.3.6.1.4.1.14519.5.2.1.6279.6001.227885601428639043345478571594/surface_1.3.6.1.4.1.14519.5.2.1.6279.6001.227885601428639043345478571594.png,outputs/luna16_saliency_synthetic_gt/1.3.6.1.4.1.14519.5.2.1.6279.6001.227885601428639043345478571594/surface_grid_float_1.3.6.1.4.1.14519.5.2.1.6279.6001.227885601428639043345478571594.npy,0.5851437019218723,0.3073251247406006,0.21962355077266693,0.8784313797950745,5.5130615234375,1.3761296272277832,0.0833581201732158,0.09733073927462103,0.13767439126968384,0.837509036064148,13,5,8,0.0,0.013969489241888126,good_or_low_review,590
ground_truth,1.3.6.1.4.1.14519.5.2.1.6279.6001.254138388912084634057282064266,outputs/luna16_saliency_synthetic_gt/1.3.6.1.4.1.14519.5.2.1.6279.6001.254138388912084634057282064266/surface_1.3.6.1.4.1.14519.5.2.1.6279.6001.254138388912084634057282064266.png,outputs/luna16_saliency_synthetic_gt/1.3.6.1.4.1.14519.5.2.1.6279.6001.254138388912084634057282064266/surface_grid_float_1.3.6.1.4.1.14519.5.2.1.6279.6001.254138388912084634057282064266.npy,0.5778526521853706,0.31705230474472046,0.2671574652194977,1.0,4.8994140625,1.3001809120178223,0.10643184743821621,0.1303907297551632,0.19002841413021088,0.8508211374282837,13,5,8,0.0,0.013968125635551082,good_or_low_review,591
ground_truth,1.3.6.1.4.1.14519.5.2.1.6279.6001.340012777775661021262977442176,outputs/luna16_saliency_synthetic_gt/1.3.6.1.4.1.14519.5.2.1.6279.6001.340012777775661021262977442176/surface_1.3.6.1.4.1.14519.5.2.1.6279.6001.340012777775661021262977442176.png,outputs/luna16_saliency_synthetic_gt/1.3.6.1.4.1.14519.5.2.1.6279.6001.340012777775661021262977442176/surface_grid_float_1.3.6.1.4.1.14519.5.2.1.6279.6001.340012777775661021262977442176.npy,0.477679394945582,0.37484169006347656,0.2139662653207779,0.9019607901573181,4.7848358154296875,1.2455216646194458,0.10932553373277187,0.13362193360924718,0.18843139708042145,0.8917297124862671,13,5,8,0.0,0.01396500595062971,good_or_low_review,592
ground_truth,1.3.6.1.4.1.14519.5.2.1.6279.6001.525937963993475482158828421281,outputs/luna16_saliency_synthetic_gt/1.3.6.1.4.1.14519.5.2.1.6279.6001.525937963993475482158828421281/surface_1.3.6.1.4.1.14519.5.2.1.6279.6001.525937963993475482158828421281.png,outputs/luna16_saliency_synthetic_gt/1.3.6.1.4.1.14519.5.2.1.6279.6001.525937963993475482158828421281/surface_grid_float_1.3.6.1.4.1.14519.5.2.1.6279.6001.525937963993475482158828421281.npy,0.4602038671710803,0.32575723528862,0.21311110258102417,0.9137254953384399,5.3792877197265625,1.4859559535980225,0.08101649843156339,0.09686947233974935,0.13359655439853668,0.9171522855758667,13,5,8,0.0,0.013909679893238675,good_or_low_review,593
ground_truth,1.3.6.1.4.1.14519.5.2.1.6279.6001.220596530836092324070084384692,outputs/luna16_saliency_synthetic_gt/1.3.6.1.4.1.14519.5.2.1.6279.6001.220596530836092324070084384692/surface_1.3.6.1.4.1.14519.5.2.1.6279.6001.220596530836092324070084384692.png,outputs/luna16_saliency_synthetic_gt/1.3.6.1.4.1.14519.5.2.1.6279.6001.220596530836092324070084384692/surface_grid_float_1.3.6.1.4.1.14519.5.2.1.6279.6001.220596530836092324070084384692.npy,0.5160912901171487,0.37803685665130615,0.24018515646457672,1.0,5.1863250732421875,1.3481159210205078,0.0898054987192154,0.10810899585485459,0.14543119072914124,0.9083290100097656,13,5,8,0.0,0.013905653908848762,good_or_low_review,594
ground_truth,1.3.6.1.4.1.14519.5.2.1.6279.6001.233652865358649579816568545171,outputs/luna16_saliency_synthetic_gt/1.3.6.1.4.1.14519.5.2.1.6279.6001.233652865358649579816568545171/surface_1.3.6.1.4.1.14519.5.2.1.6279.6001.233652865358649579816568545171.png,outputs/luna16_saliency_synthetic_gt/1.3.6.1.4.1.14519.5.2.1.6279.6001.233652865358649579816568545171/surface_grid_float_1.3.6.1.4.1.14519.5.2.1.6279.6001.233652865358649579816568545171.npy,0.6146049481245012,0.38046106696128845,0.25709766149520874,1.0,4.8842315673828125,1.3474266529083252,0.10311338827013967,0.12578817680478083,0.16654112935066223,0.8907278776168823,13,5,8,0.0,0.013893426533374519,good_or_low_review,595
ground_truth,1.3.6.1.4.1.14519.5.2.1.6279.6001.986011151772797848993829243183,outputs/luna16_saliency_synthetic_gt/1.3.6.1.4.1.14519.5.2.1.6279.6001.986011151772797848993829243183/surface_1.3.6.1.4.1.14519.5.2.1.6279.6001.986011151772797848993829243183.png,outputs/luna16_saliency_synthetic_gt/1.3.6.1.4.1.14519.5.2.1.6279.6001.986011151772797848993829243183/surface_grid_float_1.3.6.1.4.1.14519.5.2.1.6279.6001.986011151772797848993829243183.npy,0.6017715476670701,0.342830091714859,0.2260969877243042,0.8627451062202454,5.367523193359375,1.2651175260543823,0.08973400667309761,0.10597762167453778,0.15509748458862305,0.7914910912513733,13,5,8,1.0,0.013884069730838144,good_or_low_review,596
ground_truth,1.3.6.1.4.1.14519.5.2.1.6279.6001.233001470265230594739708503198,outputs/luna16_saliency_synthetic_gt/1.3.6.1.4.1.14519.5.2.1.6279.6001.233001470265230594739708503198/surface_1.3.6.1.4.1.14519.5.2.1.6279.6001.233001470265230594739708503198.png,outputs/luna16_saliency_synthetic_gt/1.3.6.1.4.1.14519.5.2.1.6279.6001.233001470265230594739708503198/surface_grid_float_1.3.6.1.4.1.14519.5.2.1.6279.6001.233001470265230594739708503198.npy,0.6836701527637038,0.30559173226356506,0.24225638806819916,0.9529411792755127,5.0945587158203125,1.3347439765930176,0.09797603189945217,0.11641854405403136,0.15838779509067535,0.8503692150115967,13,5,8,0.0,0.013873196881347232,good_or_low_review,597
ground_truth,1.3.6.1.4.1.14519.5.2.1.6279.6001.164790817284381538042494285101,outputs/luna16_saliency_synthetic_gt/1.3.6.1.4.1.14519.5.2.1.6279.6001.164790817284381538042494285101/surface_1.3.6.1.4.1.14519.5.2.1.6279.6001.164790817284381538042494285101.png,outputs/luna16_saliency_synthetic_gt/1.3.6.1.4.1.14519.5.2.1.6279.6001.164790817284381538042494285101/surface_grid_float_1.3.6.1.4.1.14519.5.2.1.6279.6001.164790817284381538042494285101.npy,0.5695214697328251,0.3747040331363678,0.2368532121181488,0.9715294134616772,5.132415771484375,1.184797763824463,0.08408298641443246,0.1380428981781006,0.3078196942806244,0.5124080181121826,13,5,8,3.0,0.01383399771584405,good_or_low_review,598
ground_truth,1.3.6.1.4.1.14519.5.2.1.6279.6001.339882192295517122002429068974,outputs/luna16_saliency_synthetic_gt/1.3.6.1.4.1.14519.5.2.1.6279.6001.339882192295517122002429068974/surface_1.3.6.1.4.1.14519.5.2.1.6279.6001.339882192295517122002429068974.png,outputs/luna16_saliency_synthetic_gt/1.3.6.1.4.1.14519.5.2.1.6279.6001.339882192295517122002429068974/surface_grid_float_1.3.6.1.4.1.14519.5.2.1.6279.6001.339882192295517122002429068974.npy,0.586329104010025,0.37652137875556946,0.2739003300666809,1.0,4.97210693359375,1.1973562240600586,0.10269929431378837,0.12164733149111273,0.16800664365291595,0.8272773027420044,13,5,8,0.0,0.01377465884014964,good_or_low_review,599
ground_truth,1.3.6.1.4.1.14519.5.2.1.6279.6001.944888107209008719031293531091,outputs/luna16_saliency_synthetic_gt/1.3.6.1.4.1.14519.5.2.1.6279.6001.944888107209008719031293531091/surface_1.3.6.1.4.1.14519.5.2.1.6279.6001.944888107209008719031293531091.png,outputs/luna16_saliency_synthetic_gt/1.3.6.1.4.1.14519.5.2.1.6279.6001.944888107209008719031293531091/surface_grid_float_1.3.6.1.4.1.14519.5.2.1.6279.6001.944888107209008719031293531091.npy,0.45178747534516767,0.3672155439853668,0.2300722748041153,0.9725490212440491,5.1568756103515625,1.2810122966766357,0.08785782754421236,0.10543311655521392,0.14703059196472168,0.8992969393730164,13,5,8,0.0,0.013756223823626837,good_or_low_review,600
ground_truth,1.3.6.1.4.1.14519.5.2.1.6279.6001.277452631455527999380186898011,outputs/luna16_saliency_synthetic_gt/1.3.6.1.4.1.14519.5.2.1.6279.6001.277452631455527999380186898011/surface_1.3.6.1.4.1.14519.5.2.1.6279.6001.277452631455527999380186898011.png,outputs/luna16_saliency_synthetic_gt/1.3.6.1.4.1.14519.5.2.1.6279.6001.277452631455527999380186898011/surface_grid_float_1.3.6.1.4.1.14519.5.2.1.6279.6001.277452631455527999380186898011.npy,0.5696297688404435,0.33645614981651306,0.24454572796821594,0.9960784316062927,4.9596710205078125,1.3388789892196655,0.09682790786027906,0.11745891898870466,0.1641545444726944,0.8836237192153931,13,5,8,0.0,0.013753494202097257,good_or_low_review,601
ground_truth,1.3.6.1.4.1.14519.5.2.1.6279.6001.192419869605596446455526220766,outputs/luna16_saliency_synthetic_gt/1.3.6.1.4.1.14519.5.2.1.6279.6001.192419869605596446455526220766/surface_1.3.6.1.4.1.14519.5.2.1.6279.6001.192419869605596446455526220766.png,outputs/luna16_saliency_synthetic_gt/1.3.6.1.4.1.14519.5.2.1.6279.6001.192419869605596446455526220766/surface_grid_float_1.3.6.1.4.1.14519.5.2.1.6279.6001.192419869605596446455526220766.npy,0.5800377583465819,0.37056970596313477,0.23646944761276245,1.0,5.1618499755859375,1.2877652645111084,0.08992785848677157,0.10694654069840906,0.14353832602500916,0.8576377034187317,13,5,8,0.0,0.013717341076748237,good_or_low_review,602
ground_truth,1.3.6.1.4.1.14519.5.2.1.6279.6001.428038562098395445838061018440,outputs/luna16_saliency_synthetic_gt/1.3.6.1.4.1.14519.5.2.1.6279.6001.428038562098395445838061018440/surface_1.3.6.1.4.1.14519.5.2.1.6279.6001.428038562098395445838061018440.png,outputs/luna16_saliency_synthetic_gt/1.3.6.1.4.1.14519.5.2.1.6279.6001.428038562098395445838061018440/surface_grid_float_1.3.6.1.4.1.14519.5.2.1.6279.6001.428038562098395445838061018440.npy,0.658800985491377,0.31568431854248047,0.2473626583814621,0.9647058844566345,4.9398956298828125,1.4114102125167847,0.09760338664054868,0.11745578050613402,0.15958915650844574,0.8760297894477844,13,5,8,0.0,0.013703565663761562,good_or_low_review,603
ground_truth,1.3.6.1.4.1.14519.5.2.1.6279.6001.108231420525711026834210228428,outputs/luna16_saliency_synthetic_gt/1.3.6.1.4.1.14519.5.2.1.6279.6001.108231420525711026834210228428/surface_1.3.6.1.4.1.14519.5.2.1.6279.6001.108231420525711026834210228428.png,outputs/luna16_saliency_synthetic_gt/1.3.6.1.4.1.14519.5.2.1.6279.6001.108231420525711026834210228428/surface_grid_float_1.3.6.1.4.1.14519.5.2.1.6279.6001.108231420525711026834210228428.npy,0.356646294881589,0.3499690890312195,0.21854925155639648,0.9254902005195618,5.059783935546875,1.2652418613433838,0.09076020009815694,0.10932810790836812,0.15482492744922638,0.8898577094078064,13,5,8,0.0,0.013690278039624294,good_or_low_review,604
ground_truth,1.3.6.1.4.1.14519.5.2.1.6279.6001.183982839679953938397312236359,outputs/luna16_saliency_synthetic_gt/1.3.6.1.4.1.14519.5.2.1.6279.6001.183982839679953938397312236359/surface_1.3.6.1.4.1.14519.5.2.1.6279.6001.183982839679953938397312236359.png,outputs/luna16_saliency_synthetic_gt/1.3.6.1.4.1.14519.5.2.1.6279.6001.183982839679953938397312236359/surface_grid_float_1.3.6.1.4.1.14519.5.2.1.6279.6001.183982839679953938397312236359.npy,0.5574239417989418,0.320568710565567,0.24496936798095703,0.9372549057006836,4.8817291259765625,1.3511302471160889,0.09952001422643657,0.1202520029991865,0.16975660622119904,0.8499903082847595,13,5,8,0.0,0.013632642651680443,good_or_low_review,605
ground_truth,1.3.6.1.4.1.14519.5.2.1.6279.6001.163994693532965040247348251579,outputs/luna16_saliency_synthetic_gt/1.3.6.1.4.1.14519.5.2.1.6279.6001.163994693532965040247348251579/surface_1.3.6.1.4.1.14519.5.2.1.6279.6001.163994693532965040247348251579.png,outputs/luna16_saliency_synthetic_gt/1.3.6.1.4.1.14519.5.2.1.6279.6001.163994693532965040247348251579/surface_grid_float_1.3.6.1.4.1.14519.5.2.1.6279.6001.163994693532965040247348251579.npy,0.596464829586657,0.3790511190891266,0.23405663669109344,1.0,5.122314453125,1.2075904607772827,0.09555994644761084,0.11327856808900832,0.15429283678531647,0.7634619474411011,13,5,8,0.0,0.013632129903303253,good_or_low_review,606
ground_truth,1.3.6.1.4.1.14519.5.2.1.6279.6001.252634638822000832774167856951,outputs/luna16_saliency_synthetic_gt/1.3.6.1.4.1.14519.5.2.1.6279.6001.252634638822000832774167856951/surface_1.3.6.1.4.1.14519.5.2.1.6279.6001.252634638822000832774167856951.png,outputs/luna16_saliency_synthetic_gt/1.3.6.1.4.1.14519.5.2.1.6279.6001.252634638822000832774167856951/surface_grid_float_1.3.6.1.4.1.14519.5.2.1.6279.6001.252634638822000832774167856951.npy,0.5717177672955975,0.3468119204044342,0.23878370225429535,0.9573333358764609,4.9499664306640625,1.2648099660873413,0.09836589395999906,0.11696686558425426,0.1609848290681839,0.8246170878410339,13,5,8,0.0,0.013591432436058917,good_or_low_review,607
ground_truth,1.3.6.1.4.1.14519.5.2.1.6279.6001.747803439040091794717626507402,outputs/luna16_saliency_synthetic_gt/1.3.6.1.4.1.14519.5.2.1.6279.6001.747803439040091794717626507402/surface_1.3.6.1.4.1.14519.5.2.1.6279.6001.747803439040091794717626507402.png,outputs/luna16_saliency_synthetic_gt/1.3.6.1.4.1.14519.5.2.1.6279.6001.747803439040091794717626507402/surface_grid_float_1.3.6.1.4.1.14519.5.2.1.6279.6001.747803439040091794717626507402.npy,0.5495297109984466,0.35482022166252136,0.22991758584976196,0.929411768913269,4.818572998046875,1.340502142906189,0.10113491117954254,0.1221038177609443,0.17160536348819733,0.8271317481994629,13,5,8,0.0,0.013532140081127481,good_or_low_review,608
ground_truth,1.3.6.1.4.1.14519.5.2.1.6279.6001.176869045992276345870480098568,outputs/luna16_saliency_synthetic_gt/1.3.6.1.4.1.14519.5.2.1.6279.6001.176869045992276345870480098568/surface_1.3.6.1.4.1.14519.5.2.1.6279.6001.176869045992276345870480098568.png,outputs/luna16_saliency_synthetic_gt/1.3.6.1.4.1.14519.5.2.1.6279.6001.176869045992276345870480098568/surface_grid_float_1.3.6.1.4.1.14519.5.2.1.6279.6001.176869045992276345870480098568.npy,0.39119344628560787,0.4466131627559662,0.2195945829153061,1.0,4.756591796875,1.1607893705368042,0.10383044891059397,0.12551722824573516,0.18085816502571106,0.7925666570663452,13,5,8,0.0,0.013454429080088932,good_or_low_review,609
ground_truth,1.3.6.1.4.1.14519.5.2.1.6279.6001.245391706475696258069508046497,outputs/luna16_saliency_synthetic_gt/1.3.6.1.4.1.14519.5.2.1.6279.6001.245391706475696258069508046497/surface_1.3.6.1.4.1.14519.5.2.1.6279.6001.245391706475696258069508046497.png,outputs/luna16_saliency_synthetic_gt/1.3.6.1.4.1.14519.5.2.1.6279.6001.245391706475696258069508046497/surface_grid_float_1.3.6.1.4.1.14519.5.2.1.6279.6001.245391706475696258069508046497.npy,0.6317591461454382,0.3381172716617584,0.23863109946250916,0.95686274766922,4.9928131103515625,1.3456220626831055,0.08916517458856103,0.10661612696945666,0.14310476183891296,0.8684654235839844,13,5,8,0.0,0.013449762156522936,good_or_low_review,610
ground_truth,1.3.6.1.4.1.14519.5.2.1.6279.6001.114195693932194925962391697338,outputs/luna16_saliency_synthetic_gt/1.3.6.1.4.1.14519.5.2.1.6279.6001.114195693932194925962391697338/surface_1.3.6.1.4.1.14519.5.2.1.6279.6001.114195693932194925962391697338.png,outputs/luna16_saliency_synthetic_gt/1.3.6.1.4.1.14519.5.2.1.6279.6001.114195693932194925962391697338/surface_grid_float_1.3.6.1.4.1.14519.5.2.1.6279.6001.114195693932194925962391697338.npy,0.6586096782117415,0.3160693943500519,0.24620290100574493,1.0,4.9698028564453125,1.3562908172607422,0.09160471558570855,0.10916686713695527,0.1485409289598465,0.8497833609580994,13,5,8,0.0,0.013446418243646622,good_or_low_review,611
ground_truth,1.3.6.1.4.1.14519.5.2.1.6279.6001.339142594937666268384335506819,outputs/luna16_saliency_synthetic_gt/1.3.6.1.4.1.14519.5.2.1.6279.6001.339142594937666268384335506819/surface_1.3.6.1.4.1.14519.5.2.1.6279.6001.339142594937666268384335506819.png,outputs/luna16_saliency_synthetic_gt/1.3.6.1.4.1.14519.5.2.1.6279.6001.339142594937666268384335506819/surface_grid_float_1.3.6.1.4.1.14519.5.2.1.6279.6001.339142594937666268384335506819.npy,0.5920853858784894,0.369978129863739,0.2214125245809555,0.8722745174169552,4.9844818115234375,1.2848777770996094,0.09405341111123548,0.11233658730983737,0.1546827107667923,0.773303210735321,13,5,8,0.0,0.013396018884579341,good_or_low_review,612
ground_truth,1.3.6.1.4.1.14519.5.2.1.6279.6001.866845763956586959109892274084,outputs/luna16_saliency_synthetic_gt/1.3.6.1.4.1.14519.5.2.1.6279.6001.866845763956586959109892274084/surface_1.3.6.1.4.1.14519.5.2.1.6279.6001.866845763956586959109892274084.png,outputs/luna16_saliency_synthetic_gt/1.3.6.1.4.1.14519.5.2.1.6279.6001.866845763956586959109892274084/surface_grid_float_1.3.6.1.4.1.14519.5.2.1.6279.6001.866845763956586959109892274084.npy,0.4660076309399931,0.41546234488487244,0.2594987154006958,1.0,4.677703857421875,1.323301911354065,0.10227565504610538,0.12445717357099056,0.16762372851371765,0.8371542692184448,13,5,8,0.0,0.013390231123318275,good_or_low_review,613
ground_truth,1.3.6.1.4.1.14519.5.2.1.6279.6001.939216568327879462530496768794,outputs/luna16_saliency_synthetic_gt/1.3.6.1.4.1.14519.5.2.1.6279.6001.939216568327879462530496768794/surface_1.3.6.1.4.1.14519.5.2.1.6279.6001.939216568327879462530496768794.png,outputs/luna16_saliency_synthetic_gt/1.3.6.1.4.1.14519.5.2.1.6279.6001.939216568327879462530496768794/surface_grid_float_1.3.6.1.4.1.14519.5.2.1.6279.6001.939216568327879462530496768794.npy,0.5427605824938672,0.33202794194221497,0.2407122254371643,1.0,5.062591552734375,1.3797065019607544,0.08437271602451801,0.10085480660200113,0.14139719307422638,0.8669633865356445,13,5,8,0.0,0.013389882089363203,good_or_low_review,614
ground_truth,1.3.6.1.4.1.14519.5.2.1.6279.6001.313605260055394498989743099991,outputs/luna16_saliency_synthetic_gt/1.3.6.1.4.1.14519.5.2.1.6279.6001.313605260055394498989743099991/surface_1.3.6.1.4.1.14519.5.2.1.6279.6001.313605260055394498989743099991.png,outputs/luna16_saliency_synthetic_gt/1.3.6.1.4.1.14519.5.2.1.6279.6001.313605260055394498989743099991/surface_grid_float_1.3.6.1.4.1.14519.5.2.1.6279.6001.313605260055394498989743099991.npy,0.5406446704867545,0.34182173013687134,0.24013079702854156,0.95686274766922,5.0989837646484375,1.3775458335876465,0.08177359178662295,0.09804350659251214,0.1341528743505478,0.8720384836196899,13,5,8,0.0,0.01337747476912207,good_or_low_review,615
ground_truth,1.3.6.1.4.1.14519.5.2.1.6279.6001.367204840301639918160517361062,outputs/luna16_saliency_synthetic_gt/1.3.6.1.4.1.14519.5.2.1.6279.6001.367204840301639918160517361062/surface_1.3.6.1.4.1.14519.5.2.1.6279.6001.367204840301639918160517361062.png,outputs/luna16_saliency_synthetic_gt/1.3.6.1.4.1.14519.5.2.1.6279.6001.367204840301639918160517361062/surface_grid_float_1.3.6.1.4.1.14519.5.2.1.6279.6001.367204840301639918160517361062.npy,0.4632581857219538,0.3332430422306061,0.21493841707706451,0.8588235378265381,5.022491455078125,1.3715522289276123,0.0856081772595644,0.10247285611927509,0.14117570221424103,0.8551623225212097,13,5,8,0.0,0.013345365492088928,good_or_low_review,616
ground_truth,1.3.6.1.4.1.14519.5.2.1.6279.6001.129567032250534530765928856531,outputs/luna16_saliency_synthetic_gt/1.3.6.1.4.1.14519.5.2.1.6279.6001.129567032250534530765928856531/surface_1.3.6.1.4.1.14519.5.2.1.6279.6001.129567032250534530765928856531.png,outputs/luna16_saliency_synthetic_gt/1.3.6.1.4.1.14519.5.2.1.6279.6001.129567032250534530765928856531/surface_grid_float_1.3.6.1.4.1.14519.5.2.1.6279.6001.129567032250534530765928856531.npy,0.4541319427522459,0.3611443042755127,0.21471890807151794,0.974352942705151,4.7949676513671875,1.3131061792373657,0.09728302508592604,0.1167999103665352,0.16432112455368042,0.8091235160827637,13,5,8,0.0,0.013293662321236398,good_or_low_review,617
ground_truth,1.3.6.1.4.1.14519.5.2.1.6279.6001.245248446973732759194067808002,outputs/luna16_saliency_synthetic_gt/1.3.6.1.4.1.14519.5.2.1.6279.6001.245248446973732759194067808002/surface_1.3.6.1.4.1.14519.5.2.1.6279.6001.245248446973732759194067808002.png,outputs/luna16_saliency_synthetic_gt/1.3.6.1.4.1.14519.5.2.1.6279.6001.245248446973732759194067808002/surface_grid_float_1.3.6.1.4.1.14519.5.2.1.6279.6001.245248446973732759194067808002.npy,0.6155711860295902,0.3422183096408844,0.23119190335273743,0.9843137264251709,4.7584991455078125,1.243143916130066,0.10231651552021503,0.12262258492410183,0.16576826572418213,0.7572839856147766,13,5,8,0.0,0.013292362758268911,good_or_low_review,618
ground_truth,1.3.6.1.4.1.14519.5.2.1.6279.6001.162845309248822193437735868939,outputs/luna16_saliency_synthetic_gt/1.3.6.1.4.1.14519.5.2.1.6279.6001.162845309248822193437735868939/surface_1.3.6.1.4.1.14519.5.2.1.6279.6001.162845309248822193437735868939.png,outputs/luna16_saliency_synthetic_gt/1.3.6.1.4.1.14519.5.2.1.6279.6001.162845309248822193437735868939/surface_grid_float_1.3.6.1.4.1.14519.5.2.1.6279.6001.162845309248822193437735868939.npy,0.5776569662082933,0.2908012866973877,0.23176045715808868,0.9215686321258545,4.8761138916015625,1.1651532649993896,0.08991599492728693,0.10765905804932113,0.153688445687294,0.8341160416603088,13,5,8,0.0,0.013210219431171814,good_or_low_review,619
ground_truth,1.3.6.1.4.1.14519.5.2.1.6279.6001.671278273674156798801285503514,outputs/luna16_saliency_synthetic_gt/1.3.6.1.4.1.14519.5.2.1.6279.6001.671278273674156798801285503514/surface_1.3.6.1.4.1.14519.5.2.1.6279.6001.671278273674156798801285503514.png,outputs/luna16_saliency_synthetic_gt/1.3.6.1.4.1.14519.5.2.1.6279.6001.671278273674156798801285503514/surface_grid_float_1.3.6.1.4.1.14519.5.2.1.6279.6001.671278273674156798801285503514.npy,0.47158058345289333,0.30841606855392456,0.23096704483032227,0.9215686321258545,4.8732452392578125,1.3627008199691772,0.08401972763240338,0.10141215175390243,0.14223697781562805,0.8356813192367554,13,5,8,0.0,0.013021509549683993,good_or_low_review,620
ground_truth,1.3.6.1.4.1.14519.5.2.1.6279.6001.186021279664749879526003668137,outputs/luna16_saliency_synthetic_gt/1.3.6.1.4.1.14519.5.2.1.6279.6001.186021279664749879526003668137/surface_1.3.6.1.4.1.14519.5.2.1.6279.6001.186021279664749879526003668137.png,outputs/luna16_saliency_synthetic_gt/1.3.6.1.4.1.14519.5.2.1.6279.6001.186021279664749879526003668137/surface_grid_float_1.3.6.1.4.1.14519.5.2.1.6279.6001.186021279664749879526003668137.npy,0.6481818181818182,0.31488195061683655,0.23401039838790894,0.8666666746139526,5.2127685546875,1.0209242105484009,0.05399204809218647,0.10878526687622032,0.2156532257795334,0.4814498722553253,13,5,8,3.0,0.013021394202444277,good_or_low_review,621
ground_truth,1.3.6.1.4.1.14519.5.2.1.6279.6001.225515255547637437801620523312,outputs/luna16_saliency_synthetic_gt/1.3.6.1.4.1.14519.5.2.1.6279.6001.225515255547637437801620523312/surface_1.3.6.1.4.1.14519.5.2.1.6279.6001.225515255547637437801620523312.png,outputs/luna16_saliency_synthetic_gt/1.3.6.1.4.1.14519.5.2.1.6279.6001.225515255547637437801620523312/surface_grid_float_1.3.6.1.4.1.14519.5.2.1.6279.6001.225515255547637437801620523312.npy,0.524876915609181,0.3809252977371216,0.22834129631519318,0.9529411792755127,5.2173919677734375,1.1020188331604004,0.07507593259215355,0.08764049068093296,0.12525133788585663,0.7408277988433838,18,10,8,4.0,0.012971151997480126,good_or_low_review,622
ground_truth,1.3.6.1.4.1.14519.5.2.1.6279.6001.202643836890896697853521610450,outputs/luna16_saliency_synthetic_gt/1.3.6.1.4.1.14519.5.2.1.6279.6001.202643836890896697853521610450/surface_1.3.6.1.4.1.14519.5.2.1.6279.6001.202643836890896697853521610450.png,outputs/luna16_saliency_synthetic_gt/1.3.6.1.4.1.14519.5.2.1.6279.6001.202643836890896697853521610450/surface_grid_float_1.3.6.1.4.1.14519.5.2.1.6279.6001.202643836890896697853521610450.npy,0.634622137940722,0.3078327775001526,0.23128029704093933,0.8745098114013672,4.6511077880859375,1.2059961557388306,0.10047222077846527,0.12078044071793555,0.1790938824415207,0.7033298015594482,13,5,8,0.0,0.01293821464959118,good_or_low_review,623
ground_truth,1.3.6.1.4.1.14519.5.2.1.6279.6001.230675342744370103160629638194,outputs/luna16_saliency_synthetic_gt/1.3.6.1.4.1.14519.5.2.1.6279.6001.230675342744370103160629638194/surface_1.3.6.1.4.1.14519.5.2.1.6279.6001.230675342744370103160629638194.png,outputs/luna16_saliency_synthetic_gt/1.3.6.1.4.1.14519.5.2.1.6279.6001.230675342744370103160629638194/surface_grid_float_1.3.6.1.4.1.14519.5.2.1.6279.6001.230675342744370103160629638194.npy,0.6809509233751658,0.3295750617980957,0.23046833276748657,1.0,4.7548370361328125,1.2530006170272827,0.08695324510335922,0.10469195395708082,0.13962137699127197,0.8294483423233032,13,5,8,0.0,0.01290870555076334,good_or_low_review,624
ground_truth,1.3.6.1.4.1.14519.5.2.1.6279.6001.121391737347333465796214915391,outputs/luna16_saliency_synthetic_gt/1.3.6.1.4.1.14519.5.2.1.6279.6001.121391737347333465796214915391/surface_1.3.6.1.4.1.14519.5.2.1.6279.6001.121391737347333465796214915391.png,outputs/luna16_saliency_synthetic_gt/1.3.6.1.4.1.14519.5.2.1.6279.6001.121391737347333465796214915391/surface_grid_float_1.3.6.1.4.1.14519.5.2.1.6279.6001.121391737347333465796214915391.npy,0.5450236262593242,0.34406235814094543,0.24338383972644806,1.0,4.6504364013671875,1.1695890426635742,0.08826506435871123,0.10696566231548786,0.1450486183166504,0.8739583492279053,13,5,8,0.0,0.012901826870027515,good_or_low_review,625
ground_truth,1.3.6.1.4.1.14519.5.2.1.6279.6001.279953669991076107785464313394,outputs/luna16_saliency_synthetic_gt/1.3.6.1.4.1.14519.5.2.1.6279.6001.279953669991076107785464313394/surface_1.3.6.1.4.1.14519.5.2.1.6279.6001.279953669991076107785464313394.png,outputs/luna16_saliency_synthetic_gt/1.3.6.1.4.1.14519.5.2.1.6279.6001.279953669991076107785464313394/surface_grid_float_1.3.6.1.4.1.14519.5.2.1.6279.6001.279953669991076107785464313394.npy,0.5690627113972891,0.3398469388484955,0.2267799824476242,0.886274516582489,4.8194580078125,1.375577688217163,0.08119202964007854,0.09773442521691322,0.13514797389507294,0.8220434784889221,13,5,8,0.0,0.012791226055059167,good_or_low_review,626
ground_truth,1.3.6.1.4.1.14519.5.2.1.6279.6001.172845185165807139298420209778,outputs/luna16_saliency_synthetic_gt/1.3.6.1.4.1.14519.5.2.1.6279.6001.172845185165807139298420209778/surface_1.3.6.1.4.1.14519.5.2.1.6279.6001.172845185165807139298420209778.png,outputs/luna16_saliency_synthetic_gt/1.3.6.1.4.1.14519.5.2.1.6279.6001.172845185165807139298420209778/surface_grid_float_1.3.6.1.4.1.14519.5.2.1.6279.6001.172845185165807139298420209778.npy,0.48694660690414404,0.39194968342781067,0.22971101105213165,0.9372549057006836,4.5564422607421875,1.0090479850769043,0.07028692848980424,0.11912520818412325,0.3662310242652893,0.7120329141616821,13,5,8,2.0,0.012750122044897748,good_or_low_review,627
ground_truth,1.3.6.1.4.1.14519.5.2.1.6279.6001.226152078193253087875725735761,outputs/luna16_saliency_synthetic_gt/1.3.6.1.4.1.14519.5.2.1.6279.6001.226152078193253087875725735761/surface_1.3.6.1.4.1.14519.5.2.1.6279.6001.226152078193253087875725735761.png,outputs/luna16_saliency_synthetic_gt/1.3.6.1.4.1.14519.5.2.1.6279.6001.226152078193253087875725735761/surface_grid_float_1.3.6.1.4.1.14519.5.2.1.6279.6001.226152078193253087875725735761.npy,0.4905349794238683,0.3801642954349518,0.23384498059749603,0.9647058844566345,4.5978240966796875,1.1850531101226807,0.09319607168436046,0.11109580434858796,0.1550568789243698,0.7728281021118164,13,5,8,0.0,0.012713310074061153,good_or_low_review,628
ground_truth,1.3.6.1.4.1.14519.5.2.1.6279.6001.550599855064600241623943717588,outputs/luna16_saliency_synthetic_gt/1.3.6.1.4.1.14519.5.2.1.6279.6001.550599855064600241623943717588/surface_1.3.6.1.4.1.14519.5.2.1.6279.6001.550599855064600241623943717588.png,outputs/luna16_saliency_synthetic_gt/1.3.6.1.4.1.14519.5.2.1.6279.6001.550599855064600241623943717588/surface_grid_float_1.3.6.1.4.1.14519.5.2.1.6279.6001.550599855064600241623943717588.npy,0.5679417075388339,0.3462388217449188,0.2415139526128769,0.95686274766922,4.810302734375,1.1388838291168213,0.07940866947174069,0.09484290301799773,0.12836632132530212,0.832878589630127,13,5,8,0.0,0.012713299624787436,good_or_low_review,629
ground_truth,1.3.6.1.4.1.14519.5.2.1.6279.6001.162901839201654862079549658100,outputs/luna16_saliency_synthetic_gt/1.3.6.1.4.1.14519.5.2.1.6279.6001.162901839201654862079549658100/surface_1.3.6.1.4.1.14519.5.2.1.6279.6001.162901839201654862079549658100.png,outputs/luna16_saliency_synthetic_gt/1.3.6.1.4.1.14519.5.2.1.6279.6001.162901839201654862079549658100/surface_grid_float_1.3.6.1.4.1.14519.5.2.1.6279.6001.162901839201654862079549658100.npy,0.6298921941123776,0.3235339820384979,0.23077161610126495,0.9490196108818054,4.82037353515625,1.2468435764312744,0.08268680237233639,0.09784270562231542,0.13491903245449066,0.7843336462974548,13,5,8,0.0,0.012712200719035333,good_or_low_review,630
ground_truth,1.3.6.1.4.1.14519.5.2.1.6279.6001.975426625618184773401026809852,outputs/luna16_saliency_synthetic_gt/1.3.6.1.4.1.14519.5.2.1.6279.6001.975426625618184773401026809852/surface_1.3.6.1.4.1.14519.5.2.1.6279.6001.975426625618184773401026809852.png,outputs/luna16_saliency_synthetic_gt/1.3.6.1.4.1.14519.5.2.1.6279.6001.975426625618184773401026809852/surface_grid_float_1.3.6.1.4.1.14519.5.2.1.6279.6001.975426625618184773401026809852.npy,0.478425224283599,0.4147818386554718,0.25614532828330994,1.0,4.835845947265625,1.2258870601654053,0.08581570088863372,0.09963051855564116,0.140998974442482,0.7283703684806824,13,5,8,0.0,0.012667259620957903,good_or_low_review,631
ground_truth,1.3.6.1.4.1.14519.5.2.1.6279.6001.969607480572818589276327766720,outputs/luna16_saliency_synthetic_gt/1.3.6.1.4.1.14519.5.2.1.6279.6001.969607480572818589276327766720/surface_1.3.6.1.4.1.14519.5.2.1.6279.6001.969607480572818589276327766720.png,outputs/luna16_saliency_synthetic_gt/1.3.6.1.4.1.14519.5.2.1.6279.6001.969607480572818589276327766720/surface_grid_float_1.3.6.1.4.1.14519.5.2.1.6279.6001.969607480572818589276327766720.npy,0.5763727013727014,0.322735995054245,0.22689609229564667,0.8784313797950745,4.535308837890625,1.1996079683303833,0.09057050570845604,0.10973948240280151,0.15331654250621796,0.8168436288833618,13,5,8,0.0,0.012666240599420335,good_or_low_review,632
ground_truth,1.3.6.1.4.1.14519.5.2.1.6279.6001.302557165094691896097534021075,outputs/luna16_saliency_synthetic_gt/1.3.6.1.4.1.14519.5.2.1.6279.6001.302557165094691896097534021075/surface_1.3.6.1.4.1.14519.5.2.1.6279.6001.302557165094691896097534021075.png,outputs/luna16_saliency_synthetic_gt/1.3.6.1.4.1.14519.5.2.1.6279.6001.302557165094691896097534021075/surface_grid_float_1.3.6.1.4.1.14519.5.2.1.6279.6001.302557165094691896097534021075.npy,0.5564948694029851,0.39390891790390015,0.2780768871307373,1.0,4.386993408203125,1.127523422241211,0.10041246376931667,0.12226553410291668,0.1773005574941635,0.7427409291267395,13,5,8,0.0,0.012630157101485462,good_or_low_review,633
ground_truth,1.3.6.1.4.1.14519.5.2.1.6279.6001.255409701134762680010928250229,outputs/luna16_saliency_synthetic_gt/1.3.6.1.4.1.14519.5.2.1.6279.6001.255409701134762680010928250229/surface_1.3.6.1.4.1.14519.5.2.1.6279.6001.255409701134762680010928250229.png,outputs/luna16_saliency_synthetic_gt/1.3.6.1.4.1.14519.5.2.1.6279.6001.255409701134762680010928250229/surface_grid_float_1.3.6.1.4.1.14519.5.2.1.6279.6001.255409701134762680010928250229.npy,0.6224319727891157,0.3274032473564148,0.23870661854743958,1.0,4.55657958984375,1.2894721031188965,0.08919532075524317,0.1079641591757536,0.14576087892055511,0.7951889634132385,13,5,8,0.0,0.01260031067704161,good_or_low_review,634
ground_truth,1.3.6.1.4.1.14519.5.2.1.6279.6001.321465552859463184018938648244,outputs/luna16_saliency_synthetic_gt/1.3.6.1.4.1.14519.5.2.1.6279.6001.321465552859463184018938648244/surface_1.3.6.1.4.1.14519.5.2.1.6279.6001.321465552859463184018938648244.png,outputs/luna16_saliency_synthetic_gt/1.3.6.1.4.1.14519.5.2.1.6279.6001.321465552859463184018938648244/surface_grid_float_1.3.6.1.4.1.14519.5.2.1.6279.6001.321465552859463184018938648244.npy,0.5674236536856345,0.31216663122177124,0.23412014544010162,0.8941176533699036,4.54425048828125,1.106210470199585,0.08890858851373196,0.1070205632597207,0.1510889083147049,0.8169844746589661,13,5,8,0.0,0.012599888766391405,good_or_low_review,635
ground_truth,1.3.6.1.4.1.14519.5.2.1.6279.6001.283733738239331719775105586296,outputs/luna16_saliency_synthetic_gt/1.3.6.1.4.1.14519.5.2.1.6279.6001.283733738239331719775105586296/surface_1.3.6.1.4.1.14519.5.2.1.6279.6001.283733738239331719775105586296.png,outputs/luna16_saliency_synthetic_gt/1.3.6.1.4.1.14519.5.2.1.6279.6001.283733738239331719775105586296/surface_grid_float_1.3.6.1.4.1.14519.5.2.1.6279.6001.283733738239331719775105586296.npy,0.5945727906123945,0.3559412658214569,0.22830814123153687,0.9529411792755127,4.7363128662109375,1.1716644763946533,0.08676893524825569,0.10181923642754556,0.14037321507930756,0.7391878366470337,13,5,8,0.0,0.012591071506838004,good_or_low_review,636
ground_truth,1.3.6.1.4.1.14519.5.2.1.6279.6001.631047517458234322522264161877,outputs/luna16_saliency_synthetic_gt/1.3.6.1.4.1.14519.5.2.1.6279.6001.631047517458234322522264161877/surface_1.3.6.1.4.1.14519.5.2.1.6279.6001.631047517458234322522264161877.png,outputs/luna16_saliency_synthetic_gt/1.3.6.1.4.1.14519.5.2.1.6279.6001.631047517458234322522264161877/surface_grid_float_1.3.6.1.4.1.14519.5.2.1.6279.6001.631047517458234322522264161877.npy,0.6692229038854806,0.30777448415756226,0.24714194238185883,1.0,4.83917236328125,1.1640126705169678,0.07652252130210399,0.09064642824232577,0.12292999774217606,0.7807403802871704,13,5,8,0.0,0.012519658742265568,good_or_low_review,637
ground_truth,1.3.6.1.4.1.14519.5.2.1.6279.6001.255999614855292116767517149228,outputs/luna16_saliency_synthetic_gt/1.3.6.1.4.1.14519.5.2.1.6279.6001.255999614855292116767517149228/surface_1.3.6.1.4.1.14519.5.2.1.6279.6001.255999614855292116767517149228.png,outputs/luna16_saliency_synthetic_gt/1.3.6.1.4.1.14519.5.2.1.6279.6001.255999614855292116767517149228/surface_grid_float_1.3.6.1.4.1.14519.5.2.1.6279.6001.255999614855292116767517149228.npy,0.5674641148325359,0.3815262019634247,0.2362838089466095,0.9529411792755127,4.5254669189453125,1.2568684816360474,0.08107207342982291,0.10006757378578186,0.12816941738128662,0.8743608593940735,13,5,8,0.0,0.01248749621046914,good_or_low_review,638
ground_truth,1.3.6.1.4.1.14519.5.2.1.6279.6001.292049618819567427252971059233,outputs/luna16_saliency_synthetic_gt/1.3.6.1.4.1.14519.5.2.1.6279.6001.292049618819567427252971059233/surface_1.3.6.1.4.1.14519.5.2.1.6279.6001.292049618819567427252971059233.png,outputs/luna16_saliency_synthetic_gt/1.3.6.1.4.1.14519.5.2.1.6279.6001.292049618819567427252971059233/surface_grid_float_1.3.6.1.4.1.14519.5.2.1.6279.6001.292049618819567427252971059233.npy,0.5942170360008835,0.34651362895965576,0.2262602001428604,0.9176470637321472,4.48150634765625,1.2697937488555908,0.0875941105186939,0.10627735570073128,0.1409825086593628,0.8158499002456665,13,5,8,0.0,0.012470497695439392,good_or_low_review,639
ground_truth,1.3.6.1.4.1.14519.5.2.1.6279.6001.287560874054243719452635194040,outputs/luna16_saliency_synthetic_gt/1.3.6.1.4.1.14519.5.2.1.6279.6001.287560874054243719452635194040/surface_1.3.6.1.4.1.14519.5.2.1.6279.6001.287560874054243719452635194040.png,outputs/luna16_saliency_synthetic_gt/1.3.6.1.4.1.14519.5.2.1.6279.6001.287560874054243719452635194040/surface_grid_float_1.3.6.1.4.1.14519.5.2.1.6279.6001.287560874054243719452635194040.npy,0.6393125282677522,0.34450578689575195,0.22212660312652588,0.8313725590705872,4.5941314697265625,1.1501563787460327,0.0874169550836086,0.10367032304406167,0.14299926161766052,0.7518946528434753,13,5,8,0.0,0.012437872480518287,good_or_low_review,640
ground_truth,1.3.6.1.4.1.14519.5.2.1.6279.6001.132817748896065918417924920957,outputs/luna16_saliency_synthetic_gt/1.3.6.1.4.1.14519.5.2.1.6279.6001.132817748896065918417924920957/surface_1.3.6.1.4.1.14519.5.2.1.6279.6001.132817748896065918417924920957.png,outputs/luna16_saliency_synthetic_gt/1.3.6.1.4.1.14519.5.2.1.6279.6001.132817748896065918417924920957/surface_grid_float_1.3.6.1.4.1.14519.5.2.1.6279.6001.132817748896065918417924920957.npy,0.6385327635327636,0.3353319764137268,0.24292898178100586,0.9725490212440491,4.64117431640625,1.2119122743606567,0.08638505861163139,0.10148407831788063,0.1424117237329483,0.7406437397003174,13,5,8,0.0,0.012425687853991986,good_or_low_review,641
ground_truth,1.3.6.1.4.1.14519.5.2.1.6279.6001.112740418331256326754121315800,outputs/luna16_saliency_synthetic_gt/1.3.6.1.4.1.14519.5.2.1.6279.6001.112740418331256326754121315800/surface_1.3.6.1.4.1.14519.5.2.1.6279.6001.112740418331256326754121315800.png,outputs/luna16_saliency_synthetic_gt/1.3.6.1.4.1.14519.5.2.1.6279.6001.112740418331256326754121315800/surface_grid_float_1.3.6.1.4.1.14519.5.2.1.6279.6001.112740418331256326754121315800.npy,0.38844544275533804,0.3720519244670868,0.22352740168571472,0.9038431429862959,4.51226806640625,1.0714424848556519,0.07260850220918652,0.10089318484067918,0.15432359278202057,0.829249918460846,18,10,8,1.0,0.012390019919143782,good_or_low_review,642
ground_truth,1.3.6.1.4.1.14519.5.2.1.6279.6001.200837896655745926888305239398,outputs/luna16_saliency_synthetic_gt/1.3.6.1.4.1.14519.5.2.1.6279.6001.200837896655745926888305239398/surface_1.3.6.1.4.1.14519.5.2.1.6279.6001.200837896655745926888305239398.png,outputs/luna16_saliency_synthetic_gt/1.3.6.1.4.1.14519.5.2.1.6279.6001.200837896655745926888305239398/surface_grid_float_1.3.6.1.4.1.14519.5.2.1.6279.6001.200837896655745926888305239398.npy,0.5387304109193327,0.3673563301563263,0.2357586920261383,0.9686274528503418,4.6058197021484375,1.256479263305664,0.08193516805768015,0.09829757615923886,0.1388738751411438,0.7929163575172424,13,5,8,0.0,0.012387329805062876,good_or_low_review,643
ground_truth,1.3.6.1.4.1.14519.5.2.1.6279.6001.149463915556499304732434215056,outputs/luna16_saliency_synthetic_gt/1.3.6.1.4.1.14519.5.2.1.6279.6001.149463915556499304732434215056/surface_1.3.6.1.4.1.14519.5.2.1.6279.6001.149463915556499304732434215056.png,outputs/luna16_saliency_synthetic_gt/1.3.6.1.4.1.14519.5.2.1.6279.6001.149463915556499304732434215056/surface_grid_float_1.3.6.1.4.1.14519.5.2.1.6279.6001.149463915556499304732434215056.npy,0.6480263157894737,0.32566189765930176,0.22343099117279053,0.8980392217636108,4.5923004150390625,1.2174797058105469,0.08163888454437254,0.09757258035242558,0.13425326347351074,0.7759047150611877,13,5,8,0.0,0.012305244135773843,good_or_low_review,644
ground_truth,1.3.6.1.4.1.14519.5.2.1.6279.6001.122763913896761494371822656720,outputs/luna16_saliency_synthetic_gt/1.3.6.1.4.1.14519.5.2.1.6279.6001.122763913896761494371822656720/surface_1.3.6.1.4.1.14519.5.2.1.6279.6001.122763913896761494371822656720.png,outputs/luna16_saliency_synthetic_gt/1.3.6.1.4.1.14519.5.2.1.6279.6001.122763913896761494371822656720/surface_grid_float_1.3.6.1.4.1.14519.5.2.1.6279.6001.122763913896761494371822656720.npy,0.6441404253646263,0.34353694319725037,0.22955864667892456,0.9267058867216161,4.32568359375,1.260549783706665,0.09065018706023689,0.11049744583666318,0.1476435512304306,0.7828752994537354,13,5,8,0.0,0.012264118919024864,good_or_low_review,645
ground_truth,1.3.6.1.4.1.14519.5.2.1.6279.6001.278010349511857248000260557753,outputs/luna16_saliency_synthetic_gt/1.3.6.1.4.1.14519.5.2.1.6279.6001.278010349511857248000260557753/surface_1.3.6.1.4.1.14519.5.2.1.6279.6001.278010349511857248000260557753.png,outputs/luna16_saliency_synthetic_gt/1.3.6.1.4.1.14519.5.2.1.6279.6001.278010349511857248000260557753/surface_grid_float_1.3.6.1.4.1.14519.5.2.1.6279.6001.278010349511857248000260557753.npy,0.5998430863295728,0.3503480851650238,0.2215481847524643,1.0,4.67681884765625,1.1673145294189453,0.07661202177405357,0.09209825657308102,0.12421459704637527,0.7552127838134766,13,5,8,0.0,0.012235896407316128,good_or_low_review,646
ground_truth,1.3.6.1.4.1.14519.5.2.1.6279.6001.276710697414087561012670296643,outputs/luna16_saliency_synthetic_gt/1.3.6.1.4.1.14519.5.2.1.6279.6001.276710697414087561012670296643/surface_1.3.6.1.4.1.14519.5.2.1.6279.6001.276710697414087561012670296643.png,outputs/luna16_saliency_synthetic_gt/1.3.6.1.4.1.14519.5.2.1.6279.6001.276710697414087561012670296643/surface_grid_float_1.3.6.1.4.1.14519.5.2.1.6279.6001.276710697414087561012670296643.npy,0.5945615322777953,0.3553191125392914,0.2548057734966278,1.0,4.4996185302734375,1.0934977531433105,0.08442937694489953,0.10051035061478615,0.13561780750751495,0.7561639547348022,13,5,8,0.0,0.012195039079421098,good_or_low_review,647
ground_truth,1.3.6.1.4.1.14519.5.2.1.6279.6001.799582546798528864710752164515,outputs/luna16_saliency_synthetic_gt/1.3.6.1.4.1.14519.5.2.1.6279.6001.799582546798528864710752164515/surface_1.3.6.1.4.1.14519.5.2.1.6279.6001.799582546798528864710752164515.png,outputs/luna16_saliency_synthetic_gt/1.3.6.1.4.1.14519.5.2.1.6279.6001.799582546798528864710752164515/surface_grid_float_1.3.6.1.4.1.14519.5.2.1.6279.6001.799582546798528864710752164515.npy,0.6424620529971701,0.31081104278564453,0.2339964061975479,1.0,4.62603759765625,1.2352349758148193,0.07591790631413461,0.09120978616178037,0.12394896894693375,0.7797034978866577,13,5,8,0.0,0.012179030687361956,good_or_low_review,648
ground_truth,1.3.6.1.4.1.14519.5.2.1.6279.6001.265780642925621389994857727416,outputs/luna16_saliency_synthetic_gt/1.3.6.1.4.1.14519.5.2.1.6279.6001.265780642925621389994857727416/surface_1.3.6.1.4.1.14519.5.2.1.6279.6001.265780642925621389994857727416.png,outputs/luna16_saliency_synthetic_gt/1.3.6.1.4.1.14519.5.2.1.6279.6001.265780642925621389994857727416/surface_grid_float_1.3.6.1.4.1.14519.5.2.1.6279.6001.265780642925621389994857727416.npy,0.60665087155187,0.34060585498809814,0.234341099858284,1.0,4.3592529296875,1.2169126272201538,0.08453088738024234,0.10384512625634672,0.13543976843357086,0.793148934841156,13,5,8,0.0,0.01214332852570547,good_or_low_review,649
ground_truth,1.3.6.1.4.1.14519.5.2.1.6279.6001.395623571499047043765181005112,outputs/luna16_saliency_synthetic_gt/1.3.6.1.4.1.14519.5.2.1.6279.6001.395623571499047043765181005112/surface_1.3.6.1.4.1.14519.5.2.1.6279.6001.395623571499047043765181005112.png,outputs/luna16_saliency_synthetic_gt/1.3.6.1.4.1.14519.5.2.1.6279.6001.395623571499047043765181005112/surface_grid_float_1.3.6.1.4.1.14519.5.2.1.6279.6001.395623571499047043765181005112.npy,0.39872364039955605,0.4122932255268097,0.25200745463371277,1.0,4.2444610595703125,1.1025012731552124,0.09474690854549407,0.11474915780127043,0.1651781052350998,0.7239538431167603,13,5,8,0.0,0.012125362818025879,good_or_low_review,650
ground_truth,1.3.6.1.4.1.14519.5.2.1.6279.6001.888615810685807330497715730842,outputs/luna16_saliency_synthetic_gt/1.3.6.1.4.1.14519.5.2.1.6279.6001.888615810685807330497715730842/surface_1.3.6.1.4.1.14519.5.2.1.6279.6001.888615810685807330497715730842.png,outputs/luna16_saliency_synthetic_gt/1.3.6.1.4.1.14519.5.2.1.6279.6001.888615810685807330497715730842/surface_grid_float_1.3.6.1.4.1.14519.5.2.1.6279.6001.888615810685807330497715730842.npy,0.6707916864984927,0.32973432540893555,0.25040891766548157,1.0,4.277191162109375,1.2523061037063599,0.09210111312568188,0.11094100952148438,0.15383246541023254,0.743477463722229,13,5,8,0.0,0.012109054364098443,good_or_low_review,651
ground_truth,1.3.6.1.4.1.14519.5.2.1.6279.6001.340158437895922179455019686521,outputs/luna16_saliency_synthetic_gt/1.3.6.1.4.1.14519.5.2.1.6279.6001.340158437895922179455019686521/surface_1.3.6.1.4.1.14519.5.2.1.6279.6001.340158437895922179455019686521.png,outputs/luna16_saliency_synthetic_gt/1.3.6.1.4.1.14519.5.2.1.6279.6001.340158437895922179455019686521/surface_grid_float_1.3.6.1.4.1.14519.5.2.1.6279.6001.340158437895922179455019686521.npy,0.6144404759555617,0.343070387840271,0.2414007931947708,0.9607843160629272,4.3280792236328125,1.1678663492202759,0.090820474922657,0.10925806134939194,0.14807076752185822,0.7242700457572937,13,5,8,0.0,0.012100696203774877,good_or_low_review,652
ground_truth,1.3.6.1.4.1.14519.5.2.1.6279.6001.177785764461425908755977367558,outputs/luna16_saliency_synthetic_gt/1.3.6.1.4.1.14519.5.2.1.6279.6001.177785764461425908755977367558/surface_1.3.6.1.4.1.14519.5.2.1.6279.6001.177785764461425908755977367558.png,outputs/luna16_saliency_synthetic_gt/1.3.6.1.4.1.14519.5.2.1.6279.6001.177785764461425908755977367558/surface_grid_float_1.3.6.1.4.1.14519.5.2.1.6279.6001.177785764461425908755977367558.npy,0.6416267123287671,0.32733631134033203,0.22325734794139862,0.9333333373069763,4.4955596923828125,1.0436592102050781,0.08324044048786162,0.09852165713906291,0.13241758942604065,0.734872579574585,13,5,8,0.0,0.012081299378308985,good_or_low_review,653
ground_truth,1.3.6.1.4.1.14519.5.2.1.6279.6001.397202838387416555106806022938,outputs/luna16_saliency_synthetic_gt/1.3.6.1.4.1.14519.5.2.1.6279.6001.397202838387416555106806022938/surface_1.3.6.1.4.1.14519.5.2.1.6279.6001.397202838387416555106806022938.png,outputs/luna16_saliency_synthetic_gt/1.3.6.1.4.1.14519.5.2.1.6279.6001.397202838387416555106806022938/surface_grid_float_1.3.6.1.4.1.14519.5.2.1.6279.6001.397202838387416555106806022938.npy,0.4240970072239422,0.49829137325286865,0.19389304518699646,0.9607843160629272,3.2841949462890625,0.9175170660018921,0.06360236965119835,0.07614067569375038,0.10493499040603638,0.5653594732284546,13,5,8,0.0,0.012067710306081511,good_or_low_review,654
ground_truth,1.3.6.1.4.1.14519.5.2.1.6279.6001.210426531621179400035178209430,outputs/luna16_saliency_synthetic_gt/1.3.6.1.4.1.14519.5.2.1.6279.6001.210426531621179400035178209430/surface_1.3.6.1.4.1.14519.5.2.1.6279.6001.210426531621179400035178209430.png,outputs/luna16_saliency_synthetic_gt/1.3.6.1.4.1.14519.5.2.1.6279.6001.210426531621179400035178209430/surface_grid_float_1.3.6.1.4.1.14519.5.2.1.6279.6001.210426531621179400035178209430.npy,0.4313344118662861,0.4212150275707245,0.20767535269260406,0.9254902005195618,4.2704010009765625,1.1660863161087036,0.08991520106792449,0.10859536170959472,0.15506315231323242,0.7425525784492493,13,5,8,0.0,0.012025312693913777,good_or_low_review,655
ground_truth,1.3.6.1.4.1.14519.5.2.1.6279.6001.334022941831199910030220864961,outputs/luna16_saliency_synthetic_gt/1.3.6.1.4.1.14519.5.2.1.6279.6001.334022941831199910030220864961/surface_1.3.6.1.4.1.14519.5.2.1.6279.6001.334022941831199910030220864961.png,outputs/luna16_saliency_synthetic_gt/1.3.6.1.4.1.14519.5.2.1.6279.6001.334022941831199910030220864961/surface_grid_float_1.3.6.1.4.1.14519.5.2.1.6279.6001.334022941831199910030220864961.npy,0.5516624579124579,0.29864612221717834,0.21584363281726837,0.8666666746139526,4.716094970703125,1.2630255222320557,0.07062659487128263,0.08357272997498512,0.11884140968322754,0.7410274744033813,13,5,8,0.0,0.012014067904651166,good_or_low_review,656
ground_truth,1.3.6.1.4.1.14519.5.2.1.6279.6001.154677396354641150280013275227,outputs/luna16_saliency_synthetic_gt/1.3.6.1.4.1.14519.5.2.1.6279.6001.154677396354641150280013275227/surface_1.3.6.1.4.1.14519.5.2.1.6279.6001.154677396354641150280013275227.png,outputs/luna16_saliency_synthetic_gt/1.3.6.1.4.1.14519.5.2.1.6279.6001.154677396354641150280013275227/surface_grid_float_1.3.6.1.4.1.14519.5.2.1.6279.6001.154677396354641150280013275227.npy,0.5560218131188119,0.36556312441825867,0.24377556145191193,1.0,4.261322021484375,1.1507010459899902,0.09231783337891099,0.11038867145776748,0.15883180499076843,0.7074494957923889,13,5,8,0.0,0.011985973503523402,good_or_low_review,657
ground_truth,1.3.6.1.4.1.14519.5.2.1.6279.6001.244204120220889433826451158706,outputs/luna16_saliency_synthetic_gt/1.3.6.1.4.1.14519.5.2.1.6279.6001.244204120220889433826451158706/surface_1.3.6.1.4.1.14519.5.2.1.6279.6001.244204120220889433826451158706.png,outputs/luna16_saliency_synthetic_gt/1.3.6.1.4.1.14519.5.2.1.6279.6001.244204120220889433826451158706/surface_grid_float_1.3.6.1.4.1.14519.5.2.1.6279.6001.244204120220889433826451158706.npy,0.5364535629236123,0.3514743149280548,0.22568364441394806,1.0,4.9627838134765625,1.0353538990020752,0.06138640772551295,0.0781034240871668,0.11655160039663315,0.6032591462135315,18,10,8,4.0,0.011954984958883788,good_or_low_review,658
ground_truth,1.3.6.1.4.1.14519.5.2.1.6279.6001.837810280808122125183730411210,outputs/luna16_saliency_synthetic_gt/1.3.6.1.4.1.14519.5.2.1.6279.6001.837810280808122125183730411210/surface_1.3.6.1.4.1.14519.5.2.1.6279.6001.837810280808122125183730411210.png,outputs/luna16_saliency_synthetic_gt/1.3.6.1.4.1.14519.5.2.1.6279.6001.837810280808122125183730411210/surface_grid_float_1.3.6.1.4.1.14519.5.2.1.6279.6001.837810280808122125183730411210.npy,0.5453911310413553,0.3695073425769806,0.22276145219802856,0.8980392217636108,4.42816162109375,1.222381591796875,0.07935645133256912,0.09528876990079879,0.1312086284160614,0.7608086466789246,13,5,8,0.0,0.011929618347022268,good_or_low_review,659
ground_truth,1.3.6.1.4.1.14519.5.2.1.6279.6001.338114620394879648539943280992,outputs/luna16_saliency_synthetic_gt/1.3.6.1.4.1.14519.5.2.1.6279.6001.338114620394879648539943280992/surface_1.3.6.1.4.1.14519.5.2.1.6279.6001.338114620394879648539943280992.png,outputs/luna16_saliency_synthetic_gt/1.3.6.1.4.1.14519.5.2.1.6279.6001.338114620394879648539943280992/surface_grid_float_1.3.6.1.4.1.14519.5.2.1.6279.6001.338114620394879648539943280992.npy,0.5447931438436402,0.3615570068359375,0.2327396273612976,1.0,4.3039703369140625,1.2170687913894653,0.0784281063824892,0.09666014648973942,0.12542396783828735,0.8213722109794617,13,5,8,0.0,0.011898359869503314,good_or_low_review,660
ground_truth,1.3.6.1.4.1.14519.5.2.1.6279.6001.164988920331211858091402361989,outputs/luna16_saliency_synthetic_gt/1.3.6.1.4.1.14519.5.2.1.6279.6001.164988920331211858091402361989/surface_1.3.6.1.4.1.14519.5.2.1.6279.6001.164988920331211858091402361989.png,outputs/luna16_saliency_synthetic_gt/1.3.6.1.4.1.14519.5.2.1.6279.6001.164988920331211858091402361989/surface_grid_float_1.3.6.1.4.1.14519.5.2.1.6279.6001.164988920331211858091402361989.npy,0.6164927968206657,0.3194302022457123,0.24027015268802643,0.9372549057006836,4.5235748291015625,1.209637999534607,0.07675757035613062,0.09065031513571742,0.12694332003593445,0.7366026639938354,13,5,8,0.0,0.01189569564478265,good_or_low_review,661
ground_truth,1.3.6.1.4.1.14519.5.2.1.6279.6001.150097650621090951325113116280,outputs/luna16_saliency_synthetic_gt/1.3.6.1.4.1.14519.5.2.1.6279.6001.150097650621090951325113116280/surface_1.3.6.1.4.1.14519.5.2.1.6279.6001.150097650621090951325113116280.png,outputs/luna16_saliency_synthetic_gt/1.3.6.1.4.1.14519.5.2.1.6279.6001.150097650621090951325113116280/surface_grid_float_1.3.6.1.4.1.14519.5.2.1.6279.6001.150097650621090951325113116280.npy,0.3973676316184191,0.3375129699707031,0.23441661894321442,0.9333333373069763,4.30535888671875,1.144357442855835,0.08062918484210965,0.09834196023643017,0.1378837525844574,0.7963452339172363,13,5,8,0.0,0.011895513026995791,good_or_low_review,662
ground_truth,1.3.6.1.4.1.14519.5.2.1.6279.6001.475325201787910087416720919680,outputs/luna16_saliency_synthetic_gt/1.3.6.1.4.1.14519.5.2.1.6279.6001.475325201787910087416720919680/surface_1.3.6.1.4.1.14519.5.2.1.6279.6001.475325201787910087416720919680.png,outputs/luna16_saliency_synthetic_gt/1.3.6.1.4.1.14519.5.2.1.6279.6001.475325201787910087416720919680/surface_grid_float_1.3.6.1.4.1.14519.5.2.1.6279.6001.475325201787910087416720919680.npy,0.5458653846153846,0.33760422468185425,0.238713338971138,0.9333333373069763,4.3069610595703125,1.1228008270263672,0.08539970964193344,0.1065678326785565,0.16070988774299622,0.6840667724609375,13,5,8,0.0,0.011895451796220409,good_or_low_review,663
ground_truth,1.3.6.1.4.1.14519.5.2.1.6279.6001.205523326998654833765855998037,outputs/luna16_saliency_synthetic_gt/1.3.6.1.4.1.14519.5.2.1.6279.6001.205523326998654833765855998037/surface_1.3.6.1.4.1.14519.5.2.1.6279.6001.205523326998654833765855998037.png,outputs/luna16_saliency_synthetic_gt/1.3.6.1.4.1.14519.5.2.1.6279.6001.205523326998654833765855998037/surface_grid_float_1.3.6.1.4.1.14519.5.2.1.6279.6001.205523326998654833765855998037.npy,0.591903509334702,0.3213784396648407,0.21268266439437866,0.886274516582489,4.670745849609375,1.0981262922286987,0.06529609225690364,0.08733701653778551,0.11816411465406418,0.6677519083023071,18,10,8,4.0,0.011888580041709871,good_or_low_review,664
ground_truth,1.3.6.1.4.1.14519.5.2.1.6279.6001.336894364358709782463716339027,outputs/luna16_saliency_synthetic_gt/1.3.6.1.4.1.14519.5.2.1.6279.6001.336894364358709782463716339027/surface_1.3.6.1.4.1.14519.5.2.1.6279.6001.336894364358709782463716339027.png,outputs/luna16_saliency_synthetic_gt/1.3.6.1.4.1.14519.5.2.1.6279.6001.336894364358709782463716339027/surface_grid_float_1.3.6.1.4.1.14519.5.2.1.6279.6001.336894364358709782463716339027.npy,0.6299873564566796,0.3079168200492859,0.22888246178627014,0.9254902005195618,4.6098480224609375,1.1983134746551514,0.07179085910320274,0.08472667217254637,0.1173093169927597,0.7405087947845459,13,5,8,0.0,0.011870455302132502,good_or_low_review,665
ground_truth,1.3.6.1.4.1.14519.5.2.1.6279.6001.330544495001617450666819906758,outputs/luna16_saliency_synthetic_gt/1.3.6.1.4.1.14519.5.2.1.6279.6001.330544495001617450666819906758/surface_1.3.6.1.4.1.14519.5.2.1.6279.6001.330544495001617450666819906758.png,outputs/luna16_saliency_synthetic_gt/1.3.6.1.4.1.14519.5.2.1.6279.6001.330544495001617450666819906758/surface_grid_float_1.3.6.1.4.1.14519.5.2.1.6279.6001.330544495001617450666819906758.npy,0.5784436274509804,0.29764941334724426,0.2256634533405304,0.886274516582489,4.327667236328125,1.1318343877792358,0.07915531508624556,0.09641804672777651,0.13642644882202148,0.7912098169326782,13,5,8,0.0,0.01186356416667501,good_or_low_review,666
ground_truth,1.3.6.1.4.1.14519.5.2.1.6279.6001.237215747217294006286437405216,outputs/luna16_saliency_synthetic_gt/1.3.6.1.4.1.14519.5.2.1.6279.6001.237215747217294006286437405216/surface_1.3.6.1.4.1.14519.5.2.1.6279.6001.237215747217294006286437405216.png,outputs/luna16_saliency_synthetic_gt/1.3.6.1.4.1.14519.5.2.1.6279.6001.237215747217294006286437405216/surface_grid_float_1.3.6.1.4.1.14519.5.2.1.6279.6001.237215747217294006286437405216.npy,0.4526025641025641,0.3398493528366089,0.23086430132389069,0.9647058844566345,4.410552978515625,1.1388510465621948,0.07772028148174286,0.09324305333197112,0.13210450112819672,0.755545437335968,13,5,8,0.0,0.011827203091565104,good_or_low_review,667
ground_truth,1.3.6.1.4.1.14519.5.2.1.6279.6001.199220738144407033276946096708,outputs/luna16_saliency_synthetic_gt/1.3.6.1.4.1.14519.5.2.1.6279.6001.199220738144407033276946096708/surface_1.3.6.1.4.1.14519.5.2.1.6279.6001.199220738144407033276946096708.png,outputs/luna16_saliency_synthetic_gt/1.3.6.1.4.1.14519.5.2.1.6279.6001.199220738144407033276946096708/surface_grid_float_1.3.6.1.4.1.14519.5.2.1.6279.6001.199220738144407033276946096708.npy,0.5726028142946572,0.3481380045413971,0.22836904227733612,0.9411764740943909,4.4086456298828125,1.2071632146835327,0.07494187243282795,0.09010995812714102,0.12152313441038132,0.7735753655433655,13,5,8,0.0,0.01177009782815973,good_or_low_review,668
ground_truth,1.3.6.1.4.1.14519.5.2.1.6279.6001.194246472548954252250399902051,outputs/luna16_saliency_synthetic_gt/1.3.6.1.4.1.14519.5.2.1.6279.6001.194246472548954252250399902051/surface_1.3.6.1.4.1.14519.5.2.1.6279.6001.194246472548954252250399902051.png,outputs/luna16_saliency_synthetic_gt/1.3.6.1.4.1.14519.5.2.1.6279.6001.194246472548954252250399902051/surface_grid_float_1.3.6.1.4.1.14519.5.2.1.6279.6001.194246472548954252250399902051.npy,0.5216448187673233,0.31773534417152405,0.23150157928466797,0.9450980424880981,4.1494598388671875,1.0646002292633057,0.08264213800430284,0.1009253250062462,0.14206524193286896,0.7935282588005066,13,5,8,0.0,0.011706922278967156,good_or_low_review,669
ground_truth,1.3.6.1.4.1.14519.5.2.1.6279.6001.100398138793540579077826395208,outputs/luna16_saliency_synthetic_gt/1.3.6.1.4.1.14519.5.2.1.6279.6001.100398138793540579077826395208/surface_1.3.6.1.4.1.14519.5.2.1.6279.6001.100398138793540579077826395208.png,outputs/luna16_saliency_synthetic_gt/1.3.6.1.4.1.14519.5.2.1.6279.6001.100398138793540579077826395208/surface_grid_float_1.3.6.1.4.1.14519.5.2.1.6279.6001.100398138793540579077826395208.npy,0.5745213812846663,0.3668265640735626,0.22760365903377533,0.9843137264251709,4.22222900390625,1.1638957262039185,0.0879103347659111,0.10455566786229611,0.14798542857170105,0.689826488494873,13,5,8,0.0,0.011706666127923461,good_or_low_review,670
ground_truth,1.3.6.1.4.1.14519.5.2.1.6279.6001.404457313935200882843898832756,outputs/luna16_saliency_synthetic_gt/1.3.6.1.4.1.14519.5.2.1.6279.6001.404457313935200882843898832756/surface_1.3.6.1.4.1.14519.5.2.1.6279.6001.404457313935200882843898832756.png,outputs/luna16_saliency_synthetic_gt/1.3.6.1.4.1.14519.5.2.1.6279.6001.404457313935200882843898832756/surface_grid_float_1.3.6.1.4.1.14519.5.2.1.6279.6001.404457313935200882843898832756.npy,0.43392391304347827,0.33887016773223877,0.22021132707595825,0.8901960849761963,4.4127349853515625,1.2457484006881714,0.0715941097587347,0.08676820948719974,0.11847218871116638,0.77019864320755,13,5,8,0.0,0.011669157133996485,good_or_low_review,671
ground_truth,1.3.6.1.4.1.14519.5.2.1.6279.6001.362762275895885013176610377950,outputs/luna16_saliency_synthetic_gt/1.3.6.1.4.1.14519.5.2.1.6279.6001.362762275895885013176610377950/surface_1.3.6.1.4.1.14519.5.2.1.6279.6001.362762275895885013176610377950.png,outputs/luna16_saliency_synthetic_gt/1.3.6.1.4.1.14519.5.2.1.6279.6001.362762275895885013176610377950/surface_grid_float_1.3.6.1.4.1.14519.5.2.1.6279.6001.362762275895885013176610377950.npy,0.5975991352335438,0.3120274841785431,0.22089338302612305,0.8823529481887817,4.4466552734375,1.0693224668502808,0.07240927144885059,0.08637920737266537,0.11548343300819397,0.744551956653595,13,5,8,0.0,0.011657028247250449,good_or_low_review,672
ground_truth,1.3.6.1.4.1.14519.5.2.1.6279.6001.102133688497886810253331438797,outputs/luna16_saliency_synthetic_gt/1.3.6.1.4.1.14519.5.2.1.6279.6001.102133688497886810253331438797/surface_1.3.6.1.4.1.14519.5.2.1.6279.6001.102133688497886810253331438797.png,outputs/luna16_saliency_synthetic_gt/1.3.6.1.4.1.14519.5.2.1.6279.6001.102133688497886810253331438797/surface_grid_float_1.3.6.1.4.1.14519.5.2.1.6279.6001.102133688497886810253331438797.npy,0.6345204410186359,0.3716278672218323,0.27332043647766113,1.0,4.014739990234375,1.0359575748443604,0.0897283270955085,0.10906741201877589,0.1507451832294464,0.7560558915138245,13,5,8,0.0,0.011643379880984623,good_or_low_review,673
ground_truth,1.3.6.1.4.1.14519.5.2.1.6279.6001.270951128717816232360812849541,outputs/luna16_saliency_synthetic_gt/1.3.6.1.4.1.14519.5.2.1.6279.6001.270951128717816232360812849541/surface_1.3.6.1.4.1.14519.5.2.1.6279.6001.270951128717816232360812849541.png,outputs/luna16_saliency_synthetic_gt/1.3.6.1.4.1.14519.5.2.1.6279.6001.270951128717816232360812849541/surface_grid_float_1.3.6.1.4.1.14519.5.2.1.6279.6001.270951128717816232360812849541.npy,0.6062908811081185,0.331668883562088,0.2444554716348648,1.0,4.433807373046875,1.1169207096099854,0.07262047864496705,0.08647818855941289,0.11803576350212097,0.7419025301933289,13,5,8,0.0,0.01163269690117902,good_or_low_review,674
ground_truth,1.3.6.1.4.1.14519.5.2.1.6279.6001.320111824803959660037459294083,outputs/luna16_saliency_synthetic_gt/1.3.6.1.4.1.14519.5.2.1.6279.6001.320111824803959660037459294083/surface_1.3.6.1.4.1.14519.5.2.1.6279.6001.320111824803959660037459294083.png,outputs/luna16_saliency_synthetic_gt/1.3.6.1.4.1.14519.5.2.1.6279.6001.320111824803959660037459294083/surface_grid_float_1.3.6.1.4.1.14519.5.2.1.6279.6001.320111824803959660037459294083.npy,0.5509377800537704,0.35008880496025085,0.23115424811840057,0.8745098114013672,4.3824615478515625,1.1521944999694824,0.07684560604393482,0.09088094636797904,0.12534913420677185,0.7164048552513123,13,5,8,0.0,0.011622541760239337,good_or_low_review,675
ground_truth,1.3.6.1.4.1.14519.5.2.1.6279.6001.106719103982792863757268101375,outputs/luna16_saliency_synthetic_gt/1.3.6.1.4.1.14519.5.2.1.6279.6001.106719103982792863757268101375/surface_1.3.6.1.4.1.14519.5.2.1.6279.6001.106719103982792863757268101375.png,outputs/luna16_saliency_synthetic_gt/1.3.6.1.4.1.14519.5.2.1.6279.6001.106719103982792863757268101375/surface_grid_float_1.3.6.1.4.1.14519.5.2.1.6279.6001.106719103982792863757268101375.npy,0.6463869853473732,0.3640841841697693,0.25521087646484375,1.0,4.1036529541015625,1.1578322649002075,0.0873280018568039,0.10575304299592972,0.1440151035785675,0.7062425017356873,13,5,8,0.0,0.011581440661682024,good_or_low_review,676
ground_truth,1.3.6.1.4.1.14519.5.2.1.6279.6001.317087518531899043292346860596,outputs/luna16_saliency_synthetic_gt/1.3.6.1.4.1.14519.5.2.1.6279.6001.317087518531899043292346860596/surface_1.3.6.1.4.1.14519.5.2.1.6279.6001.317087518531899043292346860596.png,outputs/luna16_saliency_synthetic_gt/1.3.6.1.4.1.14519.5.2.1.6279.6001.317087518531899043292346860596/surface_grid_float_1.3.6.1.4.1.14519.5.2.1.6279.6001.317087518531899043292346860596.npy,0.6324217787632421,0.33536604046821594,0.22642645239830017,0.9686274528503418,4.2314453125,1.1428325176239014,0.08035743795335293,0.09614791721105576,0.12991489470005035,0.7307531237602234,13,5,8,0.0,0.011560742201076614,good_or_low_review,677
ground_truth,1.3.6.1.4.1.14519.5.2.1.6279.6001.226383054119800793308721198594,outputs/luna16_saliency_synthetic_gt/1.3.6.1.4.1.14519.5.2.1.6279.6001.226383054119800793308721198594/surface_1.3.6.1.4.1.14519.5.2.1.6279.6001.226383054119800793308721198594.png,outputs/luna16_saliency_synthetic_gt/1.3.6.1.4.1.14519.5.2.1.6279.6001.226383054119800793308721198594/surface_grid_float_1.3.6.1.4.1.14519.5.2.1.6279.6001.226383054119800793308721198594.npy,0.6037388325615823,0.3694082498550415,0.2640917897224426,1.0,4.139923095703125,1.1719547510147095,0.08242765963077545,0.10061029642820359,0.1334036886692047,0.7361797094345093,13,5,8,0.0,0.011554135628872447,good_or_low_review,678
ground_truth,1.3.6.1.4.1.14519.5.2.1.6279.6001.566816709786169715745131047975,outputs/luna16_saliency_synthetic_gt/1.3.6.1.4.1.14519.5.2.1.6279.6001.566816709786169715745131047975/surface_1.3.6.1.4.1.14519.5.2.1.6279.6001.566816709786169715745131047975.png,outputs/luna16_saliency_synthetic_gt/1.3.6.1.4.1.14519.5.2.1.6279.6001.566816709786169715745131047975/surface_grid_float_1.3.6.1.4.1.14519.5.2.1.6279.6001.566816709786169715745131047975.npy,0.4918902802623733,0.37113016843795776,0.2489270716905594,0.9845098048448534,4.2470703125,1.1674623489379883,0.07928657867014408,0.09588103562593472,0.13067197799682617,0.7179470062255859,13,5,8,0.0,0.011550319381223789,good_or_low_review,679
ground_truth,1.3.6.1.4.1.14519.5.2.1.6279.6001.259124675432205040899951626253,outputs/luna16_saliency_synthetic_gt/1.3.6.1.4.1.14519.5.2.1.6279.6001.259124675432205040899951626253/surface_1.3.6.1.4.1.14519.5.2.1.6279.6001.259124675432205040899951626253.png,outputs/luna16_saliency_synthetic_gt/1.3.6.1.4.1.14519.5.2.1.6279.6001.259124675432205040899951626253/surface_grid_float_1.3.6.1.4.1.14519.5.2.1.6279.6001.259124675432205040899951626253.npy,0.5661306102482573,0.3483765423297882,0.22938916087150574,0.9960784316062927,4.4075927734375,1.1194053888320923,0.07442854344844818,0.08778751045465469,0.12165099382400513,0.7016489505767822,13,5,8,0.0,0.011538833159539434,good_or_low_review,680
ground_truth,1.3.6.1.4.1.14519.5.2.1.6279.6001.106630482085576298661469304872,outputs/luna16_saliency_synthetic_gt/1.3.6.1.4.1.14519.5.2.1.6279.6001.106630482085576298661469304872/surface_1.3.6.1.4.1.14519.5.2.1.6279.6001.106630482085576298661469304872.png,outputs/luna16_saliency_synthetic_gt/1.3.6.1.4.1.14519.5.2.1.6279.6001.106630482085576298661469304872/surface_grid_float_1.3.6.1.4.1.14519.5.2.1.6279.6001.106630482085576298661469304872.npy,0.6054679500307188,0.3818451464176178,0.2676442563533783,1.0,4.069122314453125,1.124595046043396,0.09043718986213206,0.10811621658504009,0.15113013982772827,0.6804916262626648,13,5,8,0.0,0.011537560635556776,good_or_low_review,681
ground_truth,1.3.6.1.4.1.14519.5.2.1.6279.6001.303066851236267189733420290986,outputs/luna16_saliency_synthetic_gt/1.3.6.1.4.1.14519.5.2.1.6279.6001.303066851236267189733420290986/surface_1.3.6.1.4.1.14519.5.2.1.6279.6001.303066851236267189733420290986.png,outputs/luna16_saliency_synthetic_gt/1.3.6.1.4.1.14519.5.2.1.6279.6001.303066851236267189733420290986/surface_grid_float_1.3.6.1.4.1.14519.5.2.1.6279.6001.303066851236267189733420290986.npy,0.5681510015408321,0.38037800788879395,0.21997226774692535,0.9775686287879898,4.219818115234375,1.2054585218429565,0.08020427636802188,0.09597141303122045,0.1346752643585205,0.707028865814209,13,5,8,0.0,0.011483347840358812,good_or_low_review,682
ground_truth,1.3.6.1.4.1.14519.5.2.1.6279.6001.217754016294471278921686508169,outputs/luna16_saliency_synthetic_gt/1.3.6.1.4.1.14519.5.2.1.6279.6001.217754016294471278921686508169/surface_1.3.6.1.4.1.14519.5.2.1.6279.6001.217754016294471278921686508169.png,outputs/luna16_saliency_synthetic_gt/1.3.6.1.4.1.14519.5.2.1.6279.6001.217754016294471278921686508169/surface_grid_float_1.3.6.1.4.1.14519.5.2.1.6279.6001.217754016294471278921686508169.npy,0.5998017912200851,0.3772265315055847,0.26599058508872986,1.0,4.2044677734375,1.103309988975525,0.0809444725513458,0.09649237975478171,0.13159967958927155,0.6854650378227234,13,5,8,0.0,0.011425473321312002,good_or_low_review,683
ground_truth,1.3.6.1.4.1.14519.5.2.1.6279.6001.259227883564429312164962953756,outputs/luna16_saliency_synthetic_gt/1.3.6.1.4.1.14519.5.2.1.6279.6001.259227883564429312164962953756/surface_1.3.6.1.4.1.14519.5.2.1.6279.6001.259227883564429312164962953756.png,outputs/luna16_saliency_synthetic_gt/1.3.6.1.4.1.14519.5.2.1.6279.6001.259227883564429312164962953756/surface_grid_float_1.3.6.1.4.1.14519.5.2.1.6279.6001.259227883564429312164962953756.npy,0.5068619922421091,0.3626648485660553,0.238237202167511,0.9395686310529715,3.9642791748046875,0.9785770177841187,0.089804507791996,0.11190522104501723,0.16508421301841736,0.6398981809616089,13,5,8,0.0,0.011386284547050792,good_or_low_review,684
ground_truth,1.3.6.1.4.1.14519.5.2.1.6279.6001.265570697208310960298668720669,outputs/luna16_saliency_synthetic_gt/1.3.6.1.4.1.14519.5.2.1.6279.6001.265570697208310960298668720669/surface_1.3.6.1.4.1.14519.5.2.1.6279.6001.265570697208310960298668720669.png,outputs/luna16_saliency_synthetic_gt/1.3.6.1.4.1.14519.5.2.1.6279.6001.265570697208310960298668720669/surface_grid_float_1.3.6.1.4.1.14519.5.2.1.6279.6001.265570697208310960298668720669.npy,0.5390387485490022,0.3351745307445526,0.21686621010303497,0.9254902005195618,4.19085693359375,1.2120494842529297,0.07614222615957254,0.09192471258342265,0.12844648957252502,0.7238612771034241,13,5,8,0.0,0.011351083549277649,good_or_low_review,685
ground_truth,1.3.6.1.4.1.14519.5.2.1.6279.6001.276351267409869539593937734609,outputs/luna16_saliency_synthetic_gt/1.3.6.1.4.1.14519.5.2.1.6279.6001.276351267409869539593937734609/surface_1.3.6.1.4.1.14519.5.2.1.6279.6001.276351267409869539593937734609.png,outputs/luna16_saliency_synthetic_gt/1.3.6.1.4.1.14519.5.2.1.6279.6001.276351267409869539593937734609/surface_grid_float_1.3.6.1.4.1.14519.5.2.1.6279.6001.276351267409869539593937734609.npy,0.650299289188178,0.32934102416038513,0.2392861694097519,0.9411764740943909,4.0965423583984375,1.0487911701202393,0.0828734181821346,0.09870985783636567,0.1379491686820984,0.6903437972068787,13,5,8,0.0,0.011322963659548097,good_or_low_review,686
ground_truth,1.3.6.1.4.1.14519.5.2.1.6279.6001.745109871503276594185453478952,outputs/luna16_saliency_synthetic_gt/1.3.6.1.4.1.14519.5.2.1.6279.6001.745109871503276594185453478952/surface_1.3.6.1.4.1.14519.5.2.1.6279.6001.745109871503276594185453478952.png,outputs/luna16_saliency_synthetic_gt/1.3.6.1.4.1.14519.5.2.1.6279.6001.745109871503276594185453478952/surface_grid_float_1.3.6.1.4.1.14519.5.2.1.6279.6001.745109871503276594185453478952.npy,0.6632032632956207,0.29735758900642395,0.2519870102405548,0.9372549057006836,4.139739990234375,1.1351523399353027,0.0765117347240448,0.09234112262725831,0.12714169919490814,0.7344089150428772,13,5,8,0.0,0.011301820140414769,good_or_low_review,687
ground_truth,1.3.6.1.4.1.14519.5.2.1.6279.6001.193408384740507320589857096592,outputs/luna16_saliency_synthetic_gt/1.3.6.1.4.1.14519.5.2.1.6279.6001.193408384740507320589857096592/surface_1.3.6.1.4.1.14519.5.2.1.6279.6001.193408384740507320589857096592.png,outputs/luna16_saliency_synthetic_gt/1.3.6.1.4.1.14519.5.2.1.6279.6001.193408384740507320589857096592/surface_grid_float_1.3.6.1.4.1.14519.5.2.1.6279.6001.193408384740507320589857096592.npy,0.5826643674059979,0.3563375473022461,0.24037115275859833,0.9843137264251709,3.8807373046875,1.0481040477752686,0.07452785968780518,0.10885007679462433,0.21337531507015228,0.7043852806091309,13,5,8,2.0,0.011298698435227076,good_or_low_review,688
ground_truth,1.3.6.1.4.1.14519.5.2.1.6279.6001.194766721609772924944646251928,outputs/luna16_saliency_synthetic_gt/1.3.6.1.4.1.14519.5.2.1.6279.6001.194766721609772924944646251928/surface_1.3.6.1.4.1.14519.5.2.1.6279.6001.194766721609772924944646251928.png,outputs/luna16_saliency_synthetic_gt/1.3.6.1.4.1.14519.5.2.1.6279.6001.194766721609772924944646251928/surface_grid_float_1.3.6.1.4.1.14519.5.2.1.6279.6001.194766721609772924944646251928.npy,0.4993555704490385,0.3756401240825653,0.2334572970867157,1.0,4.220001220703125,1.1851985454559326,0.07458151280879974,0.08964068919420247,0.12508049607276917,0.7003653645515442,13,5,8,0.0,0.011278923520445823,good_or_low_review,689
ground_truth,1.3.6.1.4.1.14519.5.2.1.6279.6001.199670099218798685977406484591,outputs/luna16_saliency_synthetic_gt/1.3.6.1.4.1.14519.5.2.1.6279.6001.199670099218798685977406484591/surface_1.3.6.1.4.1.14519.5.2.1.6279.6001.199670099218798685977406484591.png,outputs/luna16_saliency_synthetic_gt/1.3.6.1.4.1.14519.5.2.1.6279.6001.199670099218798685977406484591/surface_grid_float_1.3.6.1.4.1.14519.5.2.1.6279.6001.199670099218798685977406484591.npy,0.5670376971449709,0.34136962890625,0.23280452191829681,0.9529411792755127,5.006866455078125,1.1161165237426758,0.05007984451949596,0.06368853129446506,0.08066844195127487,0.45839306712150574,18,10,8,5.0,0.011274084624234173,good_or_low_review,690
ground_truth,1.3.6.1.4.1.14519.5.2.1.6279.6001.141345499716190654505508410197,outputs/luna16_saliency_synthetic_gt/1.3.6.1.4.1.14519.5.2.1.6279.6001.141345499716190654505508410197/surface_1.3.6.1.4.1.14519.5.2.1.6279.6001.141345499716190654505508410197.png,outputs/luna16_saliency_synthetic_gt/1.3.6.1.4.1.14519.5.2.1.6279.6001.141345499716190654505508410197/surface_grid_float_1.3.6.1.4.1.14519.5.2.1.6279.6001.141345499716190654505508410197.npy,0.6008003742009251,0.3468194305896759,0.23764356970787048,1.0,4.151397705078125,1.0485315322875977,0.08041434437036502,0.09518432170152659,0.13581331074237823,0.6658389568328857,13,5,8,0.0,0.011254167952471307,good_or_low_review,691
ground_truth,1.3.6.1.4.1.14519.5.2.1.6279.6001.244442540088515471945035689377,outputs/luna16_saliency_synthetic_gt/1.3.6.1.4.1.14519.5.2.1.6279.6001.244442540088515471945035689377/surface_1.3.6.1.4.1.14519.5.2.1.6279.6001.244442540088515471945035689377.png,outputs/luna16_saliency_synthetic_gt/1.3.6.1.4.1.14519.5.2.1.6279.6001.244442540088515471945035689377/surface_grid_float_1.3.6.1.4.1.14519.5.2.1.6279.6001.244442540088515471945035689377.npy,0.6839279078409514,0.3250815272331238,0.24373021721839905,0.9490196108818054,3.9824981689453125,1.1097123622894287,0.08546656928956504,0.10315746687352656,0.14163829386234283,0.6786121726036072,13,5,8,0.0,0.011240248004678223,good_or_low_review,692
ground_truth,1.3.6.1.4.1.14519.5.2.1.6279.6001.183056151780567460322586876100,outputs/luna16_saliency_synthetic_gt/1.3.6.1.4.1.14519.5.2.1.6279.6001.183056151780567460322586876100/surface_1.3.6.1.4.1.14519.5.2.1.6279.6001.183056151780567460322586876100.png,outputs/luna16_saliency_synthetic_gt/1.3.6.1.4.1.14519.5.2.1.6279.6001.183056151780567460322586876100/surface_grid_float_1.3.6.1.4.1.14519.5.2.1.6279.6001.183056151780567460322586876100.npy,0.5358517768677433,0.3605387210845947,0.2122052162885666,0.9450980424880981,4.284912109375,0.831441342830658,0.061875348538160325,0.09959128305315958,0.15612749755382538,0.4991179406642914,13,5,8,2.0,0.011238409653140435,good_or_low_review,693
ground_truth,1.3.6.1.4.1.14519.5.2.1.6279.6001.184412674007117333405073397832,outputs/luna16_saliency_synthetic_gt/1.3.6.1.4.1.14519.5.2.1.6279.6001.184412674007117333405073397832/surface_1.3.6.1.4.1.14519.5.2.1.6279.6001.184412674007117333405073397832.png,outputs/luna16_saliency_synthetic_gt/1.3.6.1.4.1.14519.5.2.1.6279.6001.184412674007117333405073397832/surface_grid_float_1.3.6.1.4.1.14519.5.2.1.6279.6001.184412674007117333405073397832.npy,0.6417845067144872,0.31010839343070984,0.23594412207603455,0.9058823585510254,4.209686279296875,1.1616580486297607,0.07283104211091995,0.08693009242415428,0.11989109963178635,0.7122568488121033,13,5,8,0.0,0.011206839568912982,good_or_low_review,694
ground_truth,1.3.6.1.4.1.14519.5.2.1.6279.6001.439153572396640163898529626096,outputs/luna16_saliency_synthetic_gt/1.3.6.1.4.1.14519.5.2.1.6279.6001.439153572396640163898529626096/surface_1.3.6.1.4.1.14519.5.2.1.6279.6001.439153572396640163898529626096.png,outputs/luna16_saliency_synthetic_gt/1.3.6.1.4.1.14519.5.2.1.6279.6001.439153572396640163898529626096/surface_grid_float_1.3.6.1.4.1.14519.5.2.1.6279.6001.439153572396640163898529626096.npy,0.6626963448224522,0.3357928395271301,0.2522767186164856,1.0,4.078521728515625,1.062096118927002,0.08506239466369149,0.1007978367060423,0.14127705991268158,0.6128934621810913,13,5,8,0.0,0.011183456786887513,good_or_low_review,695
ground_truth,1.3.6.1.4.1.14519.5.2.1.6279.6001.232071262560365924176679652948,outputs/luna16_saliency_synthetic_gt/1.3.6.1.4.1.14519.5.2.1.6279.6001.232071262560365924176679652948/surface_1.3.6.1.4.1.14519.5.2.1.6279.6001.232071262560365924176679652948.png,outputs/luna16_saliency_synthetic_gt/1.3.6.1.4.1.14519.5.2.1.6279.6001.232071262560365924176679652948/surface_grid_float_1.3.6.1.4.1.14519.5.2.1.6279.6001.232071262560365924176679652948.npy,0.5453905967794065,0.4221315085887909,0.2275286316871643,1.0,4.037872314453125,1.0970709323883057,0.08192730173468588,0.09748762100934981,0.13535156846046448,0.6779690980911255,13,5,8,0.0,0.011161013816793759,good_or_low_review,696
ground_truth,1.3.6.1.4.1.14519.5.2.1.6279.6001.278660284797073139172446973682,outputs/luna16_saliency_synthetic_gt/1.3.6.1.4.1.14519.5.2.1.6279.6001.278660284797073139172446973682/surface_1.3.6.1.4.1.14519.5.2.1.6279.6001.278660284797073139172446973682.png,outputs/luna16_saliency_synthetic_gt/1.3.6.1.4.1.14519.5.2.1.6279.6001.278660284797073139172446973682/surface_grid_float_1.3.6.1.4.1.14519.5.2.1.6279.6001.278660284797073139172446973682.npy,0.5686000716075904,0.37763872742652893,0.25222477316856384,0.9450980424880981,4.1140899658203125,1.0973743200302124,0.07903872579336166,0.09310355745255934,0.1327035129070282,0.6666589975357056,13,5,8,0.0,0.011131387772245534,good_or_low_review,697
ground_truth,1.3.6.1.4.1.14519.5.2.1.6279.6001.140239815496047437552471323962,outputs/luna16_saliency_synthetic_gt/1.3.6.1.4.1.14519.5.2.1.6279.6001.140239815496047437552471323962/surface_1.3.6.1.4.1.14519.5.2.1.6279.6001.140239815496047437552471323962.png,outputs/luna16_saliency_synthetic_gt/1.3.6.1.4.1.14519.5.2.1.6279.6001.140239815496047437552471323962/surface_grid_float_1.3.6.1.4.1.14519.5.2.1.6279.6001.140239815496047437552471323962.npy,0.6242320602951422,0.32099100947380066,0.25523582100868225,1.0,4.245086669921875,1.1276203393936157,0.07468985393643379,0.08696658052504057,0.12550568580627441,0.6439779996871948,13,5,8,0.0,0.011115204087148108,good_or_low_review,698
ground_truth,1.3.6.1.4.1.14519.5.2.1.6279.6001.152706273988004688708784163325,outputs/luna16_saliency_synthetic_gt/1.3.6.1.4.1.14519.5.2.1.6279.6001.152706273988004688708784163325/surface_1.3.6.1.4.1.14519.5.2.1.6279.6001.152706273988004688708784163325.png,outputs/luna16_saliency_synthetic_gt/1.3.6.1.4.1.14519.5.2.1.6279.6001.152706273988004688708784163325/surface_grid_float_1.3.6.1.4.1.14519.5.2.1.6279.6001.152706273988004688708784163325.npy,0.5836502782931354,0.30856460332870483,0.22354745864868164,0.9098039269447327,4.2707672119140625,1.0833059549331665,0.06650304272770882,0.07931893415749074,0.10828962177038193,0.724091112613678,13,5,8,0.0,0.011106604739278554,good_or_low_review,699
ground_truth,1.3.6.1.4.1.14519.5.2.1.6279.6001.143410010885830403003179808334,outputs/luna16_saliency_synthetic_gt/1.3.6.1.4.1.14519.5.2.1.6279.6001.143410010885830403003179808334/surface_1.3.6.1.4.1.14519.5.2.1.6279.6001.143410010885830403003179808334.png,outputs/luna16_saliency_synthetic_gt/1.3.6.1.4.1.14519.5.2.1.6279.6001.143410010885830403003179808334/surface_grid_float_1.3.6.1.4.1.14519.5.2.1.6279.6001.143410010885830403003179808334.npy,0.5602238474082126,0.3177279233932495,0.22195830941200256,0.9882352948188782,4.0176239013671875,1.0722925662994385,0.07351983115077018,0.09008637450635433,0.12693922221660614,0.7550554275512695,13,5,8,0.0,0.01107653202091654,good_or_low_review,700
ground_truth,1.3.6.1.4.1.14519.5.2.1.6279.6001.725023183844147505748475581290,outputs/luna16_saliency_synthetic_gt/1.3.6.1.4.1.14519.5.2.1.6279.6001.725023183844147505748475581290/surface_1.3.6.1.4.1.14519.5.2.1.6279.6001.725023183844147505748475581290.png,outputs/luna16_saliency_synthetic_gt/1.3.6.1.4.1.14519.5.2.1.6279.6001.725023183844147505748475581290/surface_grid_float_1.3.6.1.4.1.14519.5.2.1.6279.6001.725023183844147505748475581290.npy,0.5040947256385998,0.385637491941452,0.2424134761095047,0.9764705896377563,4.1510162353515625,1.1099538803100586,0.07251797839999197,0.08622094497084618,0.12036415189504623,0.6898531913757324,13,5,8,0.0,0.011037995833324061,good_or_low_review,701
ground_truth,1.3.6.1.4.1.14519.5.2.1.6279.6001.168037818448885856452592057286,outputs/luna16_saliency_synthetic_gt/1.3.6.1.4.1.14519.5.2.1.6279.6001.168037818448885856452592057286/surface_1.3.6.1.4.1.14519.5.2.1.6279.6001.168037818448885856452592057286.png,outputs/luna16_saliency_synthetic_gt/1.3.6.1.4.1.14519.5.2.1.6279.6001.168037818448885856452592057286/surface_grid_float_1.3.6.1.4.1.14519.5.2.1.6279.6001.168037818448885856452592057286.npy,0.5489761904761905,0.3150656521320343,0.2307170331478119,0.9372549057006836,4.205810546875,1.1606436967849731,0.06947411447763444,0.08272702500224113,0.1163896843791008,0.6958082318305969,13,5,8,0.0,0.011037735510038005,good_or_low_review,702
ground_truth,1.3.6.1.4.1.14519.5.2.1.6279.6001.725236073737175770730904408416,outputs/luna16_saliency_synthetic_gt/1.3.6.1.4.1.14519.5.2.1.6279.6001.725236073737175770730904408416/surface_1.3.6.1.4.1.14519.5.2.1.6279.6001.725236073737175770730904408416.png,outputs/luna16_saliency_synthetic_gt/1.3.6.1.4.1.14519.5.2.1.6279.6001.725236073737175770730904408416/surface_grid_float_1.3.6.1.4.1.14519.5.2.1.6279.6001.725236073737175770730904408416.npy,0.49515695522085296,0.30819448828697205,0.2218252420425415,0.8823529481887817,4.2916107177734375,1.10612154006958,0.0693607572466135,0.08129181154072285,0.11707447469234467,0.6362852454185486,13,5,8,0.0,0.011005406087885302,good_or_low_review,703
ground_truth,1.3.6.1.4.1.14519.5.2.1.6279.6001.238855414831158993232534884296,outputs/luna16_saliency_synthetic_gt/1.3.6.1.4.1.14519.5.2.1.6279.6001.238855414831158993232534884296/surface_1.3.6.1.4.1.14519.5.2.1.6279.6001.238855414831158993232534884296.png,outputs/luna16_saliency_synthetic_gt/1.3.6.1.4.1.14519.5.2.1.6279.6001.238855414831158993232534884296/surface_grid_float_1.3.6.1.4.1.14519.5.2.1.6279.6001.238855414831158993232534884296.npy,0.5657434654665051,0.3395926356315613,0.223684161901474,1.0,4.062408447265625,1.0650568008422852,0.0810259472578764,0.09499835945665833,0.13785259425640106,0.6075475811958313,13,5,8,0.0,0.010970737265133193,good_or_low_review,704
ground_truth,1.3.6.1.4.1.14519.5.2.1.6279.6001.266581250778073944645044950856,outputs/luna16_saliency_synthetic_gt/1.3.6.1.4.1.14519.5.2.1.6279.6001.266581250778073944645044950856/surface_1.3.6.1.4.1.14519.5.2.1.6279.6001.266581250778073944645044950856.png,outputs/luna16_saliency_synthetic_gt/1.3.6.1.4.1.14519.5.2.1.6279.6001.266581250778073944645044950856/surface_grid_float_1.3.6.1.4.1.14519.5.2.1.6279.6001.266581250778073944645044950856.npy,0.601683737441175,0.3535594046115875,0.2334294617176056,0.8784313797950745,4.0221710205078125,1.1008000373840332,0.07974061742424965,0.09481084272265435,0.13356941938400269,0.6237741708755493,13,5,8,0.0,0.010934108473360538,good_or_low_review,705
ground_truth,1.3.6.1.4.1.14519.5.2.1.6279.6001.150684298696437181894923266019,outputs/luna16_saliency_synthetic_gt/1.3.6.1.4.1.14519.5.2.1.6279.6001.150684298696437181894923266019/surface_1.3.6.1.4.1.14519.5.2.1.6279.6001.150684298696437181894923266019.png,outputs/luna16_saliency_synthetic_gt/1.3.6.1.4.1.14519.5.2.1.6279.6001.150684298696437181894923266019/surface_grid_float_1.3.6.1.4.1.14519.5.2.1.6279.6001.150684298696437181894923266019.npy,0.5589493258949326,0.3221476078033447,0.2205733060836792,0.9490196108818054,4.1677703857421875,1.1204936504364014,0.0641995295882225,0.07735221982002259,0.10420536249876022,0.7326978445053101,13,5,8,0.0,0.01089506800307168,good_or_low_review,706
ground_truth,1.3.6.1.4.1.14519.5.2.1.6279.6001.306558074682524259000586270818,outputs/luna16_saliency_synthetic_gt/1.3.6.1.4.1.14519.5.2.1.6279.6001.306558074682524259000586270818/surface_1.3.6.1.4.1.14519.5.2.1.6279.6001.306558074682524259000586270818.png,outputs/luna16_saliency_synthetic_gt/1.3.6.1.4.1.14519.5.2.1.6279.6001.306558074682524259000586270818/surface_grid_float_1.3.6.1.4.1.14519.5.2.1.6279.6001.306558074682524259000586270818.npy,0.6525814275814276,0.3266535699367523,0.2267199605703354,0.8941176533699036,3.9470672607421875,1.0740514993667603,0.0834660571068525,0.09875259473919863,0.14488428831100464,0.6033478379249573,13,5,8,0.0,0.010881796249912843,good_or_low_review,707
ground_truth,1.3.6.1.4.1.14519.5.2.1.6279.6001.138080888843357047811238713686,outputs/luna16_saliency_synthetic_gt/1.3.6.1.4.1.14519.5.2.1.6279.6001.138080888843357047811238713686/surface_1.3.6.1.4.1.14519.5.2.1.6279.6001.138080888843357047811238713686.png,outputs/luna16_saliency_synthetic_gt/1.3.6.1.4.1.14519.5.2.1.6279.6001.138080888843357047811238713686/surface_grid_float_1.3.6.1.4.1.14519.5.2.1.6279.6001.138080888843357047811238713686.npy,0.4900599400599401,0.3865705132484436,0.2508432865142822,1.0,4.028129577636719,1.018328309059143,0.0726356655359268,0.08811987482011317,0.11644735187292099,0.6845784783363342,13,5,8,0.0,0.010878431048078669,good_or_low_review,708
ground_truth,1.3.6.1.4.1.14519.5.2.1.6279.6001.749871569713868632259874663577,outputs/luna16_saliency_synthetic_gt/1.3.6.1.4.1.14519.5.2.1.6279.6001.749871569713868632259874663577/surface_1.3.6.1.4.1.14519.5.2.1.6279.6001.749871569713868632259874663577.png,outputs/luna16_saliency_synthetic_gt/1.3.6.1.4.1.14519.5.2.1.6279.6001.749871569713868632259874663577/surface_grid_float_1.3.6.1.4.1.14519.5.2.1.6279.6001.749871569713868632259874663577.npy,0.49938250428816466,0.34064480662345886,0.22001945972442627,0.8980392217636108,3.85491943359375,1.067293643951416,0.08137754537165162,0.09754535220563416,0.13972355425357819,0.6348016262054443,13,5,8,0.0,0.010761896569281818,good_or_low_review,709
ground_truth,1.3.6.1.4.1.14519.5.2.1.6279.6001.252358625003143649770119512644,outputs/luna16_saliency_synthetic_gt/1.3.6.1.4.1.14519.5.2.1.6279.6001.252358625003143649770119512644/surface_1.3.6.1.4.1.14519.5.2.1.6279.6001.252358625003143649770119512644.png,outputs/luna16_saliency_synthetic_gt/1.3.6.1.4.1.14519.5.2.1.6279.6001.252358625003143649770119512644/surface_grid_float_1.3.6.1.4.1.14519.5.2.1.6279.6001.252358625003143649770119512644.npy,0.66158940397351,0.31840717792510986,0.22555533051490784,0.929411768913269,3.984649658203125,1.0588982105255127,0.07512238249182687,0.08987664096057416,0.12448254972696304,0.625093400478363,13,5,8,0.0,0.010726478437996572,good_or_low_review,710
ground_truth,1.3.6.1.4.1.14519.5.2.1.6279.6001.174449669706458092793093760291,outputs/luna16_saliency_synthetic_gt/1.3.6.1.4.1.14519.5.2.1.6279.6001.174449669706458092793093760291/surface_1.3.6.1.4.1.14519.5.2.1.6279.6001.174449669706458092793093760291.png,outputs/luna16_saliency_synthetic_gt/1.3.6.1.4.1.14519.5.2.1.6279.6001.174449669706458092793093760291/surface_grid_float_1.3.6.1.4.1.14519.5.2.1.6279.6001.174449669706458092793093760291.npy,0.5093031532493416,0.37172964215278625,0.23144614696502686,0.9647058844566345,3.9595184326171875,1.097428321838379,0.07303781807422638,0.08810736387968061,0.12117268890142441,0.6572586894035339,13,5,8,0.0,0.010702993169426918,good_or_low_review,711
ground_truth,1.3.6.1.4.1.14519.5.2.1.6279.6001.670107649586205629860363487713,outputs/luna16_saliency_synthetic_gt/1.3.6.1.4.1.14519.5.2.1.6279.6001.670107649586205629860363487713/surface_1.3.6.1.4.1.14519.5.2.1.6279.6001.670107649586205629860363487713.png,outputs/luna16_saliency_synthetic_gt/1.3.6.1.4.1.14519.5.2.1.6279.6001.670107649586205629860363487713/surface_grid_float_1.3.6.1.4.1.14519.5.2.1.6279.6001.670107649586205629860363487713.npy,0.5999632352941177,0.34928664565086365,0.23216098546981812,0.9686274528503418,3.9493560791015625,0.9440972208976746,0.07666025459766387,0.08987238913774491,0.1241205483675003,0.6213562488555908,13,5,8,0.0,0.01065922347009182,good_or_low_review,712
ground_truth,1.3.6.1.4.1.14519.5.2.1.6279.6001.664409965623578819357819577077,outputs/luna16_saliency_synthetic_gt/1.3.6.1.4.1.14519.5.2.1.6279.6001.664409965623578819357819577077/surface_1.3.6.1.4.1.14519.5.2.1.6279.6001.664409965623578819357819577077.png,outputs/luna16_saliency_synthetic_gt/1.3.6.1.4.1.14519.5.2.1.6279.6001.664409965623578819357819577077/surface_grid_float_1.3.6.1.4.1.14519.5.2.1.6279.6001.664409965623578819357819577077.npy,0.6476037328715348,0.3155405819416046,0.23864112794399261,1.0,4.0717010498046875,1.0258359909057617,0.06801330074667927,0.08005275577306747,0.11147105693817139,0.6511901617050171,13,5,8,1.0,0.010634840337766542,good_or_low_review,713
ground_truth,1.3.6.1.4.1.14519.5.2.1.6279.6001.250481236093201801255751845296,outputs/luna16_saliency_synthetic_gt/1.3.6.1.4.1.14519.5.2.1.6279.6001.250481236093201801255751845296/surface_1.3.6.1.4.1.14519.5.2.1.6279.6001.250481236093201801255751845296.png,outputs/luna16_saliency_synthetic_gt/1.3.6.1.4.1.14519.5.2.1.6279.6001.250481236093201801255751845296/surface_grid_float_1.3.6.1.4.1.14519.5.2.1.6279.6001.250481236093201801255751845296.npy,0.5952925217915547,0.3128519356250763,0.21923445165157318,0.9058823585510254,4.174354553222656,0.9898282885551453,0.06352082081139085,0.07468325160443784,0.10280170291662216,0.6450804471969604,13,5,8,0.0,0.010631267241719696,good_or_low_review,714
ground_truth,1.3.6.1.4.1.14519.5.2.1.6279.6001.802595762867498341201607992711,outputs/luna16_saliency_synthetic_gt/1.3.6.1.4.1.14519.5.2.1.6279.6001.802595762867498341201607992711/surface_1.3.6.1.4.1.14519.5.2.1.6279.6001.802595762867498341201607992711.png,outputs/luna16_saliency_synthetic_gt/1.3.6.1.4.1.14519.5.2.1.6279.6001.802595762867498341201607992711/surface_grid_float_1.3.6.1.4.1.14519.5.2.1.6279.6001.802595762867498341201607992711.npy,0.5071580871154432,0.3318917155265808,0.2204056829214096,0.8627451062202454,3.9674224853515625,1.1037721633911133,0.06763539835810663,0.08157305091619489,0.11504718661308289,0.6874469518661499,13,5,8,0.0,0.010587222229441006,good_or_low_review,715
ground_truth,1.3.6.1.4.1.14519.5.2.1.6279.6001.116097642684124305074876564522,outputs/luna16_saliency_synthetic_gt/1.3.6.1.4.1.14519.5.2.1.6279.6001.116097642684124305074876564522/surface_1.3.6.1.4.1.14519.5.2.1.6279.6001.116097642684124305074876564522.png,outputs/luna16_saliency_synthetic_gt/1.3.6.1.4.1.14519.5.2.1.6279.6001.116097642684124305074876564522/surface_grid_float_1.3.6.1.4.1.14519.5.2.1.6279.6001.116097642684124305074876564522.npy,0.6103580397965097,0.3484478294849396,0.22964267432689667,1.0,3.8951568603515625,1.0883510112762451,0.0724588967859745,0.08639766871929169,0.11953742057085037,0.6671676635742188,13,5,8,0.0,0.010566452970107396,good_or_low_review,716
ground_truth,1.3.6.1.4.1.14519.5.2.1.6279.6001.268838889380981659524993261082,outputs/luna16_saliency_synthetic_gt/1.3.6.1.4.1.14519.5.2.1.6279.6001.268838889380981659524993261082/surface_1.3.6.1.4.1.14519.5.2.1.6279.6001.268838889380981659524993261082.png,outputs/luna16_saliency_synthetic_gt/1.3.6.1.4.1.14519.5.2.1.6279.6001.268838889380981659524993261082/surface_grid_float_1.3.6.1.4.1.14519.5.2.1.6279.6001.268838889380981659524993261082.npy,0.46826666666666666,0.37921544909477234,0.21920952200889587,0.9725490212440491,3.6861572265625,0.884373664855957,0.0788948662579059,0.10021513387560849,0.14729249477386475,0.6306781768798828,13,5,8,0.0,0.010551556453605494,good_or_low_review,717
ground_truth,1.3.6.1.4.1.14519.5.2.1.6279.6001.137763212752154081977261297097,outputs/luna16_saliency_synthetic_gt/1.3.6.1.4.1.14519.5.2.1.6279.6001.137763212752154081977261297097/surface_1.3.6.1.4.1.14519.5.2.1.6279.6001.137763212752154081977261297097.png,outputs/luna16_saliency_synthetic_gt/1.3.6.1.4.1.14519.5.2.1.6279.6001.137763212752154081977261297097/surface_grid_float_1.3.6.1.4.1.14519.5.2.1.6279.6001.137763212752154081977261297097.npy,0.5006568144499179,0.3658687472343445,0.2484603077173233,1.0,3.9259872436523438,0.957404375076294,0.057100281305611136,0.09058218620717527,0.13665467500686646,0.5711265206336975,18,10,8,3.0,0.010529947704821827,good_or_low_review,718
ground_truth,1.3.6.1.4.1.14519.5.2.1.6279.6001.245546033414728092794968890929,outputs/luna16_saliency_synthetic_gt/1.3.6.1.4.1.14519.5.2.1.6279.6001.245546033414728092794968890929/surface_1.3.6.1.4.1.14519.5.2.1.6279.6001.245546033414728092794968890929.png,outputs/luna16_saliency_synthetic_gt/1.3.6.1.4.1.14519.5.2.1.6279.6001.245546033414728092794968890929/surface_grid_float_1.3.6.1.4.1.14519.5.2.1.6279.6001.245546033414728092794968890929.npy,0.5800370078262452,0.3451920747756958,0.2391226887702942,1.0,3.8843612670898438,0.997174084186554,0.06959812939167022,0.0835918551683426,0.11370953917503357,0.6795918345451355,13,5,8,0.0,0.010491895176966984,good_or_low_review,719
ground_truth,1.3.6.1.4.1.14519.5.2.1.6279.6001.273525289046256012743471155680,outputs/luna16_saliency_synthetic_gt/1.3.6.1.4.1.14519.5.2.1.6279.6001.273525289046256012743471155680/surface_1.3.6.1.4.1.14519.5.2.1.6279.6001.273525289046256012743471155680.png,outputs/luna16_saliency_synthetic_gt/1.3.6.1.4.1.14519.5.2.1.6279.6001.273525289046256012743471155680/surface_grid_float_1.3.6.1.4.1.14519.5.2.1.6279.6001.273525289046256012743471155680.npy,0.4552442317461166,0.3724161386489868,0.23033203184604645,1.0,3.8972625732421875,1.0638666152954102,0.06661535426974297,0.08032960556447503,0.10922552645206451,0.6797621250152588,13,5,8,0.0,0.010415908289038472,good_or_low_review,720
ground_truth,1.3.6.1.4.1.14519.5.2.1.6279.6001.768276876111112560631432843476,outputs/luna16_saliency_synthetic_gt/1.3.6.1.4.1.14519.5.2.1.6279.6001.768276876111112560631432843476/surface_1.3.6.1.4.1.14519.5.2.1.6279.6001.768276876111112560631432843476.png,outputs/luna16_saliency_synthetic_gt/1.3.6.1.4.1.14519.5.2.1.6279.6001.768276876111112560631432843476/surface_grid_float_1.3.6.1.4.1.14519.5.2.1.6279.6001.768276876111112560631432843476.npy,0.5116774236476146,0.3604699373245239,0.22682124376296997,0.9725490212440491,3.8234710693359375,1.0422444343566895,0.07613964565098286,0.09011048860847948,0.1320820152759552,0.598567008972168,13,5,8,0.0,0.010405915349307985,good_or_low_review,721
ground_truth,1.3.6.1.4.1.14519.5.2.1.6279.6001.202811684116768680758082619196,outputs/luna16_saliency_synthetic_gt/1.3.6.1.4.1.14519.5.2.1.6279.6001.202811684116768680758082619196/surface_1.3.6.1.4.1.14519.5.2.1.6279.6001.202811684116768680758082619196.png,outputs/luna16_saliency_synthetic_gt/1.3.6.1.4.1.14519.5.2.1.6279.6001.202811684116768680758082619196/surface_grid_float_1.3.6.1.4.1.14519.5.2.1.6279.6001.202811684116768680758082619196.npy,0.48404422088632615,0.33878979086875916,0.22513918578624725,0.9137254953384399,3.864410400390625,1.04999577999115,0.0726306073367595,0.08651019811630248,0.12736929953098297,0.6080228090286255,13,5,8,0.0,0.010387151741981506,good_or_low_review,722
ground_truth,1.3.6.1.4.1.14519.5.2.1.6279.6001.211051626197585058967163339846,outputs/luna16_saliency_synthetic_gt/1.3.6.1.4.1.14519.5.2.1.6279.6001.211051626197585058967163339846/surface_1.3.6.1.4.1.14519.5.2.1.6279.6001.211051626197585058967163339846.png,outputs/luna16_saliency_synthetic_gt/1.3.6.1.4.1.14519.5.2.1.6279.6001.211051626197585058967163339846/surface_grid_float_1.3.6.1.4.1.14519.5.2.1.6279.6001.211051626197585058967163339846.npy,0.7174148660932802,0.2944790720939636,0.23688088357448578,0.9215686321258545,3.6340484619140625,0.880862295627594,0.07831273972988129,0.09980155266821385,0.14884315431118011,0.5847772359848022,13,5,8,0.0,0.010350298985424968,good_or_low_review,723
ground_truth,1.3.6.1.4.1.14519.5.2.1.6279.6001.621916089407825046337959219998,outputs/luna16_saliency_synthetic_gt/1.3.6.1.4.1.14519.5.2.1.6279.6001.621916089407825046337959219998/surface_1.3.6.1.4.1.14519.5.2.1.6279.6001.621916089407825046337959219998.png,outputs/luna16_saliency_synthetic_gt/1.3.6.1.4.1.14519.5.2.1.6279.6001.621916089407825046337959219998/surface_grid_float_1.3.6.1.4.1.14519.5.2.1.6279.6001.621916089407825046337959219998.npy,0.5174154753800772,0.3707491457462311,0.2234404981136322,0.9183137303590706,3.879638671875,1.0698893070220947,0.06790506169199943,0.0809331539273262,0.1121436357498169,0.6520571112632751,13,5,8,0.0,0.010343074873752064,good_or_low_review,724
ground_truth,1.3.6.1.4.1.14519.5.2.1.6279.6001.195913706607582347421429908613,outputs/luna16_saliency_synthetic_gt/1.3.6.1.4.1.14519.5.2.1.6279.6001.195913706607582347421429908613/surface_1.3.6.1.4.1.14519.5.2.1.6279.6001.195913706607582347421429908613.png,outputs/luna16_saliency_synthetic_gt/1.3.6.1.4.1.14519.5.2.1.6279.6001.195913706607582347421429908613/surface_grid_float_1.3.6.1.4.1.14519.5.2.1.6279.6001.195913706607582347421429908613.npy,0.6239546616905107,0.37610718607902527,0.2333347201347351,0.9490196108818054,4.152488708496094,1.0248730182647705,0.06478988975286484,0.07313256710767742,0.10657680779695511,0.5513010025024414,13,5,8,0.0,0.010339904866284794,good_or_low_review,725
ground_truth,1.3.6.1.4.1.14519.5.2.1.6279.6001.231834776365874788440767645596,outputs/luna16_saliency_synthetic_gt/1.3.6.1.4.1.14519.5.2.1.6279.6001.231834776365874788440767645596/surface_1.3.6.1.4.1.14519.5.2.1.6279.6001.231834776365874788440767645596.png,outputs/luna16_saliency_synthetic_gt/1.3.6.1.4.1.14519.5.2.1.6279.6001.231834776365874788440767645596/surface_grid_float_1.3.6.1.4.1.14519.5.2.1.6279.6001.231834776365874788440767645596.npy,0.6285778679287807,0.3359391391277313,0.23238369822502136,0.9803921580314636,3.6793365478515625,0.9653360247612,0.0729172259569168,0.08855801291763783,0.12083953619003296,0.6846686601638794,13,5,8,0.0,0.010310453878757026,good_or_low_review,726
ground_truth,1.3.6.1.4.1.14519.5.2.1.6279.6001.965620538050807352935663552285,outputs/luna16_saliency_synthetic_gt/1.3.6.1.4.1.14519.5.2.1.6279.6001.965620538050807352935663552285/surface_1.3.6.1.4.1.14519.5.2.1.6279.6001.965620538050807352935663552285.png,outputs/luna16_saliency_synthetic_gt/1.3.6.1.4.1.14519.5.2.1.6279.6001.965620538050807352935663552285/surface_grid_float_1.3.6.1.4.1.14519.5.2.1.6279.6001.965620538050807352935663552285.npy,0.5751792016216678,0.3310111165046692,0.21801115572452545,0.9098039269447327,3.9027557373046875,1.0327911376953125,0.06367567926645279,0.07638949826359749,0.10653229802846909,0.670172929763794,13,5,8,0.0,0.010285551020668613,good_or_low_review,727
ground_truth,1.3.6.1.4.1.14519.5.2.1.6279.6001.333145094436144085379032922488,outputs/luna16_saliency_synthetic_gt/1.3.6.1.4.1.14519.5.2.1.6279.6001.333145094436144085379032922488/surface_1.3.6.1.4.1.14519.5.2.1.6279.6001.333145094436144085379032922488.png,outputs/luna16_saliency_synthetic_gt/1.3.6.1.4.1.14519.5.2.1.6279.6001.333145094436144085379032922488/surface_grid_float_1.3.6.1.4.1.14519.5.2.1.6279.6001.333145094436144085379032922488.npy,0.5085567796023003,0.36060965061187744,0.22349874675273895,0.9764705896377563,3.8407516479492188,0.9275537133216858,0.07096085511147966,0.08374357663094999,0.11456774175167084,0.6149166822433472,13,5,8,0.0,0.010280041561606858,good_or_low_review,728
ground_truth,1.3.6.1.4.1.14519.5.2.1.6279.6001.640729228179368154416184318668,outputs/luna16_saliency_synthetic_gt/1.3.6.1.4.1.14519.5.2.1.6279.6001.640729228179368154416184318668/surface_1.3.6.1.4.1.14519.5.2.1.6279.6001.640729228179368154416184318668.png,outputs/luna16_saliency_synthetic_gt/1.3.6.1.4.1.14519.5.2.1.6279.6001.640729228179368154416184318668/surface_grid_float_1.3.6.1.4.1.14519.5.2.1.6279.6001.640729228179368154416184318668.npy,0.608575903928991,0.3040865957736969,0.23053666949272156,0.9254902005195618,3.9191207885742188,1.0621753931045532,0.06301543414592743,0.07466287359595299,0.10252695530653,0.6580491662025452,13,5,8,0.0,0.010234085669285721,good_or_low_review,729
ground_truth,1.3.6.1.4.1.14519.5.2.1.6279.6001.307835307280028057486413359377,outputs/luna16_saliency_synthetic_gt/1.3.6.1.4.1.14519.5.2.1.6279.6001.307835307280028057486413359377/surface_1.3.6.1.4.1.14519.5.2.1.6279.6001.307835307280028057486413359377.png,outputs/luna16_saliency_synthetic_gt/1.3.6.1.4.1.14519.5.2.1.6279.6001.307835307280028057486413359377/surface_grid_float_1.3.6.1.4.1.14519.5.2.1.6279.6001.307835307280028057486413359377.npy,0.5772991333608457,0.3723900616168976,0.21891553699970245,0.9019607901573181,3.7356109619140625,1.027047872543335,0.07304559610784053,0.08721950106322765,0.12350770086050034,0.6228182315826416,13,5,8,0.0,0.010226643816381694,good_or_low_review,730
ground_truth,1.3.6.1.4.1.14519.5.2.1.6279.6001.248357157975955379661896491341,outputs/luna16_saliency_synthetic_gt/1.3.6.1.4.1.14519.5.2.1.6279.6001.248357157975955379661896491341/surface_1.3.6.1.4.1.14519.5.2.1.6279.6001.248357157975955379661896491341.png,outputs/luna16_saliency_synthetic_gt/1.3.6.1.4.1.14519.5.2.1.6279.6001.248357157975955379661896491341/surface_grid_float_1.3.6.1.4.1.14519.5.2.1.6279.6001.248357157975955379661896491341.npy,0.5303609849390389,0.40066683292388916,0.2545880377292633,1.0,3.5819931030273438,1.0047111511230469,0.07611442916095257,0.09305097311735157,0.12256858497858047,0.6465592980384827,13,5,8,0.0,0.010198316138651634,good_or_low_review,731
ground_truth,1.3.6.1.4.1.14519.5.2.1.6279.6001.266009527139315622265711325223,outputs/luna16_saliency_synthetic_gt/1.3.6.1.4.1.14519.5.2.1.6279.6001.266009527139315622265711325223/surface_1.3.6.1.4.1.14519.5.2.1.6279.6001.266009527139315622265711325223.png,outputs/luna16_saliency_synthetic_gt/1.3.6.1.4.1.14519.5.2.1.6279.6001.266009527139315622265711325223/surface_grid_float_1.3.6.1.4.1.14519.5.2.1.6279.6001.266009527139315622265711325223.npy,0.5787965616045845,0.3277347981929779,0.233099564909935,1.0,3.8898239135742188,1.049140214920044,0.06069060415029513,0.07297582663595674,0.09856021404266357,0.6796497106552124,13,5,8,0.0,0.010182647345380649,good_or_low_review,732
ground_truth,1.3.6.1.4.1.14519.5.2.1.6279.6001.100953483028192176989979435275,outputs/luna16_saliency_synthetic_gt/1.3.6.1.4.1.14519.5.2.1.6279.6001.100953483028192176989979435275/surface_1.3.6.1.4.1.14519.5.2.1.6279.6001.100953483028192176989979435275.png,outputs/luna16_saliency_synthetic_gt/1.3.6.1.4.1.14519.5.2.1.6279.6001.100953483028192176989979435275/surface_grid_float_1.3.6.1.4.1.14519.5.2.1.6279.6001.100953483028192176989979435275.npy,0.5414564541609336,0.3783491551876068,0.22152243554592133,0.8980392217636108,3.6427764892578125,0.9983034729957581,0.07608061879873275,0.09131938576698304,0.1298828423023224,0.6102442145347595,13,5,8,0.0,0.0101669739762942,good_or_low_review,733
ground_truth,1.3.6.1.4.1.14519.5.2.1.6279.6001.627998298349675613581885874395,outputs/luna16_saliency_synthetic_gt/1.3.6.1.4.1.14519.5.2.1.6279.6001.627998298349675613581885874395/surface_1.3.6.1.4.1.14519.5.2.1.6279.6001.627998298349675613581885874395.png,outputs/luna16_saliency_synthetic_gt/1.3.6.1.4.1.14519.5.2.1.6279.6001.627998298349675613581885874395/surface_grid_float_1.3.6.1.4.1.14519.5.2.1.6279.6001.627998298349675613581885874395.npy,0.6227032116862625,0.3046117424964905,0.2307676523923874,1.0,3.92620849609375,0.9821574687957764,0.06347512118518348,0.07593157589435579,0.10433759540319443,0.6051356792449951,13,5,8,0.0,0.010166374057531355,good_or_low_review,734
ground_truth,1.3.6.1.4.1.14519.5.2.1.6279.6001.270215889102603268207599305185,outputs/luna16_saliency_synthetic_gt/1.3.6.1.4.1.14519.5.2.1.6279.6001.270215889102603268207599305185/surface_1.3.6.1.4.1.14519.5.2.1.6279.6001.270215889102603268207599305185.png,outputs/luna16_saliency_synthetic_gt/1.3.6.1.4.1.14519.5.2.1.6279.6001.270215889102603268207599305185/surface_grid_float_1.3.6.1.4.1.14519.5.2.1.6279.6001.270215889102603268207599305185.npy,0.5742498672331386,0.3251153528690338,0.22970058023929596,1.0,3.8904266357421875,1.0443699359893799,0.06487590223550793,0.07691363252699375,0.1111382469534874,0.6011963486671448,13,5,8,0.0,0.010127445254640446,good_or_low_review,735
ground_truth,1.3.6.1.4.1.14519.5.2.1.6279.6001.234400932423244218697302970157,outputs/luna16_saliency_synthetic_gt/1.3.6.1.4.1.14519.5.2.1.6279.6001.234400932423244218697302970157/surface_1.3.6.1.4.1.14519.5.2.1.6279.6001.234400932423244218697302970157.png,outputs/luna16_saliency_synthetic_gt/1.3.6.1.4.1.14519.5.2.1.6279.6001.234400932423244218697302970157/surface_grid_float_1.3.6.1.4.1.14519.5.2.1.6279.6001.234400932423244218697302970157.npy,0.43051299133910725,0.3949882388114929,0.2004791796207428,0.9019607901573181,3.8579864501953125,1.0414782762527466,0.05645124539732935,0.06894751369953156,0.09159599989652634,0.7151768803596497,13,5,8,0.0,0.01008768478433291,good_or_low_review,736
ground_truth,1.3.6.1.4.1.14519.5.2.1.6279.6001.127965161564033605177803085629,outputs/luna16_saliency_synthetic_gt/1.3.6.1.4.1.14519.5.2.1.6279.6001.127965161564033605177803085629/surface_1.3.6.1.4.1.14519.5.2.1.6279.6001.127965161564033605177803085629.png,outputs/luna16_saliency_synthetic_gt/1.3.6.1.4.1.14519.5.2.1.6279.6001.127965161564033605177803085629/surface_grid_float_1.3.6.1.4.1.14519.5.2.1.6279.6001.127965161564033605177803085629.npy,0.4755981994787965,0.4320458471775055,0.224742591381073,1.0,3.611846923828125,0.9659222960472107,0.08043168745934963,0.09486909680068492,0.13559013605117798,0.5483661890029907,13,5,8,0.0,0.01008440930818518,good_or_low_review,737
ground_truth,1.3.6.1.4.1.14519.5.2.1.6279.6001.204802250386343794613980417281,outputs/luna16_saliency_synthetic_gt/1.3.6.1.4.1.14519.5.2.1.6279.6001.204802250386343794613980417281/surface_1.3.6.1.4.1.14519.5.2.1.6279.6001.204802250386343794613980417281.png,outputs/luna16_saliency_synthetic_gt/1.3.6.1.4.1.14519.5.2.1.6279.6001.204802250386343794613980417281/surface_grid_float_1.3.6.1.4.1.14519.5.2.1.6279.6001.204802250386343794613980417281.npy,0.544899544899545,0.3713456690311432,0.22798572480678558,1.0,3.6060409545898438,1.0021096467971802,0.07633974216878414,0.09160001493990422,0.12671329081058502,0.5884316563606262,13,5,8,0.0,0.01006569460887048,good_or_low_review,738
ground_truth,1.3.6.1.4.1.14519.5.2.1.6279.6001.664989286137882319237192185951,outputs/luna16_saliency_synthetic_gt/1.3.6.1.4.1.14519.5.2.1.6279.6001.664989286137882319237192185951/surface_1.3.6.1.4.1.14519.5.2.1.6279.6001.664989286137882319237192185951.png,outputs/luna16_saliency_synthetic_gt/1.3.6.1.4.1.14519.5.2.1.6279.6001.664989286137882319237192185951/surface_grid_float_1.3.6.1.4.1.14519.5.2.1.6279.6001.664989286137882319237192185951.npy,0.5776476270981765,0.4302242398262024,0.2299378663301468,1.0,3.5970001220703125,0.9597421884536743,0.07297167740762234,0.08796096667647366,0.11800812929868698,0.6406890749931335,13,5,8,0.0,0.010057582703729471,good_or_low_review,739
ground_truth,1.3.6.1.4.1.14519.5.2.1.6279.6001.561423049201987049884663740668,outputs/luna16_saliency_synthetic_gt/1.3.6.1.4.1.14519.5.2.1.6279.6001.561423049201987049884663740668/surface_1.3.6.1.4.1.14519.5.2.1.6279.6001.561423049201987049884663740668.png,outputs/luna16_saliency_synthetic_gt/1.3.6.1.4.1.14519.5.2.1.6279.6001.561423049201987049884663740668/surface_grid_float_1.3.6.1.4.1.14519.5.2.1.6279.6001.561423049201987049884663740668.npy,0.5265575942621771,0.32051149010658264,0.2303902804851532,0.95686274766922,3.6161956787109375,0.9612445831298828,0.07269244380295273,0.08846942618489265,0.1287771314382553,0.6166563034057617,13,5,8,0.0,0.010051422924300035,good_or_low_review,740
ground_truth,1.3.6.1.4.1.14519.5.2.1.6279.6001.603166427542096384265514998412,outputs/luna16_saliency_synthetic_gt/1.3.6.1.4.1.14519.5.2.1.6279.6001.603166427542096384265514998412/surface_1.3.6.1.4.1.14519.5.2.1.6279.6001.603166427542096384265514998412.png,outputs/luna16_saliency_synthetic_gt/1.3.6.1.4.1.14519.5.2.1.6279.6001.603166427542096384265514998412/surface_grid_float_1.3.6.1.4.1.14519.5.2.1.6279.6001.603166427542096384265514998412.npy,0.5679638309556955,0.33160197734832764,0.21578601002693176,0.9254902005195618,3.856475830078125,1.0265718698501587,0.06318030580878256,0.07454885795712472,0.10613355040550232,0.622122049331665,13,5,8,0.0,0.010046418898469873,good_or_low_review,741
ground_truth,1.3.6.1.4.1.14519.5.2.1.6279.6001.518487185634324801733841260431,outputs/luna16_saliency_synthetic_gt/1.3.6.1.4.1.14519.5.2.1.6279.6001.518487185634324801733841260431/surface_1.3.6.1.4.1.14519.5.2.1.6279.6001.518487185634324801733841260431.png,outputs/luna16_saliency_synthetic_gt/1.3.6.1.4.1.14519.5.2.1.6279.6001.518487185634324801733841260431/surface_grid_float_1.3.6.1.4.1.14519.5.2.1.6279.6001.518487185634324801733841260431.npy,0.596406578280084,0.34564530849456787,0.22828878462314606,0.9372549057006836,3.7846221923828125,0.9923532009124756,0.06273349300026895,0.0752235108613968,0.10060711205005646,0.6556861400604248,13,5,8,0.0,0.010021489291058646,good_or_low_review,742
ground_truth,1.3.6.1.4.1.14519.5.2.1.6279.6001.256542095129414948017808425649,outputs/luna16_saliency_synthetic_gt/1.3.6.1.4.1.14519.5.2.1.6279.6001.256542095129414948017808425649/surface_1.3.6.1.4.1.14519.5.2.1.6279.6001.256542095129414948017808425649.png,outputs/luna16_saliency_synthetic_gt/1.3.6.1.4.1.14519.5.2.1.6279.6001.256542095129414948017808425649/surface_grid_float_1.3.6.1.4.1.14519.5.2.1.6279.6001.256542095129414948017808425649.npy,0.5716572656459844,0.31471291184425354,0.21735334396362305,0.8549019694328308,3.877197265625,1.0461701154708862,0.05713893547654152,0.06859036490321155,0.09398653358221054,0.6688143014907837,13,5,8,0.0,0.010005960393117533,good_or_low_review,743
ground_truth,1.3.6.1.4.1.14519.5.2.1.6279.6001.219349715895470349269596532320,outputs/luna16_saliency_synthetic_gt/1.3.6.1.4.1.14519.5.2.1.6279.6001.219349715895470349269596532320/surface_1.3.6.1.4.1.14519.5.2.1.6279.6001.219349715895470349269596532320.png,outputs/luna16_saliency_synthetic_gt/1.3.6.1.4.1.14519.5.2.1.6279.6001.219349715895470349269596532320/surface_grid_float_1.3.6.1.4.1.14519.5.2.1.6279.6001.219349715895470349269596532320.npy,0.5033942393097323,0.3355576694011688,0.2325087934732437,0.9828627461195032,3.67803955078125,0.9942017197608948,0.06884152144193642,0.08242996372282504,0.1139817088842392,0.6288300156593323,13,5,8,0.0,0.010000364864452018,good_or_low_review,744
ground_truth,1.3.6.1.4.1.14519.5.2.1.6279.6001.447468612991222399440694673357,outputs/luna16_saliency_synthetic_gt/1.3.6.1.4.1.14519.5.2.1.6279.6001.447468612991222399440694673357/surface_1.3.6.1.4.1.14519.5.2.1.6279.6001.447468612991222399440694673357.png,outputs/luna16_saliency_synthetic_gt/1.3.6.1.4.1.14519.5.2.1.6279.6001.447468612991222399440694673357/surface_grid_float_1.3.6.1.4.1.14519.5.2.1.6279.6001.447468612991222399440694673357.npy,0.5659922127192253,0.3336229622364044,0.2330455631017685,0.9490196108818054,3.644073486328125,1.030767560005188,0.0673232588917017,0.08174600906670092,0.10943210124969482,0.6625438332557678,13,5,8,0.0,0.009998155712005165,good_or_low_review,745
ground_truth,1.3.6.1.4.1.14519.5.2.1.6279.6001.246589849815292078281051154201,outputs/luna16_saliency_synthetic_gt/1.3.6.1.4.1.14519.5.2.1.6279.6001.246589849815292078281051154201/surface_1.3.6.1.4.1.14519.5.2.1.6279.6001.246589849815292078281051154201.png,outputs/luna16_saliency_synthetic_gt/1.3.6.1.4.1.14519.5.2.1.6279.6001.246589849815292078281051154201/surface_grid_float_1.3.6.1.4.1.14519.5.2.1.6279.6001.246589849815292078281051154201.npy,0.6056914668333905,0.3168962895870209,0.21882587671279907,0.8627451062202454,3.8888702392578125,0.9590662717819214,0.05836929567158222,0.06930383034050465,0.09965576976537704,0.6300258040428162,13,5,8,0.0,0.00996062265129553,good_or_low_review,746
ground_truth,1.3.6.1.4.1.14519.5.2.1.6279.6001.238042459915048190592571019348,outputs/luna16_saliency_synthetic_gt/1.3.6.1.4.1.14519.5.2.1.6279.6001.238042459915048190592571019348/surface_1.3.6.1.4.1.14519.5.2.1.6279.6001.238042459915048190592571019348.png,outputs/luna16_saliency_synthetic_gt/1.3.6.1.4.1.14519.5.2.1.6279.6001.238042459915048190592571019348/surface_grid_float_1.3.6.1.4.1.14519.5.2.1.6279.6001.238042459915048190592571019348.npy,0.4032468591939958,0.42682531476020813,0.2334478199481964,0.9686274528503418,3.72467041015625,1.0462214946746826,0.06378670521080491,0.07669516459107396,0.1049441546201706,0.6448150277137756,13,5,8,0.0,0.009941561238467692,good_or_low_review,747
ground_truth,1.3.6.1.4.1.14519.5.2.1.6279.6001.404364125369979066736354549484,outputs/luna16_saliency_synthetic_gt/1.3.6.1.4.1.14519.5.2.1.6279.6001.404364125369979066736354549484/surface_1.3.6.1.4.1.14519.5.2.1.6279.6001.404364125369979066736354549484.png,outputs/luna16_saliency_synthetic_gt/1.3.6.1.4.1.14519.5.2.1.6279.6001.404364125369979066736354549484/surface_grid_float_1.3.6.1.4.1.14519.5.2.1.6279.6001.404364125369979066736354549484.npy,0.6689653943476247,0.30391421914100647,0.23273688554763794,0.9176470637321472,3.674957275390625,0.9738108515739441,0.06851678937673562,0.0813020208477974,0.11058858036994934,0.6101205945014954,13,5,8,0.0,0.009919812961088287,good_or_low_review,748
ground_truth,1.3.6.1.4.1.14519.5.2.1.6279.6001.188385286346390202873004762827,outputs/luna16_saliency_synthetic_gt/1.3.6.1.4.1.14519.5.2.1.6279.6001.188385286346390202873004762827/surface_1.3.6.1.4.1.14519.5.2.1.6279.6001.188385286346390202873004762827.png,outputs/luna16_saliency_synthetic_gt/1.3.6.1.4.1.14519.5.2.1.6279.6001.188385286346390202873004762827/surface_grid_float_1.3.6.1.4.1.14519.5.2.1.6279.6001.188385286346390202873004762827.npy,0.5127097902097902,0.44281554222106934,0.19630034267902374,1.0,2.9622879028320312,0.786370575428009,0.054385762661695404,0.06467826031148434,0.08740460872650146,0.5015453100204468,13,5,8,0.0,0.009841868107931487,good_or_low_review,749
ground_truth,1.3.6.1.4.1.14519.5.2.1.6279.6001.320967206808467952819309001585,outputs/luna16_saliency_synthetic_gt/1.3.6.1.4.1.14519.5.2.1.6279.6001.320967206808467952819309001585/surface_1.3.6.1.4.1.14519.5.2.1.6279.6001.320967206808467952819309001585.png,outputs/luna16_saliency_synthetic_gt/1.3.6.1.4.1.14519.5.2.1.6279.6001.320967206808467952819309001585/surface_grid_float_1.3.6.1.4.1.14519.5.2.1.6279.6001.320967206808467952819309001585.npy,0.6236003445305771,0.35059747099876404,0.23935392498970032,0.9372549057006836,3.5882720947265625,0.9459201693534851,0.07087410874664783,0.08468213655054574,0.12248704582452774,0.5898883938789368,13,5,8,0.0,0.009831780685236057,good_or_low_review,750
ground_truth,1.3.6.1.4.1.14519.5.2.1.6279.6001.238019241099704094018548301753,outputs/luna16_saliency_synthetic_gt/1.3.6.1.4.1.14519.5.2.1.6279.6001.238019241099704094018548301753/surface_1.3.6.1.4.1.14519.5.2.1.6279.6001.238019241099704094018548301753.png,outputs/luna16_saliency_synthetic_gt/1.3.6.1.4.1.14519.5.2.1.6279.6001.238019241099704094018548301753/surface_grid_float_1.3.6.1.4.1.14519.5.2.1.6279.6001.238019241099704094018548301753.npy,0.6112054636120546,0.3422044813632965,0.23933616280555725,1.0,3.6039352416992188,0.9130412936210632,0.0694005977362394,0.08233111530542374,0.11415901780128479,0.5918568968772888,13,5,8,0.0,0.009791729743944273,good_or_low_review,751
ground_truth,1.3.6.1.4.1.14519.5.2.1.6279.6001.323426705628838942177546503237,outputs/luna16_saliency_synthetic_gt/1.3.6.1.4.1.14519.5.2.1.6279.6001.323426705628838942177546503237/surface_1.3.6.1.4.1.14519.5.2.1.6279.6001.323426705628838942177546503237.png,outputs/luna16_saliency_synthetic_gt/1.3.6.1.4.1.14519.5.2.1.6279.6001.323426705628838942177546503237/surface_grid_float_1.3.6.1.4.1.14519.5.2.1.6279.6001.323426705628838942177546503237.npy,0.5175193798449612,0.3266275227069855,0.22861576080322266,0.9686274528503418,3.6203155517578125,1.0133827924728394,0.0631716772913933,0.07683578148484221,0.1035049706697464,0.65338534116745,13,5,8,0.0,0.009790900122291508,good_or_low_review,752
ground_truth,1.3.6.1.4.1.14519.5.2.1.6279.6001.191266041369462391833537519639,outputs/luna16_saliency_synthetic_gt/1.3.6.1.4.1.14519.5.2.1.6279.6001.191266041369462391833537519639/surface_1.3.6.1.4.1.14519.5.2.1.6279.6001.191266041369462391833537519639.png,outputs/luna16_saliency_synthetic_gt/1.3.6.1.4.1.14519.5.2.1.6279.6001.191266041369462391833537519639/surface_grid_float_1.3.6.1.4.1.14519.5.2.1.6279.6001.191266041369462391833537519639.npy,0.5631315363087347,0.34683138132095337,0.22751262784004211,1.0,3.6507034301757812,0.987525463104248,0.06372727528214452,0.07610530138015748,0.1041131466627121,0.6195518374443054,13,5,8,0.0,0.009744446619351706,good_or_low_review,753
ground_truth,1.3.6.1.4.1.14519.5.2.1.6279.6001.139595277234735528205899724196,outputs/luna16_saliency_synthetic_gt/1.3.6.1.4.1.14519.5.2.1.6279.6001.139595277234735528205899724196/surface_1.3.6.1.4.1.14519.5.2.1.6279.6001.139595277234735528205899724196.png,outputs/luna16_saliency_synthetic_gt/1.3.6.1.4.1.14519.5.2.1.6279.6001.139595277234735528205899724196/surface_grid_float_1.3.6.1.4.1.14519.5.2.1.6279.6001.139595277234735528205899724196.npy,0.5758025769818738,0.3177034854888916,0.22566255927085876,0.8941176533699036,3.6165313720703125,1.0092926025390625,0.06721526533365244,0.07978803575038924,0.11766130477190018,0.5721076726913452,13,5,8,0.0,0.009692543743054076,good_or_low_review,754
ground_truth,1.3.6.1.4.1.14519.5.2.1.6279.6001.314836406260772370397541392345,outputs/luna16_saliency_synthetic_gt/1.3.6.1.4.1.14519.5.2.1.6279.6001.314836406260772370397541392345/surface_1.3.6.1.4.1.14519.5.2.1.6279.6001.314836406260772370397541392345.png,outputs/luna16_saliency_synthetic_gt/1.3.6.1.4.1.14519.5.2.1.6279.6001.314836406260772370397541392345/surface_grid_float_1.3.6.1.4.1.14519.5.2.1.6279.6001.314836406260772370397541392345.npy,0.5987109776037112,0.3615504503250122,0.24423831701278687,1.0,3.489593505859375,0.906960129737854,0.06731465794146056,0.08168358325958251,0.10717082768678665,0.6328164339065552,13,5,8,0.0,0.009672755416234333,good_or_low_review,755
ground_truth,1.3.6.1.4.1.14519.5.2.1.6279.6001.564534197011295112247542153557,outputs/luna16_saliency_synthetic_gt/1.3.6.1.4.1.14519.5.2.1.6279.6001.564534197011295112247542153557/surface_1.3.6.1.4.1.14519.5.2.1.6279.6001.564534197011295112247542153557.png,outputs/luna16_saliency_synthetic_gt/1.3.6.1.4.1.14519.5.2.1.6279.6001.564534197011295112247542153557/surface_grid_float_1.3.6.1.4.1.14519.5.2.1.6279.6001.564534197011295112247542153557.npy,0.5245959719837571,0.3683433532714844,0.22311115264892578,0.8470588326454163,3.651763916015625,0.9620864391326904,0.06323456205427647,0.07532948851585385,0.10957126319408417,0.5953685641288757,13,5,8,0.0,0.009669199102454715,good_or_low_review,756
ground_truth,1.3.6.1.4.1.14519.5.2.1.6279.6001.171177995014336749670107905732,outputs/luna16_saliency_synthetic_gt/1.3.6.1.4.1.14519.5.2.1.6279.6001.171177995014336749670107905732/surface_1.3.6.1.4.1.14519.5.2.1.6279.6001.171177995014336749670107905732.png,outputs/luna16_saliency_synthetic_gt/1.3.6.1.4.1.14519.5.2.1.6279.6001.171177995014336749670107905732/surface_grid_float_1.3.6.1.4.1.14519.5.2.1.6279.6001.171177995014336749670107905732.npy,0.613925412062058,0.3110696077346802,0.21585260331630707,0.8901960849761963,3.6883621215820312,0.9928907155990601,0.05981521811336279,0.07094606749713421,0.09709209203720093,0.6193869113922119,13,5,8,0.0,0.009652067586200106,good_or_low_review,757
ground_truth,1.3.6.1.4.1.14519.5.2.1.6279.6001.252697338970999211181671881792,outputs/luna16_saliency_synthetic_gt/1.3.6.1.4.1.14519.5.2.1.6279.6001.252697338970999211181671881792/surface_1.3.6.1.4.1.14519.5.2.1.6279.6001.252697338970999211181671881792.png,outputs/luna16_saliency_synthetic_gt/1.3.6.1.4.1.14519.5.2.1.6279.6001.252697338970999211181671881792/surface_grid_float_1.3.6.1.4.1.14519.5.2.1.6279.6001.252697338970999211181671881792.npy,0.5540592729409789,0.3702113628387451,0.21357543766498566,0.8509804010391235,3.593109130859375,0.9677769541740417,0.06491238027811048,0.07600306689739227,0.10663840174674988,0.5740934610366821,13,5,8,0.0,0.009544370471768909,good_or_low_review,758
ground_truth,1.3.6.1.4.1.14519.5.2.1.6279.6001.504324996863016748259361352296,outputs/luna16_saliency_synthetic_gt/1.3.6.1.4.1.14519.5.2.1.6279.6001.504324996863016748259361352296/surface_1.3.6.1.4.1.14519.5.2.1.6279.6001.504324996863016748259361352296.png,outputs/luna16_saliency_synthetic_gt/1.3.6.1.4.1.14519.5.2.1.6279.6001.504324996863016748259361352296/surface_grid_float_1.3.6.1.4.1.14519.5.2.1.6279.6001.504324996863016748259361352296.npy,0.47138348368498223,0.3250913619995117,0.2309568077325821,0.9137254953384399,3.5621185302734375,0.9162085652351379,0.062219140492379636,0.07610259503126142,0.11326885223388672,0.5699771642684937,13,5,8,0.0,0.009486557988656892,good_or_low_review,759
ground_truth,1.3.6.1.4.1.14519.5.2.1.6279.6001.213854687290736562463866711534,outputs/luna16_saliency_synthetic_gt/1.3.6.1.4.1.14519.5.2.1.6279.6001.213854687290736562463866711534/surface_1.3.6.1.4.1.14519.5.2.1.6279.6001.213854687290736562463866711534.png,outputs/luna16_saliency_synthetic_gt/1.3.6.1.4.1.14519.5.2.1.6279.6001.213854687290736562463866711534/surface_grid_float_1.3.6.1.4.1.14519.5.2.1.6279.6001.213854687290736562463866711534.npy,0.6319795719844358,0.308182030916214,0.22760850191116333,0.8823529481887817,3.6334228515625,0.9663466811180115,0.062062066048383734,0.07327631331980229,0.10575892776250839,0.5522447228431702,13,5,8,0.0,0.00948120464740528,good_or_low_review,760
ground_truth,1.3.6.1.4.1.14519.5.2.1.6279.6001.152684536713461901635595118048,outputs/luna16_saliency_synthetic_gt/1.3.6.1.4.1.14519.5.2.1.6279.6001.152684536713461901635595118048/surface_1.3.6.1.4.1.14519.5.2.1.6279.6001.152684536713461901635595118048.png,outputs/luna16_saliency_synthetic_gt/1.3.6.1.4.1.14519.5.2.1.6279.6001.152684536713461901635595118048/surface_grid_float_1.3.6.1.4.1.14519.5.2.1.6279.6001.152684536713461901635595118048.npy,0.6164180531650412,0.29380080103874207,0.2083130180835724,0.8588235378265381,3.621185302734375,0.9433872103691101,0.05778210982680319,0.06879193298518657,0.09667465835809708,0.605182409286499,13,5,8,0.0,0.009443916625860665,good_or_low_review,761
ground_truth,1.3.6.1.4.1.14519.5.2.1.6279.6001.229171189693734694696158152904,outputs/luna16_saliency_synthetic_gt/1.3.6.1.4.1.14519.5.2.1.6279.6001.229171189693734694696158152904/surface_1.3.6.1.4.1.14519.5.2.1.6279.6001.229171189693734694696158152904.png,outputs/luna16_saliency_synthetic_gt/1.3.6.1.4.1.14519.5.2.1.6279.6001.229171189693734694696158152904/surface_grid_float_1.3.6.1.4.1.14519.5.2.1.6279.6001.229171189693734694696158152904.npy,0.605537094805371,0.3101049065589905,0.23924311995506287,0.9098039269447327,3.3906402587890625,0.8793542981147766,0.06710399091243742,0.08096631325781344,0.11174561828374863,0.6066009998321533,13,5,8,0.0,0.009428058717565403,good_or_low_review,762
ground_truth,1.3.6.1.4.1.14519.5.2.1.6279.6001.461155505515403114280165935891,outputs/luna16_saliency_synthetic_gt/1.3.6.1.4.1.14519.5.2.1.6279.6001.461155505515403114280165935891/surface_1.3.6.1.4.1.14519.5.2.1.6279.6001.461155505515403114280165935891.png,outputs/luna16_saliency_synthetic_gt/1.3.6.1.4.1.14519.5.2.1.6279.6001.461155505515403114280165935891/surface_grid_float_1.3.6.1.4.1.14519.5.2.1.6279.6001.461155505515403114280165935891.npy,0.511223191566703,0.37000221014022827,0.22330108284950256,0.9098039269447327,3.5742034912109375,0.971589207649231,0.06059234384447336,0.07234180457890037,0.10445711761713028,0.5775541663169861,13,5,8,0.0,0.009410713658978541,good_or_low_review,763
ground_truth,1.3.6.1.4.1.14519.5.2.1.6279.6001.223098610241551815995595311693,outputs/luna16_saliency_synthetic_gt/1.3.6.1.4.1.14519.5.2.1.6279.6001.223098610241551815995595311693/surface_1.3.6.1.4.1.14519.5.2.1.6279.6001.223098610241551815995595311693.png,outputs/luna16_saliency_synthetic_gt/1.3.6.1.4.1.14519.5.2.1.6279.6001.223098610241551815995595311693/surface_grid_float_1.3.6.1.4.1.14519.5.2.1.6279.6001.223098610241551815995595311693.npy,0.4739848035022392,0.3258167803287506,0.23453329503536224,0.9137254953384399,3.4216461181640625,0.9518511891365051,0.06362122632563111,0.07766743853688238,0.10970233380794525,0.6200312972068787,13,5,8,0.0,0.009410614013506305,good_or_low_review,764
ground_truth,1.3.6.1.4.1.14519.5.2.1.6279.6001.478062284228419671253422844986,outputs/luna16_saliency_synthetic_gt/1.3.6.1.4.1.14519.5.2.1.6279.6001.478062284228419671253422844986/surface_1.3.6.1.4.1.14519.5.2.1.6279.6001.478062284228419671253422844986.png,outputs/luna16_saliency_synthetic_gt/1.3.6.1.4.1.14519.5.2.1.6279.6001.478062284228419671253422844986/surface_grid_float_1.3.6.1.4.1.14519.5.2.1.6279.6001.478062284228419671253422844986.npy,0.6663168584969533,0.35538193583488464,0.24100007116794586,1.0,3.5746917724609375,0.8702384829521179,0.06369378492236136,0.0744603331387043,0.10291342437267303,0.5433098673820496,13,5,8,0.0,0.009398984875778357,good_or_low_review,765
ground_truth,1.3.6.1.4.1.14519.5.2.1.6279.6001.304676828064484590312919543151,outputs/luna16_saliency_synthetic_gt/1.3.6.1.4.1.14519.5.2.1.6279.6001.304676828064484590312919543151/surface_1.3.6.1.4.1.14519.5.2.1.6279.6001.304676828064484590312919543151.png,outputs/luna16_saliency_synthetic_gt/1.3.6.1.4.1.14519.5.2.1.6279.6001.304676828064484590312919543151/surface_grid_float_1.3.6.1.4.1.14519.5.2.1.6279.6001.304676828064484590312919543151.npy,0.5868041866439445,0.33380284905433655,0.23426850140094757,1.0,3.5365142822265625,0.9543505907058716,0.05968040972948074,0.07160971164703367,0.10015712678432465,0.6068955659866333,13,5,8,0.0,0.009391138633092244,good_or_low_review,766
ground_truth,1.3.6.1.4.1.14519.5.2.1.6279.6001.449254134266555649028108149727,outputs/luna16_saliency_synthetic_gt/1.3.6.1.4.1.14519.5.2.1.6279.6001.449254134266555649028108149727/surface_1.3.6.1.4.1.14519.5.2.1.6279.6001.449254134266555649028108149727.png,outputs/luna16_saliency_synthetic_gt/1.3.6.1.4.1.14519.5.2.1.6279.6001.449254134266555649028108149727/surface_grid_float_1.3.6.1.4.1.14519.5.2.1.6279.6001.449254134266555649028108149727.npy,0.63524512884978,0.3503458499908447,0.22913673520088196,0.9450980424880981,3.3775177001953125,0.8829763531684875,0.06695907898247239,0.0810646354407072,0.1150704175233841,0.5982879996299744,13,5,8,0.0,0.009390664118280014,good_or_low_review,767
ground_truth,1.3.6.1.4.1.14519.5.2.1.6279.6001.291156498203266896953765649282,outputs/luna16_saliency_synthetic_gt/1.3.6.1.4.1.14519.5.2.1.6279.6001.291156498203266896953765649282/surface_1.3.6.1.4.1.14519.5.2.1.6279.6001.291156498203266896953765649282.png,outputs/luna16_saliency_synthetic_gt/1.3.6.1.4.1.14519.5.2.1.6279.6001.291156498203266896953765649282/surface_grid_float_1.3.6.1.4.1.14519.5.2.1.6279.6001.291156498203266896953765649282.npy,0.5578616352201258,0.35096102952957153,0.231185644865036,0.9803921580314636,3.5044631958007812,0.8963508605957031,0.06106820739805698,0.0732651062309742,0.10029499232769012,0.6067557334899902,13,5,8,0.0,0.009387071254352727,good_or_low_review,768
ground_truth,1.3.6.1.4.1.14519.5.2.1.6279.6001.270152671889301412052226973069,outputs/luna16_saliency_synthetic_gt/1.3.6.1.4.1.14519.5.2.1.6279.6001.270152671889301412052226973069/surface_1.3.6.1.4.1.14519.5.2.1.6279.6001.270152671889301412052226973069.png,outputs/luna16_saliency_synthetic_gt/1.3.6.1.4.1.14519.5.2.1.6279.6001.270152671889301412052226973069/surface_grid_float_1.3.6.1.4.1.14519.5.2.1.6279.6001.270152671889301412052226973069.npy,0.6245002855511137,0.3419555127620697,0.2419348955154419,0.9333333373069763,3.4864273071289062,0.9376851320266724,0.06573613174259663,0.07737406611442565,0.10804132372140884,0.5582166910171509,13,5,8,0.0,0.009372415697574615,good_or_low_review,769
ground_truth,1.3.6.1.4.1.14519.5.2.1.6279.6001.306788423710427765311352901943,outputs/luna16_saliency_synthetic_gt/1.3.6.1.4.1.14519.5.2.1.6279.6001.306788423710427765311352901943/surface_1.3.6.1.4.1.14519.5.2.1.6279.6001.306788423710427765311352901943.png,outputs/luna16_saliency_synthetic_gt/1.3.6.1.4.1.14519.5.2.1.6279.6001.306788423710427765311352901943/surface_grid_float_1.3.6.1.4.1.14519.5.2.1.6279.6001.306788423710427765311352901943.npy,0.5322084019267118,0.3501927852630615,0.22226746380329132,0.8857254970073722,3.5022201538085938,0.9184930324554443,0.0633516974747181,0.07515133246779443,0.1089058369398117,0.5615447759628296,13,5,8,0.0,0.009339450843632222,good_or_low_review,770
ground_truth,1.3.6.1.4.1.14519.5.2.1.6279.6001.302134342469412607966016057827,outputs/luna16_saliency_synthetic_gt/1.3.6.1.4.1.14519.5.2.1.6279.6001.302134342469412607966016057827/surface_1.3.6.1.4.1.14519.5.2.1.6279.6001.302134342469412607966016057827.png,outputs/luna16_saliency_synthetic_gt/1.3.6.1.4.1.14519.5.2.1.6279.6001.302134342469412607966016057827/surface_grid_float_1.3.6.1.4.1.14519.5.2.1.6279.6001.302134342469412607966016057827.npy,0.4423884060833498,0.3470848500728607,0.21770429611206055,0.8941176533699036,3.5429153442382812,0.9556295871734619,0.056543168239295484,0.06749336838722228,0.09438323974609375,0.6029239296913147,13,5,8,0.0,0.009269490913550059,good_or_low_review,771
ground_truth,1.3.6.1.4.1.14519.5.2.1.6279.6001.980362852713685276785310240144,outputs/luna16_saliency_synthetic_gt/1.3.6.1.4.1.14519.5.2.1.6279.6001.980362852713685276785310240144/surface_1.3.6.1.4.1.14519.5.2.1.6279.6001.980362852713685276785310240144.png,outputs/luna16_saliency_synthetic_gt/1.3.6.1.4.1.14519.5.2.1.6279.6001.980362852713685276785310240144/surface_grid_float_1.3.6.1.4.1.14519.5.2.1.6279.6001.980362852713685276785310240144.npy,0.5275850340136055,0.3410312235355377,0.23447448015213013,0.95686274766922,3.3275680541992188,0.9430547952651978,0.06543565094470977,0.0794392189383507,0.10817153751850128,0.5960056781768799,13,5,8,0.0,0.009253580387764507,good_or_low_review,772
ground_truth,1.3.6.1.4.1.14519.5.2.1.6279.6001.328944769569002417592093467626,outputs/luna16_saliency_synthetic_gt/1.3.6.1.4.1.14519.5.2.1.6279.6001.328944769569002417592093467626/surface_1.3.6.1.4.1.14519.5.2.1.6279.6001.328944769569002417592093467626.png,outputs/luna16_saliency_synthetic_gt/1.3.6.1.4.1.14519.5.2.1.6279.6001.328944769569002417592093467626/surface_grid_float_1.3.6.1.4.1.14519.5.2.1.6279.6001.328944769569002417592093467626.npy,0.6078764619883041,0.38860467076301575,0.2257925271987915,0.9411764740943909,3.3285293579101562,0.9019835591316223,0.06737229414284229,0.08141549259424206,0.10935939848423004,0.5659176111221313,13,5,8,0.0,0.009247608399060036,good_or_low_review,773
ground_truth,1.3.6.1.4.1.14519.5.2.1.6279.6001.275849601663847251574860892603,outputs/luna16_saliency_synthetic_gt/1.3.6.1.4.1.14519.5.2.1.6279.6001.275849601663847251574860892603/surface_1.3.6.1.4.1.14519.5.2.1.6279.6001.275849601663847251574860892603.png,outputs/luna16_saliency_synthetic_gt/1.3.6.1.4.1.14519.5.2.1.6279.6001.275849601663847251574860892603/surface_grid_float_1.3.6.1.4.1.14519.5.2.1.6279.6001.275849601663847251574860892603.npy,0.623516878342246,0.3889862895011902,0.2454701066017151,0.9706666684150713,3.264007568359375,0.8768399953842163,0.07065812461078166,0.08472616061568261,0.1185872033238411,0.5673359036445618,13,5,8,0.0,0.00924254388494624,good_or_low_review,774
ground_truth,1.3.6.1.4.1.14519.5.2.1.6279.6001.309672797925724868457151381131,outputs/luna16_saliency_synthetic_gt/1.3.6.1.4.1.14519.5.2.1.6279.6001.309672797925724868457151381131/surface_1.3.6.1.4.1.14519.5.2.1.6279.6001.309672797925724868457151381131.png,outputs/luna16_saliency_synthetic_gt/1.3.6.1.4.1.14519.5.2.1.6279.6001.309672797925724868457151381131/surface_grid_float_1.3.6.1.4.1.14519.5.2.1.6279.6001.309672797925724868457151381131.npy,0.6046424839528288,0.33729302883148193,0.238752543926239,0.9019607901573181,3.3981552124023438,0.8326237201690674,0.06441219300031661,0.07544049836695191,0.10542147606611252,0.5269115567207336,13,5,8,0.0,0.00909772154216965,good_or_low_review,775
ground_truth,1.3.6.1.4.1.14519.5.2.1.6279.6001.979083010707182900091062408058,outputs/luna16_saliency_synthetic_gt/1.3.6.1.4.1.14519.5.2.1.6279.6001.979083010707182900091062408058/surface_1.3.6.1.4.1.14519.5.2.1.6279.6001.979083010707182900091062408058.png,outputs/luna16_saliency_synthetic_gt/1.3.6.1.4.1.14519.5.2.1.6279.6001.979083010707182900091062408058/surface_grid_float_1.3.6.1.4.1.14519.5.2.1.6279.6001.979083010707182900091062408058.npy,0.5930924717491645,0.3428103029727936,0.2210107147693634,0.9411764740943909,3.2972488403320312,0.9109205603599548,0.06278607249259943,0.0758950114995241,0.10263705998659134,0.5702255368232727,13,5,8,0.0,0.009039432938479714,good_or_low_review,776
ground_truth,1.3.6.1.4.1.14519.5.2.1.6279.6001.975254950136384517744116790879,outputs/luna16_saliency_synthetic_gt/1.3.6.1.4.1.14519.5.2.1.6279.6001.975254950136384517744116790879/surface_1.3.6.1.4.1.14519.5.2.1.6279.6001.975254950136384517744116790879.png,outputs/luna16_saliency_synthetic_gt/1.3.6.1.4.1.14519.5.2.1.6279.6001.975254950136384517744116790879/surface_grid_float_1.3.6.1.4.1.14519.5.2.1.6279.6001.975254950136384517744116790879.npy,0.6012147276293949,0.3738497495651245,0.22741162776947021,1.0,3.188873291015625,0.817111074924469,0.06620977632701397,0.08000356294214724,0.10838395357131958,0.5794604420661926,13,5,8,0.0,0.009002585577881998,good_or_low_review,777
ground_truth,1.3.6.1.4.1.14519.5.2.1.6279.6001.187694838527128312070807533473,outputs/luna16_saliency_synthetic_gt/1.3.6.1.4.1.14519.5.2.1.6279.6001.187694838527128312070807533473/surface_1.3.6.1.4.1.14519.5.2.1.6279.6001.187694838527128312070807533473.png,outputs/luna16_saliency_synthetic_gt/1.3.6.1.4.1.14519.5.2.1.6279.6001.187694838527128312070807533473/surface_grid_float_1.3.6.1.4.1.14519.5.2.1.6279.6001.187694838527128312070807533473.npy,0.5960962385631989,0.35591816902160645,0.23964008688926697,1.0,3.3782577514648438,0.9357604384422302,0.05740267410874367,0.06883771866559982,0.09388825297355652,0.5845961570739746,13,5,8,0.0,0.008994663717018233,good_or_low_review,778
ground_truth,1.3.6.1.4.1.14519.5.2.1.6279.6001.216526102138308489357443843021,outputs/luna16_saliency_synthetic_gt/1.3.6.1.4.1.14519.5.2.1.6279.6001.216526102138308489357443843021/surface_1.3.6.1.4.1.14519.5.2.1.6279.6001.216526102138308489357443843021.png,outputs/luna16_saliency_synthetic_gt/1.3.6.1.4.1.14519.5.2.1.6279.6001.216526102138308489357443843021/surface_grid_float_1.3.6.1.4.1.14519.5.2.1.6279.6001.216526102138308489357443843021.npy,0.503090013434841,0.3911535143852234,0.22418129444122314,0.9921568632125854,3.3691635131835938,0.9467339515686035,0.05965356323868035,0.07016132779419422,0.10059382766485214,0.5580299496650696,13,5,8,0.0,0.008960178910609748,good_or_low_review,779
ground_truth,1.3.6.1.4.1.14519.5.2.1.6279.6001.162718361851587451505896742103,outputs/luna16_saliency_synthetic_gt/1.3.6.1.4.1.14519.5.2.1.6279.6001.162718361851587451505896742103/surface_1.3.6.1.4.1.14519.5.2.1.6279.6001.162718361851587451505896742103.png,outputs/luna16_saliency_synthetic_gt/1.3.6.1.4.1.14519.5.2.1.6279.6001.162718361851587451505896742103/surface_grid_float_1.3.6.1.4.1.14519.5.2.1.6279.6001.162718361851587451505896742103.npy,0.5357045849630595,0.3662837743759155,0.2276875227689743,0.9176470637321472,3.2574920654296875,0.7800253629684448,0.06271398253738879,0.07572098731994634,0.10896484553813934,0.5619600415229797,13,5,8,0.0,0.008949583154254492,good_or_low_review,780
ground_truth,1.3.6.1.4.1.14519.5.2.1.6279.6001.272961322147784625028175033640,outputs/luna16_saliency_synthetic_gt/1.3.6.1.4.1.14519.5.2.1.6279.6001.272961322147784625028175033640/surface_1.3.6.1.4.1.14519.5.2.1.6279.6001.272961322147784625028175033640.png,outputs/luna16_saliency_synthetic_gt/1.3.6.1.4.1.14519.5.2.1.6279.6001.272961322147784625028175033640/surface_grid_float_1.3.6.1.4.1.14519.5.2.1.6279.6001.272961322147784625028175033640.npy,0.4661761864897933,0.39032047986984253,0.2095128744840622,0.8274509906768799,3.3454818725585938,0.8998109102249146,0.0603119395673275,0.07151758633553981,0.09854596853256226,0.5514340400695801,13,5,8,0.0,0.008946739688929584,good_or_low_review,781
ground_truth,1.3.6.1.4.1.14519.5.2.1.6279.6001.139258777898746693365877042411,outputs/luna16_saliency_synthetic_gt/1.3.6.1.4.1.14519.5.2.1.6279.6001.139258777898746693365877042411/surface_1.3.6.1.4.1.14519.5.2.1.6279.6001.139258777898746693365877042411.png,outputs/luna16_saliency_synthetic_gt/1.3.6.1.4.1.14519.5.2.1.6279.6001.139258777898746693365877042411/surface_grid_float_1.3.6.1.4.1.14519.5.2.1.6279.6001.139258777898746693365877042411.npy,0.6426391045895142,0.3042723536491394,0.24849894642829895,0.9647451001405796,3.2664260864257812,0.8936352133750916,0.06646578833460808,0.07825372859835625,0.1130213737487793,0.5163562297821045,13,5,8,0.0,0.008939113623731666,good_or_low_review,782
ground_truth,1.3.6.1.4.1.14519.5.2.1.6279.6001.199171741859530285887752432478,outputs/luna16_saliency_synthetic_gt/1.3.6.1.4.1.14519.5.2.1.6279.6001.199171741859530285887752432478/surface_1.3.6.1.4.1.14519.5.2.1.6279.6001.199171741859530285887752432478.png,outputs/luna16_saliency_synthetic_gt/1.3.6.1.4.1.14519.5.2.1.6279.6001.199171741859530285887752432478/surface_grid_float_1.3.6.1.4.1.14519.5.2.1.6279.6001.199171741859530285887752432478.npy,0.5111124620060791,0.35543105006217957,0.2163817584514618,0.9019607901573181,3.680908203125,0.7741298675537109,0.04225375559180976,0.05794470794498906,0.09428595751523972,0.4604349434375763,18,10,8,2.0,0.008896377006752618,good_or_low_review,783
ground_truth,1.3.6.1.4.1.14519.5.2.1.6279.6001.292994770358625142596171316474,outputs/luna16_saliency_synthetic_gt/1.3.6.1.4.1.14519.5.2.1.6279.6001.292994770358625142596171316474/surface_1.3.6.1.4.1.14519.5.2.1.6279.6001.292994770358625142596171316474.png,outputs/luna16_saliency_synthetic_gt/1.3.6.1.4.1.14519.5.2.1.6279.6001.292994770358625142596171316474/surface_grid_float_1.3.6.1.4.1.14519.5.2.1.6279.6001.292994770358625142596171316474.npy,0.5534825870646766,0.36340445280075073,0.24532745778560638,0.9539607870578846,3.2551803588867188,0.840965211391449,0.06266347207129,0.07563519589602949,0.10128025710582733,0.5290696024894714,13,5,8,0.0,0.008870066702779796,good_or_low_review,784
ground_truth,1.3.6.1.4.1.14519.5.2.1.6279.6001.137375498893536422914241295628,outputs/luna16_saliency_synthetic_gt/1.3.6.1.4.1.14519.5.2.1.6279.6001.137375498893536422914241295628/surface_1.3.6.1.4.1.14519.5.2.1.6279.6001.137375498893536422914241295628.png,outputs/luna16_saliency_synthetic_gt/1.3.6.1.4.1.14519.5.2.1.6279.6001.137375498893536422914241295628/surface_grid_float_1.3.6.1.4.1.14519.5.2.1.6279.6001.137375498893536422914241295628.npy,0.6550151975683891,0.31496113538742065,0.23599936068058014,1.0,3.3841171264648438,0.813049852848053,0.05511441361159086,0.0652210433036089,0.09162834286689758,0.5505749583244324,13,5,8,0.0,0.008820326417270635,good_or_low_review,785
ground_truth,1.3.6.1.4.1.14519.5.2.1.6279.6001.190937805243443708408459490152,outputs/luna16_saliency_synthetic_gt/1.3.6.1.4.1.14519.5.2.1.6279.6001.190937805243443708408459490152/surface_1.3.6.1.4.1.14519.5.2.1.6279.6001.190937805243443708408459490152.png,outputs/luna16_saliency_synthetic_gt/1.3.6.1.4.1.14519.5.2.1.6279.6001.190937805243443708408459490152/surface_grid_float_1.3.6.1.4.1.14519.5.2.1.6279.6001.190937805243443708408459490152.npy,0.6566423609612978,0.3173220455646515,0.2277114987373352,0.8666666746139526,3.3512420654296875,0.8292836546897888,0.0583967249840498,0.07070311382412908,0.10140958428382874,0.49688899517059326,13,5,8,1.0,0.008810694624152448,good_or_low_review,786
ground_truth,1.3.6.1.4.1.14519.5.2.1.6279.6001.191617711875409989053242965150,outputs/luna16_saliency_synthetic_gt/1.3.6.1.4.1.14519.5.2.1.6279.6001.191617711875409989053242965150/surface_1.3.6.1.4.1.14519.5.2.1.6279.6001.191617711875409989053242965150.png,outputs/luna16_saliency_synthetic_gt/1.3.6.1.4.1.14519.5.2.1.6279.6001.191617711875409989053242965150/surface_grid_float_1.3.6.1.4.1.14519.5.2.1.6279.6001.191617711875409989053242965150.npy,0.6409513513513514,0.35401588678359985,0.24244651198387146,0.9882352948188782,3.0613021850585938,0.7723330855369568,0.06890029832720754,0.08231823310256005,0.11582908034324646,0.5223321318626404,13,5,8,0.0,0.00873245537231366,good_or_low_review,787
ground_truth,1.3.6.1.4.1.14519.5.2.1.6279.6001.323302986710576400812869264321,outputs/luna16_saliency_synthetic_gt/1.3.6.1.4.1.14519.5.2.1.6279.6001.323302986710576400812869264321/surface_1.3.6.1.4.1.14519.5.2.1.6279.6001.323302986710576400812869264321.png,outputs/luna16_saliency_synthetic_gt/1.3.6.1.4.1.14519.5.2.1.6279.6001.323302986710576400812869264321/surface_grid_float_1.3.6.1.4.1.14519.5.2.1.6279.6001.323302986710576400812869264321.npy,0.6731207617948348,0.34455907344818115,0.2281462848186493,0.9254902005195618,3.2256927490234375,0.874592125415802,0.06146177127957347,0.07303929775953294,0.1069830060005188,0.5118882656097412,13,5,8,0.0,0.008704862993624475,good_or_low_review,788
ground_truth,1.3.6.1.4.1.14519.5.2.1.6279.6001.776429308535398795601496131524,outputs/luna16_saliency_synthetic_gt/1.3.6.1.4.1.14519.5.2.1.6279.6001.776429308535398795601496131524/surface_1.3.6.1.4.1.14519.5.2.1.6279.6001.776429308535398795601496131524.png,outputs/luna16_saliency_synthetic_gt/1.3.6.1.4.1.14519.5.2.1.6279.6001.776429308535398795601496131524/surface_grid_float_1.3.6.1.4.1.14519.5.2.1.6279.6001.776429308535398795601496131524.npy,0.5651309425715616,0.3383496105670929,0.22699877619743347,0.8941176533699036,3.1117935180664062,0.8524612188339233,0.06468680873513222,0.07744335196912289,0.1103954091668129,0.5259868502616882,13,5,8,0.0,0.008678482756432558,good_or_low_review,789
ground_truth,1.3.6.1.4.1.14519.5.2.1.6279.6001.756684168227383088294595834066,outputs/luna16_saliency_synthetic_gt/1.3.6.1.4.1.14519.5.2.1.6279.6001.756684168227383088294595834066/surface_1.3.6.1.4.1.14519.5.2.1.6279.6001.756684168227383088294595834066.png,outputs/luna16_saliency_synthetic_gt/1.3.6.1.4.1.14519.5.2.1.6279.6001.756684168227383088294595834066/surface_grid_float_1.3.6.1.4.1.14519.5.2.1.6279.6001.756684168227383088294595834066.npy,0.588174882629108,0.34047773480415344,0.22346509993076324,0.9529411792755127,3.2311630249023438,0.8493905067443848,0.05817874688655136,0.06872638061642647,0.0955028310418129,0.5119331479072571,13,5,8,0.0,0.00858469234423505,good_or_low_review,790
ground_truth,1.3.6.1.4.1.14519.5.2.1.6279.6001.191301539558980174217770205256,outputs/luna16_saliency_synthetic_gt/1.3.6.1.4.1.14519.5.2.1.6279.6001.191301539558980174217770205256/surface_1.3.6.1.4.1.14519.5.2.1.6279.6001.191301539558980174217770205256.png,outputs/luna16_saliency_synthetic_gt/1.3.6.1.4.1.14519.5.2.1.6279.6001.191301539558980174217770205256/surface_grid_float_1.3.6.1.4.1.14519.5.2.1.6279.6001.191301539558980174217770205256.npy,0.6017462924496401,0.3212614357471466,0.22984249889850616,0.886274516582489,3.2302780151367188,0.9112371206283569,0.05463858433067796,0.06543864756822587,0.09462788701057434,0.5429933667182922,13,5,8,0.0,0.008553608044981956,good_or_low_review,791
ground_truth,1.3.6.1.4.1.14519.5.2.1.6279.6001.842317928015463083368074520378,outputs/luna16_saliency_synthetic_gt/1.3.6.1.4.1.14519.5.2.1.6279.6001.842317928015463083368074520378/surface_1.3.6.1.4.1.14519.5.2.1.6279.6001.842317928015463083368074520378.png,outputs/luna16_saliency_synthetic_gt/1.3.6.1.4.1.14519.5.2.1.6279.6001.842317928015463083368074520378/surface_grid_float_1.3.6.1.4.1.14519.5.2.1.6279.6001.842317928015463083368074520378.npy,0.6409529670899197,0.31130439043045044,0.2235867828130722,0.9411764740943909,3.253570556640625,0.8773452043533325,0.05756429806351661,0.06678002677857875,0.09622985869646072,0.49436643719673157,13,5,8,0.0,0.008524610480417808,good_or_low_review,792
ground_truth,1.3.6.1.4.1.14519.5.2.1.6279.6001.724562063158320418413995627171,outputs/luna16_saliency_synthetic_gt/1.3.6.1.4.1.14519.5.2.1.6279.6001.724562063158320418413995627171/surface_1.3.6.1.4.1.14519.5.2.1.6279.6001.724562063158320418413995627171.png,outputs/luna16_saliency_synthetic_gt/1.3.6.1.4.1.14519.5.2.1.6279.6001.724562063158320418413995627171/surface_grid_float_1.3.6.1.4.1.14519.5.2.1.6279.6001.724562063158320418413995627171.npy,0.5974435715176456,0.3175037205219269,0.23147737979888916,0.8784313797950745,3.117431640625,0.7772991061210632,0.05747616905719043,0.06984888218343259,0.1003359854221344,0.5529348850250244,13,5,8,0.0,0.008519930055489143,good_or_low_review,793
ground_truth,1.3.6.1.4.1.14519.5.2.1.6279.6001.669435869708883155232318480131,outputs/luna16_saliency_synthetic_gt/1.3.6.1.4.1.14519.5.2.1.6279.6001.669435869708883155232318480131/surface_1.3.6.1.4.1.14519.5.2.1.6279.6001.669435869708883155232318480131.png,outputs/luna16_saliency_synthetic_gt/1.3.6.1.4.1.14519.5.2.1.6279.6001.669435869708883155232318480131/surface_grid_float_1.3.6.1.4.1.14519.5.2.1.6279.6001.669435869708883155232318480131.npy,0.607498203003821,0.3728928864002228,0.24296143651008606,1.0,2.8763275146484375,0.7226637601852417,0.06778252124786377,0.08394069522619241,0.120547816157341,0.5268428325653076,13,5,8,0.0,0.008482861898011628,good_or_low_review,794
ground_truth,1.3.6.1.4.1.14519.5.2.1.6279.6001.199282854229880908602362094937,outputs/luna16_saliency_synthetic_gt/1.3.6.1.4.1.14519.5.2.1.6279.6001.199282854229880908602362094937/surface_1.3.6.1.4.1.14519.5.2.1.6279.6001.199282854229880908602362094937.png,outputs/luna16_saliency_synthetic_gt/1.3.6.1.4.1.14519.5.2.1.6279.6001.199282854229880908602362094937/surface_grid_float_1.3.6.1.4.1.14519.5.2.1.6279.6001.199282854229880908602362094937.npy,0.6197536496350365,0.3354775011539459,0.23021799325942993,0.8823529481887817,3.0624771118164062,0.7309316396713257,0.06113331411033869,0.07329435653984545,0.09653632342815399,0.5291539430618286,13,5,8,0.0,0.008478856867137882,good_or_low_review,795
ground_truth,1.3.6.1.4.1.14519.5.2.1.6279.6001.215104063467523905369326175410,outputs/luna16_saliency_synthetic_gt/1.3.6.1.4.1.14519.5.2.1.6279.6001.215104063467523905369326175410/surface_1.3.6.1.4.1.14519.5.2.1.6279.6001.215104063467523905369326175410.png,outputs/luna16_saliency_synthetic_gt/1.3.6.1.4.1.14519.5.2.1.6279.6001.215104063467523905369326175410/surface_grid_float_1.3.6.1.4.1.14519.5.2.1.6279.6001.215104063467523905369326175410.npy,0.631582302690297,0.3632572591304779,0.24742496013641357,1.0,3.0425262451171875,0.7793368101119995,0.06702675968408585,0.07946320109069348,0.10966764390468597,0.4594593942165375,13,5,8,0.0,0.008475793983952866,good_or_low_review,796
ground_truth,1.3.6.1.4.1.14519.5.2.1.6279.6001.219281726101239572270900838145,outputs/luna16_saliency_synthetic_gt/1.3.6.1.4.1.14519.5.2.1.6279.6001.219281726101239572270900838145/surface_1.3.6.1.4.1.14519.5.2.1.6279.6001.219281726101239572270900838145.png,outputs/luna16_saliency_synthetic_gt/1.3.6.1.4.1.14519.5.2.1.6279.6001.219281726101239572270900838145/surface_grid_float_1.3.6.1.4.1.14519.5.2.1.6279.6001.219281726101239572270900838145.npy,0.5594563861380674,0.3172832131385803,0.21390515565872192,0.8745098114013672,3.280731201171875,0.8896563053131104,0.052749931439757335,0.06231691539287568,0.09205875545740128,0.5056325197219849,13,5,8,0.0,0.00846102061867714,good_or_low_review,797
ground_truth,1.3.6.1.4.1.14519.5.2.1.6279.6001.701514276942509393419164159551,outputs/luna16_saliency_synthetic_gt/1.3.6.1.4.1.14519.5.2.1.6279.6001.701514276942509393419164159551/surface_1.3.6.1.4.1.14519.5.2.1.6279.6001.701514276942509393419164159551.png,outputs/luna16_saliency_synthetic_gt/1.3.6.1.4.1.14519.5.2.1.6279.6001.701514276942509393419164159551/surface_grid_float_1.3.6.1.4.1.14519.5.2.1.6279.6001.701514276942509393419164159551.npy,0.5877314558155006,0.37433260679244995,0.20425476133823395,0.8980392217636108,3.1898651123046875,0.8655576705932617,0.0538331339135766,0.06398695290088656,0.0895763412117958,0.5336872339248657,13,5,8,0.0,0.008422022071811888,good_or_low_review,798
ground_truth,1.3.6.1.4.1.14519.5.2.1.6279.6001.766881513533845439335142582269,outputs/luna16_saliency_synthetic_gt/1.3.6.1.4.1.14519.5.2.1.6279.6001.766881513533845439335142582269/surface_1.3.6.1.4.1.14519.5.2.1.6279.6001.766881513533845439335142582269.png,outputs/luna16_saliency_synthetic_gt/1.3.6.1.4.1.14519.5.2.1.6279.6001.766881513533845439335142582269/surface_grid_float_1.3.6.1.4.1.14519.5.2.1.6279.6001.766881513533845439335142582269.npy,0.6027202193210098,0.33061137795448303,0.22565065324306488,0.9176470637321472,3.2746353149414062,0.8547012209892273,0.05448568984866142,0.06467305868864066,0.0960112139582634,0.4576416611671448,13,5,8,1.0,0.008414898754821886,good_or_low_review,799
ground_truth,1.3.6.1.4.1.14519.5.2.1.6279.6001.939152384493874708850321969356,outputs/luna16_saliency_synthetic_gt/1.3.6.1.4.1.14519.5.2.1.6279.6001.939152384493874708850321969356/surface_1.3.6.1.4.1.14519.5.2.1.6279.6001.939152384493874708850321969356.png,outputs/luna16_saliency_synthetic_gt/1.3.6.1.4.1.14519.5.2.1.6279.6001.939152384493874708850321969356/surface_grid_float_1.3.6.1.4.1.14519.5.2.1.6279.6001.939152384493874708850321969356.npy,0.5331166457811195,0.3671334981918335,0.2247161865234375,0.9709803938865604,3.1740875244140625,0.8545242547988892,0.05117660108953713,0.06154081020504233,0.08213066309690475,0.5650417804718018,13,5,8,0.0,0.008392018581223156,good_or_low_review,800
ground_truth,1.3.6.1.4.1.14519.5.2.1.6279.6001.126704785377921920210612476953,outputs/luna16_saliency_synthetic_gt/1.3.6.1.4.1.14519.5.2.1.6279.6001.126704785377921920210612476953/surface_1.3.6.1.4.1.14519.5.2.1.6279.6001.126704785377921920210612476953.png,outputs/luna16_saliency_synthetic_gt/1.3.6.1.4.1.14519.5.2.1.6279.6001.126704785377921920210612476953/surface_grid_float_1.3.6.1.4.1.14519.5.2.1.6279.6001.126704785377921920210612476953.npy,0.5570216606498195,0.34263232350349426,0.2314361184835434,0.9490196108818054,3.0397186279296875,0.8082026243209839,0.06271370649337767,0.07507831431925296,0.10326257348060608,0.48088639974594116,13,5,8,0.0,0.008387183586673605,good_or_low_review,801
ground_truth,1.3.6.1.4.1.14519.5.2.1.6279.6001.171667800241622018839592854574,outputs/luna16_saliency_synthetic_gt/1.3.6.1.4.1.14519.5.2.1.6279.6001.171667800241622018839592854574/surface_1.3.6.1.4.1.14519.5.2.1.6279.6001.171667800241622018839592854574.png,outputs/luna16_saliency_synthetic_gt/1.3.6.1.4.1.14519.5.2.1.6279.6001.171667800241622018839592854574/surface_grid_float_1.3.6.1.4.1.14519.5.2.1.6279.6001.171667800241622018839592854574.npy,0.5251980142793395,0.3905208110809326,0.2419855147600174,1.0,3.131500244140625,0.734648585319519,0.05293684545904397,0.06329655267298222,0.08430951088666916,0.5441113114356995,13,5,8,0.0,0.008327199901392062,good_or_low_review,802
ground_truth,1.3.6.1.4.1.14519.5.2.1.6279.6001.323899724653546164058849558431,outputs/luna16_saliency_synthetic_gt/1.3.6.1.4.1.14519.5.2.1.6279.6001.323899724653546164058849558431/surface_1.3.6.1.4.1.14519.5.2.1.6279.6001.323899724653546164058849558431.png,outputs/luna16_saliency_synthetic_gt/1.3.6.1.4.1.14519.5.2.1.6279.6001.323899724653546164058849558431/surface_grid_float_1.3.6.1.4.1.14519.5.2.1.6279.6001.323899724653546164058849558431.npy,0.5170076859160782,0.3814580738544464,0.20308059453964233,0.95686274766922,3.219329833984375,0.8060200810432434,0.049368164129555185,0.05859856452792888,0.07934734970331192,0.5286389589309692,13,5,8,0.0,0.008298259901213977,good_or_low_review,803
ground_truth,1.3.6.1.4.1.14519.5.2.1.6279.6001.283878926524838648426928238498,outputs/luna16_saliency_synthetic_gt/1.3.6.1.4.1.14519.5.2.1.6279.6001.283878926524838648426928238498/surface_1.3.6.1.4.1.14519.5.2.1.6279.6001.283878926524838648426928238498.png,outputs/luna16_saliency_synthetic_gt/1.3.6.1.4.1.14519.5.2.1.6279.6001.283878926524838648426928238498/surface_grid_float_1.3.6.1.4.1.14519.5.2.1.6279.6001.283878926524838648426928238498.npy,0.5651919313331176,0.35330185294151306,0.2176189422607422,0.9647058844566345,3.0280303955078125,0.8623915910720825,0.05776971206068989,0.06938759475946428,0.09924909472465515,0.5181803703308105,13,5,8,0.0,0.00827985710269875,good_or_low_review,804
ground_truth,1.3.6.1.4.1.14519.5.2.1.6279.6001.244590453955380448651329424024,outputs/luna16_saliency_synthetic_gt/1.3.6.1.4.1.14519.5.2.1.6279.6001.244590453955380448651329424024/surface_1.3.6.1.4.1.14519.5.2.1.6279.6001.244590453955380448651329424024.png,outputs/luna16_saliency_synthetic_gt/1.3.6.1.4.1.14519.5.2.1.6279.6001.244590453955380448651329424024/surface_grid_float_1.3.6.1.4.1.14519.5.2.1.6279.6001.244590453955380448651329424024.npy,0.552995823516813,0.3157788813114166,0.21567733585834503,0.886274516582489,2.99163818359375,0.7962753176689148,0.05751073900610206,0.06979993462562563,0.09887506067752838,0.5317255258560181,13,5,8,0.0,0.008261673957771725,good_or_low_review,805
ground_truth,1.3.6.1.4.1.14519.5.2.1.6279.6001.311476128731958142981941696518,outputs/luna16_saliency_synthetic_gt/1.3.6.1.4.1.14519.5.2.1.6279.6001.311476128731958142981941696518/surface_1.3.6.1.4.1.14519.5.2.1.6279.6001.311476128731958142981941696518.png,outputs/luna16_saliency_synthetic_gt/1.3.6.1.4.1.14519.5.2.1.6279.6001.311476128731958142981941696518/surface_grid_float_1.3.6.1.4.1.14519.5.2.1.6279.6001.311476128731958142981941696518.npy,0.4993528531983433,0.38793063163757324,0.21516203880310059,0.9372549057006836,3.122711181640625,0.7970657348632812,0.050993215292692184,0.06135698631405829,0.08112406730651855,0.5471290946006775,13,5,8,0.0,0.008261070657935406,good_or_low_review,806
ground_truth,1.3.6.1.4.1.14519.5.2.1.6279.6001.113697708991260454310623082679,outputs/luna16_saliency_synthetic_gt/1.3.6.1.4.1.14519.5.2.1.6279.6001.113697708991260454310623082679/surface_1.3.6.1.4.1.14519.5.2.1.6279.6001.113697708991260454310623082679.png,outputs/luna16_saliency_synthetic_gt/1.3.6.1.4.1.14519.5.2.1.6279.6001.113697708991260454310623082679/surface_grid_float_1.3.6.1.4.1.14519.5.2.1.6279.6001.113697708991260454310623082679.npy,0.5404194517097743,0.374933123588562,0.22600331902503967,0.9843137264251709,3.1243057250976562,0.8524301052093506,0.05158754885196684,0.061891467794775966,0.08756880462169647,0.535043478012085,13,5,8,0.0,0.008252905749032894,good_or_low_review,807
ground_truth,1.3.6.1.4.1.14519.5.2.1.6279.6001.419601611032172899567156073142,outputs/luna16_saliency_synthetic_gt/1.3.6.1.4.1.14519.5.2.1.6279.6001.419601611032172899567156073142/surface_1.3.6.1.4.1.14519.5.2.1.6279.6001.419601611032172899567156073142.png,outputs/luna16_saliency_synthetic_gt/1.3.6.1.4.1.14519.5.2.1.6279.6001.419601611032172899567156073142/surface_grid_float_1.3.6.1.4.1.14519.5.2.1.6279.6001.419601611032172899567156073142.npy,0.5861296408597804,0.34163522720336914,0.22687473893165588,1.0,3.0535659790039062,0.7678887248039246,0.05853972677141427,0.07018348500132561,0.09543847292661667,0.47133201360702515,13,5,8,0.0,0.008242185656395224,good_or_low_review,808
ground_truth,1.3.6.1.4.1.14519.5.2.1.6279.6001.198016798894102791158686961192,outputs/luna16_saliency_synthetic_gt/1.3.6.1.4.1.14519.5.2.1.6279.6001.198016798894102791158686961192/surface_1.3.6.1.4.1.14519.5.2.1.6279.6001.198016798894102791158686961192.png,outputs/luna16_saliency_synthetic_gt/1.3.6.1.4.1.14519.5.2.1.6279.6001.198016798894102791158686961192/surface_grid_float_1.3.6.1.4.1.14519.5.2.1.6279.6001.198016798894102791158686961192.npy,0.5865149633428148,0.34637168049812317,0.23866814374923706,0.9254902005195618,3.1381988525390625,0.7719627618789673,0.05344459451735015,0.06388137593865392,0.08688882738351822,0.47460758686065674,13,5,8,0.0,0.00820145622541507,good_or_low_review,809
ground_truth,1.3.6.1.4.1.14519.5.2.1.6279.6001.179943248049071805421192715219,outputs/luna16_saliency_synthetic_gt/1.3.6.1.4.1.14519.5.2.1.6279.6001.179943248049071805421192715219/surface_1.3.6.1.4.1.14519.5.2.1.6279.6001.179943248049071805421192715219.png,outputs/luna16_saliency_synthetic_gt/1.3.6.1.4.1.14519.5.2.1.6279.6001.179943248049071805421192715219/surface_grid_float_1.3.6.1.4.1.14519.5.2.1.6279.6001.179943248049071805421192715219.npy,0.5523311365362471,0.3079584240913391,0.20792046189308167,0.8352941274642944,3.1720657348632812,0.8110495209693909,0.048836442455649345,0.05835891366004943,0.07950711250305176,0.5115211606025696,13,5,8,0.0,0.008174257324801551,good_or_low_review,810
ground_truth,1.3.6.1.4.1.14519.5.2.1.6279.6001.712472578497712558367294720243,outputs/luna16_saliency_synthetic_gt/1.3.6.1.4.1.14519.5.2.1.6279.6001.712472578497712558367294720243/surface_1.3.6.1.4.1.14519.5.2.1.6279.6001.712472578497712558367294720243.png,outputs/luna16_saliency_synthetic_gt/1.3.6.1.4.1.14519.5.2.1.6279.6001.712472578497712558367294720243/surface_grid_float_1.3.6.1.4.1.14519.5.2.1.6279.6001.712472578497712558367294720243.npy,0.5343397083025935,0.36736103892326355,0.22461313009262085,0.886274516582489,3.1718368530273438,0.8595361113548279,0.04943778440356256,0.05822495311498643,0.08319374173879623,0.5008791089057922,13,5,8,0.0,0.008146208034952482,good_or_low_review,811
ground_truth,1.3.6.1.4.1.14519.5.2.1.6279.6001.173931884906244951746140865701,outputs/luna16_saliency_synthetic_gt/1.3.6.1.4.1.14519.5.2.1.6279.6001.173931884906244951746140865701/surface_1.3.6.1.4.1.14519.5.2.1.6279.6001.173931884906244951746140865701.png,outputs/luna16_saliency_synthetic_gt/1.3.6.1.4.1.14519.5.2.1.6279.6001.173931884906244951746140865701/surface_grid_float_1.3.6.1.4.1.14519.5.2.1.6279.6001.173931884906244951746140865701.npy,0.5855325644504749,0.3818204998970032,0.23098114132881165,0.9019607901573181,3.0171279907226562,0.8420144319534302,0.05600763168185943,0.06524064280092713,0.09377119690179825,0.4862380623817444,13,5,8,0.0,0.008066294962747227,good_or_low_review,812
ground_truth,1.3.6.1.4.1.14519.5.2.1.6279.6001.145283812746259413053188838096,outputs/luna16_saliency_synthetic_gt/1.3.6.1.4.1.14519.5.2.1.6279.6001.145283812746259413053188838096/surface_1.3.6.1.4.1.14519.5.2.1.6279.6001.145283812746259413053188838096.png,outputs/luna16_saliency_synthetic_gt/1.3.6.1.4.1.14519.5.2.1.6279.6001.145283812746259413053188838096/surface_grid_float_1.3.6.1.4.1.14519.5.2.1.6279.6001.145283812746259413053188838096.npy,0.5885890865239675,0.3363249897956848,0.23283645510673523,0.9254902005195618,3.1570358276367188,0.66932213306427,0.040350902639329424,0.05370609432458878,0.08291486650705338,0.5320190191268921,18,10,8,2.0,0.008055173696080843,good_or_low_review,813
ground_truth,1.3.6.1.4.1.14519.5.2.1.6279.6001.237428977311365557972720635401,outputs/luna16_saliency_synthetic_gt/1.3.6.1.4.1.14519.5.2.1.6279.6001.237428977311365557972720635401/surface_1.3.6.1.4.1.14519.5.2.1.6279.6001.237428977311365557972720635401.png,outputs/luna16_saliency_synthetic_gt/1.3.6.1.4.1.14519.5.2.1.6279.6001.237428977311365557972720635401/surface_grid_float_1.3.6.1.4.1.14519.5.2.1.6279.6001.237428977311365557972720635401.npy,0.5748806167654336,0.4171690344810486,0.24297194182872772,1.0,2.951873779296875,0.723007321357727,0.056824754551053035,0.06764087066054345,0.09136229753494263,0.48792529106140137,13,5,8,0.0,0.008033294176558655,good_or_low_review,814
ground_truth,1.3.6.1.4.1.14519.5.2.1.6279.6001.970264865033574190975654369557,outputs/luna16_saliency_synthetic_gt/1.3.6.1.4.1.14519.5.2.1.6279.6001.970264865033574190975654369557/surface_1.3.6.1.4.1.14519.5.2.1.6279.6001.970264865033574190975654369557.png,outputs/luna16_saliency_synthetic_gt/1.3.6.1.4.1.14519.5.2.1.6279.6001.970264865033574190975654369557/surface_grid_float_1.3.6.1.4.1.14519.5.2.1.6279.6001.970264865033574190975654369557.npy,0.588666359021689,0.3492225408554077,0.22744491696357727,0.9764705896377563,2.9299240112304688,0.7902790904045105,0.05720450542867177,0.06812436982989312,0.09331276267766953,0.49381616711616516,13,5,8,0.0,0.008024307040539053,good_or_low_review,815
ground_truth,1.3.6.1.4.1.14519.5.2.1.6279.6001.946129570505893110165820050204,outputs/luna16_saliency_synthetic_gt/1.3.6.1.4.1.14519.5.2.1.6279.6001.946129570505893110165820050204/surface_1.3.6.1.4.1.14519.5.2.1.6279.6001.946129570505893110165820050204.png,outputs/luna16_saliency_synthetic_gt/1.3.6.1.4.1.14519.5.2.1.6279.6001.946129570505893110165820050204/surface_grid_float_1.3.6.1.4.1.14519.5.2.1.6279.6001.946129570505893110165820050204.npy,0.6064024290704888,0.3251812160015106,0.22208255529403687,0.9450980424880981,3.019256591796875,0.795067548751831,0.05324034150689836,0.06236040819436312,0.08770293742418289,0.46694710850715637,13,5,8,0.0,0.007940566806619366,good_or_low_review,816
ground_truth,1.3.6.1.4.1.14519.5.2.1.6279.6001.146987333806092287055399155268,outputs/luna16_saliency_synthetic_gt/1.3.6.1.4.1.14519.5.2.1.6279.6001.146987333806092287055399155268/surface_1.3.6.1.4.1.14519.5.2.1.6279.6001.146987333806092287055399155268.png,outputs/luna16_saliency_synthetic_gt/1.3.6.1.4.1.14519.5.2.1.6279.6001.146987333806092287055399155268/surface_grid_float_1.3.6.1.4.1.14519.5.2.1.6279.6001.146987333806092287055399155268.npy,0.6284603252297819,0.328337162733078,0.24557757377624512,1.0,2.9357681274414062,0.8359937071800232,0.05245776288211341,0.06338825441896914,0.08718478679656982,0.5120809078216553,13,5,8,0.0,0.007932552084575096,good_or_low_review,817
ground_truth,1.3.6.1.4.1.14519.5.2.1.6279.6001.111172165674661221381920536987,outputs/luna16_saliency_synthetic_gt/1.3.6.1.4.1.14519.5.2.1.6279.6001.111172165674661221381920536987/surface_1.3.6.1.4.1.14519.5.2.1.6279.6001.111172165674661221381920536987.png,outputs/luna16_saliency_synthetic_gt/1.3.6.1.4.1.14519.5.2.1.6279.6001.111172165674661221381920536987/surface_grid_float_1.3.6.1.4.1.14519.5.2.1.6279.6001.111172165674661221381920536987.npy,0.5875195893335308,0.34821024537086487,0.23211877048015594,0.9254902005195618,2.9826812744140625,0.803412675857544,0.04698389247059817,0.0566799683868885,0.07503172010183334,0.5456125736236572,13,5,8,0.0,0.007884006894793776,good_or_low_review,818
ground_truth,1.3.6.1.4.1.14519.5.2.1.6279.6001.338447145504282422142824032832,outputs/luna16_saliency_synthetic_gt/1.3.6.1.4.1.14519.5.2.1.6279.6001.338447145504282422142824032832/surface_1.3.6.1.4.1.14519.5.2.1.6279.6001.338447145504282422142824032832.png,outputs/luna16_saliency_synthetic_gt/1.3.6.1.4.1.14519.5.2.1.6279.6001.338447145504282422142824032832/surface_grid_float_1.3.6.1.4.1.14519.5.2.1.6279.6001.338447145504282422142824032832.npy,0.5996787664632187,0.3217044770717621,0.2261713743209839,0.9098039269447327,3.0264434814453125,0.7197281122207642,0.054203618504106994,0.06338048219680785,0.08925038576126099,0.41695913672447205,13,5,8,0.0,0.007872062794367472,good_or_low_review,819
ground_truth,1.3.6.1.4.1.14519.5.2.1.6279.6001.334105754605642100456249422350,outputs/luna16_saliency_synthetic_gt/1.3.6.1.4.1.14519.5.2.1.6279.6001.334105754605642100456249422350/surface_1.3.6.1.4.1.14519.5.2.1.6279.6001.334105754605642100456249422350.png,outputs/luna16_saliency_synthetic_gt/1.3.6.1.4.1.14519.5.2.1.6279.6001.334105754605642100456249422350/surface_grid_float_1.3.6.1.4.1.14519.5.2.1.6279.6001.334105754605642100456249422350.npy,0.5615862132863894,0.32390883564949036,0.23210999369621277,0.9058823585510254,2.9600982666015625,0.7265454530715942,0.058551632612943647,0.06788869589567186,0.09866919368505478,0.4035782516002655,13,5,8,0.0,0.007866998546984461,good_or_low_review,820
ground_truth,1.3.6.1.4.1.14519.5.2.1.6279.6001.305887072264491016857673607285,outputs/luna16_saliency_synthetic_gt/1.3.6.1.4.1.14519.5.2.1.6279.6001.305887072264491016857673607285/surface_1.3.6.1.4.1.14519.5.2.1.6279.6001.305887072264491016857673607285.png,outputs/luna16_saliency_synthetic_gt/1.3.6.1.4.1.14519.5.2.1.6279.6001.305887072264491016857673607285/surface_grid_float_1.3.6.1.4.1.14519.5.2.1.6279.6001.305887072264491016857673607285.npy,0.5043199554069119,0.3520335257053375,0.2348669320344925,1.0,3.0248794555664062,0.7812707424163818,0.05243685469031334,0.06158772092312574,0.08864850550889969,0.43732839822769165,13,5,8,0.0,0.00786093827192154,good_or_low_review,821
ground_truth,1.3.6.1.4.1.14519.5.2.1.6279.6001.105495028985881418176186711228,outputs/luna16_saliency_synthetic_gt/1.3.6.1.4.1.14519.5.2.1.6279.6001.105495028985881418176186711228/surface_1.3.6.1.4.1.14519.5.2.1.6279.6001.105495028985881418176186711228.png,outputs/luna16_saliency_synthetic_gt/1.3.6.1.4.1.14519.5.2.1.6279.6001.105495028985881418176186711228/surface_grid_float_1.3.6.1.4.1.14519.5.2.1.6279.6001.105495028985881418176186711228.npy,0.5474335188620902,0.41022446751594543,0.21300047636032104,0.8941176533699036,2.95428466796875,0.7541886568069458,0.05307365413755178,0.06287305422127247,0.088080033659935,0.4484955072402954,13,5,8,0.0,0.007806656089342303,good_or_low_review,822
ground_truth,1.3.6.1.4.1.14519.5.2.1.6279.6001.268992195564407418480563388746,outputs/luna16_saliency_synthetic_gt/1.3.6.1.4.1.14519.5.2.1.6279.6001.268992195564407418480563388746/surface_1.3.6.1.4.1.14519.5.2.1.6279.6001.268992195564407418480563388746.png,outputs/luna16_saliency_synthetic_gt/1.3.6.1.4.1.14519.5.2.1.6279.6001.268992195564407418480563388746/surface_grid_float_1.3.6.1.4.1.14519.5.2.1.6279.6001.268992195564407418480563388746.npy,0.5858687351794541,0.3813488185405731,0.23466956615447998,1.0,2.7677001953125,0.7247673273086548,0.058785469271242605,0.07159819267690179,0.09446915984153748,0.4656876027584076,13,5,8,0.0,0.0077956407786243485,good_or_low_review,823
ground_truth,1.3.6.1.4.1.14519.5.2.1.6279.6001.315770913282450940389971401304,outputs/luna16_saliency_synthetic_gt/1.3.6.1.4.1.14519.5.2.1.6279.6001.315770913282450940389971401304/surface_1.3.6.1.4.1.14519.5.2.1.6279.6001.315770913282450940389971401304.png,outputs/luna16_saliency_synthetic_gt/1.3.6.1.4.1.14519.5.2.1.6279.6001.315770913282450940389971401304/surface_grid_float_1.3.6.1.4.1.14519.5.2.1.6279.6001.315770913282450940389971401304.npy,0.568971253659835,0.3330496847629547,0.22752313315868378,0.9529411792755127,2.8559112548828125,0.7020310759544373,0.053618020750582196,0.063759346306324,0.08818177133798599,0.47738075256347656,13,5,8,0.0,0.0077334785974687995,good_or_low_review,824
ground_truth,1.3.6.1.4.1.14519.5.2.1.6279.6001.241570579760883349458693655367,outputs/luna16_saliency_synthetic_gt/1.3.6.1.4.1.14519.5.2.1.6279.6001.241570579760883349458693655367/surface_1.3.6.1.4.1.14519.5.2.1.6279.6001.241570579760883349458693655367.png,outputs/luna16_saliency_synthetic_gt/1.3.6.1.4.1.14519.5.2.1.6279.6001.241570579760883349458693655367/surface_grid_float_1.3.6.1.4.1.14519.5.2.1.6279.6001.241570579760883349458693655367.npy,0.6024123206443649,0.38613033294677734,0.23606440424919128,1.0,2.8155059814453125,0.6653319001197815,0.05672386512160299,0.06811029493808746,0.09072373807430267,0.44034838676452637,13,5,8,0.0,0.00771437078780598,good_or_low_review,825
ground_truth,1.3.6.1.4.1.14519.5.2.1.6279.6001.850739282072340578344345230132,outputs/luna16_saliency_synthetic_gt/1.3.6.1.4.1.14519.5.2.1.6279.6001.850739282072340578344345230132/surface_1.3.6.1.4.1.14519.5.2.1.6279.6001.850739282072340578344345230132.png,outputs/luna16_saliency_synthetic_gt/1.3.6.1.4.1.14519.5.2.1.6279.6001.850739282072340578344345230132/surface_grid_float_1.3.6.1.4.1.14519.5.2.1.6279.6001.850739282072340578344345230132.npy,0.5131453452208169,0.3707209527492523,0.23890234529972076,0.9607843160629272,2.6896743774414062,0.6819528937339783,0.05797844454646098,0.06965094029903411,0.09474439918994904,0.47481924295425415,13,5,8,0.0,0.00762747271127171,good_or_low_review,826
ground_truth,1.3.6.1.4.1.14519.5.2.1.6279.6001.861997885565255340442123234170,outputs/luna16_saliency_synthetic_gt/1.3.6.1.4.1.14519.5.2.1.6279.6001.861997885565255340442123234170/surface_1.3.6.1.4.1.14519.5.2.1.6279.6001.861997885565255340442123234170.png,outputs/luna16_saliency_synthetic_gt/1.3.6.1.4.1.14519.5.2.1.6279.6001.861997885565255340442123234170/surface_grid_float_1.3.6.1.4.1.14519.5.2.1.6279.6001.861997885565255340442123234170.npy,0.5750862125056933,0.4024185836315155,0.24591584503650665,1.0,2.9214019775390625,0.7111362218856812,0.05127284023910761,0.05962918419390917,0.0831807553768158,0.4333629906177521,13,5,8,0.0,0.0076209076897551615,good_or_low_review,827
ground_truth,1.3.6.1.4.1.14519.5.2.1.6279.6001.463214953282361219537913355115,outputs/luna16_saliency_synthetic_gt/1.3.6.1.4.1.14519.5.2.1.6279.6001.463214953282361219537913355115/surface_1.3.6.1.4.1.14519.5.2.1.6279.6001.463214953282361219537913355115.png,outputs/luna16_saliency_synthetic_gt/1.3.6.1.4.1.14519.5.2.1.6279.6001.463214953282361219537913355115/surface_grid_float_1.3.6.1.4.1.14519.5.2.1.6279.6001.463214953282361219537913355115.npy,0.5707009696692676,0.3729216754436493,0.21165375411510468,0.8549019694328308,2.7913894653320312,0.7600597143173218,0.05452909283339974,0.06463982440531253,0.09205671399831772,0.4442511200904846,13,5,8,0.0,0.007578735219024949,good_or_low_review,828
ground_truth,1.3.6.1.4.1.14519.5.2.1.6279.6001.203425588524695836343069893813,outputs/luna16_saliency_synthetic_gt/1.3.6.1.4.1.14519.5.2.1.6279.6001.203425588524695836343069893813/surface_1.3.6.1.4.1.14519.5.2.1.6279.6001.203425588524695836343069893813.png,outputs/luna16_saliency_synthetic_gt/1.3.6.1.4.1.14519.5.2.1.6279.6001.203425588524695836343069893813/surface_grid_float_1.3.6.1.4.1.14519.5.2.1.6279.6001.203425588524695836343069893813.npy,0.5510830324909747,0.37009167671203613,0.2241828888654709,1.0,2.9290847778320312,0.7705101370811462,0.047282952629029755,0.056438344195485046,0.08409695327281952,0.4478830099105835,13,5,8,0.0,0.007570253866497011,good_or_low_review,829
ground_truth,1.3.6.1.4.1.14519.5.2.1.6279.6001.247060297988514823071467295949,outputs/luna16_saliency_synthetic_gt/1.3.6.1.4.1.14519.5.2.1.6279.6001.247060297988514823071467295949/surface_1.3.6.1.4.1.14519.5.2.1.6279.6001.247060297988514823071467295949.png,outputs/luna16_saliency_synthetic_gt/1.3.6.1.4.1.14519.5.2.1.6279.6001.247060297988514823071467295949/surface_grid_float_1.3.6.1.4.1.14519.5.2.1.6279.6001.247060297988514823071467295949.npy,0.6283999318187352,0.2792527377605438,0.2136625349521637,0.8745098114013672,2.9266815185546875,0.7614933848381042,0.04422247223556042,0.052374586574733255,0.07197291404008865,0.4709641933441162,13,5,8,0.0,0.007495627224486735,good_or_low_review,830
ground_truth,1.3.6.1.4.1.14519.5.2.1.6279.6001.145474881373882284343459153872,outputs/luna16_saliency_synthetic_gt/1.3.6.1.4.1.14519.5.2.1.6279.6001.145474881373882284343459153872/surface_1.3.6.1.4.1.14519.5.2.1.6279.6001.145474881373882284343459153872.png,outputs/luna16_saliency_synthetic_gt/1.3.6.1.4.1.14519.5.2.1.6279.6001.145474881373882284343459153872/surface_grid_float_1.3.6.1.4.1.14519.5.2.1.6279.6001.145474881373882284343459153872.npy,0.6597196469628421,0.33855947852134705,0.23507502675056458,0.9372549057006836,2.9160614013671875,0.5656853914260864,0.04521747529506682,0.06080559197813278,0.09739517420530319,0.35654881596565247,13,5,8,1.0,0.007476600797101857,good_or_low_review,831
ground_truth,1.3.6.1.4.1.14519.5.2.1.6279.6001.614147706162329660656328811671,outputs/luna16_saliency_synthetic_gt/1.3.6.1.4.1.14519.5.2.1.6279.6001.614147706162329660656328811671/surface_1.3.6.1.4.1.14519.5.2.1.6279.6001.614147706162329660656328811671.png,outputs/luna16_saliency_synthetic_gt/1.3.6.1.4.1.14519.5.2.1.6279.6001.614147706162329660656328811671/surface_grid_float_1.3.6.1.4.1.14519.5.2.1.6279.6001.614147706162329660656328811671.npy,0.5519954071499503,0.38241973519325256,0.23384740948677063,1.0,2.7798233032226562,0.6757955551147461,0.05018523372709751,0.059682194255292406,0.08139406144618988,0.4656470715999603,13,5,8,0.0,0.007458275936585333,good_or_low_review,832
ground_truth,1.3.6.1.4.1.14519.5.2.1.6279.6001.202464973819273687476049035824,outputs/luna16_saliency_synthetic_gt/1.3.6.1.4.1.14519.5.2.1.6279.6001.202464973819273687476049035824/surface_1.3.6.1.4.1.14519.5.2.1.6279.6001.202464973819273687476049035824.png,outputs/luna16_saliency_synthetic_gt/1.3.6.1.4.1.14519.5.2.1.6279.6001.202464973819273687476049035824/surface_grid_float_1.3.6.1.4.1.14519.5.2.1.6279.6001.202464973819273687476049035824.npy,0.6355356689515106,0.2993164360523224,0.21981871128082275,0.8784313797950745,2.7745590209960938,0.7000666260719299,0.0476865192875266,0.056880604773759835,0.07665754109621048,0.465622216463089,13,5,8,0.0,0.007365399214790927,good_or_low_review,833
ground_truth,1.3.6.1.4.1.14519.5.2.1.6279.6001.108197895896446896160048741492,outputs/luna16_saliency_synthetic_gt/1.3.6.1.4.1.14519.5.2.1.6279.6001.108197895896446896160048741492/surface_1.3.6.1.4.1.14519.5.2.1.6279.6001.108197895896446896160048741492.png,outputs/luna16_saliency_synthetic_gt/1.3.6.1.4.1.14519.5.2.1.6279.6001.108197895896446896160048741492/surface_grid_float_1.3.6.1.4.1.14519.5.2.1.6279.6001.108197895896446896160048741492.npy,0.5821678321678322,0.44300782680511475,0.2371276468038559,0.9803921580314636,2.726806640625,0.7069825530052185,0.0477128466591239,0.0574887515977025,0.07549726217985153,0.48944705724716187,13,5,8,0.0,0.00735700040952199,good_or_low_review,834
ground_truth,1.3.6.1.4.1.14519.5.2.1.6279.6001.330043769832606379655473292782,outputs/luna16_saliency_synthetic_gt/1.3.6.1.4.1.14519.5.2.1.6279.6001.330043769832606379655473292782/surface_1.3.6.1.4.1.14519.5.2.1.6279.6001.330043769832606379655473292782.png,outputs/luna16_saliency_synthetic_gt/1.3.6.1.4.1.14519.5.2.1.6279.6001.330043769832606379655473292782/surface_grid_float_1.3.6.1.4.1.14519.5.2.1.6279.6001.330043769832606379655473292782.npy,0.5818967265647182,0.3497466444969177,0.23656991124153137,0.9921568632125854,2.5842437744140625,0.7251742482185364,0.05336033273488283,0.06522282361984252,0.08649304509162903,0.48151150345802307,13,5,8,0.0,0.0073337832291920976,good_or_low_review,835
ground_truth,1.3.6.1.4.1.14519.5.2.1.6279.6001.329624439086643515259182406526,outputs/luna16_saliency_synthetic_gt/1.3.6.1.4.1.14519.5.2.1.6279.6001.329624439086643515259182406526/surface_1.3.6.1.4.1.14519.5.2.1.6279.6001.329624439086643515259182406526.png,outputs/luna16_saliency_synthetic_gt/1.3.6.1.4.1.14519.5.2.1.6279.6001.329624439086643515259182406526/surface_grid_float_1.3.6.1.4.1.14519.5.2.1.6279.6001.329624439086643515259182406526.npy,0.5211378280685212,0.40504011511802673,0.21084481477737427,1.0,2.8251419067382812,0.7350195050239563,0.045334836840629576,0.05302239120006561,0.07370148599147797,0.44318294525146484,13,5,8,0.0,0.007284092570013471,good_or_low_review,836
ground_truth,1.3.6.1.4.1.14519.5.2.1.6279.6001.153646219551578201092527860224,outputs/luna16_saliency_synthetic_gt/1.3.6.1.4.1.14519.5.2.1.6279.6001.153646219551578201092527860224/surface_1.3.6.1.4.1.14519.5.2.1.6279.6001.153646219551578201092527860224.png,outputs/luna16_saliency_synthetic_gt/1.3.6.1.4.1.14519.5.2.1.6279.6001.153646219551578201092527860224/surface_grid_float_1.3.6.1.4.1.14519.5.2.1.6279.6001.153646219551578201092527860224.npy,0.5295721423317863,0.33140408992767334,0.21834349632263184,0.95686274766922,2.8078384399414062,0.6936362981796265,0.043201356008648835,0.05146998349577187,0.06970057636499405,0.46474504470825195,13,5,8,0.0,0.007256597004127171,good_or_low_review,837
ground_truth,1.3.6.1.4.1.14519.5.2.1.6279.6001.897279226481700053115245043064,outputs/luna16_saliency_synthetic_gt/1.3.6.1.4.1.14519.5.2.1.6279.6001.897279226481700053115245043064/surface_1.3.6.1.4.1.14519.5.2.1.6279.6001.897279226481700053115245043064.png,outputs/luna16_saliency_synthetic_gt/1.3.6.1.4.1.14519.5.2.1.6279.6001.897279226481700053115245043064/surface_grid_float_1.3.6.1.4.1.14519.5.2.1.6279.6001.897279226481700053115245043064.npy,0.557851172073089,0.3439747989177704,0.24257606267929077,0.95686274766922,2.6140975952148438,0.6513345837593079,0.05133585073053837,0.06136569194495674,0.08692177385091782,0.4436984956264496,13,5,8,0.0,0.00718379674065444,good_or_low_review,838
ground_truth,1.3.6.1.4.1.14519.5.2.1.6279.6001.292194861362266467652267941663,outputs/luna16_saliency_synthetic_gt/1.3.6.1.4.1.14519.5.2.1.6279.6001.292194861362266467652267941663/surface_1.3.6.1.4.1.14519.5.2.1.6279.6001.292194861362266467652267941663.png,outputs/luna16_saliency_synthetic_gt/1.3.6.1.4.1.14519.5.2.1.6279.6001.292194861362266467652267941663/surface_grid_float_1.3.6.1.4.1.14519.5.2.1.6279.6001.292194861362266467652267941663.npy,0.6192078246392897,0.3083283603191376,0.2312282770872116,0.9725490212440491,2.6546478271484375,0.6402868032455444,0.049605745449662196,0.05816461369395256,0.08215708285570145,0.4110018312931061,13,5,8,0.0,0.007082688858939541,good_or_low_review,839
ground_truth,1.3.6.1.4.1.14519.5.2.1.6279.6001.178391668569567816549737454720,outputs/luna16_saliency_synthetic_gt/1.3.6.1.4.1.14519.5.2.1.6279.6001.178391668569567816549737454720/surface_1.3.6.1.4.1.14519.5.2.1.6279.6001.178391668569567816549737454720.png,outputs/luna16_saliency_synthetic_gt/1.3.6.1.4.1.14519.5.2.1.6279.6001.178391668569567816549737454720/surface_grid_float_1.3.6.1.4.1.14519.5.2.1.6279.6001.178391668569567816549737454720.npy,0.6215326246465515,0.44292327761650085,0.2182038426399231,1.0,2.54730224609375,0.6985451579093933,0.050453394092619404,0.060007651038467856,0.082757867872715,0.42655158042907715,13,5,8,0.0,0.006993625675597123,good_or_low_review,840
ground_truth,1.3.6.1.4.1.14519.5.2.1.6279.6001.805925269324902055566754756843,outputs/luna16_saliency_synthetic_gt/1.3.6.1.4.1.14519.5.2.1.6279.6001.805925269324902055566754756843/surface_1.3.6.1.4.1.14519.5.2.1.6279.6001.805925269324902055566754756843.png,outputs/luna16_saliency_synthetic_gt/1.3.6.1.4.1.14519.5.2.1.6279.6001.805925269324902055566754756843/surface_grid_float_1.3.6.1.4.1.14519.5.2.1.6279.6001.805925269324902055566754756843.npy,0.6305443998215082,0.3206191658973694,0.225774884223938,0.9686274528503418,2.6804580688476562,0.66023850440979,0.041095605120062856,0.04909695688635111,0.06720849126577377,0.45689961314201355,13,5,8,0.0,0.0069556712949855465,good_or_low_review,841
ground_truth,1.3.6.1.4.1.14519.5.2.1.6279.6001.404768898286087278137462774930,outputs/luna16_saliency_synthetic_gt/1.3.6.1.4.1.14519.5.2.1.6279.6001.404768898286087278137462774930/surface_1.3.6.1.4.1.14519.5.2.1.6279.6001.404768898286087278137462774930.png,outputs/luna16_saliency_synthetic_gt/1.3.6.1.4.1.14519.5.2.1.6279.6001.404768898286087278137462774930/surface_grid_float_1.3.6.1.4.1.14519.5.2.1.6279.6001.404768898286087278137462774930.npy,0.5826284461152882,0.3451293408870697,0.21917980909347534,0.9058823585510254,2.6663131713867188,0.6703656911849976,0.04200002364814281,0.05023188970983028,0.067600317299366,0.4512407183647156,13,5,8,0.0,0.006953569128861029,good_or_low_review,842
ground_truth,1.3.6.1.4.1.14519.5.2.1.6279.6001.104562737760173137525888934217,outputs/luna16_saliency_synthetic_gt/1.3.6.1.4.1.14519.5.2.1.6279.6001.104562737760173137525888934217/surface_1.3.6.1.4.1.14519.5.2.1.6279.6001.104562737760173137525888934217.png,outputs/luna16_saliency_synthetic_gt/1.3.6.1.4.1.14519.5.2.1.6279.6001.104562737760173137525888934217/surface_grid_float_1.3.6.1.4.1.14519.5.2.1.6279.6001.104562737760173137525888934217.npy,0.5013602043082389,0.40956977009773254,0.2184540182352066,0.9834901970624957,2.5940933227539062,0.6977021098136902,0.0460546305403113,0.05521998360753059,0.07642537355422974,0.41962575912475586,13,5,8,0.0,0.006912590066426331,good_or_low_review,843
ground_truth,1.3.6.1.4.1.14519.5.2.1.6279.6001.143412474064515942785157561636,outputs/luna16_saliency_synthetic_gt/1.3.6.1.4.1.14519.5.2.1.6279.6001.143412474064515942785157561636/surface_1.3.6.1.4.1.14519.5.2.1.6279.6001.143412474064515942785157561636.png,outputs/luna16_saliency_synthetic_gt/1.3.6.1.4.1.14519.5.2.1.6279.6001.143412474064515942785157561636/surface_grid_float_1.3.6.1.4.1.14519.5.2.1.6279.6001.143412474064515942785157561636.npy,0.5264228684754919,0.37073707580566406,0.22061687707901,0.9333333373069763,2.48944091796875,0.6757033467292786,0.04713994264602661,0.056423919275403016,0.0764189213514328,0.42552924156188965,13,5,8,0.0,0.006787406311680873,good_or_low_review,844
ground_truth,1.3.6.1.4.1.14519.5.2.1.6279.6001.201890795870532056891161597218,outputs/luna16_saliency_synthetic_gt/1.3.6.1.4.1.14519.5.2.1.6279.6001.201890795870532056891161597218/surface_1.3.6.1.4.1.14519.5.2.1.6279.6001.201890795870532056891161597218.png,outputs/luna16_saliency_synthetic_gt/1.3.6.1.4.1.14519.5.2.1.6279.6001.201890795870532056891161597218/surface_grid_float_1.3.6.1.4.1.14519.5.2.1.6279.6001.201890795870532056891161597218.npy,0.5918882978723404,0.3483317792415619,0.218624085187912,0.9585098063945702,2.3998870849609375,0.5769382119178772,0.04843924269080158,0.06243632465600985,0.09288433194160461,0.40330395102500916,13,5,8,0.0,0.0067691325502263235,good_or_low_review,845
ground_truth,1.3.6.1.4.1.14519.5.2.1.6279.6001.330425234131526435132846006585,outputs/luna16_saliency_synthetic_gt/1.3.6.1.4.1.14519.5.2.1.6279.6001.330425234131526435132846006585/surface_1.3.6.1.4.1.14519.5.2.1.6279.6001.330425234131526435132846006585.png,outputs/luna16_saliency_synthetic_gt/1.3.6.1.4.1.14519.5.2.1.6279.6001.330425234131526435132846006585/surface_grid_float_1.3.6.1.4.1.14519.5.2.1.6279.6001.330425234131526435132846006585.npy,0.5625,0.32208892703056335,0.2315029501914978,0.8627451062202454,2.5124053955078125,0.68388831615448,0.04363124296069146,0.05240866996347905,0.07275188714265823,0.43388813734054565,13,5,8,0.0,0.006723798285507494,good_or_low_review,846
ground_truth,1.3.6.1.4.1.14519.5.2.1.6279.6001.119806527488108718706404165837,outputs/luna16_saliency_synthetic_gt/1.3.6.1.4.1.14519.5.2.1.6279.6001.119806527488108718706404165837/surface_1.3.6.1.4.1.14519.5.2.1.6279.6001.119806527488108718706404165837.png,outputs/luna16_saliency_synthetic_gt/1.3.6.1.4.1.14519.5.2.1.6279.6001.119806527488108718706404165837/surface_grid_float_1.3.6.1.4.1.14519.5.2.1.6279.6001.119806527488108718706404165837.npy,0.6577990118898963,0.39681267738342285,0.24496090412139893,0.8941176533699036,2.5011444091796875,0.6397382020950317,0.03993706405162811,0.0476444736123085,0.06448911875486374,0.4190766513347626,13,5,8,0.0,0.0065291896710793175,good_or_low_review,847
ground_truth,1.3.6.1.4.1.14519.5.2.1.6279.6001.780558315515979171413904604168,outputs/luna16_saliency_synthetic_gt/1.3.6.1.4.1.14519.5.2.1.6279.6001.780558315515979171413904604168/surface_1.3.6.1.4.1.14519.5.2.1.6279.6001.780558315515979171413904604168.png,outputs/luna16_saliency_synthetic_gt/1.3.6.1.4.1.14519.5.2.1.6279.6001.780558315515979171413904604168/surface_grid_float_1.3.6.1.4.1.14519.5.2.1.6279.6001.780558315515979171413904604168.npy,0.5207549857549858,0.3479897975921631,0.22370655834674835,0.95686274766922,2.4778518676757812,0.6821258068084717,0.04248491507023573,0.04997855357825755,0.07091518491506577,0.4033588767051697,13,5,8,0.0,0.006525462779485516,good_or_low_review,848
ground_truth,1.3.6.1.4.1.14519.5.2.1.6279.6001.952265563663939823135367733681,outputs/luna16_saliency_synthetic_gt/1.3.6.1.4.1.14519.5.2.1.6279.6001.952265563663939823135367733681/surface_1.3.6.1.4.1.14519.5.2.1.6279.6001.952265563663939823135367733681.png,outputs/luna16_saliency_synthetic_gt/1.3.6.1.4.1.14519.5.2.1.6279.6001.952265563663939823135367733681/surface_grid_float_1.3.6.1.4.1.14519.5.2.1.6279.6001.952265563663939823135367733681.npy,0.4029750791460346,0.40679922699928284,0.23109391331672668,1.0,2.381744384765625,0.5985254049301147,0.04808386601507664,0.056665207259356976,0.07939852774143219,0.37941527366638184,13,5,8,0.0,0.006512675244982043,good_or_low_review,849
ground_truth,1.3.6.1.4.1.14519.5.2.1.6279.6001.655242448149322898770987310561,outputs/luna16_saliency_synthetic_gt/1.3.6.1.4.1.14519.5.2.1.6279.6001.655242448149322898770987310561/surface_1.3.6.1.4.1.14519.5.2.1.6279.6001.655242448149322898770987310561.png,outputs/luna16_saliency_synthetic_gt/1.3.6.1.4.1.14519.5.2.1.6279.6001.655242448149322898770987310561/surface_grid_float_1.3.6.1.4.1.14519.5.2.1.6279.6001.655242448149322898770987310561.npy,0.650561778994641,0.32141757011413574,0.24188382923603058,0.9607843160629272,2.2484893798828125,0.6195502877235413,0.04828079342842101,0.05915745690464972,0.08116874098777771,0.43198660016059875,13,5,8,0.0,0.006482176229523287,good_or_low_review,850
ground_truth,1.3.6.1.4.1.14519.5.2.1.6279.6001.107109359065300889765026303943,outputs/luna16_saliency_synthetic_gt/1.3.6.1.4.1.14519.5.2.1.6279.6001.107109359065300889765026303943/surface_1.3.6.1.4.1.14519.5.2.1.6279.6001.107109359065300889765026303943.png,outputs/luna16_saliency_synthetic_gt/1.3.6.1.4.1.14519.5.2.1.6279.6001.107109359065300889765026303943/surface_grid_float_1.3.6.1.4.1.14519.5.2.1.6279.6001.107109359065300889765026303943.npy,0.652655153107369,0.3363609313964844,0.2345498502254486,1.0,2.439910888671875,0.6369707584381104,0.04037941470742225,0.04830476224422455,0.06480630487203598,0.42015114426612854,13,5,8,0.0,0.006449330224593481,good_or_low_review,851
ground_truth,1.3.6.1.4.1.14519.5.2.1.6279.6001.613212850444255764524630781782,outputs/luna16_saliency_synthetic_gt/1.3.6.1.4.1.14519.5.2.1.6279.6001.613212850444255764524630781782/surface_1.3.6.1.4.1.14519.5.2.1.6279.6001.613212850444255764524630781782.png,outputs/luna16_saliency_synthetic_gt/1.3.6.1.4.1.14519.5.2.1.6279.6001.613212850444255764524630781782/surface_grid_float_1.3.6.1.4.1.14519.5.2.1.6279.6001.613212850444255764524630781782.npy,0.5959113235098898,0.3465271294116974,0.235134556889534,0.9372549057006836,2.181121826171875,0.5954264402389526,0.04924130253493786,0.06009067185223095,0.0830218717455864,0.40940219163894653,13,5,8,0.0,0.0063477058472732675,good_or_low_review,852
ground_truth,1.3.6.1.4.1.14519.5.2.1.6279.6001.822128649427327893802314908658,outputs/luna16_saliency_synthetic_gt/1.3.6.1.4.1.14519.5.2.1.6279.6001.822128649427327893802314908658/surface_1.3.6.1.4.1.14519.5.2.1.6279.6001.822128649427327893802314908658.png,outputs/luna16_saliency_synthetic_gt/1.3.6.1.4.1.14519.5.2.1.6279.6001.822128649427327893802314908658/surface_grid_float_1.3.6.1.4.1.14519.5.2.1.6279.6001.822128649427327893802314908658.npy,0.5325837668512614,0.33601513504981995,0.23070266842842102,0.9725490212440491,2.3915863037109375,0.5713561177253723,0.042248804494738536,0.05000387053936712,0.07142677158117294,0.3796893358230591,13,5,8,0.0,0.006329847368639374,good_or_low_review,853
ground_truth,1.3.6.1.4.1.14519.5.2.1.6279.6001.401389720232123950202941034290,outputs/luna16_saliency_synthetic_gt/1.3.6.1.4.1.14519.5.2.1.6279.6001.401389720232123950202941034290/surface_1.3.6.1.4.1.14519.5.2.1.6279.6001.401389720232123950202941034290.png,outputs/luna16_saliency_synthetic_gt/1.3.6.1.4.1.14519.5.2.1.6279.6001.401389720232123950202941034290/surface_grid_float_1.3.6.1.4.1.14519.5.2.1.6279.6001.401389720232123950202941034290.npy,0.6081794650560828,0.3764161467552185,0.22621288895606995,1.0,2.3140487670898438,0.5999836921691895,0.041644081659615036,0.050473503321409256,0.06575385481119156,0.4185989499092102,13,5,8,0.0,0.006301172933479151,good_or_low_review,854
ground_truth,1.3.6.1.4.1.14519.5.2.1.6279.6001.486999111981013268988489262668,outputs/luna16_saliency_synthetic_gt/1.3.6.1.4.1.14519.5.2.1.6279.6001.486999111981013268988489262668/surface_1.3.6.1.4.1.14519.5.2.1.6279.6001.486999111981013268988489262668.png,outputs/luna16_saliency_synthetic_gt/1.3.6.1.4.1.14519.5.2.1.6279.6001.486999111981013268988489262668/surface_grid_float_1.3.6.1.4.1.14519.5.2.1.6279.6001.486999111981013268988489262668.npy,0.5894315673289183,0.39749646186828613,0.20969855785369873,0.8823529481887817,2.4120712280273438,0.6554749011993408,0.03913934864103794,0.04551535882055759,0.06455803662538528,0.38062021136283875,13,5,8,0.0,0.006231402169913053,good_or_low_review,855
ground_truth,1.3.6.1.4.1.14519.5.2.1.6279.6001.212346425055214308006918165305,outputs/luna16_saliency_synthetic_gt/1.3.6.1.4.1.14519.5.2.1.6279.6001.212346425055214308006918165305/surface_1.3.6.1.4.1.14519.5.2.1.6279.6001.212346425055214308006918165305.png,outputs/luna16_saliency_synthetic_gt/1.3.6.1.4.1.14519.5.2.1.6279.6001.212346425055214308006918165305/surface_grid_float_1.3.6.1.4.1.14519.5.2.1.6279.6001.212346425055214308006918165305.npy,0.5615162454873647,0.41050219535827637,0.24442635476589203,1.0,2.2854461669921875,0.5983765721321106,0.043657045438885676,0.0519926829636097,0.07147957384586334,0.38164588809013367,13,5,8,0.0,0.006216959407428901,good_or_low_review,856
ground_truth,1.3.6.1.4.1.14519.5.2.1.6279.6001.303421828981831854739626597495,outputs/luna16_saliency_synthetic_gt/1.3.6.1.4.1.14519.5.2.1.6279.6001.303421828981831854739626597495/surface_1.3.6.1.4.1.14519.5.2.1.6279.6001.303421828981831854739626597495.png,outputs/luna16_saliency_synthetic_gt/1.3.6.1.4.1.14519.5.2.1.6279.6001.303421828981831854739626597495/surface_grid_float_1.3.6.1.4.1.14519.5.2.1.6279.6001.303421828981831854739626597495.npy,0.49599742362900257,0.4483620524406433,0.25657373666763306,1.0,2.37255859375,0.616690456867218,0.04147712364792823,0.04855511255562305,0.0693666934967041,0.3571286201477051,13,5,8,0.0,0.006204536855469147,good_or_low_review,857
ground_truth,1.3.6.1.4.1.14519.5.2.1.6279.6001.115386642382564804180764325545,outputs/luna16_saliency_synthetic_gt/1.3.6.1.4.1.14519.5.2.1.6279.6001.115386642382564804180764325545/surface_1.3.6.1.4.1.14519.5.2.1.6279.6001.115386642382564804180764325545.png,outputs/luna16_saliency_synthetic_gt/1.3.6.1.4.1.14519.5.2.1.6279.6001.115386642382564804180764325545/surface_grid_float_1.3.6.1.4.1.14519.5.2.1.6279.6001.115386642382564804180764325545.npy,0.6116467752366395,0.36707139015197754,0.2502768933773041,0.9843137264251709,2.3194656372070312,0.6469125747680664,0.04212909936904907,0.04957679398357868,0.07121239602565765,0.37762242555618286,13,5,8,0.0,0.006192240827199486,good_or_low_review,858
ground_truth,1.3.6.1.4.1.14519.5.2.1.6279.6001.138894439026794145866157853158,outputs/luna16_saliency_synthetic_gt/1.3.6.1.4.1.14519.5.2.1.6279.6001.138894439026794145866157853158/surface_1.3.6.1.4.1.14519.5.2.1.6279.6001.138894439026794145866157853158.png,outputs/luna16_saliency_synthetic_gt/1.3.6.1.4.1.14519.5.2.1.6279.6001.138894439026794145866157853158/surface_grid_float_1.3.6.1.4.1.14519.5.2.1.6279.6001.138894439026794145866157853158.npy,0.43688019297775393,0.4167889654636383,0.20478984713554382,0.9411764740943909,2.2229766845703125,0.6253044009208679,0.04522282183170317,0.05397527784109116,0.07586885988712311,0.3757438361644745,13,5,8,0.0,0.006159205778770976,good_or_low_review,859
ground_truth,1.3.6.1.4.1.14519.5.2.1.6279.6001.163901773171373940247829492387,outputs/luna16_saliency_synthetic_gt/1.3.6.1.4.1.14519.5.2.1.6279.6001.163901773171373940247829492387/surface_1.3.6.1.4.1.14519.5.2.1.6279.6001.163901773171373940247829492387.png,outputs/luna16_saliency_synthetic_gt/1.3.6.1.4.1.14519.5.2.1.6279.6001.163901773171373940247829492387/surface_grid_float_1.3.6.1.4.1.14519.5.2.1.6279.6001.163901773171373940247829492387.npy,0.5651353052234109,0.33718371391296387,0.23553970456123352,1.0,2.2759780883789062,0.6040771007537842,0.041970646008849144,0.05022779129445554,0.07150141894817352,0.3857821822166443,13,5,8,0.0,0.0061574242910577195,good_or_low_review,860
ground_truth,1.3.6.1.4.1.14519.5.2.1.6279.6001.179730018513720561213088132029,outputs/luna16_saliency_synthetic_gt/1.3.6.1.4.1.14519.5.2.1.6279.6001.179730018513720561213088132029/surface_1.3.6.1.4.1.14519.5.2.1.6279.6001.179730018513720561213088132029.png,outputs/luna16_saliency_synthetic_gt/1.3.6.1.4.1.14519.5.2.1.6279.6001.179730018513720561213088132029/surface_grid_float_1.3.6.1.4.1.14519.5.2.1.6279.6001.179730018513720561213088132029.npy,0.4731708108809972,0.4893988072872162,0.22476130723953247,1.0,2.2794418334960938,0.6193473935127258,0.042010754719376556,0.04989289283752441,0.06876883655786514,0.3790178894996643,13,5,8,0.0,0.006138118484285143,good_or_low_review,861
ground_truth,1.3.6.1.4.1.14519.5.2.1.6279.6001.291539125579672469833850180824,outputs/luna16_saliency_synthetic_gt/1.3.6.1.4.1.14519.5.2.1.6279.6001.291539125579672469833850180824/surface_1.3.6.1.4.1.14519.5.2.1.6279.6001.291539125579672469833850180824.png,outputs/luna16_saliency_synthetic_gt/1.3.6.1.4.1.14519.5.2.1.6279.6001.291539125579672469833850180824/surface_grid_float_1.3.6.1.4.1.14519.5.2.1.6279.6001.291539125579672469833850180824.npy,0.6216384142635241,0.34782177209854126,0.24262061715126038,0.9411764740943909,2.2895965576171875,0.5918729901313782,0.03780634067952633,0.04561070814728739,0.061253368854522705,0.3830416798591614,13,5,8,0.0,0.006035519240134293,good_or_low_review,862
ground_truth,1.3.6.1.4.1.14519.5.2.1.6279.6001.190298296009658115773239776160,outputs/luna16_saliency_synthetic_gt/1.3.6.1.4.1.14519.5.2.1.6279.6001.190298296009658115773239776160/surface_1.3.6.1.4.1.14519.5.2.1.6279.6001.190298296009658115773239776160.png,outputs/luna16_saliency_synthetic_gt/1.3.6.1.4.1.14519.5.2.1.6279.6001.190298296009658115773239776160/surface_grid_float_1.3.6.1.4.1.14519.5.2.1.6279.6001.190298296009658115773239776160.npy,0.6075360082304527,0.3366747498512268,0.2523286044597626,0.9764705896377563,2.1816482543945312,0.5655142068862915,0.04051550049334765,0.04907614238560202,0.0704437866806984,0.38036659359931946,13,5,8,0.0,0.005953623792446323,good_or_low_review,863
ground_truth,1.3.6.1.4.1.14519.5.2.1.6279.6001.323541312620128092852212458228,outputs/luna16_saliency_synthetic_gt/1.3.6.1.4.1.14519.5.2.1.6279.6001.323541312620128092852212458228/surface_1.3.6.1.4.1.14519.5.2.1.6279.6001.323541312620128092852212458228.png,outputs/luna16_saliency_synthetic_gt/1.3.6.1.4.1.14519.5.2.1.6279.6001.323541312620128092852212458228/surface_grid_float_1.3.6.1.4.1.14519.5.2.1.6279.6001.323541312620128092852212458228.npy,0.37912991970514676,0.39507177472114563,0.22419080138206482,0.9372549057006836,2.1984634399414062,0.6025810241699219,0.040332396514713764,0.04744600970298052,0.06613132357597351,0.3608498275279999,13,5,8,0.0,0.00588937452994287,good_or_low_review,864
ground_truth,1.3.6.1.4.1.14519.5.2.1.6279.6001.309901913847714156367981722205,outputs/luna16_saliency_synthetic_gt/1.3.6.1.4.1.14519.5.2.1.6279.6001.309901913847714156367981722205/surface_1.3.6.1.4.1.14519.5.2.1.6279.6001.309901913847714156367981722205.png,outputs/luna16_saliency_synthetic_gt/1.3.6.1.4.1.14519.5.2.1.6279.6001.309901913847714156367981722205/surface_grid_float_1.3.6.1.4.1.14519.5.2.1.6279.6001.309901913847714156367981722205.npy,0.561610788073735,0.3717226982116699,0.24982376396656036,1.0,1.9430923461914062,0.5515317320823669,0.04476058576256037,0.05481889743357896,0.07344190776348114,0.3650575578212738,13,5,8,0.0,0.005694293184040321,good_or_low_review,865
ground_truth,1.3.6.1.4.1.14519.5.2.1.6279.6001.313334055029671473836954456733,outputs/luna16_saliency_synthetic_gt/1.3.6.1.4.1.14519.5.2.1.6279.6001.313334055029671473836954456733/surface_1.3.6.1.4.1.14519.5.2.1.6279.6001.313334055029671473836954456733.png,outputs/luna16_saliency_synthetic_gt/1.3.6.1.4.1.14519.5.2.1.6279.6001.313334055029671473836954456733/surface_grid_float_1.3.6.1.4.1.14519.5.2.1.6279.6001.313334055029671473836954456733.npy,0.6286649971103834,0.3550836443901062,0.22717277705669403,0.9137254953384399,1.9689483642578125,0.5627593994140625,0.042574091628193846,0.052327490523457504,0.06892456114292145,0.37900686264038086,13,5,8,0.0,0.005693642795334259,good_or_low_review,866
ground_truth,1.3.6.1.4.1.14519.5.2.1.6279.6001.251215764736737018371915284679,outputs/luna16_saliency_synthetic_gt/1.3.6.1.4.1.14519.5.2.1.6279.6001.251215764736737018371915284679/surface_1.3.6.1.4.1.14519.5.2.1.6279.6001.251215764736737018371915284679.png,outputs/luna16_saliency_synthetic_gt/1.3.6.1.4.1.14519.5.2.1.6279.6001.251215764736737018371915284679/surface_grid_float_1.3.6.1.4.1.14519.5.2.1.6279.6001.251215764736737018371915284679.npy,0.41601923788383277,0.3381594717502594,0.2312130331993103,0.8901960849761963,2.103759765625,0.5778471827507019,0.03747465312480925,0.04517664473503827,0.061871469020843506,0.3668259382247925,13,5,8,0.0,0.005676734369703465,good_or_low_review,867
ground_truth,1.3.6.1.4.1.14519.5.2.1.6279.6001.302403227435841351528721627052,outputs/luna16_saliency_synthetic_gt/1.3.6.1.4.1.14519.5.2.1.6279.6001.302403227435841351528721627052/surface_1.3.6.1.4.1.14519.5.2.1.6279.6001.302403227435841351528721627052.png,outputs/luna16_saliency_synthetic_gt/1.3.6.1.4.1.14519.5.2.1.6279.6001.302403227435841351528721627052/surface_grid_float_1.3.6.1.4.1.14519.5.2.1.6279.6001.302403227435841351528721627052.npy,0.5385878489326765,0.4334441125392914,0.23032771050930023,0.9411764740943909,2.1148300170898438,0.5181335210800171,0.0397446047514677,0.046931408643722534,0.06521128863096237,0.3128746449947357,13,5,8,0.0,0.005627935943338606,good_or_low_review,868
ground_truth,1.3.6.1.4.1.14519.5.2.1.6279.6001.122621219961396951727742490470,outputs/luna16_saliency_synthetic_gt/1.3.6.1.4.1.14519.5.2.1.6279.6001.122621219961396951727742490470/surface_1.3.6.1.4.1.14519.5.2.1.6279.6001.122621219961396951727742490470.png,outputs/luna16_saliency_synthetic_gt/1.3.6.1.4.1.14519.5.2.1.6279.6001.122621219961396951727742490470/surface_grid_float_1.3.6.1.4.1.14519.5.2.1.6279.6001.122621219961396951727742490470.npy,0.6381526104417671,0.3284352421760559,0.23728865385055542,0.9803921580314636,2.0691909790039062,0.5628920197486877,0.03748573288321495,0.04540900070220232,0.06413941085338593,0.3625231087207794,13,5,8,0.0,0.005616528561007646,good_or_low_review,869
ground_truth,1.3.6.1.4.1.14519.5.2.1.6279.6001.227707494413800460340110762069,outputs/luna16_saliency_synthetic_gt/1.3.6.1.4.1.14519.5.2.1.6279.6001.227707494413800460340110762069/surface_1.3.6.1.4.1.14519.5.2.1.6279.6001.227707494413800460340110762069.png,outputs/luna16_saliency_synthetic_gt/1.3.6.1.4.1.14519.5.2.1.6279.6001.227707494413800460340110762069/surface_grid_float_1.3.6.1.4.1.14519.5.2.1.6279.6001.227707494413800460340110762069.npy,0.42143113987774183,0.3950958549976349,0.22681932151317596,0.8980392217636108,1.9941329956054688,0.5050985813140869,0.04215806946158407,0.05068730089813468,0.07269571721553802,0.33650222420692444,13,5,8,0.0,0.005591956740079653,good_or_low_review,870
ground_truth,1.3.6.1.4.1.14519.5.2.1.6279.6001.194440094986948071643661798326,outputs/luna16_saliency_synthetic_gt/1.3.6.1.4.1.14519.5.2.1.6279.6001.194440094986948071643661798326/surface_1.3.6.1.4.1.14519.5.2.1.6279.6001.194440094986948071643661798326.png,outputs/luna16_saliency_synthetic_gt/1.3.6.1.4.1.14519.5.2.1.6279.6001.194440094986948071643661798326/surface_grid_float_1.3.6.1.4.1.14519.5.2.1.6279.6001.194440094986948071643661798326.npy,0.3971002096898797,0.39119669795036316,0.2449769824743271,0.8941176533699036,2.0806121826171875,0.5339784026145935,0.03476329986006018,0.041878265067935,0.05643568933010101,0.3624117374420166,13,5,8,0.0,0.005529394339604511,good_or_low_review,871
ground_truth,1.3.6.1.4.1.14519.5.2.1.6279.6001.106164978370116976238911317774,outputs/luna16_saliency_synthetic_gt/1.3.6.1.4.1.14519.5.2.1.6279.6001.106164978370116976238911317774/surface_1.3.6.1.4.1.14519.5.2.1.6279.6001.106164978370116976238911317774.png,outputs/luna16_saliency_synthetic_gt/1.3.6.1.4.1.14519.5.2.1.6279.6001.106164978370116976238911317774/surface_grid_float_1.3.6.1.4.1.14519.5.2.1.6279.6001.106164978370116976238911317774.npy,0.6098966885604816,0.3508722484111786,0.236866295337677,0.9764705896377563,1.7688522338867188,0.4444398283958435,0.04340133965015411,0.05296305853873492,0.07392135262489319,0.35922226309776306,13,5,8,0.0,0.005335250508412719,good_or_low_review,872
ground_truth,1.3.6.1.4.1.14519.5.2.1.6279.6001.336225579776978874775723463327,outputs/luna16_saliency_synthetic_gt/1.3.6.1.4.1.14519.5.2.1.6279.6001.336225579776978874775723463327/surface_1.3.6.1.4.1.14519.5.2.1.6279.6001.336225579776978874775723463327.png,outputs/luna16_saliency_synthetic_gt/1.3.6.1.4.1.14519.5.2.1.6279.6001.336225579776978874775723463327/surface_grid_float_1.3.6.1.4.1.14519.5.2.1.6279.6001.336225579776978874775723463327.npy,0.4437333844931071,0.33172380924224854,0.23606979846954346,0.9647058844566345,1.954345703125,0.5081853866577148,0.03379472941160202,0.041141127906739725,0.054655883461236954,0.3627781569957733,13,5,8,0.0,0.005297650357956688,good_or_low_review,873
ground_truth,1.3.6.1.4.1.14519.5.2.1.6279.6001.178680586845223339579041794709,outputs/luna16_saliency_synthetic_gt/1.3.6.1.4.1.14519.5.2.1.6279.6001.178680586845223339579041794709/surface_1.3.6.1.4.1.14519.5.2.1.6279.6001.178680586845223339579041794709.png,outputs/luna16_saliency_synthetic_gt/1.3.6.1.4.1.14519.5.2.1.6279.6001.178680586845223339579041794709/surface_grid_float_1.3.6.1.4.1.14519.5.2.1.6279.6001.178680586845223339579041794709.npy,0.5122814273569082,0.3374442458152771,0.21997332572937012,0.8823529481887817,2.0124664306640625,0.5412874221801758,0.03409836739301681,0.0407020854204893,0.059793878346681595,0.32464608550071716,13,5,8,0.0,0.005296609025945266,good_or_low_review,874
ground_truth,1.3.6.1.4.1.14519.5.2.1.6279.6001.138813197521718693188313387015,outputs/luna16_saliency_synthetic_gt/1.3.6.1.4.1.14519.5.2.1.6279.6001.138813197521718693188313387015/surface_1.3.6.1.4.1.14519.5.2.1.6279.6001.138813197521718693188313387015.png,outputs/luna16_saliency_synthetic_gt/1.3.6.1.4.1.14519.5.2.1.6279.6001.138813197521718693188313387015/surface_grid_float_1.3.6.1.4.1.14519.5.2.1.6279.6001.138813197521718693188313387015.npy,0.5321472392638037,0.2940768003463745,0.218384250998497,0.8705882430076599,1.938568115234375,0.49364611506462097,0.0348609983921051,0.04240910325199365,0.061723679304122925,0.3333451449871063,13,5,8,0.0,0.005243986945144005,good_or_low_review,875
ground_truth,1.3.6.1.4.1.14519.5.2.1.6279.6001.228934821089041845791238006047,outputs/luna16_saliency_synthetic_gt/1.3.6.1.4.1.14519.5.2.1.6279.6001.228934821089041845791238006047/surface_1.3.6.1.4.1.14519.5.2.1.6279.6001.228934821089041845791238006047.png,outputs/luna16_saliency_synthetic_gt/1.3.6.1.4.1.14519.5.2.1.6279.6001.228934821089041845791238006047/surface_grid_float_1.3.6.1.4.1.14519.5.2.1.6279.6001.228934821089041845791238006047.npy,0.5412872261875461,0.3941948413848877,0.24735599756240845,0.9686274528503418,1.97576904296875,0.5442318320274353,0.03255021236836911,0.03901814941316843,0.053489044308662415,0.3372887969017029,13,5,8,0.0,0.005213023547124531,good_or_low_review,876
ground_truth,1.3.6.1.4.1.14519.5.2.1.6279.6001.483655032093002252444764787700,outputs/luna16_saliency_synthetic_gt/1.3.6.1.4.1.14519.5.2.1.6279.6001.483655032093002252444764787700/surface_1.3.6.1.4.1.14519.5.2.1.6279.6001.483655032093002252444764787700.png,outputs/luna16_saliency_synthetic_gt/1.3.6.1.4.1.14519.5.2.1.6279.6001.483655032093002252444764787700/surface_grid_float_1.3.6.1.4.1.14519.5.2.1.6279.6001.483655032093002252444764787700.npy,0.56386419977024,0.3077711760997772,0.22873757779598236,0.9058039271831638,2.013019561767578,0.4724943935871124,0.03434247337281704,0.04033859297633171,0.05599410831928253,0.2847763001918793,13,5,8,0.0,0.005198026614884535,good_or_low_review,877
ground_truth,1.3.6.1.4.1.14519.5.2.1.6279.6001.145759169833745025756371695397,outputs/luna16_saliency_synthetic_gt/1.3.6.1.4.1.14519.5.2.1.6279.6001.145759169833745025756371695397/surface_1.3.6.1.4.1.14519.5.2.1.6279.6001.145759169833745025756371695397.png,outputs/luna16_saliency_synthetic_gt/1.3.6.1.4.1.14519.5.2.1.6279.6001.145759169833745025756371695397/surface_grid_float_1.3.6.1.4.1.14519.5.2.1.6279.6001.145759169833745025756371695397.npy,0.5333906908715478,0.37469515204429626,0.23299233615398407,0.9372549057006836,1.8113861083984375,0.5084402561187744,0.03829862736165521,0.04669372543692589,0.06344613432884216,0.3326350152492523,13,5,8,0.0,0.005158977533214622,good_or_low_review,878
ground_truth,1.3.6.1.4.1.14519.5.2.1.6279.6001.271307051432838466826189754230,outputs/luna16_saliency_synthetic_gt/1.3.6.1.4.1.14519.5.2.1.6279.6001.271307051432838466826189754230/surface_1.3.6.1.4.1.14519.5.2.1.6279.6001.271307051432838466826189754230.png,outputs/luna16_saliency_synthetic_gt/1.3.6.1.4.1.14519.5.2.1.6279.6001.271307051432838466826189754230/surface_grid_float_1.3.6.1.4.1.14519.5.2.1.6279.6001.271307051432838466826189754230.npy,0.47822621172474744,0.42243054509162903,0.25503069162368774,1.0,1.8772125244140625,0.47569796442985535,0.03500715680420398,0.042475676015019455,0.05639931932091713,0.31170642375946045,13,5,8,0.0,0.005095638762828377,good_or_low_review,879
ground_truth,1.3.6.1.4.1.14519.5.2.1.6279.6001.149041668385192796520281592139,outputs/luna16_saliency_synthetic_gt/1.3.6.1.4.1.14519.5.2.1.6279.6001.149041668385192796520281592139/surface_1.3.6.1.4.1.14519.5.2.1.6279.6001.149041668385192796520281592139.png,outputs/luna16_saliency_synthetic_gt/1.3.6.1.4.1.14519.5.2.1.6279.6001.149041668385192796520281592139/surface_grid_float_1.3.6.1.4.1.14519.5.2.1.6279.6001.149041668385192796520281592139.npy,0.5357691077710266,0.42036986351013184,0.24482053518295288,0.9686274528503418,1.917999267578125,0.4897914528846741,0.03333079684525728,0.03950279954820871,0.05399779602885246,0.31429415941238403,13,5,8,0.0,0.005080180897770656,good_or_low_review,880
ground_truth,1.3.6.1.4.1.14519.5.2.1.6279.6001.101228986346984399347858840086,outputs/luna16_saliency_synthetic_gt/1.3.6.1.4.1.14519.5.2.1.6279.6001.101228986346984399347858840086/surface_1.3.6.1.4.1.14519.5.2.1.6279.6001.101228986346984399347858840086.png,outputs/luna16_saliency_synthetic_gt/1.3.6.1.4.1.14519.5.2.1.6279.6001.101228986346984399347858840086/surface_grid_float_1.3.6.1.4.1.14519.5.2.1.6279.6001.101228986346984399347858840086.npy,0.619948717948718,0.31351757049560547,0.2170705795288086,0.9372549057006836,1.7924346923828125,0.4679983854293823,0.036592894978821275,0.04456116516143084,0.060496848076581955,0.340132474899292,13,5,8,0.0,0.005080076053034928,good_or_low_review,881
ground_truth,1.3.6.1.4.1.14519.5.2.1.6279.6001.707218743153927597786179232739,outputs/luna16_saliency_synthetic_gt/1.3.6.1.4.1.14519.5.2.1.6279.6001.707218743153927597786179232739/surface_1.3.6.1.4.1.14519.5.2.1.6279.6001.707218743153927597786179232739.png,outputs/luna16_saliency_synthetic_gt/1.3.6.1.4.1.14519.5.2.1.6279.6001.707218743153927597786179232739/surface_grid_float_1.3.6.1.4.1.14519.5.2.1.6279.6001.707218743153927597786179232739.npy,0.580513495720869,0.45198169350624084,0.2085084468126297,0.8784313797950745,1.6917839050292969,0.4427330195903778,0.033413657173514355,0.04014560129493474,0.05791091546416283,0.28518611192703247,13,5,8,0.0,0.004657754795956942,good_or_low_review,882
ground_truth,1.3.6.1.4.1.14519.5.2.1.6279.6001.241083615484551649610616348856,outputs/luna16_saliency_synthetic_gt/1.3.6.1.4.1.14519.5.2.1.6279.6001.241083615484551649610616348856/surface_1.3.6.1.4.1.14519.5.2.1.6279.6001.241083615484551649610616348856.png,outputs/luna16_saliency_synthetic_gt/1.3.6.1.4.1.14519.5.2.1.6279.6001.241083615484551649610616348856/surface_grid_float_1.3.6.1.4.1.14519.5.2.1.6279.6001.241083615484551649610616348856.npy,0.43841294907224637,0.4625891149044037,0.21464727818965912,1.0,1.6846694946289062,0.4269312918186188,0.03254644796252247,0.039622850716114114,0.058065012097358704,0.2814391851425171,13,5,8,0.0,0.004621888423959416,good_or_low_review,883
ground_truth,1.3.6.1.4.1.14519.5.2.1.6279.6001.286627485198831346082954437212,outputs/luna16_saliency_synthetic_gt/1.3.6.1.4.1.14519.5.2.1.6279.6001.286627485198831346082954437212/surface_1.3.6.1.4.1.14519.5.2.1.6279.6001.286627485198831346082954437212.png,outputs/luna16_saliency_synthetic_gt/1.3.6.1.4.1.14519.5.2.1.6279.6001.286627485198831346082954437212/surface_grid_float_1.3.6.1.4.1.14519.5.2.1.6279.6001.286627485198831346082954437212.npy,0.5067321428571429,0.43145230412483215,0.2411949336528778,1.0,1.6677436828613281,0.44372886419296265,0.03276307191699739,0.03932478789240122,0.05440618097782135,0.28829145431518555,13,5,8,0.0,0.004599964117796885,good_or_low_review,884
ground_truth,1.3.6.1.4.1.14519.5.2.1.6279.6001.304700823314998198591652152637,outputs/luna16_saliency_synthetic_gt/1.3.6.1.4.1.14519.5.2.1.6279.6001.304700823314998198591652152637/surface_1.3.6.1.4.1.14519.5.2.1.6279.6001.304700823314998198591652152637.png,outputs/luna16_saliency_synthetic_gt/1.3.6.1.4.1.14519.5.2.1.6279.6001.304700823314998198591652152637/surface_grid_float_1.3.6.1.4.1.14519.5.2.1.6279.6001.304700823314998198591652152637.npy,0.366082790628041,0.4512360095977783,0.25015026330947876,0.9215686321258545,1.6095619201660156,0.3986873924732208,0.032620969228446484,0.039703775942325596,0.05200935900211334,0.26914116740226746,13,5,8,0.0,0.00447180796166261,good_or_low_review,885
ground_truth,1.3.6.1.4.1.14519.5.2.1.6279.6001.624425075947752229712087113746,outputs/luna16_saliency_synthetic_gt/1.3.6.1.4.1.14519.5.2.1.6279.6001.624425075947752229712087113746/surface_1.3.6.1.4.1.14519.5.2.1.6279.6001.624425075947752229712087113746.png,outputs/luna16_saliency_synthetic_gt/1.3.6.1.4.1.14519.5.2.1.6279.6001.624425075947752229712087113746/surface_grid_float_1.3.6.1.4.1.14519.5.2.1.6279.6001.624425075947752229712087113746.npy,0.4460812302538921,0.5370823740959167,0.20963436365127563,0.8823529481887817,1.618255615234375,0.4266875386238098,0.03147794175893068,0.03768234018236399,0.050717927515506744,0.2809843420982361,13,5,8,0.0,0.004451972546635402,good_or_low_review,886
ground_truth,1.3.6.1.4.1.14519.5.2.1.6279.6001.119304665257760307862874140576,outputs/luna16_saliency_synthetic_gt/1.3.6.1.4.1.14519.5.2.1.6279.6001.119304665257760307862874140576/surface_1.3.6.1.4.1.14519.5.2.1.6279.6001.119304665257760307862874140576.png,outputs/luna16_saliency_synthetic_gt/1.3.6.1.4.1.14519.5.2.1.6279.6001.119304665257760307862874140576/surface_grid_float_1.3.6.1.4.1.14519.5.2.1.6279.6001.119304665257760307862874140576.npy,0.4882753270566663,0.44120097160339355,0.25665366649627686,0.9647058844566345,1.4718513488769531,0.3731585741043091,0.02920582685619586,0.034529509022831924,0.04810742661356926,0.2144332379102707,13,5,8,0.0,0.003965489158613814,good_or_low_review,887
ground_truth,1.3.6.1.4.1.14519.5.2.1.6279.6001.235364978775280910367690540811,outputs/luna16_saliency_synthetic_gt/1.3.6.1.4.1.14519.5.2.1.6279.6001.235364978775280910367690540811/surface_1.3.6.1.4.1.14519.5.2.1.6279.6001.235364978775280910367690540811.png,outputs/luna16_saliency_synthetic_gt/1.3.6.1.4.1.14519.5.2.1.6279.6001.235364978775280910367690540811/surface_grid_float_1.3.6.1.4.1.14519.5.2.1.6279.6001.235364978775280910367690540811.npy,0.5607276618512573,0.4241769313812256,0.2416844666004181,0.8549019694328308,1.0260429382324219,0.2805691361427307,0.02174004754051566,0.0260596239566803,0.03642997518181801,0.17489610612392426,13,5,8,0.0,0.0028805182960298325,good_or_low_review,888
