seriesuid,point_index,nodule_index,z,y,x,rel_z,rel_y,rel_x,grid_h,grid_w,estimated_depth
1.3.6.1.4.1.14519.5.2.1.6279.6001.100225287222365663678666836860,0,0,131.0,105.4000015258789,26.959999084472656,0.39104477611940297,0.43553719638792937,0.08244648038065032,243,328,336.0
1.3.6.1.4.1.14519.5.2.1.6279.6001.100225287222365663678666836860,1,0,131.0,105.0,25.0,0.39104477611940297,0.43388429752066116,0.0764525993883792,243,328,336.0
1.3.6.1.4.1.14519.5.2.1.6279.6001.100225287222365663678666836860,2,0,131.0,103.0,28.0,0.39104477611940297,0.4256198347107438,0.0856269113149847,243,328,336.0
1.3.6.1.4.1.14519.5.2.1.6279.6001.100225287222365663678666836860,3,0,131.0,107.0,29.0,0.39104477611940297,0.44214876033057854,0.08868501529051988,243,328,336.0
1.3.6.1.4.1.14519.5.2.1.6279.6001.100225287222365663678666836860,4,0,131.0,106.0,25.0,0.39104477611940297,0.4380165289256198,0.0764525993883792,243,328,336.0
1.3.6.1.4.1.14519.5.2.1.6279.6001.100225287222365663678666836860,5,1,202.0,68.71428680419922,259.5,0.6029850746268657,0.28394333390164966,0.7935779816513762,243,328,336.0
1.3.6.1.4.1.14519.5.2.1.6279.6001.100225287222365663678666836860,6,1,202.0,68.0,258.0,0.6029850746268657,0.2809917355371901,0.7889908256880734,243,328,336.0
1.3.6.1.4.1.14519.5.2.1.6279.6001.100225287222365663678666836860,7,1,202.0,68.0,261.0,0.6029850746268657,0.2809917355371901,0.7981651376146789,243,328,336.0
1.3.6.1.4.1.14519.5.2.1.6279.6001.100225287222365663678666836860,8,1,202.0,70.0,260.0,0.6029850746268657,0.2892561983471074,0.7951070336391437,243,328,336.0
1.3.6.1.4.1.14519.5.2.1.6279.6001.100225287222365663678666836860,9,1,202.0,69.0,258.0,0.6029850746268657,0.28512396694214875,0.7889908256880734,243,328,336.0
1.3.6.1.4.1.14519.5.2.1.6279.6001.100398138793540579077826395208,0,0,151.0,129.74073791503906,216.40740966796875,0.569811320754717,0.6298094073545586,0.8044885117768354,207,270,266.0
1.3.6.1.4.1.14519.5.2.1.6279.6001.100398138793540579077826395208,1,0,151.0,129.0,214.0,0.569811320754717,0.6262135922330098,0.7955390334572491,207,270,266.0
1.3.6.1.4.1.14519.5.2.1.6279.6001.100398138793540579077826395208,2,0,151.0,128.0,218.0,0.569811320754717,0.6213592233009708,0.8104089219330854,207,270,266.0
1.3.6.1.4.1.14519.5.2.1.6279.6001.100398138793540579077826395208,3,0,151.0,132.0,218.0,0.569811320754717,0.6407766990291263,0.8104089219330854,207,270,266.0
1.3.6.1.4.1.14519.5.2.1.6279.6001.100398138793540579077826395208,4,0,151.0,130.0,214.0,0.569811320754717,0.6310679611650486,0.7955390334572491,207,270,266.0
1.3.6.1.4.1.14519.5.2.1.6279.6001.100621383016233746780170740405,0,0,189.0,91.0,97.5,0.7325581395348837,0.5352941176470588,0.39473684210526316,171,248,259.0
1.3.6.1.4.1.14519.5.2.1.6279.6001.100621383016233746780170740405,1,0,189.0,90.0,89.0,0.7325581395348837,0.5294117647058824,0.3603238866396761,171,248,259.0
1.3.6.1.4.1.14519.5.2.1.6279.6001.100621383016233746780170740405,2,0,189.0,83.0,102.0,0.7325581395348837,0.48823529411764705,0.41295546558704455,171,248,259.0
1.3.6.1.4.1.14519.5.2.1.6279.6001.100621383016233746780170740405,3,0,189.0,99.0,102.0,0.7325581395348837,0.5823529411764706,0.41295546558704455,171,248,259.0
1.3.6.1.4.1.14519.5.2.1.6279.6001.100621383016233746780170740405,4,0,189.0,91.0,89.0,0.7325581395348837,0.5352941176470588,0.3603238866396761,171,248,259.0
1.3.6.1.4.1.14519.5.2.1.6279.6001.100621383016233746780170740405,5,1,168.0,67.5,186.0,0.6511627906976745,0.39705882352941174,0.7530364372469636,171,248,259.0
1.3.6.1.4.1.14519.5.2.1.6279.6001.100621383016233746780170740405,6,1,168.0,67.0,177.0,0.6511627906976745,0.3941176470588235,0.7165991902834008,171,248,259.0
1.3.6.1.4.1.14519.5.2.1.6279.6001.100621383016233746780170740405,7,1,168.0,60.0,190.0,0.6511627906976745,0.35294117647058826,0.7692307692307693,171,248,259.0
1.3.6.1.4.1.14519.5.2.1.6279.6001.100621383016233746780170740405,8,1,168.0,75.0,191.0,0.6511627906976745,0.4411764705882353,0.7732793522267206,171,248,259.0
1.3.6.1.4.1.14519.5.2.1.6279.6001.100621383016233746780170740405,9,1,168.0,68.0,177.0,0.6511627906976745,0.4,0.7165991902834008,171,248,259.0
1.3.6.1.4.1.14519.5.2.1.6279.6001.100621383016233746780170740405,10,2,80.0,114.89573669433594,184.58767700195312,0.31007751937984496,0.6758572746725643,0.7473185303722799,171,248,259.0
1.3.6.1.4.1.14519.5.2.1.6279.6001.100621383016233746780170740405,11,2,80.0,114.0,177.0,0.31007751937984496,0.6705882352941176,0.7165991902834008,171,248,259.0
1.3.6.1.4.1.14519.5.2.1.6279.6001.100621383016233746780170740405,12,2,80.0,108.0,188.0,0.31007751937984496,0.6352941176470588,0.7611336032388664,171,248,259.0
1.3.6.1.4.1.14519.5.2.1.6279.6001.100621383016233746780170740405,13,2,80.0,121.0,189.0,0.31007751937984496,0.711764705882353,0.7651821862348178,171,248,259.0
1.3.6.1.4.1.14519.5.2.1.6279.6001.100621383016233746780170740405,14,2,80.0,115.0,177.0,0.31007751937984496,0.6764705882352942,0.7165991902834008,171,248,259.0
1.3.6.1.4.1.14519.5.2.1.6279.6001.100621383016233746780170740405,15,3,204.0,110.64151000976562,71.07546997070312,0.7906976744186046,0.6508324118221507,0.2877549391526442,171,248,259.0
1.3.6.1.4.1.14519.5.2.1.6279.6001.100621383016233746780170740405,16,3,204.0,110.0,68.0,0.7906976744186046,0.6470588235294118,0.27530364372469635,171,248,259.0
1.3.6.1.4.1.14519.5.2.1.6279.6001.100621383016233746780170740405,17,3,204.0,108.0,73.0,0.7906976744186046,0.6352941176470588,0.29554655870445345,171,248,259.0
1.3.6.1.4.1.14519.5.2.1.6279.6001.100621383016233746780170740405,18,3,204.0,114.0,73.0,0.7906976744186046,0.6705882352941176,0.29554655870445345,171,248,259.0
1.3.6.1.4.1.14519.5.2.1.6279.6001.100621383016233746780170740405,19,3,204.0,111.0,67.0,0.7906976744186046,0.6529411764705882,0.27125506072874495,171,248,259.0
1.3.6.1.4.1.14519.5.2.1.6279.6001.100953483028192176989979435275,0,0,139.0,124.83333587646484,208.15475463867188,0.5265151515151515,0.5944444565545945,0.7487581102110499,211,279,265.0
1.3.6.1.4.1.14519.5.2.1.6279.6001.100953483028192176989979435275,1,0,139.0,124.0,204.0,0.5265151515151515,0.5904761904761905,0.7338129496402878,211,279,265.0
1.3.6.1.4.1.14519.5.2.1.6279.6001.100953483028192176989979435275,2,0,139.0,121.0,211.0,0.5265151515151515,0.5761904761904761,0.7589928057553957,211,279,265.0
1.3.6.1.4.1.14519.5.2.1.6279.6001.100953483028192176989979435275,3,0,139.0,129.0,210.0,0.5265151515151515,0.6142857142857143,0.7553956834532374,211,279,265.0
1.3.6.1.4.1.14519.5.2.1.6279.6001.100953483028192176989979435275,4,0,139.0,125.0,203.0,0.5265151515151515,0.5952380952380952,0.7302158273381295,211,279,265.0
1.3.6.1.4.1.14519.5.2.1.6279.6001.102681962408431413578140925249,0,0,274.0,126.85511016845703,252.3295440673828,0.8616352201257862,0.5177759598712532,0.7716499818574398,246,328,319.0
1.3.6.1.4.1.14519.5.2.1.6279.6001.102681962408431413578140925249,1,0,274.0,126.0,242.0,0.8616352201257862,0.5142857142857142,0.7400611620795107,246,328,319.0
1.3.6.1.4.1.14519.5.2.1.6279.6001.102681962408431413578140925249,2,0,274.0,118.0,258.0,0.8616352201257862,0.4816326530612245,0.7889908256880734,246,328,319.0
1.3.6.1.4.1.14519.5.2.1.6279.6001.102681962408431413578140925249,3,0,274.0,136.0,257.0,0.8616352201257862,0.5551020408163265,0.7859327217125383,246,328,319.0
1.3.6.1.4.1.14519.5.2.1.6279.6001.102681962408431413578140925249,4,0,274.0,127.0,242.0,0.8616352201257862,0.5183673469387755,0.7400611620795107,246,328,319.0
1.3.6.1.4.1.14519.5.2.1.6279.6001.104562737760173137525888934217,0,0,91.0,89.67857360839844,45.595237731933594,0.3872340425531915,0.3950597956317112,0.14474678645058284,228,316,236.0
1.3.6.1.4.1.14519.5.2.1.6279.6001.104562737760173137525888934217,1,0,91.0,89.0,41.0,0.3872340425531915,0.3920704845814978,0.13015873015873017,228,316,236.0
1.3.6.1.4.1.14519.5.2.1.6279.6001.104562737760173137525888934217,2,0,91.0,86.0,48.0,0.3872340425531915,0.3788546255506608,0.1523809523809524,228,316,236.0
1.3.6.1.4.1.14519.5.2.1.6279.6001.104562737760173137525888934217,3,0,91.0,94.0,48.0,0.3872340425531915,0.41409691629955947,0.1523809523809524,228,316,236.0
1.3.6.1.4.1.14519.5.2.1.6279.6001.104562737760173137525888934217,4,0,91.0,90.0,41.0,0.3872340425531915,0.3964757709251101,0.13015873015873017,228,316,236.0
1.3.6.1.4.1.14519.5.2.1.6279.6001.105495028985881418176186711228,0,0,97.0,136.94667053222656,32.3466682434082,0.41452991452991456,0.6253272627042309,0.11039818513108601,220,294,235.0
1.3.6.1.4.1.14519.5.2.1.6279.6001.105495028985881418176186711228,1,0,97.0,136.0,28.0,0.41452991452991456,0.6210045662100456,0.09556313993174062,220,294,235.0
1.3.6.1.4.1.14519.5.2.1.6279.6001.105495028985881418176186711228,2,0,97.0,133.0,35.0,0.41452991452991456,0.6073059360730594,0.11945392491467577,220,294,235.0
1.3.6.1.4.1.14519.5.2.1.6279.6001.105495028985881418176186711228,3,0,97.0,140.0,35.0,0.41452991452991456,0.639269406392694,0.11945392491467577,220,294,235.0
1.3.6.1.4.1.14519.5.2.1.6279.6001.105495028985881418176186711228,4,0,97.0,137.0,28.0,0.41452991452991456,0.6255707762557078,0.09556313993174062,220,294,235.0
1.3.6.1.4.1.14519.5.2.1.6279.6001.106164978370116976238911317774,0,0,84.0,124.6500015258789,138.75,0.3346613545816733,0.6170792154746481,0.4834494773519164,203,288,252.0
1.3.6.1.4.1.14519.5.2.1.6279.6001.106164978370116976238911317774,1,0,84.0,124.0,136.0,0.3346613545816733,0.6138613861386139,0.4738675958188153,203,288,252.0
1.3.6.1.4.1.14519.5.2.1.6279.6001.106164978370116976238911317774,2,0,84.0,122.0,141.0,0.3346613545816733,0.6039603960396039,0.4912891986062718,203,288,252.0
1.3.6.1.4.1.14519.5.2.1.6279.6001.106164978370116976238911317774,3,0,84.0,127.0,140.0,0.3346613545816733,0.6287128712871287,0.4878048780487805,203,288,252.0
1.3.6.1.4.1.14519.5.2.1.6279.6001.106164978370116976238911317774,4,0,84.0,125.0,136.0,0.3346613545816733,0.6188118811881188,0.4738675958188153,203,288,252.0
1.3.6.1.4.1.14519.5.2.1.6279.6001.106379658920626694402549886949,0,0,98.0,165.5,57.5,0.4100418410041841,0.8530927835051546,0.20833333333333334,195,277,240.0
1.3.6.1.4.1.14519.5.2.1.6279.6001.106379658920626694402549886949,1,0,98.0,165.0,55.0,0.4100418410041841,0.8505154639175257,0.19927536231884058,195,277,240.0
1.3.6.1.4.1.14519.5.2.1.6279.6001.106379658920626694402549886949,2,0,98.0,163.0,59.0,0.4100418410041841,0.8402061855670103,0.213768115942029,195,277,240.0
1.3.6.1.4.1.14519.5.2.1.6279.6001.106379658920626694402549886949,3,0,98.0,168.0,59.0,0.4100418410041841,0.865979381443299,0.213768115942029,195,277,240.0
1.3.6.1.4.1.14519.5.2.1.6279.6001.106379658920626694402549886949,4,0,98.0,166.0,55.0,0.4100418410041841,0.8556701030927835,0.19927536231884058,195,277,240.0
1.3.6.1.4.1.14519.5.2.1.6279.6001.106379658920626694402549886949,5,1,153.0,69.4000015258789,57.400001525878906,0.6401673640167364,0.3577319666282418,0.20797102002130038,195,277,240.0
1.3.6.1.4.1.14519.5.2.1.6279.6001.106379658920626694402549886949,6,1,153.0,69.0,56.0,0.6401673640167364,0.3556701030927835,0.2028985507246377,195,277,240.0
1.3.6.1.4.1.14519.5.2.1.6279.6001.106379658920626694402549886949,7,1,153.0,68.0,58.0,0.6401673640167364,0.35051546391752575,0.21014492753623187,195,277,240.0
1.3.6.1.4.1.14519.5.2.1.6279.6001.106379658920626694402549886949,8,1,153.0,70.0,59.0,0.6401673640167364,0.36082474226804123,0.213768115942029,195,277,240.0
1.3.6.1.4.1.14519.5.2.1.6279.6001.106379658920626694402549886949,9,1,153.0,70.0,56.0,0.6401673640167364,0.36082474226804123,0.2028985507246377,195,277,240.0
1.3.6.1.4.1.14519.5.2.1.6279.6001.106630482085576298661469304872,0,0,143.0,120.75675964355469,53.75675582885742,0.4782608695652174,0.638924654198702,0.2099873274564743,190,257,300.0
1.3.6.1.4.1.14519.5.2.1.6279.6001.106630482085576298661469304872,1,0,143.0,120.0,51.0,0.4782608695652174,0.6349206349206349,0.19921875,190,257,300.0
1.3.6.1.4.1.14519.5.2.1.6279.6001.106630482085576298661469304872,2,0,143.0,118.0,55.0,0.4782608695652174,0.6243386243386243,0.21484375,190,257,300.0
1.3.6.1.4.1.14519.5.2.1.6279.6001.106630482085576298661469304872,3,0,143.0,123.0,56.0,0.4782608695652174,0.6507936507936508,0.21875,190,257,300.0
1.3.6.1.4.1.14519.5.2.1.6279.6001.106630482085576298661469304872,4,0,143.0,121.0,51.0,0.4782608695652174,0.6402116402116402,0.19921875,190,257,300.0
1.3.6.1.4.1.14519.5.2.1.6279.6001.106719103982792863757268101375,0,0,146.0,104.28378295898438,51.716217041015625,0.5195729537366548,0.543144702911377,0.18602955770149504,193,279,282.0
1.3.6.1.4.1.14519.5.2.1.6279.6001.106719103982792863757268101375,1,0,146.0,104.0,45.0,0.5195729537366548,0.5416666666666666,0.1618705035971223,193,279,282.0
1.3.6.1.4.1.14519.5.2.1.6279.6001.106719103982792863757268101375,2,0,146.0,99.0,55.0,0.5195729537366548,0.515625,0.19784172661870503,193,279,282.0
1.3.6.1.4.1.14519.5.2.1.6279.6001.106719103982792863757268101375,3,0,146.0,110.0,55.0,0.5195729537366548,0.5729166666666666,0.19784172661870503,193,279,282.0
1.3.6.1.4.1.14519.5.2.1.6279.6001.106719103982792863757268101375,4,0,146.0,105.0,45.0,0.5195729537366548,0.546875,0.1618705035971223,193,279,282.0
1.3.6.1.4.1.14519.5.2.1.6279.6001.107109359065300889765026303943,0,0,75.0,29.571428298950195,64.42857360839844,0.2613240418118467,0.13690476064328794,0.2013392925262451,217,321,288.0
1.3.6.1.4.1.14519.5.2.1.6279.6001.107109359065300889765026303943,1,0,75.0,29.0,56.0,0.2613240418118467,0.13425925925925927,0.175,217,321,288.0
1.3.6.1.4.1.14519.5.2.1.6279.6001.107109359065300889765026303943,2,0,75.0,22.0,69.0,0.2613240418118467,0.10185185185185185,0.215625,217,321,288.0
1.3.6.1.4.1.14519.5.2.1.6279.6001.107109359065300889765026303943,3,0,75.0,37.0,68.0,0.2613240418118467,0.1712962962962963,0.2125,217,321,288.0
1.3.6.1.4.1.14519.5.2.1.6279.6001.107109359065300889765026303943,4,0,75.0,30.0,56.0,0.2613240418118467,0.1388888888888889,0.175,217,321,288.0
1.3.6.1.4.1.14519.5.2.1.6279.6001.107351566259572521472765997306,0,0,92.0,178.7142791748047,61.5,0.40707964601769914,0.8390341745295995,0.2261029411764706,214,273,227.0
1.3.6.1.4.1.14519.5.2.1.6279.6001.107351566259572521472765997306,1,0,92.0,178.0,58.0,0.40707964601769914,0.8356807511737089,0.21323529411764705,214,273,227.0
1.3.6.1.4.1.14519.5.2.1.6279.6001.107351566259572521472765997306,2,0,92.0,176.0,64.0,0.40707964601769914,0.8262910798122066,0.23529411764705882,214,273,227.0
1.3.6.1.4.1.14519.5.2.1.6279.6001.107351566259572521472765997306,3,0,92.0,182.0,63.0,0.40707964601769914,0.8544600938967136,0.23161764705882354,214,273,227.0
1.3.6.1.4.1.14519.5.2.1.6279.6001.107351566259572521472765997306,4,0,92.0,179.0,58.0,0.40707964601769914,0.8403755868544601,0.21323529411764705,214,273,227.0
1.3.6.1.4.1.14519.5.2.1.6279.6001.107351566259572521472765997306,5,1,95.0,112.0,22.7560977935791,0.42035398230088494,0.5258215962441315,0.08366212424109964,214,273,227.0
1.3.6.1.4.1.14519.5.2.1.6279.6001.107351566259572521472765997306,6,1,95.0,111.0,20.0,0.42035398230088494,0.5211267605633803,0.07352941176470588,214,273,227.0
1.3.6.1.4.1.14519.5.2.1.6279.6001.107351566259572521472765997306,7,1,95.0,109.0,24.0,0.42035398230088494,0.5117370892018779,0.08823529411764706,214,273,227.0
1.3.6.1.4.1.14519.5.2.1.6279.6001.107351566259572521472765997306,8,1,95.0,115.0,24.0,0.42035398230088494,0.539906103286385,0.08823529411764706,214,273,227.0
1.3.6.1.4.1.14519.5.2.1.6279.6001.107351566259572521472765997306,9,1,95.0,112.0,20.0,0.42035398230088494,0.5258215962441315,0.07352941176470588,214,273,227.0
1.3.6.1.4.1.14519.5.2.1.6279.6001.107351566259572521472765997306,10,2,104.0,176.6666717529297,212.8000030517578,0.46017699115044247,0.8294209941452098,0.7823529523961684,214,273,227.0
1.3.6.1.4.1.14519.5.2.1.6279.6001.107351566259572521472765997306,11,2,104.0,176.0,210.0,0.46017699115044247,0.8262910798122066,0.7720588235294118,214,273,227.0
1.3.6.1.4.1.14519.5.2.1.6279.6001.107351566259572521472765997306,12,2,104.0,175.0,215.0,0.46017699115044247,0.8215962441314554,0.7904411764705882,214,273,227.0
1.3.6.1.4.1.14519.5.2.1.6279.6001.107351566259572521472765997306,13,2,104.0,179.0,214.0,0.46017699115044247,0.8403755868544601,0.7867647058823529,214,273,227.0
1.3.6.1.4.1.14519.5.2.1.6279.6001.107351566259572521472765997306,14,2,104.0,177.0,210.0,0.46017699115044247,0.8309859154929577,0.7720588235294118,214,273,227.0
1.3.6.1.4.1.14519.5.2.1.6279.6001.107351566259572521472765997306,15,3,59.0,79.84615325927734,231.61538696289062,0.2610619469026549,0.3748645692923819,0.8515271579518038,214,273,227.0
1.3.6.1.4.1.14519.5.2.1.6279.6001.107351566259572521472765997306,16,3,59.0,79.0,229.0,0.2610619469026549,0.37089201877934275,0.8419117647058824,214,273,227.0
1.3.6.1.4.1.14519.5.2.1.6279.6001.107351566259572521472765997306,17,3,59.0,78.0,233.0,0.2610619469026549,0.36619718309859156,0.8566176470588235,214,273,227.0
1.3.6.1.4.1.14519.5.2.1.6279.6001.107351566259572521472765997306,18,3,59.0,82.0,233.0,0.2610619469026549,0.38497652582159625,0.8566176470588235,214,273,227.0
1.3.6.1.4.1.14519.5.2.1.6279.6001.107351566259572521472765997306,19,3,59.0,80.0,229.0,0.2610619469026549,0.3755868544600939,0.8419117647058824,214,273,227.0
1.3.6.1.4.1.14519.5.2.1.6279.6001.107351566259572521472765997306,20,4,88.0,83.25,252.75,0.3893805309734513,0.3908450704225352,0.9292279411764706,214,273,227.0
1.3.6.1.4.1.14519.5.2.1.6279.6001.107351566259572521472765997306,21,4,88.0,83.0,251.0,0.3893805309734513,0.38967136150234744,0.9227941176470589,214,273,227.0
1.3.6.1.4.1.14519.5.2.1.6279.6001.107351566259572521472765997306,22,4,88.0,81.0,253.0,0.3893805309734513,0.38028169014084506,0.9301470588235294,214,273,227.0
1.3.6.1.4.1.14519.5.2.1.6279.6001.107351566259572521472765997306,23,4,88.0,85.0,254.0,0.3893805309734513,0.39906103286384975,0.9338235294117647,214,273,227.0
1.3.6.1.4.1.14519.5.2.1.6279.6001.107351566259572521472765997306,24,4,88.0,84.0,251.0,0.3893805309734513,0.39436619718309857,0.9227941176470589,214,273,227.0
1.3.6.1.4.1.14519.5.2.1.6279.6001.107351566259572521472765997306,25,5,74.0,192.46665954589844,83.86666870117188,0.3274336283185841,0.9035993405910725,0.3083333408131319,214,273,227.0
1.3.6.1.4.1.14519.5.2.1.6279.6001.107351566259572521472765997306,26,5,74.0,192.0,82.0,0.3274336283185841,0.9014084507042254,0.3014705882352941,214,273,227.0
1.3.6.1.4.1.14519.5.2.1.6279.6001.107351566259572521472765997306,27,5,74.0,191.0,85.0,0.3274336283185841,0.8967136150234741,0.3125,214,273,227.0
1.3.6.1.4.1.14519.5.2.1.6279.6001.107351566259572521472765997306,28,5,74.0,194.0,85.0,0.3274336283185841,0.9107981220657277,0.3125,214,273,227.0
1.3.6.1.4.1.14519.5.2.1.6279.6001.107351566259572521472765997306,29,5,74.0,193.0,82.0,0.3274336283185841,0.9061032863849765,0.3014705882352941,214,273,227.0
1.3.6.1.4.1.14519.5.2.1.6279.6001.108197895896446896160048741492,0,0,82.0,171.3030242919922,48.90909194946289,0.2837370242214533,0.8695584989441227,0.15726396125229225,198,312,290.0
1.3.6.1.4.1.14519.5.2.1.6279.6001.108197895896446896160048741492,1,0,82.0,171.0,46.0,0.2837370242214533,0.868020304568528,0.14790996784565916,198,312,290.0
1.3.6.1.4.1.14519.5.2.1.6279.6001.108197895896446896160048741492,2,0,82.0,169.0,50.0,0.2837370242214533,0.8578680203045685,0.1607717041800643,198,312,290.0
1.3.6.1.4.1.14519.5.2.1.6279.6001.108197895896446896160048741492,3,0,82.0,173.0,51.0,0.2837370242214533,0.8781725888324873,0.1639871382636656,198,312,290.0
1.3.6.1.4.1.14519.5.2.1.6279.6001.108197895896446896160048741492,4,0,82.0,172.0,46.0,0.2837370242214533,0.8730964467005076,0.14790996784565916,198,312,290.0
1.3.6.1.4.1.14519.5.2.1.6279.6001.108231420525711026834210228428,0,0,196.0,174.58621215820312,206.27586364746094,0.7075812274368231,0.7366506842118276,0.6269783089588479,238,330,278.0
1.3.6.1.4.1.14519.5.2.1.6279.6001.108231420525711026834210228428,1,0,196.0,174.0,204.0,0.7075812274368231,0.7341772151898734,0.6200607902735562,238,330,278.0
1.3.6.1.4.1.14519.5.2.1.6279.6001.108231420525711026834210228428,2,0,196.0,172.0,207.0,0.7075812274368231,0.7257383966244726,0.6291793313069909,238,330,278.0
1.3.6.1.4.1.14519.5.2.1.6279.6001.108231420525711026834210228428,3,0,196.0,177.0,208.0,0.7075812274368231,0.7468354430379747,0.6322188449848024,238,330,278.0
1.3.6.1.4.1.14519.5.2.1.6279.6001.108231420525711026834210228428,4,0,196.0,175.0,204.0,0.7075812274368231,0.7383966244725738,0.6200607902735562,238,330,278.0
1.3.6.1.4.1.14519.5.2.1.6279.6001.109002525524522225658609808059,0,0,85.0,107.76551818847656,205.917236328125,0.4292929292929293,0.579384506389659,0.9031457733689693,187,229,199.0
1.3.6.1.4.1.14519.5.2.1.6279.6001.109002525524522225658609808059,1,0,85.0,107.0,200.0,0.4292929292929293,0.5752688172043011,0.8771929824561403,187,229,199.0
1.3.6.1.4.1.14519.5.2.1.6279.6001.109002525524522225658609808059,2,0,85.0,102.0,209.0,0.4292929292929293,0.5483870967741935,0.9166666666666666,187,229,199.0
1.3.6.1.4.1.14519.5.2.1.6279.6001.109002525524522225658609808059,3,0,85.0,113.0,209.0,0.4292929292929293,0.6075268817204301,0.9166666666666666,187,229,199.0
1.3.6.1.4.1.14519.5.2.1.6279.6001.109002525524522225658609808059,4,0,85.0,108.0,200.0,0.4292929292929293,0.5806451612903226,0.8771929824561403,187,229,199.0
1.3.6.1.4.1.14519.5.2.1.6279.6001.109002525524522225658609808059,5,1,71.0,136.1999969482422,196.1999969482422,0.35858585858585856,0.732258048108829,0.860526302404571,187,229,199.0
1.3.6.1.4.1.14519.5.2.1.6279.6001.109002525524522225658609808059,6,1,71.0,136.0,194.0,0.35858585858585856,0.7311827956989247,0.8508771929824561,187,229,199.0
1.3.6.1.4.1.14519.5.2.1.6279.6001.109002525524522225658609808059,7,1,71.0,134.0,196.0,0.35858585858585856,0.7204301075268817,0.8596491228070176,187,229,199.0
1.3.6.1.4.1.14519.5.2.1.6279.6001.109002525524522225658609808059,8,1,71.0,137.0,198.0,0.35858585858585856,0.7365591397849462,0.868421052631579,187,229,199.0
1.3.6.1.4.1.14519.5.2.1.6279.6001.109002525524522225658609808059,9,1,71.0,137.0,195.0,0.35858585858585856,0.7365591397849462,0.8552631578947368,187,229,199.0
1.3.6.1.4.1.14519.5.2.1.6279.6001.110678335949765929063942738609,0,0,197.0,135.5986328125,99.14286041259766,0.652317880794702,0.6779931640625,0.3618352569802834,201,275,303.0
1.3.6.1.4.1.14519.5.2.1.6279.6001.110678335949765929063942738609,1,0,197.0,135.0,93.0,0.652317880794702,0.675,0.33941605839416056,201,275,303.0
1.3.6.1.4.1.14519.5.2.1.6279.6001.110678335949765929063942738609,2,0,197.0,130.0,103.0,0.652317880794702,0.65,0.3759124087591241,201,275,303.0
1.3.6.1.4.1.14519.5.2.1.6279.6001.110678335949765929063942738609,3,0,197.0,141.0,102.0,0.652317880794702,0.705,0.3722627737226277,201,275,303.0
1.3.6.1.4.1.14519.5.2.1.6279.6001.110678335949765929063942738609,4,0,197.0,136.0,93.0,0.652317880794702,0.68,0.33941605839416056,201,275,303.0
1.3.6.1.4.1.14519.5.2.1.6279.6001.111172165674661221381920536987,0,0,96.0,182.7894744873047,311.0,0.31475409836065577,0.8088029844571004,0.8735955056179775,227,357,306.0
1.3.6.1.4.1.14519.5.2.1.6279.6001.111172165674661221381920536987,1,0,96.0,182.0,309.0,0.31475409836065577,0.8053097345132744,0.8679775280898876,227,357,306.0
1.3.6.1.4.1.14519.5.2.1.6279.6001.111172165674661221381920536987,2,0,96.0,181.0,312.0,0.31475409836065577,0.8008849557522124,0.8764044943820225,227,357,306.0
1.3.6.1.4.1.14519.5.2.1.6279.6001.111172165674661221381920536987,3,0,96.0,184.0,312.0,0.31475409836065577,0.8141592920353983,0.8764044943820225,227,357,306.0
1.3.6.1.4.1.14519.5.2.1.6279.6001.111172165674661221381920536987,4,0,96.0,183.0,309.0,0.31475409836065577,0.8097345132743363,0.8679775280898876,227,357,306.0
1.3.6.1.4.1.14519.5.2.1.6279.6001.111258527162678142285870245028,0,0,232.0,138.15492248535156,89.4507064819336,0.8888888888888888,0.6167630468096051,0.31386212800678454,225,286,262.0
1.3.6.1.4.1.14519.5.2.1.6279.6001.111258527162678142285870245028,1,0,232.0,138.0,85.0,0.8888888888888888,0.6160714285714286,0.2982456140350877,225,286,262.0
1.3.6.1.4.1.14519.5.2.1.6279.6001.111258527162678142285870245028,2,0,232.0,134.0,91.0,0.8888888888888888,0.5982142857142857,0.3192982456140351,225,286,262.0
1.3.6.1.4.1.14519.5.2.1.6279.6001.111258527162678142285870245028,3,0,232.0,142.0,92.0,0.8888888888888888,0.6339285714285714,0.32280701754385965,225,286,262.0
1.3.6.1.4.1.14519.5.2.1.6279.6001.111258527162678142285870245028,4,0,232.0,139.0,85.0,0.8888888888888888,0.6205357142857143,0.2982456140350877,225,286,262.0
1.3.6.1.4.1.14519.5.2.1.6279.6001.111258527162678142285870245028,5,1,126.0,167.90908813476562,53.09090805053711,0.4827586206896552,0.7495941434587751,0.18628388789662143,225,286,262.0
1.3.6.1.4.1.14519.5.2.1.6279.6001.111258527162678142285870245028,6,1,126.0,167.0,51.0,0.4827586206896552,0.7455357142857143,0.17894736842105263,225,286,262.0
1.3.6.1.4.1.14519.5.2.1.6279.6001.111258527162678142285870245028,7,1,126.0,166.0,55.0,0.4827586206896552,0.7410714285714286,0.19298245614035087,225,286,262.0
1.3.6.1.4.1.14519.5.2.1.6279.6001.111258527162678142285870245028,8,1,126.0,170.0,54.0,0.4827586206896552,0.7589285714285714,0.18947368421052632,225,286,262.0
1.3.6.1.4.1.14519.5.2.1.6279.6001.111258527162678142285870245028,9,1,126.0,168.0,51.0,0.4827586206896552,0.75,0.17894736842105263,225,286,262.0
1.3.6.1.4.1.14519.5.2.1.6279.6001.111496024928645603833332252962,0,0,64.0,123.85713958740234,252.8095245361328,0.23703703703703705,0.6162046745641908,0.8964876756600454,202,283,271.0
1.3.6.1.4.1.14519.5.2.1.6279.6001.111496024928645603833332252962,1,0,64.0,123.0,251.0,0.23703703703703705,0.6119402985074627,0.8900709219858156,202,283,271.0
1.3.6.1.4.1.14519.5.2.1.6279.6001.111496024928645603833332252962,2,0,64.0,122.0,254.0,0.23703703703703705,0.6069651741293532,0.900709219858156,202,283,271.0
1.3.6.1.4.1.14519.5.2.1.6279.6001.111496024928645603833332252962,3,0,64.0,126.0,254.0,0.23703703703703705,0.6268656716417911,0.900709219858156,202,283,271.0
1.3.6.1.4.1.14519.5.2.1.6279.6001.111496024928645603833332252962,4,0,64.0,124.0,251.0,0.23703703703703705,0.6169154228855721,0.8900709219858156,202,283,271.0
1.3.6.1.4.1.14519.5.2.1.6279.6001.111496024928645603833332252962,5,1,130.0,179.0,168.0,0.48148148148148145,0.8905472636815921,0.5957446808510638,202,283,271.0
1.3.6.1.4.1.14519.5.2.1.6279.6001.111496024928645603833332252962,6,1,130.0,178.0,166.0,0.48148148148148145,0.8855721393034826,0.5886524822695035,202,283,271.0
1.3.6.1.4.1.14519.5.2.1.6279.6001.111496024928645603833332252962,7,1,130.0,177.0,169.0,0.48148148148148145,0.8805970149253731,0.599290780141844,202,283,271.0
1.3.6.1.4.1.14519.5.2.1.6279.6001.111496024928645603833332252962,8,1,130.0,181.0,169.0,0.48148148148148145,0.900497512437811,0.599290780141844,202,283,271.0
1.3.6.1.4.1.14519.5.2.1.6279.6001.111496024928645603833332252962,9,1,130.0,179.0,166.0,0.48148148148148145,0.8905472636815921,0.5886524822695035,202,283,271.0
1.3.6.1.4.1.14519.5.2.1.6279.6001.111496024928645603833332252962,10,2,93.0,104.61538696289062,251.38461303710938,0.34444444444444444,0.520474562004431,0.891434798003934,202,283,271.0
1.3.6.1.4.1.14519.5.2.1.6279.6001.111496024928645603833332252962,11,2,93.0,104.0,250.0,0.34444444444444444,0.5174129353233831,0.8865248226950354,202,283,271.0
1.3.6.1.4.1.14519.5.2.1.6279.6001.111496024928645603833332252962,12,2,93.0,103.0,252.0,0.34444444444444444,0.5124378109452736,0.8936170212765957,202,283,271.0
1.3.6.1.4.1.14519.5.2.1.6279.6001.111496024928645603833332252962,13,2,93.0,106.0,252.0,0.34444444444444444,0.527363184079602,0.8936170212765957,202,283,271.0
1.3.6.1.4.1.14519.5.2.1.6279.6001.111496024928645603833332252962,14,2,93.0,105.0,250.0,0.34444444444444444,0.5223880597014925,0.8865248226950354,202,283,271.0
1.3.6.1.4.1.14519.5.2.1.6279.6001.112740418331256326754121315800,0,0,225.0,174.2969970703125,216.56675720214844,0.7550335570469798,0.7512801597858297,0.6767711162567138,233,321,299.0
1.3.6.1.4.1.14519.5.2.1.6279.6001.112740418331256326754121315800,1,0,225.0,174.0,202.0,0.7550335570469798,0.75,0.63125,233,321,299.0
1.3.6.1.4.1.14519.5.2.1.6279.6001.112740418331256326754121315800,2,0,225.0,161.0,223.0,0.7550335570469798,0.6939655172413793,0.696875,233,321,299.0
1.3.6.1.4.1.14519.5.2.1.6279.6001.112740418331256326754121315800,3,0,225.0,187.0,224.0,0.7550335570469798,0.8060344827586207,0.7,233,321,299.0
1.3.6.1.4.1.14519.5.2.1.6279.6001.112740418331256326754121315800,4,0,225.0,175.0,202.0,0.7550335570469798,0.7543103448275862,0.63125,233,321,299.0
1.3.6.1.4.1.14519.5.2.1.6279.6001.112740418331256326754121315800,5,1,224.0,70.16444396972656,108.13777923583984,0.7516778523489933,0.30243294814537314,0.3379305601119995,233,321,299.0
1.3.6.1.4.1.14519.5.2.1.6279.6001.112740418331256326754121315800,6,1,224.0,70.0,100.0,0.7516778523489933,0.3017241379310345,0.3125,233,321,299.0
1.3.6.1.4.1.14519.5.2.1.6279.6001.112740418331256326754121315800,7,1,224.0,63.0,111.0,0.7516778523489933,0.27155172413793105,0.346875,233,321,299.0
1.3.6.1.4.1.14519.5.2.1.6279.6001.112740418331256326754121315800,8,1,224.0,77.0,113.0,0.7516778523489933,0.33189655172413796,0.353125,233,321,299.0
1.3.6.1.4.1.14519.5.2.1.6279.6001.112740418331256326754121315800,9,1,224.0,71.0,100.0,0.7516778523489933,0.30603448275862066,0.3125,233,321,299.0
1.3.6.1.4.1.14519.5.2.1.6279.6001.112767175295249119452142211437,0,0,132.0,126.93939208984375,272.8484802246094,0.5477178423236515,0.582290789402953,0.8421249389648438,219,325,242.0
1.3.6.1.4.1.14519.5.2.1.6279.6001.112767175295249119452142211437,1,0,132.0,126.0,269.0,0.5477178423236515,0.5779816513761468,0.8302469135802469,219,325,242.0
1.3.6.1.4.1.14519.5.2.1.6279.6001.112767175295249119452142211437,2,0,132.0,123.0,275.0,0.5477178423236515,0.5642201834862385,0.8487654320987654,219,325,242.0
1.3.6.1.4.1.14519.5.2.1.6279.6001.112767175295249119452142211437,3,0,132.0,130.0,275.0,0.5477178423236515,0.5963302752293578,0.8487654320987654,219,325,242.0
1.3.6.1.4.1.14519.5.2.1.6279.6001.112767175295249119452142211437,4,0,132.0,127.0,269.0,0.5477178423236515,0.5825688073394495,0.8302469135802469,219,325,242.0
1.3.6.1.4.1.14519.5.2.1.6279.6001.112767175295249119452142211437,5,1,187.0,159.18182373046875,215.81817626953125,0.7759336099585062,0.7301918519746273,0.6661054823133681,219,325,242.0
1.3.6.1.4.1.14519.5.2.1.6279.6001.112767175295249119452142211437,6,1,187.0,159.0,213.0,0.7759336099585062,0.7293577981651376,0.6574074074074074,219,325,242.0
1.3.6.1.4.1.14519.5.2.1.6279.6001.112767175295249119452142211437,7,1,187.0,157.0,217.0,0.7759336099585062,0.7201834862385321,0.6697530864197531,219,325,242.0
1.3.6.1.4.1.14519.5.2.1.6279.6001.112767175295249119452142211437,8,1,187.0,161.0,218.0,0.7759336099585062,0.7385321100917431,0.6728395061728395,219,325,242.0
1.3.6.1.4.1.14519.5.2.1.6279.6001.112767175295249119452142211437,9,1,187.0,160.0,213.0,0.7759336099585062,0.7339449541284404,0.6574074074074074,219,325,242.0
1.3.6.1.4.1.14519.5.2.1.6279.6001.112767175295249119452142211437,10,2,180.0,153.7857208251953,107.5,0.7468879668049793,0.7054390863541069,0.3317901234567901,219,325,242.0
1.3.6.1.4.1.14519.5.2.1.6279.6001.112767175295249119452142211437,11,2,180.0,153.0,105.0,0.7468879668049793,0.7018348623853211,0.32407407407407407,219,325,242.0
1.3.6.1.4.1.14519.5.2.1.6279.6001.112767175295249119452142211437,12,2,180.0,152.0,109.0,0.7468879668049793,0.6972477064220184,0.33641975308641975,219,325,242.0
1.3.6.1.4.1.14519.5.2.1.6279.6001.112767175295249119452142211437,13,2,180.0,156.0,109.0,0.7468879668049793,0.7155963302752294,0.33641975308641975,219,325,242.0
1.3.6.1.4.1.14519.5.2.1.6279.6001.112767175295249119452142211437,14,2,180.0,154.0,105.0,0.7468879668049793,0.7064220183486238,0.32407407407407407,219,325,242.0
1.3.6.1.4.1.14519.5.2.1.6279.6001.112767175295249119452142211437,15,3,104.0,141.5,146.7857208251953,0.4315352697095436,0.6490825688073395,0.45304234822591144,219,325,242.0
1.3.6.1.4.1.14519.5.2.1.6279.6001.112767175295249119452142211437,16,3,104.0,141.0,144.0,0.4315352697095436,0.6467889908256881,0.4444444444444444,219,325,242.0
1.3.6.1.4.1.14519.5.2.1.6279.6001.112767175295249119452142211437,17,3,104.0,139.0,148.0,0.4315352697095436,0.6376146788990825,0.4567901234567901,219,325,242.0
1.3.6.1.4.1.14519.5.2.1.6279.6001.112767175295249119452142211437,18,3,104.0,143.0,149.0,0.4315352697095436,0.6559633027522935,0.45987654320987653,219,325,242.0
1.3.6.1.4.1.14519.5.2.1.6279.6001.112767175295249119452142211437,19,3,104.0,142.0,144.0,0.4315352697095436,0.6513761467889908,0.4444444444444444,219,325,242.0
1.3.6.1.4.1.14519.5.2.1.6279.6001.112767175295249119452142211437,20,4,186.0,113.5,245.0,0.7717842323651453,0.5206422018348624,0.7561728395061729,219,325,242.0
1.3.6.1.4.1.14519.5.2.1.6279.6001.112767175295249119452142211437,21,4,186.0,113.0,243.0,0.7717842323651453,0.518348623853211,0.75,219,325,242.0
1.3.6.1.4.1.14519.5.2.1.6279.6001.112767175295249119452142211437,22,4,186.0,111.0,246.0,0.7717842323651453,0.5091743119266054,0.7592592592592593,219,325,242.0
1.3.6.1.4.1.14519.5.2.1.6279.6001.112767175295249119452142211437,23,4,186.0,115.0,247.0,0.7717842323651453,0.5275229357798165,0.7623456790123457,219,325,242.0
1.3.6.1.4.1.14519.5.2.1.6279.6001.112767175295249119452142211437,24,4,186.0,114.0,243.0,0.7717842323651453,0.5229357798165137,0.75,219,325,242.0
1.3.6.1.4.1.14519.5.2.1.6279.6001.112767175295249119452142211437,25,5,166.0,85.5,67.5,0.6887966804979253,0.3922018348623853,0.20833333333333334,219,325,242.0
1.3.6.1.4.1.14519.5.2.1.6279.6001.112767175295249119452142211437,26,5,166.0,85.0,65.0,0.6887966804979253,0.38990825688073394,0.2006172839506173,219,325,242.0
1.3.6.1.4.1.14519.5.2.1.6279.6001.112767175295249119452142211437,27,5,166.0,83.0,68.0,0.6887966804979253,0.38073394495412843,0.20987654320987653,219,325,242.0
1.3.6.1.4.1.14519.5.2.1.6279.6001.112767175295249119452142211437,28,5,166.0,87.0,69.0,0.6887966804979253,0.39908256880733944,0.21296296296296297,219,325,242.0
1.3.6.1.4.1.14519.5.2.1.6279.6001.112767175295249119452142211437,29,5,166.0,86.0,65.0,0.6887966804979253,0.3944954128440367,0.2006172839506173,219,325,242.0
1.3.6.1.4.1.14519.5.2.1.6279.6001.112767175295249119452142211437,30,6,119.0,81.5,36.0,0.49377593360995853,0.3738532110091743,0.1111111111111111,219,325,242.0
1.3.6.1.4.1.14519.5.2.1.6279.6001.112767175295249119452142211437,31,6,119.0,81.0,34.0,0.49377593360995853,0.37155963302752293,0.10493827160493827,219,325,242.0
1.3.6.1.4.1.14519.5.2.1.6279.6001.112767175295249119452142211437,32,6,119.0,80.0,37.0,0.49377593360995853,0.3669724770642202,0.11419753086419752,219,325,242.0
1.3.6.1.4.1.14519.5.2.1.6279.6001.112767175295249119452142211437,33,6,119.0,83.0,37.0,0.49377593360995853,0.38073394495412843,0.11419753086419752,219,325,242.0
1.3.6.1.4.1.14519.5.2.1.6279.6001.112767175295249119452142211437,34,6,119.0,82.0,34.0,0.49377593360995853,0.3761467889908257,0.10493827160493827,219,325,242.0
1.3.6.1.4.1.14519.5.2.1.6279.6001.112767175295249119452142211437,35,7,175.0,144.7142791748047,233.5,0.7261410788381742,0.6638269686917646,0.720679012345679,219,325,242.0
1.3.6.1.4.1.14519.5.2.1.6279.6001.112767175295249119452142211437,36,7,175.0,144.0,232.0,0.7261410788381742,0.6605504587155964,0.7160493827160493,219,325,242.0
1.3.6.1.4.1.14519.5.2.1.6279.6001.112767175295249119452142211437,37,7,175.0,144.0,235.0,0.7261410788381742,0.6605504587155964,0.7253086419753086,219,325,242.0
1.3.6.1.4.1.14519.5.2.1.6279.6001.112767175295249119452142211437,38,7,175.0,146.0,234.0,0.7261410788381742,0.6697247706422018,0.7222222222222222,219,325,242.0
1.3.6.1.4.1.14519.5.2.1.6279.6001.112767175295249119452142211437,39,7,175.0,145.0,232.0,0.7261410788381742,0.6651376146788991,0.7160493827160493,219,325,242.0
1.3.6.1.4.1.14519.5.2.1.6279.6001.113679818447732724990336702075,0,0,64.0,141.43478393554688,213.82608032226562,0.256,0.7814076460527452,0.8161300775658993,182,263,251.0
1.3.6.1.4.1.14519.5.2.1.6279.6001.113679818447732724990336702075,1,0,64.0,141.0,212.0,0.256,0.7790055248618785,0.8091603053435115,182,263,251.0
1.3.6.1.4.1.14519.5.2.1.6279.6001.113679818447732724990336702075,2,0,64.0,140.0,215.0,0.256,0.7734806629834254,0.8206106870229007,182,263,251.0
1.3.6.1.4.1.14519.5.2.1.6279.6001.113679818447732724990336702075,3,0,64.0,143.0,215.0,0.256,0.7900552486187845,0.8206106870229007,182,263,251.0
1.3.6.1.4.1.14519.5.2.1.6279.6001.113679818447732724990336702075,4,0,64.0,142.0,212.0,0.256,0.7845303867403315,0.8091603053435115,182,263,251.0
1.3.6.1.4.1.14519.5.2.1.6279.6001.113679818447732724990336702075,5,1,163.0,79.43478393554688,70.17391204833984,0.652,0.43886620958865674,0.26783935896312916,182,263,251.0
1.3.6.1.4.1.14519.5.2.1.6279.6001.113679818447732724990336702075,6,1,163.0,79.0,68.0,0.652,0.43646408839779005,0.2595419847328244,182,263,251.0
1.3.6.1.4.1.14519.5.2.1.6279.6001.113679818447732724990336702075,7,1,163.0,77.0,71.0,0.652,0.425414364640884,0.27099236641221375,182,263,251.0
1.3.6.1.4.1.14519.5.2.1.6279.6001.113679818447732724990336702075,8,1,163.0,81.0,72.0,0.652,0.44751381215469616,0.2748091603053435,182,263,251.0
1.3.6.1.4.1.14519.5.2.1.6279.6001.113679818447732724990336702075,9,1,163.0,80.0,68.0,0.652,0.4419889502762431,0.2595419847328244,182,263,251.0
1.3.6.1.4.1.14519.5.2.1.6279.6001.113679818447732724990336702075,10,2,199.0,104.5,220.0,0.796,0.5773480662983426,0.8396946564885496,182,263,251.0
1.3.6.1.4.1.14519.5.2.1.6279.6001.113679818447732724990336702075,11,2,199.0,104.0,218.0,0.796,0.574585635359116,0.8320610687022901,182,263,251.0
1.3.6.1.4.1.14519.5.2.1.6279.6001.113679818447732724990336702075,12,2,199.0,103.0,221.0,0.796,0.569060773480663,0.8435114503816794,182,263,251.0
1.3.6.1.4.1.14519.5.2.1.6279.6001.113679818447732724990336702075,13,2,199.0,106.0,221.0,0.796,0.585635359116022,0.8435114503816794,182,263,251.0
1.3.6.1.4.1.14519.5.2.1.6279.6001.113679818447732724990336702075,14,2,199.0,105.0,218.0,0.796,0.580110497237569,0.8320610687022901,182,263,251.0
1.3.6.1.4.1.14519.5.2.1.6279.6001.114195693932194925962391697338,0,0,159.0,156.25,249.25,0.5096153846153846,0.758495145631068,0.8477891156462585,207,295,313.0
1.3.6.1.4.1.14519.5.2.1.6279.6001.114195693932194925962391697338,1,0,159.0,156.0,247.0,0.5096153846153846,0.7572815533980582,0.8401360544217688,207,295,313.0
1.3.6.1.4.1.14519.5.2.1.6279.6001.114195693932194925962391697338,2,0,159.0,154.0,250.0,0.5096153846153846,0.7475728155339806,0.8503401360544217,207,295,313.0
1.3.6.1.4.1.14519.5.2.1.6279.6001.114195693932194925962391697338,3,0,159.0,158.0,251.0,0.5096153846153846,0.7669902912621359,0.8537414965986394,207,295,313.0
1.3.6.1.4.1.14519.5.2.1.6279.6001.114195693932194925962391697338,4,0,159.0,157.0,247.0,0.5096153846153846,0.7621359223300971,0.8401360544217688,207,295,313.0
1.3.6.1.4.1.14519.5.2.1.6279.6001.114218724025049818743426522343,0,0,66.0,86.45282745361328,50.433963775634766,0.22073578595317725,0.4077963559132702,0.1637466356351778,213,309,300.0
1.3.6.1.4.1.14519.5.2.1.6279.6001.114218724025049818743426522343,1,0,66.0,86.0,47.0,0.22073578595317725,0.4056603773584906,0.1525974025974026,213,309,300.0
1.3.6.1.4.1.14519.5.2.1.6279.6001.114218724025049818743426522343,2,0,66.0,83.0,51.0,0.22073578595317725,0.3915094339622642,0.16558441558441558,213,309,300.0
1.3.6.1.4.1.14519.5.2.1.6279.6001.114218724025049818743426522343,3,0,66.0,89.0,53.0,0.22073578595317725,0.419811320754717,0.17207792207792208,213,309,300.0
1.3.6.1.4.1.14519.5.2.1.6279.6001.114218724025049818743426522343,4,0,66.0,87.0,47.0,0.22073578595317725,0.41037735849056606,0.1525974025974026,213,309,300.0
1.3.6.1.4.1.14519.5.2.1.6279.6001.114218724025049818743426522343,5,1,125.0,123.90908813476562,253.36363220214844,0.4180602006688963,0.5844768308243662,0.8226091954615209,213,309,300.0
1.3.6.1.4.1.14519.5.2.1.6279.6001.114218724025049818743426522343,6,1,125.0,123.0,250.0,0.4180602006688963,0.5801886792452831,0.8116883116883117,213,309,300.0
1.3.6.1.4.1.14519.5.2.1.6279.6001.114218724025049818743426522343,7,1,125.0,121.0,255.0,0.4180602006688963,0.5707547169811321,0.827922077922078,213,309,300.0
1.3.6.1.4.1.14519.5.2.1.6279.6001.114218724025049818743426522343,8,1,125.0,127.0,255.0,0.4180602006688963,0.5990566037735849,0.827922077922078,213,309,300.0
1.3.6.1.4.1.14519.5.2.1.6279.6001.114218724025049818743426522343,9,1,125.0,124.0,250.0,0.4180602006688963,0.5849056603773585,0.8116883116883117,213,309,300.0
1.3.6.1.4.1.14519.5.2.1.6279.6001.114218724025049818743426522343,10,2,106.0,110.4000015258789,271.1666564941406,0.35451505016722407,0.5207547241786741,0.8804112223835735,213,309,300.0
1.3.6.1.4.1.14519.5.2.1.6279.6001.114218724025049818743426522343,11,2,106.0,110.0,268.0,0.35451505016722407,0.5188679245283019,0.8701298701298701,213,309,300.0
1.3.6.1.4.1.14519.5.2.1.6279.6001.114218724025049818743426522343,12,2,106.0,108.0,272.0,0.35451505016722407,0.5094339622641509,0.8831168831168831,213,309,300.0
1.3.6.1.4.1.14519.5.2.1.6279.6001.114218724025049818743426522343,13,2,106.0,112.0,273.0,0.35451505016722407,0.5283018867924528,0.8863636363636364,213,309,300.0
1.3.6.1.4.1.14519.5.2.1.6279.6001.114218724025049818743426522343,14,2,106.0,111.0,269.0,0.35451505016722407,0.5235849056603774,0.8733766233766234,213,309,300.0
1.3.6.1.4.1.14519.5.2.1.6279.6001.114249388265341701207347458535,0,0,121.0,86.1025619506836,63.28205108642578,0.4653846153846154,0.37599372030866196,0.22126591288960062,230,287,261.0
1.3.6.1.4.1.14519.5.2.1.6279.6001.114249388265341701207347458535,1,0,121.0,86.0,60.0,0.4653846153846154,0.37554585152838427,0.2097902097902098,230,287,261.0
1.3.6.1.4.1.14519.5.2.1.6279.6001.114249388265341701207347458535,2,0,121.0,83.0,64.0,0.4653846153846154,0.3624454148471616,0.22377622377622378,230,287,261.0
1.3.6.1.4.1.14519.5.2.1.6279.6001.114249388265341701207347458535,3,0,121.0,88.0,66.0,0.4653846153846154,0.38427947598253276,0.23076923076923078,230,287,261.0
1.3.6.1.4.1.14519.5.2.1.6279.6001.114249388265341701207347458535,4,0,121.0,87.0,60.0,0.4653846153846154,0.3799126637554585,0.2097902097902098,230,287,261.0
1.3.6.1.4.1.14519.5.2.1.6279.6001.114249388265341701207347458535,5,1,196.0,164.0,227.5,0.7538461538461538,0.7161572052401747,0.7954545454545454,230,287,261.0
1.3.6.1.4.1.14519.5.2.1.6279.6001.114249388265341701207347458535,6,1,196.0,163.0,225.0,0.7538461538461538,0.7117903930131004,0.7867132867132867,230,287,261.0
1.3.6.1.4.1.14519.5.2.1.6279.6001.114249388265341701207347458535,7,1,196.0,162.0,229.0,0.7538461538461538,0.7074235807860262,0.8006993006993007,230,287,261.0
1.3.6.1.4.1.14519.5.2.1.6279.6001.114249388265341701207347458535,8,1,196.0,166.0,229.0,0.7538461538461538,0.7248908296943232,0.8006993006993007,230,287,261.0
1.3.6.1.4.1.14519.5.2.1.6279.6001.114249388265341701207347458535,9,1,196.0,164.0,225.0,0.7538461538461538,0.7161572052401747,0.7867132867132867,230,287,261.0
1.3.6.1.4.1.14519.5.2.1.6279.6001.114249388265341701207347458535,10,2,226.0,175.09091186523438,98.09091186523438,0.8692307692307693,0.7645891347826829,0.3429752163120083,230,287,261.0
1.3.6.1.4.1.14519.5.2.1.6279.6001.114249388265341701207347458535,11,2,226.0,175.0,96.0,0.8692307692307693,0.7641921397379913,0.3356643356643357,230,287,261.0
1.3.6.1.4.1.14519.5.2.1.6279.6001.114249388265341701207347458535,12,2,226.0,173.0,99.0,0.8692307692307693,0.7554585152838428,0.34615384615384615,230,287,261.0
1.3.6.1.4.1.14519.5.2.1.6279.6001.114249388265341701207347458535,13,2,226.0,177.0,100.0,0.8692307692307693,0.7729257641921398,0.34965034965034963,230,287,261.0
1.3.6.1.4.1.14519.5.2.1.6279.6001.114249388265341701207347458535,14,2,226.0,176.0,96.0,0.8692307692307693,0.7685589519650655,0.3356643356643357,230,287,261.0
1.3.6.1.4.1.14519.5.2.1.6279.6001.114914167428485563471327801935,0,0,252.0,96.80952453613281,109.07142639160156,0.8842105263157894,0.4566487006421359,0.39375966206354357,213,278,286.0
1.3.6.1.4.1.14519.5.2.1.6279.6001.114914167428485563471327801935,1,0,252.0,96.0,106.0,0.8842105263157894,0.4528301886792453,0.38267148014440433,213,278,286.0
1.3.6.1.4.1.14519.5.2.1.6279.6001.114914167428485563471327801935,2,0,252.0,94.0,111.0,0.8842105263157894,0.44339622641509435,0.4007220216606498,213,278,286.0
1.3.6.1.4.1.14519.5.2.1.6279.6001.114914167428485563471327801935,3,0,252.0,99.0,111.0,0.8842105263157894,0.4669811320754717,0.4007220216606498,213,278,286.0
1.3.6.1.4.1.14519.5.2.1.6279.6001.114914167428485563471327801935,4,0,252.0,97.0,106.0,0.8842105263157894,0.45754716981132076,0.38267148014440433,213,278,286.0
1.3.6.1.4.1.14519.5.2.1.6279.6001.114914167428485563471327801935,5,1,238.0,131.0,71.0,0.8350877192982457,0.6179245283018868,0.2563176895306859,213,278,286.0
1.3.6.1.4.1.14519.5.2.1.6279.6001.114914167428485563471327801935,6,1,238.0,130.0,69.0,0.8350877192982457,0.6132075471698113,0.2490974729241877,213,278,286.0
1.3.6.1.4.1.14519.5.2.1.6279.6001.114914167428485563471327801935,7,1,238.0,129.0,72.0,0.8350877192982457,0.6084905660377359,0.259927797833935,213,278,286.0
1.3.6.1.4.1.14519.5.2.1.6279.6001.114914167428485563471327801935,8,1,238.0,133.0,72.0,0.8350877192982457,0.6273584905660378,0.259927797833935,213,278,286.0
1.3.6.1.4.1.14519.5.2.1.6279.6001.114914167428485563471327801935,9,1,238.0,131.0,69.0,0.8350877192982457,0.6179245283018868,0.2490974729241877,213,278,286.0
1.3.6.1.4.1.14519.5.2.1.6279.6001.115386642382564804180764325545,0,0,81.0,165.8346405029297,233.1653594970703,0.27181208053691275,0.714804484926421,0.8012555309177674,233,292,299.0
1.3.6.1.4.1.14519.5.2.1.6279.6001.115386642382564804180764325545,1,0,81.0,165.0,227.0,0.27181208053691275,0.7112068965517241,0.7800687285223368,233,292,299.0
1.3.6.1.4.1.14519.5.2.1.6279.6001.115386642382564804180764325545,2,0,81.0,161.0,236.0,0.27181208053691275,0.6939655172413793,0.8109965635738832,233,292,299.0
1.3.6.1.4.1.14519.5.2.1.6279.6001.115386642382564804180764325545,3,0,81.0,171.0,236.0,0.27181208053691275,0.7370689655172413,0.8109965635738832,233,292,299.0
1.3.6.1.4.1.14519.5.2.1.6279.6001.115386642382564804180764325545,4,0,81.0,166.0,227.0,0.27181208053691275,0.7155172413793104,0.7800687285223368,233,292,299.0
1.3.6.1.4.1.14519.5.2.1.6279.6001.117040183261056772902616195387,0,0,116.0,141.7391357421875,233.5,0.3729903536977492,0.6685808289725825,0.6949404761904762,213,337,312.0
1.3.6.1.4.1.14519.5.2.1.6279.6001.117040183261056772902616195387,1,0,116.0,141.0,229.0,0.3729903536977492,0.6650943396226415,0.6815476190476191,213,337,312.0
1.3.6.1.4.1.14519.5.2.1.6279.6001.117040183261056772902616195387,2,0,116.0,137.0,236.0,0.3729903536977492,0.6462264150943396,0.7023809523809523,213,337,312.0
1.3.6.1.4.1.14519.5.2.1.6279.6001.117040183261056772902616195387,3,0,116.0,146.0,236.0,0.3729903536977492,0.6886792452830188,0.7023809523809523,213,337,312.0
1.3.6.1.4.1.14519.5.2.1.6279.6001.117040183261056772902616195387,4,0,116.0,142.0,229.0,0.3729903536977492,0.6698113207547169,0.6815476190476191,213,337,312.0
1.3.6.1.4.1.14519.5.2.1.6279.6001.117040183261056772902616195387,5,1,72.0,181.5737762451172,266.0,0.2315112540192926,0.8564800766279113,0.7916666666666666,213,337,312.0
1.3.6.1.4.1.14519.5.2.1.6279.6001.117040183261056772902616195387,6,1,72.0,181.0,262.0,0.2315112540192926,0.8537735849056604,0.7797619047619048,213,337,312.0
1.3.6.1.4.1.14519.5.2.1.6279.6001.117040183261056772902616195387,7,1,72.0,178.0,268.0,0.2315112540192926,0.839622641509434,0.7976190476190477,213,337,312.0
1.3.6.1.4.1.14519.5.2.1.6279.6001.117040183261056772902616195387,8,1,72.0,185.0,268.0,0.2315112540192926,0.8726415094339622,0.7976190476190477,213,337,312.0
1.3.6.1.4.1.14519.5.2.1.6279.6001.117040183261056772902616195387,9,1,72.0,182.0,262.0,0.2315112540192926,0.8584905660377359,0.7797619047619048,213,337,312.0
1.3.6.1.4.1.14519.5.2.1.6279.6001.117040183261056772902616195387,10,2,129.0,178.5,61.0,0.41479099678456594,0.8419811320754716,0.18154761904761904,213,337,312.0
1.3.6.1.4.1.14519.5.2.1.6279.6001.117040183261056772902616195387,11,2,129.0,178.0,59.0,0.41479099678456594,0.839622641509434,0.17559523809523808,213,337,312.0
1.3.6.1.4.1.14519.5.2.1.6279.6001.117040183261056772902616195387,12,2,129.0,177.0,62.0,0.41479099678456594,0.8349056603773585,0.18452380952380953,213,337,312.0
1.3.6.1.4.1.14519.5.2.1.6279.6001.117040183261056772902616195387,13,2,129.0,180.0,62.0,0.41479099678456594,0.8490566037735849,0.18452380952380953,213,337,312.0
1.3.6.1.4.1.14519.5.2.1.6279.6001.117040183261056772902616195387,14,2,129.0,179.0,59.0,0.41479099678456594,0.8443396226415094,0.17559523809523808,213,337,312.0
1.3.6.1.4.1.14519.5.2.1.6279.6001.117040183261056772902616195387,15,3,54.0,139.46665954589844,145.13333129882812,0.17363344051446947,0.6578616016315963,0.4319444383893694,213,337,312.0
1.3.6.1.4.1.14519.5.2.1.6279.6001.117040183261056772902616195387,16,3,54.0,139.0,143.0,0.17363344051446947,0.6556603773584906,0.4255952380952381,213,337,312.0
1.3.6.1.4.1.14519.5.2.1.6279.6001.117040183261056772902616195387,17,3,54.0,138.0,146.0,0.17363344051446947,0.6509433962264151,0.43452380952380953,213,337,312.0
1.3.6.1.4.1.14519.5.2.1.6279.6001.117040183261056772902616195387,18,3,54.0,141.0,146.0,0.17363344051446947,0.6650943396226415,0.43452380952380953,213,337,312.0
1.3.6.1.4.1.14519.5.2.1.6279.6001.117040183261056772902616195387,19,3,54.0,140.0,144.0,0.17363344051446947,0.660377358490566,0.42857142857142855,213,337,312.0
1.3.6.1.4.1.14519.5.2.1.6279.6001.117040183261056772902616195387,20,4,59.0,167.5,56.28571319580078,0.18971061093247588,0.7900943396226415,0.1675170035589309,213,337,312.0
1.3.6.1.4.1.14519.5.2.1.6279.6001.117040183261056772902616195387,21,4,59.0,167.0,55.0,0.18971061093247588,0.7877358490566038,0.1636904761904762,213,337,312.0
1.3.6.1.4.1.14519.5.2.1.6279.6001.117040183261056772902616195387,22,4,59.0,166.0,57.0,0.18971061093247588,0.7830188679245284,0.16964285714285715,213,337,312.0
1.3.6.1.4.1.14519.5.2.1.6279.6001.117040183261056772902616195387,23,4,59.0,169.0,57.0,0.18971061093247588,0.7971698113207547,0.16964285714285715,213,337,312.0
1.3.6.1.4.1.14519.5.2.1.6279.6001.117040183261056772902616195387,24,4,59.0,168.0,55.0,0.18971061093247588,0.7924528301886793,0.1636904761904762,213,337,312.0
1.3.6.1.4.1.14519.5.2.1.6279.6001.118140393257625250121502185026,0,0,56.0,190.11904907226562,118.5,0.1830065359477124,0.8761246501026065,0.3454810495626822,218,344,307.0
1.3.6.1.4.1.14519.5.2.1.6279.6001.118140393257625250121502185026,1,0,56.0,190.0,114.0,0.1830065359477124,0.8755760368663594,0.3323615160349854,218,344,307.0
1.3.6.1.4.1.14519.5.2.1.6279.6001.118140393257625250121502185026,2,0,56.0,186.0,120.0,0.1830065359477124,0.8571428571428571,0.3498542274052478,218,344,307.0
1.3.6.1.4.1.14519.5.2.1.6279.6001.118140393257625250121502185026,3,0,56.0,193.0,122.0,0.1830065359477124,0.8894009216589862,0.3556851311953353,218,344,307.0
1.3.6.1.4.1.14519.5.2.1.6279.6001.118140393257625250121502185026,4,0,56.0,191.0,114.0,0.1830065359477124,0.880184331797235,0.3323615160349854,218,344,307.0
1.3.6.1.4.1.14519.5.2.1.6279.6001.118140393257625250121502185026,5,1,87.0,109.93939208984375,17.15151596069336,0.28431372549019607,0.5066331432711694,0.05000441971047627,218,344,307.0
1.3.6.1.4.1.14519.5.2.1.6279.6001.118140393257625250121502185026,6,1,87.0,109.0,13.0,0.28431372549019607,0.5023041474654378,0.037900874635568516,218,344,307.0
1.3.6.1.4.1.14519.5.2.1.6279.6001.118140393257625250121502185026,7,1,87.0,106.0,19.0,0.28431372549019607,0.48847926267281105,0.05539358600583091,218,344,307.0
1.3.6.1.4.1.14519.5.2.1.6279.6001.118140393257625250121502185026,8,1,87.0,114.0,19.0,0.28431372549019607,0.5253456221198156,0.05539358600583091,218,344,307.0
1.3.6.1.4.1.14519.5.2.1.6279.6001.118140393257625250121502185026,9,1,87.0,110.0,13.0,0.28431372549019607,0.5069124423963134,0.037900874635568516,218,344,307.0
1.3.6.1.4.1.14519.5.2.1.6279.6001.118140393257625250121502185026,10,2,137.0,121.5862045288086,39.72413635253906,0.4477124183006536,0.5603050899945097,0.11581380860798561,218,344,307.0
1.3.6.1.4.1.14519.5.2.1.6279.6001.118140393257625250121502185026,11,2,137.0,121.0,37.0,0.4477124183006536,0.5576036866359447,0.10787172011661808,218,344,307.0
1.3.6.1.4.1.14519.5.2.1.6279.6001.118140393257625250121502185026,12,2,137.0,119.0,41.0,0.4477124183006536,0.5483870967741935,0.119533527696793,218,344,307.0
1.3.6.1.4.1.14519.5.2.1.6279.6001.118140393257625250121502185026,13,2,137.0,124.0,41.0,0.4477124183006536,0.5714285714285714,0.119533527696793,218,344,307.0
1.3.6.1.4.1.14519.5.2.1.6279.6001.118140393257625250121502185026,14,2,137.0,122.0,37.0,0.4477124183006536,0.5622119815668203,0.10787172011661808,218,344,307.0
1.3.6.1.4.1.14519.5.2.1.6279.6001.119209873306155771318545953948,0,0,97.0,39.5,111.5,0.33448275862068966,0.1880952380952381,0.37796610169491524,211,296,291.0
1.3.6.1.4.1.14519.5.2.1.6279.6001.119209873306155771318545953948,1,0,97.0,39.0,109.0,0.33448275862068966,0.18571428571428572,0.3694915254237288,211,296,291.0
1.3.6.1.4.1.14519.5.2.1.6279.6001.119209873306155771318545953948,2,0,97.0,37.0,113.0,0.33448275862068966,0.1761904761904762,0.38305084745762713,211,296,291.0
1.3.6.1.4.1.14519.5.2.1.6279.6001.119209873306155771318545953948,3,0,97.0,42.0,113.0,0.33448275862068966,0.2,0.38305084745762713,211,296,291.0
1.3.6.1.4.1.14519.5.2.1.6279.6001.119209873306155771318545953948,4,0,97.0,40.0,109.0,0.33448275862068966,0.19047619047619047,0.3694915254237288,211,296,291.0
1.3.6.1.4.1.14519.5.2.1.6279.6001.119209873306155771318545953948,5,1,144.0,37.54838562011719,71.41935729980469,0.496551724137931,0.17880183628627233,0.24209951627052437,211,296,291.0
1.3.6.1.4.1.14519.5.2.1.6279.6001.119209873306155771318545953948,6,1,144.0,37.0,69.0,0.496551724137931,0.1761904761904762,0.23389830508474577,211,296,291.0
1.3.6.1.4.1.14519.5.2.1.6279.6001.119209873306155771318545953948,7,1,144.0,35.0,73.0,0.496551724137931,0.16666666666666666,0.24745762711864408,211,296,291.0
1.3.6.1.4.1.14519.5.2.1.6279.6001.119209873306155771318545953948,8,1,144.0,40.0,73.0,0.496551724137931,0.19047619047619047,0.24745762711864408,211,296,291.0
1.3.6.1.4.1.14519.5.2.1.6279.6001.119209873306155771318545953948,9,1,144.0,38.0,69.0,0.496551724137931,0.18095238095238095,0.23389830508474577,211,296,291.0
1.3.6.1.4.1.14519.5.2.1.6279.6001.119304665257760307862874140576,0,0,49.0,105.83243560791016,16.36216163635254,0.16554054054054054,0.5137496874170396,0.05993465800861736,207,274,297.0
1.3.6.1.4.1.14519.5.2.1.6279.6001.119304665257760307862874140576,1,0,49.0,105.0,9.0,0.16554054054054054,0.5097087378640777,0.03296703296703297,207,274,297.0
1.3.6.1.4.1.14519.5.2.1.6279.6001.119304665257760307862874140576,2,0,49.0,100.0,20.0,0.16554054054054054,0.4854368932038835,0.07326007326007326,207,274,297.0
1.3.6.1.4.1.14519.5.2.1.6279.6001.119304665257760307862874140576,3,0,49.0,112.0,20.0,0.16554054054054054,0.5436893203883495,0.07326007326007326,207,274,297.0
1.3.6.1.4.1.14519.5.2.1.6279.6001.119304665257760307862874140576,4,0,49.0,106.0,9.0,0.16554054054054054,0.5145631067961165,0.03296703296703297,207,274,297.0
1.3.6.1.4.1.14519.5.2.1.6279.6001.119515474430718803379832249911,0,0,264.0,150.84210205078125,249.15789794921875,0.825,0.6704093424479166,0.80633623931786,226,310,321.0
1.3.6.1.4.1.14519.5.2.1.6279.6001.119515474430718803379832249911,1,0,264.0,150.0,247.0,0.825,0.6666666666666666,0.7993527508090615,226,310,321.0
1.3.6.1.4.1.14519.5.2.1.6279.6001.119515474430718803379832249911,2,0,264.0,149.0,250.0,0.825,0.6622222222222223,0.8090614886731392,226,310,321.0
1.3.6.1.4.1.14519.5.2.1.6279.6001.119515474430718803379832249911,3,0,264.0,152.0,251.0,0.825,0.6755555555555556,0.8122977346278317,226,310,321.0
1.3.6.1.4.1.14519.5.2.1.6279.6001.119515474430718803379832249911,4,0,264.0,151.0,247.0,0.825,0.6711111111111111,0.7993527508090615,226,310,321.0
1.3.6.1.4.1.14519.5.2.1.6279.6001.119806527488108718706404165837,0,0,77.0,38.11111068725586,72.88888549804688,0.24758842443729903,0.1693827141655816,0.22427349384014422,226,326,312.0
1.3.6.1.4.1.14519.5.2.1.6279.6001.119806527488108718706404165837,1,0,77.0,38.0,70.0,0.24758842443729903,0.1688888888888889,0.2153846153846154,226,326,312.0
1.3.6.1.4.1.14519.5.2.1.6279.6001.119806527488108718706404165837,2,0,77.0,36.0,74.0,0.24758842443729903,0.16,0.2276923076923077,226,326,312.0
1.3.6.1.4.1.14519.5.2.1.6279.6001.119806527488108718706404165837,3,0,77.0,40.0,75.0,0.24758842443729903,0.17777777777777778,0.23076923076923078,226,326,312.0
1.3.6.1.4.1.14519.5.2.1.6279.6001.119806527488108718706404165837,4,0,77.0,39.0,71.0,0.24758842443729903,0.17333333333333334,0.21846153846153846,226,326,312.0
1.3.6.1.4.1.14519.5.2.1.6279.6001.121108220866971173712229588402,0,0,212.0,51.0,45.0,0.6708860759493671,0.23943661971830985,0.1618705035971223,214,279,317.0
1.3.6.1.4.1.14519.5.2.1.6279.6001.121108220866971173712229588402,1,0,212.0,50.0,43.0,0.6708860759493671,0.2347417840375587,0.15467625899280577,214,279,317.0
1.3.6.1.4.1.14519.5.2.1.6279.6001.121108220866971173712229588402,2,0,212.0,49.0,46.0,0.6708860759493671,0.2300469483568075,0.16546762589928057,214,279,317.0
1.3.6.1.4.1.14519.5.2.1.6279.6001.121108220866971173712229588402,3,0,212.0,53.0,46.0,0.6708860759493671,0.24882629107981222,0.16546762589928057,214,279,317.0
1.3.6.1.4.1.14519.5.2.1.6279.6001.121108220866971173712229588402,4,0,212.0,51.0,43.0,0.6708860759493671,0.23943661971830985,0.15467625899280577,214,279,317.0
1.3.6.1.4.1.14519.5.2.1.6279.6001.121391737347333465796214915391,0,0,168.0,44.23698043823242,199.0416717529297,0.6021505376344086,0.21267779056842512,0.6200675132490021,209,322,280.0
1.3.6.1.4.1.14519.5.2.1.6279.6001.121391737347333465796214915391,1,0,168.0,44.0,188.0,0.6021505376344086,0.21153846153846154,0.5856697819314641,209,322,280.0
1.3.6.1.4.1.14519.5.2.1.6279.6001.121391737347333465796214915391,2,0,168.0,34.0,203.0,0.6021505376344086,0.16346153846153846,0.632398753894081,209,322,280.0
1.3.6.1.4.1.14519.5.2.1.6279.6001.121391737347333465796214915391,3,0,168.0,53.0,205.0,0.6021505376344086,0.2548076923076923,0.6386292834890965,209,322,280.0
1.3.6.1.4.1.14519.5.2.1.6279.6001.121391737347333465796214915391,4,0,168.0,45.0,188.0,0.6021505376344086,0.21634615384615385,0.5856697819314641,209,322,280.0
1.3.6.1.4.1.14519.5.2.1.6279.6001.121824995088859376862458155637,0,0,207.0,138.14285278320312,45.80952453613281,0.6831683168316832,0.5481859237428696,0.15219111141572364,253,302,304.0
1.3.6.1.4.1.14519.5.2.1.6279.6001.121824995088859376862458155637,1,0,207.0,138.0,44.0,0.6831683168316832,0.5476190476190477,0.1461794019933555,253,302,304.0
1.3.6.1.4.1.14519.5.2.1.6279.6001.121824995088859376862458155637,2,0,207.0,136.0,47.0,0.6831683168316832,0.5396825396825397,0.15614617940199335,253,302,304.0
1.3.6.1.4.1.14519.5.2.1.6279.6001.121824995088859376862458155637,3,0,207.0,140.0,47.0,0.6831683168316832,0.5555555555555556,0.15614617940199335,253,302,304.0
1.3.6.1.4.1.14519.5.2.1.6279.6001.121824995088859376862458155637,4,0,207.0,139.0,44.0,0.6831683168316832,0.5515873015873016,0.1461794019933555,253,302,304.0
1.3.6.1.4.1.14519.5.2.1.6279.6001.121824995088859376862458155637,5,1,226.0,164.5,213.2857208251953,0.7458745874587459,0.6527777777777778,0.7085904346352003,253,302,304.0
1.3.6.1.4.1.14519.5.2.1.6279.6001.121824995088859376862458155637,6,1,226.0,164.0,212.0,0.7458745874587459,0.6507936507936508,0.7043189368770764,253,302,304.0
1.3.6.1.4.1.14519.5.2.1.6279.6001.121824995088859376862458155637,7,1,226.0,163.0,214.0,0.7458745874587459,0.6468253968253969,0.7109634551495017,253,302,304.0
1.3.6.1.4.1.14519.5.2.1.6279.6001.121824995088859376862458155637,8,1,226.0,166.0,214.0,0.7458745874587459,0.6587301587301587,0.7109634551495017,253,302,304.0
1.3.6.1.4.1.14519.5.2.1.6279.6001.121824995088859376862458155637,9,1,226.0,165.0,212.0,0.7458745874587459,0.6547619047619048,0.7043189368770764,253,302,304.0
1.3.6.1.4.1.14519.5.2.1.6279.6001.121993590721161347818774929286,0,0,94.0,134.0,59.5,0.29283489096573206,0.708994708994709,0.20877192982456141,190,286,322.0
1.3.6.1.4.1.14519.5.2.1.6279.6001.121993590721161347818774929286,1,0,94.0,133.0,53.0,0.29283489096573206,0.7037037037037037,0.18596491228070175,190,286,322.0
1.3.6.1.4.1.14519.5.2.1.6279.6001.121993590721161347818774929286,2,0,94.0,128.0,63.0,0.29283489096573206,0.6772486772486772,0.22105263157894736,190,286,322.0
1.3.6.1.4.1.14519.5.2.1.6279.6001.121993590721161347818774929286,3,0,94.0,140.0,63.0,0.29283489096573206,0.7407407407407407,0.22105263157894736,190,286,322.0
1.3.6.1.4.1.14519.5.2.1.6279.6001.121993590721161347818774929286,4,0,94.0,134.0,53.0,0.29283489096573206,0.708994708994709,0.18596491228070175,190,286,322.0
1.3.6.1.4.1.14519.5.2.1.6279.6001.121993590721161347818774929286,5,1,119.0,133.17105102539062,99.17105102539062,0.3707165109034268,0.7046087355840773,0.3479686000890899,190,286,322.0
1.3.6.1.4.1.14519.5.2.1.6279.6001.121993590721161347818774929286,6,1,119.0,133.0,93.0,0.3707165109034268,0.7037037037037037,0.3263157894736842,190,286,322.0
1.3.6.1.4.1.14519.5.2.1.6279.6001.121993590721161347818774929286,7,1,119.0,127.0,102.0,0.3707165109034268,0.671957671957672,0.35789473684210527,190,286,322.0
1.3.6.1.4.1.14519.5.2.1.6279.6001.121993590721161347818774929286,8,1,119.0,138.0,103.0,0.3707165109034268,0.7301587301587301,0.36140350877192984,190,286,322.0
1.3.6.1.4.1.14519.5.2.1.6279.6001.121993590721161347818774929286,9,1,119.0,134.0,93.0,0.3707165109034268,0.708994708994709,0.3263157894736842,190,286,322.0
1.3.6.1.4.1.14519.5.2.1.6279.6001.122621219961396951727742490470,0,0,83.0,95.21154022216797,98.30769348144531,0.27946127946127947,0.39837464528103755,0.29700209511010667,240,332,298.0
1.3.6.1.4.1.14519.5.2.1.6279.6001.122621219961396951727742490470,1,0,83.0,95.0,92.0,0.27946127946127947,0.39748953974895396,0.27794561933534745,240,332,298.0
1.3.6.1.4.1.14519.5.2.1.6279.6001.122621219961396951727742490470,2,0,83.0,89.0,101.0,0.27946127946127947,0.3723849372384937,0.30513595166163143,240,332,298.0
1.3.6.1.4.1.14519.5.2.1.6279.6001.122621219961396951727742490470,3,0,83.0,100.0,103.0,0.27946127946127947,0.41841004184100417,0.311178247734139,240,332,298.0
1.3.6.1.4.1.14519.5.2.1.6279.6001.122621219961396951727742490470,4,0,83.0,96.0,92.0,0.27946127946127947,0.401673640167364,0.27794561933534745,240,332,298.0
1.3.6.1.4.1.14519.5.2.1.6279.6001.122914038048856168343065566972,0,0,95.0,77.1463394165039,27.85365867614746,0.3064516129032258,0.34287261962890625,0.08814448948147931,226,317,311.0
1.3.6.1.4.1.14519.5.2.1.6279.6001.122914038048856168343065566972,1,0,95.0,77.0,25.0,0.3064516129032258,0.3422222222222222,0.07911392405063292,226,317,311.0
1.3.6.1.4.1.14519.5.2.1.6279.6001.122914038048856168343065566972,2,0,95.0,74.0,29.0,0.3064516129032258,0.3288888888888889,0.09177215189873418,226,317,311.0
1.3.6.1.4.1.14519.5.2.1.6279.6001.122914038048856168343065566972,3,0,95.0,80.0,30.0,0.3064516129032258,0.35555555555555557,0.0949367088607595,226,317,311.0
1.3.6.1.4.1.14519.5.2.1.6279.6001.122914038048856168343065566972,4,0,95.0,78.0,25.0,0.3064516129032258,0.3466666666666667,0.07911392405063292,226,317,311.0
1.3.6.1.4.1.14519.5.2.1.6279.6001.122914038048856168343065566972,5,1,75.0,170.87179565429688,30.871795654296875,0.24193548387096775,0.7594302029079861,0.09769555586802808,226,317,311.0
1.3.6.1.4.1.14519.5.2.1.6279.6001.122914038048856168343065566972,6,1,75.0,170.0,28.0,0.24193548387096775,0.7555555555555555,0.08860759493670886,226,317,311.0
1.3.6.1.4.1.14519.5.2.1.6279.6001.122914038048856168343065566972,7,1,75.0,168.0,32.0,0.24193548387096775,0.7466666666666667,0.10126582278481013,226,317,311.0
1.3.6.1.4.1.14519.5.2.1.6279.6001.122914038048856168343065566972,8,1,75.0,173.0,33.0,0.24193548387096775,0.7688888888888888,0.10443037974683544,226,317,311.0
1.3.6.1.4.1.14519.5.2.1.6279.6001.122914038048856168343065566972,9,1,75.0,171.0,28.0,0.24193548387096775,0.76,0.08860759493670886,226,317,311.0
1.3.6.1.4.1.14519.5.2.1.6279.6001.122914038048856168343065566972,10,2,111.0,185.88888549804688,247.88888549804688,0.3580645161290323,0.8261728244357639,0.7844584984115407,226,317,311.0
1.3.6.1.4.1.14519.5.2.1.6279.6001.122914038048856168343065566972,11,2,111.0,185.0,246.0,0.3580645161290323,0.8222222222222222,0.7784810126582279,226,317,311.0
1.3.6.1.4.1.14519.5.2.1.6279.6001.122914038048856168343065566972,12,2,111.0,184.0,250.0,0.3580645161290323,0.8177777777777778,0.7911392405063291,226,317,311.0
1.3.6.1.4.1.14519.5.2.1.6279.6001.122914038048856168343065566972,13,2,111.0,188.0,249.0,0.3580645161290323,0.8355555555555556,0.7879746835443038,226,317,311.0
1.3.6.1.4.1.14519.5.2.1.6279.6001.122914038048856168343065566972,14,2,111.0,186.0,245.0,0.3580645161290323,0.8266666666666667,0.7753164556962026,226,317,311.0
1.3.6.1.4.1.14519.5.2.1.6279.6001.122914038048856168343065566972,15,3,92.0,158.88888549804688,287.5185241699219,0.2967741935483871,0.7061728244357639,0.9098687473731705,226,317,311.0
1.3.6.1.4.1.14519.5.2.1.6279.6001.122914038048856168343065566972,16,3,92.0,158.0,285.0,0.2967741935483871,0.7022222222222222,0.9018987341772152,226,317,311.0
1.3.6.1.4.1.14519.5.2.1.6279.6001.122914038048856168343065566972,17,3,92.0,157.0,289.0,0.2967741935483871,0.6977777777777778,0.9145569620253164,226,317,311.0
1.3.6.1.4.1.14519.5.2.1.6279.6001.122914038048856168343065566972,18,3,92.0,161.0,289.0,0.2967741935483871,0.7155555555555555,0.9145569620253164,226,317,311.0
1.3.6.1.4.1.14519.5.2.1.6279.6001.122914038048856168343065566972,19,3,92.0,159.0,285.0,0.2967741935483871,0.7066666666666667,0.9018987341772152,226,317,311.0
1.3.6.1.4.1.14519.5.2.1.6279.6001.122914038048856168343065566972,20,4,85.0,165.25,30.25,0.27419354838709675,0.7344444444444445,0.09572784810126582,226,317,311.0
1.3.6.1.4.1.14519.5.2.1.6279.6001.122914038048856168343065566972,21,4,85.0,165.0,28.0,0.27419354838709675,0.7333333333333333,0.08860759493670886,226,317,311.0
1.3.6.1.4.1.14519.5.2.1.6279.6001.122914038048856168343065566972,22,4,85.0,163.0,31.0,0.27419354838709675,0.7244444444444444,0.0981012658227848,226,317,311.0
1.3.6.1.4.1.14519.5.2.1.6279.6001.122914038048856168343065566972,23,4,85.0,167.0,32.0,0.27419354838709675,0.7422222222222222,0.10126582278481013,226,317,311.0
1.3.6.1.4.1.14519.5.2.1.6279.6001.122914038048856168343065566972,24,4,85.0,166.0,28.0,0.27419354838709675,0.7377777777777778,0.08860759493670886,226,317,311.0
1.3.6.1.4.1.14519.5.2.1.6279.6001.122914038048856168343065566972,25,5,83.0,88.4117660522461,78.11764526367188,0.267741935483871,0.3929411824544271,0.24720773817617683,226,317,311.0
1.3.6.1.4.1.14519.5.2.1.6279.6001.122914038048856168343065566972,26,5,83.0,88.0,76.0,0.267741935483871,0.39111111111111113,0.24050632911392406,226,317,311.0
1.3.6.1.4.1.14519.5.2.1.6279.6001.122914038048856168343065566972,27,5,83.0,87.0,79.0,0.267741935483871,0.38666666666666666,0.25,226,317,311.0
1.3.6.1.4.1.14519.5.2.1.6279.6001.122914038048856168343065566972,28,5,83.0,89.0,80.0,0.267741935483871,0.39555555555555555,0.25316455696202533,226,317,311.0
1.3.6.1.4.1.14519.5.2.1.6279.6001.122914038048856168343065566972,29,5,83.0,89.0,76.0,0.267741935483871,0.39555555555555555,0.24050632911392406,226,317,311.0
1.3.6.1.4.1.14519.5.2.1.6279.6001.123654356399290048011621921476,0,0,167.0,146.5,227.22222900390625,0.5738831615120275,0.6341991341991342,0.7145353113330385,232,319,292.0
1.3.6.1.4.1.14519.5.2.1.6279.6001.123654356399290048011621921476,1,0,167.0,146.0,225.0,0.5738831615120275,0.6320346320346321,0.7075471698113207,232,319,292.0
1.3.6.1.4.1.14519.5.2.1.6279.6001.123654356399290048011621921476,2,0,167.0,145.0,228.0,0.5738831615120275,0.6277056277056277,0.7169811320754716,232,319,292.0
1.3.6.1.4.1.14519.5.2.1.6279.6001.123654356399290048011621921476,3,0,167.0,148.0,229.0,0.5738831615120275,0.6406926406926406,0.720125786163522,232,319,292.0
1.3.6.1.4.1.14519.5.2.1.6279.6001.123654356399290048011621921476,4,0,167.0,147.0,225.0,0.5738831615120275,0.6363636363636364,0.7075471698113207,232,319,292.0
1.3.6.1.4.1.14519.5.2.1.6279.6001.123654356399290048011621921476,5,1,104.0,45.27777862548828,49.11111068725586,0.35738831615120276,0.19600769967743845,0.15443745499137063,232,319,292.0
1.3.6.1.4.1.14519.5.2.1.6279.6001.123654356399290048011621921476,6,1,104.0,45.0,47.0,0.35738831615120276,0.19480519480519481,0.14779874213836477,232,319,292.0
1.3.6.1.4.1.14519.5.2.1.6279.6001.123654356399290048011621921476,7,1,104.0,44.0,50.0,0.35738831615120276,0.19047619047619047,0.15723270440251572,232,319,292.0
1.3.6.1.4.1.14519.5.2.1.6279.6001.123654356399290048011621921476,8,1,104.0,46.0,51.0,0.35738831615120276,0.19913419913419914,0.16037735849056603,232,319,292.0
1.3.6.1.4.1.14519.5.2.1.6279.6001.123654356399290048011621921476,9,1,104.0,46.0,47.0,0.35738831615120276,0.19913419913419914,0.14779874213836477,232,319,292.0
1.3.6.1.4.1.14519.5.2.1.6279.6001.123697637451437522065941162930,0,0,199.0,91.04570007324219,232.6317138671875,0.6958041958041958,0.48172328081080523,0.8368047261409622,190,279,287.0
1.3.6.1.4.1.14519.5.2.1.6279.6001.123697637451437522065941162930,1,0,199.0,91.0,222.0,0.6958041958041958,0.48148148148148145,0.7985611510791367,190,279,287.0
1.3.6.1.4.1.14519.5.2.1.6279.6001.123697637451437522065941162930,2,0,199.0,82.0,237.0,0.6958041958041958,0.43386243386243384,0.8525179856115108,190,279,287.0
1.3.6.1.4.1.14519.5.2.1.6279.6001.123697637451437522065941162930,3,0,199.0,99.0,239.0,0.6958041958041958,0.5238095238095238,0.8597122302158273,190,279,287.0
1.3.6.1.4.1.14519.5.2.1.6279.6001.123697637451437522065941162930,4,0,199.0,92.0,222.0,0.6958041958041958,0.48677248677248675,0.7985611510791367,190,279,287.0
1.3.6.1.4.1.14519.5.2.1.6279.6001.124154461048929153767743874565,0,0,41.0,112.5,297.5,0.13898305084745763,0.4891304347826087,0.9414556962025317,231,317,296.0
1.3.6.1.4.1.14519.5.2.1.6279.6001.124154461048929153767743874565,1,0,41.0,112.0,295.0,0.13898305084745763,0.48695652173913045,0.9335443037974683,231,317,296.0
1.3.6.1.4.1.14519.5.2.1.6279.6001.124154461048929153767743874565,2,0,41.0,110.0,299.0,0.13898305084745763,0.4782608695652174,0.9462025316455697,231,317,296.0
1.3.6.1.4.1.14519.5.2.1.6279.6001.124154461048929153767743874565,3,0,41.0,115.0,299.0,0.13898305084745763,0.5,0.9462025316455697,231,317,296.0
1.3.6.1.4.1.14519.5.2.1.6279.6001.124154461048929153767743874565,4,0,41.0,113.0,295.0,0.13898305084745763,0.49130434782608695,0.9335443037974683,231,317,296.0
1.3.6.1.4.1.14519.5.2.1.6279.6001.124663713663969377020085460568,0,0,216.0,148.0,260.0,0.8503937007874016,0.6016260162601627,0.7103825136612022,247,367,255.0
1.3.6.1.4.1.14519.5.2.1.6279.6001.124663713663969377020085460568,1,0,216.0,147.0,253.0,0.8503937007874016,0.5975609756097561,0.6912568306010929,247,367,255.0
1.3.6.1.4.1.14519.5.2.1.6279.6001.124663713663969377020085460568,2,0,216.0,142.0,264.0,0.8503937007874016,0.5772357723577236,0.7213114754098361,247,367,255.0
1.3.6.1.4.1.14519.5.2.1.6279.6001.124663713663969377020085460568,3,0,216.0,154.0,263.0,0.8503937007874016,0.6260162601626016,0.7185792349726776,247,367,255.0
1.3.6.1.4.1.14519.5.2.1.6279.6001.124663713663969377020085460568,4,0,216.0,148.0,253.0,0.8503937007874016,0.6016260162601627,0.6912568306010929,247,367,255.0
1.3.6.1.4.1.14519.5.2.1.6279.6001.124663713663969377020085460568,5,1,155.0,182.7014923095703,94.20895385742188,0.610236220472441,0.7426889931283346,0.25740151327164446,247,367,255.0
1.3.6.1.4.1.14519.5.2.1.6279.6001.124663713663969377020085460568,6,1,155.0,182.0,90.0,0.610236220472441,0.7398373983739838,0.2459016393442623,247,367,255.0
1.3.6.1.4.1.14519.5.2.1.6279.6001.124663713663969377020085460568,7,1,155.0,179.0,96.0,0.610236220472441,0.7276422764227642,0.26229508196721313,247,367,255.0
1.3.6.1.4.1.14519.5.2.1.6279.6001.124663713663969377020085460568,8,1,155.0,186.0,97.0,0.610236220472441,0.7560975609756098,0.2650273224043716,247,367,255.0
1.3.6.1.4.1.14519.5.2.1.6279.6001.124663713663969377020085460568,9,1,155.0,183.0,90.0,0.610236220472441,0.7439024390243902,0.2459016393442623,247,367,255.0
1.3.6.1.4.1.14519.5.2.1.6279.6001.124663713663969377020085460568,10,2,216.0,182.5757598876953,120.42424011230469,0.8503937007874016,0.7421778857223387,0.3290279784489199,247,367,255.0
1.3.6.1.4.1.14519.5.2.1.6279.6001.124663713663969377020085460568,11,2,216.0,182.0,118.0,0.8503937007874016,0.7398373983739838,0.3224043715846995,247,367,255.0
1.3.6.1.4.1.14519.5.2.1.6279.6001.124663713663969377020085460568,12,2,216.0,180.0,122.0,0.8503937007874016,0.7317073170731707,0.3333333333333333,247,367,255.0
1.3.6.1.4.1.14519.5.2.1.6279.6001.124663713663969377020085460568,13,2,216.0,185.0,122.0,0.8503937007874016,0.7520325203252033,0.3333333333333333,247,367,255.0
1.3.6.1.4.1.14519.5.2.1.6279.6001.124663713663969377020085460568,14,2,216.0,183.0,118.0,0.8503937007874016,0.7439024390243902,0.3224043715846995,247,367,255.0
1.3.6.1.4.1.14519.5.2.1.6279.6001.124822907934319930841506266464,0,0,127.0,242.60000610351562,112.04000091552734,0.3944099378881988,0.9259542217691437,0.34473846435546873,263,326,323.0
1.3.6.1.4.1.14519.5.2.1.6279.6001.124822907934319930841506266464,1,0,127.0,242.0,110.0,0.3944099378881988,0.9236641221374046,0.3384615384615385,263,326,323.0
1.3.6.1.4.1.14519.5.2.1.6279.6001.124822907934319930841506266464,2,0,127.0,240.0,113.0,0.3944099378881988,0.916030534351145,0.3476923076923077,263,326,323.0
1.3.6.1.4.1.14519.5.2.1.6279.6001.124822907934319930841506266464,3,0,127.0,244.0,114.0,0.3944099378881988,0.9312977099236641,0.3507692307692308,263,326,323.0
1.3.6.1.4.1.14519.5.2.1.6279.6001.124822907934319930841506266464,4,0,127.0,243.0,110.0,0.3944099378881988,0.9274809160305344,0.3384615384615385,263,326,323.0
1.3.6.1.4.1.14519.5.2.1.6279.6001.124822907934319930841506266464,5,1,161.0,241.90908813476562,106.09091186523438,0.5,0.923317130285365,0.3264335749699519,263,326,323.0
1.3.6.1.4.1.14519.5.2.1.6279.6001.124822907934319930841506266464,6,1,161.0,241.0,104.0,0.5,0.9198473282442748,0.32,263,326,323.0
1.3.6.1.4.1.14519.5.2.1.6279.6001.124822907934319930841506266464,7,1,161.0,240.0,108.0,0.5,0.916030534351145,0.3323076923076923,263,326,323.0
1.3.6.1.4.1.14519.5.2.1.6279.6001.124822907934319930841506266464,8,1,161.0,244.0,107.0,0.5,0.9312977099236641,0.3292307692307692,263,326,323.0
1.3.6.1.4.1.14519.5.2.1.6279.6001.124822907934319930841506266464,9,1,161.0,242.0,104.0,0.5,0.9236641221374046,0.32,263,326,323.0
1.3.6.1.4.1.14519.5.2.1.6279.6001.124822907934319930841506266464,10,2,242.0,78.5,247.5,0.7515527950310559,0.29961832061068705,0.7615384615384615,263,326,323.0
1.3.6.1.4.1.14519.5.2.1.6279.6001.124822907934319930841506266464,11,2,242.0,78.0,246.0,0.7515527950310559,0.29770992366412213,0.7569230769230769,263,326,323.0
1.3.6.1.4.1.14519.5.2.1.6279.6001.124822907934319930841506266464,12,2,242.0,77.0,248.0,0.7515527950310559,0.29389312977099236,0.7630769230769231,263,326,323.0
1.3.6.1.4.1.14519.5.2.1.6279.6001.124822907934319930841506266464,13,2,242.0,80.0,249.0,0.7515527950310559,0.3053435114503817,0.7661538461538462,263,326,323.0
1.3.6.1.4.1.14519.5.2.1.6279.6001.124822907934319930841506266464,14,2,242.0,79.0,246.0,0.7515527950310559,0.3015267175572519,0.7569230769230769,263,326,323.0
1.3.6.1.4.1.14519.5.2.1.6279.6001.124822907934319930841506266464,15,3,129.0,238.38461303710938,242.61538696289062,0.40062111801242234,0.9098649352561426,0.7465088829627404,263,326,323.0
1.3.6.1.4.1.14519.5.2.1.6279.6001.124822907934319930841506266464,16,3,129.0,238.0,241.0,0.40062111801242234,0.9083969465648855,0.7415384615384616,263,326,323.0
1.3.6.1.4.1.14519.5.2.1.6279.6001.124822907934319930841506266464,17,3,129.0,237.0,243.0,0.40062111801242234,0.9045801526717557,0.7476923076923077,263,326,323.0
1.3.6.1.4.1.14519.5.2.1.6279.6001.124822907934319930841506266464,18,3,129.0,239.0,244.0,0.40062111801242234,0.9122137404580153,0.7507692307692307,263,326,323.0
1.3.6.1.4.1.14519.5.2.1.6279.6001.124822907934319930841506266464,19,3,129.0,239.0,241.0,0.40062111801242234,0.9122137404580153,0.7415384615384616,263,326,323.0
1.3.6.1.4.1.14519.5.2.1.6279.6001.124822907934319930841506266464,20,4,297.0,173.0,199.0,0.922360248447205,0.6603053435114504,0.6123076923076923,263,326,323.0
1.3.6.1.4.1.14519.5.2.1.6279.6001.124822907934319930841506266464,21,4,297.0,172.0,198.0,0.922360248447205,0.6564885496183206,0.6092307692307692,263,326,323.0
1.3.6.1.4.1.14519.5.2.1.6279.6001.124822907934319930841506266464,22,4,297.0,172.0,200.0,0.922360248447205,0.6564885496183206,0.6153846153846154,263,326,323.0
1.3.6.1.4.1.14519.5.2.1.6279.6001.124822907934319930841506266464,23,4,297.0,174.0,200.0,0.922360248447205,0.6641221374045801,0.6153846153846154,263,326,323.0
1.3.6.1.4.1.14519.5.2.1.6279.6001.124822907934319930841506266464,24,4,297.0,173.0,198.0,0.922360248447205,0.6603053435114504,0.6092307692307692,263,326,323.0
1.3.6.1.4.1.14519.5.2.1.6279.6001.125124219978170516876304987559,0,0,244.0,157.62637329101562,100.43955993652344,0.8683274021352313,0.6255014813135541,0.2945441640367256,253,342,282.0
1.3.6.1.4.1.14519.5.2.1.6279.6001.125124219978170516876304987559,1,0,244.0,157.0,96.0,0.8683274021352313,0.623015873015873,0.28152492668621704,253,342,282.0
1.3.6.1.4.1.14519.5.2.1.6279.6001.125124219978170516876304987559,2,0,244.0,153.0,103.0,0.8683274021352313,0.6071428571428571,0.3020527859237537,253,342,282.0
1.3.6.1.4.1.14519.5.2.1.6279.6001.125124219978170516876304987559,3,0,244.0,162.0,103.0,0.8683274021352313,0.6428571428571429,0.3020527859237537,253,342,282.0
1.3.6.1.4.1.14519.5.2.1.6279.6001.125124219978170516876304987559,4,0,244.0,158.0,95.0,0.8683274021352313,0.626984126984127,0.2785923753665689,253,342,282.0
1.3.6.1.4.1.14519.5.2.1.6279.6001.125124219978170516876304987559,5,1,122.0,196.5,295.0,0.43416370106761565,0.7797619047619048,0.8651026392961877,253,342,282.0
1.3.6.1.4.1.14519.5.2.1.6279.6001.125124219978170516876304987559,6,1,122.0,196.0,293.0,0.43416370106761565,0.7777777777777778,0.8592375366568915,253,342,282.0
1.3.6.1.4.1.14519.5.2.1.6279.6001.125124219978170516876304987559,7,1,122.0,195.0,296.0,0.43416370106761565,0.7738095238095238,0.8680351906158358,253,342,282.0
1.3.6.1.4.1.14519.5.2.1.6279.6001.125124219978170516876304987559,8,1,122.0,198.0,296.0,0.43416370106761565,0.7857142857142857,0.8680351906158358,253,342,282.0
1.3.6.1.4.1.14519.5.2.1.6279.6001.125124219978170516876304987559,9,1,122.0,197.0,293.0,0.43416370106761565,0.7817460317460317,0.8592375366568915,253,342,282.0
1.3.6.1.4.1.14519.5.2.1.6279.6001.125124219978170516876304987559,10,2,160.0,154.0,282.5,0.5693950177935944,0.6111111111111112,0.8284457478005866,253,342,282.0
1.3.6.1.4.1.14519.5.2.1.6279.6001.125124219978170516876304987559,11,2,160.0,153.0,281.0,0.5693950177935944,0.6071428571428571,0.8240469208211144,253,342,282.0
1.3.6.1.4.1.14519.5.2.1.6279.6001.125124219978170516876304987559,12,2,160.0,153.0,284.0,0.5693950177935944,0.6071428571428571,0.8328445747800587,253,342,282.0
1.3.6.1.4.1.14519.5.2.1.6279.6001.125124219978170516876304987559,13,2,160.0,155.0,283.0,0.5693950177935944,0.6150793650793651,0.8299120234604106,253,342,282.0
1.3.6.1.4.1.14519.5.2.1.6279.6001.125124219978170516876304987559,14,2,160.0,154.0,281.0,0.5693950177935944,0.6111111111111112,0.8240469208211144,253,342,282.0
1.3.6.1.4.1.14519.5.2.1.6279.6001.126264578931778258890371755354,0,0,252.0,117.57575988769531,222.4242401123047,0.7899686520376176,0.5202467251667934,0.71749754874937,227,311,320.0
1.3.6.1.4.1.14519.5.2.1.6279.6001.126264578931778258890371755354,1,0,252.0,117.0,220.0,0.7899686520376176,0.5176991150442478,0.7096774193548387,227,311,320.0
1.3.6.1.4.1.14519.5.2.1.6279.6001.126264578931778258890371755354,2,0,252.0,115.0,224.0,0.7899686520376176,0.5088495575221239,0.7225806451612903,227,311,320.0
1.3.6.1.4.1.14519.5.2.1.6279.6001.126264578931778258890371755354,3,0,252.0,120.0,224.0,0.7899686520376176,0.5309734513274337,0.7225806451612903,227,311,320.0
1.3.6.1.4.1.14519.5.2.1.6279.6001.126264578931778258890371755354,4,0,252.0,118.0,220.0,0.7899686520376176,0.5221238938053098,0.7096774193548387,227,311,320.0
1.3.6.1.4.1.14519.5.2.1.6279.6001.126631670596873065041988320084,0,0,269.0,142.0892791748047,81.42857360839844,0.8354037267080745,0.6315079074435764,0.2696310384384054,226,303,323.0
1.3.6.1.4.1.14519.5.2.1.6279.6001.126631670596873065041988320084,1,0,269.0,142.0,73.0,0.8354037267080745,0.6311111111111111,0.24172185430463577,226,303,323.0
1.3.6.1.4.1.14519.5.2.1.6279.6001.126631670596873065041988320084,2,0,269.0,135.0,85.0,0.8354037267080745,0.6,0.2814569536423841,226,303,323.0
1.3.6.1.4.1.14519.5.2.1.6279.6001.126631670596873065041988320084,3,0,269.0,149.0,86.0,0.8354037267080745,0.6622222222222223,0.2847682119205298,226,303,323.0
1.3.6.1.4.1.14519.5.2.1.6279.6001.126631670596873065041988320084,4,0,269.0,143.0,74.0,0.8354037267080745,0.6355555555555555,0.24503311258278146,226,303,323.0
1.3.6.1.4.1.14519.5.2.1.6279.6001.126631670596873065041988320084,5,1,88.0,85.31914520263672,222.425537109375,0.2732919254658385,0.3791962009006076,0.7365084010244205,226,303,323.0
1.3.6.1.4.1.14519.5.2.1.6279.6001.126631670596873065041988320084,6,1,88.0,85.0,219.0,0.2732919254658385,0.37777777777777777,0.7251655629139073,226,303,323.0
1.3.6.1.4.1.14519.5.2.1.6279.6001.126631670596873065041988320084,7,1,88.0,82.0,224.0,0.2732919254658385,0.36444444444444446,0.7417218543046358,226,303,323.0
1.3.6.1.4.1.14519.5.2.1.6279.6001.126631670596873065041988320084,8,1,88.0,88.0,225.0,0.2732919254658385,0.39111111111111113,0.7450331125827815,226,303,323.0
1.3.6.1.4.1.14519.5.2.1.6279.6001.126631670596873065041988320084,9,1,88.0,86.0,219.0,0.2732919254658385,0.38222222222222224,0.7251655629139073,226,303,323.0
1.3.6.1.4.1.14519.5.2.1.6279.6001.126704785377921920210612476953,0,0,105.0,98.84210205078125,241.15789794921875,0.375,0.49669398015467964,0.87376049981601,200,277,281.0
1.3.6.1.4.1.14519.5.2.1.6279.6001.126704785377921920210612476953,1,0,105.0,98.0,239.0,0.375,0.49246231155778897,0.8659420289855072,200,277,281.0
1.3.6.1.4.1.14519.5.2.1.6279.6001.126704785377921920210612476953,2,0,105.0,97.0,242.0,0.375,0.48743718592964824,0.8768115942028986,200,277,281.0
1.3.6.1.4.1.14519.5.2.1.6279.6001.126704785377921920210612476953,3,0,105.0,100.0,243.0,0.375,0.5025125628140703,0.8804347826086957,200,277,281.0
1.3.6.1.4.1.14519.5.2.1.6279.6001.126704785377921920210612476953,4,0,105.0,99.0,239.0,0.375,0.49748743718592964,0.8659420289855072,200,277,281.0
1.3.6.1.4.1.14519.5.2.1.6279.6001.127965161564033605177803085629,0,0,131.0,102.5,36.0,0.5574468085106383,0.5125,0.14342629482071714,201,252,236.0
1.3.6.1.4.1.14519.5.2.1.6279.6001.127965161564033605177803085629,1,0,131.0,102.0,32.0,0.5574468085106383,0.51,0.12749003984063745,201,252,236.0
1.3.6.1.4.1.14519.5.2.1.6279.6001.127965161564033605177803085629,2,0,131.0,99.0,38.0,0.5574468085106383,0.495,0.15139442231075698,201,252,236.0
1.3.6.1.4.1.14519.5.2.1.6279.6001.127965161564033605177803085629,3,0,131.0,106.0,38.0,0.5574468085106383,0.53,0.15139442231075698,201,252,236.0
1.3.6.1.4.1.14519.5.2.1.6279.6001.127965161564033605177803085629,4,0,131.0,103.0,32.0,0.5574468085106383,0.515,0.12749003984063745,201,252,236.0
1.3.6.1.4.1.14519.5.2.1.6279.6001.128023902651233986592378348912,0,0,205.0,182.44705200195312,185.3647003173828,0.7321428571428571,0.8218335675763654,0.6716112330339957,223,277,281.0
1.3.6.1.4.1.14519.5.2.1.6279.6001.128023902651233986592378348912,1,0,205.0,182.0,181.0,0.7321428571428571,0.8198198198198198,0.6557971014492754,223,277,281.0
1.3.6.1.4.1.14519.5.2.1.6279.6001.128023902651233986592378348912,2,0,205.0,178.0,188.0,0.7321428571428571,0.8018018018018018,0.6811594202898551,223,277,281.0
1.3.6.1.4.1.14519.5.2.1.6279.6001.128023902651233986592378348912,3,0,205.0,186.0,188.0,0.7321428571428571,0.8378378378378378,0.6811594202898551,223,277,281.0
1.3.6.1.4.1.14519.5.2.1.6279.6001.128023902651233986592378348912,4,0,205.0,183.0,181.0,0.7321428571428571,0.8243243243243243,0.6557971014492754,223,277,281.0
1.3.6.1.4.1.14519.5.2.1.6279.6001.128059192202504367870633619224,0,0,189.0,67.5897445678711,218.0,0.6678445229681979,0.3520299196243286,0.7517241379310344,193,291,284.0
1.3.6.1.4.1.14519.5.2.1.6279.6001.128059192202504367870633619224,1,0,189.0,67.0,215.0,0.6678445229681979,0.3489583333333333,0.7413793103448276,193,291,284.0
1.3.6.1.4.1.14519.5.2.1.6279.6001.128059192202504367870633619224,2,0,189.0,65.0,219.0,0.6678445229681979,0.3385416666666667,0.7551724137931034,193,291,284.0
1.3.6.1.4.1.14519.5.2.1.6279.6001.128059192202504367870633619224,3,0,189.0,70.0,220.0,0.6678445229681979,0.3645833333333333,0.7586206896551724,193,291,284.0
1.3.6.1.4.1.14519.5.2.1.6279.6001.128059192202504367870633619224,4,0,189.0,68.0,215.0,0.6678445229681979,0.3541666666666667,0.7413793103448276,193,291,284.0
1.3.6.1.4.1.14519.5.2.1.6279.6001.128059192202504367870633619224,5,1,52.0,108.25926208496094,235.59259033203125,0.18374558303886926,0.5638503233591715,0.8123882425242457,193,291,284.0
1.3.6.1.4.1.14519.5.2.1.6279.6001.128059192202504367870633619224,6,1,52.0,108.0,233.0,0.18374558303886926,0.5625,0.803448275862069,193,291,284.0
1.3.6.1.4.1.14519.5.2.1.6279.6001.128059192202504367870633619224,7,1,52.0,106.0,236.0,0.18374558303886926,0.5520833333333334,0.8137931034482758,193,291,284.0
1.3.6.1.4.1.14519.5.2.1.6279.6001.128059192202504367870633619224,8,1,52.0,109.0,238.0,0.18374558303886926,0.5677083333333334,0.8206896551724138,193,291,284.0
1.3.6.1.4.1.14519.5.2.1.6279.6001.128059192202504367870633619224,9,1,52.0,109.0,233.0,0.18374558303886926,0.5677083333333334,0.803448275862069,193,291,284.0
1.3.6.1.4.1.14519.5.2.1.6279.6001.128881800399702510818644205032,0,0,176.0,154.40151977539062,58.09848403930664,0.6263345195729537,0.7918026655148237,0.20033960013554014,196,291,282.0
1.3.6.1.4.1.14519.5.2.1.6279.6001.128881800399702510818644205032,1,0,176.0,154.0,52.0,0.6263345195729537,0.7897435897435897,0.1793103448275862,196,291,282.0
1.3.6.1.4.1.14519.5.2.1.6279.6001.128881800399702510818644205032,2,0,176.0,149.0,61.0,0.6263345195729537,0.764102564102564,0.2103448275862069,196,291,282.0
1.3.6.1.4.1.14519.5.2.1.6279.6001.128881800399702510818644205032,3,0,176.0,160.0,61.0,0.6263345195729537,0.8205128205128205,0.2103448275862069,196,291,282.0
1.3.6.1.4.1.14519.5.2.1.6279.6001.128881800399702510818644205032,4,0,176.0,155.0,52.0,0.6263345195729537,0.7948717948717948,0.1793103448275862,196,291,282.0
1.3.6.1.4.1.14519.5.2.1.6279.6001.128881800399702510818644205032,5,1,174.0,125.47107696533203,36.85950469970703,0.6192170818505338,0.643441420335036,0.12710174034381735,196,291,282.0
1.3.6.1.4.1.14519.5.2.1.6279.6001.128881800399702510818644205032,6,1,174.0,125.0,31.0,0.6192170818505338,0.6410256410256411,0.10689655172413794,196,291,282.0
1.3.6.1.4.1.14519.5.2.1.6279.6001.128881800399702510818644205032,7,1,174.0,121.0,40.0,0.6192170818505338,0.6205128205128205,0.13793103448275862,196,291,282.0
1.3.6.1.4.1.14519.5.2.1.6279.6001.128881800399702510818644205032,8,1,174.0,130.0,40.0,0.6192170818505338,0.6666666666666666,0.13793103448275862,196,291,282.0
1.3.6.1.4.1.14519.5.2.1.6279.6001.128881800399702510818644205032,9,1,174.0,126.0,31.0,0.6192170818505338,0.6461538461538462,0.10689655172413794,196,291,282.0
1.3.6.1.4.1.14519.5.2.1.6279.6001.129007566048223160327836686225,0,0,143.0,179.5,179.5,0.5355805243445693,0.8713592233009708,0.6232638888888888,207,289,268.0
1.3.6.1.4.1.14519.5.2.1.6279.6001.129007566048223160327836686225,1,0,143.0,179.0,177.0,0.5355805243445693,0.8689320388349514,0.6145833333333334,207,289,268.0
1.3.6.1.4.1.14519.5.2.1.6279.6001.129007566048223160327836686225,2,0,143.0,177.0,181.0,0.5355805243445693,0.8592233009708737,0.6284722222222222,207,289,268.0
1.3.6.1.4.1.14519.5.2.1.6279.6001.129007566048223160327836686225,3,0,143.0,182.0,181.0,0.5355805243445693,0.883495145631068,0.6284722222222222,207,289,268.0
1.3.6.1.4.1.14519.5.2.1.6279.6001.129007566048223160327836686225,4,0,143.0,180.0,177.0,0.5355805243445693,0.8737864077669902,0.6145833333333334,207,289,268.0
1.3.6.1.4.1.14519.5.2.1.6279.6001.129007566048223160327836686225,5,1,136.0,173.0,56.0,0.5093632958801498,0.8398058252427184,0.19444444444444445,207,289,268.0
1.3.6.1.4.1.14519.5.2.1.6279.6001.129007566048223160327836686225,6,1,136.0,172.0,54.0,0.5093632958801498,0.8349514563106796,0.1875,207,289,268.0
1.3.6.1.4.1.14519.5.2.1.6279.6001.129007566048223160327836686225,7,1,136.0,171.0,57.0,0.5093632958801498,0.8300970873786407,0.19791666666666666,207,289,268.0
1.3.6.1.4.1.14519.5.2.1.6279.6001.129007566048223160327836686225,8,1,136.0,175.0,57.0,0.5093632958801498,0.8495145631067961,0.19791666666666666,207,289,268.0
1.3.6.1.4.1.14519.5.2.1.6279.6001.129007566048223160327836686225,9,1,136.0,173.0,54.0,0.5093632958801498,0.8398058252427184,0.1875,207,289,268.0
1.3.6.1.4.1.14519.5.2.1.6279.6001.129055977637338639741695800950,0,0,219.0,176.5,69.16666412353516,0.7373737373737373,0.7775330396475771,0.22168802603697166,228,313,298.0
1.3.6.1.4.1.14519.5.2.1.6279.6001.129055977637338639741695800950,1,0,219.0,176.0,66.0,0.7373737373737373,0.775330396475771,0.21153846153846154,228,313,298.0
1.3.6.1.4.1.14519.5.2.1.6279.6001.129055977637338639741695800950,2,0,219.0,174.0,70.0,0.7373737373737373,0.7665198237885462,0.22435897435897437,228,313,298.0
1.3.6.1.4.1.14519.5.2.1.6279.6001.129055977637338639741695800950,3,0,219.0,179.0,71.0,0.7373737373737373,0.788546255506608,0.22756410256410256,228,313,298.0
1.3.6.1.4.1.14519.5.2.1.6279.6001.129055977637338639741695800950,4,0,219.0,177.0,66.0,0.7373737373737373,0.7797356828193832,0.21153846153846154,228,313,298.0
1.3.6.1.4.1.14519.5.2.1.6279.6001.129567032250534530765928856531,0,0,180.0,86.0,218.0,0.72,0.4056603773584906,0.7569444444444444,213,289,251.0
1.3.6.1.4.1.14519.5.2.1.6279.6001.129567032250534530765928856531,1,0,180.0,85.0,217.0,0.72,0.4009433962264151,0.7534722222222222,213,289,251.0
1.3.6.1.4.1.14519.5.2.1.6279.6001.129567032250534530765928856531,2,0,180.0,85.0,219.0,0.72,0.4009433962264151,0.7604166666666666,213,289,251.0
1.3.6.1.4.1.14519.5.2.1.6279.6001.129567032250534530765928856531,3,0,180.0,87.0,219.0,0.72,0.41037735849056606,0.7604166666666666,213,289,251.0
1.3.6.1.4.1.14519.5.2.1.6279.6001.129567032250534530765928856531,4,0,180.0,86.0,217.0,0.72,0.4056603773584906,0.7534722222222222,213,289,251.0
1.3.6.1.4.1.14519.5.2.1.6279.6001.129982010889624423230394257528,0,0,145.0,134.5,277.0,0.5215827338129496,0.6285046728971962,0.8878205128205128,215,313,279.0
1.3.6.1.4.1.14519.5.2.1.6279.6001.129982010889624423230394257528,1,0,145.0,134.0,275.0,0.5215827338129496,0.6261682242990654,0.8814102564102564,215,313,279.0
1.3.6.1.4.1.14519.5.2.1.6279.6001.129982010889624423230394257528,2,0,145.0,132.0,278.0,0.5215827338129496,0.616822429906542,0.8910256410256411,215,313,279.0
1.3.6.1.4.1.14519.5.2.1.6279.6001.129982010889624423230394257528,3,0,145.0,136.0,279.0,0.5215827338129496,0.6355140186915887,0.8942307692307693,215,313,279.0
1.3.6.1.4.1.14519.5.2.1.6279.6001.129982010889624423230394257528,4,0,145.0,135.0,275.0,0.5215827338129496,0.6308411214953271,0.8814102564102564,215,313,279.0
1.3.6.1.4.1.14519.5.2.1.6279.6001.129982010889624423230394257528,5,1,85.0,87.9000015258789,110.94999694824219,0.3057553956834532,0.4107476706816771,0.3556089645776993,215,313,279.0
1.3.6.1.4.1.14519.5.2.1.6279.6001.129982010889624423230394257528,6,1,85.0,87.0,109.0,0.3057553956834532,0.40654205607476634,0.34935897435897434,215,313,279.0
1.3.6.1.4.1.14519.5.2.1.6279.6001.129982010889624423230394257528,7,1,85.0,86.0,112.0,0.3057553956834532,0.40186915887850466,0.358974358974359,215,313,279.0
1.3.6.1.4.1.14519.5.2.1.6279.6001.129982010889624423230394257528,8,1,85.0,89.0,112.0,0.3057553956834532,0.4158878504672897,0.358974358974359,215,313,279.0
1.3.6.1.4.1.14519.5.2.1.6279.6001.129982010889624423230394257528,9,1,85.0,88.0,109.0,0.3057553956834532,0.411214953271028,0.34935897435897434,215,313,279.0
1.3.6.1.4.1.14519.5.2.1.6279.6001.129982010889624423230394257528,10,2,166.0,168.5,127.0,0.5971223021582733,0.7873831775700935,0.40705128205128205,215,313,279.0
1.3.6.1.4.1.14519.5.2.1.6279.6001.129982010889624423230394257528,11,2,166.0,168.0,125.0,0.5971223021582733,0.7850467289719626,0.40064102564102566,215,313,279.0
1.3.6.1.4.1.14519.5.2.1.6279.6001.129982010889624423230394257528,12,2,166.0,167.0,128.0,0.5971223021582733,0.780373831775701,0.41025641025641024,215,313,279.0
1.3.6.1.4.1.14519.5.2.1.6279.6001.129982010889624423230394257528,13,2,166.0,170.0,128.0,0.5971223021582733,0.794392523364486,0.41025641025641024,215,313,279.0
1.3.6.1.4.1.14519.5.2.1.6279.6001.129982010889624423230394257528,14,2,166.0,169.0,125.0,0.5971223021582733,0.7897196261682243,0.40064102564102566,215,313,279.0
1.3.6.1.4.1.14519.5.2.1.6279.6001.129982010889624423230394257528,15,3,51.0,188.63157653808594,48.78947448730469,0.18345323741007194,0.8814559651312427,0.15637652079264322,215,313,279.0
1.3.6.1.4.1.14519.5.2.1.6279.6001.129982010889624423230394257528,16,3,51.0,188.0,47.0,0.18345323741007194,0.8785046728971962,0.15064102564102563,215,313,279.0
1.3.6.1.4.1.14519.5.2.1.6279.6001.129982010889624423230394257528,17,3,51.0,187.0,49.0,0.18345323741007194,0.8738317757009346,0.15705128205128205,215,313,279.0
1.3.6.1.4.1.14519.5.2.1.6279.6001.129982010889624423230394257528,18,3,51.0,190.0,50.0,0.18345323741007194,0.8878504672897196,0.16025641025641027,215,313,279.0
1.3.6.1.4.1.14519.5.2.1.6279.6001.129982010889624423230394257528,19,3,51.0,189.0,47.0,0.18345323741007194,0.883177570093458,0.15064102564102563,215,313,279.0
1.3.6.1.4.1.14519.5.2.1.6279.6001.130036599816889919308975074972,0,0,195.0,62.0,59.29999923706055,0.6037151702786377,0.2683982683982684,0.19129032011955016,232,311,324.0
1.3.6.1.4.1.14519.5.2.1.6279.6001.130036599816889919308975074972,1,0,195.0,61.0,57.0,0.6037151702786377,0.26406926406926406,0.18387096774193548,232,311,324.0
1.3.6.1.4.1.14519.5.2.1.6279.6001.130036599816889919308975074972,2,0,195.0,60.0,61.0,0.6037151702786377,0.2597402597402597,0.1967741935483871,232,311,324.0
1.3.6.1.4.1.14519.5.2.1.6279.6001.130036599816889919308975074972,3,0,195.0,64.0,60.0,0.6037151702786377,0.27705627705627706,0.1935483870967742,232,311,324.0
1.3.6.1.4.1.14519.5.2.1.6279.6001.130036599816889919308975074972,4,0,195.0,62.0,57.0,0.6037151702786377,0.2683982683982684,0.18387096774193548,232,311,324.0
1.3.6.1.4.1.14519.5.2.1.6279.6001.130438550890816550994739120843,0,0,238.0,101.22222137451172,206.5,0.7986577181208053,0.5442054912608157,0.7942307692307692,187,261,299.0
1.3.6.1.4.1.14519.5.2.1.6279.6001.130438550890816550994739120843,1,0,238.0,101.0,205.0,0.7986577181208053,0.543010752688172,0.7884615384615384,187,261,299.0
1.3.6.1.4.1.14519.5.2.1.6279.6001.130438550890816550994739120843,2,0,238.0,99.0,207.0,0.7986577181208053,0.532258064516129,0.7961538461538461,187,261,299.0
1.3.6.1.4.1.14519.5.2.1.6279.6001.130438550890816550994739120843,3,0,238.0,103.0,208.0,0.7986577181208053,0.553763440860215,0.8,187,261,299.0
1.3.6.1.4.1.14519.5.2.1.6279.6001.130438550890816550994739120843,4,0,238.0,102.0,205.0,0.7986577181208053,0.5483870967741935,0.7884615384615384,187,261,299.0
1.3.6.1.4.1.14519.5.2.1.6279.6001.130765375502800983459674173881,0,0,63.0,108.0,22.0,0.23507462686567165,0.5070422535211268,0.08764940239043825,214,252,269.0
1.3.6.1.4.1.14519.5.2.1.6279.6001.130765375502800983459674173881,1,0,63.0,107.0,20.0,0.23507462686567165,0.5023474178403756,0.0796812749003984,214,252,269.0
1.3.6.1.4.1.14519.5.2.1.6279.6001.130765375502800983459674173881,2,0,63.0,106.0,23.0,0.23507462686567165,0.49765258215962443,0.09163346613545817,214,252,269.0
1.3.6.1.4.1.14519.5.2.1.6279.6001.130765375502800983459674173881,3,0,63.0,110.0,23.0,0.23507462686567165,0.5164319248826291,0.09163346613545817,214,252,269.0
1.3.6.1.4.1.14519.5.2.1.6279.6001.130765375502800983459674173881,4,0,63.0,108.0,20.0,0.23507462686567165,0.5070422535211268,0.0796812749003984,214,252,269.0
1.3.6.1.4.1.14519.5.2.1.6279.6001.130765375502800983459674173881,5,1,75.0,113.0,222.64706420898438,0.2798507462686567,0.5305164319248826,0.8870400964501369,214,252,269.0
1.3.6.1.4.1.14519.5.2.1.6279.6001.130765375502800983459674173881,6,1,75.0,112.0,221.0,0.2798507462686567,0.5258215962441315,0.8804780876494024,214,252,269.0
1.3.6.1.4.1.14519.5.2.1.6279.6001.130765375502800983459674173881,7,1,75.0,112.0,224.0,0.2798507462686567,0.5258215962441315,0.8924302788844621,214,252,269.0
1.3.6.1.4.1.14519.5.2.1.6279.6001.130765375502800983459674173881,8,1,75.0,115.0,223.0,0.2798507462686567,0.539906103286385,0.8884462151394422,214,252,269.0
1.3.6.1.4.1.14519.5.2.1.6279.6001.130765375502800983459674173881,9,1,75.0,113.0,221.0,0.2798507462686567,0.5305164319248826,0.8804780876494024,214,252,269.0
1.3.6.1.4.1.14519.5.2.1.6279.6001.131939324905446238286154504249,0,0,165.0,187.36419677734375,77.44444274902344,0.632183908045977,0.7839506141311454,0.22382786921683073,240,347,262.0
1.3.6.1.4.1.14519.5.2.1.6279.6001.131939324905446238286154504249,1,0,165.0,187.0,71.0,0.632183908045977,0.7824267782426778,0.20520231213872833,240,347,262.0
1.3.6.1.4.1.14519.5.2.1.6279.6001.131939324905446238286154504249,2,0,165.0,181.0,80.0,0.632183908045977,0.7573221757322176,0.23121387283236994,240,347,262.0
1.3.6.1.4.1.14519.5.2.1.6279.6001.131939324905446238286154504249,3,0,165.0,193.0,81.0,0.632183908045977,0.8075313807531381,0.23410404624277456,240,347,262.0
1.3.6.1.4.1.14519.5.2.1.6279.6001.131939324905446238286154504249,4,0,165.0,188.0,71.0,0.632183908045977,0.7866108786610879,0.20520231213872833,240,347,262.0
1.3.6.1.4.1.14519.5.2.1.6279.6001.131939324905446238286154504249,5,1,80.0,185.05332946777344,109.65333557128906,0.3065134099616858,0.7742817132542822,0.3169171548303152,240,347,262.0
1.3.6.1.4.1.14519.5.2.1.6279.6001.131939324905446238286154504249,6,1,80.0,185.0,105.0,0.3065134099616858,0.7740585774058577,0.30346820809248554,240,347,262.0
1.3.6.1.4.1.14519.5.2.1.6279.6001.131939324905446238286154504249,7,1,80.0,181.0,111.0,0.3065134099616858,0.7573221757322176,0.3208092485549133,240,347,262.0
1.3.6.1.4.1.14519.5.2.1.6279.6001.131939324905446238286154504249,8,1,80.0,188.0,113.0,0.3065134099616858,0.7866108786610879,0.3265895953757225,240,347,262.0
1.3.6.1.4.1.14519.5.2.1.6279.6001.131939324905446238286154504249,9,1,80.0,186.0,105.0,0.3065134099616858,0.7782426778242678,0.30346820809248554,240,347,262.0
1.3.6.1.4.1.14519.5.2.1.6279.6001.132817748896065918417924920957,0,0,143.0,168.77777099609375,204.6666717529297,0.539622641509434,0.8153515507057669,0.7608426459216717,208,270,266.0
1.3.6.1.4.1.14519.5.2.1.6279.6001.132817748896065918417924920957,1,0,143.0,168.0,202.0,0.539622641509434,0.8115942028985508,0.7509293680297398,208,270,266.0
1.3.6.1.4.1.14519.5.2.1.6279.6001.132817748896065918417924920957,2,0,143.0,166.0,206.0,0.539622641509434,0.8019323671497585,0.7657992565055762,208,270,266.0
1.3.6.1.4.1.14519.5.2.1.6279.6001.132817748896065918417924920957,3,0,143.0,171.0,207.0,0.539622641509434,0.8260869565217391,0.7695167286245354,208,270,266.0
1.3.6.1.4.1.14519.5.2.1.6279.6001.132817748896065918417924920957,4,0,143.0,169.0,202.0,0.539622641509434,0.8164251207729468,0.7509293680297398,208,270,266.0
1.3.6.1.4.1.14519.5.2.1.6279.6001.133378195429627807109985347209,0,0,148.0,191.76712036132812,83.86986541748047,0.5584905660377358,0.9219573094294622,0.2902071467732888,209,290,266.0
1.3.6.1.4.1.14519.5.2.1.6279.6001.133378195429627807109985347209,1,0,148.0,191.0,78.0,0.5584905660377358,0.9182692307692307,0.2698961937716263,209,290,266.0
1.3.6.1.4.1.14519.5.2.1.6279.6001.133378195429627807109985347209,2,0,148.0,186.0,87.0,0.5584905660377358,0.8942307692307693,0.30103806228373703,209,290,266.0
1.3.6.1.4.1.14519.5.2.1.6279.6001.133378195429627807109985347209,3,0,148.0,197.0,87.0,0.5584905660377358,0.9471153846153846,0.30103806228373703,209,290,266.0
1.3.6.1.4.1.14519.5.2.1.6279.6001.133378195429627807109985347209,4,0,148.0,192.0,77.0,0.5584905660377358,0.9230769230769231,0.2664359861591695,209,290,266.0
1.3.6.1.4.1.14519.5.2.1.6279.6001.133378195429627807109985347209,5,1,28.0,163.44554138183594,107.8910903930664,0.10566037735849057,0.7857958720280573,0.37332557229434743,209,290,266.0
1.3.6.1.4.1.14519.5.2.1.6279.6001.133378195429627807109985347209,6,1,28.0,163.0,103.0,0.10566037735849057,0.7836538461538461,0.356401384083045,209,290,266.0
1.3.6.1.4.1.14519.5.2.1.6279.6001.133378195429627807109985347209,7,1,28.0,159.0,110.0,0.10566037735849057,0.7644230769230769,0.3806228373702422,209,290,266.0
1.3.6.1.4.1.14519.5.2.1.6279.6001.133378195429627807109985347209,8,1,28.0,168.0,111.0,0.10566037735849057,0.8076923076923077,0.38408304498269896,209,290,266.0
1.3.6.1.4.1.14519.5.2.1.6279.6001.133378195429627807109985347209,9,1,28.0,164.0,103.0,0.10566037735849057,0.7884615384615384,0.356401384083045,209,290,266.0
1.3.6.1.4.1.14519.5.2.1.6279.6001.134370886216012873213579659366,0,0,268.0,128.2985076904297,82.20895385742188,0.8617363344051447,0.6447161190473853,0.31022246738649767,200,266,312.0
1.3.6.1.4.1.14519.5.2.1.6279.6001.134370886216012873213579659366,1,0,268.0,128.0,78.0,0.8617363344051447,0.6432160804020101,0.2943396226415094,200,266,312.0
1.3.6.1.4.1.14519.5.2.1.6279.6001.134370886216012873213579659366,2,0,268.0,125.0,84.0,0.8617363344051447,0.628140703517588,0.3169811320754717,200,266,312.0
1.3.6.1.4.1.14519.5.2.1.6279.6001.134370886216012873213579659366,3,0,268.0,132.0,85.0,0.8617363344051447,0.6633165829145728,0.32075471698113206,200,266,312.0
1.3.6.1.4.1.14519.5.2.1.6279.6001.134370886216012873213579659366,4,0,268.0,129.0,78.0,0.8617363344051447,0.6482412060301508,0.2943396226415094,200,266,312.0
1.3.6.1.4.1.14519.5.2.1.6279.6001.134370886216012873213579659366,5,1,100.0,170.7142791748047,85.5,0.3215434083601286,0.8578606993708778,0.32264150943396225,200,266,312.0
1.3.6.1.4.1.14519.5.2.1.6279.6001.134370886216012873213579659366,6,1,100.0,170.0,84.0,0.3215434083601286,0.8542713567839196,0.3169811320754717,200,266,312.0
1.3.6.1.4.1.14519.5.2.1.6279.6001.134370886216012873213579659366,7,1,100.0,170.0,87.0,0.3215434083601286,0.8542713567839196,0.3283018867924528,200,266,312.0
1.3.6.1.4.1.14519.5.2.1.6279.6001.134370886216012873213579659366,8,1,100.0,172.0,86.0,0.3215434083601286,0.864321608040201,0.32452830188679244,200,266,312.0
1.3.6.1.4.1.14519.5.2.1.6279.6001.134370886216012873213579659366,9,1,100.0,171.0,84.0,0.3215434083601286,0.8592964824120602,0.3169811320754717,200,266,312.0
1.3.6.1.4.1.14519.5.2.1.6279.6001.134519406153127654901640638633,0,0,137.0,71.23008728027344,52.76991271972656,0.42679127725856697,0.3070262382770407,0.15752212752157183,233,336,322.0
1.3.6.1.4.1.14519.5.2.1.6279.6001.134519406153127654901640638633,1,0,137.0,71.0,47.0,0.42679127725856697,0.30603448275862066,0.14029850746268657,233,336,322.0
1.3.6.1.4.1.14519.5.2.1.6279.6001.134519406153127654901640638633,2,0,137.0,66.0,55.0,0.42679127725856697,0.28448275862068967,0.16417910447761194,233,336,322.0
1.3.6.1.4.1.14519.5.2.1.6279.6001.134519406153127654901640638633,3,0,137.0,75.0,57.0,0.42679127725856697,0.3232758620689655,0.1701492537313433,233,336,322.0
1.3.6.1.4.1.14519.5.2.1.6279.6001.134519406153127654901640638633,4,0,137.0,72.0,47.0,0.42679127725856697,0.3103448275862069,0.14029850746268657,233,336,322.0
1.3.6.1.4.1.14519.5.2.1.6279.6001.134519406153127654901640638633,5,1,288.0,160.25640869140625,136.74359130859375,0.897196261682243,0.6907603822905442,0.4081898248017724,233,336,322.0
1.3.6.1.4.1.14519.5.2.1.6279.6001.134519406153127654901640638633,6,1,288.0,160.0,134.0,0.897196261682243,0.6896551724137931,0.4,233,336,322.0
1.3.6.1.4.1.14519.5.2.1.6279.6001.134519406153127654901640638633,7,1,288.0,158.0,138.0,0.897196261682243,0.6810344827586207,0.41194029850746267,233,336,322.0
1.3.6.1.4.1.14519.5.2.1.6279.6001.134519406153127654901640638633,8,1,288.0,163.0,139.0,0.897196261682243,0.7025862068965517,0.41492537313432837,233,336,322.0
1.3.6.1.4.1.14519.5.2.1.6279.6001.134519406153127654901640638633,9,1,288.0,161.0,134.0,0.897196261682243,0.6939655172413793,0.4,233,336,322.0
1.3.6.1.4.1.14519.5.2.1.6279.6001.134996872583497382954024478441,0,0,201.0,126.0,80.11940002441406,0.8305785123966942,0.5675675675675675,0.28112070184004934,223,286,243.0
1.3.6.1.4.1.14519.5.2.1.6279.6001.134996872583497382954024478441,1,0,201.0,125.0,76.0,0.8305785123966942,0.5630630630630631,0.26666666666666666,223,286,243.0
1.3.6.1.4.1.14519.5.2.1.6279.6001.134996872583497382954024478441,2,0,201.0,122.0,82.0,0.8305785123966942,0.5495495495495496,0.28771929824561404,223,286,243.0
1.3.6.1.4.1.14519.5.2.1.6279.6001.134996872583497382954024478441,3,0,201.0,130.0,82.0,0.8305785123966942,0.5855855855855856,0.28771929824561404,223,286,243.0
1.3.6.1.4.1.14519.5.2.1.6279.6001.134996872583497382954024478441,4,0,201.0,126.0,76.0,0.8305785123966942,0.5675675675675675,0.26666666666666666,223,286,243.0
1.3.6.1.4.1.14519.5.2.1.6279.6001.134996872583497382954024478441,5,1,191.0,167.1836700439453,96.81632995605469,0.7892561983471075,0.7530795947925465,0.3397064208984375,223,286,243.0
1.3.6.1.4.1.14519.5.2.1.6279.6001.134996872583497382954024478441,6,1,191.0,167.0,93.0,0.7892561983471075,0.7522522522522522,0.3263157894736842,223,286,243.0
1.3.6.1.4.1.14519.5.2.1.6279.6001.134996872583497382954024478441,7,1,191.0,164.0,98.0,0.7892561983471075,0.7387387387387387,0.34385964912280703,223,286,243.0
1.3.6.1.4.1.14519.5.2.1.6279.6001.134996872583497382954024478441,8,1,191.0,169.0,100.0,0.7892561983471075,0.7612612612612613,0.3508771929824561,223,286,243.0
1.3.6.1.4.1.14519.5.2.1.6279.6001.134996872583497382954024478441,9,1,191.0,168.0,93.0,0.7892561983471075,0.7567567567567568,0.3263157894736842,223,286,243.0
1.3.6.1.4.1.14519.5.2.1.6279.6001.134996872583497382954024478441,10,2,125.0,69.0,83.0,0.5165289256198347,0.3108108108108108,0.2912280701754386,223,286,243.0
1.3.6.1.4.1.14519.5.2.1.6279.6001.134996872583497382954024478441,11,2,125.0,68.0,80.0,0.5165289256198347,0.3063063063063063,0.2807017543859649,223,286,243.0
1.3.6.1.4.1.14519.5.2.1.6279.6001.134996872583497382954024478441,12,2,125.0,67.0,85.0,0.5165289256198347,0.30180180180180183,0.2982456140350877,223,286,243.0
1.3.6.1.4.1.14519.5.2.1.6279.6001.134996872583497382954024478441,13,2,125.0,72.0,84.0,0.5165289256198347,0.32432432432432434,0.29473684210526313,223,286,243.0
1.3.6.1.4.1.14519.5.2.1.6279.6001.134996872583497382954024478441,14,2,125.0,69.0,80.0,0.5165289256198347,0.3108108108108108,0.2807017543859649,223,286,243.0
1.3.6.1.4.1.14519.5.2.1.6279.6001.134996872583497382954024478441,15,3,74.0,85.24324035644531,266.7567443847656,0.30578512396694213,0.3839785601641681,0.9359885767886513,223,286,243.0
1.3.6.1.4.1.14519.5.2.1.6279.6001.134996872583497382954024478441,16,3,74.0,85.0,264.0,0.30578512396694213,0.38288288288288286,0.9263157894736842,223,286,243.0
1.3.6.1.4.1.14519.5.2.1.6279.6001.134996872583497382954024478441,17,3,74.0,83.0,268.0,0.30578512396694213,0.3738738738738739,0.9403508771929825,223,286,243.0
1.3.6.1.4.1.14519.5.2.1.6279.6001.134996872583497382954024478441,18,3,74.0,87.0,269.0,0.30578512396694213,0.3918918918918919,0.9438596491228071,223,286,243.0
1.3.6.1.4.1.14519.5.2.1.6279.6001.134996872583497382954024478441,19,3,74.0,86.0,264.0,0.30578512396694213,0.38738738738738737,0.9263157894736842,223,286,243.0
1.3.6.1.4.1.14519.5.2.1.6279.6001.135657246677982059395844827629,0,0,215.0,152.2341766357422,50.563289642333984,0.7570422535211268,0.6919735301624644,0.17495947973125947,221,290,285.0
1.3.6.1.4.1.14519.5.2.1.6279.6001.135657246677982059395844827629,1,0,215.0,152.0,44.0,0.7570422535211268,0.6909090909090909,0.1522491349480969,221,290,285.0
1.3.6.1.4.1.14519.5.2.1.6279.6001.135657246677982059395844827629,2,0,215.0,146.0,53.0,0.7570422535211268,0.6636363636363637,0.18339100346020762,221,290,285.0
1.3.6.1.4.1.14519.5.2.1.6279.6001.135657246677982059395844827629,3,0,215.0,157.0,55.0,0.7570422535211268,0.7136363636363636,0.1903114186851211,221,290,285.0
1.3.6.1.4.1.14519.5.2.1.6279.6001.135657246677982059395844827629,4,0,215.0,153.0,44.0,0.7570422535211268,0.6954545454545454,0.1522491349480969,221,290,285.0
1.3.6.1.4.1.14519.5.2.1.6279.6001.137375498893536422914241295628,0,0,114.0,206.40740966796875,117.25926208496094,0.4175824175824176,0.8494132085101594,0.35749775025902725,244,329,274.0
1.3.6.1.4.1.14519.5.2.1.6279.6001.137375498893536422914241295628,1,0,114.0,206.0,115.0,0.4175824175824176,0.8477366255144033,0.35060975609756095,244,329,274.0
1.3.6.1.4.1.14519.5.2.1.6279.6001.137375498893536422914241295628,2,0,114.0,204.0,118.0,0.4175824175824176,0.8395061728395061,0.3597560975609756,244,329,274.0
1.3.6.1.4.1.14519.5.2.1.6279.6001.137375498893536422914241295628,3,0,114.0,208.0,119.0,0.4175824175824176,0.8559670781893004,0.3628048780487805,244,329,274.0
1.3.6.1.4.1.14519.5.2.1.6279.6001.137375498893536422914241295628,4,0,114.0,207.0,115.0,0.4175824175824176,0.8518518518518519,0.35060975609756095,244,329,274.0
1.3.6.1.4.1.14519.5.2.1.6279.6001.137763212752154081977261297097,0,0,89.0,153.03305053710938,52.01652908325195,0.363265306122449,0.7322155528091358,0.17998798990744622,210,290,246.0
1.3.6.1.4.1.14519.5.2.1.6279.6001.137763212752154081977261297097,1,0,89.0,153.0,44.0,0.363265306122449,0.7320574162679426,0.1522491349480969,210,290,246.0
1.3.6.1.4.1.14519.5.2.1.6279.6001.137763212752154081977261297097,2,0,89.0,145.0,55.0,0.363265306122449,0.69377990430622,0.1903114186851211,210,290,246.0
1.3.6.1.4.1.14519.5.2.1.6279.6001.137763212752154081977261297097,3,0,89.0,160.0,57.0,0.363265306122449,0.7655502392344498,0.1972318339100346,210,290,246.0
1.3.6.1.4.1.14519.5.2.1.6279.6001.137763212752154081977261297097,4,0,89.0,154.0,44.0,0.363265306122449,0.7368421052631579,0.1522491349480969,210,290,246.0
1.3.6.1.4.1.14519.5.2.1.6279.6001.137763212752154081977261297097,5,1,92.0,122.6597900390625,28.855670928955078,0.37551020408163266,0.586888947555323,0.09984661221091723,210,290,246.0
1.3.6.1.4.1.14519.5.2.1.6279.6001.137763212752154081977261297097,6,1,92.0,122.0,24.0,0.37551020408163266,0.583732057416268,0.08304498269896193,210,290,246.0
1.3.6.1.4.1.14519.5.2.1.6279.6001.137763212752154081977261297097,7,1,92.0,118.0,31.0,0.37551020408163266,0.5645933014354066,0.10726643598615918,210,290,246.0
1.3.6.1.4.1.14519.5.2.1.6279.6001.137763212752154081977261297097,8,1,92.0,127.0,32.0,0.37551020408163266,0.6076555023923444,0.11072664359861592,210,290,246.0
1.3.6.1.4.1.14519.5.2.1.6279.6001.137763212752154081977261297097,9,1,92.0,123.0,24.0,0.37551020408163266,0.5885167464114832,0.08304498269896193,210,290,246.0
1.3.6.1.4.1.14519.5.2.1.6279.6001.137773550852881583165286615668,0,0,127.0,62.88163375854492,240.03265380859375,0.47924528301886793,0.26987825647444175,0.8696835282920063,234,277,266.0
1.3.6.1.4.1.14519.5.2.1.6279.6001.137773550852881583165286615668,1,0,127.0,62.0,232.0,0.47924528301886793,0.26609442060085836,0.8405797101449275,234,277,266.0
1.3.6.1.4.1.14519.5.2.1.6279.6001.137773550852881583165286615668,2,0,127.0,55.0,244.0,0.47924528301886793,0.23605150214592274,0.8840579710144928,234,277,266.0
1.3.6.1.4.1.14519.5.2.1.6279.6001.137773550852881583165286615668,3,0,127.0,70.0,244.0,0.47924528301886793,0.30042918454935624,0.8840579710144928,234,277,266.0
1.3.6.1.4.1.14519.5.2.1.6279.6001.137773550852881583165286615668,4,0,127.0,63.0,232.0,0.47924528301886793,0.2703862660944206,0.8405797101449275,234,277,266.0
1.3.6.1.4.1.14519.5.2.1.6279.6001.137773550852881583165286615668,5,1,141.0,85.2125015258789,208.4250030517578,0.5320754716981132,0.3657188906690082,0.7551630545353544,234,277,266.0
1.3.6.1.4.1.14519.5.2.1.6279.6001.137773550852881583165286615668,6,1,141.0,85.0,204.0,0.5320754716981132,0.3648068669527897,0.7391304347826086,234,277,266.0
1.3.6.1.4.1.14519.5.2.1.6279.6001.137773550852881583165286615668,7,1,141.0,81.0,210.0,0.5320754716981132,0.34763948497854075,0.7608695652173914,234,277,266.0
1.3.6.1.4.1.14519.5.2.1.6279.6001.137773550852881583165286615668,8,1,141.0,88.0,212.0,0.5320754716981132,0.3776824034334764,0.7681159420289855,234,277,266.0
1.3.6.1.4.1.14519.5.2.1.6279.6001.137773550852881583165286615668,9,1,141.0,86.0,204.0,0.5320754716981132,0.36909871244635195,0.7391304347826086,234,277,266.0
1.3.6.1.4.1.14519.5.2.1.6279.6001.138080888843357047811238713686,0,0,125.0,132.8333282470703,29.5,0.42662116040955633,0.6847078775622181,0.09609120521172639,195,308,294.0
1.3.6.1.4.1.14519.5.2.1.6279.6001.138080888843357047811238713686,1,0,125.0,132.0,27.0,0.42662116040955633,0.6804123711340206,0.08794788273615635,195,308,294.0
1.3.6.1.4.1.14519.5.2.1.6279.6001.138080888843357047811238713686,2,0,125.0,130.0,31.0,0.42662116040955633,0.6701030927835051,0.10097719869706841,195,308,294.0
1.3.6.1.4.1.14519.5.2.1.6279.6001.138080888843357047811238713686,3,0,125.0,135.0,31.0,0.42662116040955633,0.6958762886597938,0.10097719869706841,195,308,294.0
1.3.6.1.4.1.14519.5.2.1.6279.6001.138080888843357047811238713686,4,0,125.0,133.0,27.0,0.42662116040955633,0.6855670103092784,0.08794788273615635,195,308,294.0
1.3.6.1.4.1.14519.5.2.1.6279.6001.138813197521718693188313387015,0,0,81.0,169.22552490234375,206.17446899414062,0.25077399380804954,0.6796205819371235,0.6343829815204327,250,326,324.0
1.3.6.1.4.1.14519.5.2.1.6279.6001.138813197521718693188313387015,1,0,81.0,169.0,198.0,0.25077399380804954,0.678714859437751,0.6092307692307692,250,326,324.0
1.3.6.1.4.1.14519.5.2.1.6279.6001.138813197521718693188313387015,2,0,81.0,162.0,210.0,0.25077399380804954,0.6506024096385542,0.6461538461538462,250,326,324.0
1.3.6.1.4.1.14519.5.2.1.6279.6001.138813197521718693188313387015,3,0,81.0,176.0,211.0,0.25077399380804954,0.7068273092369478,0.6492307692307693,250,326,324.0
1.3.6.1.4.1.14519.5.2.1.6279.6001.138813197521718693188313387015,4,0,81.0,170.0,198.0,0.25077399380804954,0.6827309236947792,0.6092307692307692,250,326,324.0
1.3.6.1.4.1.14519.5.2.1.6279.6001.138904664700896606480369521124,0,0,171.0,200.80374145507812,85.75701141357422,0.608540925266904,0.7813375153894091,0.2739840620241988,258,314,282.0
1.3.6.1.4.1.14519.5.2.1.6279.6001.138904664700896606480369521124,1,0,171.0,200.0,80.0,0.608540925266904,0.7782101167315175,0.25559105431309903,258,314,282.0
1.3.6.1.4.1.14519.5.2.1.6279.6001.138904664700896606480369521124,2,0,171.0,196.0,89.0,0.608540925266904,0.7626459143968871,0.28434504792332266,258,314,282.0
1.3.6.1.4.1.14519.5.2.1.6279.6001.138904664700896606480369521124,3,0,171.0,206.0,88.0,0.608540925266904,0.8015564202334631,0.28115015974440893,258,314,282.0
1.3.6.1.4.1.14519.5.2.1.6279.6001.138904664700896606480369521124,4,0,171.0,201.0,80.0,0.608540925266904,0.7821011673151751,0.25559105431309903,258,314,282.0
1.3.6.1.4.1.14519.5.2.1.6279.6001.138904664700896606480369521124,5,1,143.0,133.5,57.5,0.5088967971530249,0.519455252918288,0.18370607028753994,258,314,282.0
1.3.6.1.4.1.14519.5.2.1.6279.6001.138904664700896606480369521124,6,1,143.0,133.0,55.0,0.5088967971530249,0.5175097276264592,0.1757188498402556,258,314,282.0
1.3.6.1.4.1.14519.5.2.1.6279.6001.138904664700896606480369521124,7,1,143.0,131.0,59.0,0.5088967971530249,0.5097276264591439,0.18849840255591055,258,314,282.0
1.3.6.1.4.1.14519.5.2.1.6279.6001.138904664700896606480369521124,8,1,143.0,136.0,59.0,0.5088967971530249,0.5291828793774319,0.18849840255591055,258,314,282.0
1.3.6.1.4.1.14519.5.2.1.6279.6001.138904664700896606480369521124,9,1,143.0,134.0,55.0,0.5088967971530249,0.5214007782101168,0.1757188498402556,258,314,282.0
1.3.6.1.4.1.14519.5.2.1.6279.6001.138904664700896606480369521124,10,2,141.0,66.9000015258789,258.95001220703125,0.501779359430605,0.26031128998396463,0.8273163329298123,258,314,282.0
1.3.6.1.4.1.14519.5.2.1.6279.6001.138904664700896606480369521124,11,2,141.0,66.0,257.0,0.501779359430605,0.25680933852140075,0.8210862619808307,258,314,282.0
1.3.6.1.4.1.14519.5.2.1.6279.6001.138904664700896606480369521124,12,2,141.0,65.0,260.0,0.501779359430605,0.2529182879377432,0.8306709265175719,258,314,282.0
1.3.6.1.4.1.14519.5.2.1.6279.6001.138904664700896606480369521124,13,2,141.0,68.0,260.0,0.501779359430605,0.26459143968871596,0.8306709265175719,258,314,282.0
1.3.6.1.4.1.14519.5.2.1.6279.6001.138904664700896606480369521124,14,2,141.0,67.0,257.0,0.501779359430605,0.2607003891050584,0.8210862619808307,258,314,282.0
1.3.6.1.4.1.14519.5.2.1.6279.6001.139258777898746693365877042411,0,0,115.0,71.5,49.13793182373047,0.44573643410852715,0.33726415094339623,0.18754935810584147,213,263,259.0
1.3.6.1.4.1.14519.5.2.1.6279.6001.139258777898746693365877042411,1,0,115.0,71.0,45.0,0.44573643410852715,0.33490566037735847,0.1717557251908397,213,263,259.0
1.3.6.1.4.1.14519.5.2.1.6279.6001.139258777898746693365877042411,2,0,115.0,68.0,51.0,0.44573643410852715,0.32075471698113206,0.1946564885496183,213,263,259.0
1.3.6.1.4.1.14519.5.2.1.6279.6001.139258777898746693365877042411,3,0,115.0,75.0,51.0,0.44573643410852715,0.35377358490566035,0.1946564885496183,213,263,259.0
1.3.6.1.4.1.14519.5.2.1.6279.6001.139258777898746693365877042411,4,0,115.0,72.0,45.0,0.44573643410852715,0.33962264150943394,0.1717557251908397,213,263,259.0
1.3.6.1.4.1.14519.5.2.1.6279.6001.140239815496047437552471323962,0,0,135.0,165.0408172607422,236.0408172607422,0.5113636363636364,0.7270520584173664,0.8552203523939934,228,277,265.0
1.3.6.1.4.1.14519.5.2.1.6279.6001.140239815496047437552471323962,1,0,135.0,165.0,231.0,0.5113636363636364,0.7268722466960352,0.8369565217391305,228,277,265.0
1.3.6.1.4.1.14519.5.2.1.6279.6001.140239815496047437552471323962,2,0,135.0,160.0,238.0,0.5113636363636364,0.7048458149779736,0.8623188405797102,228,277,265.0
1.3.6.1.4.1.14519.5.2.1.6279.6001.140239815496047437552471323962,3,0,135.0,169.0,240.0,0.5113636363636364,0.7444933920704846,0.8695652173913043,228,277,265.0
1.3.6.1.4.1.14519.5.2.1.6279.6001.140239815496047437552471323962,4,0,135.0,166.0,231.0,0.5113636363636364,0.7312775330396476,0.8369565217391305,228,277,265.0
1.3.6.1.4.1.14519.5.2.1.6279.6001.140253591510022414496468423138,0,0,249.0,149.1914825439453,93.04255676269531,0.8137254901960784,0.7242304977861423,0.28280412389876997,207,330,307.0
1.3.6.1.4.1.14519.5.2.1.6279.6001.140253591510022414496468423138,1,0,249.0,149.0,88.0,0.8137254901960784,0.7233009708737864,0.2674772036474164,207,330,307.0
1.3.6.1.4.1.14519.5.2.1.6279.6001.140253591510022414496468423138,2,0,249.0,145.0,95.0,0.8137254901960784,0.7038834951456311,0.2887537993920973,207,330,307.0
1.3.6.1.4.1.14519.5.2.1.6279.6001.140253591510022414496468423138,3,0,249.0,153.0,97.0,0.8137254901960784,0.7427184466019418,0.2948328267477204,207,330,307.0
1.3.6.1.4.1.14519.5.2.1.6279.6001.140253591510022414496468423138,4,0,249.0,150.0,88.0,0.8137254901960784,0.7281553398058253,0.2674772036474164,207,330,307.0
1.3.6.1.4.1.14519.5.2.1.6279.6001.140253591510022414496468423138,5,1,59.0,159.75437927246094,58.0,0.19281045751633988,0.7755066954973832,0.1762917933130699,207,330,307.0
1.3.6.1.4.1.14519.5.2.1.6279.6001.140253591510022414496468423138,6,1,59.0,159.0,54.0,0.19281045751633988,0.7718446601941747,0.1641337386018237,207,330,307.0
1.3.6.1.4.1.14519.5.2.1.6279.6001.140253591510022414496468423138,7,1,59.0,157.0,60.0,0.19281045751633988,0.7621359223300971,0.182370820668693,207,330,307.0
1.3.6.1.4.1.14519.5.2.1.6279.6001.140253591510022414496468423138,8,1,59.0,163.0,60.0,0.19281045751633988,0.7912621359223301,0.182370820668693,207,330,307.0
1.3.6.1.4.1.14519.5.2.1.6279.6001.140253591510022414496468423138,9,1,59.0,160.0,54.0,0.19281045751633988,0.7766990291262136,0.1641337386018237,207,330,307.0
1.3.6.1.4.1.14519.5.2.1.6279.6001.140253591510022414496468423138,10,2,134.0,53.85714340209961,272.80950927734375,0.43790849673202614,0.2614424436995127,0.8292082348855433,207,330,307.0
1.3.6.1.4.1.14519.5.2.1.6279.6001.140253591510022414496468423138,11,2,134.0,53.0,271.0,0.43790849673202614,0.25728155339805825,0.8237082066869301,207,330,307.0
1.3.6.1.4.1.14519.5.2.1.6279.6001.140253591510022414496468423138,12,2,134.0,52.0,274.0,0.43790849673202614,0.2524271844660194,0.8328267477203647,207,330,307.0
1.3.6.1.4.1.14519.5.2.1.6279.6001.140253591510022414496468423138,13,2,134.0,56.0,274.0,0.43790849673202614,0.27184466019417475,0.8328267477203647,207,330,307.0
1.3.6.1.4.1.14519.5.2.1.6279.6001.140253591510022414496468423138,14,2,134.0,54.0,271.0,0.43790849673202614,0.2621359223300971,0.8237082066869301,207,330,307.0
1.3.6.1.4.1.14519.5.2.1.6279.6001.141069661700670042960678408762,0,0,177.0,131.58621215820312,46.72413635253906,0.6507352941176471,0.7112768224767736,0.1804020708592242,186,260,273.0
1.3.6.1.4.1.14519.5.2.1.6279.6001.141069661700670042960678408762,1,0,177.0,131.0,44.0,0.6507352941176471,0.7081081081081081,0.16988416988416988,186,260,273.0
1.3.6.1.4.1.14519.5.2.1.6279.6001.141069661700670042960678408762,2,0,177.0,129.0,48.0,0.6507352941176471,0.6972972972972973,0.18532818532818532,186,260,273.0
1.3.6.1.4.1.14519.5.2.1.6279.6001.141069661700670042960678408762,3,0,177.0,134.0,48.0,0.6507352941176471,0.7243243243243244,0.18532818532818532,186,260,273.0
1.3.6.1.4.1.14519.5.2.1.6279.6001.141069661700670042960678408762,4,0,177.0,132.0,44.0,0.6507352941176471,0.7135135135135136,0.16988416988416988,186,260,273.0
1.3.6.1.4.1.14519.5.2.1.6279.6001.141149610914910880857802344415,0,0,222.0,120.0,60.60377502441406,0.7900355871886121,0.5741626794258373,0.20201258341471354,210,301,282.0
1.3.6.1.4.1.14519.5.2.1.6279.6001.141149610914910880857802344415,1,0,222.0,119.0,55.0,0.7900355871886121,0.569377990430622,0.18333333333333332,210,301,282.0
1.3.6.1.4.1.14519.5.2.1.6279.6001.141149610914910880857802344415,2,0,222.0,115.0,63.0,0.7900355871886121,0.5502392344497608,0.21,210,301,282.0
1.3.6.1.4.1.14519.5.2.1.6279.6001.141149610914910880857802344415,3,0,222.0,125.0,63.0,0.7900355871886121,0.5980861244019139,0.21,210,301,282.0
1.3.6.1.4.1.14519.5.2.1.6279.6001.141149610914910880857802344415,4,0,222.0,120.0,55.0,0.7900355871886121,0.5741626794258373,0.18333333333333332,210,301,282.0
1.3.6.1.4.1.14519.5.2.1.6279.6001.141345499716190654505508410197,0,0,140.0,170.72413635253906,87.5862045288086,0.45751633986928103,0.8053025299648069,0.3243933501066985,213,271,307.0
1.3.6.1.4.1.14519.5.2.1.6279.6001.141345499716190654505508410197,1,0,140.0,170.0,85.0,0.45751633986928103,0.8018867924528302,0.3148148148148148,213,271,307.0
1.3.6.1.4.1.14519.5.2.1.6279.6001.141345499716190654505508410197,2,0,140.0,169.0,89.0,0.45751633986928103,0.7971698113207547,0.3296296296296296,213,271,307.0
1.3.6.1.4.1.14519.5.2.1.6279.6001.141345499716190654505508410197,3,0,140.0,173.0,89.0,0.45751633986928103,0.8160377358490566,0.3296296296296296,213,271,307.0
1.3.6.1.4.1.14519.5.2.1.6279.6001.141345499716190654505508410197,4,0,140.0,171.0,85.0,0.45751633986928103,0.8066037735849056,0.3148148148148148,213,271,307.0
1.3.6.1.4.1.14519.5.2.1.6279.6001.141430002307216644912805017227,0,0,103.0,104.4137954711914,330.2758483886719,0.31212121212121213,0.49020561254080475,0.9356256328290988,214,354,331.0
1.3.6.1.4.1.14519.5.2.1.6279.6001.141430002307216644912805017227,1,0,103.0,104.0,328.0,0.31212121212121213,0.48826291079812206,0.9291784702549575,214,354,331.0
1.3.6.1.4.1.14519.5.2.1.6279.6001.141430002307216644912805017227,2,0,103.0,102.0,331.0,0.31212121212121213,0.4788732394366197,0.9376770538243626,214,354,331.0
1.3.6.1.4.1.14519.5.2.1.6279.6001.141430002307216644912805017227,3,0,103.0,106.0,332.0,0.31212121212121213,0.49765258215962443,0.9405099150141643,214,354,331.0
1.3.6.1.4.1.14519.5.2.1.6279.6001.141430002307216644912805017227,4,0,103.0,105.0,328.0,0.31212121212121213,0.49295774647887325,0.9291784702549575,214,354,331.0
1.3.6.1.4.1.14519.5.2.1.6279.6001.141430002307216644912805017227,5,1,139.0,43.78260803222656,279.9130554199219,0.4212121212121212,0.2055521503860402,0.792954831217909,214,354,331.0
1.3.6.1.4.1.14519.5.2.1.6279.6001.141430002307216644912805017227,6,1,139.0,43.0,278.0,0.4212121212121212,0.20187793427230047,0.7875354107648725,214,354,331.0
1.3.6.1.4.1.14519.5.2.1.6279.6001.141430002307216644912805017227,7,1,139.0,42.0,281.0,0.4212121212121212,0.19718309859154928,0.7960339943342776,214,354,331.0
1.3.6.1.4.1.14519.5.2.1.6279.6001.141430002307216644912805017227,8,1,139.0,46.0,281.0,0.4212121212121212,0.215962441314554,0.7960339943342776,214,354,331.0
1.3.6.1.4.1.14519.5.2.1.6279.6001.141430002307216644912805017227,9,1,139.0,44.0,278.0,0.4212121212121212,0.20657276995305165,0.7875354107648725,214,354,331.0
1.3.6.1.4.1.14519.5.2.1.6279.6001.141430002307216644912805017227,10,2,95.0,88.5,25.5,0.2878787878787879,0.4154929577464789,0.07223796033994334,214,354,331.0
1.3.6.1.4.1.14519.5.2.1.6279.6001.141430002307216644912805017227,11,2,95.0,88.0,24.0,0.2878787878787879,0.4131455399061033,0.0679886685552408,214,354,331.0
1.3.6.1.4.1.14519.5.2.1.6279.6001.141430002307216644912805017227,12,2,95.0,87.0,26.0,0.2878787878787879,0.4084507042253521,0.07365439093484419,214,354,331.0
1.3.6.1.4.1.14519.5.2.1.6279.6001.141430002307216644912805017227,13,2,95.0,90.0,27.0,0.2878787878787879,0.4225352112676056,0.0764872521246459,214,354,331.0
1.3.6.1.4.1.14519.5.2.1.6279.6001.141430002307216644912805017227,14,2,95.0,89.0,24.0,0.2878787878787879,0.41784037558685444,0.0679886685552408,214,354,331.0
1.3.6.1.4.1.14519.5.2.1.6279.6001.141511313712034597336182402384,0,0,173.0,64.67742156982422,208.06451416015625,0.6784313725490196,0.31094914216261643,0.8064516052719235,209,259,256.0
1.3.6.1.4.1.14519.5.2.1.6279.6001.141511313712034597336182402384,1,0,173.0,64.0,200.0,0.6784313725490196,0.3076923076923077,0.7751937984496124,209,259,256.0
1.3.6.1.4.1.14519.5.2.1.6279.6001.141511313712034597336182402384,2,0,173.0,58.0,212.0,0.6784313725490196,0.27884615384615385,0.8217054263565892,209,259,256.0
1.3.6.1.4.1.14519.5.2.1.6279.6001.141511313712034597336182402384,3,0,173.0,71.0,212.0,0.6784313725490196,0.34134615384615385,0.8217054263565892,209,259,256.0
1.3.6.1.4.1.14519.5.2.1.6279.6001.141511313712034597336182402384,4,0,173.0,65.0,200.0,0.6784313725490196,0.3125,0.7751937984496124,209,259,256.0
1.3.6.1.4.1.14519.5.2.1.6279.6001.141511313712034597336182402384,5,1,191.0,38.5,68.5,0.7490196078431373,0.18509615384615385,0.2655038759689923,209,259,256.0
1.3.6.1.4.1.14519.5.2.1.6279.6001.141511313712034597336182402384,6,1,191.0,38.0,66.0,0.7490196078431373,0.18269230769230768,0.2558139534883721,209,259,256.0
1.3.6.1.4.1.14519.5.2.1.6279.6001.141511313712034597336182402384,7,1,191.0,36.0,70.0,0.7490196078431373,0.17307692307692307,0.2713178294573643,209,259,256.0
1.3.6.1.4.1.14519.5.2.1.6279.6001.141511313712034597336182402384,8,1,191.0,41.0,70.0,0.7490196078431373,0.1971153846153846,0.2713178294573643,209,259,256.0
1.3.6.1.4.1.14519.5.2.1.6279.6001.141511313712034597336182402384,9,1,191.0,39.0,66.0,0.7490196078431373,0.1875,0.2558139534883721,209,259,256.0
1.3.6.1.4.1.14519.5.2.1.6279.6001.141511313712034597336182402384,10,2,122.0,183.61538696289062,154.38461303710938,0.47843137254901963,0.8827662834754357,0.5983899730120519,209,259,256.0
1.3.6.1.4.1.14519.5.2.1.6279.6001.141511313712034597336182402384,11,2,122.0,183.0,153.0,0.47843137254901963,0.8798076923076923,0.5930232558139535,209,259,256.0
1.3.6.1.4.1.14519.5.2.1.6279.6001.141511313712034597336182402384,12,2,122.0,182.0,155.0,0.47843137254901963,0.875,0.6007751937984496,209,259,256.0
1.3.6.1.4.1.14519.5.2.1.6279.6001.141511313712034597336182402384,13,2,122.0,185.0,155.0,0.47843137254901963,0.8894230769230769,0.6007751937984496,209,259,256.0
1.3.6.1.4.1.14519.5.2.1.6279.6001.141511313712034597336182402384,14,2,122.0,184.0,153.0,0.47843137254901963,0.8846153846153846,0.5930232558139535,209,259,256.0
1.3.6.1.4.1.14519.5.2.1.6279.6001.142154819868944114554521645782,0,0,253.0,81.1463394165039,182.85365295410156,0.8518518518518519,0.41828010008507166,0.6507247436089023,195,282,298.0
1.3.6.1.4.1.14519.5.2.1.6279.6001.142154819868944114554521645782,1,0,253.0,81.0,180.0,0.8518518518518519,0.4175257731958763,0.6405693950177936,195,282,298.0
1.3.6.1.4.1.14519.5.2.1.6279.6001.142154819868944114554521645782,2,0,253.0,78.0,184.0,0.8518518518518519,0.4020618556701031,0.6548042704626335,195,282,298.0
1.3.6.1.4.1.14519.5.2.1.6279.6001.142154819868944114554521645782,3,0,253.0,84.0,185.0,0.8518518518518519,0.4329896907216495,0.6583629893238434,195,282,298.0
1.3.6.1.4.1.14519.5.2.1.6279.6001.142154819868944114554521645782,4,0,253.0,82.0,180.0,0.8518518518518519,0.422680412371134,0.6405693950177936,195,282,298.0
1.3.6.1.4.1.14519.5.2.1.6279.6001.142485715518010940961688015191,0,0,155.0,48.296295166015625,55.77777862548828,0.5719557195571956,0.2046453185000662,0.18109668384898792,237,309,272.0
1.3.6.1.4.1.14519.5.2.1.6279.6001.142485715518010940961688015191,1,0,155.0,48.0,53.0,0.5719557195571956,0.2033898305084746,0.17207792207792208,237,309,272.0
1.3.6.1.4.1.14519.5.2.1.6279.6001.142485715518010940961688015191,2,0,155.0,46.0,56.0,0.5719557195571956,0.19491525423728814,0.18181818181818182,237,309,272.0
1.3.6.1.4.1.14519.5.2.1.6279.6001.142485715518010940961688015191,3,0,155.0,50.0,58.0,0.5719557195571956,0.211864406779661,0.18831168831168832,237,309,272.0
1.3.6.1.4.1.14519.5.2.1.6279.6001.142485715518010940961688015191,4,0,155.0,49.0,54.0,0.5719557195571956,0.2076271186440678,0.17532467532467533,237,309,272.0
1.3.6.1.4.1.14519.5.2.1.6279.6001.142485715518010940961688015191,5,1,55.0,195.0,197.0,0.2029520295202952,0.826271186440678,0.6396103896103896,237,309,272.0
1.3.6.1.4.1.14519.5.2.1.6279.6001.142485715518010940961688015191,6,1,55.0,194.0,195.0,0.2029520295202952,0.8220338983050848,0.6331168831168831,237,309,272.0
1.3.6.1.4.1.14519.5.2.1.6279.6001.142485715518010940961688015191,7,1,55.0,193.0,198.0,0.2029520295202952,0.8177966101694916,0.6428571428571429,237,309,272.0
1.3.6.1.4.1.14519.5.2.1.6279.6001.142485715518010940961688015191,8,1,55.0,197.0,198.0,0.2029520295202952,0.8347457627118644,0.6428571428571429,237,309,272.0
1.3.6.1.4.1.14519.5.2.1.6279.6001.142485715518010940961688015191,9,1,55.0,195.0,195.0,0.2029520295202952,0.826271186440678,0.6331168831168831,237,309,272.0
1.3.6.1.4.1.14519.5.2.1.6279.6001.142485715518010940961688015191,10,2,154.0,96.25,37.66666793823242,0.5682656826568265,0.4078389830508475,0.12229437642283254,237,309,272.0
1.3.6.1.4.1.14519.5.2.1.6279.6001.142485715518010940961688015191,11,2,154.0,96.0,36.0,0.5682656826568265,0.4067796610169492,0.11688311688311688,237,309,272.0
1.3.6.1.4.1.14519.5.2.1.6279.6001.142485715518010940961688015191,12,2,154.0,95.0,38.0,0.5682656826568265,0.4025423728813559,0.12337662337662338,237,309,272.0
1.3.6.1.4.1.14519.5.2.1.6279.6001.142485715518010940961688015191,13,2,154.0,97.0,39.0,0.5682656826568265,0.4110169491525424,0.1266233766233766,237,309,272.0
1.3.6.1.4.1.14519.5.2.1.6279.6001.142485715518010940961688015191,14,2,154.0,97.0,36.0,0.5682656826568265,0.4110169491525424,0.11688311688311688,237,309,272.0
1.3.6.1.4.1.14519.5.2.1.6279.6001.143412474064515942785157561636,0,0,80.0,145.2916717529297,246.0,0.31496062992125984,0.7264583587646485,0.8482758620689655,201,291,255.0
1.3.6.1.4.1.14519.5.2.1.6279.6001.143412474064515942785157561636,1,0,80.0,145.0,244.0,0.31496062992125984,0.725,0.8413793103448276,201,291,255.0
1.3.6.1.4.1.14519.5.2.1.6279.6001.143412474064515942785157561636,2,0,80.0,143.0,247.0,0.31496062992125984,0.715,0.8517241379310345,201,291,255.0
1.3.6.1.4.1.14519.5.2.1.6279.6001.143412474064515942785157561636,3,0,80.0,147.0,248.0,0.31496062992125984,0.735,0.8551724137931035,201,291,255.0
1.3.6.1.4.1.14519.5.2.1.6279.6001.143412474064515942785157561636,4,0,80.0,146.0,244.0,0.31496062992125984,0.73,0.8413793103448276,201,291,255.0
1.3.6.1.4.1.14519.5.2.1.6279.6001.143622857676008763729469324839,0,0,248.0,132.58544921875,90.23636627197266,0.7873015873015873,0.5618027509269068,0.26776369813641737,237,338,316.0
1.3.6.1.4.1.14519.5.2.1.6279.6001.143622857676008763729469324839,1,0,248.0,132.0,81.0,0.7873015873015873,0.559322033898305,0.2403560830860534,237,338,316.0
1.3.6.1.4.1.14519.5.2.1.6279.6001.143622857676008763729469324839,2,0,248.0,124.0,94.0,0.7873015873015873,0.5254237288135594,0.2789317507418398,237,338,316.0
1.3.6.1.4.1.14519.5.2.1.6279.6001.143622857676008763729469324839,3,0,248.0,140.0,95.0,0.7873015873015873,0.5932203389830508,0.2818991097922849,237,338,316.0
1.3.6.1.4.1.14519.5.2.1.6279.6001.143622857676008763729469324839,4,0,248.0,133.0,81.0,0.7873015873015873,0.5635593220338984,0.2403560830860534,237,338,316.0
1.3.6.1.4.1.14519.5.2.1.6279.6001.144883090372691745980459537053,0,0,40.0,74.5,38.5,0.1444043321299639,0.36341463414634145,0.13414634146341464,206,288,278.0
1.3.6.1.4.1.14519.5.2.1.6279.6001.144883090372691745980459537053,1,0,40.0,74.0,31.0,0.1444043321299639,0.36097560975609755,0.10801393728222997,206,288,278.0
1.3.6.1.4.1.14519.5.2.1.6279.6001.144883090372691745980459537053,2,0,40.0,68.0,42.0,0.1444043321299639,0.33170731707317075,0.14634146341463414,206,288,278.0
1.3.6.1.4.1.14519.5.2.1.6279.6001.144883090372691745980459537053,3,0,40.0,81.0,43.0,0.1444043321299639,0.3951219512195122,0.14982578397212543,206,288,278.0
1.3.6.1.4.1.14519.5.2.1.6279.6001.144883090372691745980459537053,4,0,40.0,75.0,31.0,0.1444043321299639,0.36585365853658536,0.10801393728222997,206,288,278.0
1.3.6.1.4.1.14519.5.2.1.6279.6001.144883090372691745980459537053,5,1,153.0,144.5,60.5,0.5523465703971119,0.7048780487804878,0.21080139372822299,206,288,278.0
1.3.6.1.4.1.14519.5.2.1.6279.6001.144883090372691745980459537053,6,1,153.0,144.0,59.0,0.5523465703971119,0.7024390243902439,0.20557491289198607,206,288,278.0
1.3.6.1.4.1.14519.5.2.1.6279.6001.144883090372691745980459537053,7,1,153.0,143.0,61.0,0.5523465703971119,0.697560975609756,0.21254355400696864,206,288,278.0
1.3.6.1.4.1.14519.5.2.1.6279.6001.144883090372691745980459537053,8,1,153.0,146.0,62.0,0.5523465703971119,0.7121951219512195,0.21602787456445993,206,288,278.0
1.3.6.1.4.1.14519.5.2.1.6279.6001.144883090372691745980459537053,9,1,153.0,145.0,59.0,0.5523465703971119,0.7073170731707317,0.20557491289198607,206,288,278.0
1.3.6.1.4.1.14519.5.2.1.6279.6001.145759169833745025756371695397,0,0,68.0,97.45945739746094,82.0810775756836,0.24548736462093862,0.4972421295788823,0.2791873386928013,197,295,278.0
1.3.6.1.4.1.14519.5.2.1.6279.6001.145759169833745025756371695397,1,0,68.0,97.0,79.0,0.24548736462093862,0.49489795918367346,0.2687074829931973,197,295,278.0
1.3.6.1.4.1.14519.5.2.1.6279.6001.145759169833745025756371695397,2,0,68.0,95.0,83.0,0.24548736462093862,0.4846938775510204,0.282312925170068,197,295,278.0
1.3.6.1.4.1.14519.5.2.1.6279.6001.145759169833745025756371695397,3,0,68.0,100.0,84.0,0.24548736462093862,0.5102040816326531,0.2857142857142857,197,295,278.0
1.3.6.1.4.1.14519.5.2.1.6279.6001.145759169833745025756371695397,4,0,68.0,98.0,79.0,0.24548736462093862,0.5,0.2687074829931973,197,295,278.0
1.3.6.1.4.1.14519.5.2.1.6279.6001.146987333806092287055399155268,0,0,106.0,84.76200103759766,256.4843444824219,0.3281733746130031,0.37505310193627284,0.7940691779641544,227,324,324.0
1.3.6.1.4.1.14519.5.2.1.6279.6001.146987333806092287055399155268,1,0,106.0,84.0,245.0,0.3281733746130031,0.37168141592920356,0.7585139318885449,227,324,324.0
1.3.6.1.4.1.14519.5.2.1.6279.6001.146987333806092287055399155268,2,0,106.0,74.0,262.0,0.3281733746130031,0.3274336283185841,0.8111455108359134,227,324,324.0
1.3.6.1.4.1.14519.5.2.1.6279.6001.146987333806092287055399155268,3,0,106.0,95.0,263.0,0.3281733746130031,0.42035398230088494,0.8142414860681114,227,324,324.0
1.3.6.1.4.1.14519.5.2.1.6279.6001.146987333806092287055399155268,4,0,106.0,85.0,245.0,0.3281733746130031,0.37610619469026546,0.7585139318885449,227,324,324.0
1.3.6.1.4.1.14519.5.2.1.6279.6001.147250707071097813243473865421,0,0,224.0,116.45454406738281,216.78787231445312,0.8715953307392996,0.557198775442023,0.7373737153552827,210,295,258.0
1.3.6.1.4.1.14519.5.2.1.6279.6001.147250707071097813243473865421,1,0,224.0,116.0,214.0,0.8715953307392996,0.5550239234449761,0.7278911564625851,210,295,258.0
1.3.6.1.4.1.14519.5.2.1.6279.6001.147250707071097813243473865421,2,0,224.0,114.0,218.0,0.8715953307392996,0.5454545454545454,0.7414965986394558,210,295,258.0
1.3.6.1.4.1.14519.5.2.1.6279.6001.147250707071097813243473865421,3,0,224.0,119.0,218.0,0.8715953307392996,0.569377990430622,0.7414965986394558,210,295,258.0
1.3.6.1.4.1.14519.5.2.1.6279.6001.147250707071097813243473865421,4,0,224.0,117.0,214.0,0.8715953307392996,0.5598086124401914,0.7278911564625851,210,295,258.0
1.3.6.1.4.1.14519.5.2.1.6279.6001.147250707071097813243473865421,5,1,147.0,170.125,122.33333587646484,0.5719844357976653,0.8139952153110048,0.41609978189273755,210,295,258.0
1.3.6.1.4.1.14519.5.2.1.6279.6001.147250707071097813243473865421,6,1,147.0,170.0,120.0,0.5719844357976653,0.8133971291866029,0.40816326530612246,210,295,258.0
1.3.6.1.4.1.14519.5.2.1.6279.6001.147250707071097813243473865421,7,1,147.0,168.0,123.0,0.5719844357976653,0.8038277511961722,0.41836734693877553,210,295,258.0
1.3.6.1.4.1.14519.5.2.1.6279.6001.147250707071097813243473865421,8,1,147.0,172.0,124.0,0.5719844357976653,0.8229665071770335,0.4217687074829932,210,295,258.0
1.3.6.1.4.1.14519.5.2.1.6279.6001.147250707071097813243473865421,9,1,147.0,171.0,120.0,0.5719844357976653,0.8181818181818182,0.40816326530612246,210,295,258.0
1.3.6.1.4.1.14519.5.2.1.6279.6001.147325126373007278009743173696,0,0,153.0,64.28571319580078,65.5,0.5708955223880597,0.3263234172375674,0.25,198,263,269.0
1.3.6.1.4.1.14519.5.2.1.6279.6001.147325126373007278009743173696,1,0,153.0,64.0,64.0,0.5708955223880597,0.3248730964467005,0.24427480916030533,198,263,269.0
1.3.6.1.4.1.14519.5.2.1.6279.6001.147325126373007278009743173696,2,0,153.0,63.0,66.0,0.5708955223880597,0.3197969543147208,0.25190839694656486,198,263,269.0
1.3.6.1.4.1.14519.5.2.1.6279.6001.147325126373007278009743173696,3,0,153.0,65.0,67.0,0.5708955223880597,0.3299492385786802,0.25572519083969464,198,263,269.0
1.3.6.1.4.1.14519.5.2.1.6279.6001.147325126373007278009743173696,4,0,153.0,65.0,64.0,0.5708955223880597,0.3299492385786802,0.24427480916030533,198,263,269.0
1.3.6.1.4.1.14519.5.2.1.6279.6001.147325126373007278009743173696,5,1,232.0,141.7142791748047,112.5,0.8656716417910447,0.7193618232223589,0.42938931297709926,198,263,269.0
1.3.6.1.4.1.14519.5.2.1.6279.6001.147325126373007278009743173696,6,1,232.0,141.0,111.0,0.8656716417910447,0.7157360406091371,0.42366412213740456,198,263,269.0
1.3.6.1.4.1.14519.5.2.1.6279.6001.147325126373007278009743173696,7,1,232.0,141.0,114.0,0.8656716417910447,0.7157360406091371,0.4351145038167939,198,263,269.0
1.3.6.1.4.1.14519.5.2.1.6279.6001.147325126373007278009743173696,8,1,232.0,143.0,113.0,0.8656716417910447,0.7258883248730964,0.4312977099236641,198,263,269.0
1.3.6.1.4.1.14519.5.2.1.6279.6001.147325126373007278009743173696,9,1,232.0,142.0,111.0,0.8656716417910447,0.7208121827411168,0.42366412213740456,198,263,269.0
1.3.6.1.4.1.14519.5.2.1.6279.6001.148229375703208214308676934766,0,0,83.0,129.09091186523438,324.69696044921875,0.25696594427244585,0.5814905939875422,0.9578081429180494,223,340,324.0
1.3.6.1.4.1.14519.5.2.1.6279.6001.148229375703208214308676934766,1,0,83.0,129.0,322.0,0.25696594427244585,0.581081081081081,0.9498525073746312,223,340,324.0
1.3.6.1.4.1.14519.5.2.1.6279.6001.148229375703208214308676934766,2,0,83.0,127.0,326.0,0.25696594427244585,0.5720720720720721,0.9616519174041298,223,340,324.0
1.3.6.1.4.1.14519.5.2.1.6279.6001.148229375703208214308676934766,3,0,83.0,131.0,327.0,0.25696594427244585,0.5900900900900901,0.9646017699115044,223,340,324.0
1.3.6.1.4.1.14519.5.2.1.6279.6001.148229375703208214308676934766,4,0,83.0,130.0,322.0,0.25696594427244585,0.5855855855855856,0.9498525073746312,223,340,324.0
1.3.6.1.4.1.14519.5.2.1.6279.6001.148229375703208214308676934766,5,1,233.0,111.11538696289062,248.0,0.7213622291021672,0.5005197610941019,0.7315634218289085,223,340,324.0
1.3.6.1.4.1.14519.5.2.1.6279.6001.148229375703208214308676934766,6,1,233.0,111.0,246.0,0.7213622291021672,0.5,0.7256637168141593,223,340,324.0
1.3.6.1.4.1.14519.5.2.1.6279.6001.148229375703208214308676934766,7,1,233.0,109.0,249.0,0.7213622291021672,0.49099099099099097,0.7345132743362832,223,340,324.0
1.3.6.1.4.1.14519.5.2.1.6279.6001.148229375703208214308676934766,8,1,233.0,113.0,250.0,0.7213622291021672,0.509009009009009,0.7374631268436578,223,340,324.0
1.3.6.1.4.1.14519.5.2.1.6279.6001.148229375703208214308676934766,9,1,233.0,112.0,246.0,0.7213622291021672,0.5045045045045045,0.7256637168141593,223,340,324.0
1.3.6.1.4.1.14519.5.2.1.6279.6001.148447286464082095534651426689,0,0,174.0,48.82790756225586,218.0,0.6566037735849056,0.23362635197251608,0.7841726618705036,210,279,266.0
1.3.6.1.4.1.14519.5.2.1.6279.6001.148447286464082095534651426689,1,0,174.0,48.0,207.0,0.6566037735849056,0.22966507177033493,0.7446043165467626,210,279,266.0
1.3.6.1.4.1.14519.5.2.1.6279.6001.148447286464082095534651426689,2,0,174.0,39.0,224.0,0.6566037735849056,0.18660287081339713,0.8057553956834532,210,279,266.0
1.3.6.1.4.1.14519.5.2.1.6279.6001.148447286464082095534651426689,3,0,174.0,59.0,223.0,0.6566037735849056,0.2822966507177033,0.802158273381295,210,279,266.0
1.3.6.1.4.1.14519.5.2.1.6279.6001.148447286464082095534651426689,4,0,174.0,49.0,207.0,0.6566037735849056,0.23444976076555024,0.7446043165467626,210,279,266.0
1.3.6.1.4.1.14519.5.2.1.6279.6001.148447286464082095534651426689,5,1,192.0,106.13793182373047,247.5,0.7245283018867924,0.5078369943719161,0.8902877697841727,210,279,266.0
1.3.6.1.4.1.14519.5.2.1.6279.6001.148447286464082095534651426689,6,1,192.0,106.0,244.0,0.7245283018867924,0.507177033492823,0.8776978417266187,210,279,266.0
1.3.6.1.4.1.14519.5.2.1.6279.6001.148447286464082095534651426689,7,1,192.0,103.0,249.0,0.7245283018867924,0.49282296650717705,0.89568345323741,210,279,266.0
1.3.6.1.4.1.14519.5.2.1.6279.6001.148447286464082095534651426689,8,1,192.0,109.0,250.0,0.7245283018867924,0.5215311004784688,0.8992805755395683,210,279,266.0
1.3.6.1.4.1.14519.5.2.1.6279.6001.148447286464082095534651426689,9,1,192.0,107.0,244.0,0.7245283018867924,0.5119617224880383,0.8776978417266187,210,279,266.0
1.3.6.1.4.1.14519.5.2.1.6279.6001.148447286464082095534651426689,10,2,106.0,19.5,98.80000305175781,0.4,0.09330143540669857,0.3553956944307835,210,279,266.0
1.3.6.1.4.1.14519.5.2.1.6279.6001.148447286464082095534651426689,11,2,106.0,19.0,97.0,0.4,0.09090909090909091,0.3489208633093525,210,279,266.0
1.3.6.1.4.1.14519.5.2.1.6279.6001.148447286464082095534651426689,12,2,106.0,17.0,99.0,0.4,0.08133971291866028,0.35611510791366907,210,279,266.0
1.3.6.1.4.1.14519.5.2.1.6279.6001.148447286464082095534651426689,13,2,106.0,21.0,100.0,0.4,0.10047846889952153,0.3597122302158273,210,279,266.0
1.3.6.1.4.1.14519.5.2.1.6279.6001.148447286464082095534651426689,14,2,106.0,20.0,97.0,0.4,0.09569377990430622,0.3489208633093525,210,279,266.0
1.3.6.1.4.1.14519.5.2.1.6279.6001.148447286464082095534651426689,15,3,90.0,83.5,254.5,0.33962264150943394,0.39952153110047844,0.9154676258992805,210,279,266.0
1.3.6.1.4.1.14519.5.2.1.6279.6001.148447286464082095534651426689,16,3,90.0,83.0,253.0,0.33962264150943394,0.39712918660287083,0.9100719424460432,210,279,266.0
1.3.6.1.4.1.14519.5.2.1.6279.6001.148447286464082095534651426689,17,3,90.0,82.0,255.0,0.33962264150943394,0.3923444976076555,0.9172661870503597,210,279,266.0
1.3.6.1.4.1.14519.5.2.1.6279.6001.148447286464082095534651426689,18,3,90.0,85.0,256.0,0.33962264150943394,0.40669856459330145,0.920863309352518,210,279,266.0
1.3.6.1.4.1.14519.5.2.1.6279.6001.148447286464082095534651426689,19,3,90.0,84.0,253.0,0.33962264150943394,0.4019138755980861,0.9100719424460432,210,279,266.0
1.3.6.1.4.1.14519.5.2.1.6279.6001.148447286464082095534651426689,20,4,118.0,47.57143020629883,204.0,0.44528301886792454,0.22761449859473123,0.7338129496402878,210,279,266.0
1.3.6.1.4.1.14519.5.2.1.6279.6001.148447286464082095534651426689,21,4,118.0,47.0,203.0,0.44528301886792454,0.22488038277511962,0.7302158273381295,210,279,266.0
1.3.6.1.4.1.14519.5.2.1.6279.6001.148447286464082095534651426689,22,4,118.0,46.0,205.0,0.44528301886792454,0.22009569377990432,0.737410071942446,210,279,266.0
1.3.6.1.4.1.14519.5.2.1.6279.6001.148447286464082095534651426689,23,4,118.0,49.0,205.0,0.44528301886792454,0.23444976076555024,0.737410071942446,210,279,266.0
1.3.6.1.4.1.14519.5.2.1.6279.6001.148447286464082095534651426689,24,4,118.0,48.0,202.0,0.44528301886792454,0.22966507177033493,0.7266187050359713,210,279,266.0
1.3.6.1.4.1.14519.5.2.1.6279.6001.149041668385192796520281592139,0,0,58.0,181.72500610351562,223.56500244140625,0.18412698412698414,0.8612559530972305,0.7604251783721301,212,295,316.0
1.3.6.1.4.1.14519.5.2.1.6279.6001.149041668385192796520281592139,1,0,58.0,181.0,216.0,0.18412698412698414,0.8578199052132701,0.7346938775510204,212,295,316.0
1.3.6.1.4.1.14519.5.2.1.6279.6001.149041668385192796520281592139,2,0,58.0,176.0,228.0,0.18412698412698414,0.8341232227488151,0.7755102040816326,212,295,316.0
1.3.6.1.4.1.14519.5.2.1.6279.6001.149041668385192796520281592139,3,0,58.0,188.0,227.0,0.18412698412698414,0.8909952606635071,0.7721088435374149,212,295,316.0
1.3.6.1.4.1.14519.5.2.1.6279.6001.149041668385192796520281592139,4,0,58.0,182.0,216.0,0.18412698412698414,0.8625592417061612,0.7346938775510204,212,295,316.0
1.3.6.1.4.1.14519.5.2.1.6279.6001.149463915556499304732434215056,0,0,151.0,50.871795654296875,74.12820434570312,0.48242811501597443,0.23551757247359664,0.24464753909472978,217,304,314.0
1.3.6.1.4.1.14519.5.2.1.6279.6001.149463915556499304732434215056,1,0,151.0,50.0,71.0,0.48242811501597443,0.23148148148148148,0.23432343234323433,217,304,314.0
1.3.6.1.4.1.14519.5.2.1.6279.6001.149463915556499304732434215056,2,0,151.0,48.0,76.0,0.48242811501597443,0.2222222222222222,0.2508250825082508,217,304,314.0
1.3.6.1.4.1.14519.5.2.1.6279.6001.149463915556499304732434215056,3,0,151.0,53.0,76.0,0.48242811501597443,0.24537037037037038,0.2508250825082508,217,304,314.0
1.3.6.1.4.1.14519.5.2.1.6279.6001.149463915556499304732434215056,4,0,151.0,51.0,71.0,0.48242811501597443,0.2361111111111111,0.23432343234323433,217,304,314.0
1.3.6.1.4.1.14519.5.2.1.6279.6001.149893110752986700464921264055,0,0,183.0,141.33474731445312,67.81356048583984,0.8169642857142857,0.6730226062593005,0.23794231749417488,211,286,225.0
1.3.6.1.4.1.14519.5.2.1.6279.6001.149893110752986700464921264055,1,0,183.0,141.0,60.0,0.8169642857142857,0.6714285714285714,0.21052631578947367,211,286,225.0
1.3.6.1.4.1.14519.5.2.1.6279.6001.149893110752986700464921264055,2,0,183.0,134.0,71.0,0.8169642857142857,0.638095238095238,0.24912280701754386,211,286,225.0
1.3.6.1.4.1.14519.5.2.1.6279.6001.149893110752986700464921264055,3,0,183.0,148.0,73.0,0.8169642857142857,0.7047619047619048,0.256140350877193,211,286,225.0
1.3.6.1.4.1.14519.5.2.1.6279.6001.149893110752986700464921264055,4,0,183.0,142.0,60.0,0.8169642857142857,0.6761904761904762,0.21052631578947367,211,286,225.0
1.3.6.1.4.1.14519.5.2.1.6279.6001.149893110752986700464921264055,5,1,164.0,162.6666717529297,84.88888549804688,0.7321428571428571,0.7746031988234747,0.29785573858963815,211,286,225.0
1.3.6.1.4.1.14519.5.2.1.6279.6001.149893110752986700464921264055,6,1,164.0,162.0,84.0,0.7321428571428571,0.7714285714285715,0.29473684210526313,211,286,225.0
1.3.6.1.4.1.14519.5.2.1.6279.6001.149893110752986700464921264055,7,1,164.0,162.0,86.0,0.7321428571428571,0.7714285714285715,0.3017543859649123,211,286,225.0
1.3.6.1.4.1.14519.5.2.1.6279.6001.149893110752986700464921264055,8,1,164.0,164.0,85.0,0.7321428571428571,0.780952380952381,0.2982456140350877,211,286,225.0
1.3.6.1.4.1.14519.5.2.1.6279.6001.149893110752986700464921264055,9,1,164.0,163.0,84.0,0.7321428571428571,0.7761904761904762,0.29473684210526313,211,286,225.0
1.3.6.1.4.1.14519.5.2.1.6279.6001.150097650621090951325113116280,0,0,181.0,108.5,220.0,0.7182539682539683,0.46170212765957447,0.650887573964497,236,339,253.0
1.3.6.1.4.1.14519.5.2.1.6279.6001.150097650621090951325113116280,1,0,181.0,108.0,217.0,0.7182539682539683,0.4595744680851064,0.6420118343195266,236,339,253.0
1.3.6.1.4.1.14519.5.2.1.6279.6001.150097650621090951325113116280,2,0,181.0,106.0,221.0,0.7182539682539683,0.451063829787234,0.6538461538461539,236,339,253.0
1.3.6.1.4.1.14519.5.2.1.6279.6001.150097650621090951325113116280,3,0,181.0,111.0,222.0,0.7182539682539683,0.4723404255319149,0.6568047337278107,236,339,253.0
1.3.6.1.4.1.14519.5.2.1.6279.6001.150097650621090951325113116280,4,0,181.0,109.0,217.0,0.7182539682539683,0.46382978723404256,0.6420118343195266,236,339,253.0
1.3.6.1.4.1.14519.5.2.1.6279.6001.150684298696437181894923266019,0,0,138.0,59.5,73.5,0.5054945054945055,0.25,0.20473537604456823,239,360,274.0
1.3.6.1.4.1.14519.5.2.1.6279.6001.150684298696437181894923266019,1,0,138.0,59.0,71.0,0.5054945054945055,0.24789915966386555,0.1977715877437326,239,360,274.0
1.3.6.1.4.1.14519.5.2.1.6279.6001.150684298696437181894923266019,2,0,138.0,57.0,75.0,0.5054945054945055,0.23949579831932774,0.20891364902506965,239,360,274.0
1.3.6.1.4.1.14519.5.2.1.6279.6001.150684298696437181894923266019,3,0,138.0,62.0,75.0,0.5054945054945055,0.2605042016806723,0.20891364902506965,239,360,274.0
1.3.6.1.4.1.14519.5.2.1.6279.6001.150684298696437181894923266019,4,0,138.0,60.0,71.0,0.5054945054945055,0.25210084033613445,0.1977715877437326,239,360,274.0
1.3.6.1.4.1.14519.5.2.1.6279.6001.151764021165118974848436095034,0,0,181.0,70.0,83.0,0.6418439716312057,0.2755905511811024,0.2618296529968454,255,318,283.0
1.3.6.1.4.1.14519.5.2.1.6279.6001.151764021165118974848436095034,1,0,181.0,69.0,80.0,0.6418439716312057,0.27165354330708663,0.25236593059936907,255,318,283.0
1.3.6.1.4.1.14519.5.2.1.6279.6001.151764021165118974848436095034,2,0,181.0,68.0,85.0,0.6418439716312057,0.2677165354330709,0.26813880126182965,255,318,283.0
1.3.6.1.4.1.14519.5.2.1.6279.6001.151764021165118974848436095034,3,0,181.0,73.0,84.0,0.6418439716312057,0.2874015748031496,0.26498422712933756,255,318,283.0
1.3.6.1.4.1.14519.5.2.1.6279.6001.151764021165118974848436095034,4,0,181.0,70.0,80.0,0.6418439716312057,0.2755905511811024,0.25236593059936907,255,318,283.0
1.3.6.1.4.1.14519.5.2.1.6279.6001.151764021165118974848436095034,5,1,148.0,141.25,251.75,0.524822695035461,0.5561023622047244,0.7941640378548895,255,318,283.0
1.3.6.1.4.1.14519.5.2.1.6279.6001.151764021165118974848436095034,6,1,148.0,141.0,250.0,0.524822695035461,0.5551181102362205,0.7886435331230284,255,318,283.0
1.3.6.1.4.1.14519.5.2.1.6279.6001.151764021165118974848436095034,7,1,148.0,139.0,252.0,0.524822695035461,0.547244094488189,0.7949526813880127,255,318,283.0
1.3.6.1.4.1.14519.5.2.1.6279.6001.151764021165118974848436095034,8,1,148.0,143.0,253.0,0.524822695035461,0.562992125984252,0.7981072555205048,255,318,283.0
1.3.6.1.4.1.14519.5.2.1.6279.6001.151764021165118974848436095034,9,1,148.0,142.0,250.0,0.524822695035461,0.5590551181102362,0.7886435331230284,255,318,283.0
1.3.6.1.4.1.14519.5.2.1.6279.6001.151764021165118974848436095034,10,2,39.0,149.88888549804688,298.27777099609375,0.13829787234042554,0.5901137224332554,0.9409393406816837,255,318,283.0
1.3.6.1.4.1.14519.5.2.1.6279.6001.151764021165118974848436095034,11,2,39.0,149.0,297.0,0.13829787234042554,0.5866141732283464,0.9369085173501577,255,318,283.0
1.3.6.1.4.1.14519.5.2.1.6279.6001.151764021165118974848436095034,12,2,39.0,148.0,299.0,0.13829787234042554,0.5826771653543307,0.943217665615142,255,318,283.0
1.3.6.1.4.1.14519.5.2.1.6279.6001.151764021165118974848436095034,13,2,39.0,151.0,300.0,0.13829787234042554,0.594488188976378,0.9463722397476341,255,318,283.0
1.3.6.1.4.1.14519.5.2.1.6279.6001.151764021165118974848436095034,14,2,39.0,150.0,296.0,0.13829787234042554,0.5905511811023622,0.9337539432176656,255,318,283.0
1.3.6.1.4.1.14519.5.2.1.6279.6001.151764021165118974848436095034,15,3,112.0,48.88888931274414,68.66666412353516,0.3971631205673759,0.19247594217615804,0.21661408240862826,255,318,283.0
1.3.6.1.4.1.14519.5.2.1.6279.6001.151764021165118974848436095034,16,3,112.0,48.0,68.0,0.3971631205673759,0.1889763779527559,0.21451104100946372,255,318,283.0
1.3.6.1.4.1.14519.5.2.1.6279.6001.151764021165118974848436095034,17,3,112.0,48.0,70.0,0.3971631205673759,0.1889763779527559,0.22082018927444794,255,318,283.0
1.3.6.1.4.1.14519.5.2.1.6279.6001.151764021165118974848436095034,18,3,112.0,50.0,69.0,0.3971631205673759,0.1968503937007874,0.21766561514195584,255,318,283.0
1.3.6.1.4.1.14519.5.2.1.6279.6001.151764021165118974848436095034,19,3,112.0,49.0,67.0,0.3971631205673759,0.19291338582677164,0.2113564668769716,255,318,283.0
1.3.6.1.4.1.14519.5.2.1.6279.6001.153536305742006952753134773630,0,0,267.0,106.9246597290039,164.71917724609375,0.9143835616438356,0.5779711336702914,0.6434342861175537,186,257,293.0
1.3.6.1.4.1.14519.5.2.1.6279.6001.153536305742006952753134773630,1,0,267.0,106.0,158.0,0.9143835616438356,0.572972972972973,0.6171875,186,257,293.0
1.3.6.1.4.1.14519.5.2.1.6279.6001.153536305742006952753134773630,2,0,267.0,101.0,168.0,0.9143835616438356,0.5459459459459459,0.65625,186,257,293.0
1.3.6.1.4.1.14519.5.2.1.6279.6001.153536305742006952753134773630,3,0,267.0,112.0,168.0,0.9143835616438356,0.6054054054054054,0.65625,186,257,293.0
1.3.6.1.4.1.14519.5.2.1.6279.6001.153536305742006952753134773630,4,0,267.0,107.0,158.0,0.9143835616438356,0.5783783783783784,0.6171875,186,257,293.0
1.3.6.1.4.1.14519.5.2.1.6279.6001.153536305742006952753134773630,5,1,132.0,51.27692413330078,221.88461303710938,0.4520547945205479,0.2771725628827069,0.8667367696762085,186,257,293.0
1.3.6.1.4.1.14519.5.2.1.6279.6001.153536305742006952753134773630,6,1,132.0,51.0,216.0,0.4520547945205479,0.2756756756756757,0.84375,186,257,293.0
1.3.6.1.4.1.14519.5.2.1.6279.6001.153536305742006952753134773630,7,1,132.0,46.0,225.0,0.4520547945205479,0.24864864864864866,0.87890625,186,257,293.0
1.3.6.1.4.1.14519.5.2.1.6279.6001.153536305742006952753134773630,8,1,132.0,56.0,225.0,0.4520547945205479,0.3027027027027027,0.87890625,186,257,293.0
1.3.6.1.4.1.14519.5.2.1.6279.6001.153536305742006952753134773630,9,1,132.0,52.0,216.0,0.4520547945205479,0.2810810810810811,0.84375,186,257,293.0
1.3.6.1.4.1.14519.5.2.1.6279.6001.153536305742006952753134773630,10,2,147.0,85.0,213.61842346191406,0.5034246575342466,0.4594594594594595,0.8344469666481018,186,257,293.0
1.3.6.1.4.1.14519.5.2.1.6279.6001.153536305742006952753134773630,11,2,147.0,84.0,209.0,0.5034246575342466,0.4540540540540541,0.81640625,186,257,293.0
1.3.6.1.4.1.14519.5.2.1.6279.6001.153536305742006952753134773630,12,2,147.0,81.0,216.0,0.5034246575342466,0.43783783783783786,0.84375,186,257,293.0
1.3.6.1.4.1.14519.5.2.1.6279.6001.153536305742006952753134773630,13,2,147.0,89.0,216.0,0.5034246575342466,0.4810810810810811,0.84375,186,257,293.0
1.3.6.1.4.1.14519.5.2.1.6279.6001.153536305742006952753134773630,14,2,147.0,85.0,209.0,0.5034246575342466,0.4594594594594595,0.81640625,186,257,293.0
1.3.6.1.4.1.14519.5.2.1.6279.6001.153536305742006952753134773630,15,3,186.0,58.57143020629883,186.77142333984375,0.636986301369863,0.3166023254394531,0.7295758724212646,186,257,293.0
1.3.6.1.4.1.14519.5.2.1.6279.6001.153536305742006952753134773630,16,3,186.0,58.0,184.0,0.636986301369863,0.31351351351351353,0.71875,186,257,293.0
1.3.6.1.4.1.14519.5.2.1.6279.6001.153536305742006952753134773630,17,3,186.0,56.0,188.0,0.636986301369863,0.3027027027027027,0.734375,186,257,293.0
1.3.6.1.4.1.14519.5.2.1.6279.6001.153536305742006952753134773630,18,3,186.0,61.0,189.0,0.636986301369863,0.32972972972972975,0.73828125,186,257,293.0
1.3.6.1.4.1.14519.5.2.1.6279.6001.153536305742006952753134773630,19,3,186.0,59.0,184.0,0.636986301369863,0.31891891891891894,0.71875,186,257,293.0
1.3.6.1.4.1.14519.5.2.1.6279.6001.153536305742006952753134773630,20,4,217.0,110.78571319580078,47.5,0.7431506849315068,0.5988416929502745,0.185546875,186,257,293.0
1.3.6.1.4.1.14519.5.2.1.6279.6001.153536305742006952753134773630,21,4,217.0,110.0,45.0,0.7431506849315068,0.5945945945945946,0.17578125,186,257,293.0
1.3.6.1.4.1.14519.5.2.1.6279.6001.153536305742006952753134773630,22,4,217.0,109.0,49.0,0.7431506849315068,0.5891891891891892,0.19140625,186,257,293.0
1.3.6.1.4.1.14519.5.2.1.6279.6001.153536305742006952753134773630,23,4,217.0,113.0,49.0,0.7431506849315068,0.6108108108108108,0.19140625,186,257,293.0
1.3.6.1.4.1.14519.5.2.1.6279.6001.153536305742006952753134773630,24,4,217.0,111.0,45.0,0.7431506849315068,0.6,0.17578125,186,257,293.0
1.3.6.1.4.1.14519.5.2.1.6279.6001.153646219551578201092527860224,0,0,86.0,33.27586364746094,88.5862045288086,0.2986111111111111,0.1428148654397465,0.26364941824050175,234,337,289.0
1.3.6.1.4.1.14519.5.2.1.6279.6001.153646219551578201092527860224,1,0,86.0,33.0,86.0,0.2986111111111111,0.14163090128755365,0.25595238095238093,234,337,289.0
1.3.6.1.4.1.14519.5.2.1.6279.6001.153646219551578201092527860224,2,0,86.0,31.0,89.0,0.2986111111111111,0.13304721030042918,0.2648809523809524,234,337,289.0
1.3.6.1.4.1.14519.5.2.1.6279.6001.153646219551578201092527860224,3,0,86.0,35.0,91.0,0.2986111111111111,0.15021459227467812,0.2708333333333333,234,337,289.0
1.3.6.1.4.1.14519.5.2.1.6279.6001.153646219551578201092527860224,4,0,86.0,34.0,86.0,0.2986111111111111,0.1459227467811159,0.25595238095238093,234,337,289.0
1.3.6.1.4.1.14519.5.2.1.6279.6001.153732973534937692357111055819,0,0,258.0,185.9528350830078,112.33018493652344,0.821656050955414,0.7152032118577224,0.31030437827768903,261,363,315.0
1.3.6.1.4.1.14519.5.2.1.6279.6001.153732973534937692357111055819,1,0,258.0,185.0,105.0,0.821656050955414,0.7115384615384616,0.2900552486187845,261,363,315.0
1.3.6.1.4.1.14519.5.2.1.6279.6001.153732973534937692357111055819,2,0,258.0,179.0,116.0,0.821656050955414,0.6884615384615385,0.32044198895027626,261,363,315.0
1.3.6.1.4.1.14519.5.2.1.6279.6001.153732973534937692357111055819,3,0,258.0,193.0,116.0,0.821656050955414,0.7423076923076923,0.32044198895027626,261,363,315.0
1.3.6.1.4.1.14519.5.2.1.6279.6001.153732973534937692357111055819,4,0,258.0,186.0,105.0,0.821656050955414,0.7153846153846154,0.2900552486187845,261,363,315.0
1.3.6.1.4.1.14519.5.2.1.6279.6001.153732973534937692357111055819,5,1,216.0,129.5,286.8333435058594,0.6878980891719745,0.4980769230769231,0.792357302502374,261,363,315.0
1.3.6.1.4.1.14519.5.2.1.6279.6001.153732973534937692357111055819,6,1,216.0,129.0,284.0,0.6878980891719745,0.49615384615384617,0.7845303867403315,261,363,315.0
1.3.6.1.4.1.14519.5.2.1.6279.6001.153732973534937692357111055819,7,1,216.0,127.0,288.0,0.6878980891719745,0.48846153846153845,0.7955801104972375,261,363,315.0
1.3.6.1.4.1.14519.5.2.1.6279.6001.153732973534937692357111055819,8,1,216.0,132.0,289.0,0.6878980891719745,0.5076923076923077,0.7983425414364641,261,363,315.0
1.3.6.1.4.1.14519.5.2.1.6279.6001.153732973534937692357111055819,9,1,216.0,130.0,284.0,0.6878980891719745,0.5,0.7845303867403315,261,363,315.0
1.3.6.1.4.1.14519.5.2.1.6279.6001.153985109349433321657655488650,0,0,218.0,116.82467651367188,118.6709976196289,0.8134328358208955,0.5169233474056277,0.3563693622211078,227,334,269.0
1.3.6.1.4.1.14519.5.2.1.6279.6001.153985109349433321657655488650,1,0,218.0,116.0,107.0,0.8134328358208955,0.5132743362831859,0.3213213213213213,227,334,269.0
1.3.6.1.4.1.14519.5.2.1.6279.6001.153985109349433321657655488650,2,0,218.0,107.0,125.0,0.8134328358208955,0.47345132743362833,0.37537537537537535,227,334,269.0
1.3.6.1.4.1.14519.5.2.1.6279.6001.153985109349433321657655488650,3,0,218.0,127.0,124.0,0.8134328358208955,0.5619469026548672,0.37237237237237236,227,334,269.0
1.3.6.1.4.1.14519.5.2.1.6279.6001.153985109349433321657655488650,4,0,218.0,117.0,107.0,0.8134328358208955,0.5176991150442478,0.3213213213213213,227,334,269.0
1.3.6.1.4.1.14519.5.2.1.6279.6001.154677396354641150280013275227,0,0,157.0,59.105262756347656,73.57368469238281,0.6108949416342413,0.29405603361366994,0.28852425369561885,202,256,258.0
1.3.6.1.4.1.14519.5.2.1.6279.6001.154677396354641150280013275227,1,0,157.0,59.0,66.0,0.6108949416342413,0.2935323383084577,0.25882352941176473,202,256,258.0
1.3.6.1.4.1.14519.5.2.1.6279.6001.154677396354641150280013275227,2,0,157.0,52.0,76.0,0.6108949416342413,0.25870646766169153,0.2980392156862745,202,256,258.0
1.3.6.1.4.1.14519.5.2.1.6279.6001.154677396354641150280013275227,3,0,157.0,65.0,78.0,0.6108949416342413,0.32338308457711445,0.3058823529411765,202,256,258.0
1.3.6.1.4.1.14519.5.2.1.6279.6001.154677396354641150280013275227,4,0,157.0,60.0,66.0,0.6108949416342413,0.29850746268656714,0.25882352941176473,202,256,258.0
1.3.6.1.4.1.14519.5.2.1.6279.6001.154703816225841204080664115280,0,0,95.0,69.4117660522461,31.117647171020508,0.3114754098360656,0.3213507687603986,0.10136041423785182,217,308,306.0
1.3.6.1.4.1.14519.5.2.1.6279.6001.154703816225841204080664115280,1,0,95.0,69.0,29.0,0.3114754098360656,0.3194444444444444,0.09446254071661238,217,308,306.0
1.3.6.1.4.1.14519.5.2.1.6279.6001.154703816225841204080664115280,2,0,95.0,68.0,32.0,0.3114754098360656,0.3148148148148148,0.10423452768729642,217,308,306.0
1.3.6.1.4.1.14519.5.2.1.6279.6001.154703816225841204080664115280,3,0,95.0,70.0,33.0,0.3114754098360656,0.32407407407407407,0.10749185667752444,217,308,306.0
1.3.6.1.4.1.14519.5.2.1.6279.6001.154703816225841204080664115280,4,0,95.0,70.0,29.0,0.3114754098360656,0.32407407407407407,0.09446254071661238,217,308,306.0
1.3.6.1.4.1.14519.5.2.1.6279.6001.154703816225841204080664115280,5,1,99.0,198.39999389648438,67.5999984741211,0.32459016393442625,0.9185184902615018,0.2201954347691241,217,308,306.0
1.3.6.1.4.1.14519.5.2.1.6279.6001.154703816225841204080664115280,6,1,99.0,198.0,66.0,0.32459016393442625,0.9166666666666666,0.21498371335504887,217,308,306.0
1.3.6.1.4.1.14519.5.2.1.6279.6001.154703816225841204080664115280,7,1,99.0,197.0,68.0,0.32459016393442625,0.9120370370370371,0.22149837133550487,217,308,306.0
1.3.6.1.4.1.14519.5.2.1.6279.6001.154703816225841204080664115280,8,1,99.0,199.0,69.0,0.32459016393442625,0.9212962962962963,0.2247557003257329,217,308,306.0
1.3.6.1.4.1.14519.5.2.1.6279.6001.154703816225841204080664115280,9,1,99.0,199.0,66.0,0.32459016393442625,0.9212962962962963,0.21498371335504887,217,308,306.0
1.3.6.1.4.1.14519.5.2.1.6279.6001.154703816225841204080664115280,10,2,88.0,163.0,32.35293960571289,0.28852459016393445,0.7546296296296297,0.10538416809678466,217,308,306.0
1.3.6.1.4.1.14519.5.2.1.6279.6001.154703816225841204080664115280,11,2,88.0,162.0,31.0,0.28852459016393445,0.75,0.10097719869706841,217,308,306.0
1.3.6.1.4.1.14519.5.2.1.6279.6001.154703816225841204080664115280,12,2,88.0,162.0,34.0,0.28852459016393445,0.75,0.11074918566775244,217,308,306.0
1.3.6.1.4.1.14519.5.2.1.6279.6001.154703816225841204080664115280,13,2,88.0,165.0,33.0,0.28852459016393445,0.7638888888888888,0.10749185667752444,217,308,306.0
1.3.6.1.4.1.14519.5.2.1.6279.6001.154703816225841204080664115280,14,2,88.0,163.0,30.0,0.28852459016393445,0.7546296296296297,0.09771986970684039,217,308,306.0
1.3.6.1.4.1.14519.5.2.1.6279.6001.154837327827713479309898027966,0,0,139.0,154.9250030517578,75.80000305175781,0.5091575091575091,0.6272267330030681,0.250993387588602,248,303,274.0
1.3.6.1.4.1.14519.5.2.1.6279.6001.154837327827713479309898027966,1,0,139.0,154.0,73.0,0.5091575091575091,0.6234817813765182,0.24172185430463577,248,303,274.0
1.3.6.1.4.1.14519.5.2.1.6279.6001.154837327827713479309898027966,2,0,139.0,152.0,77.0,0.5091575091575091,0.6153846153846154,0.25496688741721857,248,303,274.0
1.3.6.1.4.1.14519.5.2.1.6279.6001.154837327827713479309898027966,3,0,139.0,158.0,77.0,0.5091575091575091,0.6396761133603239,0.25496688741721857,248,303,274.0
1.3.6.1.4.1.14519.5.2.1.6279.6001.154837327827713479309898027966,4,0,139.0,155.0,73.0,0.5091575091575091,0.6275303643724697,0.24172185430463577,248,303,274.0
1.3.6.1.4.1.14519.5.2.1.6279.6001.154837327827713479309898027966,5,1,81.0,66.0,263.8260803222656,0.2967032967032967,0.26720647773279355,0.8735962924578332,248,303,274.0
1.3.6.1.4.1.14519.5.2.1.6279.6001.154837327827713479309898027966,6,1,81.0,65.0,262.0,0.2967032967032967,0.2631578947368421,0.8675496688741722,248,303,274.0
1.3.6.1.4.1.14519.5.2.1.6279.6001.154837327827713479309898027966,7,1,81.0,64.0,265.0,0.2967032967032967,0.2591093117408907,0.8774834437086093,248,303,274.0
1.3.6.1.4.1.14519.5.2.1.6279.6001.154837327827713479309898027966,8,1,81.0,68.0,265.0,0.2967032967032967,0.27530364372469635,0.8774834437086093,248,303,274.0
1.3.6.1.4.1.14519.5.2.1.6279.6001.154837327827713479309898027966,9,1,81.0,66.0,262.0,0.2967032967032967,0.26720647773279355,0.8675496688741722,248,303,274.0
1.3.6.1.4.1.14519.5.2.1.6279.6001.154837327827713479309898027966,10,2,98.0,185.7894744873047,259.368408203125,0.358974358974359,0.7521841072360513,0.8588357887520696,248,303,274.0
1.3.6.1.4.1.14519.5.2.1.6279.6001.154837327827713479309898027966,11,2,98.0,185.0,258.0,0.358974358974359,0.7489878542510121,0.8543046357615894,248,303,274.0
1.3.6.1.4.1.14519.5.2.1.6279.6001.154837327827713479309898027966,12,2,98.0,184.0,260.0,0.358974358974359,0.7449392712550608,0.8609271523178808,248,303,274.0
1.3.6.1.4.1.14519.5.2.1.6279.6001.154837327827713479309898027966,13,2,98.0,187.0,261.0,0.358974358974359,0.757085020242915,0.8642384105960265,248,303,274.0
1.3.6.1.4.1.14519.5.2.1.6279.6001.154837327827713479309898027966,14,2,98.0,186.0,257.0,0.358974358974359,0.7530364372469636,0.8509933774834437,248,303,274.0
1.3.6.1.4.1.14519.5.2.1.6279.6001.154837327827713479309898027966,15,3,112.0,54.0,85.0,0.41025641025641024,0.21862348178137653,0.2814569536423841,248,303,274.0
1.3.6.1.4.1.14519.5.2.1.6279.6001.154837327827713479309898027966,16,3,112.0,53.0,83.0,0.41025641025641024,0.2145748987854251,0.27483443708609273,248,303,274.0
1.3.6.1.4.1.14519.5.2.1.6279.6001.154837327827713479309898027966,17,3,112.0,52.0,86.0,0.41025641025641024,0.21052631578947367,0.2847682119205298,248,303,274.0
1.3.6.1.4.1.14519.5.2.1.6279.6001.154837327827713479309898027966,18,3,112.0,56.0,86.0,0.41025641025641024,0.22672064777327935,0.2847682119205298,248,303,274.0
1.3.6.1.4.1.14519.5.2.1.6279.6001.154837327827713479309898027966,19,3,112.0,54.0,83.0,0.41025641025641024,0.21862348178137653,0.27483443708609273,248,303,274.0
1.3.6.1.4.1.14519.5.2.1.6279.6001.154837327827713479309898027966,20,4,60.0,179.2105255126953,271.0,0.21978021978021978,0.7255486862862158,0.8973509933774835,248,303,274.0
1.3.6.1.4.1.14519.5.2.1.6279.6001.154837327827713479309898027966,21,4,60.0,179.0,269.0,0.21978021978021978,0.7246963562753036,0.890728476821192,248,303,274.0
1.3.6.1.4.1.14519.5.2.1.6279.6001.154837327827713479309898027966,22,4,60.0,177.0,271.0,0.21978021978021978,0.7165991902834008,0.8973509933774835,248,303,274.0
1.3.6.1.4.1.14519.5.2.1.6279.6001.154837327827713479309898027966,23,4,60.0,180.0,273.0,0.21978021978021978,0.728744939271255,0.9039735099337748,248,303,274.0
1.3.6.1.4.1.14519.5.2.1.6279.6001.154837327827713479309898027966,24,4,60.0,180.0,269.0,0.21978021978021978,0.728744939271255,0.890728476821192,248,303,274.0
1.3.6.1.4.1.14519.5.2.1.6279.6001.154837327827713479309898027966,25,5,126.0,200.60000610351562,49.599998474121094,0.46153846153846156,0.8121457736984439,0.16423840554344732,248,303,274.0
1.3.6.1.4.1.14519.5.2.1.6279.6001.154837327827713479309898027966,26,5,126.0,200.0,48.0,0.46153846153846156,0.8097165991902834,0.15894039735099338,248,303,274.0
1.3.6.1.4.1.14519.5.2.1.6279.6001.154837327827713479309898027966,27,5,126.0,199.0,51.0,0.46153846153846156,0.805668016194332,0.16887417218543047,248,303,274.0
1.3.6.1.4.1.14519.5.2.1.6279.6001.154837327827713479309898027966,28,5,126.0,202.0,51.0,0.46153846153846156,0.8178137651821862,0.16887417218543047,248,303,274.0
1.3.6.1.4.1.14519.5.2.1.6279.6001.154837327827713479309898027966,29,5,126.0,201.0,48.0,0.46153846153846156,0.8137651821862348,0.15894039735099338,248,303,274.0
1.3.6.1.4.1.14519.5.2.1.6279.6001.156016499715048493339281864474,0,0,169.0,98.0,29.0,0.5232198142414861,0.41350210970464135,0.09508196721311475,238,306,324.0
1.3.6.1.4.1.14519.5.2.1.6279.6001.156016499715048493339281864474,1,0,169.0,97.0,26.0,0.5232198142414861,0.4092827004219409,0.08524590163934426,238,306,324.0
1.3.6.1.4.1.14519.5.2.1.6279.6001.156016499715048493339281864474,2,0,169.0,96.0,31.0,0.5232198142414861,0.4050632911392405,0.10163934426229508,238,306,324.0
1.3.6.1.4.1.14519.5.2.1.6279.6001.156016499715048493339281864474,3,0,169.0,101.0,30.0,0.5232198142414861,0.42616033755274263,0.09836065573770492,238,306,324.0
1.3.6.1.4.1.14519.5.2.1.6279.6001.156016499715048493339281864474,4,0,169.0,98.0,26.0,0.5232198142414861,0.41350210970464135,0.08524590163934426,238,306,324.0
1.3.6.1.4.1.14519.5.2.1.6279.6001.156016499715048493339281864474,5,1,180.0,129.0,40.173912048339844,0.5572755417956656,0.5443037974683544,0.13171774442078638,238,306,324.0
1.3.6.1.4.1.14519.5.2.1.6279.6001.156016499715048493339281864474,6,1,180.0,128.0,38.0,0.5572755417956656,0.540084388185654,0.12459016393442623,238,306,324.0
1.3.6.1.4.1.14519.5.2.1.6279.6001.156016499715048493339281864474,7,1,180.0,127.0,42.0,0.5572755417956656,0.5358649789029536,0.1377049180327869,238,306,324.0
1.3.6.1.4.1.14519.5.2.1.6279.6001.156016499715048493339281864474,8,1,180.0,131.0,42.0,0.5572755417956656,0.5527426160337553,0.1377049180327869,238,306,324.0
1.3.6.1.4.1.14519.5.2.1.6279.6001.156016499715048493339281864474,9,1,180.0,129.0,38.0,0.5572755417956656,0.5443037974683544,0.12459016393442623,238,306,324.0
1.3.6.1.4.1.14519.5.2.1.6279.6001.156016499715048493339281864474,10,2,261.0,182.82608032226562,70.0,0.8080495356037152,0.7714180604315005,0.22950819672131148,238,306,324.0
1.3.6.1.4.1.14519.5.2.1.6279.6001.156016499715048493339281864474,11,2,261.0,182.0,68.0,0.8080495356037152,0.7679324894514767,0.22295081967213115,238,306,324.0
1.3.6.1.4.1.14519.5.2.1.6279.6001.156016499715048493339281864474,12,2,261.0,181.0,71.0,0.8080495356037152,0.7637130801687764,0.23278688524590163,238,306,324.0
1.3.6.1.4.1.14519.5.2.1.6279.6001.156016499715048493339281864474,13,2,261.0,184.0,72.0,0.8080495356037152,0.7763713080168776,0.2360655737704918,238,306,324.0
1.3.6.1.4.1.14519.5.2.1.6279.6001.156016499715048493339281864474,14,2,261.0,183.0,68.0,0.8080495356037152,0.7721518987341772,0.22295081967213115,238,306,324.0
1.3.6.1.4.1.14519.5.2.1.6279.6001.159996104466052855396410079250,0,0,204.0,90.01905059814453,67.44761657714844,0.5604395604395604,0.38634785664439714,0.21827707630145127,234,310,365.0
1.3.6.1.4.1.14519.5.2.1.6279.6001.159996104466052855396410079250,1,0,204.0,89.0,62.0,0.5604395604395604,0.38197424892703863,0.20064724919093851,234,310,365.0
1.3.6.1.4.1.14519.5.2.1.6279.6001.159996104466052855396410079250,2,0,204.0,85.0,70.0,0.5604395604395604,0.3648068669527897,0.22653721682847897,234,310,365.0
1.3.6.1.4.1.14519.5.2.1.6279.6001.159996104466052855396410079250,3,0,204.0,95.0,70.0,0.5604395604395604,0.40772532188841204,0.22653721682847897,234,310,365.0
1.3.6.1.4.1.14519.5.2.1.6279.6001.159996104466052855396410079250,4,0,204.0,90.0,62.0,0.5604395604395604,0.38626609442060084,0.20064724919093851,234,310,365.0
1.3.6.1.4.1.14519.5.2.1.6279.6001.160124400349792614505500125883,0,0,244.0,121.57142639160156,102.67346954345703,0.7973856209150327,0.5930313482517149,0.3733580710671165,206,276,307.0
1.3.6.1.4.1.14519.5.2.1.6279.6001.160124400349792614505500125883,1,0,244.0,121.0,99.0,0.7973856209150327,0.5902439024390244,0.36,206,276,307.0
1.3.6.1.4.1.14519.5.2.1.6279.6001.160124400349792614505500125883,2,0,244.0,118.0,104.0,0.7973856209150327,0.5756097560975609,0.3781818181818182,206,276,307.0
1.3.6.1.4.1.14519.5.2.1.6279.6001.160124400349792614505500125883,3,0,244.0,124.0,105.0,0.7973856209150327,0.6048780487804878,0.38181818181818183,206,276,307.0
1.3.6.1.4.1.14519.5.2.1.6279.6001.160124400349792614505500125883,4,0,244.0,122.0,99.0,0.7973856209150327,0.5951219512195122,0.36,206,276,307.0
1.3.6.1.4.1.14519.5.2.1.6279.6001.160586340600816116143631200450,0,0,197.0,107.39655303955078,73.39655303955078,0.7086330935251799,0.5479415971405652,0.26689655650745736,197,276,279.0
1.3.6.1.4.1.14519.5.2.1.6279.6001.160586340600816116143631200450,1,0,197.0,107.0,70.0,0.7086330935251799,0.5459183673469388,0.2545454545454545,197,276,279.0
1.3.6.1.4.1.14519.5.2.1.6279.6001.160586340600816116143631200450,2,0,197.0,104.0,75.0,0.7086330935251799,0.5306122448979592,0.2727272727272727,197,276,279.0
1.3.6.1.4.1.14519.5.2.1.6279.6001.160586340600816116143631200450,3,0,197.0,110.0,76.0,0.7086330935251799,0.5612244897959183,0.27636363636363637,197,276,279.0
1.3.6.1.4.1.14519.5.2.1.6279.6001.160586340600816116143631200450,4,0,197.0,108.0,70.0,0.7086330935251799,0.5510204081632653,0.2545454545454545,197,276,279.0
1.3.6.1.4.1.14519.5.2.1.6279.6001.161067514225109999586362698069,0,0,89.0,136.0,170.38157653808594,0.322463768115942,0.7311827956989247,0.6453847596139619,187,265,277.0
1.3.6.1.4.1.14519.5.2.1.6279.6001.161067514225109999586362698069,1,0,89.0,135.0,166.0,0.322463768115942,0.7258064516129032,0.6287878787878788,187,265,277.0
1.3.6.1.4.1.14519.5.2.1.6279.6001.161067514225109999586362698069,2,0,89.0,132.0,173.0,0.322463768115942,0.7096774193548387,0.6553030303030303,187,265,277.0
1.3.6.1.4.1.14519.5.2.1.6279.6001.161067514225109999586362698069,3,0,89.0,140.0,173.0,0.322463768115942,0.7526881720430108,0.6553030303030303,187,265,277.0
1.3.6.1.4.1.14519.5.2.1.6279.6001.161067514225109999586362698069,4,0,89.0,136.0,166.0,0.322463768115942,0.7311827956989247,0.6287878787878788,187,265,277.0
1.3.6.1.4.1.14519.5.2.1.6279.6001.161067514225109999586362698069,5,1,137.0,129.5,40.71428680419922,0.4963768115942029,0.696236559139785,0.15422078334923947,187,265,277.0
1.3.6.1.4.1.14519.5.2.1.6279.6001.161067514225109999586362698069,6,1,137.0,129.0,39.0,0.4963768115942029,0.6935483870967742,0.14772727272727273,187,265,277.0
1.3.6.1.4.1.14519.5.2.1.6279.6001.161067514225109999586362698069,7,1,137.0,128.0,42.0,0.4963768115942029,0.6881720430107527,0.1590909090909091,187,265,277.0
1.3.6.1.4.1.14519.5.2.1.6279.6001.161067514225109999586362698069,8,1,137.0,131.0,42.0,0.4963768115942029,0.7043010752688172,0.1590909090909091,187,265,277.0
1.3.6.1.4.1.14519.5.2.1.6279.6001.161067514225109999586362698069,9,1,137.0,130.0,39.0,0.4963768115942029,0.6989247311827957,0.14772727272727273,187,265,277.0
1.3.6.1.4.1.14519.5.2.1.6279.6001.161067514225109999586362698069,10,2,206.0,114.28571319580078,217.5,0.7463768115942029,0.6144393182569935,0.8238636363636364,187,265,277.0
1.3.6.1.4.1.14519.5.2.1.6279.6001.161067514225109999586362698069,11,2,206.0,114.0,216.0,0.7463768115942029,0.6129032258064516,0.8181818181818182,187,265,277.0
1.3.6.1.4.1.14519.5.2.1.6279.6001.161067514225109999586362698069,12,2,206.0,113.0,218.0,0.7463768115942029,0.6075268817204301,0.8257575757575758,187,265,277.0
1.3.6.1.4.1.14519.5.2.1.6279.6001.161067514225109999586362698069,13,2,206.0,115.0,219.0,0.7463768115942029,0.6182795698924731,0.8295454545454546,187,265,277.0
1.3.6.1.4.1.14519.5.2.1.6279.6001.161067514225109999586362698069,14,2,206.0,115.0,216.0,0.7463768115942029,0.6182795698924731,0.8181818181818182,187,265,277.0
1.3.6.1.4.1.14519.5.2.1.6279.6001.161855583909753609742728521805,0,0,36.0,204.0,201.0,0.1411764705882353,0.9147982062780269,0.6722408026755853,224,300,256.0
1.3.6.1.4.1.14519.5.2.1.6279.6001.161855583909753609742728521805,1,0,36.0,203.0,197.0,0.1411764705882353,0.9103139013452914,0.6588628762541806,224,300,256.0
1.3.6.1.4.1.14519.5.2.1.6279.6001.161855583909753609742728521805,2,0,36.0,200.0,203.0,0.1411764705882353,0.8968609865470852,0.6789297658862876,224,300,256.0
1.3.6.1.4.1.14519.5.2.1.6279.6001.161855583909753609742728521805,3,0,36.0,208.0,203.0,0.1411764705882353,0.9327354260089686,0.6789297658862876,224,300,256.0
1.3.6.1.4.1.14519.5.2.1.6279.6001.161855583909753609742728521805,4,0,36.0,204.0,197.0,0.1411764705882353,0.9147982062780269,0.6588628762541806,224,300,256.0
1.3.6.1.4.1.14519.5.2.1.6279.6001.161855583909753609742728521805,5,1,102.0,183.1884002685547,59.18840408325195,0.4,0.8214726469441914,0.19795452870652827,224,300,256.0
1.3.6.1.4.1.14519.5.2.1.6279.6001.161855583909753609742728521805,6,1,102.0,183.0,55.0,0.4,0.820627802690583,0.18394648829431437,224,300,256.0
1.3.6.1.4.1.14519.5.2.1.6279.6001.161855583909753609742728521805,7,1,102.0,179.0,61.0,0.4,0.8026905829596412,0.2040133779264214,224,300,256.0
1.3.6.1.4.1.14519.5.2.1.6279.6001.161855583909753609742728521805,8,1,102.0,187.0,62.0,0.4,0.8385650224215246,0.20735785953177258,224,300,256.0
1.3.6.1.4.1.14519.5.2.1.6279.6001.161855583909753609742728521805,9,1,102.0,184.0,55.0,0.4,0.8251121076233184,0.18394648829431437,224,300,256.0
1.3.6.1.4.1.14519.5.2.1.6279.6001.161855583909753609742728521805,10,2,91.0,171.86764526367188,111.14705657958984,0.3568627450980392,0.7707069294335062,0.371729286219364,224,300,256.0
1.3.6.1.4.1.14519.5.2.1.6279.6001.161855583909753609742728521805,11,2,91.0,171.0,107.0,0.3568627450980392,0.7668161434977578,0.35785953177257523,224,300,256.0
1.3.6.1.4.1.14519.5.2.1.6279.6001.161855583909753609742728521805,12,2,91.0,169.0,114.0,0.3568627450980392,0.757847533632287,0.38127090301003347,224,300,256.0
1.3.6.1.4.1.14519.5.2.1.6279.6001.161855583909753609742728521805,13,2,91.0,176.0,113.0,0.3568627450980392,0.7892376681614349,0.3779264214046823,224,300,256.0
1.3.6.1.4.1.14519.5.2.1.6279.6001.161855583909753609742728521805,14,2,91.0,172.0,107.0,0.3568627450980392,0.7713004484304933,0.35785953177257523,224,300,256.0
1.3.6.1.4.1.14519.5.2.1.6279.6001.161855583909753609742728521805,15,3,80.0,201.5,222.5,0.3137254901960784,0.9035874439461884,0.7441471571906354,224,300,256.0
1.3.6.1.4.1.14519.5.2.1.6279.6001.161855583909753609742728521805,16,3,80.0,201.0,219.0,0.3137254901960784,0.9013452914798207,0.7324414715719063,224,300,256.0
1.3.6.1.4.1.14519.5.2.1.6279.6001.161855583909753609742728521805,17,3,80.0,198.0,224.0,0.3137254901960784,0.8878923766816144,0.7491638795986622,224,300,256.0
1.3.6.1.4.1.14519.5.2.1.6279.6001.161855583909753609742728521805,18,3,80.0,204.0,225.0,0.3137254901960784,0.9147982062780269,0.7525083612040134,224,300,256.0
1.3.6.1.4.1.14519.5.2.1.6279.6001.161855583909753609742728521805,19,3,80.0,202.0,219.0,0.3137254901960784,0.905829596412556,0.7324414715719063,224,300,256.0
1.3.6.1.4.1.14519.5.2.1.6279.6001.161855583909753609742728521805,20,4,43.0,98.04545593261719,287.06817626953125,0.16862745098039217,0.4396657216709291,0.9600942350151547,224,300,256.0
1.3.6.1.4.1.14519.5.2.1.6279.6001.161855583909753609742728521805,21,4,43.0,97.0,284.0,0.16862745098039217,0.4349775784753363,0.9498327759197325,224,300,256.0
1.3.6.1.4.1.14519.5.2.1.6279.6001.161855583909753609742728521805,22,4,43.0,95.0,289.0,0.16862745098039217,0.4260089686098655,0.9665551839464883,224,300,256.0
1.3.6.1.4.1.14519.5.2.1.6279.6001.161855583909753609742728521805,23,4,43.0,101.0,289.0,0.16862745098039217,0.452914798206278,0.9665551839464883,224,300,256.0
1.3.6.1.4.1.14519.5.2.1.6279.6001.161855583909753609742728521805,24,4,43.0,98.0,284.0,0.16862745098039217,0.43946188340807174,0.9498327759197325,224,300,256.0
1.3.6.1.4.1.14519.5.2.1.6279.6001.162351539386551708034407968929,0,0,92.0,87.19047546386719,253.92857360839844,0.4,0.41918497819166917,0.9301412952688587,209,274,231.0
1.3.6.1.4.1.14519.5.2.1.6279.6001.162351539386551708034407968929,1,0,92.0,87.0,251.0,0.4,0.4182692307692308,0.9194139194139194,209,274,231.0
1.3.6.1.4.1.14519.5.2.1.6279.6001.162351539386551708034407968929,2,0,92.0,84.0,255.0,0.4,0.40384615384615385,0.9340659340659341,209,274,231.0
1.3.6.1.4.1.14519.5.2.1.6279.6001.162351539386551708034407968929,3,0,92.0,90.0,256.0,0.4,0.4326923076923077,0.9377289377289377,209,274,231.0
1.3.6.1.4.1.14519.5.2.1.6279.6001.162351539386551708034407968929,4,0,92.0,88.0,251.0,0.4,0.4230769230769231,0.9194139194139194,209,274,231.0
1.3.6.1.4.1.14519.5.2.1.6279.6001.162351539386551708034407968929,5,1,71.0,185.5,81.5,0.30869565217391304,0.8918269230769231,0.29853479853479853,209,274,231.0
1.3.6.1.4.1.14519.5.2.1.6279.6001.162351539386551708034407968929,6,1,71.0,185.0,80.0,0.30869565217391304,0.8894230769230769,0.29304029304029305,209,274,231.0
1.3.6.1.4.1.14519.5.2.1.6279.6001.162351539386551708034407968929,7,1,71.0,184.0,82.0,0.30869565217391304,0.8846153846153846,0.30036630036630035,209,274,231.0
1.3.6.1.4.1.14519.5.2.1.6279.6001.162351539386551708034407968929,8,1,71.0,187.0,83.0,0.30869565217391304,0.8990384615384616,0.304029304029304,209,274,231.0
1.3.6.1.4.1.14519.5.2.1.6279.6001.162351539386551708034407968929,9,1,71.0,186.0,80.0,0.30869565217391304,0.8942307692307693,0.29304029304029305,209,274,231.0
1.3.6.1.4.1.14519.5.2.1.6279.6001.162718361851587451505896742103,0,0,134.0,50.05479431152344,134.46575927734375,0.4652777777777778,0.21299912472988697,0.43236578545769694,236,312,289.0
1.3.6.1.4.1.14519.5.2.1.6279.6001.162718361851587451505896742103,1,0,134.0,50.0,130.0,0.4652777777777778,0.2127659574468085,0.4180064308681672,236,312,289.0
1.3.6.1.4.1.14519.5.2.1.6279.6001.162718361851587451505896742103,2,0,134.0,46.0,136.0,0.4652777777777778,0.19574468085106383,0.43729903536977494,236,312,289.0
1.3.6.1.4.1.14519.5.2.1.6279.6001.162718361851587451505896742103,3,0,134.0,53.0,138.0,0.4652777777777778,0.225531914893617,0.4437299035369775,236,312,289.0
1.3.6.1.4.1.14519.5.2.1.6279.6001.162718361851587451505896742103,4,0,134.0,51.0,130.0,0.4652777777777778,0.2170212765957447,0.4180064308681672,236,312,289.0
1.3.6.1.4.1.14519.5.2.1.6279.6001.162845309248822193437735868939,0,0,188.0,190.64382934570312,185.4383544921875,0.6045016077170418,0.8112503376412898,0.5849790362529574,236,318,312.0
1.3.6.1.4.1.14519.5.2.1.6279.6001.162845309248822193437735868939,1,0,188.0,190.0,181.0,0.6045016077170418,0.8085106382978723,0.5709779179810726,236,318,312.0
1.3.6.1.4.1.14519.5.2.1.6279.6001.162845309248822193437735868939,2,0,188.0,187.0,187.0,0.6045016077170418,0.7957446808510639,0.5899053627760252,236,318,312.0
1.3.6.1.4.1.14519.5.2.1.6279.6001.162845309248822193437735868939,3,0,188.0,194.0,188.0,0.6045016077170418,0.825531914893617,0.5930599369085173,236,318,312.0
1.3.6.1.4.1.14519.5.2.1.6279.6001.162845309248822193437735868939,4,0,188.0,191.0,181.0,0.6045016077170418,0.8127659574468085,0.5709779179810726,236,318,312.0
1.3.6.1.4.1.14519.5.2.1.6279.6001.162901839201654862079549658100,0,0,148.0,179.2432403564453,228.2432403564453,0.4668769716088328,0.8260057159283194,0.7710920282312341,218,297,318.0
1.3.6.1.4.1.14519.5.2.1.6279.6001.162901839201654862079549658100,1,0,148.0,179.0,225.0,0.4668769716088328,0.8248847926267281,0.7601351351351351,218,297,318.0
1.3.6.1.4.1.14519.5.2.1.6279.6001.162901839201654862079549658100,2,0,148.0,176.0,229.0,0.4668769716088328,0.8110599078341014,0.7736486486486487,218,297,318.0
1.3.6.1.4.1.14519.5.2.1.6279.6001.162901839201654862079549658100,3,0,148.0,181.0,231.0,0.4668769716088328,0.8341013824884793,0.7804054054054054,218,297,318.0
1.3.6.1.4.1.14519.5.2.1.6279.6001.162901839201654862079549658100,4,0,148.0,180.0,225.0,0.4668769716088328,0.8294930875576036,0.7601351351351351,218,297,318.0
1.3.6.1.4.1.14519.5.2.1.6279.6001.163901773171373940247829492387,0,0,83.0,57.693180084228516,92.27556610107422,0.32421875,0.25527955789481643,0.30758522033691404,227,301,257.0
1.3.6.1.4.1.14519.5.2.1.6279.6001.163901773171373940247829492387,1,0,83.0,57.0,82.0,0.32421875,0.252212389380531,0.2733333333333333,227,301,257.0
1.3.6.1.4.1.14519.5.2.1.6279.6001.163901773171373940247829492387,2,0,83.0,49.0,97.0,0.32421875,0.2168141592920354,0.3233333333333333,227,301,257.0
1.3.6.1.4.1.14519.5.2.1.6279.6001.163901773171373940247829492387,3,0,83.0,66.0,98.0,0.32421875,0.2920353982300885,0.32666666666666666,227,301,257.0
1.3.6.1.4.1.14519.5.2.1.6279.6001.163901773171373940247829492387,4,0,83.0,58.0,82.0,0.32421875,0.25663716814159293,0.2733333333333333,227,301,257.0
1.3.6.1.4.1.14519.5.2.1.6279.6001.163994693532965040247348251579,0,0,153.0,71.0,15.0,0.5221843003412969,0.3622448979591837,0.053763440860215055,197,280,294.0
1.3.6.1.4.1.14519.5.2.1.6279.6001.163994693532965040247348251579,1,0,153.0,70.0,13.0,0.5221843003412969,0.35714285714285715,0.04659498207885305,197,280,294.0
1.3.6.1.4.1.14519.5.2.1.6279.6001.163994693532965040247348251579,2,0,153.0,69.0,16.0,0.5221843003412969,0.3520408163265306,0.05734767025089606,197,280,294.0
1.3.6.1.4.1.14519.5.2.1.6279.6001.163994693532965040247348251579,3,0,153.0,73.0,16.0,0.5221843003412969,0.37244897959183676,0.05734767025089606,197,280,294.0
1.3.6.1.4.1.14519.5.2.1.6279.6001.163994693532965040247348251579,4,0,153.0,71.0,13.0,0.5221843003412969,0.3622448979591837,0.04659498207885305,197,280,294.0
1.3.6.1.4.1.14519.5.2.1.6279.6001.164988920331211858091402361989,0,0,147.0,49.5,67.16666412353516,0.49830508474576274,0.21521739130434783,0.22094297409057617,231,305,296.0
1.3.6.1.4.1.14519.5.2.1.6279.6001.164988920331211858091402361989,1,0,147.0,49.0,64.0,0.49830508474576274,0.21304347826086956,0.21052631578947367,231,305,296.0
1.3.6.1.4.1.14519.5.2.1.6279.6001.164988920331211858091402361989,2,0,147.0,47.0,68.0,0.49830508474576274,0.20434782608695654,0.2236842105263158,231,305,296.0
1.3.6.1.4.1.14519.5.2.1.6279.6001.164988920331211858091402361989,3,0,147.0,52.0,69.0,0.49830508474576274,0.22608695652173913,0.22697368421052633,231,305,296.0
1.3.6.1.4.1.14519.5.2.1.6279.6001.164988920331211858091402361989,4,0,147.0,50.0,64.0,0.49830508474576274,0.21739130434782608,0.21052631578947367,231,305,296.0
1.3.6.1.4.1.14519.5.2.1.6279.6001.167237290696350215427953159586,0,0,138.0,107.3619613647461,57.444786071777344,0.6052631578947368,0.46882952561024493,0.18650904568758878,230,309,229.0
1.3.6.1.4.1.14519.5.2.1.6279.6001.167237290696350215427953159586,1,0,138.0,107.0,48.0,0.6052631578947368,0.4672489082969432,0.15584415584415584,230,309,229.0
1.3.6.1.4.1.14519.5.2.1.6279.6001.167237290696350215427953159586,2,0,138.0,99.0,62.0,0.6052631578947368,0.43231441048034935,0.2012987012987013,230,309,229.0
1.3.6.1.4.1.14519.5.2.1.6279.6001.167237290696350215427953159586,3,0,138.0,115.0,63.0,0.6052631578947368,0.5021834061135371,0.20454545454545456,230,309,229.0
1.3.6.1.4.1.14519.5.2.1.6279.6001.167237290696350215427953159586,4,0,138.0,108.0,48.0,0.6052631578947368,0.47161572052401746,0.15584415584415584,230,309,229.0
1.3.6.1.4.1.14519.5.2.1.6279.6001.167237290696350215427953159586,5,1,48.0,184.68605041503906,245.62791442871094,0.21052631578947367,0.8064893031224413,0.7974932286646459,230,309,229.0
1.3.6.1.4.1.14519.5.2.1.6279.6001.167237290696350215427953159586,6,1,48.0,184.0,241.0,0.21052631578947367,0.8034934497816594,0.7824675324675324,230,309,229.0
1.3.6.1.4.1.14519.5.2.1.6279.6001.167237290696350215427953159586,7,1,48.0,180.0,248.0,0.21052631578947367,0.7860262008733624,0.8051948051948052,230,309,229.0
1.3.6.1.4.1.14519.5.2.1.6279.6001.167237290696350215427953159586,8,1,48.0,189.0,248.0,0.21052631578947367,0.8253275109170306,0.8051948051948052,230,309,229.0
1.3.6.1.4.1.14519.5.2.1.6279.6001.167237290696350215427953159586,9,1,48.0,185.0,241.0,0.21052631578947367,0.8078602620087336,0.7824675324675324,230,309,229.0
1.3.6.1.4.1.14519.5.2.1.6279.6001.167661207884826429102690781600,0,0,125.0,147.95199584960938,245.60000610351562,0.49019607843137253,0.651770906826473,0.8132450533228994,228,303,256.0
1.3.6.1.4.1.14519.5.2.1.6279.6001.167661207884826429102690781600,1,0,125.0,147.0,240.0,0.49019607843137253,0.6475770925110133,0.7947019867549668,228,303,256.0
1.3.6.1.4.1.14519.5.2.1.6279.6001.167661207884826429102690781600,2,0,125.0,143.0,249.0,0.49019607843137253,0.6299559471365639,0.8245033112582781,228,303,256.0
1.3.6.1.4.1.14519.5.2.1.6279.6001.167661207884826429102690781600,3,0,125.0,153.0,248.0,0.49019607843137253,0.6740088105726872,0.8211920529801324,228,303,256.0
1.3.6.1.4.1.14519.5.2.1.6279.6001.167661207884826429102690781600,4,0,125.0,148.0,240.0,0.49019607843137253,0.6519823788546255,0.7947019867549668,228,303,256.0
1.3.6.1.4.1.14519.5.2.1.6279.6001.167661207884826429102690781600,5,1,82.0,146.5,185.86207580566406,0.3215686274509804,0.6453744493392071,0.6154373371048479,228,303,256.0
1.3.6.1.4.1.14519.5.2.1.6279.6001.167661207884826429102690781600,6,1,82.0,146.0,182.0,0.3215686274509804,0.6431718061674009,0.6026490066225165,228,303,256.0
1.3.6.1.4.1.14519.5.2.1.6279.6001.167661207884826429102690781600,7,1,82.0,143.0,188.0,0.3215686274509804,0.6299559471365639,0.6225165562913907,228,303,256.0
1.3.6.1.4.1.14519.5.2.1.6279.6001.167661207884826429102690781600,8,1,82.0,150.0,188.0,0.3215686274509804,0.6607929515418502,0.6225165562913907,228,303,256.0
1.3.6.1.4.1.14519.5.2.1.6279.6001.167661207884826429102690781600,9,1,82.0,147.0,182.0,0.3215686274509804,0.6475770925110133,0.6026490066225165,228,303,256.0
1.3.6.1.4.1.14519.5.2.1.6279.6001.167919147233131417984739058859,0,0,261.0,162.36666870117188,117.63333129882812,0.9094076655052264,0.6468791581719995,0.3758253396128694,252,314,288.0
1.3.6.1.4.1.14519.5.2.1.6279.6001.167919147233131417984739058859,1,0,261.0,162.0,115.0,0.9094076655052264,0.6454183266932271,0.36741214057507987,252,314,288.0
1.3.6.1.4.1.14519.5.2.1.6279.6001.167919147233131417984739058859,2,0,261.0,160.0,118.0,0.9094076655052264,0.6374501992031872,0.3769968051118211,252,314,288.0
1.3.6.1.4.1.14519.5.2.1.6279.6001.167919147233131417984739058859,3,0,261.0,164.0,120.0,0.9094076655052264,0.6533864541832669,0.38338658146964855,252,314,288.0
1.3.6.1.4.1.14519.5.2.1.6279.6001.167919147233131417984739058859,4,0,261.0,163.0,115.0,0.9094076655052264,0.649402390438247,0.36741214057507987,252,314,288.0
1.3.6.1.4.1.14519.5.2.1.6279.6001.168037818448885856452592057286,0,0,151.0,168.5,62.5,0.5033333333333333,0.6767068273092369,0.1865671641791045,250,336,301.0
1.3.6.1.4.1.14519.5.2.1.6279.6001.168037818448885856452592057286,1,0,151.0,168.0,60.0,0.5033333333333333,0.6746987951807228,0.1791044776119403,250,336,301.0
1.3.6.1.4.1.14519.5.2.1.6279.6001.168037818448885856452592057286,2,0,151.0,166.0,64.0,0.5033333333333333,0.6666666666666666,0.191044776119403,250,336,301.0
1.3.6.1.4.1.14519.5.2.1.6279.6001.168037818448885856452592057286,3,0,151.0,171.0,64.0,0.5033333333333333,0.6867469879518072,0.191044776119403,250,336,301.0
1.3.6.1.4.1.14519.5.2.1.6279.6001.168037818448885856452592057286,4,0,151.0,169.0,60.0,0.5033333333333333,0.678714859437751,0.1791044776119403,250,336,301.0
1.3.6.1.4.1.14519.5.2.1.6279.6001.168605638657404145360275453085,0,0,181.0,34.88888931274414,261.72222900390625,0.5156695156695157,0.1637976024072495,0.8361732556035344,214,314,352.0
1.3.6.1.4.1.14519.5.2.1.6279.6001.168605638657404145360275453085,1,0,181.0,34.0,260.0,0.5156695156695157,0.1596244131455399,0.8306709265175719,214,314,352.0
1.3.6.1.4.1.14519.5.2.1.6279.6001.168605638657404145360275453085,2,0,181.0,33.0,263.0,0.5156695156695157,0.15492957746478872,0.8402555910543131,214,314,352.0
1.3.6.1.4.1.14519.5.2.1.6279.6001.168605638657404145360275453085,3,0,181.0,36.0,263.0,0.5156695156695157,0.16901408450704225,0.8402555910543131,214,314,352.0
1.3.6.1.4.1.14519.5.2.1.6279.6001.168605638657404145360275453085,4,0,181.0,35.0,260.0,0.5156695156695157,0.1643192488262911,0.8306709265175719,214,314,352.0
1.3.6.1.4.1.14519.5.2.1.6279.6001.168737928729363683423228050295,0,0,202.0,162.5933074951172,77.85646057128906,0.6332288401253918,0.8049173638372138,0.31393734101326237,203,249,320.0
1.3.6.1.4.1.14519.5.2.1.6279.6001.168737928729363683423228050295,1,0,202.0,162.0,70.0,0.6332288401253918,0.801980198019802,0.28225806451612906,203,249,320.0
1.3.6.1.4.1.14519.5.2.1.6279.6001.168737928729363683423228050295,2,0,202.0,156.0,81.0,0.6332288401253918,0.7722772277227723,0.32661290322580644,203,249,320.0
1.3.6.1.4.1.14519.5.2.1.6279.6001.168737928729363683423228050295,3,0,202.0,169.0,82.0,0.6332288401253918,0.8366336633663366,0.33064516129032256,203,249,320.0
1.3.6.1.4.1.14519.5.2.1.6279.6001.168737928729363683423228050295,4,0,202.0,163.0,70.0,0.6332288401253918,0.806930693069307,0.28225806451612906,203,249,320.0
1.3.6.1.4.1.14519.5.2.1.6279.6001.168833925301530155818375859047,0,0,130.0,74.82978820800781,41.021278381347656,0.45614035087719296,0.2946054653858575,0.12779214449017962,255,322,286.0
1.3.6.1.4.1.14519.5.2.1.6279.6001.168833925301530155818375859047,1,0,130.0,74.0,38.0,0.45614035087719296,0.29133858267716534,0.11838006230529595,255,322,286.0
1.3.6.1.4.1.14519.5.2.1.6279.6001.168833925301530155818375859047,2,0,130.0,72.0,43.0,0.45614035087719296,0.28346456692913385,0.13395638629283488,255,322,286.0
1.3.6.1.4.1.14519.5.2.1.6279.6001.168833925301530155818375859047,3,0,130.0,78.0,43.0,0.45614035087719296,0.30708661417322836,0.13395638629283488,255,322,286.0
1.3.6.1.4.1.14519.5.2.1.6279.6001.168833925301530155818375859047,4,0,130.0,75.0,38.0,0.45614035087719296,0.2952755905511811,0.11838006230529595,255,322,286.0
1.3.6.1.4.1.14519.5.2.1.6279.6001.168833925301530155818375859047,5,1,71.0,67.5,259.952392578125,0.24912280701754386,0.265748031496063,0.8098205376265576,255,322,286.0
1.3.6.1.4.1.14519.5.2.1.6279.6001.168833925301530155818375859047,6,1,71.0,67.0,257.0,0.24912280701754386,0.2637795275590551,0.8006230529595015,255,322,286.0
1.3.6.1.4.1.14519.5.2.1.6279.6001.168833925301530155818375859047,7,1,71.0,65.0,261.0,0.24912280701754386,0.2559055118110236,0.8130841121495327,255,322,286.0
1.3.6.1.4.1.14519.5.2.1.6279.6001.168833925301530155818375859047,8,1,71.0,70.0,262.0,0.24912280701754386,0.2755905511811024,0.8161993769470405,255,322,286.0
1.3.6.1.4.1.14519.5.2.1.6279.6001.168833925301530155818375859047,9,1,71.0,68.0,257.0,0.24912280701754386,0.2677165354330709,0.8006230529595015,255,322,286.0
1.3.6.1.4.1.14519.5.2.1.6279.6001.168833925301530155818375859047,10,2,115.0,144.1999969482422,40.5,0.40350877192982454,0.5677165234182763,0.1261682242990654,255,322,286.0
1.3.6.1.4.1.14519.5.2.1.6279.6001.168833925301530155818375859047,11,2,115.0,144.0,38.0,0.40350877192982454,0.5669291338582677,0.11838006230529595,255,322,286.0
1.3.6.1.4.1.14519.5.2.1.6279.6001.168833925301530155818375859047,12,2,115.0,142.0,41.0,0.40350877192982454,0.5590551181102362,0.1277258566978193,255,322,286.0
1.3.6.1.4.1.14519.5.2.1.6279.6001.168833925301530155818375859047,13,2,115.0,146.0,42.0,0.40350877192982454,0.5748031496062992,0.1308411214953271,255,322,286.0
1.3.6.1.4.1.14519.5.2.1.6279.6001.168833925301530155818375859047,14,2,115.0,145.0,39.0,0.40350877192982454,0.5708661417322834,0.12149532710280374,255,322,286.0
1.3.6.1.4.1.14519.5.2.1.6279.6001.168833925301530155818375859047,15,3,85.0,126.88235473632812,288.4117736816406,0.2982456140350877,0.49953682967058316,0.8984790457371982,255,322,286.0
1.3.6.1.4.1.14519.5.2.1.6279.6001.168833925301530155818375859047,16,3,85.0,126.0,287.0,0.2982456140350877,0.49606299212598426,0.8940809968847352,255,322,286.0
1.3.6.1.4.1.14519.5.2.1.6279.6001.168833925301530155818375859047,17,3,85.0,125.0,289.0,0.2982456140350877,0.4921259842519685,0.9003115264797508,255,322,286.0
1.3.6.1.4.1.14519.5.2.1.6279.6001.168833925301530155818375859047,18,3,85.0,128.0,290.0,0.2982456140350877,0.5039370078740157,0.9034267912772586,255,322,286.0
1.3.6.1.4.1.14519.5.2.1.6279.6001.168833925301530155818375859047,19,3,85.0,127.0,287.0,0.2982456140350877,0.5,0.8940809968847352,255,322,286.0
1.3.6.1.4.1.14519.5.2.1.6279.6001.168833925301530155818375859047,20,4,116.0,206.6666717529297,243.25,0.4070175438596491,0.8136483139879122,0.7577881619937694,255,322,286.0
1.3.6.1.4.1.14519.5.2.1.6279.6001.168833925301530155818375859047,21,4,116.0,206.0,242.0,0.4070175438596491,0.8110236220472441,0.7538940809968847,255,322,286.0
1.3.6.1.4.1.14519.5.2.1.6279.6001.168833925301530155818375859047,22,4,116.0,205.0,244.0,0.4070175438596491,0.8070866141732284,0.7601246105919003,255,322,286.0
1.3.6.1.4.1.14519.5.2.1.6279.6001.168833925301530155818375859047,23,4,116.0,208.0,244.0,0.4070175438596491,0.8188976377952756,0.7601246105919003,255,322,286.0
1.3.6.1.4.1.14519.5.2.1.6279.6001.168833925301530155818375859047,24,4,116.0,207.0,242.0,0.4070175438596491,0.8149606299212598,0.7538940809968847,255,322,286.0
1.3.6.1.4.1.14519.5.2.1.6279.6001.168985655485163461062675655739,0,0,152.0,184.6774139404297,262.9032287597656,0.5296167247386759,0.753785363022162,0.7778202034312592,246,339,288.0
1.3.6.1.4.1.14519.5.2.1.6279.6001.168985655485163461062675655739,1,0,152.0,184.0,260.0,0.5296167247386759,0.7510204081632653,0.7692307692307693,246,339,288.0
1.3.6.1.4.1.14519.5.2.1.6279.6001.168985655485163461062675655739,2,0,152.0,183.0,265.0,0.5296167247386759,0.746938775510204,0.7840236686390533,246,339,288.0
1.3.6.1.4.1.14519.5.2.1.6279.6001.168985655485163461062675655739,3,0,152.0,187.0,264.0,0.5296167247386759,0.763265306122449,0.7810650887573964,246,339,288.0
1.3.6.1.4.1.14519.5.2.1.6279.6001.168985655485163461062675655739,4,0,152.0,185.0,260.0,0.5296167247386759,0.7551020408163265,0.7692307692307693,246,339,288.0
1.3.6.1.4.1.14519.5.2.1.6279.6001.168985655485163461062675655739,5,1,179.0,180.17391967773438,84.0,0.6236933797909407,0.7354037537866709,0.2485207100591716,246,339,288.0
1.3.6.1.4.1.14519.5.2.1.6279.6001.168985655485163461062675655739,6,1,179.0,180.0,82.0,0.6236933797909407,0.7346938775510204,0.24260355029585798,246,339,288.0
1.3.6.1.4.1.14519.5.2.1.6279.6001.168985655485163461062675655739,7,1,179.0,178.0,85.0,0.6236933797909407,0.726530612244898,0.2514792899408284,246,339,288.0
1.3.6.1.4.1.14519.5.2.1.6279.6001.168985655485163461062675655739,8,1,179.0,182.0,86.0,0.6236933797909407,0.7428571428571429,0.25443786982248523,246,339,288.0
1.3.6.1.4.1.14519.5.2.1.6279.6001.168985655485163461062675655739,9,1,179.0,181.0,82.0,0.6236933797909407,0.7387755102040816,0.24260355029585798,246,339,288.0
1.3.6.1.4.1.14519.5.2.1.6279.6001.168985655485163461062675655739,10,2,104.0,231.46665954589844,108.86666870117188,0.3623693379790941,0.9447618756975447,0.32209073580228365,246,339,288.0
1.3.6.1.4.1.14519.5.2.1.6279.6001.168985655485163461062675655739,11,2,104.0,231.0,107.0,0.3623693379790941,0.9428571428571428,0.3165680473372781,246,339,288.0
1.3.6.1.4.1.14519.5.2.1.6279.6001.168985655485163461062675655739,12,2,104.0,230.0,110.0,0.3623693379790941,0.9387755102040817,0.3254437869822485,246,339,288.0
1.3.6.1.4.1.14519.5.2.1.6279.6001.168985655485163461062675655739,13,2,104.0,233.0,110.0,0.3623693379790941,0.9510204081632653,0.3254437869822485,246,339,288.0
1.3.6.1.4.1.14519.5.2.1.6279.6001.168985655485163461062675655739,14,2,104.0,232.0,107.0,0.3623693379790941,0.9469387755102041,0.3165680473372781,246,339,288.0
1.3.6.1.4.1.14519.5.2.1.6279.6001.168985655485163461062675655739,15,3,159.0,103.63636016845703,55.09090805053711,0.554006968641115,0.42300555170798787,0.16299085222052398,246,339,288.0
1.3.6.1.4.1.14519.5.2.1.6279.6001.168985655485163461062675655739,16,3,159.0,103.0,54.0,0.554006968641115,0.4204081632653061,0.15976331360946747,246,339,288.0
1.3.6.1.4.1.14519.5.2.1.6279.6001.168985655485163461062675655739,17,3,159.0,102.0,56.0,0.554006968641115,0.4163265306122449,0.16568047337278108,246,339,288.0
1.3.6.1.4.1.14519.5.2.1.6279.6001.168985655485163461062675655739,18,3,159.0,105.0,56.0,0.554006968641115,0.42857142857142855,0.16568047337278108,246,339,288.0
1.3.6.1.4.1.14519.5.2.1.6279.6001.168985655485163461062675655739,19,3,159.0,104.0,54.0,0.554006968641115,0.42448979591836733,0.15976331360946747,246,339,288.0
1.3.6.1.4.1.14519.5.2.1.6279.6001.169128136262002764211589185953,0,0,268.0,146.11019897460938,197.3030242919922,0.8963210702341137,0.6217455275515292,0.6015336106463176,236,329,300.0
1.3.6.1.4.1.14519.5.2.1.6279.6001.169128136262002764211589185953,1,0,268.0,146.0,187.0,0.8963210702341137,0.6212765957446809,0.5701219512195121,236,329,300.0
1.3.6.1.4.1.14519.5.2.1.6279.6001.169128136262002764211589185953,2,0,268.0,137.0,202.0,0.8963210702341137,0.5829787234042553,0.6158536585365854,236,329,300.0
1.3.6.1.4.1.14519.5.2.1.6279.6001.169128136262002764211589185953,3,0,268.0,155.0,203.0,0.8963210702341137,0.6595744680851063,0.6189024390243902,236,329,300.0
1.3.6.1.4.1.14519.5.2.1.6279.6001.169128136262002764211589185953,4,0,268.0,147.0,187.0,0.8963210702341137,0.625531914893617,0.5701219512195121,236,329,300.0
1.3.6.1.4.1.14519.5.2.1.6279.6001.169128136262002764211589185953,5,1,173.0,154.77142333984375,271.5714416503906,0.5785953177257525,0.6586018014461437,0.8279617123487519,236,329,300.0
1.3.6.1.4.1.14519.5.2.1.6279.6001.169128136262002764211589185953,6,1,173.0,154.0,269.0,0.5785953177257525,0.6553191489361702,0.8201219512195121,236,329,300.0
1.3.6.1.4.1.14519.5.2.1.6279.6001.169128136262002764211589185953,7,1,173.0,152.0,273.0,0.5785953177257525,0.6468085106382979,0.8323170731707317,236,329,300.0
1.3.6.1.4.1.14519.5.2.1.6279.6001.169128136262002764211589185953,8,1,173.0,157.0,274.0,0.5785953177257525,0.6680851063829787,0.8353658536585366,236,329,300.0
1.3.6.1.4.1.14519.5.2.1.6279.6001.169128136262002764211589185953,9,1,173.0,155.0,269.0,0.5785953177257525,0.6595744680851063,0.8201219512195121,236,329,300.0
1.3.6.1.4.1.14519.5.2.1.6279.6001.169128136262002764211589185953,10,2,61.0,171.5,69.5,0.2040133779264214,0.7297872340425532,0.21189024390243902,236,329,300.0
1.3.6.1.4.1.14519.5.2.1.6279.6001.169128136262002764211589185953,11,2,61.0,171.0,67.0,0.2040133779264214,0.7276595744680852,0.20426829268292682,236,329,300.0
1.3.6.1.4.1.14519.5.2.1.6279.6001.169128136262002764211589185953,12,2,61.0,169.0,71.0,0.2040133779264214,0.7191489361702128,0.21646341463414634,236,329,300.0
1.3.6.1.4.1.14519.5.2.1.6279.6001.169128136262002764211589185953,13,2,61.0,174.0,71.0,0.2040133779264214,0.7404255319148936,0.21646341463414634,236,329,300.0
1.3.6.1.4.1.14519.5.2.1.6279.6001.169128136262002764211589185953,14,2,61.0,172.0,67.0,0.2040133779264214,0.7319148936170212,0.20426829268292682,236,329,300.0
1.3.6.1.4.1.14519.5.2.1.6279.6001.169128136262002764211589185953,15,3,224.0,100.90908813476562,222.09091186523438,0.7491638795986622,0.42940037504155587,0.6771064386135195,236,329,300.0
1.3.6.1.4.1.14519.5.2.1.6279.6001.169128136262002764211589185953,16,3,224.0,100.0,220.0,0.7491638795986622,0.425531914893617,0.6707317073170732,236,329,300.0
1.3.6.1.4.1.14519.5.2.1.6279.6001.169128136262002764211589185953,17,3,224.0,99.0,224.0,0.7491638795986622,0.42127659574468085,0.6829268292682927,236,329,300.0
1.3.6.1.4.1.14519.5.2.1.6279.6001.169128136262002764211589185953,18,3,224.0,103.0,223.0,0.7491638795986622,0.43829787234042555,0.6798780487804879,236,329,300.0
1.3.6.1.4.1.14519.5.2.1.6279.6001.169128136262002764211589185953,19,3,224.0,101.0,220.0,0.7491638795986622,0.4297872340425532,0.6707317073170732,236,329,300.0
1.3.6.1.4.1.14519.5.2.1.6279.6001.169128136262002764211589185953,20,4,89.0,125.88888549804688,307.27777099609375,0.2976588628762542,0.5356973850980719,0.9368224725490664,236,329,300.0
1.3.6.1.4.1.14519.5.2.1.6279.6001.169128136262002764211589185953,21,4,89.0,125.0,306.0,0.2976588628762542,0.5319148936170213,0.9329268292682927,236,329,300.0
1.3.6.1.4.1.14519.5.2.1.6279.6001.169128136262002764211589185953,22,4,89.0,124.0,308.0,0.2976588628762542,0.5276595744680851,0.9390243902439024,236,329,300.0
1.3.6.1.4.1.14519.5.2.1.6279.6001.169128136262002764211589185953,23,4,89.0,127.0,309.0,0.2976588628762542,0.5404255319148936,0.9420731707317073,236,329,300.0
1.3.6.1.4.1.14519.5.2.1.6279.6001.169128136262002764211589185953,24,4,89.0,126.0,305.0,0.2976588628762542,0.5361702127659574,0.9298780487804879,236,329,300.0
1.3.6.1.4.1.14519.5.2.1.6279.6001.169128136262002764211589185953,25,5,220.0,187.0,93.5,0.7357859531772575,0.7957446808510639,0.2850609756097561,236,329,300.0
1.3.6.1.4.1.14519.5.2.1.6279.6001.169128136262002764211589185953,26,5,220.0,186.0,92.0,0.7357859531772575,0.7914893617021277,0.2804878048780488,236,329,300.0
1.3.6.1.4.1.14519.5.2.1.6279.6001.169128136262002764211589185953,27,5,220.0,186.0,95.0,0.7357859531772575,0.7914893617021277,0.2896341463414634,236,329,300.0
1.3.6.1.4.1.14519.5.2.1.6279.6001.169128136262002764211589185953,28,5,220.0,189.0,94.0,0.7357859531772575,0.8042553191489362,0.2865853658536585,236,329,300.0
1.3.6.1.4.1.14519.5.2.1.6279.6001.169128136262002764211589185953,29,5,220.0,187.0,92.0,0.7357859531772575,0.7957446808510639,0.2804878048780488,236,329,300.0
1.3.6.1.4.1.14519.5.2.1.6279.6001.169128136262002764211589185953,30,6,230.0,163.81817626953125,118.18181610107422,0.7692307692307693,0.6970986224235373,0.36031041494229943,236,329,300.0
1.3.6.1.4.1.14519.5.2.1.6279.6001.169128136262002764211589185953,31,6,230.0,163.0,117.0,0.7692307692307693,0.6936170212765957,0.3567073170731707,236,329,300.0
1.3.6.1.4.1.14519.5.2.1.6279.6001.169128136262002764211589185953,32,6,230.0,163.0,119.0,0.7692307692307693,0.6936170212765957,0.3628048780487805,236,329,300.0
1.3.6.1.4.1.14519.5.2.1.6279.6001.169128136262002764211589185953,33,6,230.0,165.0,119.0,0.7692307692307693,0.7021276595744681,0.3628048780487805,236,329,300.0
1.3.6.1.4.1.14519.5.2.1.6279.6001.169128136262002764211589185953,34,6,230.0,164.0,117.0,0.7692307692307693,0.6978723404255319,0.3567073170731707,236,329,300.0
1.3.6.1.4.1.14519.5.2.1.6279.6001.170052181746004939527661217512,0,0,275.0,149.0,99.65625,0.870253164556962,0.6898148148148148,0.3085332817337461,217,324,317.0
1.3.6.1.4.1.14519.5.2.1.6279.6001.170052181746004939527661217512,1,0,275.0,148.0,97.0,0.870253164556962,0.6851851851851852,0.30030959752321984,217,324,317.0
1.3.6.1.4.1.14519.5.2.1.6279.6001.170052181746004939527661217512,2,0,275.0,147.0,102.0,0.870253164556962,0.6805555555555556,0.3157894736842105,217,324,317.0
1.3.6.1.4.1.14519.5.2.1.6279.6001.170052181746004939527661217512,3,0,275.0,151.0,101.0,0.870253164556962,0.6990740740740741,0.3126934984520124,217,324,317.0
1.3.6.1.4.1.14519.5.2.1.6279.6001.170052181746004939527661217512,4,0,275.0,149.0,97.0,0.870253164556962,0.6898148148148148,0.30030959752321984,217,324,317.0
1.3.6.1.4.1.14519.5.2.1.6279.6001.170052181746004939527661217512,5,1,206.0,105.5,48.0,0.6518987341772152,0.48842592592592593,0.14860681114551083,217,324,317.0
1.3.6.1.4.1.14519.5.2.1.6279.6001.170052181746004939527661217512,6,1,206.0,105.0,47.0,0.6518987341772152,0.4861111111111111,0.14551083591331268,217,324,317.0
1.3.6.1.4.1.14519.5.2.1.6279.6001.170052181746004939527661217512,7,1,206.0,104.0,49.0,0.6518987341772152,0.48148148148148145,0.15170278637770898,217,324,317.0
1.3.6.1.4.1.14519.5.2.1.6279.6001.170052181746004939527661217512,8,1,206.0,107.0,49.0,0.6518987341772152,0.49537037037037035,0.15170278637770898,217,324,317.0
1.3.6.1.4.1.14519.5.2.1.6279.6001.170052181746004939527661217512,9,1,206.0,106.0,47.0,0.6518987341772152,0.49074074074074076,0.14551083591331268,217,324,317.0
1.3.6.1.4.1.14519.5.2.1.6279.6001.170706757615202213033480003264,0,0,182.0,161.85000610351562,270.1111145019531,0.5909090909090909,0.7458525626890121,0.8015166602431844,218,338,309.0
1.3.6.1.4.1.14519.5.2.1.6279.6001.170706757615202213033480003264,1,0,182.0,161.0,260.0,0.5909090909090909,0.7419354838709677,0.771513353115727,218,338,309.0
1.3.6.1.4.1.14519.5.2.1.6279.6001.170706757615202213033480003264,2,0,182.0,153.0,275.0,0.5909090909090909,0.7050691244239631,0.8160237388724035,218,338,309.0
1.3.6.1.4.1.14519.5.2.1.6279.6001.170706757615202213033480003264,3,0,182.0,170.0,276.0,0.5909090909090909,0.783410138248848,0.8189910979228486,218,338,309.0
1.3.6.1.4.1.14519.5.2.1.6279.6001.170706757615202213033480003264,4,0,182.0,162.0,260.0,0.5909090909090909,0.7465437788018433,0.771513353115727,218,338,309.0
1.3.6.1.4.1.14519.5.2.1.6279.6001.170706757615202213033480003264,5,1,203.0,54.88461685180664,150.40769958496094,0.6590909090909091,0.25292450162122876,0.4463136486200621,218,338,309.0
1.3.6.1.4.1.14519.5.2.1.6279.6001.170706757615202213033480003264,6,1,203.0,54.0,145.0,0.6590909090909091,0.2488479262672811,0.43026706231454004,218,338,309.0
1.3.6.1.4.1.14519.5.2.1.6279.6001.170706757615202213033480003264,7,1,203.0,50.0,154.0,0.6590909090909091,0.2304147465437788,0.456973293768546,218,338,309.0
1.3.6.1.4.1.14519.5.2.1.6279.6001.170706757615202213033480003264,8,1,203.0,60.0,153.0,0.6590909090909091,0.2764976958525346,0.4540059347181009,218,338,309.0
1.3.6.1.4.1.14519.5.2.1.6279.6001.170706757615202213033480003264,9,1,203.0,55.0,144.0,0.6590909090909091,0.2534562211981567,0.42729970326409494,218,338,309.0
1.3.6.1.4.1.14519.5.2.1.6279.6001.170706757615202213033480003264,10,2,201.0,37.36666488647461,221.18333435058594,0.6525974025974026,0.17219661238006734,0.6563303689928366,218,338,309.0
1.3.6.1.4.1.14519.5.2.1.6279.6001.170706757615202213033480003264,11,2,201.0,37.0,217.0,0.6525974025974026,0.17050691244239632,0.6439169139465876,218,338,309.0
1.3.6.1.4.1.14519.5.2.1.6279.6001.170706757615202213033480003264,12,2,201.0,34.0,223.0,0.6525974025974026,0.15668202764976957,0.6617210682492581,218,338,309.0
1.3.6.1.4.1.14519.5.2.1.6279.6001.170706757615202213033480003264,13,2,201.0,40.0,224.0,0.6525974025974026,0.18433179723502305,0.6646884272997032,218,338,309.0
1.3.6.1.4.1.14519.5.2.1.6279.6001.170706757615202213033480003264,14,2,201.0,38.0,217.0,0.6525974025974026,0.17511520737327188,0.6439169139465876,218,338,309.0
1.3.6.1.4.1.14519.5.2.1.6279.6001.170921541362033046216100409521,0,0,267.0,163.5,154.0,0.8369905956112853,0.6756198347107438,0.4489795918367347,243,344,320.0
1.3.6.1.4.1.14519.5.2.1.6279.6001.170921541362033046216100409521,1,0,267.0,163.0,152.0,0.8369905956112853,0.6735537190082644,0.44314868804664725,243,344,320.0
1.3.6.1.4.1.14519.5.2.1.6279.6001.170921541362033046216100409521,2,0,267.0,161.0,155.0,0.8369905956112853,0.6652892561983471,0.4518950437317784,243,344,320.0
1.3.6.1.4.1.14519.5.2.1.6279.6001.170921541362033046216100409521,3,0,267.0,165.0,156.0,0.8369905956112853,0.6818181818181818,0.45481049562682213,243,344,320.0
1.3.6.1.4.1.14519.5.2.1.6279.6001.170921541362033046216100409521,4,0,267.0,164.0,152.0,0.8369905956112853,0.6776859504132231,0.44314868804664725,243,344,320.0
1.3.6.1.4.1.14519.5.2.1.6279.6001.170921541362033046216100409521,5,1,237.0,177.625,157.75,0.7429467084639498,0.7339876033057852,0.45991253644314867,243,344,320.0
1.3.6.1.4.1.14519.5.2.1.6279.6001.170921541362033046216100409521,6,1,237.0,177.0,156.0,0.7429467084639498,0.731404958677686,0.45481049562682213,243,344,320.0
1.3.6.1.4.1.14519.5.2.1.6279.6001.170921541362033046216100409521,7,1,237.0,176.0,159.0,0.7429467084639498,0.7272727272727273,0.46355685131195334,243,344,320.0
1.3.6.1.4.1.14519.5.2.1.6279.6001.170921541362033046216100409521,8,1,237.0,179.0,159.0,0.7429467084639498,0.7396694214876033,0.46355685131195334,243,344,320.0
1.3.6.1.4.1.14519.5.2.1.6279.6001.170921541362033046216100409521,9,1,237.0,178.0,156.0,0.7429467084639498,0.7355371900826446,0.45481049562682213,243,344,320.0
1.3.6.1.4.1.14519.5.2.1.6279.6001.171177995014336749670107905732,0,0,116.0,185.7857208251953,269.5,0.3918918918918919,0.8077640035878058,0.839563862928349,231,322,297.0
1.3.6.1.4.1.14519.5.2.1.6279.6001.171177995014336749670107905732,1,0,116.0,185.0,267.0,0.3918918918918919,0.8043478260869565,0.8317757009345794,231,322,297.0
1.3.6.1.4.1.14519.5.2.1.6279.6001.171177995014336749670107905732,2,0,116.0,184.0,271.0,0.3918918918918919,0.8,0.8442367601246106,231,322,297.0
1.3.6.1.4.1.14519.5.2.1.6279.6001.171177995014336749670107905732,3,0,116.0,188.0,271.0,0.3918918918918919,0.8173913043478261,0.8442367601246106,231,322,297.0
1.3.6.1.4.1.14519.5.2.1.6279.6001.171177995014336749670107905732,4,0,116.0,186.0,267.0,0.3918918918918919,0.808695652173913,0.8317757009345794,231,322,297.0
1.3.6.1.4.1.14519.5.2.1.6279.6001.171667800241622018839592854574,0,0,98.0,190.0,215.5,0.3487544483985765,0.8837209302325582,0.6510574018126888,216,332,282.0
1.3.6.1.4.1.14519.5.2.1.6279.6001.171667800241622018839592854574,1,0,98.0,189.0,213.0,0.3487544483985765,0.8790697674418605,0.6435045317220544,216,332,282.0
1.3.6.1.4.1.14519.5.2.1.6279.6001.171667800241622018839592854574,2,0,98.0,188.0,217.0,0.3487544483985765,0.8744186046511628,0.6555891238670695,216,332,282.0
1.3.6.1.4.1.14519.5.2.1.6279.6001.171667800241622018839592854574,3,0,98.0,192.0,217.0,0.3487544483985765,0.8930232558139535,0.6555891238670695,216,332,282.0
1.3.6.1.4.1.14519.5.2.1.6279.6001.171667800241622018839592854574,4,0,98.0,190.0,213.0,0.3487544483985765,0.8837209302325582,0.6435045317220544,216,332,282.0
1.3.6.1.4.1.14519.5.2.1.6279.6001.172243743899615313644757844726,0,0,218.0,150.164794921875,51.0,0.759581881533101,0.6673990885416666,0.1624203821656051,226,315,288.0
1.3.6.1.4.1.14519.5.2.1.6279.6001.172243743899615313644757844726,1,0,218.0,150.0,42.0,0.759581881533101,0.6666666666666666,0.1337579617834395,226,315,288.0
1.3.6.1.4.1.14519.5.2.1.6279.6001.172243743899615313644757844726,2,0,218.0,142.0,55.0,0.759581881533101,0.6311111111111111,0.1751592356687898,226,315,288.0
1.3.6.1.4.1.14519.5.2.1.6279.6001.172243743899615313644757844726,3,0,218.0,157.0,56.0,0.759581881533101,0.6977777777777778,0.17834394904458598,226,315,288.0
1.3.6.1.4.1.14519.5.2.1.6279.6001.172243743899615313644757844726,4,0,218.0,151.0,42.0,0.759581881533101,0.6711111111111111,0.1337579617834395,226,315,288.0
1.3.6.1.4.1.14519.5.2.1.6279.6001.172243743899615313644757844726,5,1,142.0,123.62337493896484,71.93506622314453,0.49477351916376305,0.5494372219509549,0.22909256758963226,226,315,288.0
1.3.6.1.4.1.14519.5.2.1.6279.6001.172243743899615313644757844726,6,1,142.0,123.0,68.0,0.49477351916376305,0.5466666666666666,0.21656050955414013,226,315,288.0
1.3.6.1.4.1.14519.5.2.1.6279.6001.172243743899615313644757844726,7,1,142.0,120.0,74.0,0.49477351916376305,0.5333333333333333,0.2356687898089172,226,315,288.0
1.3.6.1.4.1.14519.5.2.1.6279.6001.172243743899615313644757844726,8,1,142.0,127.0,75.0,0.49477351916376305,0.5644444444444444,0.23885350318471338,226,315,288.0
1.3.6.1.4.1.14519.5.2.1.6279.6001.172243743899615313644757844726,9,1,142.0,124.0,67.0,0.49477351916376305,0.5511111111111111,0.21337579617834396,226,315,288.0
1.3.6.1.4.1.14519.5.2.1.6279.6001.172573195301625265149778785969,0,0,147.0,214.63333129882812,148.63333129882812,0.48355263157894735,0.8905947356797848,0.42225378209894354,242,353,305.0
1.3.6.1.4.1.14519.5.2.1.6279.6001.172573195301625265149778785969,1,0,147.0,214.0,146.0,0.48355263157894735,0.8879668049792531,0.4147727272727273,242,353,305.0
1.3.6.1.4.1.14519.5.2.1.6279.6001.172573195301625265149778785969,2,0,147.0,212.0,150.0,0.48355263157894735,0.8796680497925311,0.42613636363636365,242,353,305.0
1.3.6.1.4.1.14519.5.2.1.6279.6001.172573195301625265149778785969,3,0,147.0,217.0,150.0,0.48355263157894735,0.9004149377593361,0.42613636363636365,242,353,305.0
1.3.6.1.4.1.14519.5.2.1.6279.6001.172573195301625265149778785969,4,0,147.0,215.0,146.0,0.48355263157894735,0.8921161825726142,0.4147727272727273,242,353,305.0
1.3.6.1.4.1.14519.5.2.1.6279.6001.172573195301625265149778785969,5,1,73.0,148.0,332.0,0.24013157894736842,0.6141078838174274,0.9431818181818182,242,353,305.0
1.3.6.1.4.1.14519.5.2.1.6279.6001.172573195301625265149778785969,6,1,73.0,147.0,330.0,0.24013157894736842,0.6099585062240664,0.9375,242,353,305.0
1.3.6.1.4.1.14519.5.2.1.6279.6001.172573195301625265149778785969,7,1,73.0,146.0,333.0,0.24013157894736842,0.6058091286307054,0.9460227272727273,242,353,305.0
1.3.6.1.4.1.14519.5.2.1.6279.6001.172573195301625265149778785969,8,1,73.0,150.0,333.0,0.24013157894736842,0.6224066390041494,0.9460227272727273,242,353,305.0
1.3.6.1.4.1.14519.5.2.1.6279.6001.172573195301625265149778785969,9,1,73.0,148.0,330.0,0.24013157894736842,0.6141078838174274,0.9375,242,353,305.0
1.3.6.1.4.1.14519.5.2.1.6279.6001.173101104804533997398137418032,0,0,140.0,144.90908813476562,272.9090881347656,0.49122807017543857,0.6586776733398437,0.860911949951942,221,318,286.0
1.3.6.1.4.1.14519.5.2.1.6279.6001.173101104804533997398137418032,1,0,140.0,144.0,271.0,0.49122807017543857,0.6545454545454545,0.8548895899053628,221,318,286.0
1.3.6.1.4.1.14519.5.2.1.6279.6001.173101104804533997398137418032,2,0,140.0,143.0,274.0,0.49122807017543857,0.65,0.8643533123028391,221,318,286.0
1.3.6.1.4.1.14519.5.2.1.6279.6001.173101104804533997398137418032,3,0,140.0,147.0,274.0,0.49122807017543857,0.6681818181818182,0.8643533123028391,221,318,286.0
1.3.6.1.4.1.14519.5.2.1.6279.6001.173101104804533997398137418032,4,0,140.0,145.0,271.0,0.49122807017543857,0.6590909090909091,0.8548895899053628,221,318,286.0
1.3.6.1.4.1.14519.5.2.1.6279.6001.173101104804533997398137418032,5,1,106.0,120.72222137451172,29.11111068725586,0.3719298245614035,0.5487373698841441,0.09183315674213205,221,318,286.0
1.3.6.1.4.1.14519.5.2.1.6279.6001.173101104804533997398137418032,6,1,106.0,120.0,27.0,0.3719298245614035,0.5454545454545454,0.08517350157728706,221,318,286.0
1.3.6.1.4.1.14519.5.2.1.6279.6001.173101104804533997398137418032,7,1,106.0,119.0,30.0,0.3719298245614035,0.5409090909090909,0.0946372239747634,221,318,286.0
1.3.6.1.4.1.14519.5.2.1.6279.6001.173101104804533997398137418032,8,1,106.0,122.0,31.0,0.3719298245614035,0.5545454545454546,0.09779179810725552,221,318,286.0
1.3.6.1.4.1.14519.5.2.1.6279.6001.173101104804533997398137418032,9,1,106.0,121.0,27.0,0.3719298245614035,0.55,0.08517350157728706,221,318,286.0
1.3.6.1.4.1.14519.5.2.1.6279.6001.173101104804533997398137418032,10,2,112.0,185.5,260.28570556640625,0.3929824561403509,0.8431818181818181,0.8210905538372437,221,318,286.0
1.3.6.1.4.1.14519.5.2.1.6279.6001.173101104804533997398137418032,11,2,112.0,185.0,259.0,0.3929824561403509,0.8409090909090909,0.8170347003154574,221,318,286.0
1.3.6.1.4.1.14519.5.2.1.6279.6001.173101104804533997398137418032,12,2,112.0,184.0,261.0,0.3929824561403509,0.8363636363636363,0.8233438485804416,221,318,286.0
1.3.6.1.4.1.14519.5.2.1.6279.6001.173101104804533997398137418032,13,2,112.0,187.0,261.0,0.3929824561403509,0.85,0.8233438485804416,221,318,286.0
1.3.6.1.4.1.14519.5.2.1.6279.6001.173101104804533997398137418032,14,2,112.0,186.0,259.0,0.3929824561403509,0.8454545454545455,0.8170347003154574,221,318,286.0
1.3.6.1.4.1.14519.5.2.1.6279.6001.173106154739244262091404659845,0,0,222.0,115.76271057128906,45.86016845703125,0.6809815950920245,0.48034319739124093,0.1460514919013734,242,315,327.0
1.3.6.1.4.1.14519.5.2.1.6279.6001.173106154739244262091404659845,1,0,222.0,115.0,38.0,0.6809815950920245,0.47717842323651455,0.12101910828025478,242,315,327.0
1.3.6.1.4.1.14519.5.2.1.6279.6001.173106154739244262091404659845,2,0,222.0,109.0,50.0,0.6809815950920245,0.45228215767634855,0.1592356687898089,242,315,327.0
1.3.6.1.4.1.14519.5.2.1.6279.6001.173106154739244262091404659845,3,0,222.0,123.0,50.0,0.6809815950920245,0.5103734439834025,0.1592356687898089,242,315,327.0
1.3.6.1.4.1.14519.5.2.1.6279.6001.173106154739244262091404659845,4,0,222.0,116.0,38.0,0.6809815950920245,0.48132780082987553,0.12101910828025478,242,315,327.0
1.3.6.1.4.1.14519.5.2.1.6279.6001.173106154739244262091404659845,5,1,259.0,192.0800018310547,106.0,0.7944785276073619,0.7970124557305174,0.3375796178343949,242,315,327.0
1.3.6.1.4.1.14519.5.2.1.6279.6001.173106154739244262091404659845,6,1,259.0,192.0,99.0,0.7944785276073619,0.7966804979253111,0.31528662420382164,242,315,327.0
1.3.6.1.4.1.14519.5.2.1.6279.6001.173106154739244262091404659845,7,1,259.0,186.0,109.0,0.7944785276073619,0.7717842323651453,0.3471337579617834,242,315,327.0
1.3.6.1.4.1.14519.5.2.1.6279.6001.173106154739244262091404659845,8,1,259.0,198.0,110.0,0.7944785276073619,0.8215767634854771,0.3503184713375796,242,315,327.0
1.3.6.1.4.1.14519.5.2.1.6279.6001.173106154739244262091404659845,9,1,259.0,193.0,99.0,0.7944785276073619,0.8008298755186722,0.31528662420382164,242,315,327.0
1.3.6.1.4.1.14519.5.2.1.6279.6001.173106154739244262091404659845,10,2,236.0,138.14894104003906,40.8510627746582,0.7239263803680982,0.5732321204980874,0.13009892603394332,242,315,327.0
1.3.6.1.4.1.14519.5.2.1.6279.6001.173106154739244262091404659845,11,2,236.0,138.0,36.0,0.7239263803680982,0.5726141078838174,0.11464968152866242,242,315,327.0
1.3.6.1.4.1.14519.5.2.1.6279.6001.173106154739244262091404659845,12,2,236.0,134.0,43.0,0.7239263803680982,0.5560165975103735,0.13694267515923567,242,315,327.0
1.3.6.1.4.1.14519.5.2.1.6279.6001.173106154739244262091404659845,13,2,236.0,142.0,44.0,0.7239263803680982,0.5892116182572614,0.14012738853503184,242,315,327.0
1.3.6.1.4.1.14519.5.2.1.6279.6001.173106154739244262091404659845,14,2,236.0,139.0,36.0,0.7239263803680982,0.5767634854771784,0.11464968152866242,242,315,327.0
1.3.6.1.4.1.14519.5.2.1.6279.6001.173106154739244262091404659845,15,3,243.0,154.30508422851562,230.7796630859375,0.745398773006135,0.640270059039484,0.7349670798915207,242,315,327.0
1.3.6.1.4.1.14519.5.2.1.6279.6001.173106154739244262091404659845,16,3,243.0,154.0,227.0,0.745398773006135,0.6390041493775933,0.7229299363057324,242,315,327.0
1.3.6.1.4.1.14519.5.2.1.6279.6001.173106154739244262091404659845,17,3,243.0,151.0,232.0,0.745398773006135,0.6265560165975104,0.7388535031847133,242,315,327.0
1.3.6.1.4.1.14519.5.2.1.6279.6001.173106154739244262091404659845,18,3,243.0,157.0,234.0,0.745398773006135,0.6514522821576764,0.7452229299363057,242,315,327.0
1.3.6.1.4.1.14519.5.2.1.6279.6001.173106154739244262091404659845,19,3,243.0,155.0,227.0,0.745398773006135,0.6431535269709544,0.7229299363057324,242,315,327.0
1.3.6.1.4.1.14519.5.2.1.6279.6001.173106154739244262091404659845,20,4,253.0,193.5,76.77777862548828,0.7760736196319018,0.8029045643153527,0.24451521855251046,242,315,327.0
1.3.6.1.4.1.14519.5.2.1.6279.6001.173106154739244262091404659845,21,4,253.0,193.0,75.0,0.7760736196319018,0.8008298755186722,0.23885350318471338,242,315,327.0
1.3.6.1.4.1.14519.5.2.1.6279.6001.173106154739244262091404659845,22,4,253.0,192.0,77.0,0.7760736196319018,0.7966804979253111,0.24522292993630573,242,315,327.0
1.3.6.1.4.1.14519.5.2.1.6279.6001.173106154739244262091404659845,23,4,253.0,195.0,78.0,0.7760736196319018,0.8091286307053942,0.2484076433121019,242,315,327.0
1.3.6.1.4.1.14519.5.2.1.6279.6001.173106154739244262091404659845,24,4,253.0,194.0,75.0,0.7760736196319018,0.8049792531120332,0.23885350318471338,242,315,327.0
1.3.6.1.4.1.14519.5.2.1.6279.6001.173106154739244262091404659845,25,5,215.0,74.4000015258789,64.5999984741211,0.6595092024539877,0.30871369927750586,0.20573247921694615,242,315,327.0
1.3.6.1.4.1.14519.5.2.1.6279.6001.173106154739244262091404659845,26,5,215.0,74.0,63.0,0.6595092024539877,0.3070539419087137,0.20063694267515925,242,315,327.0
1.3.6.1.4.1.14519.5.2.1.6279.6001.173106154739244262091404659845,27,5,215.0,73.0,65.0,0.6595092024539877,0.3029045643153527,0.2070063694267516,242,315,327.0
1.3.6.1.4.1.14519.5.2.1.6279.6001.173106154739244262091404659845,28,5,215.0,75.0,66.0,0.6595092024539877,0.3112033195020747,0.21019108280254778,242,315,327.0
1.3.6.1.4.1.14519.5.2.1.6279.6001.173106154739244262091404659845,29,5,215.0,75.0,63.0,0.6595092024539877,0.3112033195020747,0.20063694267515925,242,315,327.0
1.3.6.1.4.1.14519.5.2.1.6279.6001.173556680294801532247454313511,0,0,180.0,161.0,187.1999969482422,0.7894736842105263,0.8298969072164949,0.6807272616299715,195,276,229.0
1.3.6.1.4.1.14519.5.2.1.6279.6001.173556680294801532247454313511,1,0,180.0,160.0,186.0,0.7894736842105263,0.8247422680412371,0.6763636363636364,195,276,229.0
1.3.6.1.4.1.14519.5.2.1.6279.6001.173556680294801532247454313511,2,0,180.0,160.0,188.0,0.7894736842105263,0.8247422680412371,0.6836363636363636,195,276,229.0
1.3.6.1.4.1.14519.5.2.1.6279.6001.173556680294801532247454313511,3,0,180.0,162.0,188.0,0.7894736842105263,0.8350515463917526,0.6836363636363636,195,276,229.0
1.3.6.1.4.1.14519.5.2.1.6279.6001.173556680294801532247454313511,4,0,180.0,161.0,186.0,0.7894736842105263,0.8298969072164949,0.6763636363636364,195,276,229.0
1.3.6.1.4.1.14519.5.2.1.6279.6001.173931884906244951746140865701,0,0,97.0,169.92361450195312,221.11805725097656,0.35018050541516244,0.7759069155340326,0.8281575177939197,220,268,278.0
1.3.6.1.4.1.14519.5.2.1.6279.6001.173931884906244951746140865701,1,0,97.0,169.0,212.0,0.35018050541516244,0.771689497716895,0.7940074906367042,220,268,278.0
1.3.6.1.4.1.14519.5.2.1.6279.6001.173931884906244951746140865701,2,0,97.0,162.0,226.0,0.35018050541516244,0.7397260273972602,0.846441947565543,220,268,278.0
1.3.6.1.4.1.14519.5.2.1.6279.6001.173931884906244951746140865701,3,0,97.0,178.0,225.0,0.35018050541516244,0.8127853881278538,0.8426966292134831,220,268,278.0
1.3.6.1.4.1.14519.5.2.1.6279.6001.173931884906244951746140865701,4,0,97.0,170.0,212.0,0.35018050541516244,0.776255707762557,0.7940074906367042,220,268,278.0
1.3.6.1.4.1.14519.5.2.1.6279.6001.174168737938619557573021395302,0,0,41.0,196.7857208251953,262.5,0.15413533834586465,0.7778091732221158,0.8052147239263804,254,327,267.0
1.3.6.1.4.1.14519.5.2.1.6279.6001.174168737938619557573021395302,1,0,41.0,196.0,260.0,0.15413533834586465,0.7747035573122529,0.7975460122699386,254,327,267.0
1.3.6.1.4.1.14519.5.2.1.6279.6001.174168737938619557573021395302,2,0,41.0,195.0,264.0,0.15413533834586465,0.7707509881422925,0.8098159509202454,254,327,267.0
1.3.6.1.4.1.14519.5.2.1.6279.6001.174168737938619557573021395302,3,0,41.0,199.0,264.0,0.15413533834586465,0.7865612648221344,0.8098159509202454,254,327,267.0
1.3.6.1.4.1.14519.5.2.1.6279.6001.174168737938619557573021395302,4,0,41.0,197.0,260.0,0.15413533834586465,0.7786561264822134,0.7975460122699386,254,327,267.0
1.3.6.1.4.1.14519.5.2.1.6279.6001.174449669706458092793093760291,0,0,143.0,120.5,265.080810546875,0.5521235521235521,0.5427927927927928,0.8442064030155255,223,315,260.0
1.3.6.1.4.1.14519.5.2.1.6279.6001.174449669706458092793093760291,1,0,143.0,120.0,258.0,0.5521235521235521,0.5405405405405406,0.821656050955414,223,315,260.0
1.3.6.1.4.1.14519.5.2.1.6279.6001.174449669706458092793093760291,2,0,143.0,114.0,268.0,0.5521235521235521,0.5135135135135135,0.8535031847133758,223,315,260.0
1.3.6.1.4.1.14519.5.2.1.6279.6001.174449669706458092793093760291,3,0,143.0,127.0,269.0,0.5521235521235521,0.5720720720720721,0.856687898089172,223,315,260.0
1.3.6.1.4.1.14519.5.2.1.6279.6001.174449669706458092793093760291,4,0,143.0,121.0,258.0,0.5521235521235521,0.545045045045045,0.821656050955414,223,315,260.0
1.3.6.1.4.1.14519.5.2.1.6279.6001.174692377730646477496286081479,0,0,284.0,180.6857147216797,113.94285583496094,0.8792569659442725,0.7721611740242722,0.35944118559924587,235,318,324.0
1.3.6.1.4.1.14519.5.2.1.6279.6001.174692377730646477496286081479,1,0,284.0,180.0,110.0,0.8792569659442725,0.7692307692307693,0.3470031545741325,235,318,324.0
1.3.6.1.4.1.14519.5.2.1.6279.6001.174692377730646477496286081479,2,0,284.0,177.0,116.0,0.8792569659442725,0.7564102564102564,0.3659305993690852,235,318,324.0
1.3.6.1.4.1.14519.5.2.1.6279.6001.174692377730646477496286081479,3,0,284.0,184.0,116.0,0.8792569659442725,0.7863247863247863,0.3659305993690852,235,318,324.0
1.3.6.1.4.1.14519.5.2.1.6279.6001.174692377730646477496286081479,4,0,284.0,181.0,110.0,0.8792569659442725,0.7735042735042735,0.3470031545741325,235,318,324.0
1.3.6.1.4.1.14519.5.2.1.6279.6001.174907798609768549012640380786,0,0,220.0,54.775146484375,94.0,0.7213114754098361,0.2559586284316589,0.3574144486692015,215,264,306.0
1.3.6.1.4.1.14519.5.2.1.6279.6001.174907798609768549012640380786,1,0,220.0,54.0,87.0,0.7213114754098361,0.2523364485981308,0.33079847908745247,215,264,306.0
1.3.6.1.4.1.14519.5.2.1.6279.6001.174907798609768549012640380786,2,0,220.0,49.0,98.0,0.7213114754098361,0.22897196261682243,0.3726235741444867,215,264,306.0
1.3.6.1.4.1.14519.5.2.1.6279.6001.174907798609768549012640380786,3,0,220.0,61.0,97.0,0.7213114754098361,0.2850467289719626,0.3688212927756654,215,264,306.0
1.3.6.1.4.1.14519.5.2.1.6279.6001.174907798609768549012640380786,4,0,220.0,55.0,87.0,0.7213114754098361,0.2570093457943925,0.33079847908745247,215,264,306.0
1.3.6.1.4.1.14519.5.2.1.6279.6001.174907798609768549012640380786,5,1,203.0,76.7727279663086,86.63636016845703,0.6655737704918033,0.3587510652631243,0.32941581813101534,215,264,306.0
1.3.6.1.4.1.14519.5.2.1.6279.6001.174907798609768549012640380786,6,1,203.0,76.0,83.0,0.6655737704918033,0.35514018691588783,0.3155893536121673,215,264,306.0
1.3.6.1.4.1.14519.5.2.1.6279.6001.174907798609768549012640380786,7,1,203.0,73.0,88.0,0.6655737704918033,0.3411214953271028,0.33460076045627374,215,264,306.0
1.3.6.1.4.1.14519.5.2.1.6279.6001.174907798609768549012640380786,8,1,203.0,80.0,89.0,0.6655737704918033,0.37383177570093457,0.33840304182509506,215,264,306.0
1.3.6.1.4.1.14519.5.2.1.6279.6001.174907798609768549012640380786,9,1,203.0,77.0,83.0,0.6655737704918033,0.3598130841121495,0.3155893536121673,215,264,306.0
1.3.6.1.4.1.14519.5.2.1.6279.6001.176030616406569931557298712518,0,0,56.0,140.0,193.0,0.19444444444444445,0.6008583690987125,0.6542372881355932,234,296,289.0
1.3.6.1.4.1.14519.5.2.1.6279.6001.176030616406569931557298712518,1,0,56.0,139.0,187.0,0.19444444444444445,0.5965665236051502,0.6338983050847458,234,296,289.0
1.3.6.1.4.1.14519.5.2.1.6279.6001.176030616406569931557298712518,2,0,56.0,135.0,196.0,0.19444444444444445,0.5793991416309013,0.6644067796610169,234,296,289.0
1.3.6.1.4.1.14519.5.2.1.6279.6001.176030616406569931557298712518,3,0,56.0,145.0,196.0,0.19444444444444445,0.6223175965665236,0.6644067796610169,234,296,289.0
1.3.6.1.4.1.14519.5.2.1.6279.6001.176030616406569931557298712518,4,0,56.0,140.0,187.0,0.19444444444444445,0.6008583690987125,0.6338983050847458,234,296,289.0
1.3.6.1.4.1.14519.5.2.1.6279.6001.176030616406569931557298712518,5,1,70.0,197.09474182128906,89.83158111572266,0.24305555555555555,0.845900179490511,0.30451383429058526,234,296,289.0
1.3.6.1.4.1.14519.5.2.1.6279.6001.176030616406569931557298712518,6,1,70.0,197.0,85.0,0.24305555555555555,0.8454935622317596,0.288135593220339,234,296,289.0
1.3.6.1.4.1.14519.5.2.1.6279.6001.176030616406569931557298712518,7,1,70.0,193.0,92.0,0.24305555555555555,0.8283261802575107,0.31186440677966104,234,296,289.0
1.3.6.1.4.1.14519.5.2.1.6279.6001.176030616406569931557298712518,8,1,70.0,201.0,93.0,0.24305555555555555,0.8626609442060086,0.3152542372881356,234,296,289.0
1.3.6.1.4.1.14519.5.2.1.6279.6001.176030616406569931557298712518,9,1,70.0,198.0,85.0,0.24305555555555555,0.8497854077253219,0.288135593220339,234,296,289.0
1.3.6.1.4.1.14519.5.2.1.6279.6001.176030616406569931557298712518,10,2,137.0,93.64583587646484,101.35416412353516,0.4756944444444444,0.401913458697274,0.34357343770689885,234,296,289.0
1.3.6.1.4.1.14519.5.2.1.6279.6001.176030616406569931557298712518,11,2,137.0,93.0,98.0,0.4756944444444444,0.39914163090128757,0.33220338983050846,234,296,289.0
1.3.6.1.4.1.14519.5.2.1.6279.6001.176030616406569931557298712518,12,2,137.0,91.0,103.0,0.4756944444444444,0.3905579399141631,0.34915254237288135,234,296,289.0
1.3.6.1.4.1.14519.5.2.1.6279.6001.176030616406569931557298712518,13,2,137.0,96.0,104.0,0.4756944444444444,0.41201716738197425,0.3525423728813559,234,296,289.0
1.3.6.1.4.1.14519.5.2.1.6279.6001.176030616406569931557298712518,14,2,137.0,94.0,98.0,0.4756944444444444,0.4034334763948498,0.33220338983050846,234,296,289.0
1.3.6.1.4.1.14519.5.2.1.6279.6001.176030616406569931557298712518,15,3,146.0,184.3157958984375,107.81578826904297,0.5069444444444444,0.791054918019045,0.3654772483696372,234,296,289.0
1.3.6.1.4.1.14519.5.2.1.6279.6001.176030616406569931557298712518,16,3,146.0,184.0,105.0,0.5069444444444444,0.7896995708154506,0.3559322033898305,234,296,289.0
1.3.6.1.4.1.14519.5.2.1.6279.6001.176030616406569931557298712518,17,3,146.0,182.0,109.0,0.5069444444444444,0.7811158798283262,0.3694915254237288,234,296,289.0
1.3.6.1.4.1.14519.5.2.1.6279.6001.176030616406569931557298712518,18,3,146.0,187.0,110.0,0.5069444444444444,0.8025751072961373,0.3728813559322034,234,296,289.0
1.3.6.1.4.1.14519.5.2.1.6279.6001.176030616406569931557298712518,19,3,146.0,185.0,105.0,0.5069444444444444,0.7939914163090128,0.3559322033898305,234,296,289.0
1.3.6.1.4.1.14519.5.2.1.6279.6001.176030616406569931557298712518,20,4,148.0,204.1999969482422,214.0749969482422,0.5138888888888888,0.8763948366877347,0.7256779557567532,234,296,289.0
1.3.6.1.4.1.14519.5.2.1.6279.6001.176030616406569931557298712518,21,4,148.0,204.0,211.0,0.5138888888888888,0.8755364806866953,0.7152542372881356,234,296,289.0
1.3.6.1.4.1.14519.5.2.1.6279.6001.176030616406569931557298712518,22,4,148.0,201.0,215.0,0.5138888888888888,0.8626609442060086,0.7288135593220338,234,296,289.0
1.3.6.1.4.1.14519.5.2.1.6279.6001.176030616406569931557298712518,23,4,148.0,207.0,216.0,0.5138888888888888,0.8884120171673819,0.7322033898305085,234,296,289.0
1.3.6.1.4.1.14519.5.2.1.6279.6001.176030616406569931557298712518,24,4,148.0,205.0,211.0,0.5138888888888888,0.8798283261802575,0.7152542372881356,234,296,289.0
1.3.6.1.4.1.14519.5.2.1.6279.6001.176030616406569931557298712518,25,5,103.0,203.65625,110.0,0.3576388888888889,0.8740611587982833,0.3728813559322034,234,296,289.0
1.3.6.1.4.1.14519.5.2.1.6279.6001.176030616406569931557298712518,26,5,103.0,203.0,107.0,0.3576388888888889,0.871244635193133,0.36271186440677966,234,296,289.0
1.3.6.1.4.1.14519.5.2.1.6279.6001.176030616406569931557298712518,27,5,103.0,202.0,112.0,0.3576388888888889,0.8669527896995708,0.37966101694915255,234,296,289.0
1.3.6.1.4.1.14519.5.2.1.6279.6001.176030616406569931557298712518,28,5,103.0,206.0,111.0,0.3576388888888889,0.8841201716738197,0.376271186440678,234,296,289.0
1.3.6.1.4.1.14519.5.2.1.6279.6001.176030616406569931557298712518,29,5,103.0,204.0,107.0,0.3576388888888889,0.8755364806866953,0.36271186440677966,234,296,289.0
1.3.6.1.4.1.14519.5.2.1.6279.6001.176030616406569931557298712518,30,6,51.0,184.5,215.5,0.17708333333333334,0.7918454935622318,0.7305084745762712,234,296,289.0
1.3.6.1.4.1.14519.5.2.1.6279.6001.176030616406569931557298712518,31,6,51.0,184.0,213.0,0.17708333333333334,0.7896995708154506,0.7220338983050848,234,296,289.0
1.3.6.1.4.1.14519.5.2.1.6279.6001.176030616406569931557298712518,32,6,51.0,182.0,217.0,0.17708333333333334,0.7811158798283262,0.735593220338983,234,296,289.0
1.3.6.1.4.1.14519.5.2.1.6279.6001.176030616406569931557298712518,33,6,51.0,187.0,217.0,0.17708333333333334,0.8025751072961373,0.735593220338983,234,296,289.0
1.3.6.1.4.1.14519.5.2.1.6279.6001.176030616406569931557298712518,34,6,51.0,185.0,213.0,0.17708333333333334,0.7939914163090128,0.7220338983050848,234,296,289.0
1.3.6.1.4.1.14519.5.2.1.6279.6001.176030616406569931557298712518,35,7,130.0,161.77777099609375,132.5,0.4513888888888889,0.6943251974081277,0.4491525423728814,234,296,289.0
1.3.6.1.4.1.14519.5.2.1.6279.6001.176030616406569931557298712518,36,7,130.0,161.0,131.0,0.4513888888888889,0.6909871244635193,0.4440677966101695,234,296,289.0
1.3.6.1.4.1.14519.5.2.1.6279.6001.176030616406569931557298712518,37,7,130.0,160.0,133.0,0.4513888888888889,0.6866952789699571,0.45084745762711864,234,296,289.0
1.3.6.1.4.1.14519.5.2.1.6279.6001.176030616406569931557298712518,38,7,130.0,163.0,134.0,0.4513888888888889,0.6995708154506438,0.4542372881355932,234,296,289.0
1.3.6.1.4.1.14519.5.2.1.6279.6001.176030616406569931557298712518,39,7,130.0,162.0,131.0,0.4513888888888889,0.6952789699570815,0.4440677966101695,234,296,289.0
1.3.6.1.4.1.14519.5.2.1.6279.6001.176030616406569931557298712518,40,8,172.0,96.5,251.0,0.5972222222222222,0.41416309012875535,0.8508474576271187,234,296,289.0
1.3.6.1.4.1.14519.5.2.1.6279.6001.176030616406569931557298712518,41,8,172.0,96.0,249.0,0.5972222222222222,0.41201716738197425,0.8440677966101695,234,296,289.0
1.3.6.1.4.1.14519.5.2.1.6279.6001.176030616406569931557298712518,42,8,172.0,95.0,252.0,0.5972222222222222,0.40772532188841204,0.8542372881355932,234,296,289.0
1.3.6.1.4.1.14519.5.2.1.6279.6001.176030616406569931557298712518,43,8,172.0,98.0,252.0,0.5972222222222222,0.4206008583690987,0.8542372881355932,234,296,289.0
1.3.6.1.4.1.14519.5.2.1.6279.6001.176030616406569931557298712518,44,8,172.0,97.0,249.0,0.5972222222222222,0.41630901287553645,0.8440677966101695,234,296,289.0
1.3.6.1.4.1.14519.5.2.1.6279.6001.176030616406569931557298712518,45,9,90.0,61.764705657958984,82.23529052734375,0.3125,0.26508457363930893,0.27876369670286016,234,296,289.0
1.3.6.1.4.1.14519.5.2.1.6279.6001.176030616406569931557298712518,46,9,90.0,61.0,81.0,0.3125,0.26180257510729615,0.2745762711864407,234,296,289.0
1.3.6.1.4.1.14519.5.2.1.6279.6001.176030616406569931557298712518,47,9,90.0,60.0,83.0,0.3125,0.2575107296137339,0.28135593220338984,234,296,289.0
1.3.6.1.4.1.14519.5.2.1.6279.6001.176030616406569931557298712518,48,9,90.0,63.0,84.0,0.3125,0.2703862660944206,0.2847457627118644,234,296,289.0
1.3.6.1.4.1.14519.5.2.1.6279.6001.176030616406569931557298712518,49,9,90.0,62.0,80.0,0.3125,0.26609442060085836,0.2711864406779661,234,296,289.0
1.3.6.1.4.1.14519.5.2.1.6279.6001.176030616406569931557298712518,50,10,193.0,83.4000015258789,109.4000015258789,0.6701388888888888,0.35793992071192665,0.3708474627995895,234,296,289.0
1.3.6.1.4.1.14519.5.2.1.6279.6001.176030616406569931557298712518,51,10,193.0,83.0,108.0,0.6701388888888888,0.3562231759656652,0.36610169491525424,234,296,289.0
1.3.6.1.4.1.14519.5.2.1.6279.6001.176030616406569931557298712518,52,10,193.0,82.0,110.0,0.6701388888888888,0.351931330472103,0.3728813559322034,234,296,289.0
1.3.6.1.4.1.14519.5.2.1.6279.6001.176030616406569931557298712518,53,10,193.0,84.0,111.0,0.6701388888888888,0.3605150214592275,0.376271186440678,234,296,289.0
1.3.6.1.4.1.14519.5.2.1.6279.6001.176030616406569931557298712518,54,10,193.0,84.0,108.0,0.6701388888888888,0.3605150214592275,0.36610169491525424,234,296,289.0
1.3.6.1.4.1.14519.5.2.1.6279.6001.176030616406569931557298712518,55,11,108.0,66.38461303710938,252.61538696289062,0.375,0.28491250230519044,0.8563233456369174,234,296,289.0
1.3.6.1.4.1.14519.5.2.1.6279.6001.176030616406569931557298712518,56,11,108.0,66.0,251.0,0.375,0.2832618025751073,0.8508474576271187,234,296,289.0
1.3.6.1.4.1.14519.5.2.1.6279.6001.176030616406569931557298712518,57,11,108.0,65.0,253.0,0.375,0.27896995708154504,0.8576271186440678,234,296,289.0
1.3.6.1.4.1.14519.5.2.1.6279.6001.176030616406569931557298712518,58,11,108.0,67.0,254.0,0.375,0.2875536480686695,0.8610169491525423,234,296,289.0
1.3.6.1.4.1.14519.5.2.1.6279.6001.176030616406569931557298712518,59,11,108.0,67.0,251.0,0.375,0.2875536480686695,0.8508474576271187,234,296,289.0
1.3.6.1.4.1.14519.5.2.1.6279.6001.176638348958425792989125209419,0,0,165.0,71.0,198.42857360839844,0.5956678700361011,0.3302325581395349,0.716348641185554,216,278,278.0
1.3.6.1.4.1.14519.5.2.1.6279.6001.176638348958425792989125209419,1,0,165.0,70.0,197.0,0.5956678700361011,0.32558139534883723,0.7111913357400722,216,278,278.0
1.3.6.1.4.1.14519.5.2.1.6279.6001.176638348958425792989125209419,2,0,165.0,70.0,200.0,0.5956678700361011,0.32558139534883723,0.7220216606498195,216,278,278.0
1.3.6.1.4.1.14519.5.2.1.6279.6001.176638348958425792989125209419,3,0,165.0,72.0,199.0,0.5956678700361011,0.33488372093023255,0.7184115523465704,216,278,278.0
1.3.6.1.4.1.14519.5.2.1.6279.6001.176638348958425792989125209419,4,0,165.0,71.0,197.0,0.5956678700361011,0.3302325581395349,0.7111913357400722,216,278,278.0
1.3.6.1.4.1.14519.5.2.1.6279.6001.176638348958425792989125209419,5,1,228.0,136.3333282470703,225.88888549804688,0.8231046931407943,0.6341085034747457,0.8154833411481837,216,278,278.0
1.3.6.1.4.1.14519.5.2.1.6279.6001.176638348958425792989125209419,6,1,228.0,136.0,225.0,0.8231046931407943,0.6325581395348837,0.8122743682310469,216,278,278.0
1.3.6.1.4.1.14519.5.2.1.6279.6001.176638348958425792989125209419,7,1,228.0,135.0,226.0,0.8231046931407943,0.627906976744186,0.8158844765342961,216,278,278.0
1.3.6.1.4.1.14519.5.2.1.6279.6001.176638348958425792989125209419,8,1,228.0,137.0,227.0,0.8231046931407943,0.6372093023255814,0.8194945848375451,216,278,278.0
1.3.6.1.4.1.14519.5.2.1.6279.6001.176638348958425792989125209419,9,1,228.0,137.0,225.0,0.8231046931407943,0.6372093023255814,0.8122743682310469,216,278,278.0
1.3.6.1.4.1.14519.5.2.1.6279.6001.176869045992276345870480098568,0,0,183.0,156.65383911132812,103.34615325927734,0.7261904761904762,0.7679109760359222,0.3959622730240511,205,262,253.0
1.3.6.1.4.1.14519.5.2.1.6279.6001.176869045992276345870480098568,1,0,183.0,156.0,101.0,0.7261904761904762,0.7647058823529411,0.38697318007662834,205,262,253.0
1.3.6.1.4.1.14519.5.2.1.6279.6001.176869045992276345870480098568,2,0,183.0,155.0,105.0,0.7261904761904762,0.7598039215686274,0.40229885057471265,205,262,253.0
1.3.6.1.4.1.14519.5.2.1.6279.6001.176869045992276345870480098568,3,0,183.0,159.0,104.0,0.7261904761904762,0.7794117647058824,0.39846743295019155,205,262,253.0
1.3.6.1.4.1.14519.5.2.1.6279.6001.176869045992276345870480098568,4,0,183.0,157.0,101.0,0.7261904761904762,0.7696078431372549,0.38697318007662834,205,262,253.0
1.3.6.1.4.1.14519.5.2.1.6279.6001.177086402277715068525592995222,0,0,170.0,179.3992462158203,75.519775390625,0.625,0.7119017706976997,0.25173258463541665,253,301,273.0
1.3.6.1.4.1.14519.5.2.1.6279.6001.177086402277715068525592995222,1,0,170.0,179.0,63.0,0.625,0.7103174603174603,0.21,253,301,273.0
1.3.6.1.4.1.14519.5.2.1.6279.6001.177086402277715068525592995222,2,0,170.0,168.0,81.0,0.625,0.6666666666666666,0.27,253,301,273.0
1.3.6.1.4.1.14519.5.2.1.6279.6001.177086402277715068525592995222,3,0,170.0,190.0,82.0,0.625,0.753968253968254,0.2733333333333333,253,301,273.0
1.3.6.1.4.1.14519.5.2.1.6279.6001.177086402277715068525592995222,4,0,170.0,180.0,63.0,0.625,0.7142857142857143,0.21,253,301,273.0
1.3.6.1.4.1.14519.5.2.1.6279.6001.177086402277715068525592995222,5,1,243.0,118.5,85.0,0.8933823529411765,0.47023809523809523,0.2833333333333333,253,301,273.0
1.3.6.1.4.1.14519.5.2.1.6279.6001.177086402277715068525592995222,6,1,243.0,118.0,81.0,0.8933823529411765,0.46825396825396826,0.27,253,301,273.0
1.3.6.1.4.1.14519.5.2.1.6279.6001.177086402277715068525592995222,7,1,243.0,115.0,87.0,0.8933823529411765,0.45634920634920634,0.29,253,301,273.0
1.3.6.1.4.1.14519.5.2.1.6279.6001.177086402277715068525592995222,8,1,243.0,122.0,87.0,0.8933823529411765,0.48412698412698413,0.29,253,301,273.0
1.3.6.1.4.1.14519.5.2.1.6279.6001.177086402277715068525592995222,9,1,243.0,119.0,81.0,0.8933823529411765,0.4722222222222222,0.27,253,301,273.0
1.3.6.1.4.1.14519.5.2.1.6279.6001.177252583002664900748714851615,0,0,238.0,86.32786560058594,85.75409698486328,0.875,0.4519783539297693,0.31760776661060475,192,271,273.0
1.3.6.1.4.1.14519.5.2.1.6279.6001.177252583002664900748714851615,1,0,238.0,86.0,82.0,0.875,0.450261780104712,0.3037037037037037,192,271,273.0
1.3.6.1.4.1.14519.5.2.1.6279.6001.177252583002664900748714851615,2,0,238.0,83.0,87.0,0.875,0.43455497382198954,0.32222222222222224,192,271,273.0
1.3.6.1.4.1.14519.5.2.1.6279.6001.177252583002664900748714851615,3,0,238.0,89.0,89.0,0.875,0.46596858638743455,0.3296296296296296,192,271,273.0
1.3.6.1.4.1.14519.5.2.1.6279.6001.177252583002664900748714851615,4,0,238.0,87.0,82.0,0.875,0.45549738219895286,0.3037037037037037,192,271,273.0
1.3.6.1.4.1.14519.5.2.1.6279.6001.177685820605315926524514718990,0,0,201.0,163.38888549804688,73.38888549804688,0.7362637362637363,0.7326855851930353,0.23224330853812303,224,317,274.0
1.3.6.1.4.1.14519.5.2.1.6279.6001.177685820605315926524514718990,1,0,201.0,163.0,70.0,0.7362637362637363,0.7309417040358744,0.22151898734177214,224,317,274.0
1.3.6.1.4.1.14519.5.2.1.6279.6001.177685820605315926524514718990,2,0,201.0,160.0,74.0,0.7362637362637363,0.7174887892376681,0.23417721518987342,224,317,274.0
1.3.6.1.4.1.14519.5.2.1.6279.6001.177685820605315926524514718990,3,0,201.0,166.0,76.0,0.7362637362637363,0.7443946188340808,0.24050632911392406,224,317,274.0
1.3.6.1.4.1.14519.5.2.1.6279.6001.177685820605315926524514718990,4,0,201.0,164.0,70.0,0.7362637362637363,0.7354260089686099,0.22151898734177214,224,317,274.0
1.3.6.1.4.1.14519.5.2.1.6279.6001.177785764461425908755977367558,0,0,135.0,16.714284896850586,99.5,0.45,0.08399138139120897,0.34192439862542956,200,292,301.0
1.3.6.1.4.1.14519.5.2.1.6279.6001.177785764461425908755977367558,1,0,135.0,16.0,98.0,0.45,0.08040201005025126,0.33676975945017185,200,292,301.0
1.3.6.1.4.1.14519.5.2.1.6279.6001.177785764461425908755977367558,2,0,135.0,16.0,101.0,0.45,0.08040201005025126,0.3470790378006873,200,292,301.0
1.3.6.1.4.1.14519.5.2.1.6279.6001.177785764461425908755977367558,3,0,135.0,18.0,100.0,0.45,0.09045226130653267,0.3436426116838488,200,292,301.0
1.3.6.1.4.1.14519.5.2.1.6279.6001.177785764461425908755977367558,4,0,135.0,17.0,98.0,0.45,0.08542713567839195,0.33676975945017185,200,292,301.0
1.3.6.1.4.1.14519.5.2.1.6279.6001.178391668569567816549737454720,0,0,84.0,60.592594146728516,230.74073791503906,0.42857142857142855,0.3029629707336426,0.8329990538449064,201,278,197.0
1.3.6.1.4.1.14519.5.2.1.6279.6001.178391668569567816549737454720,1,0,84.0,60.0,228.0,0.42857142857142855,0.3,0.8231046931407943,201,278,197.0
1.3.6.1.4.1.14519.5.2.1.6279.6001.178391668569567816549737454720,2,0,84.0,59.0,232.0,0.42857142857142855,0.295,0.8375451263537906,201,278,197.0
1.3.6.1.4.1.14519.5.2.1.6279.6001.178391668569567816549737454720,3,0,84.0,62.0,233.0,0.42857142857142855,0.31,0.8411552346570397,201,278,197.0
1.3.6.1.4.1.14519.5.2.1.6279.6001.178391668569567816549737454720,4,0,84.0,61.0,228.0,0.42857142857142855,0.305,0.8231046931407943,201,278,197.0
1.3.6.1.4.1.14519.5.2.1.6279.6001.178680586845223339579041794709,0,0,80.0,173.6727294921875,238.56362915039062,0.26143790849673204,0.6529049980909305,0.7340419358473558,267,326,307.0
1.3.6.1.4.1.14519.5.2.1.6279.6001.178680586845223339579041794709,1,0,80.0,173.0,235.0,0.26143790849673204,0.650375939849624,0.7230769230769231,267,326,307.0
1.3.6.1.4.1.14519.5.2.1.6279.6001.178680586845223339579041794709,2,0,80.0,171.0,241.0,0.26143790849673204,0.6428571428571429,0.7415384615384616,267,326,307.0
1.3.6.1.4.1.14519.5.2.1.6279.6001.178680586845223339579041794709,3,0,80.0,177.0,240.0,0.26143790849673204,0.6654135338345865,0.7384615384615385,267,326,307.0
1.3.6.1.4.1.14519.5.2.1.6279.6001.178680586845223339579041794709,4,0,80.0,174.0,235.0,0.26143790849673204,0.6541353383458647,0.7230769230769231,267,326,307.0
1.3.6.1.4.1.14519.5.2.1.6279.6001.179049373636438705059720603192,0,0,181.0,179.02569580078125,177.13551330566406,0.6418439716312057,0.8525033133370535,0.6488480340866816,211,274,283.0
1.3.6.1.4.1.14519.5.2.1.6279.6001.179049373636438705059720603192,1,0,181.0,179.0,166.0,0.6418439716312057,0.8523809523809524,0.608058608058608,211,274,283.0
1.3.6.1.4.1.14519.5.2.1.6279.6001.179049373636438705059720603192,2,0,181.0,169.0,182.0,0.6418439716312057,0.8047619047619048,0.6666666666666666,211,274,283.0
1.3.6.1.4.1.14519.5.2.1.6279.6001.179049373636438705059720603192,3,0,181.0,189.0,183.0,0.6418439716312057,0.9,0.6703296703296703,211,274,283.0
1.3.6.1.4.1.14519.5.2.1.6279.6001.179049373636438705059720603192,4,0,181.0,180.0,166.0,0.6418439716312057,0.8571428571428571,0.608058608058608,211,274,283.0
1.3.6.1.4.1.14519.5.2.1.6279.6001.179162671133894061547290922949,0,0,88.0,65.5,296.5,0.27936507936507937,0.2811158798283262,0.9236760124610592,234,322,316.0
1.3.6.1.4.1.14519.5.2.1.6279.6001.179162671133894061547290922949,1,0,88.0,65.0,293.0,0.27936507936507937,0.27896995708154504,0.9127725856697819,234,322,316.0
1.3.6.1.4.1.14519.5.2.1.6279.6001.179162671133894061547290922949,2,0,88.0,63.0,298.0,0.27936507936507937,0.2703862660944206,0.9283489096573209,234,322,316.0
1.3.6.1.4.1.14519.5.2.1.6279.6001.179162671133894061547290922949,3,0,88.0,68.0,299.0,0.27936507936507937,0.2918454935622318,0.9314641744548287,234,322,316.0
1.3.6.1.4.1.14519.5.2.1.6279.6001.179162671133894061547290922949,4,0,88.0,66.0,293.0,0.27936507936507937,0.2832618025751073,0.9127725856697819,234,322,316.0
1.3.6.1.4.1.14519.5.2.1.6279.6001.179162671133894061547290922949,5,1,110.0,89.59259033203125,34.25925827026367,0.3492063492063492,0.3845175550730955,0.10672666127807998,234,322,316.0
1.3.6.1.4.1.14519.5.2.1.6279.6001.179162671133894061547290922949,6,1,110.0,89.0,32.0,0.3492063492063492,0.38197424892703863,0.09968847352024922,234,322,316.0
1.3.6.1.4.1.14519.5.2.1.6279.6001.179162671133894061547290922949,7,1,110.0,87.0,35.0,0.3492063492063492,0.37339055793991416,0.10903426791277258,234,322,316.0
1.3.6.1.4.1.14519.5.2.1.6279.6001.179162671133894061547290922949,8,1,110.0,91.0,36.0,0.3492063492063492,0.3905579399141631,0.11214953271028037,234,322,316.0
1.3.6.1.4.1.14519.5.2.1.6279.6001.179162671133894061547290922949,9,1,110.0,90.0,32.0,0.3492063492063492,0.38626609442060084,0.09968847352024922,234,322,316.0
1.3.6.1.4.1.14519.5.2.1.6279.6001.179162671133894061547290922949,10,2,173.0,67.11111450195312,111.66666412353516,0.5492063492063493,0.28803053434314646,0.34787122779917495,234,322,316.0
1.3.6.1.4.1.14519.5.2.1.6279.6001.179162671133894061547290922949,11,2,173.0,67.0,110.0,0.5492063492063493,0.2875536480686695,0.3426791277258567,234,322,316.0
1.3.6.1.4.1.14519.5.2.1.6279.6001.179162671133894061547290922949,12,2,173.0,66.0,112.0,0.5492063492063493,0.2832618025751073,0.34890965732087226,234,322,316.0
1.3.6.1.4.1.14519.5.2.1.6279.6001.179162671133894061547290922949,13,2,173.0,68.0,113.0,0.5492063492063493,0.2918454935622318,0.35202492211838005,234,322,316.0
1.3.6.1.4.1.14519.5.2.1.6279.6001.179162671133894061547290922949,14,2,173.0,68.0,111.0,0.5492063492063493,0.2918454935622318,0.34579439252336447,234,322,316.0
1.3.6.1.4.1.14519.5.2.1.6279.6001.179209990684978588019929720099,0,0,216.0,92.66666412353516,41.77777862548828,0.7397260273972602,0.42121210965243255,0.1558872336771951,221,269,293.0
1.3.6.1.4.1.14519.5.2.1.6279.6001.179209990684978588019929720099,1,0,216.0,92.0,39.0,0.7397260273972602,0.41818181818181815,0.1455223880597015,221,269,293.0
1.3.6.1.4.1.14519.5.2.1.6279.6001.179209990684978588019929720099,2,0,216.0,90.0,43.0,0.7397260273972602,0.4090909090909091,0.16044776119402984,221,269,293.0
1.3.6.1.4.1.14519.5.2.1.6279.6001.179209990684978588019929720099,3,0,216.0,95.0,44.0,0.7397260273972602,0.4318181818181818,0.16417910447761194,221,269,293.0
1.3.6.1.4.1.14519.5.2.1.6279.6001.179209990684978588019929720099,4,0,216.0,93.0,39.0,0.7397260273972602,0.42272727272727273,0.1455223880597015,221,269,293.0
1.3.6.1.4.1.14519.5.2.1.6279.6001.179209990684978588019929720099,5,1,129.0,38.90909194946289,202.90908813476562,0.4417808219178082,0.17685950886119495,0.757123463189424,221,269,293.0
1.3.6.1.4.1.14519.5.2.1.6279.6001.179209990684978588019929720099,6,1,129.0,38.0,201.0,0.4417808219178082,0.17272727272727273,0.75,221,269,293.0
1.3.6.1.4.1.14519.5.2.1.6279.6001.179209990684978588019929720099,7,1,129.0,37.0,204.0,0.4417808219178082,0.16818181818181818,0.7611940298507462,221,269,293.0
1.3.6.1.4.1.14519.5.2.1.6279.6001.179209990684978588019929720099,8,1,129.0,41.0,204.0,0.4417808219178082,0.18636363636363637,0.7611940298507462,221,269,293.0
1.3.6.1.4.1.14519.5.2.1.6279.6001.179209990684978588019929720099,9,1,129.0,39.0,201.0,0.4417808219178082,0.17727272727272728,0.75,221,269,293.0
1.3.6.1.4.1.14519.5.2.1.6279.6001.179730018513720561213088132029,0,0,74.0,154.76190185546875,45.380950927734375,0.2525597269624573,0.736961437406994,0.15594828497503221,211,292,294.0
1.3.6.1.4.1.14519.5.2.1.6279.6001.179730018513720561213088132029,1,0,74.0,154.0,43.0,0.2525597269624573,0.7333333333333333,0.14776632302405499,211,292,294.0
1.3.6.1.4.1.14519.5.2.1.6279.6001.179730018513720561213088132029,2,0,74.0,153.0,46.0,0.2525597269624573,0.7285714285714285,0.15807560137457044,211,292,294.0
1.3.6.1.4.1.14519.5.2.1.6279.6001.179730018513720561213088132029,3,0,74.0,156.0,47.0,0.2525597269624573,0.7428571428571429,0.16151202749140894,211,292,294.0
1.3.6.1.4.1.14519.5.2.1.6279.6001.179730018513720561213088132029,4,0,74.0,155.0,43.0,0.2525597269624573,0.7380952380952381,0.14776632302405499,211,292,294.0
1.3.6.1.4.1.14519.5.2.1.6279.6001.179943248049071805421192715219,0,0,101.0,69.84210205078125,302.84210205078125,0.3568904593639576,0.29469241371637656,0.8855032223707054,238,343,284.0
1.3.6.1.4.1.14519.5.2.1.6279.6001.179943248049071805421192715219,1,0,101.0,69.0,301.0,0.3568904593639576,0.2911392405063291,0.8801169590643275,238,343,284.0
1.3.6.1.4.1.14519.5.2.1.6279.6001.179943248049071805421192715219,2,0,101.0,68.0,304.0,0.3568904593639576,0.2869198312236287,0.8888888888888888,238,343,284.0
1.3.6.1.4.1.14519.5.2.1.6279.6001.179943248049071805421192715219,3,0,101.0,71.0,304.0,0.3568904593639576,0.29957805907172996,0.8888888888888888,238,343,284.0
1.3.6.1.4.1.14519.5.2.1.6279.6001.179943248049071805421192715219,4,0,101.0,70.0,301.0,0.3568904593639576,0.29535864978902954,0.8801169590643275,238,343,284.0
1.3.6.1.4.1.14519.5.2.1.6279.6001.182192086929819295877506541021,0,0,155.0,195.34375,201.0,0.5326460481099656,0.8456439393939394,0.6222910216718266,232,324,292.0
1.3.6.1.4.1.14519.5.2.1.6279.6001.182192086929819295877506541021,1,0,155.0,195.0,198.0,0.5326460481099656,0.8441558441558441,0.6130030959752322,232,324,292.0
1.3.6.1.4.1.14519.5.2.1.6279.6001.182192086929819295877506541021,2,0,155.0,193.0,202.0,0.5326460481099656,0.8354978354978355,0.6253869969040248,232,324,292.0
1.3.6.1.4.1.14519.5.2.1.6279.6001.182192086929819295877506541021,3,0,155.0,197.0,203.0,0.5326460481099656,0.8528138528138528,0.628482972136223,232,324,292.0
1.3.6.1.4.1.14519.5.2.1.6279.6001.182192086929819295877506541021,4,0,155.0,196.0,198.0,0.5326460481099656,0.8484848484848485,0.6130030959752322,232,324,292.0
1.3.6.1.4.1.14519.5.2.1.6279.6001.182192086929819295877506541021,5,1,150.0,22.875,218.875,0.5154639175257731,0.09902597402597403,0.6776315789473685,232,324,292.0
1.3.6.1.4.1.14519.5.2.1.6279.6001.182192086929819295877506541021,6,1,150.0,22.0,218.0,0.5154639175257731,0.09523809523809523,0.6749226006191951,232,324,292.0
1.3.6.1.4.1.14519.5.2.1.6279.6001.182192086929819295877506541021,7,1,150.0,22.0,220.0,0.5154639175257731,0.09523809523809523,0.6811145510835913,232,324,292.0
1.3.6.1.4.1.14519.5.2.1.6279.6001.182192086929819295877506541021,8,1,150.0,24.0,219.0,0.5154639175257731,0.1038961038961039,0.6780185758513931,232,324,292.0
1.3.6.1.4.1.14519.5.2.1.6279.6001.182192086929819295877506541021,9,1,150.0,23.0,218.0,0.5154639175257731,0.09956709956709957,0.6749226006191951,232,324,292.0
1.3.6.1.4.1.14519.5.2.1.6279.6001.183184435049555024219115904825,0,0,229.0,86.94999694824219,168.89999389648438,0.8674242424242424,0.4304455294467435,0.6893877301897321,203,246,265.0
1.3.6.1.4.1.14519.5.2.1.6279.6001.183184435049555024219115904825,1,0,229.0,86.0,167.0,0.8674242424242424,0.42574257425742573,0.6816326530612244,203,246,265.0
1.3.6.1.4.1.14519.5.2.1.6279.6001.183184435049555024219115904825,2,0,229.0,85.0,170.0,0.8674242424242424,0.4207920792079208,0.6938775510204082,203,246,265.0
1.3.6.1.4.1.14519.5.2.1.6279.6001.183184435049555024219115904825,3,0,229.0,89.0,170.0,0.8674242424242424,0.4405940594059406,0.6938775510204082,203,246,265.0
1.3.6.1.4.1.14519.5.2.1.6279.6001.183184435049555024219115904825,4,0,229.0,87.0,167.0,0.8674242424242424,0.4306930693069307,0.6816326530612244,203,246,265.0
1.3.6.1.4.1.14519.5.2.1.6279.6001.183184435049555024219115904825,5,1,89.0,21.285715103149414,62.5,0.3371212121212121,0.10537482724331393,0.25510204081632654,203,246,265.0
1.3.6.1.4.1.14519.5.2.1.6279.6001.183184435049555024219115904825,6,1,89.0,21.0,61.0,0.3371212121212121,0.10396039603960396,0.24897959183673468,203,246,265.0
1.3.6.1.4.1.14519.5.2.1.6279.6001.183184435049555024219115904825,7,1,89.0,20.0,63.0,0.3371212121212121,0.09900990099009901,0.2571428571428571,203,246,265.0
1.3.6.1.4.1.14519.5.2.1.6279.6001.183184435049555024219115904825,8,1,89.0,22.0,64.0,0.3371212121212121,0.10891089108910891,0.2612244897959184,203,246,265.0
1.3.6.1.4.1.14519.5.2.1.6279.6001.183184435049555024219115904825,9,1,89.0,22.0,61.0,0.3371212121212121,0.10891089108910891,0.24897959183673468,203,246,265.0
1.3.6.1.4.1.14519.5.2.1.6279.6001.183843376225716802567192412456,0,0,164.0,133.2063446044922,265.1111145019531,0.5521885521885522,0.5668355089552859,0.7985274533191359,236,333,298.0
1.3.6.1.4.1.14519.5.2.1.6279.6001.183843376225716802567192412456,1,0,164.0,133.0,261.0,0.5521885521885522,0.5659574468085107,0.786144578313253,236,333,298.0
1.3.6.1.4.1.14519.5.2.1.6279.6001.183843376225716802567192412456,2,0,164.0,130.0,267.0,0.5521885521885522,0.5531914893617021,0.8042168674698795,236,333,298.0
1.3.6.1.4.1.14519.5.2.1.6279.6001.183843376225716802567192412456,3,0,164.0,136.0,268.0,0.5521885521885522,0.5787234042553191,0.8072289156626506,236,333,298.0
1.3.6.1.4.1.14519.5.2.1.6279.6001.183843376225716802567192412456,4,0,164.0,134.0,261.0,0.5521885521885522,0.5702127659574469,0.786144578313253,236,333,298.0
1.3.6.1.4.1.14519.5.2.1.6279.6001.183843376225716802567192412456,5,1,242.0,95.0,213.0,0.8148148148148148,0.40425531914893614,0.641566265060241,236,333,298.0
1.3.6.1.4.1.14519.5.2.1.6279.6001.183843376225716802567192412456,6,1,242.0,94.0,210.0,0.8148148148148148,0.4,0.6325301204819277,236,333,298.0
1.3.6.1.4.1.14519.5.2.1.6279.6001.183843376225716802567192412456,7,1,242.0,92.0,215.0,0.8148148148148148,0.39148936170212767,0.6475903614457831,236,333,298.0
1.3.6.1.4.1.14519.5.2.1.6279.6001.183843376225716802567192412456,8,1,242.0,98.0,215.0,0.8148148148148148,0.41702127659574467,0.6475903614457831,236,333,298.0
1.3.6.1.4.1.14519.5.2.1.6279.6001.183843376225716802567192412456,9,1,242.0,95.0,210.0,0.8148148148148148,0.40425531914893614,0.6325301204819277,236,333,298.0
1.3.6.1.4.1.14519.5.2.1.6279.6001.183843376225716802567192412456,10,2,177.0,204.7567596435547,208.2432403564453,0.5959595959595959,0.8713053601853391,0.6272386757724256,236,333,298.0
1.3.6.1.4.1.14519.5.2.1.6279.6001.183843376225716802567192412456,11,2,177.0,204.0,205.0,0.5959595959595959,0.8680851063829788,0.6174698795180723,236,333,298.0
1.3.6.1.4.1.14519.5.2.1.6279.6001.183843376225716802567192412456,12,2,177.0,202.0,210.0,0.5959595959595959,0.8595744680851064,0.6325301204819277,236,333,298.0
1.3.6.1.4.1.14519.5.2.1.6279.6001.183843376225716802567192412456,13,2,177.0,207.0,210.0,0.5959595959595959,0.8808510638297873,0.6325301204819277,236,333,298.0
1.3.6.1.4.1.14519.5.2.1.6279.6001.183843376225716802567192412456,14,2,177.0,205.0,205.0,0.5959595959595959,0.8723404255319149,0.6174698795180723,236,333,298.0
1.3.6.1.4.1.14519.5.2.1.6279.6001.183843376225716802567192412456,15,3,199.0,116.8125,240.71875,0.67003367003367,0.49707446808510636,0.7250564759036144,236,333,298.0
1.3.6.1.4.1.14519.5.2.1.6279.6001.183843376225716802567192412456,16,3,199.0,116.0,238.0,0.67003367003367,0.49361702127659574,0.7168674698795181,236,333,298.0
1.3.6.1.4.1.14519.5.2.1.6279.6001.183843376225716802567192412456,17,3,199.0,115.0,243.0,0.67003367003367,0.48936170212765956,0.7319277108433735,236,333,298.0
1.3.6.1.4.1.14519.5.2.1.6279.6001.183843376225716802567192412456,18,3,199.0,119.0,242.0,0.67003367003367,0.5063829787234042,0.7289156626506024,236,333,298.0
1.3.6.1.4.1.14519.5.2.1.6279.6001.183843376225716802567192412456,19,3,199.0,117.0,238.0,0.67003367003367,0.4978723404255319,0.7168674698795181,236,333,298.0
1.3.6.1.4.1.14519.5.2.1.6279.6001.183924380327950237519832859527,0,0,152.0,68.01739501953125,103.64347839355469,0.5714285714285714,0.2983219079804002,0.3409324947156404,229,305,267.0
1.3.6.1.4.1.14519.5.2.1.6279.6001.183924380327950237519832859527,1,0,152.0,67.0,96.0,0.5714285714285714,0.29385964912280704,0.3157894736842105,229,305,267.0
1.3.6.1.4.1.14519.5.2.1.6279.6001.183924380327950237519832859527,2,0,152.0,61.0,108.0,0.5714285714285714,0.2675438596491228,0.35526315789473684,229,305,267.0
1.3.6.1.4.1.14519.5.2.1.6279.6001.183924380327950237519832859527,3,0,152.0,75.0,107.0,0.5714285714285714,0.32894736842105265,0.3519736842105263,229,305,267.0
1.3.6.1.4.1.14519.5.2.1.6279.6001.183924380327950237519832859527,4,0,152.0,68.0,96.0,0.5714285714285714,0.2982456140350877,0.3157894736842105,229,305,267.0
1.3.6.1.4.1.14519.5.2.1.6279.6001.183924380327950237519832859527,5,1,85.0,141.0,57.5,0.31954887218045114,0.618421052631579,0.18914473684210525,229,305,267.0
1.3.6.1.4.1.14519.5.2.1.6279.6001.183924380327950237519832859527,6,1,85.0,140.0,51.0,0.31954887218045114,0.6140350877192983,0.16776315789473684,229,305,267.0
1.3.6.1.4.1.14519.5.2.1.6279.6001.183924380327950237519832859527,7,1,85.0,135.0,61.0,0.31954887218045114,0.5921052631578947,0.20065789473684212,229,305,267.0
1.3.6.1.4.1.14519.5.2.1.6279.6001.183924380327950237519832859527,8,1,85.0,147.0,61.0,0.31954887218045114,0.6447368421052632,0.20065789473684212,229,305,267.0
1.3.6.1.4.1.14519.5.2.1.6279.6001.183924380327950237519832859527,9,1,85.0,141.0,51.0,0.31954887218045114,0.618421052631579,0.16776315789473684,229,305,267.0
1.3.6.1.4.1.14519.5.2.1.6279.6001.183982839679953938397312236359,0,0,186.0,133.47291564941406,81.70625305175781,0.6666666666666666,0.638626390667053,0.28469077718382513,210,288,280.0
1.3.6.1.4.1.14519.5.2.1.6279.6001.183982839679953938397312236359,1,0,186.0,133.0,70.0,0.6666666666666666,0.6363636363636364,0.24390243902439024,210,288,280.0
1.3.6.1.4.1.14519.5.2.1.6279.6001.183982839679953938397312236359,2,0,186.0,123.0,87.0,0.6666666666666666,0.5885167464114832,0.30313588850174217,210,288,280.0
1.3.6.1.4.1.14519.5.2.1.6279.6001.183982839679953938397312236359,3,0,186.0,144.0,88.0,0.6666666666666666,0.6889952153110048,0.30662020905923343,210,288,280.0
1.3.6.1.4.1.14519.5.2.1.6279.6001.183982839679953938397312236359,4,0,186.0,134.0,70.0,0.6666666666666666,0.6411483253588517,0.24390243902439024,210,288,280.0
1.3.6.1.4.1.14519.5.2.1.6279.6001.184412674007117333405073397832,0,0,143.0,66.04762268066406,54.5,0.43597560975609756,0.28968255561694767,0.17138364779874213,229,319,329.0
1.3.6.1.4.1.14519.5.2.1.6279.6001.184412674007117333405073397832,1,0,143.0,65.0,52.0,0.43597560975609756,0.2850877192982456,0.16352201257861634,229,319,329.0
1.3.6.1.4.1.14519.5.2.1.6279.6001.184412674007117333405073397832,2,0,143.0,63.0,56.0,0.43597560975609756,0.27631578947368424,0.1761006289308176,229,319,329.0
1.3.6.1.4.1.14519.5.2.1.6279.6001.184412674007117333405073397832,3,0,143.0,69.0,56.0,0.43597560975609756,0.3026315789473684,0.1761006289308176,229,319,329.0
1.3.6.1.4.1.14519.5.2.1.6279.6001.184412674007117333405073397832,4,0,143.0,66.0,51.0,0.43597560975609756,0.2894736842105263,0.16037735849056603,229,319,329.0
1.3.6.1.4.1.14519.5.2.1.6279.6001.185154482385982570363528682299,0,0,140.0,145.6702117919922,89.27659606933594,0.4472843450479233,0.770741861333292,0.329433933835188,190,272,314.0
1.3.6.1.4.1.14519.5.2.1.6279.6001.185154482385982570363528682299,1,0,140.0,145.0,84.0,0.4472843450479233,0.7671957671957672,0.30996309963099633,190,272,314.0
1.3.6.1.4.1.14519.5.2.1.6279.6001.185154482385982570363528682299,2,0,140.0,141.0,92.0,0.4472843450479233,0.746031746031746,0.33948339483394835,190,272,314.0
1.3.6.1.4.1.14519.5.2.1.6279.6001.185154482385982570363528682299,3,0,140.0,150.0,92.0,0.4472843450479233,0.7936507936507936,0.33948339483394835,190,272,314.0
1.3.6.1.4.1.14519.5.2.1.6279.6001.185154482385982570363528682299,4,0,140.0,146.0,84.0,0.4472843450479233,0.7724867724867724,0.30996309963099633,190,272,314.0
1.3.6.1.4.1.14519.5.2.1.6279.6001.185154482385982570363528682299,5,1,173.0,113.5,185.0,0.5527156549520766,0.6005291005291006,0.6826568265682657,190,272,314.0
1.3.6.1.4.1.14519.5.2.1.6279.6001.185154482385982570363528682299,6,1,173.0,113.0,183.0,0.5527156549520766,0.5978835978835979,0.6752767527675276,190,272,314.0
1.3.6.1.4.1.14519.5.2.1.6279.6001.185154482385982570363528682299,7,1,173.0,111.0,186.0,0.5527156549520766,0.5873015873015873,0.6863468634686347,190,272,314.0
1.3.6.1.4.1.14519.5.2.1.6279.6001.185154482385982570363528682299,8,1,173.0,115.0,187.0,0.5527156549520766,0.6084656084656085,0.6900369003690037,190,272,314.0
1.3.6.1.4.1.14519.5.2.1.6279.6001.185154482385982570363528682299,9,1,173.0,114.0,183.0,0.5527156549520766,0.6031746031746031,0.6752767527675276,190,272,314.0
1.3.6.1.4.1.14519.5.2.1.6279.6001.185226274332527104841463955058,0,0,73.0,100.46666717529297,298.1333312988281,0.2693726937269373,0.4485119070325579,0.8979919617434582,225,333,272.0
1.3.6.1.4.1.14519.5.2.1.6279.6001.185226274332527104841463955058,1,0,73.0,100.0,296.0,0.2693726937269373,0.44642857142857145,0.891566265060241,225,333,272.0
1.3.6.1.4.1.14519.5.2.1.6279.6001.185226274332527104841463955058,2,0,73.0,99.0,299.0,0.2693726937269373,0.4419642857142857,0.9006024096385542,225,333,272.0
1.3.6.1.4.1.14519.5.2.1.6279.6001.185226274332527104841463955058,3,0,73.0,102.0,299.0,0.2693726937269373,0.45535714285714285,0.9006024096385542,225,333,272.0
1.3.6.1.4.1.14519.5.2.1.6279.6001.185226274332527104841463955058,4,0,73.0,101.0,297.0,0.2693726937269373,0.45089285714285715,0.8945783132530121,225,333,272.0
1.3.6.1.4.1.14519.5.2.1.6279.6001.185226274332527104841463955058,5,1,116.0,49.61538314819336,67.38461303710938,0.4280442804428044,0.22149724619729177,0.20296570191900415,225,333,272.0
1.3.6.1.4.1.14519.5.2.1.6279.6001.185226274332527104841463955058,6,1,116.0,49.0,66.0,0.4280442804428044,0.21875,0.19879518072289157,225,333,272.0
1.3.6.1.4.1.14519.5.2.1.6279.6001.185226274332527104841463955058,7,1,116.0,48.0,68.0,0.4280442804428044,0.21428571428571427,0.20481927710843373,225,333,272.0
1.3.6.1.4.1.14519.5.2.1.6279.6001.185226274332527104841463955058,8,1,116.0,51.0,68.0,0.4280442804428044,0.22767857142857142,0.20481927710843373,225,333,272.0
1.3.6.1.4.1.14519.5.2.1.6279.6001.185226274332527104841463955058,9,1,116.0,50.0,66.0,0.4280442804428044,0.22321428571428573,0.19879518072289157,225,333,272.0
1.3.6.1.4.1.14519.5.2.1.6279.6001.187108608022306504546286626125,0,0,235.0,94.39423370361328,72.75961303710938,0.8362989323843416,0.44949635096958707,0.26458041104403407,211,276,282.0
1.3.6.1.4.1.14519.5.2.1.6279.6001.187108608022306504546286626125,1,0,235.0,94.0,67.0,0.8362989323843416,0.44761904761904764,0.24363636363636362,211,276,282.0
1.3.6.1.4.1.14519.5.2.1.6279.6001.187108608022306504546286626125,2,0,235.0,90.0,75.0,0.8362989323843416,0.42857142857142855,0.2727272727272727,211,276,282.0
1.3.6.1.4.1.14519.5.2.1.6279.6001.187108608022306504546286626125,3,0,235.0,99.0,76.0,0.8362989323843416,0.4714285714285714,0.27636363636363637,211,276,282.0
1.3.6.1.4.1.14519.5.2.1.6279.6001.187108608022306504546286626125,4,0,235.0,95.0,67.0,0.8362989323843416,0.4523809523809524,0.24363636363636362,211,276,282.0
1.3.6.1.4.1.14519.5.2.1.6279.6001.187108608022306504546286626125,5,1,226.0,107.0,245.80882263183594,0.8042704626334519,0.5095238095238095,0.8938502641157671,211,276,282.0
1.3.6.1.4.1.14519.5.2.1.6279.6001.187108608022306504546286626125,6,1,226.0,106.0,242.0,0.8042704626334519,0.5047619047619047,0.88,211,276,282.0
1.3.6.1.4.1.14519.5.2.1.6279.6001.187108608022306504546286626125,7,1,226.0,103.0,248.0,0.8042704626334519,0.49047619047619045,0.9018181818181819,211,276,282.0
1.3.6.1.4.1.14519.5.2.1.6279.6001.187108608022306504546286626125,8,1,226.0,111.0,248.0,0.8042704626334519,0.5285714285714286,0.9018181818181819,211,276,282.0
1.3.6.1.4.1.14519.5.2.1.6279.6001.187108608022306504546286626125,9,1,226.0,107.0,241.0,0.8042704626334519,0.5095238095238095,0.8763636363636363,211,276,282.0
1.3.6.1.4.1.14519.5.2.1.6279.6001.187108608022306504546286626125,10,2,162.0,191.5,86.5,0.5765124555160143,0.9119047619047619,0.3145454545454546,211,276,282.0
1.3.6.1.4.1.14519.5.2.1.6279.6001.187108608022306504546286626125,11,2,162.0,191.0,83.0,0.5765124555160143,0.9095238095238095,0.3018181818181818,211,276,282.0
1.3.6.1.4.1.14519.5.2.1.6279.6001.187108608022306504546286626125,12,2,162.0,188.0,88.0,0.5765124555160143,0.8952380952380953,0.32,211,276,282.0
1.3.6.1.4.1.14519.5.2.1.6279.6001.187108608022306504546286626125,13,2,162.0,194.0,89.0,0.5765124555160143,0.9238095238095239,0.3236363636363636,211,276,282.0
1.3.6.1.4.1.14519.5.2.1.6279.6001.187108608022306504546286626125,14,2,162.0,192.0,83.0,0.5765124555160143,0.9142857142857143,0.3018181818181818,211,276,282.0
1.3.6.1.4.1.14519.5.2.1.6279.6001.187108608022306504546286626125,15,3,116.0,188.77777099609375,186.5,0.4128113879003559,0.8989417666480655,0.6781818181818182,211,276,282.0
1.3.6.1.4.1.14519.5.2.1.6279.6001.187108608022306504546286626125,16,3,116.0,188.0,185.0,0.4128113879003559,0.8952380952380953,0.6727272727272727,211,276,282.0
1.3.6.1.4.1.14519.5.2.1.6279.6001.187108608022306504546286626125,17,3,116.0,187.0,187.0,0.4128113879003559,0.8904761904761904,0.68,211,276,282.0
1.3.6.1.4.1.14519.5.2.1.6279.6001.187108608022306504546286626125,18,3,116.0,190.0,188.0,0.4128113879003559,0.9047619047619048,0.6836363636363636,211,276,282.0
1.3.6.1.4.1.14519.5.2.1.6279.6001.187108608022306504546286626125,19,3,116.0,189.0,185.0,0.4128113879003559,0.9,0.6727272727272727,211,276,282.0
1.3.6.1.4.1.14519.5.2.1.6279.6001.187451715205085403623595258748,0,0,153.0,64.66666412353516,227.53012084960938,0.5186440677966102,0.31699345158595665,0.824384495831918,205,277,296.0
1.3.6.1.4.1.14519.5.2.1.6279.6001.187451715205085403623595258748,1,0,153.0,64.0,219.0,0.5186440677966102,0.3137254901960784,0.7934782608695652,205,277,296.0
1.3.6.1.4.1.14519.5.2.1.6279.6001.187451715205085403623595258748,2,0,153.0,57.0,231.0,0.5186440677966102,0.27941176470588236,0.8369565217391305,205,277,296.0
1.3.6.1.4.1.14519.5.2.1.6279.6001.187451715205085403623595258748,3,0,153.0,72.0,232.0,0.5186440677966102,0.35294117647058826,0.8405797101449275,205,277,296.0
1.3.6.1.4.1.14519.5.2.1.6279.6001.187451715205085403623595258748,4,0,153.0,65.0,219.0,0.5186440677966102,0.31862745098039214,0.7934782608695652,205,277,296.0
1.3.6.1.4.1.14519.5.2.1.6279.6001.187451715205085403623595258748,5,1,111.0,146.06666564941406,200.06666564941406,0.376271186440678,0.7160130669088924,0.7248792233674423,205,277,296.0
1.3.6.1.4.1.14519.5.2.1.6279.6001.187451715205085403623595258748,6,1,111.0,146.0,194.0,0.376271186440678,0.7156862745098039,0.7028985507246377,205,277,296.0
1.3.6.1.4.1.14519.5.2.1.6279.6001.187451715205085403623595258748,7,1,111.0,141.0,203.0,0.376271186440678,0.6911764705882353,0.7355072463768116,205,277,296.0
1.3.6.1.4.1.14519.5.2.1.6279.6001.187451715205085403623595258748,8,1,111.0,151.0,204.0,0.376271186440678,0.7401960784313726,0.7391304347826086,205,277,296.0
1.3.6.1.4.1.14519.5.2.1.6279.6001.187451715205085403623595258748,9,1,111.0,147.0,194.0,0.376271186440678,0.7205882352941176,0.7028985507246377,205,277,296.0
1.3.6.1.4.1.14519.5.2.1.6279.6001.187694838527128312070807533473,0,0,113.0,62.5,271.5,0.41697416974169743,0.27654867256637167,0.8379629629629629,227,325,272.0
1.3.6.1.4.1.14519.5.2.1.6279.6001.187694838527128312070807533473,1,0,113.0,62.0,264.0,0.41697416974169743,0.2743362831858407,0.8148148148148148,227,325,272.0
1.3.6.1.4.1.14519.5.2.1.6279.6001.187694838527128312070807533473,2,0,113.0,56.0,275.0,0.41697416974169743,0.24778761061946902,0.8487654320987654,227,325,272.0
1.3.6.1.4.1.14519.5.2.1.6279.6001.187694838527128312070807533473,3,0,113.0,69.0,275.0,0.41697416974169743,0.3053097345132743,0.8487654320987654,227,325,272.0
1.3.6.1.4.1.14519.5.2.1.6279.6001.187694838527128312070807533473,4,0,113.0,63.0,264.0,0.41697416974169743,0.27876106194690264,0.8148148148148148,227,325,272.0
1.3.6.1.4.1.14519.5.2.1.6279.6001.187966156856911682643615997798,0,0,188.0,220.97332763671875,99.44000244140625,0.5911949685534591,0.8946288568288209,0.3452777862548828,248,289,319.0
1.3.6.1.4.1.14519.5.2.1.6279.6001.187966156856911682643615997798,1,0,188.0,220.0,95.0,0.5911949685534591,0.8906882591093117,0.3298611111111111,248,289,319.0
1.3.6.1.4.1.14519.5.2.1.6279.6001.187966156856911682643615997798,2,0,188.0,217.0,102.0,0.5911949685534591,0.8785425101214575,0.3541666666666667,248,289,319.0
1.3.6.1.4.1.14519.5.2.1.6279.6001.187966156856911682643615997798,3,0,188.0,225.0,102.0,0.5911949685534591,0.9109311740890689,0.3541666666666667,248,289,319.0
1.3.6.1.4.1.14519.5.2.1.6279.6001.187966156856911682643615997798,4,0,188.0,221.0,95.0,0.5911949685534591,0.8947368421052632,0.3298611111111111,248,289,319.0
1.3.6.1.4.1.14519.5.2.1.6279.6001.187966156856911682643615997798,5,1,91.0,76.76190185546875,260.3809509277344,0.2861635220125786,0.3107769305889423,0.9041005240546333,248,289,319.0
1.3.6.1.4.1.14519.5.2.1.6279.6001.187966156856911682643615997798,6,1,91.0,76.0,258.0,0.2861635220125786,0.3076923076923077,0.8958333333333334,248,289,319.0
1.3.6.1.4.1.14519.5.2.1.6279.6001.187966156856911682643615997798,7,1,91.0,75.0,261.0,0.2861635220125786,0.30364372469635625,0.90625,248,289,319.0
1.3.6.1.4.1.14519.5.2.1.6279.6001.187966156856911682643615997798,8,1,91.0,78.0,262.0,0.2861635220125786,0.3157894736842105,0.9097222222222222,248,289,319.0
1.3.6.1.4.1.14519.5.2.1.6279.6001.187966156856911682643615997798,9,1,91.0,77.0,258.0,0.2861635220125786,0.3117408906882591,0.8958333333333334,248,289,319.0
1.3.6.1.4.1.14519.5.2.1.6279.6001.187966156856911682643615997798,10,2,49.0,181.2857208251953,75.5,0.1540880503144654,0.7339502867416814,0.2621527777777778,248,289,319.0
1.3.6.1.4.1.14519.5.2.1.6279.6001.187966156856911682643615997798,11,2,49.0,181.0,74.0,0.1540880503144654,0.7327935222672065,0.2569444444444444,248,289,319.0
1.3.6.1.4.1.14519.5.2.1.6279.6001.187966156856911682643615997798,12,2,49.0,180.0,76.0,0.1540880503144654,0.728744939271255,0.2638888888888889,248,289,319.0
1.3.6.1.4.1.14519.5.2.1.6279.6001.187966156856911682643615997798,13,2,49.0,182.0,77.0,0.1540880503144654,0.7368421052631579,0.2673611111111111,248,289,319.0
1.3.6.1.4.1.14519.5.2.1.6279.6001.187966156856911682643615997798,14,2,49.0,182.0,74.0,0.1540880503144654,0.7368421052631579,0.2569444444444444,248,289,319.0
1.3.6.1.4.1.14519.5.2.1.6279.6001.187966156856911682643615997798,15,3,188.0,96.71428680419922,220.5,0.5911949685534591,0.39155581702104947,0.765625,248,289,319.0
1.3.6.1.4.1.14519.5.2.1.6279.6001.187966156856911682643615997798,16,3,188.0,96.0,219.0,0.5911949685534591,0.38866396761133604,0.7604166666666666,248,289,319.0
1.3.6.1.4.1.14519.5.2.1.6279.6001.187966156856911682643615997798,17,3,188.0,96.0,222.0,0.5911949685534591,0.38866396761133604,0.7708333333333334,248,289,319.0
1.3.6.1.4.1.14519.5.2.1.6279.6001.187966156856911682643615997798,18,3,188.0,98.0,221.0,0.5911949685534591,0.3967611336032389,0.7673611111111112,248,289,319.0
1.3.6.1.4.1.14519.5.2.1.6279.6001.187966156856911682643615997798,19,3,188.0,97.0,219.0,0.5911949685534591,0.39271255060728744,0.7604166666666666,248,289,319.0
1.3.6.1.4.1.14519.5.2.1.6279.6001.188059920088313909273628445208,0,0,23.0,175.7083282470703,102.0,0.08846153846153847,0.8367063249860491,0.36042402826855124,211,284,261.0
1.3.6.1.4.1.14519.5.2.1.6279.6001.188059920088313909273628445208,1,0,23.0,175.0,100.0,0.08846153846153847,0.8333333333333334,0.35335689045936397,211,284,261.0
1.3.6.1.4.1.14519.5.2.1.6279.6001.188059920088313909273628445208,2,0,23.0,174.0,103.0,0.08846153846153847,0.8285714285714286,0.36395759717314485,211,284,261.0
1.3.6.1.4.1.14519.5.2.1.6279.6001.188059920088313909273628445208,3,0,23.0,177.0,104.0,0.08846153846153847,0.8428571428571429,0.3674911660777385,211,284,261.0
1.3.6.1.4.1.14519.5.2.1.6279.6001.188059920088313909273628445208,4,0,23.0,176.0,100.0,0.08846153846153847,0.8380952380952381,0.35335689045936397,211,284,261.0
1.3.6.1.4.1.14519.5.2.1.6279.6001.188059920088313909273628445208,5,1,50.0,167.23809814453125,40.619049072265625,0.19230769230769232,0.7963718959263393,0.14353020873592093,211,284,261.0
1.3.6.1.4.1.14519.5.2.1.6279.6001.188059920088313909273628445208,6,1,50.0,167.0,38.0,0.19230769230769232,0.7952380952380952,0.13427561837455831,211,284,261.0
1.3.6.1.4.1.14519.5.2.1.6279.6001.188059920088313909273628445208,7,1,50.0,165.0,41.0,0.19230769230769232,0.7857142857142857,0.14487632508833923,211,284,261.0
1.3.6.1.4.1.14519.5.2.1.6279.6001.188059920088313909273628445208,8,1,50.0,169.0,42.0,0.19230769230769232,0.8047619047619048,0.14840989399293286,211,284,261.0
1.3.6.1.4.1.14519.5.2.1.6279.6001.188059920088313909273628445208,9,1,50.0,168.0,39.0,0.19230769230769232,0.8,0.13780918727915195,211,284,261.0
1.3.6.1.4.1.14519.5.2.1.6279.6001.188209889686363159853715266493,0,0,207.0,176.67857360839844,200.32142639160156,0.6448598130841121,0.7182055837739774,0.6359410361638145,247,316,322.0
1.3.6.1.4.1.14519.5.2.1.6279.6001.188209889686363159853715266493,1,0,207.0,176.0,198.0,0.6448598130841121,0.7154471544715447,0.6285714285714286,247,316,322.0
1.3.6.1.4.1.14519.5.2.1.6279.6001.188209889686363159853715266493,2,0,207.0,174.0,201.0,0.6448598130841121,0.7073170731707317,0.638095238095238,247,316,322.0
1.3.6.1.4.1.14519.5.2.1.6279.6001.188209889686363159853715266493,3,0,207.0,179.0,202.0,0.6448598130841121,0.7276422764227642,0.6412698412698413,247,316,322.0
1.3.6.1.4.1.14519.5.2.1.6279.6001.188209889686363159853715266493,4,0,207.0,177.0,198.0,0.6448598130841121,0.7195121951219512,0.6285714285714286,247,316,322.0
1.3.6.1.4.1.14519.5.2.1.6279.6001.188209889686363159853715266493,5,1,229.0,193.0,90.17391204833984,0.7133956386292835,0.7845528455284553,0.2862663874550471,247,316,322.0
1.3.6.1.4.1.14519.5.2.1.6279.6001.188209889686363159853715266493,6,1,229.0,192.0,88.0,0.7133956386292835,0.7804878048780488,0.27936507936507937,247,316,322.0
1.3.6.1.4.1.14519.5.2.1.6279.6001.188209889686363159853715266493,7,1,229.0,191.0,92.0,0.7133956386292835,0.7764227642276422,0.2920634920634921,247,316,322.0
1.3.6.1.4.1.14519.5.2.1.6279.6001.188209889686363159853715266493,8,1,229.0,195.0,92.0,0.7133956386292835,0.7926829268292683,0.2920634920634921,247,316,322.0
1.3.6.1.4.1.14519.5.2.1.6279.6001.188209889686363159853715266493,9,1,229.0,193.0,88.0,0.7133956386292835,0.7845528455284553,0.27936507936507937,247,316,322.0
1.3.6.1.4.1.14519.5.2.1.6279.6001.188265424231150847356515802868,0,0,230.0,134.3333282470703,87.5614013671875,0.8243727598566308,0.6306729025684052,0.3040326436360677,214,289,280.0
1.3.6.1.4.1.14519.5.2.1.6279.6001.188265424231150847356515802868,1,0,230.0,134.0,84.0,0.8243727598566308,0.6291079812206573,0.2916666666666667,214,289,280.0
1.3.6.1.4.1.14519.5.2.1.6279.6001.188265424231150847356515802868,2,0,230.0,131.0,89.0,0.8243727598566308,0.6150234741784038,0.3090277777777778,214,289,280.0
1.3.6.1.4.1.14519.5.2.1.6279.6001.188265424231150847356515802868,3,0,230.0,137.0,91.0,0.8243727598566308,0.6431924882629108,0.3159722222222222,214,289,280.0
1.3.6.1.4.1.14519.5.2.1.6279.6001.188265424231150847356515802868,4,0,230.0,135.0,84.0,0.8243727598566308,0.6338028169014085,0.2916666666666667,214,289,280.0
1.3.6.1.4.1.14519.5.2.1.6279.6001.188376349804761988217597754952,0,0,176.0,171.273681640625,76.8631591796875,0.7426160337552743,0.7288241771941489,0.2687523048240822,236,287,238.0
1.3.6.1.4.1.14519.5.2.1.6279.6001.188376349804761988217597754952,1,0,176.0,171.0,72.0,0.7426160337552743,0.7276595744680852,0.2517482517482518,236,287,238.0
1.3.6.1.4.1.14519.5.2.1.6279.6001.188376349804761988217597754952,2,0,176.0,167.0,79.0,0.7426160337552743,0.7106382978723405,0.2762237762237762,236,287,238.0
1.3.6.1.4.1.14519.5.2.1.6279.6001.188376349804761988217597754952,3,0,176.0,175.0,80.0,0.7426160337552743,0.7446808510638298,0.27972027972027974,236,287,238.0
1.3.6.1.4.1.14519.5.2.1.6279.6001.188376349804761988217597754952,4,0,176.0,172.0,72.0,0.7426160337552743,0.7319148936170212,0.2517482517482518,236,287,238.0
1.3.6.1.4.1.14519.5.2.1.6279.6001.188376349804761988217597754952,5,1,116.0,206.6774139404297,211.09677124023438,0.48945147679324896,0.8794783571933178,0.7381005987420782,236,287,238.0
1.3.6.1.4.1.14519.5.2.1.6279.6001.188376349804761988217597754952,6,1,116.0,206.0,209.0,0.48945147679324896,0.8765957446808511,0.7307692307692307,236,287,238.0
1.3.6.1.4.1.14519.5.2.1.6279.6001.188376349804761988217597754952,7,1,116.0,205.0,213.0,0.48945147679324896,0.8723404255319149,0.7447552447552448,236,287,238.0
1.3.6.1.4.1.14519.5.2.1.6279.6001.188376349804761988217597754952,8,1,116.0,209.0,212.0,0.48945147679324896,0.8893617021276595,0.7412587412587412,236,287,238.0
1.3.6.1.4.1.14519.5.2.1.6279.6001.188376349804761988217597754952,9,1,116.0,207.0,208.0,0.48945147679324896,0.8808510638297873,0.7272727272727273,236,287,238.0
1.3.6.1.4.1.14519.5.2.1.6279.6001.188376349804761988217597754952,10,2,83.0,176.72727966308594,31.5,0.350210970464135,0.7520309772897273,0.11013986013986014,236,287,238.0
1.3.6.1.4.1.14519.5.2.1.6279.6001.188376349804761988217597754952,11,2,83.0,176.0,29.0,0.350210970464135,0.7489361702127659,0.10139860139860139,236,287,238.0
1.3.6.1.4.1.14519.5.2.1.6279.6001.188376349804761988217597754952,12,2,83.0,175.0,32.0,0.350210970464135,0.7446808510638298,0.11188811188811189,236,287,238.0
1.3.6.1.4.1.14519.5.2.1.6279.6001.188376349804761988217597754952,13,2,83.0,178.0,33.0,0.350210970464135,0.7574468085106383,0.11538461538461539,236,287,238.0
1.3.6.1.4.1.14519.5.2.1.6279.6001.188376349804761988217597754952,14,2,83.0,177.0,29.0,0.350210970464135,0.7531914893617021,0.10139860139860139,236,287,238.0
1.3.6.1.4.1.14519.5.2.1.6279.6001.188376349804761988217597754952,15,3,125.0,160.0,45.0,0.5274261603375527,0.6808510638297872,0.15734265734265734,236,287,238.0
1.3.6.1.4.1.14519.5.2.1.6279.6001.188376349804761988217597754952,16,3,125.0,159.0,43.0,0.5274261603375527,0.676595744680851,0.15034965034965034,236,287,238.0
1.3.6.1.4.1.14519.5.2.1.6279.6001.188376349804761988217597754952,17,3,125.0,158.0,46.0,0.5274261603375527,0.6723404255319149,0.16083916083916083,236,287,238.0
1.3.6.1.4.1.14519.5.2.1.6279.6001.188376349804761988217597754952,18,3,125.0,162.0,46.0,0.5274261603375527,0.6893617021276596,0.16083916083916083,236,287,238.0
1.3.6.1.4.1.14519.5.2.1.6279.6001.188376349804761988217597754952,19,3,125.0,160.0,43.0,0.5274261603375527,0.6808510638297872,0.15034965034965034,236,287,238.0
1.3.6.1.4.1.14519.5.2.1.6279.6001.188385286346390202873004762827,0,0,90.0,34.71428680419922,46.5,0.39823008849557523,0.17444365228240813,0.1631578947368421,200,286,227.0
1.3.6.1.4.1.14519.5.2.1.6279.6001.188385286346390202873004762827,1,0,90.0,34.0,45.0,0.39823008849557523,0.1708542713567839,0.15789473684210525,200,286,227.0
1.3.6.1.4.1.14519.5.2.1.6279.6001.188385286346390202873004762827,2,0,90.0,34.0,48.0,0.39823008849557523,0.1708542713567839,0.16842105263157894,200,286,227.0
1.3.6.1.4.1.14519.5.2.1.6279.6001.188385286346390202873004762827,3,0,90.0,36.0,47.0,0.39823008849557523,0.18090452261306533,0.1649122807017544,200,286,227.0
1.3.6.1.4.1.14519.5.2.1.6279.6001.188385286346390202873004762827,4,0,90.0,35.0,45.0,0.39823008849557523,0.17587939698492464,0.15789473684210525,200,286,227.0
1.3.6.1.4.1.14519.5.2.1.6279.6001.188619674701053082195613114069,0,0,174.0,58.5,36.0,0.5559105431309904,0.306282722513089,0.12949640287769784,192,279,314.0
1.3.6.1.4.1.14519.5.2.1.6279.6001.188619674701053082195613114069,1,0,174.0,58.0,31.0,0.5559105431309904,0.3036649214659686,0.11151079136690648,192,279,314.0
1.3.6.1.4.1.14519.5.2.1.6279.6001.188619674701053082195613114069,2,0,174.0,54.0,38.0,0.5559105431309904,0.28272251308900526,0.1366906474820144,192,279,314.0
1.3.6.1.4.1.14519.5.2.1.6279.6001.188619674701053082195613114069,3,0,174.0,63.0,39.0,0.5559105431309904,0.3298429319371728,0.14028776978417265,192,279,314.0
1.3.6.1.4.1.14519.5.2.1.6279.6001.188619674701053082195613114069,4,0,174.0,59.0,31.0,0.5559105431309904,0.3089005235602094,0.11151079136690648,192,279,314.0
1.3.6.1.4.1.14519.5.2.1.6279.6001.188619674701053082195613114069,5,1,228.0,105.0,47.75,0.7284345047923323,0.5497382198952879,0.17176258992805754,192,279,314.0
1.3.6.1.4.1.14519.5.2.1.6279.6001.188619674701053082195613114069,6,1,228.0,104.0,44.0,0.7284345047923323,0.5445026178010471,0.15827338129496402,192,279,314.0
1.3.6.1.4.1.14519.5.2.1.6279.6001.188619674701053082195613114069,7,1,228.0,102.0,50.0,0.7284345047923323,0.5340314136125655,0.17985611510791366,192,279,314.0
1.3.6.1.4.1.14519.5.2.1.6279.6001.188619674701053082195613114069,8,1,228.0,108.0,50.0,0.7284345047923323,0.5654450261780105,0.17985611510791366,192,279,314.0
1.3.6.1.4.1.14519.5.2.1.6279.6001.188619674701053082195613114069,9,1,228.0,105.0,44.0,0.7284345047923323,0.5497382198952879,0.15827338129496402,192,279,314.0
1.3.6.1.4.1.14519.5.2.1.6279.6001.189483585244687808087477024767,0,0,27.0,187.57142639160156,86.32653045654297,0.09278350515463918,0.8411274726080787,0.25923883019982874,224,334,292.0
1.3.6.1.4.1.14519.5.2.1.6279.6001.189483585244687808087477024767,1,0,27.0,187.0,83.0,0.09278350515463918,0.8385650224215246,0.24924924924924924,224,334,292.0
1.3.6.1.4.1.14519.5.2.1.6279.6001.189483585244687808087477024767,2,0,27.0,185.0,88.0,0.09278350515463918,0.8295964125560538,0.26426426426426425,224,334,292.0
1.3.6.1.4.1.14519.5.2.1.6279.6001.189483585244687808087477024767,3,0,27.0,190.0,89.0,0.09278350515463918,0.852017937219731,0.2672672672672673,224,334,292.0
1.3.6.1.4.1.14519.5.2.1.6279.6001.189483585244687808087477024767,4,0,27.0,188.0,83.0,0.09278350515463918,0.8430493273542601,0.24924924924924924,224,334,292.0
1.3.6.1.4.1.14519.5.2.1.6279.6001.189483585244687808087477024767,5,1,69.0,167.88888549804688,276.72222900390625,0.23711340206185566,0.7528649573903448,0.8309976846964152,224,334,292.0
1.3.6.1.4.1.14519.5.2.1.6279.6001.189483585244687808087477024767,6,1,69.0,167.0,275.0,0.23711340206185566,0.7488789237668162,0.8258258258258259,224,334,292.0
1.3.6.1.4.1.14519.5.2.1.6279.6001.189483585244687808087477024767,7,1,69.0,166.0,278.0,0.23711340206185566,0.7443946188340808,0.8348348348348348,224,334,292.0
1.3.6.1.4.1.14519.5.2.1.6279.6001.189483585244687808087477024767,8,1,69.0,169.0,278.0,0.23711340206185566,0.757847533632287,0.8348348348348348,224,334,292.0
1.3.6.1.4.1.14519.5.2.1.6279.6001.189483585244687808087477024767,9,1,69.0,168.0,275.0,0.23711340206185566,0.7533632286995515,0.8258258258258259,224,334,292.0
1.3.6.1.4.1.14519.5.2.1.6279.6001.190298296009658115773239776160,0,0,90.0,150.6666717529297,110.22222137451172,0.2786377708978328,0.6304044843218816,0.341245267413349,240,324,324.0
1.3.6.1.4.1.14519.5.2.1.6279.6001.190298296009658115773239776160,1,0,90.0,150.0,107.0,0.2786377708978328,0.6276150627615062,0.33126934984520123,240,324,324.0
1.3.6.1.4.1.14519.5.2.1.6279.6001.190298296009658115773239776160,2,0,90.0,148.0,112.0,0.2786377708978328,0.6192468619246861,0.34674922600619196,240,324,324.0
1.3.6.1.4.1.14519.5.2.1.6279.6001.190298296009658115773239776160,3,0,90.0,153.0,112.0,0.2786377708978328,0.6401673640167364,0.34674922600619196,240,324,324.0
1.3.6.1.4.1.14519.5.2.1.6279.6001.190298296009658115773239776160,4,0,90.0,151.0,107.0,0.2786377708978328,0.6317991631799164,0.33126934984520123,240,324,324.0
1.3.6.1.4.1.14519.5.2.1.6279.6001.191266041369462391833537519639,0,0,119.0,165.0,59.5,0.4033898305084746,0.7568807339449541,0.1925566343042071,219,310,296.0
1.3.6.1.4.1.14519.5.2.1.6279.6001.191266041369462391833537519639,1,0,119.0,164.0,58.0,0.4033898305084746,0.7522935779816514,0.18770226537216828,219,310,296.0
1.3.6.1.4.1.14519.5.2.1.6279.6001.191266041369462391833537519639,2,0,119.0,164.0,61.0,0.4033898305084746,0.7522935779816514,0.19741100323624594,219,310,296.0
1.3.6.1.4.1.14519.5.2.1.6279.6001.191266041369462391833537519639,3,0,119.0,167.0,60.0,0.4033898305084746,0.7660550458715596,0.1941747572815534,219,310,296.0
1.3.6.1.4.1.14519.5.2.1.6279.6001.191266041369462391833537519639,4,0,119.0,165.0,58.0,0.4033898305084746,0.7568807339449541,0.18770226537216828,219,310,296.0
1.3.6.1.4.1.14519.5.2.1.6279.6001.192256506776434538421891524301,0,0,204.0,82.0,260.2916564941406,0.6559485530546624,0.36123348017621143,0.8159613056242653,228,320,312.0
1.3.6.1.4.1.14519.5.2.1.6279.6001.192256506776434538421891524301,1,0,204.0,81.0,258.0,0.6559485530546624,0.3568281938325991,0.8087774294670846,228,320,312.0
1.3.6.1.4.1.14519.5.2.1.6279.6001.192256506776434538421891524301,2,0,204.0,80.0,262.0,0.6559485530546624,0.3524229074889868,0.8213166144200627,228,320,312.0
1.3.6.1.4.1.14519.5.2.1.6279.6001.192256506776434538421891524301,3,0,204.0,84.0,262.0,0.6559485530546624,0.3700440528634361,0.8213166144200627,228,320,312.0
1.3.6.1.4.1.14519.5.2.1.6279.6001.192256506776434538421891524301,4,0,204.0,82.0,258.0,0.6559485530546624,0.36123348017621143,0.8087774294670846,228,320,312.0
1.3.6.1.4.1.14519.5.2.1.6279.6001.192256506776434538421891524301,5,1,259.0,145.5,131.5,0.8327974276527331,0.6409691629955947,0.4122257053291536,228,320,312.0
1.3.6.1.4.1.14519.5.2.1.6279.6001.192256506776434538421891524301,6,1,259.0,145.0,129.0,0.8327974276527331,0.6387665198237885,0.4043887147335423,228,320,312.0
1.3.6.1.4.1.14519.5.2.1.6279.6001.192256506776434538421891524301,7,1,259.0,143.0,132.0,0.8327974276527331,0.6299559471365639,0.41379310344827586,228,320,312.0
1.3.6.1.4.1.14519.5.2.1.6279.6001.192256506776434538421891524301,8,1,259.0,147.0,133.0,0.8327974276527331,0.6475770925110133,0.4169278996865204,228,320,312.0
1.3.6.1.4.1.14519.5.2.1.6279.6001.192256506776434538421891524301,9,1,259.0,146.0,129.0,0.8327974276527331,0.6431718061674009,0.4043887147335423,228,320,312.0
1.3.6.1.4.1.14519.5.2.1.6279.6001.192256506776434538421891524301,10,2,183.0,92.0,101.0,0.5884244372990354,0.4052863436123348,0.3166144200626959,228,320,312.0
1.3.6.1.4.1.14519.5.2.1.6279.6001.192256506776434538421891524301,11,2,183.0,91.0,99.0,0.5884244372990354,0.4008810572687225,0.3103448275862069,228,320,312.0
1.3.6.1.4.1.14519.5.2.1.6279.6001.192256506776434538421891524301,12,2,183.0,90.0,102.0,0.5884244372990354,0.3964757709251101,0.31974921630094044,228,320,312.0
1.3.6.1.4.1.14519.5.2.1.6279.6001.192256506776434538421891524301,13,2,183.0,94.0,102.0,0.5884244372990354,0.41409691629955947,0.31974921630094044,228,320,312.0
1.3.6.1.4.1.14519.5.2.1.6279.6001.192256506776434538421891524301,14,2,183.0,92.0,99.0,0.5884244372990354,0.4052863436123348,0.3103448275862069,228,320,312.0
1.3.6.1.4.1.14519.5.2.1.6279.6001.192256506776434538421891524301,15,3,117.0,154.0,280.0,0.3762057877813505,0.6784140969162996,0.877742946708464,228,320,312.0
1.3.6.1.4.1.14519.5.2.1.6279.6001.192256506776434538421891524301,16,3,117.0,153.0,278.0,0.3762057877813505,0.6740088105726872,0.8714733542319749,228,320,312.0
1.3.6.1.4.1.14519.5.2.1.6279.6001.192256506776434538421891524301,17,3,117.0,152.0,281.0,0.3762057877813505,0.6696035242290749,0.8808777429467085,228,320,312.0
1.3.6.1.4.1.14519.5.2.1.6279.6001.192256506776434538421891524301,18,3,117.0,156.0,281.0,0.3762057877813505,0.6872246696035242,0.8808777429467085,228,320,312.0
1.3.6.1.4.1.14519.5.2.1.6279.6001.192256506776434538421891524301,19,3,117.0,154.0,278.0,0.3762057877813505,0.6784140969162996,0.8714733542319749,228,320,312.0
1.3.6.1.4.1.14519.5.2.1.6279.6001.192256506776434538421891524301,20,4,262.0,153.5,186.0,0.842443729903537,0.6762114537444934,0.5830721003134797,228,320,312.0
1.3.6.1.4.1.14519.5.2.1.6279.6001.192256506776434538421891524301,21,4,262.0,153.0,184.0,0.842443729903537,0.6740088105726872,0.5768025078369906,228,320,312.0
1.3.6.1.4.1.14519.5.2.1.6279.6001.192256506776434538421891524301,22,4,262.0,152.0,187.0,0.842443729903537,0.6696035242290749,0.5862068965517241,228,320,312.0
1.3.6.1.4.1.14519.5.2.1.6279.6001.192256506776434538421891524301,23,4,262.0,155.0,187.0,0.842443729903537,0.6828193832599119,0.5862068965517241,228,320,312.0
1.3.6.1.4.1.14519.5.2.1.6279.6001.192256506776434538421891524301,24,4,262.0,154.0,184.0,0.842443729903537,0.6784140969162996,0.5768025078369906,228,320,312.0
1.3.6.1.4.1.14519.5.2.1.6279.6001.192419869605596446455526220766,0,0,151.0,26.909090042114258,226.09091186523438,0.5571955719557196,0.13255709380351852,0.7664098707296081,204,296,272.0
1.3.6.1.4.1.14519.5.2.1.6279.6001.192419869605596446455526220766,1,0,151.0,26.0,224.0,0.5571955719557196,0.12807881773399016,0.7593220338983051,204,296,272.0
1.3.6.1.4.1.14519.5.2.1.6279.6001.192419869605596446455526220766,2,0,151.0,25.0,228.0,0.5571955719557196,0.12315270935960591,0.7728813559322034,204,296,272.0
1.3.6.1.4.1.14519.5.2.1.6279.6001.192419869605596446455526220766,3,0,151.0,29.0,227.0,0.5571955719557196,0.14285714285714285,0.7694915254237288,204,296,272.0
1.3.6.1.4.1.14519.5.2.1.6279.6001.192419869605596446455526220766,4,0,151.0,27.0,224.0,0.5571955719557196,0.1330049261083744,0.7593220338983051,204,296,272.0
1.3.6.1.4.1.14519.5.2.1.6279.6001.193808128386712859512130599234,0,0,210.0,68.80000305175781,113.07499694824219,0.7394366197183099,0.2866666793823242,0.3479230675330529,241,326,285.0
1.3.6.1.4.1.14519.5.2.1.6279.6001.193808128386712859512130599234,1,0,210.0,68.0,110.0,0.7394366197183099,0.2833333333333333,0.3384615384615385,241,326,285.0
1.3.6.1.4.1.14519.5.2.1.6279.6001.193808128386712859512130599234,2,0,210.0,66.0,114.0,0.7394366197183099,0.275,0.3507692307692308,241,326,285.0
1.3.6.1.4.1.14519.5.2.1.6279.6001.193808128386712859512130599234,3,0,210.0,71.0,115.0,0.7394366197183099,0.29583333333333334,0.35384615384615387,241,326,285.0
1.3.6.1.4.1.14519.5.2.1.6279.6001.193808128386712859512130599234,4,0,210.0,69.0,110.0,0.7394366197183099,0.2875,0.3384615384615385,241,326,285.0
1.3.6.1.4.1.14519.5.2.1.6279.6001.193964947698259739624715468431,0,0,230.0,148.0,157.1999969482422,0.8455882352941176,0.7628865979381443,0.5779411652508903,195,273,273.0
1.3.6.1.4.1.14519.5.2.1.6279.6001.193964947698259739624715468431,1,0,230.0,147.0,156.0,0.8455882352941176,0.7577319587628866,0.5735294117647058,195,273,273.0
1.3.6.1.4.1.14519.5.2.1.6279.6001.193964947698259739624715468431,2,0,230.0,147.0,158.0,0.8455882352941176,0.7577319587628866,0.5808823529411765,195,273,273.0
1.3.6.1.4.1.14519.5.2.1.6279.6001.193964947698259739624715468431,3,0,230.0,149.0,158.0,0.8455882352941176,0.7680412371134021,0.5808823529411765,195,273,273.0
1.3.6.1.4.1.14519.5.2.1.6279.6001.193964947698259739624715468431,4,0,230.0,148.0,156.0,0.8455882352941176,0.7628865979381443,0.5735294117647058,195,273,273.0
1.3.6.1.4.1.14519.5.2.1.6279.6001.194246472548954252250399902051,0,0,181.0,127.83783721923828,130.59458923339844,0.6487455197132617,0.56565414698778,0.39815423546767814,227,329,280.0
1.3.6.1.4.1.14519.5.2.1.6279.6001.194246472548954252250399902051,1,0,181.0,127.0,128.0,0.6487455197132617,0.5619469026548672,0.3902439024390244,227,329,280.0
1.3.6.1.4.1.14519.5.2.1.6279.6001.194246472548954252250399902051,2,0,181.0,125.0,132.0,0.6487455197132617,0.5530973451327433,0.4024390243902439,227,329,280.0
1.3.6.1.4.1.14519.5.2.1.6279.6001.194246472548954252250399902051,3,0,181.0,130.0,132.0,0.6487455197132617,0.5752212389380531,0.4024390243902439,227,329,280.0
1.3.6.1.4.1.14519.5.2.1.6279.6001.194246472548954252250399902051,4,0,181.0,128.0,128.0,0.6487455197132617,0.5663716814159292,0.3902439024390244,227,329,280.0
1.3.6.1.4.1.14519.5.2.1.6279.6001.194440094986948071643661798326,0,0,67.0,173.3015899658203,235.93650817871094,0.21003134796238246,0.7877344998446378,0.7215183736352017,221,328,320.0
1.3.6.1.4.1.14519.5.2.1.6279.6001.194440094986948071643661798326,1,0,67.0,173.0,232.0,0.21003134796238246,0.7863636363636364,0.709480122324159,221,328,320.0
1.3.6.1.4.1.14519.5.2.1.6279.6001.194440094986948071643661798326,2,0,67.0,170.0,237.0,0.21003134796238246,0.7727272727272727,0.7247706422018348,221,328,320.0
1.3.6.1.4.1.14519.5.2.1.6279.6001.194440094986948071643661798326,3,0,67.0,176.0,239.0,0.21003134796238246,0.8,0.7308868501529052,221,328,320.0
1.3.6.1.4.1.14519.5.2.1.6279.6001.194440094986948071643661798326,4,0,67.0,174.0,232.0,0.21003134796238246,0.7909090909090909,0.709480122324159,221,328,320.0
1.3.6.1.4.1.14519.5.2.1.6279.6001.194488534645348916700259325236,0,0,187.0,119.78571319580078,236.5,0.6631205673758865,0.5871848686068666,0.7883333333333333,205,301,283.0
1.3.6.1.4.1.14519.5.2.1.6279.6001.194488534645348916700259325236,1,0,187.0,119.0,234.0,0.6631205673758865,0.5833333333333334,0.78,205,301,283.0
1.3.6.1.4.1.14519.5.2.1.6279.6001.194488534645348916700259325236,2,0,187.0,118.0,238.0,0.6631205673758865,0.5784313725490197,0.7933333333333333,205,301,283.0
1.3.6.1.4.1.14519.5.2.1.6279.6001.194488534645348916700259325236,3,0,187.0,122.0,238.0,0.6631205673758865,0.5980392156862745,0.7933333333333333,205,301,283.0
1.3.6.1.4.1.14519.5.2.1.6279.6001.194488534645348916700259325236,4,0,187.0,120.0,234.0,0.6631205673758865,0.5882352941176471,0.78,205,301,283.0
1.3.6.1.4.1.14519.5.2.1.6279.6001.194488534645348916700259325236,5,1,78.0,156.72222900390625,260.8888854980469,0.2765957446808511,0.7682462206073836,0.869629618326823,205,301,283.0
1.3.6.1.4.1.14519.5.2.1.6279.6001.194488534645348916700259325236,6,1,78.0,156.0,259.0,0.2765957446808511,0.7647058823529411,0.8633333333333333,205,301,283.0
1.3.6.1.4.1.14519.5.2.1.6279.6001.194488534645348916700259325236,7,1,78.0,155.0,262.0,0.2765957446808511,0.7598039215686274,0.8733333333333333,205,301,283.0
1.3.6.1.4.1.14519.5.2.1.6279.6001.194488534645348916700259325236,8,1,78.0,158.0,262.0,0.2765957446808511,0.7745098039215687,0.8733333333333333,205,301,283.0
1.3.6.1.4.1.14519.5.2.1.6279.6001.194488534645348916700259325236,9,1,78.0,157.0,259.0,0.2765957446808511,0.7696078431372549,0.8633333333333333,205,301,283.0
1.3.6.1.4.1.14519.5.2.1.6279.6001.194632613233275988184244485809,0,0,193.0,71.81761169433594,82.5,0.772,0.408054611899636,0.3089887640449438,177,268,251.0
1.3.6.1.4.1.14519.5.2.1.6279.6001.194632613233275988184244485809,1,0,193.0,71.0,73.0,0.772,0.4034090909090909,0.27340823970037453,177,268,251.0
1.3.6.1.4.1.14519.5.2.1.6279.6001.194632613233275988184244485809,2,0,193.0,63.0,87.0,0.772,0.35795454545454547,0.3258426966292135,177,268,251.0
1.3.6.1.4.1.14519.5.2.1.6279.6001.194632613233275988184244485809,3,0,193.0,80.0,87.0,0.772,0.45454545454545453,0.3258426966292135,177,268,251.0
1.3.6.1.4.1.14519.5.2.1.6279.6001.194632613233275988184244485809,4,0,193.0,72.0,73.0,0.772,0.4090909090909091,0.27340823970037453,177,268,251.0
1.3.6.1.4.1.14519.5.2.1.6279.6001.194766721609772924944646251928,0,0,157.0,100.0,52.922019958496094,0.5992366412213741,0.4219409282700422,0.16283698448768028,238,326,263.0
1.3.6.1.4.1.14519.5.2.1.6279.6001.194766721609772924944646251928,1,0,157.0,99.0,42.0,0.5992366412213741,0.4177215189873418,0.12923076923076923,238,326,263.0
1.3.6.1.4.1.14519.5.2.1.6279.6001.194766721609772924944646251928,2,0,157.0,90.0,59.0,0.5992366412213741,0.379746835443038,0.18153846153846154,238,326,263.0
1.3.6.1.4.1.14519.5.2.1.6279.6001.194766721609772924944646251928,3,0,157.0,110.0,58.0,0.5992366412213741,0.4641350210970464,0.17846153846153845,238,326,263.0
1.3.6.1.4.1.14519.5.2.1.6279.6001.194766721609772924944646251928,4,0,157.0,100.0,41.0,0.5992366412213741,0.4219409282700422,0.12615384615384614,238,326,263.0
1.3.6.1.4.1.14519.5.2.1.6279.6001.195557219224169985110295082004,0,0,203.0,98.61842346191406,236.0,0.7302158273381295,0.5603319514881481,0.8280701754385965,177,286,279.0
1.3.6.1.4.1.14519.5.2.1.6279.6001.195557219224169985110295082004,1,0,203.0,98.0,232.0,0.7302158273381295,0.5568181818181818,0.8140350877192982,177,286,279.0
1.3.6.1.4.1.14519.5.2.1.6279.6001.195557219224169985110295082004,2,0,203.0,95.0,238.0,0.7302158273381295,0.5397727272727273,0.8350877192982457,177,286,279.0
1.3.6.1.4.1.14519.5.2.1.6279.6001.195557219224169985110295082004,3,0,203.0,102.0,239.0,0.7302158273381295,0.5795454545454546,0.8385964912280702,177,286,279.0
1.3.6.1.4.1.14519.5.2.1.6279.6001.195557219224169985110295082004,4,0,203.0,99.0,232.0,0.7302158273381295,0.5625,0.8140350877192982,177,286,279.0
1.3.6.1.4.1.14519.5.2.1.6279.6001.195557219224169985110295082004,5,1,223.0,78.625,103.9000015258789,0.802158273381295,0.44673295454545453,0.364561408862733,177,286,279.0
1.3.6.1.4.1.14519.5.2.1.6279.6001.195557219224169985110295082004,6,1,223.0,78.0,101.0,0.802158273381295,0.4431818181818182,0.3543859649122807,177,286,279.0
1.3.6.1.4.1.14519.5.2.1.6279.6001.195557219224169985110295082004,7,1,223.0,76.0,105.0,0.802158273381295,0.4318181818181818,0.3684210526315789,177,286,279.0
1.3.6.1.4.1.14519.5.2.1.6279.6001.195557219224169985110295082004,8,1,223.0,81.0,106.0,0.802158273381295,0.4602272727272727,0.3719298245614035,177,286,279.0
1.3.6.1.4.1.14519.5.2.1.6279.6001.195557219224169985110295082004,9,1,223.0,79.0,101.0,0.802158273381295,0.44886363636363635,0.3543859649122807,177,286,279.0
1.3.6.1.4.1.14519.5.2.1.6279.6001.195557219224169985110295082004,10,2,221.0,45.0,96.0,0.7949640287769785,0.2556818181818182,0.3368421052631579,177,286,279.0
1.3.6.1.4.1.14519.5.2.1.6279.6001.195557219224169985110295082004,11,2,221.0,44.0,93.0,0.7949640287769785,0.25,0.3263157894736842,177,286,279.0
1.3.6.1.4.1.14519.5.2.1.6279.6001.195557219224169985110295082004,12,2,221.0,43.0,98.0,0.7949640287769785,0.24431818181818182,0.34385964912280703,177,286,279.0
1.3.6.1.4.1.14519.5.2.1.6279.6001.195557219224169985110295082004,13,2,221.0,48.0,97.0,0.7949640287769785,0.2727272727272727,0.34035087719298246,177,286,279.0
1.3.6.1.4.1.14519.5.2.1.6279.6001.195557219224169985110295082004,14,2,221.0,45.0,93.0,0.7949640287769785,0.2556818181818182,0.3263157894736842,177,286,279.0
1.3.6.1.4.1.14519.5.2.1.6279.6001.195557219224169985110295082004,15,3,137.0,35.5,245.5,0.49280575539568344,0.20170454545454544,0.8614035087719298,177,286,279.0
1.3.6.1.4.1.14519.5.2.1.6279.6001.195557219224169985110295082004,16,3,137.0,35.0,243.0,0.49280575539568344,0.19886363636363635,0.8526315789473684,177,286,279.0
1.3.6.1.4.1.14519.5.2.1.6279.6001.195557219224169985110295082004,17,3,137.0,33.0,247.0,0.49280575539568344,0.1875,0.8666666666666667,177,286,279.0
1.3.6.1.4.1.14519.5.2.1.6279.6001.195557219224169985110295082004,18,3,137.0,38.0,247.0,0.49280575539568344,0.2159090909090909,0.8666666666666667,177,286,279.0
1.3.6.1.4.1.14519.5.2.1.6279.6001.195557219224169985110295082004,19,3,137.0,36.0,243.0,0.49280575539568344,0.20454545454545456,0.8526315789473684,177,286,279.0
1.3.6.1.4.1.14519.5.2.1.6279.6001.195557219224169985110295082004,20,4,224.0,87.5,254.5,0.8057553956834532,0.4971590909090909,0.8929824561403509,177,286,279.0
1.3.6.1.4.1.14519.5.2.1.6279.6001.195557219224169985110295082004,21,4,224.0,87.0,252.0,0.8057553956834532,0.4943181818181818,0.8842105263157894,177,286,279.0
1.3.6.1.4.1.14519.5.2.1.6279.6001.195557219224169985110295082004,22,4,224.0,85.0,256.0,0.8057553956834532,0.48295454545454547,0.8982456140350877,177,286,279.0
1.3.6.1.4.1.14519.5.2.1.6279.6001.195557219224169985110295082004,23,4,224.0,90.0,256.0,0.8057553956834532,0.5113636363636364,0.8982456140350877,177,286,279.0
1.3.6.1.4.1.14519.5.2.1.6279.6001.195557219224169985110295082004,24,4,224.0,88.0,252.0,0.8057553956834532,0.5,0.8842105263157894,177,286,279.0
1.3.6.1.4.1.14519.5.2.1.6279.6001.195557219224169985110295082004,25,5,159.0,90.54838562011719,240.4193572998047,0.5719424460431655,0.5144794637506659,0.8435766922800164,177,286,279.0
1.3.6.1.4.1.14519.5.2.1.6279.6001.195557219224169985110295082004,26,5,159.0,90.0,238.0,0.5719424460431655,0.5113636363636364,0.8350877192982457,177,286,279.0
1.3.6.1.4.1.14519.5.2.1.6279.6001.195557219224169985110295082004,27,5,159.0,88.0,242.0,0.5719424460431655,0.5,0.8491228070175438,177,286,279.0
1.3.6.1.4.1.14519.5.2.1.6279.6001.195557219224169985110295082004,28,5,159.0,93.0,242.0,0.5719424460431655,0.5284090909090909,0.8491228070175438,177,286,279.0
1.3.6.1.4.1.14519.5.2.1.6279.6001.195557219224169985110295082004,29,5,159.0,91.0,238.0,0.5719424460431655,0.5170454545454546,0.8350877192982457,177,286,279.0
1.3.6.1.4.1.14519.5.2.1.6279.6001.195557219224169985110295082004,30,6,168.0,73.0,241.65625,0.60431654676259,0.4147727272727273,0.8479166666666667,177,286,279.0
1.3.6.1.4.1.14519.5.2.1.6279.6001.195557219224169985110295082004,31,6,168.0,72.0,239.0,0.60431654676259,0.4090909090909091,0.8385964912280702,177,286,279.0
1.3.6.1.4.1.14519.5.2.1.6279.6001.195557219224169985110295082004,32,6,168.0,71.0,244.0,0.60431654676259,0.4034090909090909,0.856140350877193,177,286,279.0
1.3.6.1.4.1.14519.5.2.1.6279.6001.195557219224169985110295082004,33,6,168.0,75.0,243.0,0.60431654676259,0.42613636363636365,0.8526315789473684,177,286,279.0
1.3.6.1.4.1.14519.5.2.1.6279.6001.195557219224169985110295082004,34,6,168.0,73.0,239.0,0.60431654676259,0.4147727272727273,0.8385964912280702,177,286,279.0
1.3.6.1.4.1.14519.5.2.1.6279.6001.195557219224169985110295082004,35,7,147.0,45.79166793823242,75.20833587646484,0.5287769784172662,0.2601799314672297,0.26388889781215735,177,286,279.0
1.3.6.1.4.1.14519.5.2.1.6279.6001.195557219224169985110295082004,36,7,147.0,45.0,73.0,0.5287769784172662,0.2556818181818182,0.256140350877193,177,286,279.0
1.3.6.1.4.1.14519.5.2.1.6279.6001.195557219224169985110295082004,37,7,147.0,44.0,77.0,0.5287769784172662,0.25,0.27017543859649124,177,286,279.0
1.3.6.1.4.1.14519.5.2.1.6279.6001.195557219224169985110295082004,38,7,147.0,48.0,76.0,0.5287769784172662,0.2727272727272727,0.26666666666666666,177,286,279.0
1.3.6.1.4.1.14519.5.2.1.6279.6001.195557219224169985110295082004,39,7,147.0,46.0,73.0,0.5287769784172662,0.26136363636363635,0.256140350877193,177,286,279.0
1.3.6.1.4.1.14519.5.2.1.6279.6001.195557219224169985110295082004,40,8,131.0,45.70833206176758,217.0,0.4712230215827338,0.25970643216913397,0.7614035087719299,177,286,279.0
1.3.6.1.4.1.14519.5.2.1.6279.6001.195557219224169985110295082004,41,8,131.0,45.0,215.0,0.4712230215827338,0.2556818181818182,0.7543859649122807,177,286,279.0
1.3.6.1.4.1.14519.5.2.1.6279.6001.195557219224169985110295082004,42,8,131.0,44.0,218.0,0.4712230215827338,0.25,0.7649122807017544,177,286,279.0
1.3.6.1.4.1.14519.5.2.1.6279.6001.195557219224169985110295082004,43,8,131.0,47.0,219.0,0.4712230215827338,0.26704545454545453,0.7684210526315789,177,286,279.0
1.3.6.1.4.1.14519.5.2.1.6279.6001.195557219224169985110295082004,44,8,131.0,46.0,215.0,0.4712230215827338,0.26136363636363635,0.7543859649122807,177,286,279.0
1.3.6.1.4.1.14519.5.2.1.6279.6001.195913706607582347421429908613,0,0,121.0,73.5,21.714284896850586,0.4801587301587302,0.2784090909090909,0.07983192976783304,265,273,253.0
1.3.6.1.4.1.14519.5.2.1.6279.6001.195913706607582347421429908613,1,0,121.0,73.0,20.0,0.4801587301587302,0.2765151515151515,0.07352941176470588,265,273,253.0
1.3.6.1.4.1.14519.5.2.1.6279.6001.195913706607582347421429908613,2,0,121.0,72.0,23.0,0.4801587301587302,0.2727272727272727,0.08455882352941177,265,273,253.0
1.3.6.1.4.1.14519.5.2.1.6279.6001.195913706607582347421429908613,3,0,121.0,75.0,23.0,0.4801587301587302,0.2840909090909091,0.08455882352941177,265,273,253.0
1.3.6.1.4.1.14519.5.2.1.6279.6001.195913706607582347421429908613,4,0,121.0,74.0,20.0,0.4801587301587302,0.2803030303030303,0.07352941176470588,265,273,253.0
1.3.6.1.4.1.14519.5.2.1.6279.6001.196251645377731223510086726530,0,0,188.0,57.0,211.0,0.6666666666666666,0.285,0.7962264150943397,201,266,283.0
1.3.6.1.4.1.14519.5.2.1.6279.6001.196251645377731223510086726530,1,0,188.0,56.0,209.0,0.6666666666666666,0.28,0.7886792452830189,201,266,283.0
1.3.6.1.4.1.14519.5.2.1.6279.6001.196251645377731223510086726530,2,0,188.0,55.0,212.0,0.6666666666666666,0.275,0.8,201,266,283.0
1.3.6.1.4.1.14519.5.2.1.6279.6001.196251645377731223510086726530,3,0,188.0,59.0,212.0,0.6666666666666666,0.295,0.8,201,266,283.0
1.3.6.1.4.1.14519.5.2.1.6279.6001.196251645377731223510086726530,4,0,188.0,57.0,209.0,0.6666666666666666,0.285,0.7886792452830189,201,266,283.0
1.3.6.1.4.1.14519.5.2.1.6279.6001.197063290812663596858124411210,0,0,235.0,127.32876586914062,234.32876586914062,0.8245614035087719,0.5684319904872349,0.7583455206121056,225,310,286.0
1.3.6.1.4.1.14519.5.2.1.6279.6001.197063290812663596858124411210,1,0,235.0,127.0,230.0,0.8245614035087719,0.5669642857142857,0.7443365695792881,225,310,286.0
1.3.6.1.4.1.14519.5.2.1.6279.6001.197063290812663596858124411210,2,0,235.0,123.0,236.0,0.8245614035087719,0.5491071428571429,0.7637540453074434,225,310,286.0
1.3.6.1.4.1.14519.5.2.1.6279.6001.197063290812663596858124411210,3,0,235.0,131.0,237.0,0.8245614035087719,0.5848214285714286,0.7669902912621359,225,310,286.0
1.3.6.1.4.1.14519.5.2.1.6279.6001.197063290812663596858124411210,4,0,235.0,128.0,230.0,0.8245614035087719,0.5714285714285714,0.7443365695792881,225,310,286.0
1.3.6.1.4.1.14519.5.2.1.6279.6001.197063290812663596858124411210,5,1,38.0,145.0,28.0,0.13333333333333333,0.6473214285714286,0.09061488673139159,225,310,286.0
1.3.6.1.4.1.14519.5.2.1.6279.6001.197063290812663596858124411210,6,1,38.0,144.0,25.0,0.13333333333333333,0.6428571428571429,0.08090614886731391,225,310,286.0
1.3.6.1.4.1.14519.5.2.1.6279.6001.197063290812663596858124411210,7,1,38.0,142.0,30.0,0.13333333333333333,0.6339285714285714,0.0970873786407767,225,310,286.0
1.3.6.1.4.1.14519.5.2.1.6279.6001.197063290812663596858124411210,8,1,38.0,148.0,30.0,0.13333333333333333,0.6607142857142857,0.0970873786407767,225,310,286.0
1.3.6.1.4.1.14519.5.2.1.6279.6001.197063290812663596858124411210,9,1,38.0,145.0,25.0,0.13333333333333333,0.6473214285714286,0.08090614886731391,225,310,286.0
1.3.6.1.4.1.14519.5.2.1.6279.6001.197063290812663596858124411210,10,2,143.0,58.5,56.5,0.5017543859649123,0.2611607142857143,0.18284789644012944,225,310,286.0
1.3.6.1.4.1.14519.5.2.1.6279.6001.197063290812663596858124411210,11,2,143.0,58.0,54.0,0.5017543859649123,0.25892857142857145,0.17475728155339806,225,310,286.0
1.3.6.1.4.1.14519.5.2.1.6279.6001.197063290812663596858124411210,12,2,143.0,56.0,58.0,0.5017543859649123,0.25,0.18770226537216828,225,310,286.0
1.3.6.1.4.1.14519.5.2.1.6279.6001.197063290812663596858124411210,13,2,143.0,61.0,58.0,0.5017543859649123,0.27232142857142855,0.18770226537216828,225,310,286.0
1.3.6.1.4.1.14519.5.2.1.6279.6001.197063290812663596858124411210,14,2,143.0,59.0,54.0,0.5017543859649123,0.26339285714285715,0.17475728155339806,225,310,286.0
1.3.6.1.4.1.14519.5.2.1.6279.6001.197063290812663596858124411210,15,3,115.0,48.0,45.5,0.40350877192982454,0.21428571428571427,0.14724919093851133,225,310,286.0
1.3.6.1.4.1.14519.5.2.1.6279.6001.197063290812663596858124411210,16,3,115.0,47.0,44.0,0.40350877192982454,0.20982142857142858,0.1423948220064725,225,310,286.0
1.3.6.1.4.1.14519.5.2.1.6279.6001.197063290812663596858124411210,17,3,115.0,46.0,47.0,0.40350877192982454,0.20535714285714285,0.15210355987055016,225,310,286.0
1.3.6.1.4.1.14519.5.2.1.6279.6001.197063290812663596858124411210,18,3,115.0,50.0,47.0,0.40350877192982454,0.22321428571428573,0.15210355987055016,225,310,286.0
1.3.6.1.4.1.14519.5.2.1.6279.6001.197063290812663596858124411210,19,3,115.0,48.0,43.0,0.40350877192982454,0.21428571428571427,0.13915857605177995,225,310,286.0
1.3.6.1.4.1.14519.5.2.1.6279.6001.197063290812663596858124411210,20,4,187.0,71.0999984741211,70.94999694824219,0.656140350877193,0.3174107074737549,0.22961164060919803,225,310,286.0
1.3.6.1.4.1.14519.5.2.1.6279.6001.197063290812663596858124411210,21,4,187.0,71.0,69.0,0.656140350877193,0.3169642857142857,0.22330097087378642,225,310,286.0
1.3.6.1.4.1.14519.5.2.1.6279.6001.197063290812663596858124411210,22,4,187.0,69.0,71.0,0.656140350877193,0.3080357142857143,0.2297734627831715,225,310,286.0
1.3.6.1.4.1.14519.5.2.1.6279.6001.197063290812663596858124411210,23,4,187.0,72.0,73.0,0.656140350877193,0.32142857142857145,0.23624595469255663,225,310,286.0
1.3.6.1.4.1.14519.5.2.1.6279.6001.197063290812663596858124411210,24,4,187.0,72.0,69.0,0.656140350877193,0.32142857142857145,0.22330097087378642,225,310,286.0
1.3.6.1.4.1.14519.5.2.1.6279.6001.198016798894102791158686961192,0,0,104.0,111.5,16.785715103149414,0.3561643835616438,0.48903508771929827,0.05148992362929268,229,327,293.0
1.3.6.1.4.1.14519.5.2.1.6279.6001.198016798894102791158686961192,1,0,104.0,111.0,14.0,0.3561643835616438,0.4868421052631579,0.04294478527607362,229,327,293.0
1.3.6.1.4.1.14519.5.2.1.6279.6001.198016798894102791158686961192,2,0,104.0,109.0,18.0,0.3561643835616438,0.4780701754385965,0.05521472392638037,229,327,293.0
1.3.6.1.4.1.14519.5.2.1.6279.6001.198016798894102791158686961192,3,0,104.0,113.0,19.0,0.3561643835616438,0.4956140350877193,0.05828220858895705,229,327,293.0
1.3.6.1.4.1.14519.5.2.1.6279.6001.198016798894102791158686961192,4,0,104.0,112.0,14.0,0.3561643835616438,0.49122807017543857,0.04294478527607362,229,327,293.0
1.3.6.1.4.1.14519.5.2.1.6279.6001.198698492013538481395497694975,0,0,132.0,204.36968994140625,222.94544982910156,0.4177215189873418,0.8551033051941684,0.7145687494522486,240,313,317.0
1.3.6.1.4.1.14519.5.2.1.6279.6001.198698492013538481395497694975,1,0,132.0,204.0,213.0,0.4177215189873418,0.8535564853556485,0.6826923076923077,240,313,317.0
1.3.6.1.4.1.14519.5.2.1.6279.6001.198698492013538481395497694975,2,0,132.0,195.0,227.0,0.4177215189873418,0.8158995815899581,0.7275641025641025,240,313,317.0
1.3.6.1.4.1.14519.5.2.1.6279.6001.198698492013538481395497694975,3,0,132.0,212.0,229.0,0.4177215189873418,0.8870292887029289,0.7339743589743589,240,313,317.0
1.3.6.1.4.1.14519.5.2.1.6279.6001.198698492013538481395497694975,4,0,132.0,205.0,213.0,0.4177215189873418,0.8577405857740585,0.6826923076923077,240,313,317.0
1.3.6.1.4.1.14519.5.2.1.6279.6001.198698492013538481395497694975,5,1,185.0,117.02388763427734,236.93856811523438,0.5854430379746836,0.48963969721454953,0.7594184875488281,240,313,317.0
1.3.6.1.4.1.14519.5.2.1.6279.6001.198698492013538481395497694975,6,1,185.0,116.0,228.0,0.5854430379746836,0.48535564853556484,0.7307692307692307,240,313,317.0
1.3.6.1.4.1.14519.5.2.1.6279.6001.198698492013538481395497694975,7,1,185.0,109.0,242.0,0.5854430379746836,0.4560669456066946,0.7756410256410257,240,313,317.0
1.3.6.1.4.1.14519.5.2.1.6279.6001.198698492013538481395497694975,8,1,185.0,125.0,241.0,0.5854430379746836,0.5230125523012552,0.7724358974358975,240,313,317.0
1.3.6.1.4.1.14519.5.2.1.6279.6001.198698492013538481395497694975,9,1,185.0,117.0,228.0,0.5854430379746836,0.4895397489539749,0.7307692307692307,240,313,317.0
1.3.6.1.4.1.14519.5.2.1.6279.6001.198698492013538481395497694975,10,2,213.0,99.19258880615234,217.80740356445312,0.6740506329113924,0.41503175232699724,0.6981006524501703,240,313,317.0
1.3.6.1.4.1.14519.5.2.1.6279.6001.198698492013538481395497694975,11,2,213.0,99.0,212.0,0.6740506329113924,0.41422594142259417,0.6794871794871795,240,313,317.0
1.3.6.1.4.1.14519.5.2.1.6279.6001.198698492013538481395497694975,12,2,213.0,94.0,220.0,0.6740506329113924,0.39330543933054396,0.7051282051282052,240,313,317.0
1.3.6.1.4.1.14519.5.2.1.6279.6001.198698492013538481395497694975,13,2,213.0,104.0,222.0,0.6740506329113924,0.4351464435146444,0.7115384615384616,240,313,317.0
1.3.6.1.4.1.14519.5.2.1.6279.6001.198698492013538481395497694975,14,2,213.0,100.0,212.0,0.6740506329113924,0.41841004184100417,0.6794871794871795,240,313,317.0
1.3.6.1.4.1.14519.5.2.1.6279.6001.199171741859530285887752432478,0,0,140.0,184.0,74.5,0.5054151624548736,0.7389558232931727,0.22713414634146342,250,329,278.0
1.3.6.1.4.1.14519.5.2.1.6279.6001.199171741859530285887752432478,1,0,140.0,183.0,73.0,0.5054151624548736,0.7349397590361446,0.2225609756097561,250,329,278.0
1.3.6.1.4.1.14519.5.2.1.6279.6001.199171741859530285887752432478,2,0,140.0,182.0,76.0,0.5054151624548736,0.7309236947791165,0.23170731707317074,250,329,278.0
1.3.6.1.4.1.14519.5.2.1.6279.6001.199171741859530285887752432478,3,0,140.0,186.0,76.0,0.5054151624548736,0.7469879518072289,0.23170731707317074,250,329,278.0
1.3.6.1.4.1.14519.5.2.1.6279.6001.199171741859530285887752432478,4,0,140.0,184.0,72.0,0.5054151624548736,0.7389558232931727,0.21951219512195122,250,329,278.0
1.3.6.1.4.1.14519.5.2.1.6279.6001.199171741859530285887752432478,5,1,138.0,159.41175842285156,249.11764526367188,0.4981949458483754,0.6402078651520143,0.7595050160477801,250,329,278.0
1.3.6.1.4.1.14519.5.2.1.6279.6001.199171741859530285887752432478,6,1,138.0,159.0,247.0,0.4981949458483754,0.6385542168674698,0.7530487804878049,250,329,278.0
1.3.6.1.4.1.14519.5.2.1.6279.6001.199171741859530285887752432478,7,1,138.0,158.0,250.0,0.4981949458483754,0.6345381526104418,0.7621951219512195,250,329,278.0
1.3.6.1.4.1.14519.5.2.1.6279.6001.199171741859530285887752432478,8,1,138.0,160.0,251.0,0.4981949458483754,0.642570281124498,0.7652439024390244,250,329,278.0
1.3.6.1.4.1.14519.5.2.1.6279.6001.199171741859530285887752432478,9,1,138.0,160.0,247.0,0.4981949458483754,0.642570281124498,0.7530487804878049,250,329,278.0
1.3.6.1.4.1.14519.5.2.1.6279.6001.199220738144407033276946096708,0,0,146.0,160.0,51.0,0.5309090909090909,0.7239819004524887,0.15454545454545454,222,331,276.0
1.3.6.1.4.1.14519.5.2.1.6279.6001.199220738144407033276946096708,1,0,146.0,159.0,49.0,0.5309090909090909,0.7194570135746606,0.1484848484848485,222,331,276.0
1.3.6.1.4.1.14519.5.2.1.6279.6001.199220738144407033276946096708,2,0,146.0,158.0,52.0,0.5309090909090909,0.7149321266968326,0.15757575757575756,222,331,276.0
1.3.6.1.4.1.14519.5.2.1.6279.6001.199220738144407033276946096708,3,0,146.0,162.0,52.0,0.5309090909090909,0.7330316742081447,0.15757575757575756,222,331,276.0
1.3.6.1.4.1.14519.5.2.1.6279.6001.199220738144407033276946096708,4,0,146.0,160.0,49.0,0.5309090909090909,0.7239819004524887,0.1484848484848485,222,331,276.0
1.3.6.1.4.1.14519.5.2.1.6279.6001.199261544234308780356714831537,0,0,279.0,91.32075500488281,73.64151000976562,0.8181818181818182,0.40407413718974694,0.23304275319546083,227,317,342.0
1.3.6.1.4.1.14519.5.2.1.6279.6001.199261544234308780356714831537,1,0,279.0,91.0,70.0,0.8181818181818182,0.4026548672566372,0.22151898734177214,227,317,342.0
1.3.6.1.4.1.14519.5.2.1.6279.6001.199261544234308780356714831537,2,0,279.0,88.0,75.0,0.8181818181818182,0.3893805309734513,0.23734177215189872,227,317,342.0
1.3.6.1.4.1.14519.5.2.1.6279.6001.199261544234308780356714831537,3,0,279.0,94.0,76.0,0.8181818181818182,0.415929203539823,0.24050632911392406,227,317,342.0
1.3.6.1.4.1.14519.5.2.1.6279.6001.199261544234308780356714831537,4,0,279.0,92.0,70.0,0.8181818181818182,0.40707964601769914,0.22151898734177214,227,317,342.0
1.3.6.1.4.1.14519.5.2.1.6279.6001.199282854229880908602362094937,0,0,89.0,18.789474487304688,80.36842346191406,0.30689655172413793,0.10736842564174107,0.29438982953082077,176,274,291.0
1.3.6.1.4.1.14519.5.2.1.6279.6001.199282854229880908602362094937,1,0,89.0,18.0,79.0,0.30689655172413793,0.10285714285714286,0.2893772893772894,176,274,291.0
1.3.6.1.4.1.14519.5.2.1.6279.6001.199282854229880908602362094937,2,0,89.0,17.0,81.0,0.30689655172413793,0.09714285714285714,0.2967032967032967,176,274,291.0
1.3.6.1.4.1.14519.5.2.1.6279.6001.199282854229880908602362094937,3,0,89.0,20.0,82.0,0.30689655172413793,0.11428571428571428,0.30036630036630035,176,274,291.0
1.3.6.1.4.1.14519.5.2.1.6279.6001.199282854229880908602362094937,4,0,89.0,19.0,78.0,0.30689655172413793,0.10857142857142857,0.2857142857142857,176,274,291.0
1.3.6.1.4.1.14519.5.2.1.6279.6001.199670099218798685977406484591,0,0,72.0,119.5,215.5,0.2737642585551331,0.5287610619469026,0.8256704980842912,227,262,264.0
1.3.6.1.4.1.14519.5.2.1.6279.6001.199670099218798685977406484591,1,0,72.0,119.0,212.0,0.2737642585551331,0.5265486725663717,0.8122605363984674,227,262,264.0
1.3.6.1.4.1.14519.5.2.1.6279.6001.199670099218798685977406484591,2,0,72.0,116.0,217.0,0.2737642585551331,0.5132743362831859,0.8314176245210728,227,262,264.0
1.3.6.1.4.1.14519.5.2.1.6279.6001.199670099218798685977406484591,3,0,72.0,122.0,218.0,0.2737642585551331,0.5398230088495575,0.8352490421455939,227,262,264.0
1.3.6.1.4.1.14519.5.2.1.6279.6001.199670099218798685977406484591,4,0,72.0,120.0,212.0,0.2737642585551331,0.5309734513274337,0.8122605363984674,227,262,264.0
1.3.6.1.4.1.14519.5.2.1.6279.6001.199670099218798685977406484591,5,1,77.0,37.5,48.5,0.29277566539923955,0.16592920353982302,0.18582375478927204,227,262,264.0
1.3.6.1.4.1.14519.5.2.1.6279.6001.199670099218798685977406484591,6,1,77.0,37.0,47.0,0.29277566539923955,0.16371681415929204,0.18007662835249041,227,262,264.0
1.3.6.1.4.1.14519.5.2.1.6279.6001.199670099218798685977406484591,7,1,77.0,36.0,49.0,0.29277566539923955,0.1592920353982301,0.18773946360153257,227,262,264.0
1.3.6.1.4.1.14519.5.2.1.6279.6001.199670099218798685977406484591,8,1,77.0,38.0,50.0,0.29277566539923955,0.168141592920354,0.19157088122605365,227,262,264.0
1.3.6.1.4.1.14519.5.2.1.6279.6001.199670099218798685977406484591,9,1,77.0,38.0,47.0,0.29277566539923955,0.168141592920354,0.18007662835249041,227,262,264.0
1.3.6.1.4.1.14519.5.2.1.6279.6001.199975006921901879512837687266,0,0,224.0,71.7551040649414,73.08163452148438,0.7777777777777778,0.2989796002705892,0.23348765022838458,241,314,289.0
1.3.6.1.4.1.14519.5.2.1.6279.6001.199975006921901879512837687266,1,0,224.0,71.0,70.0,0.7777777777777778,0.29583333333333334,0.22364217252396165,241,314,289.0
1.3.6.1.4.1.14519.5.2.1.6279.6001.199975006921901879512837687266,2,0,224.0,69.0,75.0,0.7777777777777778,0.2875,0.23961661341853036,241,314,289.0
1.3.6.1.4.1.14519.5.2.1.6279.6001.199975006921901879512837687266,3,0,224.0,75.0,75.0,0.7777777777777778,0.3125,0.23961661341853036,241,314,289.0
1.3.6.1.4.1.14519.5.2.1.6279.6001.199975006921901879512837687266,4,0,224.0,72.0,70.0,0.7777777777777778,0.3,0.22364217252396165,241,314,289.0
1.3.6.1.4.1.14519.5.2.1.6279.6001.199975006921901879512837687266,5,1,246.0,97.63333129882812,202.36666870117188,0.8541666666666666,0.4068055470784505,0.6465388776395268,241,314,289.0
1.3.6.1.4.1.14519.5.2.1.6279.6001.199975006921901879512837687266,6,1,246.0,97.0,200.0,0.8541666666666666,0.4041666666666667,0.6389776357827476,241,314,289.0
1.3.6.1.4.1.14519.5.2.1.6279.6001.199975006921901879512837687266,7,1,246.0,95.0,203.0,0.8541666666666666,0.3958333333333333,0.6485623003194888,241,314,289.0
1.3.6.1.4.1.14519.5.2.1.6279.6001.199975006921901879512837687266,8,1,246.0,100.0,204.0,0.8541666666666666,0.4166666666666667,0.6517571884984026,241,314,289.0
1.3.6.1.4.1.14519.5.2.1.6279.6001.199975006921901879512837687266,9,1,246.0,98.0,200.0,0.8541666666666666,0.4083333333333333,0.6389776357827476,241,314,289.0
1.3.6.1.4.1.14519.5.2.1.6279.6001.200513183558872708878454294671,0,0,184.0,42.400001525878906,93.95999908447266,0.6052631578947368,0.1867841476910965,0.30115384321946365,228,313,305.0
1.3.6.1.4.1.14519.5.2.1.6279.6001.200513183558872708878454294671,1,0,184.0,42.0,92.0,0.6052631578947368,0.18502202643171806,0.2948717948717949,228,313,305.0
1.3.6.1.4.1.14519.5.2.1.6279.6001.200513183558872708878454294671,2,0,184.0,40.0,95.0,0.6052631578947368,0.1762114537444934,0.30448717948717946,228,313,305.0
1.3.6.1.4.1.14519.5.2.1.6279.6001.200513183558872708878454294671,3,0,184.0,44.0,96.0,0.6052631578947368,0.19383259911894274,0.3076923076923077,228,313,305.0
1.3.6.1.4.1.14519.5.2.1.6279.6001.200513183558872708878454294671,4,0,184.0,43.0,92.0,0.6052631578947368,0.1894273127753304,0.2948717948717949,228,313,305.0
1.3.6.1.4.1.14519.5.2.1.6279.6001.200725988589959521302320481687,0,0,240.0,200.90475463867188,219.90475463867188,0.8163265306122449,0.7727105947641226,0.6337312813794579,261,348,295.0
1.3.6.1.4.1.14519.5.2.1.6279.6001.200725988589959521302320481687,1,0,240.0,200.0,216.0,0.8163265306122449,0.7692307692307693,0.622478386167147,261,348,295.0
1.3.6.1.4.1.14519.5.2.1.6279.6001.200725988589959521302320481687,2,0,240.0,198.0,222.0,0.8163265306122449,0.7615384615384615,0.6397694524495677,261,348,295.0
1.3.6.1.4.1.14519.5.2.1.6279.6001.200725988589959521302320481687,3,0,240.0,204.0,222.0,0.8163265306122449,0.7846153846153846,0.6397694524495677,261,348,295.0
1.3.6.1.4.1.14519.5.2.1.6279.6001.200725988589959521302320481687,4,0,240.0,201.0,216.0,0.8163265306122449,0.7730769230769231,0.622478386167147,261,348,295.0
1.3.6.1.4.1.14519.5.2.1.6279.6001.200725988589959521302320481687,5,1,113.0,238.5,242.5,0.3843537414965986,0.9173076923076923,0.6988472622478387,261,348,295.0
1.3.6.1.4.1.14519.5.2.1.6279.6001.200725988589959521302320481687,6,1,113.0,238.0,239.0,0.3843537414965986,0.9153846153846154,0.6887608069164265,261,348,295.0
1.3.6.1.4.1.14519.5.2.1.6279.6001.200725988589959521302320481687,7,1,113.0,235.0,244.0,0.3843537414965986,0.9038461538461539,0.7031700288184438,261,348,295.0
1.3.6.1.4.1.14519.5.2.1.6279.6001.200725988589959521302320481687,8,1,113.0,241.0,245.0,0.3843537414965986,0.926923076923077,0.7060518731988472,261,348,295.0
1.3.6.1.4.1.14519.5.2.1.6279.6001.200725988589959521302320481687,9,1,113.0,239.0,239.0,0.3843537414965986,0.9192307692307692,0.6887608069164265,261,348,295.0
1.3.6.1.4.1.14519.5.2.1.6279.6001.200841000324240313648595016964,0,0,182.0,166.0,48.5,0.6920152091254753,0.70042194092827,0.156957928802589,238,310,264.0
1.3.6.1.4.1.14519.5.2.1.6279.6001.200841000324240313648595016964,1,0,182.0,165.0,45.0,0.6920152091254753,0.6962025316455697,0.14563106796116504,238,310,264.0
1.3.6.1.4.1.14519.5.2.1.6279.6001.200841000324240313648595016964,2,0,182.0,163.0,51.0,0.6920152091254753,0.6877637130801688,0.1650485436893204,238,310,264.0
1.3.6.1.4.1.14519.5.2.1.6279.6001.200841000324240313648595016964,3,0,182.0,169.0,50.0,0.6920152091254753,0.7130801687763713,0.16181229773462782,238,310,264.0
1.3.6.1.4.1.14519.5.2.1.6279.6001.200841000324240313648595016964,4,0,182.0,166.0,45.0,0.6920152091254753,0.70042194092827,0.14563106796116504,238,310,264.0
1.3.6.1.4.1.14519.5.2.1.6279.6001.202187810895588720702176009630,0,0,67.0,164.72222900390625,28.11111068725586,0.2168284789644013,0.7161836043648098,0.08492782684971559,231,332,310.0
1.3.6.1.4.1.14519.5.2.1.6279.6001.202187810895588720702176009630,1,0,67.0,164.0,26.0,0.2168284789644013,0.7130434782608696,0.07854984894259819,231,332,310.0
1.3.6.1.4.1.14519.5.2.1.6279.6001.202187810895588720702176009630,2,0,67.0,163.0,29.0,0.2168284789644013,0.7086956521739131,0.08761329305135952,231,332,310.0
1.3.6.1.4.1.14519.5.2.1.6279.6001.202187810895588720702176009630,3,0,67.0,166.0,30.0,0.2168284789644013,0.7217391304347827,0.09063444108761329,231,332,310.0
1.3.6.1.4.1.14519.5.2.1.6279.6001.202187810895588720702176009630,4,0,67.0,165.0,26.0,0.2168284789644013,0.717391304347826,0.07854984894259819,231,332,310.0
1.3.6.1.4.1.14519.5.2.1.6279.6001.202187810895588720702176009630,5,1,135.0,61.625,53.75,0.4368932038834951,0.26793478260869563,0.1623867069486405,231,332,310.0
1.3.6.1.4.1.14519.5.2.1.6279.6001.202187810895588720702176009630,6,1,135.0,61.0,52.0,0.4368932038834951,0.26521739130434785,0.15709969788519637,231,332,310.0
1.3.6.1.4.1.14519.5.2.1.6279.6001.202187810895588720702176009630,7,1,135.0,60.0,55.0,0.4368932038834951,0.2608695652173913,0.1661631419939577,231,332,310.0
1.3.6.1.4.1.14519.5.2.1.6279.6001.202187810895588720702176009630,8,1,135.0,63.0,55.0,0.4368932038834951,0.27391304347826084,0.1661631419939577,231,332,310.0
1.3.6.1.4.1.14519.5.2.1.6279.6001.202187810895588720702176009630,9,1,135.0,62.0,52.0,0.4368932038834951,0.26956521739130435,0.15709969788519637,231,332,310.0
1.3.6.1.4.1.14519.5.2.1.6279.6001.202187810895588720702176009630,10,2,234.0,97.5,273.0,0.7572815533980582,0.42391304347826086,0.824773413897281,231,332,310.0
1.3.6.1.4.1.14519.5.2.1.6279.6001.202187810895588720702176009630,11,2,234.0,97.0,271.0,0.7572815533980582,0.4217391304347826,0.8187311178247734,231,332,310.0
1.3.6.1.4.1.14519.5.2.1.6279.6001.202187810895588720702176009630,12,2,234.0,96.0,274.0,0.7572815533980582,0.41739130434782606,0.8277945619335347,231,332,310.0
1.3.6.1.4.1.14519.5.2.1.6279.6001.202187810895588720702176009630,13,2,234.0,99.0,274.0,0.7572815533980582,0.43043478260869567,0.8277945619335347,231,332,310.0
1.3.6.1.4.1.14519.5.2.1.6279.6001.202187810895588720702176009630,14,2,234.0,98.0,271.0,0.7572815533980582,0.4260869565217391,0.8187311178247734,231,332,310.0
1.3.6.1.4.1.14519.5.2.1.6279.6001.202187810895588720702176009630,15,3,69.0,79.5,31.714284896850586,0.22330097087378642,0.3456521739130435,0.09581354953731294,231,332,310.0
1.3.6.1.4.1.14519.5.2.1.6279.6001.202187810895588720702176009630,16,3,69.0,79.0,30.0,0.22330097087378642,0.34347826086956523,0.09063444108761329,231,332,310.0
1.3.6.1.4.1.14519.5.2.1.6279.6001.202187810895588720702176009630,17,3,69.0,78.0,33.0,0.22330097087378642,0.3391304347826087,0.09969788519637462,231,332,310.0
1.3.6.1.4.1.14519.5.2.1.6279.6001.202187810895588720702176009630,18,3,69.0,81.0,33.0,0.22330097087378642,0.3521739130434783,0.09969788519637462,231,332,310.0
1.3.6.1.4.1.14519.5.2.1.6279.6001.202187810895588720702176009630,19,3,69.0,80.0,30.0,0.22330097087378642,0.34782608695652173,0.09063444108761329,231,332,310.0
1.3.6.1.4.1.14519.5.2.1.6279.6001.202187810895588720702176009630,20,4,84.0,82.66666412353516,299.25,0.27184466019417475,0.35942027879797894,0.9040785498489426,231,332,310.0
1.3.6.1.4.1.14519.5.2.1.6279.6001.202187810895588720702176009630,21,4,84.0,82.0,298.0,0.27184466019417475,0.3565217391304348,0.9003021148036254,231,332,310.0
1.3.6.1.4.1.14519.5.2.1.6279.6001.202187810895588720702176009630,22,4,84.0,81.0,300.0,0.27184466019417475,0.3521739130434783,0.9063444108761329,231,332,310.0
1.3.6.1.4.1.14519.5.2.1.6279.6001.202187810895588720702176009630,23,4,84.0,84.0,300.0,0.27184466019417475,0.3652173913043478,0.9063444108761329,231,332,310.0
1.3.6.1.4.1.14519.5.2.1.6279.6001.202187810895588720702176009630,24,4,84.0,83.0,298.0,0.27184466019417475,0.36086956521739133,0.9003021148036254,231,332,310.0
1.3.6.1.4.1.14519.5.2.1.6279.6001.202187810895588720702176009630,25,5,69.0,177.81817626953125,225.81817626953125,0.22330097087378642,0.7731225055197011,0.6822301397871035,231,332,310.0
1.3.6.1.4.1.14519.5.2.1.6279.6001.202187810895588720702176009630,26,5,69.0,177.0,225.0,0.22330097087378642,0.7695652173913043,0.6797583081570997,231,332,310.0
1.3.6.1.4.1.14519.5.2.1.6279.6001.202187810895588720702176009630,27,5,69.0,177.0,227.0,0.22330097087378642,0.7695652173913043,0.6858006042296072,231,332,310.0
1.3.6.1.4.1.14519.5.2.1.6279.6001.202187810895588720702176009630,28,5,69.0,179.0,227.0,0.22330097087378642,0.7782608695652173,0.6858006042296072,231,332,310.0
1.3.6.1.4.1.14519.5.2.1.6279.6001.202187810895588720702176009630,29,5,69.0,178.0,224.0,0.22330097087378642,0.7739130434782608,0.676737160120846,231,332,310.0
1.3.6.1.4.1.14519.5.2.1.6279.6001.202187810895588720702176009630,30,6,242.0,103.63636016845703,188.4545440673828,0.7831715210355987,0.4505928702976393,0.5693490757322743,231,332,310.0
1.3.6.1.4.1.14519.5.2.1.6279.6001.202187810895588720702176009630,31,6,242.0,103.0,187.0,0.7831715210355987,0.44782608695652176,0.5649546827794562,231,332,310.0
1.3.6.1.4.1.14519.5.2.1.6279.6001.202187810895588720702176009630,32,6,242.0,103.0,189.0,0.7831715210355987,0.44782608695652176,0.5709969788519638,231,332,310.0
1.3.6.1.4.1.14519.5.2.1.6279.6001.202187810895588720702176009630,33,6,242.0,104.0,190.0,0.7831715210355987,0.45217391304347826,0.5740181268882175,231,332,310.0
1.3.6.1.4.1.14519.5.2.1.6279.6001.202187810895588720702176009630,34,6,242.0,104.0,187.0,0.7831715210355987,0.45217391304347826,0.5649546827794562,231,332,310.0
1.3.6.1.4.1.14519.5.2.1.6279.6001.202187810895588720702176009630,35,7,154.0,102.11111450195312,37.66666793823242,0.49838187702265374,0.4439613673997962,0.11379657987381396,231,332,310.0
1.3.6.1.4.1.14519.5.2.1.6279.6001.202187810895588720702176009630,36,7,154.0,102.0,36.0,0.49838187702265374,0.4434782608695652,0.10876132930513595,231,332,310.0
1.3.6.1.4.1.14519.5.2.1.6279.6001.202187810895588720702176009630,37,7,154.0,101.0,38.0,0.49838187702265374,0.4391304347826087,0.1148036253776435,231,332,310.0
1.3.6.1.4.1.14519.5.2.1.6279.6001.202187810895588720702176009630,38,7,154.0,103.0,39.0,0.49838187702265374,0.44782608695652176,0.11782477341389729,231,332,310.0
1.3.6.1.4.1.14519.5.2.1.6279.6001.202187810895588720702176009630,39,7,154.0,103.0,37.0,0.49838187702265374,0.44782608695652176,0.11178247734138973,231,332,310.0
1.3.6.1.4.1.14519.5.2.1.6279.6001.202187810895588720702176009630,40,8,110.0,122.0,303.5,0.3559870550161812,0.5304347826086957,0.9169184290030211,231,332,310.0
1.3.6.1.4.1.14519.5.2.1.6279.6001.202187810895588720702176009630,41,8,110.0,121.0,303.0,0.3559870550161812,0.5260869565217391,0.9154078549848943,231,332,310.0
1.3.6.1.4.1.14519.5.2.1.6279.6001.202187810895588720702176009630,42,8,110.0,121.0,304.0,0.3559870550161812,0.5260869565217391,0.918429003021148,231,332,310.0
1.3.6.1.4.1.14519.5.2.1.6279.6001.202187810895588720702176009630,43,8,110.0,123.0,304.0,0.3559870550161812,0.5347826086956522,0.918429003021148,231,332,310.0
1.3.6.1.4.1.14519.5.2.1.6279.6001.202187810895588720702176009630,44,8,110.0,122.0,302.0,0.3559870550161812,0.5304347826086957,0.9123867069486404,231,332,310.0
1.3.6.1.4.1.14519.5.2.1.6279.6001.202283133206014258077705539227,0,0,139.0,144.55789184570312,77.5,0.5054545454545455,0.7017373390568112,0.29693486590038315,207,262,276.0
1.3.6.1.4.1.14519.5.2.1.6279.6001.202283133206014258077705539227,1,0,139.0,144.0,70.0,0.5054545454545455,0.6990291262135923,0.2681992337164751,207,262,276.0
1.3.6.1.4.1.14519.5.2.1.6279.6001.202283133206014258077705539227,2,0,139.0,138.0,81.0,0.5054545454545455,0.6699029126213593,0.3103448275862069,207,262,276.0
1.3.6.1.4.1.14519.5.2.1.6279.6001.202283133206014258077705539227,3,0,139.0,151.0,81.0,0.5054545454545455,0.7330097087378641,0.3103448275862069,207,262,276.0
1.3.6.1.4.1.14519.5.2.1.6279.6001.202283133206014258077705539227,4,0,139.0,145.0,70.0,0.5054545454545455,0.7038834951456311,0.2681992337164751,207,262,276.0
1.3.6.1.4.1.14519.5.2.1.6279.6001.202283133206014258077705539227,5,1,227.0,102.62963104248047,117.0,0.8254545454545454,0.4982020924392256,0.4482758620689655,207,262,276.0
1.3.6.1.4.1.14519.5.2.1.6279.6001.202283133206014258077705539227,6,1,227.0,102.0,113.0,0.8254545454545454,0.49514563106796117,0.4329501915708812,207,262,276.0
1.3.6.1.4.1.14519.5.2.1.6279.6001.202283133206014258077705539227,7,1,227.0,100.0,119.0,0.8254545454545454,0.4854368932038835,0.4559386973180077,207,262,276.0
1.3.6.1.4.1.14519.5.2.1.6279.6001.202283133206014258077705539227,8,1,227.0,106.0,119.0,0.8254545454545454,0.5145631067961165,0.4559386973180077,207,262,276.0
1.3.6.1.4.1.14519.5.2.1.6279.6001.202283133206014258077705539227,9,1,227.0,103.0,113.0,0.8254545454545454,0.5,0.4329501915708812,207,262,276.0
1.3.6.1.4.1.14519.5.2.1.6279.6001.202283133206014258077705539227,10,2,200.0,94.19999694824219,21.075000762939453,0.7272727272727273,0.45728153858369996,0.08074712935992127,207,262,276.0
1.3.6.1.4.1.14519.5.2.1.6279.6001.202283133206014258077705539227,11,2,200.0,94.0,18.0,0.7272727272727273,0.4563106796116505,0.06896551724137931,207,262,276.0
1.3.6.1.4.1.14519.5.2.1.6279.6001.202283133206014258077705539227,12,2,200.0,91.0,22.0,0.7272727272727273,0.441747572815534,0.0842911877394636,207,262,276.0
1.3.6.1.4.1.14519.5.2.1.6279.6001.202283133206014258077705539227,13,2,200.0,97.0,23.0,0.7272727272727273,0.470873786407767,0.08812260536398467,207,262,276.0
1.3.6.1.4.1.14519.5.2.1.6279.6001.202283133206014258077705539227,14,2,200.0,95.0,18.0,0.7272727272727273,0.46116504854368934,0.06896551724137931,207,262,276.0
1.3.6.1.4.1.14519.5.2.1.6279.6001.202283133206014258077705539227,15,3,194.0,138.8000030517578,162.9250030517578,0.7054545454545454,0.6737864225813486,0.6242337281676544,207,262,276.0
1.3.6.1.4.1.14519.5.2.1.6279.6001.202283133206014258077705539227,16,3,194.0,138.0,160.0,0.7054545454545454,0.6699029126213593,0.6130268199233716,207,262,276.0
1.3.6.1.4.1.14519.5.2.1.6279.6001.202283133206014258077705539227,17,3,194.0,136.0,164.0,0.7054545454545454,0.6601941747572816,0.6283524904214559,207,262,276.0
1.3.6.1.4.1.14519.5.2.1.6279.6001.202283133206014258077705539227,18,3,194.0,141.0,165.0,0.7054545454545454,0.6844660194174758,0.632183908045977,207,262,276.0
1.3.6.1.4.1.14519.5.2.1.6279.6001.202283133206014258077705539227,19,3,194.0,139.0,160.0,0.7054545454545454,0.6747572815533981,0.6130268199233716,207,262,276.0
1.3.6.1.4.1.14519.5.2.1.6279.6001.202464973819273687476049035824,0,0,83.0,173.7916717529297,230.7916717529297,0.282312925170068,0.8395732934924139,0.7642108336189725,208,303,295.0
1.3.6.1.4.1.14519.5.2.1.6279.6001.202464973819273687476049035824,1,0,83.0,173.0,229.0,0.282312925170068,0.8357487922705314,0.7582781456953642,208,303,295.0
1.3.6.1.4.1.14519.5.2.1.6279.6001.202464973819273687476049035824,2,0,83.0,172.0,232.0,0.282312925170068,0.8309178743961353,0.7682119205298014,208,303,295.0
1.3.6.1.4.1.14519.5.2.1.6279.6001.202464973819273687476049035824,3,0,83.0,176.0,232.0,0.282312925170068,0.8502415458937198,0.7682119205298014,208,303,295.0
1.3.6.1.4.1.14519.5.2.1.6279.6001.202464973819273687476049035824,4,0,83.0,174.0,228.0,0.282312925170068,0.8405797101449275,0.7549668874172185,208,303,295.0
1.3.6.1.4.1.14519.5.2.1.6279.6001.202643836890896697853521610450,0,0,188.0,118.75438690185547,54.0,0.6204620462046204,0.5277972751193576,0.2151394422310757,226,252,304.0
1.3.6.1.4.1.14519.5.2.1.6279.6001.202643836890896697853521610450,1,0,188.0,118.0,50.0,0.6204620462046204,0.5244444444444445,0.199203187250996,226,252,304.0
1.3.6.1.4.1.14519.5.2.1.6279.6001.202643836890896697853521610450,2,0,188.0,116.0,56.0,0.6204620462046204,0.5155555555555555,0.22310756972111553,226,252,304.0
1.3.6.1.4.1.14519.5.2.1.6279.6001.202643836890896697853521610450,3,0,188.0,122.0,56.0,0.6204620462046204,0.5422222222222223,0.22310756972111553,226,252,304.0
1.3.6.1.4.1.14519.5.2.1.6279.6001.202643836890896697853521610450,4,0,188.0,119.0,50.0,0.6204620462046204,0.5288888888888889,0.199203187250996,226,252,304.0
1.3.6.1.4.1.14519.5.2.1.6279.6001.202811684116768680758082619196,0,0,155.0,107.3032455444336,62.144405364990234,0.6739130434782609,0.43619205505867314,0.2099473154222643,247,297,231.0
1.3.6.1.4.1.14519.5.2.1.6279.6001.202811684116768680758082619196,1,0,155.0,107.0,53.0,0.6739130434782609,0.4349593495934959,0.17905405405405406,247,297,231.0
1.3.6.1.4.1.14519.5.2.1.6279.6001.202811684116768680758082619196,2,0,155.0,99.0,66.0,0.6739130434782609,0.4024390243902439,0.22297297297297297,247,297,231.0
1.3.6.1.4.1.14519.5.2.1.6279.6001.202811684116768680758082619196,3,0,155.0,115.0,67.0,0.6739130434782609,0.46747967479674796,0.22635135135135134,247,297,231.0
1.3.6.1.4.1.14519.5.2.1.6279.6001.202811684116768680758082619196,4,0,155.0,108.0,53.0,0.6739130434782609,0.43902439024390244,0.17905405405405406,247,297,231.0
1.3.6.1.4.1.14519.5.2.1.6279.6001.204287915902811325371247860532,0,0,136.0,166.25,201.75,0.5396825396825397,0.8938172043010753,0.7556179775280899,187,268,253.0
1.3.6.1.4.1.14519.5.2.1.6279.6001.204287915902811325371247860532,1,0,136.0,166.0,200.0,0.5396825396825397,0.8924731182795699,0.7490636704119851,187,268,253.0
1.3.6.1.4.1.14519.5.2.1.6279.6001.204287915902811325371247860532,2,0,136.0,164.0,202.0,0.5396825396825397,0.8817204301075269,0.7565543071161048,187,268,253.0
1.3.6.1.4.1.14519.5.2.1.6279.6001.204287915902811325371247860532,3,0,136.0,168.0,203.0,0.5396825396825397,0.9032258064516129,0.7602996254681648,187,268,253.0
1.3.6.1.4.1.14519.5.2.1.6279.6001.204287915902811325371247860532,4,0,136.0,167.0,200.0,0.5396825396825397,0.8978494623655914,0.7490636704119851,187,268,253.0
1.3.6.1.4.1.14519.5.2.1.6279.6001.204287915902811325371247860532,5,1,54.0,147.11111450195312,175.27777099609375,0.21428571428571427,0.7909199704406082,0.6564710524198267,187,268,253.0
1.3.6.1.4.1.14519.5.2.1.6279.6001.204287915902811325371247860532,6,1,54.0,147.0,173.0,0.21428571428571427,0.7903225806451613,0.6479400749063671,187,268,253.0
1.3.6.1.4.1.14519.5.2.1.6279.6001.204287915902811325371247860532,7,1,54.0,145.0,176.0,0.21428571428571427,0.7795698924731183,0.6591760299625468,187,268,253.0
1.3.6.1.4.1.14519.5.2.1.6279.6001.204287915902811325371247860532,8,1,54.0,148.0,177.0,0.21428571428571427,0.7956989247311828,0.6629213483146067,187,268,253.0
1.3.6.1.4.1.14519.5.2.1.6279.6001.204287915902811325371247860532,9,1,54.0,148.0,174.0,0.21428571428571427,0.7956989247311828,0.651685393258427,187,268,253.0
1.3.6.1.4.1.14519.5.2.1.6279.6001.204303454658845815034433453512,0,0,174.0,155.14706420898438,36.82352828979492,0.49572649572649574,0.5899127916691421,0.11226685454205769,264,329,352.0
1.3.6.1.4.1.14519.5.2.1.6279.6001.204303454658845815034433453512,1,0,174.0,155.0,31.0,0.49572649572649574,0.5893536121673004,0.09451219512195122,264,329,352.0
1.3.6.1.4.1.14519.5.2.1.6279.6001.204303454658845815034433453512,2,0,174.0,149.0,39.0,0.49572649572649574,0.5665399239543726,0.11890243902439024,264,329,352.0
1.3.6.1.4.1.14519.5.2.1.6279.6001.204303454658845815034433453512,3,0,174.0,160.0,41.0,0.49572649572649574,0.6083650190114068,0.125,264,329,352.0
1.3.6.1.4.1.14519.5.2.1.6279.6001.204303454658845815034433453512,4,0,174.0,156.0,31.0,0.49572649572649574,0.5931558935361216,0.09451219512195122,264,329,352.0
1.3.6.1.4.1.14519.5.2.1.6279.6001.204303454658845815034433453512,5,1,110.0,141.5,25.214284896850586,0.31339031339031337,0.5380228136882129,0.0768728198074713,264,329,352.0
1.3.6.1.4.1.14519.5.2.1.6279.6001.204303454658845815034433453512,6,1,110.0,141.0,23.0,0.31339031339031337,0.5361216730038023,0.0701219512195122,264,329,352.0
1.3.6.1.4.1.14519.5.2.1.6279.6001.204303454658845815034433453512,7,1,110.0,139.0,26.0,0.31339031339031337,0.5285171102661597,0.07926829268292683,264,329,352.0
1.3.6.1.4.1.14519.5.2.1.6279.6001.204303454658845815034433453512,8,1,110.0,143.0,27.0,0.31339031339031337,0.5437262357414449,0.08231707317073171,264,329,352.0
1.3.6.1.4.1.14519.5.2.1.6279.6001.204303454658845815034433453512,9,1,110.0,142.0,23.0,0.31339031339031337,0.5399239543726235,0.0701219512195122,264,329,352.0
1.3.6.1.4.1.14519.5.2.1.6279.6001.204303454658845815034433453512,10,2,310.0,193.0,124.88461303710938,0.8831908831908832,0.7338403041825095,0.38074577145460176,264,329,352.0
1.3.6.1.4.1.14519.5.2.1.6279.6001.204303454658845815034433453512,11,2,310.0,192.0,123.0,0.8831908831908832,0.7300380228136882,0.375,264,329,352.0
1.3.6.1.4.1.14519.5.2.1.6279.6001.204303454658845815034433453512,12,2,310.0,191.0,127.0,0.8831908831908832,0.7262357414448669,0.3871951219512195,264,329,352.0
1.3.6.1.4.1.14519.5.2.1.6279.6001.204303454658845815034433453512,13,2,310.0,195.0,126.0,0.8831908831908832,0.7414448669201521,0.38414634146341464,264,329,352.0
1.3.6.1.4.1.14519.5.2.1.6279.6001.204303454658845815034433453512,14,2,310.0,193.0,122.0,0.8831908831908832,0.7338403041825095,0.3719512195121951,264,329,352.0
1.3.6.1.4.1.14519.5.2.1.6279.6001.204303454658845815034433453512,15,3,173.0,32.0,95.29166412353516,0.4928774928774929,0.12167300380228137,0.2905233662302901,264,329,352.0
1.3.6.1.4.1.14519.5.2.1.6279.6001.204303454658845815034433453512,16,3,173.0,31.0,93.0,0.4928774928774929,0.11787072243346007,0.28353658536585363,264,329,352.0
1.3.6.1.4.1.14519.5.2.1.6279.6001.204303454658845815034433453512,17,3,173.0,30.0,97.0,0.4928774928774929,0.11406844106463879,0.29573170731707316,264,329,352.0
1.3.6.1.4.1.14519.5.2.1.6279.6001.204303454658845815034433453512,18,3,173.0,34.0,97.0,0.4928774928774929,0.12927756653992395,0.29573170731707316,264,329,352.0
1.3.6.1.4.1.14519.5.2.1.6279.6001.204303454658845815034433453512,19,3,173.0,32.0,93.0,0.4928774928774929,0.12167300380228137,0.28353658536585363,264,329,352.0
1.3.6.1.4.1.14519.5.2.1.6279.6001.204303454658845815034433453512,20,4,317.0,186.25,118.25,0.9031339031339032,0.7081749049429658,0.36051829268292684,264,329,352.0
1.3.6.1.4.1.14519.5.2.1.6279.6001.204303454658845815034433453512,21,4,317.0,186.0,116.0,0.9031339031339032,0.7072243346007605,0.35365853658536583,264,329,352.0
1.3.6.1.4.1.14519.5.2.1.6279.6001.204303454658845815034433453512,22,4,317.0,184.0,119.0,0.9031339031339032,0.6996197718631179,0.3628048780487805,264,329,352.0
1.3.6.1.4.1.14519.5.2.1.6279.6001.204303454658845815034433453512,23,4,317.0,188.0,120.0,0.9031339031339032,0.714828897338403,0.36585365853658536,264,329,352.0
1.3.6.1.4.1.14519.5.2.1.6279.6001.204303454658845815034433453512,24,4,317.0,187.0,116.0,0.9031339031339032,0.7110266159695817,0.35365853658536583,264,329,352.0
1.3.6.1.4.1.14519.5.2.1.6279.6001.204566802718283633558802774757,0,0,249.0,139.24502563476562,195.39073181152344,0.867595818815331,0.7406650299721576,0.6928749355018562,189,283,288.0
1.3.6.1.4.1.14519.5.2.1.6279.6001.204566802718283633558802774757,1,0,249.0,139.0,189.0,0.867595818815331,0.7393617021276596,0.6702127659574468,189,283,288.0
1.3.6.1.4.1.14519.5.2.1.6279.6001.204566802718283633558802774757,2,0,249.0,133.0,198.0,0.867595818815331,0.7074468085106383,0.7021276595744681,189,283,288.0
1.3.6.1.4.1.14519.5.2.1.6279.6001.204566802718283633558802774757,3,0,249.0,145.0,199.0,0.867595818815331,0.7712765957446809,0.7056737588652482,189,283,288.0
1.3.6.1.4.1.14519.5.2.1.6279.6001.204566802718283633558802774757,4,0,249.0,140.0,189.0,0.867595818815331,0.7446808510638298,0.6702127659574468,189,283,288.0
1.3.6.1.4.1.14519.5.2.1.6279.6001.204802250386343794613980417281,0,0,128.0,103.07499694824219,233.028564453125,0.4942084942084942,0.5232233347626507,0.8567226634306067,198,273,260.0
1.3.6.1.4.1.14519.5.2.1.6279.6001.204802250386343794613980417281,1,0,128.0,103.0,224.0,0.4942084942084942,0.5228426395939086,0.8235294117647058,198,273,260.0
1.3.6.1.4.1.14519.5.2.1.6279.6001.204802250386343794613980417281,2,0,128.0,95.0,237.0,0.4942084942084942,0.48223350253807107,0.8713235294117647,198,273,260.0
1.3.6.1.4.1.14519.5.2.1.6279.6001.204802250386343794613980417281,3,0,128.0,111.0,238.0,0.4942084942084942,0.5634517766497462,0.875,198,273,260.0
1.3.6.1.4.1.14519.5.2.1.6279.6001.204802250386343794613980417281,4,0,128.0,104.0,224.0,0.4942084942084942,0.5279187817258884,0.8235294117647058,198,273,260.0
1.3.6.1.4.1.14519.5.2.1.6279.6001.205523326998654833765855998037,0,0,83.0,173.0,240.35293579101562,0.28719723183391005,0.7972350230414746,0.8433436343544408,218,286,290.0
1.3.6.1.4.1.14519.5.2.1.6279.6001.205523326998654833765855998037,1,0,83.0,172.0,239.0,0.28719723183391005,0.7926267281105991,0.8385964912280702,218,286,290.0
1.3.6.1.4.1.14519.5.2.1.6279.6001.205523326998654833765855998037,2,0,83.0,172.0,242.0,0.28719723183391005,0.7926267281105991,0.8491228070175438,218,286,290.0
1.3.6.1.4.1.14519.5.2.1.6279.6001.205523326998654833765855998037,3,0,83.0,175.0,241.0,0.28719723183391005,0.8064516129032258,0.8456140350877193,218,286,290.0
1.3.6.1.4.1.14519.5.2.1.6279.6001.205523326998654833765855998037,4,0,83.0,173.0,238.0,0.28719723183391005,0.7972350230414746,0.8350877192982457,218,286,290.0
1.3.6.1.4.1.14519.5.2.1.6279.6001.205523326998654833765855998037,5,1,87.0,116.61538696289062,264.3846130371094,0.30103806228373703,0.5373980966031826,0.9276653089021382,218,286,290.0
1.3.6.1.4.1.14519.5.2.1.6279.6001.205523326998654833765855998037,6,1,87.0,116.0,263.0,0.30103806228373703,0.5345622119815668,0.9228070175438596,218,286,290.0
1.3.6.1.4.1.14519.5.2.1.6279.6001.205523326998654833765855998037,7,1,87.0,115.0,265.0,0.30103806228373703,0.5299539170506913,0.9298245614035088,218,286,290.0
1.3.6.1.4.1.14519.5.2.1.6279.6001.205523326998654833765855998037,8,1,87.0,118.0,265.0,0.30103806228373703,0.543778801843318,0.9298245614035088,218,286,290.0
1.3.6.1.4.1.14519.5.2.1.6279.6001.205523326998654833765855998037,9,1,87.0,117.0,263.0,0.30103806228373703,0.5391705069124424,0.9228070175438596,218,286,290.0
1.3.6.1.4.1.14519.5.2.1.6279.6001.205993750485568250373835565680,0,0,262.0,103.74359130859375,189.5,0.8733333333333333,0.5085470162185968,0.720532319391635,205,264,301.0
1.3.6.1.4.1.14519.5.2.1.6279.6001.205993750485568250373835565680,1,0,262.0,103.0,183.0,0.8733333333333333,0.5049019607843137,0.6958174904942965,205,264,301.0
1.3.6.1.4.1.14519.5.2.1.6279.6001.205993750485568250373835565680,2,0,262.0,98.0,193.0,0.8733333333333333,0.4803921568627451,0.7338403041825095,205,264,301.0
1.3.6.1.4.1.14519.5.2.1.6279.6001.205993750485568250373835565680,3,0,262.0,109.0,193.0,0.8733333333333333,0.5343137254901961,0.7338403041825095,205,264,301.0
1.3.6.1.4.1.14519.5.2.1.6279.6001.205993750485568250373835565680,4,0,262.0,104.0,183.0,0.8733333333333333,0.5098039215686274,0.6958174904942965,205,264,301.0
1.3.6.1.4.1.14519.5.2.1.6279.6001.205993750485568250373835565680,5,1,279.0,143.72413635253906,188.41378784179688,0.93,0.7045300801595052,0.7164022351399121,205,264,301.0
1.3.6.1.4.1.14519.5.2.1.6279.6001.205993750485568250373835565680,6,1,279.0,143.0,186.0,0.93,0.7009803921568627,0.7072243346007605,205,264,301.0
1.3.6.1.4.1.14519.5.2.1.6279.6001.205993750485568250373835565680,7,1,279.0,141.0,189.0,0.93,0.6911764705882353,0.7186311787072244,205,264,301.0
1.3.6.1.4.1.14519.5.2.1.6279.6001.205993750485568250373835565680,8,1,279.0,146.0,190.0,0.93,0.7156862745098039,0.7224334600760456,205,264,301.0
1.3.6.1.4.1.14519.5.2.1.6279.6001.205993750485568250373835565680,9,1,279.0,144.0,186.0,0.93,0.7058823529411765,0.7072243346007605,205,264,301.0
1.3.6.1.4.1.14519.5.2.1.6279.6001.205993750485568250373835565680,10,2,281.0,139.7142791748047,180.5,0.9366666666666666,0.6848739175235524,0.6863117870722434,205,264,301.0
1.3.6.1.4.1.14519.5.2.1.6279.6001.205993750485568250373835565680,11,2,281.0,139.0,179.0,0.9366666666666666,0.6813725490196079,0.6806083650190115,205,264,301.0
1.3.6.1.4.1.14519.5.2.1.6279.6001.205993750485568250373835565680,12,2,281.0,139.0,182.0,0.9366666666666666,0.6813725490196079,0.6920152091254753,205,264,301.0
1.3.6.1.4.1.14519.5.2.1.6279.6001.205993750485568250373835565680,13,2,281.0,141.0,181.0,0.9366666666666666,0.6911764705882353,0.688212927756654,205,264,301.0
1.3.6.1.4.1.14519.5.2.1.6279.6001.205993750485568250373835565680,14,2,281.0,140.0,179.0,0.9366666666666666,0.6862745098039216,0.6806083650190115,205,264,301.0
1.3.6.1.4.1.14519.5.2.1.6279.6001.206028343897359374907954580114,0,0,122.0,48.3629035949707,79.18548583984375,0.45353159851301117,0.2057995897658328,0.2596245437371926,236,306,270.0
1.3.6.1.4.1.14519.5.2.1.6279.6001.206028343897359374907954580114,1,0,122.0,48.0,73.0,0.45353159851301117,0.20425531914893616,0.23934426229508196,236,306,270.0
1.3.6.1.4.1.14519.5.2.1.6279.6001.206028343897359374907954580114,2,0,122.0,43.0,82.0,0.45353159851301117,0.1829787234042553,0.26885245901639343,236,306,270.0
1.3.6.1.4.1.14519.5.2.1.6279.6001.206028343897359374907954580114,3,0,122.0,53.0,82.0,0.45353159851301117,0.225531914893617,0.26885245901639343,236,306,270.0
1.3.6.1.4.1.14519.5.2.1.6279.6001.206028343897359374907954580114,4,0,122.0,49.0,73.0,0.45353159851301117,0.20851063829787234,0.23934426229508196,236,306,270.0
1.3.6.1.4.1.14519.5.2.1.6279.6001.206028343897359374907954580114,5,1,153.0,130.55128479003906,224.7051239013672,0.5687732342007435,0.5555373820852726,0.7367381111520236,236,306,270.0
1.3.6.1.4.1.14519.5.2.1.6279.6001.206028343897359374907954580114,6,1,153.0,130.0,220.0,0.5687732342007435,0.5531914893617021,0.7213114754098361,236,306,270.0
1.3.6.1.4.1.14519.5.2.1.6279.6001.206028343897359374907954580114,7,1,153.0,127.0,227.0,0.5687732342007435,0.5404255319148936,0.7442622950819672,236,306,270.0
1.3.6.1.4.1.14519.5.2.1.6279.6001.206028343897359374907954580114,8,1,153.0,134.0,228.0,0.5687732342007435,0.5702127659574469,0.7475409836065574,236,306,270.0
1.3.6.1.4.1.14519.5.2.1.6279.6001.206028343897359374907954580114,9,1,153.0,131.0,220.0,0.5687732342007435,0.5574468085106383,0.7213114754098361,236,306,270.0
1.3.6.1.4.1.14519.5.2.1.6279.6001.206028343897359374907954580114,10,2,74.0,22.909090042114258,233.90908813476562,0.275092936802974,0.09748548954091174,0.7669150430648053,236,306,270.0
1.3.6.1.4.1.14519.5.2.1.6279.6001.206028343897359374907954580114,11,2,74.0,22.0,232.0,0.275092936802974,0.09361702127659574,0.760655737704918,236,306,270.0
1.3.6.1.4.1.14519.5.2.1.6279.6001.206028343897359374907954580114,12,2,74.0,21.0,235.0,0.275092936802974,0.08936170212765958,0.7704918032786885,236,306,270.0
1.3.6.1.4.1.14519.5.2.1.6279.6001.206028343897359374907954580114,13,2,74.0,25.0,235.0,0.275092936802974,0.10638297872340426,0.7704918032786885,236,306,270.0
1.3.6.1.4.1.14519.5.2.1.6279.6001.206028343897359374907954580114,14,2,74.0,23.0,232.0,0.275092936802974,0.09787234042553192,0.760655737704918,236,306,270.0
1.3.6.1.4.1.14519.5.2.1.6279.6001.206097113343059612247503064658,0,0,188.0,160.10272216796875,231.89727783203125,0.6163934426229508,0.7084191246370298,0.7246789932250977,227,321,306.0
1.3.6.1.4.1.14519.5.2.1.6279.6001.206097113343059612247503064658,1,0,188.0,160.0,222.0,0.6163934426229508,0.7079646017699115,0.69375,227,321,306.0
1.3.6.1.4.1.14519.5.2.1.6279.6001.206097113343059612247503064658,2,0,188.0,151.0,236.0,0.6163934426229508,0.668141592920354,0.7375,227,321,306.0
1.3.6.1.4.1.14519.5.2.1.6279.6001.206097113343059612247503064658,3,0,188.0,168.0,238.0,0.6163934426229508,0.7433628318584071,0.74375,227,321,306.0
1.3.6.1.4.1.14519.5.2.1.6279.6001.206097113343059612247503064658,4,0,188.0,161.0,222.0,0.6163934426229508,0.7123893805309734,0.69375,227,321,306.0
1.3.6.1.4.1.14519.5.2.1.6279.6001.206539885154775002929031534291,0,0,42.0,135.93478393554688,303.2391357421875,0.1346153846153846,0.6473084949311756,0.9273368065510321,211,328,313.0
1.3.6.1.4.1.14519.5.2.1.6279.6001.206539885154775002929031534291,1,0,42.0,135.0,300.0,0.1346153846153846,0.6428571428571429,0.9174311926605505,211,328,313.0
1.3.6.1.4.1.14519.5.2.1.6279.6001.206539885154775002929031534291,2,0,42.0,133.0,305.0,0.1346153846153846,0.6333333333333333,0.9327217125382263,211,328,313.0
1.3.6.1.4.1.14519.5.2.1.6279.6001.206539885154775002929031534291,3,0,42.0,139.0,305.0,0.1346153846153846,0.6619047619047619,0.9327217125382263,211,328,313.0
1.3.6.1.4.1.14519.5.2.1.6279.6001.206539885154775002929031534291,4,0,42.0,136.0,300.0,0.1346153846153846,0.6476190476190476,0.9174311926605505,211,328,313.0
1.3.6.1.4.1.14519.5.2.1.6279.6001.206539885154775002929031534291,5,1,89.0,116.25,310.25,0.28525641025641024,0.5535714285714286,0.9487767584097859,211,328,313.0
1.3.6.1.4.1.14519.5.2.1.6279.6001.206539885154775002929031534291,6,1,89.0,116.0,308.0,0.28525641025641024,0.5523809523809524,0.9418960244648318,211,328,313.0
1.3.6.1.4.1.14519.5.2.1.6279.6001.206539885154775002929031534291,7,1,89.0,114.0,311.0,0.28525641025641024,0.5428571428571428,0.9510703363914373,211,328,313.0
1.3.6.1.4.1.14519.5.2.1.6279.6001.206539885154775002929031534291,8,1,89.0,118.0,312.0,0.28525641025641024,0.5619047619047619,0.9541284403669725,211,328,313.0
1.3.6.1.4.1.14519.5.2.1.6279.6001.206539885154775002929031534291,9,1,89.0,117.0,308.0,0.28525641025641024,0.5571428571428572,0.9418960244648318,211,328,313.0
1.3.6.1.4.1.14519.5.2.1.6279.6001.207341668080525761926965850679,0,0,211.0,76.53333282470703,55.13333511352539,0.6635220125786163,0.39450171559127334,0.18135965497870193,195,305,319.0
1.3.6.1.4.1.14519.5.2.1.6279.6001.207341668080525761926965850679,1,0,211.0,76.0,54.0,0.6635220125786163,0.3917525773195876,0.17763157894736842,195,305,319.0
1.3.6.1.4.1.14519.5.2.1.6279.6001.207341668080525761926965850679,2,0,211.0,75.0,56.0,0.6635220125786163,0.3865979381443299,0.18421052631578946,195,305,319.0
1.3.6.1.4.1.14519.5.2.1.6279.6001.207341668080525761926965850679,3,0,211.0,78.0,56.0,0.6635220125786163,0.4020618556701031,0.18421052631578946,195,305,319.0
1.3.6.1.4.1.14519.5.2.1.6279.6001.207341668080525761926965850679,4,0,211.0,77.0,53.0,0.6635220125786163,0.39690721649484534,0.17434210526315788,195,305,319.0
1.3.6.1.4.1.14519.5.2.1.6279.6001.208511362832825683639135205368,0,0,220.0,167.159423828125,74.25120544433594,0.7432432432432432,0.7053140245912447,0.23798463283441004,238,313,297.0
1.3.6.1.4.1.14519.5.2.1.6279.6001.208511362832825683639135205368,1,0,220.0,167.0,67.0,0.7432432432432432,0.7046413502109705,0.21474358974358973,238,313,297.0
1.3.6.1.4.1.14519.5.2.1.6279.6001.208511362832825683639135205368,2,0,220.0,160.0,77.0,0.7432432432432432,0.6751054852320675,0.2467948717948718,238,313,297.0
1.3.6.1.4.1.14519.5.2.1.6279.6001.208511362832825683639135205368,3,0,220.0,173.0,79.0,0.7432432432432432,0.729957805907173,0.2532051282051282,238,313,297.0
1.3.6.1.4.1.14519.5.2.1.6279.6001.208511362832825683639135205368,4,0,220.0,168.0,67.0,0.7432432432432432,0.7088607594936709,0.21474358974358973,238,313,297.0
1.3.6.1.4.1.14519.5.2.1.6279.6001.208511362832825683639135205368,5,1,213.0,147.5,146.1702117919922,0.7195945945945946,0.6223628691983122,0.4684942685640775,238,313,297.0
1.3.6.1.4.1.14519.5.2.1.6279.6001.208511362832825683639135205368,6,1,213.0,147.0,141.0,0.7195945945945946,0.620253164556962,0.4519230769230769,238,313,297.0
1.3.6.1.4.1.14519.5.2.1.6279.6001.208511362832825683639135205368,7,1,213.0,143.0,148.0,0.7195945945945946,0.6033755274261603,0.47435897435897434,238,313,297.0
1.3.6.1.4.1.14519.5.2.1.6279.6001.208511362832825683639135205368,8,1,213.0,152.0,149.0,0.7195945945945946,0.6413502109704642,0.4775641025641026,238,313,297.0
1.3.6.1.4.1.14519.5.2.1.6279.6001.208511362832825683639135205368,9,1,213.0,148.0,141.0,0.7195945945945946,0.6244725738396625,0.4519230769230769,238,313,297.0
1.3.6.1.4.1.14519.5.2.1.6279.6001.208737629504245244513001631764,0,0,153.0,150.79310607910156,237.15516662597656,0.6538461538461539,0.6416727918259642,0.8121752281711526,236,293,235.0
1.3.6.1.4.1.14519.5.2.1.6279.6001.208737629504245244513001631764,1,0,153.0,150.0,230.0,0.6538461538461539,0.6382978723404256,0.7876712328767124,236,293,235.0
1.3.6.1.4.1.14519.5.2.1.6279.6001.208737629504245244513001631764,2,0,153.0,145.0,241.0,0.6538461538461539,0.6170212765957447,0.8253424657534246,236,293,235.0
1.3.6.1.4.1.14519.5.2.1.6279.6001.208737629504245244513001631764,3,0,153.0,157.0,240.0,0.6538461538461539,0.6680851063829787,0.821917808219178,236,293,235.0
1.3.6.1.4.1.14519.5.2.1.6279.6001.208737629504245244513001631764,4,0,153.0,151.0,230.0,0.6538461538461539,0.6425531914893617,0.7876712328767124,236,293,235.0
1.3.6.1.4.1.14519.5.2.1.6279.6001.208737629504245244513001631764,5,1,124.0,153.62757873535156,130.027587890625,0.5299145299145299,0.6537343775972407,0.4452999585295377,236,293,235.0
1.3.6.1.4.1.14519.5.2.1.6279.6001.208737629504245244513001631764,6,1,124.0,153.0,124.0,0.5299145299145299,0.6510638297872341,0.4246575342465753,236,293,235.0
1.3.6.1.4.1.14519.5.2.1.6279.6001.208737629504245244513001631764,7,1,124.0,148.0,133.0,0.5299145299145299,0.6297872340425532,0.4554794520547945,236,293,235.0
1.3.6.1.4.1.14519.5.2.1.6279.6001.208737629504245244513001631764,8,1,124.0,159.0,134.0,0.5299145299145299,0.676595744680851,0.4589041095890411,236,293,235.0
1.3.6.1.4.1.14519.5.2.1.6279.6001.208737629504245244513001631764,9,1,124.0,154.0,124.0,0.5299145299145299,0.6553191489361702,0.4246575342465753,236,293,235.0
1.3.6.1.4.1.14519.5.2.1.6279.6001.208737629504245244513001631764,10,2,130.0,61.5,63.33333206176758,0.5555555555555556,0.26170212765957446,0.21689497281427253,236,293,235.0
1.3.6.1.4.1.14519.5.2.1.6279.6001.208737629504245244513001631764,11,2,130.0,61.0,59.0,0.5555555555555556,0.25957446808510637,0.20205479452054795,236,293,235.0
1.3.6.1.4.1.14519.5.2.1.6279.6001.208737629504245244513001631764,12,2,130.0,58.0,66.0,0.5555555555555556,0.24680851063829787,0.22602739726027396,236,293,235.0
1.3.6.1.4.1.14519.5.2.1.6279.6001.208737629504245244513001631764,13,2,130.0,65.0,66.0,0.5555555555555556,0.2765957446808511,0.22602739726027396,236,293,235.0
1.3.6.1.4.1.14519.5.2.1.6279.6001.208737629504245244513001631764,14,2,130.0,62.0,59.0,0.5555555555555556,0.26382978723404255,0.20205479452054795,236,293,235.0
1.3.6.1.4.1.14519.5.2.1.6279.6001.211051626197585058967163339846,0,0,161.0,80.79207611083984,154.34158325195312,0.5590277777777778,0.35748706243734446,0.6149067061830802,227,252,289.0
1.3.6.1.4.1.14519.5.2.1.6279.6001.211051626197585058967163339846,1,0,161.0,80.0,147.0,0.5590277777777778,0.35398230088495575,0.5856573705179283,227,252,289.0
1.3.6.1.4.1.14519.5.2.1.6279.6001.211051626197585058967163339846,2,0,161.0,74.0,158.0,0.5590277777777778,0.3274336283185841,0.6294820717131474,227,252,289.0
1.3.6.1.4.1.14519.5.2.1.6279.6001.211051626197585058967163339846,3,0,161.0,87.0,158.0,0.5590277777777778,0.38495575221238937,0.6294820717131474,227,252,289.0
1.3.6.1.4.1.14519.5.2.1.6279.6001.211051626197585058967163339846,4,0,161.0,81.0,147.0,0.5590277777777778,0.3584070796460177,0.5856573705179283,227,252,289.0
1.3.6.1.4.1.14519.5.2.1.6279.6001.211956804948320236390242845468,0,0,249.0,99.38311767578125,184.0,0.7980769230769231,0.43398741343135916,0.5916398713826366,230,312,313.0
1.3.6.1.4.1.14519.5.2.1.6279.6001.211956804948320236390242845468,1,0,249.0,99.0,175.0,0.7980769230769231,0.43231441048034935,0.5627009646302251,230,312,313.0
1.3.6.1.4.1.14519.5.2.1.6279.6001.211956804948320236390242845468,2,0,249.0,91.0,188.0,0.7980769230769231,0.39737991266375544,0.6045016077170418,230,312,313.0
1.3.6.1.4.1.14519.5.2.1.6279.6001.211956804948320236390242845468,3,0,249.0,107.0,189.0,0.7980769230769231,0.4672489082969432,0.6077170418006431,230,312,313.0
1.3.6.1.4.1.14519.5.2.1.6279.6001.211956804948320236390242845468,4,0,249.0,100.0,175.0,0.7980769230769231,0.4366812227074236,0.5627009646302251,230,312,313.0
1.3.6.1.4.1.14519.5.2.1.6279.6001.211956804948320236390242845468,5,1,257.0,151.44444274902344,72.2716064453125,0.8237179487179487,0.6613294443188796,0.23238458664087622,230,312,313.0
1.3.6.1.4.1.14519.5.2.1.6279.6001.211956804948320236390242845468,6,1,257.0,151.0,68.0,0.8237179487179487,0.6593886462882096,0.21864951768488747,230,312,313.0
1.3.6.1.4.1.14519.5.2.1.6279.6001.211956804948320236390242845468,7,1,257.0,147.0,74.0,0.8237179487179487,0.6419213973799127,0.2379421221864952,230,312,313.0
1.3.6.1.4.1.14519.5.2.1.6279.6001.211956804948320236390242845468,8,1,257.0,155.0,75.0,0.8237179487179487,0.6768558951965066,0.24115755627009647,230,312,313.0
1.3.6.1.4.1.14519.5.2.1.6279.6001.211956804948320236390242845468,9,1,257.0,152.0,68.0,0.8237179487179487,0.6637554585152838,0.21864951768488747,230,312,313.0
1.3.6.1.4.1.14519.5.2.1.6279.6001.211956804948320236390242845468,10,2,223.0,85.0,189.0,0.7147435897435898,0.37117903930131,0.6077170418006431,230,312,313.0
1.3.6.1.4.1.14519.5.2.1.6279.6001.211956804948320236390242845468,11,2,223.0,84.0,185.0,0.7147435897435898,0.36681222707423583,0.594855305466238,230,312,313.0
1.3.6.1.4.1.14519.5.2.1.6279.6001.211956804948320236390242845468,12,2,223.0,82.0,191.0,0.7147435897435898,0.35807860262008734,0.6141479099678456,230,312,313.0
1.3.6.1.4.1.14519.5.2.1.6279.6001.211956804948320236390242845468,13,2,223.0,88.0,191.0,0.7147435897435898,0.38427947598253276,0.6141479099678456,230,312,313.0
1.3.6.1.4.1.14519.5.2.1.6279.6001.211956804948320236390242845468,14,2,223.0,85.0,185.0,0.7147435897435898,0.37117903930131,0.594855305466238,230,312,313.0
1.3.6.1.4.1.14519.5.2.1.6279.6001.212346425055214308006918165305,0,0,72.0,157.23809814453125,207.1904754638672,0.26765799256505574,0.7901411967061872,0.7506901284922725,200,277,270.0
1.3.6.1.4.1.14519.5.2.1.6279.6001.212346425055214308006918165305,1,0,72.0,157.0,203.0,0.26765799256505574,0.7889447236180904,0.7355072463768116,200,277,270.0
1.3.6.1.4.1.14519.5.2.1.6279.6001.212346425055214308006918165305,2,0,72.0,154.0,209.0,0.26765799256505574,0.7738693467336684,0.7572463768115942,200,277,270.0
1.3.6.1.4.1.14519.5.2.1.6279.6001.212346425055214308006918165305,3,0,72.0,160.0,210.0,0.26765799256505574,0.8040201005025126,0.7608695652173914,200,277,270.0
1.3.6.1.4.1.14519.5.2.1.6279.6001.212346425055214308006918165305,4,0,72.0,158.0,203.0,0.26765799256505574,0.7939698492462312,0.7355072463768116,200,277,270.0
1.3.6.1.4.1.14519.5.2.1.6279.6001.212608679077007918190529579976,0,0,42.0,27.641510009765625,49.924530029296875,0.24,0.144719947695108,0.1996981201171875,192,251,176.0
1.3.6.1.4.1.14519.5.2.1.6279.6001.212608679077007918190529579976,1,0,42.0,27.0,46.0,0.24,0.14136125654450263,0.184,192,251,176.0
1.3.6.1.4.1.14519.5.2.1.6279.6001.212608679077007918190529579976,2,0,42.0,25.0,52.0,0.24,0.13089005235602094,0.208,192,251,176.0
1.3.6.1.4.1.14519.5.2.1.6279.6001.212608679077007918190529579976,3,0,42.0,31.0,52.0,0.24,0.16230366492146597,0.208,192,251,176.0
1.3.6.1.4.1.14519.5.2.1.6279.6001.212608679077007918190529579976,4,0,42.0,28.0,46.0,0.24,0.14659685863874344,0.184,192,251,176.0
1.3.6.1.4.1.14519.5.2.1.6279.6001.212608679077007918190529579976,5,1,134.0,97.4000015258789,60.400001525878906,0.7657142857142857,0.5099476519679524,0.24160000610351562,192,251,176.0
1.3.6.1.4.1.14519.5.2.1.6279.6001.212608679077007918190529579976,6,1,134.0,97.0,59.0,0.7657142857142857,0.5078534031413613,0.236,192,251,176.0
1.3.6.1.4.1.14519.5.2.1.6279.6001.212608679077007918190529579976,7,1,134.0,96.0,61.0,0.7657142857142857,0.5026178010471204,0.244,192,251,176.0
1.3.6.1.4.1.14519.5.2.1.6279.6001.212608679077007918190529579976,8,1,134.0,98.0,62.0,0.7657142857142857,0.5130890052356021,0.248,192,251,176.0
1.3.6.1.4.1.14519.5.2.1.6279.6001.212608679077007918190529579976,9,1,134.0,98.0,59.0,0.7657142857142857,0.5130890052356021,0.236,192,251,176.0
1.3.6.1.4.1.14519.5.2.1.6279.6001.213140617640021803112060161074,0,0,178.0,46.16883087158203,170.5,0.6980392156862745,0.217777504111236,0.6409774436090225,213,267,256.0
1.3.6.1.4.1.14519.5.2.1.6279.6001.213140617640021803112060161074,1,0,178.0,46.0,164.0,0.6980392156862745,0.2169811320754717,0.6165413533834586,213,267,256.0
1.3.6.1.4.1.14519.5.2.1.6279.6001.213140617640021803112060161074,2,0,178.0,40.0,173.0,0.6980392156862745,0.18867924528301888,0.650375939849624,213,267,256.0
1.3.6.1.4.1.14519.5.2.1.6279.6001.213140617640021803112060161074,3,0,178.0,51.0,175.0,0.6980392156862745,0.24056603773584906,0.6578947368421053,213,267,256.0
1.3.6.1.4.1.14519.5.2.1.6279.6001.213140617640021803112060161074,4,0,178.0,47.0,164.0,0.6980392156862745,0.22169811320754718,0.6165413533834586,213,267,256.0
1.3.6.1.4.1.14519.5.2.1.6279.6001.213140617640021803112060161074,5,1,83.0,138.5,225.5,0.3254901960784314,0.6533018867924528,0.8477443609022557,213,267,256.0
1.3.6.1.4.1.14519.5.2.1.6279.6001.213140617640021803112060161074,6,1,83.0,138.0,223.0,0.3254901960784314,0.6509433962264151,0.8383458646616542,213,267,256.0
1.3.6.1.4.1.14519.5.2.1.6279.6001.213140617640021803112060161074,7,1,83.0,136.0,227.0,0.3254901960784314,0.6415094339622641,0.8533834586466166,213,267,256.0
1.3.6.1.4.1.14519.5.2.1.6279.6001.213140617640021803112060161074,8,1,83.0,141.0,227.0,0.3254901960784314,0.6650943396226415,0.8533834586466166,213,267,256.0
1.3.6.1.4.1.14519.5.2.1.6279.6001.213140617640021803112060161074,9,1,83.0,139.0,223.0,0.3254901960784314,0.6556603773584906,0.8383458646616542,213,267,256.0
1.3.6.1.4.1.14519.5.2.1.6279.6001.213140617640021803112060161074,10,2,191.0,121.88888549804688,212.27777099609375,0.7490196078431373,0.5749475731039947,0.7980367330680216,213,267,256.0
1.3.6.1.4.1.14519.5.2.1.6279.6001.213140617640021803112060161074,11,2,191.0,121.0,211.0,0.7490196078431373,0.5707547169811321,0.793233082706767,213,267,256.0
1.3.6.1.4.1.14519.5.2.1.6279.6001.213140617640021803112060161074,12,2,191.0,120.0,213.0,0.7490196078431373,0.5660377358490566,0.8007518796992481,213,267,256.0
1.3.6.1.4.1.14519.5.2.1.6279.6001.213140617640021803112060161074,13,2,191.0,123.0,214.0,0.7490196078431373,0.5801886792452831,0.8045112781954887,213,267,256.0
1.3.6.1.4.1.14519.5.2.1.6279.6001.213140617640021803112060161074,14,2,191.0,122.0,210.0,0.7490196078431373,0.5754716981132075,0.7894736842105263,213,267,256.0
1.3.6.1.4.1.14519.5.2.1.6279.6001.213854687290736562463866711534,0,0,135.0,111.86956787109375,272.0543518066406,0.4041916167664671,0.43699049949645996,0.8528349586415067,257,320,335.0
1.3.6.1.4.1.14519.5.2.1.6279.6001.213854687290736562463866711534,1,0,135.0,111.0,267.0,0.4041916167664671,0.43359375,0.8369905956112853,257,320,335.0
1.3.6.1.4.1.14519.5.2.1.6279.6001.213854687290736562463866711534,2,0,135.0,108.0,275.0,0.4041916167664671,0.421875,0.8620689655172413,257,320,335.0
1.3.6.1.4.1.14519.5.2.1.6279.6001.213854687290736562463866711534,3,0,135.0,116.0,274.0,0.4041916167664671,0.453125,0.8589341692789969,257,320,335.0
1.3.6.1.4.1.14519.5.2.1.6279.6001.213854687290736562463866711534,4,0,135.0,112.0,267.0,0.4041916167664671,0.4375,0.8369905956112853,257,320,335.0
1.3.6.1.4.1.14519.5.2.1.6279.6001.214252223927572015414741039150,0,0,222.0,124.11458587646484,99.88541412353516,0.8638132295719845,0.5719566169422343,0.32430329260888036,218,309,258.0
1.3.6.1.4.1.14519.5.2.1.6279.6001.214252223927572015414741039150,1,0,222.0,124.0,95.0,0.8638132295719845,0.5714285714285714,0.30844155844155846,218,309,258.0
1.3.6.1.4.1.14519.5.2.1.6279.6001.214252223927572015414741039150,2,0,222.0,120.0,102.0,0.8638132295719845,0.5529953917050692,0.33116883116883117,218,309,258.0
1.3.6.1.4.1.14519.5.2.1.6279.6001.214252223927572015414741039150,3,0,222.0,128.0,103.0,0.8638132295719845,0.5898617511520737,0.3344155844155844,218,309,258.0
1.3.6.1.4.1.14519.5.2.1.6279.6001.214252223927572015414741039150,4,0,222.0,125.0,95.0,0.8638132295719845,0.576036866359447,0.30844155844155846,218,309,258.0
1.3.6.1.4.1.14519.5.2.1.6279.6001.214252223927572015414741039150,5,1,146.0,151.42857360839844,257.3265380859375,0.5680933852140078,0.6978275281493016,0.8354757730062906,218,309,258.0
1.3.6.1.4.1.14519.5.2.1.6279.6001.214252223927572015414741039150,6,1,146.0,151.0,254.0,0.5680933852140078,0.695852534562212,0.8246753246753247,218,309,258.0
1.3.6.1.4.1.14519.5.2.1.6279.6001.214252223927572015414741039150,7,1,146.0,148.0,259.0,0.5680933852140078,0.6820276497695853,0.8409090909090909,218,309,258.0
1.3.6.1.4.1.14519.5.2.1.6279.6001.214252223927572015414741039150,8,1,146.0,154.0,260.0,0.5680933852140078,0.7096774193548387,0.8441558441558441,218,309,258.0
1.3.6.1.4.1.14519.5.2.1.6279.6001.214252223927572015414741039150,9,1,146.0,152.0,254.0,0.5680933852140078,0.7004608294930875,0.8246753246753247,218,309,258.0
1.3.6.1.4.1.14519.5.2.1.6279.6001.214252223927572015414741039150,10,2,143.0,65.67346954345703,212.57142639160156,0.556420233463035,0.30264271679012456,0.6901669688039012,218,309,258.0
1.3.6.1.4.1.14519.5.2.1.6279.6001.214252223927572015414741039150,11,2,143.0,65.0,209.0,0.556420233463035,0.2995391705069124,0.6785714285714286,218,309,258.0
1.3.6.1.4.1.14519.5.2.1.6279.6001.214252223927572015414741039150,12,2,143.0,63.0,214.0,0.556420233463035,0.2903225806451613,0.6948051948051948,218,309,258.0
1.3.6.1.4.1.14519.5.2.1.6279.6001.214252223927572015414741039150,13,2,143.0,68.0,215.0,0.556420233463035,0.31336405529953915,0.698051948051948,218,309,258.0
1.3.6.1.4.1.14519.5.2.1.6279.6001.214252223927572015414741039150,14,2,143.0,66.0,209.0,0.556420233463035,0.30414746543778803,0.6785714285714286,218,309,258.0
1.3.6.1.4.1.14519.5.2.1.6279.6001.214800939017429618305208626314,0,0,175.0,171.85365295410156,97.8536605834961,0.5555555555555556,0.822266282077041,0.306751287095599,210,320,316.0
1.3.6.1.4.1.14519.5.2.1.6279.6001.214800939017429618305208626314,1,0,175.0,171.0,95.0,0.5555555555555556,0.8181818181818182,0.29780564263322884,210,320,316.0
1.3.6.1.4.1.14519.5.2.1.6279.6001.214800939017429618305208626314,2,0,175.0,169.0,100.0,0.5555555555555556,0.8086124401913876,0.31347962382445144,210,320,316.0
1.3.6.1.4.1.14519.5.2.1.6279.6001.214800939017429618305208626314,3,0,175.0,175.0,99.0,0.5555555555555556,0.8373205741626795,0.3103448275862069,210,320,316.0
1.3.6.1.4.1.14519.5.2.1.6279.6001.214800939017429618305208626314,4,0,175.0,172.0,95.0,0.5555555555555556,0.8229665071770335,0.29780564263322884,210,320,316.0
1.3.6.1.4.1.14519.5.2.1.6279.6001.214800939017429618305208626314,5,1,77.0,161.6666717529297,245.22222900390625,0.24444444444444444,0.7735247452293287,0.76872172101538,210,320,316.0
1.3.6.1.4.1.14519.5.2.1.6279.6001.214800939017429618305208626314,6,1,77.0,161.0,242.0,0.24444444444444444,0.7703349282296651,0.7586206896551724,210,320,316.0
1.3.6.1.4.1.14519.5.2.1.6279.6001.214800939017429618305208626314,7,1,77.0,159.0,247.0,0.24444444444444444,0.7607655502392344,0.774294670846395,210,320,316.0
1.3.6.1.4.1.14519.5.2.1.6279.6001.214800939017429618305208626314,8,1,77.0,164.0,247.0,0.24444444444444444,0.784688995215311,0.774294670846395,210,320,316.0
1.3.6.1.4.1.14519.5.2.1.6279.6001.214800939017429618305208626314,9,1,77.0,162.0,242.0,0.24444444444444444,0.7751196172248804,0.7586206896551724,210,320,316.0
1.3.6.1.4.1.14519.5.2.1.6279.6001.214800939017429618305208626314,10,2,141.0,170.6774139404297,123.09677124023438,0.44761904761904764,0.8166383442125822,0.38588329542393224,210,320,316.0
1.3.6.1.4.1.14519.5.2.1.6279.6001.214800939017429618305208626314,11,2,141.0,170.0,121.0,0.44761904761904764,0.8133971291866029,0.3793103448275862,210,320,316.0
1.3.6.1.4.1.14519.5.2.1.6279.6001.214800939017429618305208626314,12,2,141.0,169.0,125.0,0.44761904761904764,0.8086124401913876,0.39184952978056425,210,320,316.0
1.3.6.1.4.1.14519.5.2.1.6279.6001.214800939017429618305208626314,13,2,141.0,173.0,124.0,0.44761904761904764,0.8277511961722488,0.3887147335423197,210,320,316.0
1.3.6.1.4.1.14519.5.2.1.6279.6001.214800939017429618305208626314,14,2,141.0,171.0,120.0,0.44761904761904764,0.8181818181818182,0.3761755485893417,210,320,316.0
1.3.6.1.4.1.14519.5.2.1.6279.6001.214800939017429618305208626314,15,3,115.0,150.32142639160156,48.32143020629883,0.36507936507936506,0.7192412746009644,0.1514778376373004,210,320,316.0
1.3.6.1.4.1.14519.5.2.1.6279.6001.214800939017429618305208626314,16,3,115.0,150.0,46.0,0.36507936507936506,0.7177033492822966,0.14420062695924765,210,320,316.0
1.3.6.1.4.1.14519.5.2.1.6279.6001.214800939017429618305208626314,17,3,115.0,148.0,49.0,0.36507936507936506,0.7081339712918661,0.1536050156739812,210,320,316.0
1.3.6.1.4.1.14519.5.2.1.6279.6001.214800939017429618305208626314,18,3,115.0,152.0,50.0,0.36507936507936506,0.7272727272727273,0.15673981191222572,210,320,316.0
1.3.6.1.4.1.14519.5.2.1.6279.6001.214800939017429618305208626314,19,3,115.0,151.0,46.0,0.36507936507936506,0.722488038277512,0.14420062695924765,210,320,316.0
1.3.6.1.4.1.14519.5.2.1.6279.6001.214800939017429618305208626314,20,4,87.0,80.09091186523438,294.0909118652344,0.2761904761904762,0.3832101046183463,0.9219150842170356,210,320,316.0
1.3.6.1.4.1.14519.5.2.1.6279.6001.214800939017429618305208626314,21,4,87.0,80.0,292.0,0.2761904761904762,0.3827751196172249,0.9153605015673981,210,320,316.0
1.3.6.1.4.1.14519.5.2.1.6279.6001.214800939017429618305208626314,22,4,87.0,78.0,295.0,0.2761904761904762,0.37320574162679426,0.9247648902821317,210,320,316.0
1.3.6.1.4.1.14519.5.2.1.6279.6001.214800939017429618305208626314,23,4,87.0,82.0,296.0,0.2761904761904762,0.3923444976076555,0.9278996865203761,210,320,316.0
1.3.6.1.4.1.14519.5.2.1.6279.6001.214800939017429618305208626314,24,4,87.0,81.0,292.0,0.2761904761904762,0.3875598086124402,0.9153605015673981,210,320,316.0
1.3.6.1.4.1.14519.5.2.1.6279.6001.214800939017429618305208626314,25,5,149.0,154.46665954589844,68.86666870117188,0.473015873015873,0.7390749260569304,0.2158829739848648,210,320,316.0
1.3.6.1.4.1.14519.5.2.1.6279.6001.214800939017429618305208626314,26,5,149.0,154.0,67.0,0.473015873015873,0.7368421052631579,0.21003134796238246,210,320,316.0
1.3.6.1.4.1.14519.5.2.1.6279.6001.214800939017429618305208626314,27,5,149.0,153.0,70.0,0.473015873015873,0.7320574162679426,0.219435736677116,210,320,316.0
1.3.6.1.4.1.14519.5.2.1.6279.6001.214800939017429618305208626314,28,5,149.0,156.0,70.0,0.473015873015873,0.7464114832535885,0.219435736677116,210,320,316.0
1.3.6.1.4.1.14519.5.2.1.6279.6001.214800939017429618305208626314,29,5,149.0,155.0,67.0,0.473015873015873,0.7416267942583732,0.21003134796238246,210,320,316.0
1.3.6.1.4.1.14519.5.2.1.6279.6001.215104063467523905369326175410,0,0,100.0,96.0999984741211,22.049999237060547,0.373134328358209,0.5194594512114654,0.08749999697246248,186,253,269.0
1.3.6.1.4.1.14519.5.2.1.6279.6001.215104063467523905369326175410,1,0,100.0,96.0,20.0,0.373134328358209,0.518918918918919,0.07936507936507936,186,253,269.0
1.3.6.1.4.1.14519.5.2.1.6279.6001.215104063467523905369326175410,2,0,100.0,94.0,22.0,0.373134328358209,0.5081081081081081,0.0873015873015873,186,253,269.0
1.3.6.1.4.1.14519.5.2.1.6279.6001.215104063467523905369326175410,3,0,100.0,97.0,24.0,0.373134328358209,0.5243243243243243,0.09523809523809523,186,253,269.0
1.3.6.1.4.1.14519.5.2.1.6279.6001.215104063467523905369326175410,4,0,100.0,97.0,20.0,0.373134328358209,0.5243243243243243,0.07936507936507936,186,253,269.0
1.3.6.1.4.1.14519.5.2.1.6279.6001.215640837032688688030770057224,0,0,202.0,127.1515121459961,212.93939208984375,0.7163120567375887,0.5701861531210587,0.8127457713352815,224,263,283.0
1.3.6.1.4.1.14519.5.2.1.6279.6001.215640837032688688030770057224,1,0,202.0,127.0,209.0,0.7163120567375887,0.5695067264573991,0.7977099236641222,224,263,283.0
1.3.6.1.4.1.14519.5.2.1.6279.6001.215640837032688688030770057224,2,0,202.0,123.0,214.0,0.7163120567375887,0.5515695067264574,0.816793893129771,224,263,283.0
1.3.6.1.4.1.14519.5.2.1.6279.6001.215640837032688688030770057224,3,0,202.0,130.0,216.0,0.7163120567375887,0.5829596412556054,0.8244274809160306,224,263,283.0
1.3.6.1.4.1.14519.5.2.1.6279.6001.215640837032688688030770057224,4,0,202.0,128.0,209.0,0.7163120567375887,0.5739910313901345,0.7977099236641222,224,263,283.0
1.3.6.1.4.1.14519.5.2.1.6279.6001.215640837032688688030770057224,5,1,196.0,93.90908813476562,221.63636779785156,0.6950354609929078,0.4211169871514154,0.8459403351063036,224,263,283.0
1.3.6.1.4.1.14519.5.2.1.6279.6001.215640837032688688030770057224,6,1,196.0,93.0,218.0,0.6950354609929078,0.4170403587443946,0.8320610687022901,224,263,283.0
1.3.6.1.4.1.14519.5.2.1.6279.6001.215640837032688688030770057224,7,1,196.0,91.0,224.0,0.6950354609929078,0.4080717488789238,0.8549618320610687,224,263,283.0
1.3.6.1.4.1.14519.5.2.1.6279.6001.215640837032688688030770057224,8,1,196.0,97.0,223.0,0.6950354609929078,0.4349775784753363,0.851145038167939,224,263,283.0
1.3.6.1.4.1.14519.5.2.1.6279.6001.215640837032688688030770057224,9,1,196.0,94.0,218.0,0.6950354609929078,0.42152466367713004,0.8320610687022901,224,263,283.0
1.3.6.1.4.1.14519.5.2.1.6279.6001.215640837032688688030770057224,10,2,188.0,151.2941131591797,197.5,0.6666666666666666,0.6784489379335412,0.7538167938931297,224,263,283.0
1.3.6.1.4.1.14519.5.2.1.6279.6001.215640837032688688030770057224,11,2,188.0,151.0,195.0,0.6666666666666666,0.6771300448430493,0.7442748091603053,224,263,283.0
1.3.6.1.4.1.14519.5.2.1.6279.6001.215640837032688688030770057224,12,2,188.0,149.0,199.0,0.6666666666666666,0.6681614349775785,0.7595419847328244,224,263,283.0
1.3.6.1.4.1.14519.5.2.1.6279.6001.215640837032688688030770057224,13,2,188.0,154.0,199.0,0.6666666666666666,0.6905829596412556,0.7595419847328244,224,263,283.0
1.3.6.1.4.1.14519.5.2.1.6279.6001.215640837032688688030770057224,14,2,188.0,152.0,195.0,0.6666666666666666,0.6816143497757847,0.7442748091603053,224,263,283.0
1.3.6.1.4.1.14519.5.2.1.6279.6001.215640837032688688030770057224,15,3,216.0,161.40740966796875,203.74073791503906,0.7659574468085106,0.72380004335412,0.7776364042558743,224,263,283.0
1.3.6.1.4.1.14519.5.2.1.6279.6001.215640837032688688030770057224,16,3,216.0,161.0,201.0,0.7659574468085106,0.7219730941704036,0.767175572519084,224,263,283.0
1.3.6.1.4.1.14519.5.2.1.6279.6001.215640837032688688030770057224,17,3,216.0,159.0,205.0,0.7659574468085106,0.7130044843049327,0.7824427480916031,224,263,283.0
1.3.6.1.4.1.14519.5.2.1.6279.6001.215640837032688688030770057224,18,3,216.0,163.0,206.0,0.7659574468085106,0.7309417040358744,0.7862595419847328,224,263,283.0
1.3.6.1.4.1.14519.5.2.1.6279.6001.215640837032688688030770057224,19,3,216.0,162.0,201.0,0.7659574468085106,0.726457399103139,0.767175572519084,224,263,283.0
1.3.6.1.4.1.14519.5.2.1.6279.6001.215640837032688688030770057224,20,4,160.0,168.90475463867188,38.42856979370117,0.5673758865248227,0.7574204243886631,0.14667393051030983,224,263,283.0
1.3.6.1.4.1.14519.5.2.1.6279.6001.215640837032688688030770057224,21,4,160.0,168.0,37.0,0.5673758865248227,0.7533632286995515,0.14122137404580154,224,263,283.0
1.3.6.1.4.1.14519.5.2.1.6279.6001.215640837032688688030770057224,22,4,160.0,167.0,40.0,0.5673758865248227,0.7488789237668162,0.15267175572519084,224,263,283.0
1.3.6.1.4.1.14519.5.2.1.6279.6001.215640837032688688030770057224,23,4,160.0,171.0,39.0,0.5673758865248227,0.7668161434977578,0.14885496183206107,224,263,283.0
1.3.6.1.4.1.14519.5.2.1.6279.6001.215640837032688688030770057224,24,4,160.0,169.0,36.0,0.5673758865248227,0.757847533632287,0.13740458015267176,224,263,283.0
1.3.6.1.4.1.14519.5.2.1.6279.6001.215640837032688688030770057224,25,5,160.0,40.0,189.0,0.5673758865248227,0.17937219730941703,0.7213740458015268,224,263,283.0
1.3.6.1.4.1.14519.5.2.1.6279.6001.215640837032688688030770057224,26,5,160.0,39.0,187.0,0.5673758865248227,0.17488789237668162,0.7137404580152672,224,263,283.0
1.3.6.1.4.1.14519.5.2.1.6279.6001.215640837032688688030770057224,27,5,160.0,38.0,190.0,0.5673758865248227,0.17040358744394618,0.7251908396946565,224,263,283.0
1.3.6.1.4.1.14519.5.2.1.6279.6001.215640837032688688030770057224,28,5,160.0,42.0,190.0,0.5673758865248227,0.18834080717488788,0.7251908396946565,224,263,283.0
1.3.6.1.4.1.14519.5.2.1.6279.6001.215640837032688688030770057224,29,5,160.0,40.0,187.0,0.5673758865248227,0.17937219730941703,0.7137404580152672,224,263,283.0
1.3.6.1.4.1.14519.5.2.1.6279.6001.215785045378334625097907422785,0,0,213.0,116.4000015258789,100.4000015258789,0.7634408602150538,0.61914894428659,0.36911765266867247,189,273,280.0
1.3.6.1.4.1.14519.5.2.1.6279.6001.215785045378334625097907422785,1,0,213.0,116.0,99.0,0.7634408602150538,0.6170212765957447,0.3639705882352941,189,273,280.0
1.3.6.1.4.1.14519.5.2.1.6279.6001.215785045378334625097907422785,2,0,213.0,115.0,101.0,0.7634408602150538,0.6117021276595744,0.3713235294117647,189,273,280.0
1.3.6.1.4.1.14519.5.2.1.6279.6001.215785045378334625097907422785,3,0,213.0,117.0,102.0,0.7634408602150538,0.6223404255319149,0.375,189,273,280.0
1.3.6.1.4.1.14519.5.2.1.6279.6001.215785045378334625097907422785,4,0,213.0,117.0,99.0,0.7634408602150538,0.6223404255319149,0.3639705882352941,189,273,280.0
1.3.6.1.4.1.14519.5.2.1.6279.6001.216252660192313507027754194207,0,0,137.0,125.29729461669922,60.864864349365234,0.5310077519379846,0.6328146192762587,0.2454228401184082,199,249,259.0
1.3.6.1.4.1.14519.5.2.1.6279.6001.216252660192313507027754194207,1,0,137.0,125.0,58.0,0.5310077519379846,0.6313131313131313,0.23387096774193547,199,249,259.0
1.3.6.1.4.1.14519.5.2.1.6279.6001.216252660192313507027754194207,2,0,137.0,123.0,62.0,0.5310077519379846,0.6212121212121212,0.25,199,249,259.0
1.3.6.1.4.1.14519.5.2.1.6279.6001.216252660192313507027754194207,3,0,137.0,127.0,63.0,0.5310077519379846,0.6414141414141414,0.2540322580645161,199,249,259.0
1.3.6.1.4.1.14519.5.2.1.6279.6001.216252660192313507027754194207,4,0,137.0,126.0,58.0,0.5310077519379846,0.6363636363636364,0.23387096774193547,199,249,259.0
1.3.6.1.4.1.14519.5.2.1.6279.6001.216252660192313507027754194207,5,1,110.0,49.882354736328125,52.411766052246094,0.4263565891472868,0.2519310845269097,0.211337766339702,199,249,259.0
1.3.6.1.4.1.14519.5.2.1.6279.6001.216252660192313507027754194207,6,1,110.0,49.0,51.0,0.4263565891472868,0.2474747474747475,0.2056451612903226,199,249,259.0
1.3.6.1.4.1.14519.5.2.1.6279.6001.216252660192313507027754194207,7,1,110.0,48.0,53.0,0.4263565891472868,0.24242424242424243,0.21370967741935484,199,249,259.0
1.3.6.1.4.1.14519.5.2.1.6279.6001.216252660192313507027754194207,8,1,110.0,51.0,54.0,0.4263565891472868,0.25757575757575757,0.21774193548387097,199,249,259.0
1.3.6.1.4.1.14519.5.2.1.6279.6001.216252660192313507027754194207,9,1,110.0,50.0,51.0,0.4263565891472868,0.25252525252525254,0.2056451612903226,199,249,259.0
1.3.6.1.4.1.14519.5.2.1.6279.6001.216882370221919561230873289517,0,0,160.0,123.63636016845703,51.09090805053711,0.64,0.47010022877740315,0.1664198959300883,264,308,251.0
1.3.6.1.4.1.14519.5.2.1.6279.6001.216882370221919561230873289517,1,0,160.0,123.0,50.0,0.64,0.467680608365019,0.16286644951140064,264,308,251.0
1.3.6.1.4.1.14519.5.2.1.6279.6001.216882370221919561230873289517,2,0,160.0,122.0,52.0,0.64,0.46387832699619774,0.16938110749185667,264,308,251.0
1.3.6.1.4.1.14519.5.2.1.6279.6001.216882370221919561230873289517,3,0,160.0,125.0,52.0,0.64,0.4752851711026616,0.16938110749185667,264,308,251.0
1.3.6.1.4.1.14519.5.2.1.6279.6001.216882370221919561230873289517,4,0,160.0,124.0,50.0,0.64,0.4714828897338403,0.16286644951140064,264,308,251.0
1.3.6.1.4.1.14519.5.2.1.6279.6001.216882370221919561230873289517,5,1,189.0,111.80000305175781,54.0,0.756,0.4250950686378624,0.1758957654723127,264,308,251.0
1.3.6.1.4.1.14519.5.2.1.6279.6001.216882370221919561230873289517,6,1,189.0,111.0,53.0,0.756,0.4220532319391635,0.17263843648208468,264,308,251.0
1.3.6.1.4.1.14519.5.2.1.6279.6001.216882370221919561230873289517,7,1,189.0,111.0,55.0,0.756,0.4220532319391635,0.1791530944625407,264,308,251.0
1.3.6.1.4.1.14519.5.2.1.6279.6001.216882370221919561230873289517,8,1,189.0,113.0,55.0,0.756,0.4296577946768061,0.1791530944625407,264,308,251.0
1.3.6.1.4.1.14519.5.2.1.6279.6001.216882370221919561230873289517,9,1,189.0,112.0,53.0,0.756,0.42585551330798477,0.17263843648208468,264,308,251.0
1.3.6.1.4.1.14519.5.2.1.6279.6001.217589936421986638139451480826,0,0,64.0,117.5,312.5,0.2140468227424749,0.5021367521367521,0.9218289085545722,235,340,300.0
1.3.6.1.4.1.14519.5.2.1.6279.6001.217589936421986638139451480826,1,0,64.0,117.0,310.0,0.2140468227424749,0.5,0.9144542772861357,235,340,300.0
1.3.6.1.4.1.14519.5.2.1.6279.6001.217589936421986638139451480826,2,0,64.0,115.0,314.0,0.2140468227424749,0.49145299145299143,0.9262536873156342,235,340,300.0
1.3.6.1.4.1.14519.5.2.1.6279.6001.217589936421986638139451480826,3,0,64.0,120.0,314.0,0.2140468227424749,0.5128205128205128,0.9262536873156342,235,340,300.0
1.3.6.1.4.1.14519.5.2.1.6279.6001.217589936421986638139451480826,4,0,64.0,118.0,310.0,0.2140468227424749,0.5042735042735043,0.9144542772861357,235,340,300.0
1.3.6.1.4.1.14519.5.2.1.6279.6001.217589936421986638139451480826,5,1,270.0,115.72413635253906,126.5862045288086,0.903010033444816,0.49454759125016695,0.3734106328283439,235,340,300.0
1.3.6.1.4.1.14519.5.2.1.6279.6001.217589936421986638139451480826,6,1,270.0,115.0,124.0,0.903010033444816,0.49145299145299143,0.36578171091445427,235,340,300.0
1.3.6.1.4.1.14519.5.2.1.6279.6001.217589936421986638139451480826,7,1,270.0,114.0,128.0,0.903010033444816,0.48717948717948717,0.3775811209439528,235,340,300.0
1.3.6.1.4.1.14519.5.2.1.6279.6001.217589936421986638139451480826,8,1,270.0,118.0,128.0,0.903010033444816,0.5042735042735043,0.3775811209439528,235,340,300.0
1.3.6.1.4.1.14519.5.2.1.6279.6001.217589936421986638139451480826,9,1,270.0,116.0,124.0,0.903010033444816,0.49572649572649574,0.36578171091445427,235,340,300.0
1.3.6.1.4.1.14519.5.2.1.6279.6001.217589936421986638139451480826,10,2,131.0,208.63333129882812,257.3666687011719,0.43812709030100333,0.8915954329009749,0.7591937129828079,235,340,300.0
1.3.6.1.4.1.14519.5.2.1.6279.6001.217589936421986638139451480826,11,2,131.0,208.0,255.0,0.43812709030100333,0.8888888888888888,0.7522123893805309,235,340,300.0
1.3.6.1.4.1.14519.5.2.1.6279.6001.217589936421986638139451480826,12,2,131.0,206.0,258.0,0.43812709030100333,0.8803418803418803,0.7610619469026548,235,340,300.0
1.3.6.1.4.1.14519.5.2.1.6279.6001.217589936421986638139451480826,13,2,131.0,211.0,259.0,0.43812709030100333,0.9017094017094017,0.7640117994100295,235,340,300.0
1.3.6.1.4.1.14519.5.2.1.6279.6001.217589936421986638139451480826,14,2,131.0,209.0,255.0,0.43812709030100333,0.8931623931623932,0.7522123893805309,235,340,300.0
1.3.6.1.4.1.14519.5.2.1.6279.6001.217589936421986638139451480826,15,3,65.0,156.90908813476562,315.9090881347656,0.21739130434782608,0.6705516586955796,0.9318852157367717,235,340,300.0
1.3.6.1.4.1.14519.5.2.1.6279.6001.217589936421986638139451480826,16,3,65.0,156.0,314.0,0.21739130434782608,0.6666666666666666,0.9262536873156342,235,340,300.0
1.3.6.1.4.1.14519.5.2.1.6279.6001.217589936421986638139451480826,17,3,65.0,155.0,317.0,0.21739130434782608,0.6623931623931624,0.9351032448377581,235,340,300.0
1.3.6.1.4.1.14519.5.2.1.6279.6001.217589936421986638139451480826,18,3,65.0,159.0,317.0,0.21739130434782608,0.6794871794871795,0.9351032448377581,235,340,300.0
1.3.6.1.4.1.14519.5.2.1.6279.6001.217589936421986638139451480826,19,3,65.0,157.0,314.0,0.21739130434782608,0.6709401709401709,0.9262536873156342,235,340,300.0
1.3.6.1.4.1.14519.5.2.1.6279.6001.217697417596902141600884006982,0,0,118.0,100.5,53.5,0.466403162055336,0.5710227272727273,0.1903914590747331,177,282,254.0
1.3.6.1.4.1.14519.5.2.1.6279.6001.217697417596902141600884006982,1,0,118.0,100.0,52.0,0.466403162055336,0.5681818181818182,0.18505338078291814,177,282,254.0
1.3.6.1.4.1.14519.5.2.1.6279.6001.217697417596902141600884006982,2,0,118.0,99.0,54.0,0.466403162055336,0.5625,0.19217081850533807,177,282,254.0
1.3.6.1.4.1.14519.5.2.1.6279.6001.217697417596902141600884006982,3,0,118.0,102.0,55.0,0.466403162055336,0.5795454545454546,0.19572953736654805,177,282,254.0
1.3.6.1.4.1.14519.5.2.1.6279.6001.217697417596902141600884006982,4,0,118.0,101.0,52.0,0.466403162055336,0.5738636363636364,0.18505338078291814,177,282,254.0
1.3.6.1.4.1.14519.5.2.1.6279.6001.217697417596902141600884006982,5,1,136.0,69.80000305175781,211.0,0.5375494071146245,0.39659092643044214,0.7508896797153025,177,282,254.0
1.3.6.1.4.1.14519.5.2.1.6279.6001.217697417596902141600884006982,6,1,136.0,69.0,210.0,0.5375494071146245,0.39204545454545453,0.7473309608540926,177,282,254.0
1.3.6.1.4.1.14519.5.2.1.6279.6001.217697417596902141600884006982,7,1,136.0,69.0,212.0,0.5375494071146245,0.39204545454545453,0.7544483985765125,177,282,254.0
1.3.6.1.4.1.14519.5.2.1.6279.6001.217697417596902141600884006982,8,1,136.0,71.0,212.0,0.5375494071146245,0.4034090909090909,0.7544483985765125,177,282,254.0
1.3.6.1.4.1.14519.5.2.1.6279.6001.217697417596902141600884006982,9,1,136.0,70.0,210.0,0.5375494071146245,0.3977272727272727,0.7473309608540926,177,282,254.0
1.3.6.1.4.1.14519.5.2.1.6279.6001.217697417596902141600884006982,10,2,82.0,71.66666412353516,246.75,0.3241106719367589,0.4071969552473588,0.8781138790035588,177,282,254.0
1.3.6.1.4.1.14519.5.2.1.6279.6001.217697417596902141600884006982,11,2,82.0,71.0,246.0,0.3241106719367589,0.4034090909090909,0.8754448398576512,177,282,254.0
1.3.6.1.4.1.14519.5.2.1.6279.6001.217697417596902141600884006982,12,2,82.0,70.0,247.0,0.3241106719367589,0.3977272727272727,0.8790035587188612,177,282,254.0
1.3.6.1.4.1.14519.5.2.1.6279.6001.217697417596902141600884006982,13,2,82.0,73.0,248.0,0.3241106719367589,0.4147727272727273,0.8825622775800712,177,282,254.0
1.3.6.1.4.1.14519.5.2.1.6279.6001.217697417596902141600884006982,14,2,82.0,72.0,245.0,0.3241106719367589,0.4090909090909091,0.8718861209964412,177,282,254.0
1.3.6.1.4.1.14519.5.2.1.6279.6001.217754016294471278921686508169,0,0,132.0,57.0,36.42856979370117,0.48,0.2923076923076923,0.13151108228772987,196,278,276.0
1.3.6.1.4.1.14519.5.2.1.6279.6001.217754016294471278921686508169,1,0,132.0,56.0,35.0,0.48,0.28717948717948716,0.1263537906137184,196,278,276.0
1.3.6.1.4.1.14519.5.2.1.6279.6001.217754016294471278921686508169,2,0,132.0,56.0,38.0,0.48,0.28717948717948716,0.1371841155234657,196,278,276.0
1.3.6.1.4.1.14519.5.2.1.6279.6001.217754016294471278921686508169,3,0,132.0,58.0,37.0,0.48,0.29743589743589743,0.13357400722021662,196,278,276.0
1.3.6.1.4.1.14519.5.2.1.6279.6001.217754016294471278921686508169,4,0,132.0,57.0,35.0,0.48,0.2923076923076923,0.1263537906137184,196,278,276.0
1.3.6.1.4.1.14519.5.2.1.6279.6001.217955041973656886482758642958,0,0,216.0,145.39808654785156,119.8280258178711,0.8212927756653993,0.6549463358011332,0.41751925372080523,223,288,264.0
1.3.6.1.4.1.14519.5.2.1.6279.6001.217955041973656886482758642958,1,0,216.0,145.0,110.0,0.8212927756653993,0.6531531531531531,0.3832752613240418,223,288,264.0
1.3.6.1.4.1.14519.5.2.1.6279.6001.217955041973656886482758642958,2,0,216.0,137.0,124.0,0.8212927756653993,0.6171171171171171,0.43205574912891986,223,288,264.0
1.3.6.1.4.1.14519.5.2.1.6279.6001.217955041973656886482758642958,3,0,216.0,153.0,125.0,0.8212927756653993,0.6891891891891891,0.4355400696864111,223,288,264.0
1.3.6.1.4.1.14519.5.2.1.6279.6001.217955041973656886482758642958,4,0,216.0,146.0,110.0,0.8212927756653993,0.6576576576576577,0.3832752613240418,223,288,264.0
1.3.6.1.4.1.14519.5.2.1.6279.6001.218476624578721885561483687176,0,0,133.0,105.4000015258789,41.040000915527344,0.4463087248322148,0.43553719638792937,0.12825000286102295,243,321,299.0
1.3.6.1.4.1.14519.5.2.1.6279.6001.218476624578721885561483687176,1,0,133.0,105.0,39.0,0.4463087248322148,0.43388429752066116,0.121875,243,321,299.0
1.3.6.1.4.1.14519.5.2.1.6279.6001.218476624578721885561483687176,2,0,133.0,103.0,42.0,0.4463087248322148,0.4256198347107438,0.13125,243,321,299.0
1.3.6.1.4.1.14519.5.2.1.6279.6001.218476624578721885561483687176,3,0,133.0,107.0,43.0,0.4463087248322148,0.44214876033057854,0.134375,243,321,299.0
1.3.6.1.4.1.14519.5.2.1.6279.6001.218476624578721885561483687176,4,0,133.0,106.0,39.0,0.4463087248322148,0.4380165289256198,0.121875,243,321,299.0
1.3.6.1.4.1.14519.5.2.1.6279.6001.218476624578721885561483687176,5,1,169.0,145.75,253.75,0.5671140939597316,0.6022727272727273,0.79296875,243,321,299.0
1.3.6.1.4.1.14519.5.2.1.6279.6001.218476624578721885561483687176,6,1,169.0,145.0,252.0,0.5671140939597316,0.5991735537190083,0.7875,243,321,299.0
1.3.6.1.4.1.14519.5.2.1.6279.6001.218476624578721885561483687176,7,1,169.0,144.0,254.0,0.5671140939597316,0.5950413223140496,0.79375,243,321,299.0
1.3.6.1.4.1.14519.5.2.1.6279.6001.218476624578721885561483687176,8,1,169.0,147.0,255.0,0.5671140939597316,0.6074380165289256,0.796875,243,321,299.0
1.3.6.1.4.1.14519.5.2.1.6279.6001.218476624578721885561483687176,9,1,169.0,146.0,252.0,0.5671140939597316,0.6033057851239669,0.7875,243,321,299.0
1.3.6.1.4.1.14519.5.2.1.6279.6001.219087313261026510628926082729,0,0,213.0,151.17526245117188,58.55670166015625,0.8129770992366412,0.7233266145989085,0.22608765119751448,210,260,263.0
1.3.6.1.4.1.14519.5.2.1.6279.6001.219087313261026510628926082729,1,0,213.0,151.0,53.0,0.8129770992366412,0.722488038277512,0.20463320463320464,210,260,263.0
1.3.6.1.4.1.14519.5.2.1.6279.6001.219087313261026510628926082729,2,0,213.0,146.0,60.0,0.8129770992366412,0.6985645933014354,0.23166023166023167,210,260,263.0
1.3.6.1.4.1.14519.5.2.1.6279.6001.219087313261026510628926082729,3,0,213.0,155.0,62.0,0.8129770992366412,0.7416267942583732,0.23938223938223938,210,260,263.0
1.3.6.1.4.1.14519.5.2.1.6279.6001.219087313261026510628926082729,4,0,213.0,152.0,54.0,0.8129770992366412,0.7272727272727273,0.2084942084942085,210,260,263.0
1.3.6.1.4.1.14519.5.2.1.6279.6001.219087313261026510628926082729,5,1,48.0,177.88888549804688,62.72222137451172,0.183206106870229,0.8511429928136214,0.24217073889772864,210,260,263.0
1.3.6.1.4.1.14519.5.2.1.6279.6001.219087313261026510628926082729,6,1,48.0,177.0,61.0,0.183206106870229,0.84688995215311,0.23552123552123552,210,260,263.0
1.3.6.1.4.1.14519.5.2.1.6279.6001.219087313261026510628926082729,7,1,48.0,176.0,64.0,0.183206106870229,0.8421052631578947,0.2471042471042471,210,260,263.0
1.3.6.1.4.1.14519.5.2.1.6279.6001.219087313261026510628926082729,8,1,48.0,179.0,64.0,0.183206106870229,0.8564593301435407,0.2471042471042471,210,260,263.0
1.3.6.1.4.1.14519.5.2.1.6279.6001.219087313261026510628926082729,9,1,48.0,178.0,61.0,0.183206106870229,0.8516746411483254,0.23552123552123552,210,260,263.0
1.3.6.1.4.1.14519.5.2.1.6279.6001.219254430927834326484477690403,0,0,84.0,143.0,280.7083435058594,0.268370607028754,0.6355555555555555,0.9113907256683746,226,309,314.0
1.3.6.1.4.1.14519.5.2.1.6279.6001.219254430927834326484477690403,1,0,84.0,142.0,279.0,0.268370607028754,0.6311111111111111,0.9058441558441559,226,309,314.0
1.3.6.1.4.1.14519.5.2.1.6279.6001.219254430927834326484477690403,2,0,84.0,141.0,282.0,0.268370607028754,0.6266666666666667,0.9155844155844156,226,309,314.0
1.3.6.1.4.1.14519.5.2.1.6279.6001.219254430927834326484477690403,3,0,84.0,145.0,282.0,0.268370607028754,0.6444444444444445,0.9155844155844156,226,309,314.0
1.3.6.1.4.1.14519.5.2.1.6279.6001.219254430927834326484477690403,4,0,84.0,143.0,278.0,0.268370607028754,0.6355555555555555,0.9025974025974026,226,309,314.0
1.3.6.1.4.1.14519.5.2.1.6279.6001.219254430927834326484477690403,5,1,110.0,155.11111450195312,45.27777862548828,0.3514376996805112,0.6893827311197916,0.14700577475807883,226,309,314.0
1.3.6.1.4.1.14519.5.2.1.6279.6001.219254430927834326484477690403,6,1,110.0,155.0,43.0,0.3514376996805112,0.6888888888888889,0.1396103896103896,226,309,314.0
1.3.6.1.4.1.14519.5.2.1.6279.6001.219254430927834326484477690403,7,1,110.0,153.0,46.0,0.3514376996805112,0.68,0.14935064935064934,226,309,314.0
1.3.6.1.4.1.14519.5.2.1.6279.6001.219254430927834326484477690403,8,1,110.0,156.0,47.0,0.3514376996805112,0.6933333333333334,0.1525974025974026,226,309,314.0
1.3.6.1.4.1.14519.5.2.1.6279.6001.219254430927834326484477690403,9,1,110.0,156.0,44.0,0.3514376996805112,0.6933333333333334,0.14285714285714285,226,309,314.0
1.3.6.1.4.1.14519.5.2.1.6279.6001.219349715895470349269596532320,0,0,125.0,57.5,220.3333282470703,0.4180602006688963,0.27122641509433965,0.7468926381256621,213,296,300.0
1.3.6.1.4.1.14519.5.2.1.6279.6001.219349715895470349269596532320,1,0,125.0,57.0,216.0,0.4180602006688963,0.2688679245283019,0.7322033898305085,213,296,300.0
1.3.6.1.4.1.14519.5.2.1.6279.6001.219349715895470349269596532320,2,0,125.0,54.0,223.0,0.4180602006688963,0.25471698113207547,0.7559322033898305,213,296,300.0
1.3.6.1.4.1.14519.5.2.1.6279.6001.219349715895470349269596532320,3,0,125.0,61.0,223.0,0.4180602006688963,0.28773584905660377,0.7559322033898305,213,296,300.0
1.3.6.1.4.1.14519.5.2.1.6279.6001.219349715895470349269596532320,4,0,125.0,58.0,216.0,0.4180602006688963,0.27358490566037735,0.7322033898305085,213,296,300.0
1.3.6.1.4.1.14519.5.2.1.6279.6001.219428004988664846407984058588,0,0,67.0,155.45298767089844,271.6153869628906,0.2803347280334728,0.7298262331967063,0.8705621377015725,214,313,240.0
1.3.6.1.4.1.14519.5.2.1.6279.6001.219428004988664846407984058588,1,0,67.0,155.0,266.0,0.2803347280334728,0.7276995305164319,0.8525641025641025,214,313,240.0
1.3.6.1.4.1.14519.5.2.1.6279.6001.219428004988664846407984058588,2,0,67.0,150.0,274.0,0.2803347280334728,0.704225352112676,0.8782051282051282,214,313,240.0
1.3.6.1.4.1.14519.5.2.1.6279.6001.219428004988664846407984058588,3,0,67.0,160.0,275.0,0.2803347280334728,0.7511737089201878,0.8814102564102564,214,313,240.0
1.3.6.1.4.1.14519.5.2.1.6279.6001.219428004988664846407984058588,4,0,67.0,156.0,266.0,0.2803347280334728,0.7323943661971831,0.8525641025641025,214,313,240.0
1.3.6.1.4.1.14519.5.2.1.6279.6001.219428004988664846407984058588,5,1,209.0,106.16666412353516,214.90277099609375,0.8744769874476988,0.4984350428334984,0.6887909326797876,214,313,240.0
1.3.6.1.4.1.14519.5.2.1.6279.6001.219428004988664846407984058588,6,1,209.0,106.0,211.0,0.8744769874476988,0.49765258215962443,0.6762820512820513,214,313,240.0
1.3.6.1.4.1.14519.5.2.1.6279.6001.219428004988664846407984058588,7,1,209.0,102.0,217.0,0.8744769874476988,0.4788732394366197,0.6955128205128205,214,313,240.0
1.3.6.1.4.1.14519.5.2.1.6279.6001.219428004988664846407984058588,8,1,209.0,110.0,217.0,0.8744769874476988,0.5164319248826291,0.6955128205128205,214,313,240.0
1.3.6.1.4.1.14519.5.2.1.6279.6001.219428004988664846407984058588,9,1,209.0,107.0,211.0,0.8744769874476988,0.5023474178403756,0.6762820512820513,214,313,240.0
1.3.6.1.4.1.14519.5.2.1.6279.6001.219428004988664846407984058588,10,2,145.0,56.28845977783203,99.28845977783203,0.606694560669456,0.2642650693794931,0.31823224287766677,214,313,240.0
1.3.6.1.4.1.14519.5.2.1.6279.6001.219428004988664846407984058588,11,2,145.0,56.0,96.0,0.606694560669456,0.26291079812206575,0.3076923076923077,214,313,240.0
1.3.6.1.4.1.14519.5.2.1.6279.6001.219428004988664846407984058588,12,2,145.0,53.0,100.0,0.606694560669456,0.24882629107981222,0.32051282051282054,214,313,240.0
1.3.6.1.4.1.14519.5.2.1.6279.6001.219428004988664846407984058588,13,2,145.0,59.0,102.0,0.606694560669456,0.27699530516431925,0.3269230769230769,214,313,240.0
1.3.6.1.4.1.14519.5.2.1.6279.6001.219428004988664846407984058588,14,2,145.0,57.0,96.0,0.606694560669456,0.2676056338028169,0.3076923076923077,214,313,240.0
1.3.6.1.4.1.14519.5.2.1.6279.6001.219428004988664846407984058588,15,3,58.0,162.42857360839844,245.3265380859375,0.24267782426778242,0.7625754629502274,0.7863030066856971,214,313,240.0
1.3.6.1.4.1.14519.5.2.1.6279.6001.219428004988664846407984058588,16,3,58.0,162.0,242.0,0.24267782426778242,0.7605633802816901,0.7756410256410257,214,313,240.0
1.3.6.1.4.1.14519.5.2.1.6279.6001.219428004988664846407984058588,17,3,58.0,159.0,247.0,0.24267782426778242,0.7464788732394366,0.7916666666666666,214,313,240.0
1.3.6.1.4.1.14519.5.2.1.6279.6001.219428004988664846407984058588,18,3,58.0,165.0,248.0,0.24267782426778242,0.7746478873239436,0.7948717948717948,214,313,240.0
1.3.6.1.4.1.14519.5.2.1.6279.6001.219428004988664846407984058588,19,3,58.0,163.0,242.0,0.24267782426778242,0.7652582159624414,0.7756410256410257,214,313,240.0
1.3.6.1.4.1.14519.5.2.1.6279.6001.219428004988664846407984058588,20,4,87.0,183.97872924804688,114.82978820800781,0.36401673640167365,0.86374990257299,0.368044192974384,214,313,240.0
1.3.6.1.4.1.14519.5.2.1.6279.6001.219428004988664846407984058588,21,4,87.0,183.0,111.0,0.36401673640167365,0.8591549295774648,0.3557692307692308,214,313,240.0
1.3.6.1.4.1.14519.5.2.1.6279.6001.219428004988664846407984058588,22,4,87.0,181.0,117.0,0.36401673640167365,0.8497652582159625,0.375,214,313,240.0
1.3.6.1.4.1.14519.5.2.1.6279.6001.219428004988664846407984058588,23,4,87.0,187.0,117.0,0.36401673640167365,0.8779342723004695,0.375,214,313,240.0
1.3.6.1.4.1.14519.5.2.1.6279.6001.219428004988664846407984058588,24,4,87.0,184.0,111.0,0.36401673640167365,0.863849765258216,0.3557692307692308,214,313,240.0
1.3.6.1.4.1.14519.5.2.1.6279.6001.219428004988664846407984058588,25,5,93.0,114.5,276.5,0.3891213389121339,0.5375586854460094,0.8862179487179487,214,313,240.0
1.3.6.1.4.1.14519.5.2.1.6279.6001.219428004988664846407984058588,26,5,93.0,114.0,274.0,0.3891213389121339,0.5352112676056338,0.8782051282051282,214,313,240.0
1.3.6.1.4.1.14519.5.2.1.6279.6001.219428004988664846407984058588,27,5,93.0,112.0,278.0,0.3891213389121339,0.5258215962441315,0.8910256410256411,214,313,240.0
1.3.6.1.4.1.14519.5.2.1.6279.6001.219428004988664846407984058588,28,5,93.0,117.0,278.0,0.3891213389121339,0.5492957746478874,0.8910256410256411,214,313,240.0
1.3.6.1.4.1.14519.5.2.1.6279.6001.219428004988664846407984058588,29,5,93.0,115.0,274.0,0.3891213389121339,0.539906103286385,0.8782051282051282,214,313,240.0
1.3.6.1.4.1.14519.5.2.1.6279.6001.219428004988664846407984058588,30,6,114.0,143.2413787841797,227.7586212158203,0.4769874476987448,0.672494736075961,0.7299955808199369,214,313,240.0
1.3.6.1.4.1.14519.5.2.1.6279.6001.219428004988664846407984058588,31,6,114.0,143.0,225.0,0.4769874476987448,0.6713615023474179,0.7211538461538461,214,313,240.0
1.3.6.1.4.1.14519.5.2.1.6279.6001.219428004988664846407984058588,32,6,114.0,141.0,229.0,0.4769874476987448,0.6619718309859155,0.7339743589743589,214,313,240.0
1.3.6.1.4.1.14519.5.2.1.6279.6001.219428004988664846407984058588,33,6,114.0,145.0,230.0,0.4769874476987448,0.6807511737089202,0.7371794871794872,214,313,240.0
1.3.6.1.4.1.14519.5.2.1.6279.6001.219428004988664846407984058588,34,6,114.0,144.0,225.0,0.4769874476987448,0.676056338028169,0.7211538461538461,214,313,240.0
1.3.6.1.4.1.14519.5.2.1.6279.6001.219428004988664846407984058588,35,7,41.0,130.14285278320312,141.2142791748047,0.17154811715481172,0.6109993088413292,0.452609869150015,214,313,240.0
1.3.6.1.4.1.14519.5.2.1.6279.6001.219428004988664846407984058588,36,7,41.0,130.0,139.0,0.17154811715481172,0.6103286384976526,0.44551282051282054,214,313,240.0
1.3.6.1.4.1.14519.5.2.1.6279.6001.219428004988664846407984058588,37,7,41.0,128.0,142.0,0.17154811715481172,0.6009389671361502,0.4551282051282051,214,313,240.0
1.3.6.1.4.1.14519.5.2.1.6279.6001.219428004988664846407984058588,38,7,41.0,132.0,143.0,0.17154811715481172,0.6197183098591549,0.4583333333333333,214,313,240.0
1.3.6.1.4.1.14519.5.2.1.6279.6001.219428004988664846407984058588,39,7,41.0,131.0,139.0,0.17154811715481172,0.6150234741784038,0.44551282051282054,214,313,240.0
1.3.6.1.4.1.14519.5.2.1.6279.6001.219428004988664846407984058588,40,8,101.0,164.34616088867188,220.34616088867188,0.4225941422594142,0.7715782201346097,0.7062376951559995,214,313,240.0
1.3.6.1.4.1.14519.5.2.1.6279.6001.219428004988664846407984058588,41,8,101.0,164.0,218.0,0.4225941422594142,0.7699530516431925,0.6987179487179487,214,313,240.0
1.3.6.1.4.1.14519.5.2.1.6279.6001.219428004988664846407984058588,42,8,101.0,162.0,221.0,0.4225941422594142,0.7605633802816901,0.7083333333333334,214,313,240.0
1.3.6.1.4.1.14519.5.2.1.6279.6001.219428004988664846407984058588,43,8,101.0,166.0,222.0,0.4225941422594142,0.7793427230046949,0.7115384615384616,214,313,240.0
1.3.6.1.4.1.14519.5.2.1.6279.6001.219428004988664846407984058588,44,8,101.0,165.0,218.0,0.4225941422594142,0.7746478873239436,0.6987179487179487,214,313,240.0
1.3.6.1.4.1.14519.5.2.1.6279.6001.219618492426142913407827034169,0,0,129.0,39.67583465576172,88.52259063720703,0.47601476014760147,0.1674085850454081,0.28834720077266135,238,308,272.0
1.3.6.1.4.1.14519.5.2.1.6279.6001.219618492426142913407827034169,1,0,129.0,39.0,76.0,0.47601476014760147,0.16455696202531644,0.247557003257329,238,308,272.0
1.3.6.1.4.1.14519.5.2.1.6279.6001.219618492426142913407827034169,2,0,129.0,29.0,95.0,0.47601476014760147,0.12236286919831224,0.30944625407166126,238,308,272.0
1.3.6.1.4.1.14519.5.2.1.6279.6001.219618492426142913407827034169,3,0,129.0,51.0,94.0,0.47601476014760147,0.21518987341772153,0.30618892508143325,238,308,272.0
1.3.6.1.4.1.14519.5.2.1.6279.6001.219618492426142913407827034169,4,0,129.0,40.0,76.0,0.47601476014760147,0.16877637130801687,0.247557003257329,238,308,272.0
1.3.6.1.4.1.14519.5.2.1.6279.6001.219618492426142913407827034169,5,1,61.0,187.22222900390625,243.5,0.22509225092250923,0.7899672109869462,0.7931596091205212,238,308,272.0
1.3.6.1.4.1.14519.5.2.1.6279.6001.219618492426142913407827034169,6,1,61.0,187.0,242.0,0.22509225092250923,0.7890295358649789,0.7882736156351792,238,308,272.0
1.3.6.1.4.1.14519.5.2.1.6279.6001.219618492426142913407827034169,7,1,61.0,185.0,244.0,0.22509225092250923,0.7805907172995781,0.7947882736156352,238,308,272.0
1.3.6.1.4.1.14519.5.2.1.6279.6001.219618492426142913407827034169,8,1,61.0,189.0,245.0,0.22509225092250923,0.7974683544303798,0.7980456026058632,238,308,272.0
1.3.6.1.4.1.14519.5.2.1.6279.6001.219618492426142913407827034169,9,1,61.0,188.0,242.0,0.22509225092250923,0.7932489451476793,0.7882736156351792,238,308,272.0
1.3.6.1.4.1.14519.5.2.1.6279.6001.219909753224298157409438012179,0,0,161.0,109.28947448730469,229.38157653808594,0.5366666666666666,0.5279684757840806,0.9212111507553652,208,250,301.0
1.3.6.1.4.1.14519.5.2.1.6279.6001.219909753224298157409438012179,1,0,161.0,109.0,223.0,0.5366666666666666,0.5265700483091788,0.8955823293172691,208,250,301.0
1.3.6.1.4.1.14519.5.2.1.6279.6001.219909753224298157409438012179,2,0,161.0,103.0,232.0,0.5366666666666666,0.4975845410628019,0.9317269076305221,208,250,301.0
1.3.6.1.4.1.14519.5.2.1.6279.6001.219909753224298157409438012179,3,0,161.0,115.0,233.0,0.5366666666666666,0.5555555555555556,0.9357429718875502,208,250,301.0
1.3.6.1.4.1.14519.5.2.1.6279.6001.219909753224298157409438012179,4,0,161.0,110.0,223.0,0.5366666666666666,0.5314009661835749,0.8955823293172691,208,250,301.0
1.3.6.1.4.1.14519.5.2.1.6279.6001.219909753224298157409438012179,5,1,223.0,155.5,210.5,0.7433333333333333,0.751207729468599,0.8453815261044176,208,250,301.0
1.3.6.1.4.1.14519.5.2.1.6279.6001.219909753224298157409438012179,6,1,223.0,155.0,208.0,0.7433333333333333,0.748792270531401,0.8353413654618473,208,250,301.0
1.3.6.1.4.1.14519.5.2.1.6279.6001.219909753224298157409438012179,7,1,223.0,153.0,212.0,0.7433333333333333,0.7391304347826086,0.8514056224899599,208,250,301.0
1.3.6.1.4.1.14519.5.2.1.6279.6001.219909753224298157409438012179,8,1,223.0,158.0,212.0,0.7433333333333333,0.7632850241545893,0.8514056224899599,208,250,301.0
1.3.6.1.4.1.14519.5.2.1.6279.6001.219909753224298157409438012179,9,1,223.0,156.0,208.0,0.7433333333333333,0.7536231884057971,0.8353413654618473,208,250,301.0
1.3.6.1.4.1.14519.5.2.1.6279.6001.220596530836092324070084384692,0,0,166.0,177.9244842529297,85.64302062988281,0.5971223021582733,0.8392664351553287,0.27102221718317343,213,317,279.0
1.3.6.1.4.1.14519.5.2.1.6279.6001.220596530836092324070084384692,1,0,166.0,177.0,74.0,0.5971223021582733,0.8349056603773585,0.23417721518987342,213,317,279.0
1.3.6.1.4.1.14519.5.2.1.6279.6001.220596530836092324070084384692,2,0,166.0,168.0,91.0,0.5971223021582733,0.7924528301886793,0.2879746835443038,213,317,279.0
1.3.6.1.4.1.14519.5.2.1.6279.6001.220596530836092324070084384692,3,0,166.0,187.0,92.0,0.5971223021582733,0.8820754716981132,0.2911392405063291,213,317,279.0
1.3.6.1.4.1.14519.5.2.1.6279.6001.220596530836092324070084384692,4,0,166.0,178.0,74.0,0.5971223021582733,0.839622641509434,0.23417721518987342,213,317,279.0
1.3.6.1.4.1.14519.5.2.1.6279.6001.221017801605543296514746423389,0,0,116.0,174.64515686035156,186.5,0.5110132158590308,0.8356227600973759,0.746,210,251,228.0
1.3.6.1.4.1.14519.5.2.1.6279.6001.221017801605543296514746423389,1,0,116.0,174.0,183.0,0.5110132158590308,0.8325358851674641,0.732,210,251,228.0
1.3.6.1.4.1.14519.5.2.1.6279.6001.221017801605543296514746423389,2,0,116.0,171.0,188.0,0.5110132158590308,0.8181818181818182,0.752,210,251,228.0
1.3.6.1.4.1.14519.5.2.1.6279.6001.221017801605543296514746423389,3,0,116.0,178.0,189.0,0.5110132158590308,0.8516746411483254,0.756,210,251,228.0
1.3.6.1.4.1.14519.5.2.1.6279.6001.221017801605543296514746423389,4,0,116.0,175.0,183.0,0.5110132158590308,0.8373205741626795,0.732,210,251,228.0
1.3.6.1.4.1.14519.5.2.1.6279.6001.221017801605543296514746423389,5,1,128.0,176.90908813476562,205.36363220214844,0.5638766519823789,0.8464549671519886,0.8214545288085937,210,251,228.0
1.3.6.1.4.1.14519.5.2.1.6279.6001.221017801605543296514746423389,6,1,128.0,176.0,202.0,0.5638766519823789,0.8421052631578947,0.808,210,251,228.0
1.3.6.1.4.1.14519.5.2.1.6279.6001.221017801605543296514746423389,7,1,128.0,174.0,207.0,0.5638766519823789,0.8325358851674641,0.828,210,251,228.0
1.3.6.1.4.1.14519.5.2.1.6279.6001.221017801605543296514746423389,8,1,128.0,180.0,207.0,0.5638766519823789,0.861244019138756,0.828,210,251,228.0
1.3.6.1.4.1.14519.5.2.1.6279.6001.221017801605543296514746423389,9,1,128.0,177.0,202.0,0.5638766519823789,0.84688995215311,0.808,210,251,228.0
1.3.6.1.4.1.14519.5.2.1.6279.6001.222052723822248889877676736332,0,0,183.0,145.7586212158203,87.55172729492188,0.6224489795918368,0.68754066611236,0.27971797857802516,213,314,295.0
1.3.6.1.4.1.14519.5.2.1.6279.6001.222052723822248889877676736332,1,0,183.0,145.0,83.0,0.6224489795918368,0.6839622641509434,0.26517571884984026,213,314,295.0
1.3.6.1.4.1.14519.5.2.1.6279.6001.222052723822248889877676736332,2,0,183.0,142.0,90.0,0.6224489795918368,0.6698113207547169,0.28753993610223644,213,314,295.0
1.3.6.1.4.1.14519.5.2.1.6279.6001.222052723822248889877676736332,3,0,183.0,150.0,90.0,0.6224489795918368,0.7075471698113207,0.28753993610223644,213,314,295.0
1.3.6.1.4.1.14519.5.2.1.6279.6001.222052723822248889877676736332,4,0,183.0,146.0,83.0,0.6224489795918368,0.6886792452830188,0.26517571884984026,213,314,295.0
1.3.6.1.4.1.14519.5.2.1.6279.6001.222052723822248889877676736332,5,1,215.0,150.625,203.25,0.7312925170068028,0.7104952830188679,0.6493610223642172,213,314,295.0
1.3.6.1.4.1.14519.5.2.1.6279.6001.222052723822248889877676736332,6,1,215.0,150.0,202.0,0.7312925170068028,0.7075471698113207,0.645367412140575,213,314,295.0
1.3.6.1.4.1.14519.5.2.1.6279.6001.222052723822248889877676736332,7,1,215.0,149.0,204.0,0.7312925170068028,0.7028301886792453,0.6517571884984026,213,314,295.0
1.3.6.1.4.1.14519.5.2.1.6279.6001.222052723822248889877676736332,8,1,215.0,152.0,205.0,0.7312925170068028,0.7169811320754716,0.6549520766773163,213,314,295.0
1.3.6.1.4.1.14519.5.2.1.6279.6001.222052723822248889877676736332,9,1,215.0,151.0,201.0,0.7312925170068028,0.7122641509433962,0.6421725239616614,213,314,295.0
1.3.6.1.4.1.14519.5.2.1.6279.6001.224465398054769500989828256685,0,0,98.0,193.83116149902344,110.5,0.35766423357664234,0.8691980336279078,0.4018181818181818,224,276,275.0
1.3.6.1.4.1.14519.5.2.1.6279.6001.224465398054769500989828256685,1,0,98.0,193.0,104.0,0.35766423357664234,0.8654708520179372,0.3781818181818182,224,276,275.0
1.3.6.1.4.1.14519.5.2.1.6279.6001.224465398054769500989828256685,2,0,98.0,188.0,114.0,0.35766423357664234,0.8430493273542601,0.41454545454545455,224,276,275.0
1.3.6.1.4.1.14519.5.2.1.6279.6001.224465398054769500989828256685,3,0,98.0,199.0,114.0,0.35766423357664234,0.8923766816143498,0.41454545454545455,224,276,275.0
1.3.6.1.4.1.14519.5.2.1.6279.6001.224465398054769500989828256685,4,0,98.0,194.0,104.0,0.35766423357664234,0.8699551569506726,0.3781818181818182,224,276,275.0
1.3.6.1.4.1.14519.5.2.1.6279.6001.224465398054769500989828256685,5,1,67.0,134.93333435058594,26.399999618530273,0.24452554744525548,0.6050822168187711,0.09599999861283735,224,276,275.0
1.3.6.1.4.1.14519.5.2.1.6279.6001.224465398054769500989828256685,6,1,67.0,134.0,23.0,0.24452554744525548,0.600896860986547,0.08363636363636363,224,276,275.0
1.3.6.1.4.1.14519.5.2.1.6279.6001.224465398054769500989828256685,7,1,67.0,132.0,29.0,0.24452554744525548,0.5919282511210763,0.10545454545454545,224,276,275.0
1.3.6.1.4.1.14519.5.2.1.6279.6001.224465398054769500989828256685,8,1,67.0,138.0,28.0,0.24452554744525548,0.6188340807174888,0.10181818181818182,224,276,275.0
1.3.6.1.4.1.14519.5.2.1.6279.6001.224465398054769500989828256685,9,1,67.0,135.0,22.0,0.24452554744525548,0.6053811659192825,0.08,224,276,275.0
1.3.6.1.4.1.14519.5.2.1.6279.6001.224465398054769500989828256685,10,2,66.0,165.12820434570312,178.87179565429688,0.24087591240875914,0.7404852212811799,0.6504428932883523,224,276,275.0
1.3.6.1.4.1.14519.5.2.1.6279.6001.224465398054769500989828256685,11,2,66.0,165.0,176.0,0.24087591240875914,0.7399103139013453,0.64,224,276,275.0
1.3.6.1.4.1.14519.5.2.1.6279.6001.224465398054769500989828256685,12,2,66.0,162.0,180.0,0.24087591240875914,0.726457399103139,0.6545454545454545,224,276,275.0
1.3.6.1.4.1.14519.5.2.1.6279.6001.224465398054769500989828256685,13,2,66.0,167.0,181.0,0.24087591240875914,0.7488789237668162,0.6581818181818182,224,276,275.0
1.3.6.1.4.1.14519.5.2.1.6279.6001.224465398054769500989828256685,14,2,66.0,166.0,176.0,0.24087591240875914,0.7443946188340808,0.64,224,276,275.0
1.3.6.1.4.1.14519.5.2.1.6279.6001.224465398054769500989828256685,15,3,108.0,178.5,49.5,0.39416058394160586,0.8004484304932735,0.18,224,276,275.0
1.3.6.1.4.1.14519.5.2.1.6279.6001.224465398054769500989828256685,16,3,108.0,178.0,47.0,0.39416058394160586,0.7982062780269058,0.1709090909090909,224,276,275.0
1.3.6.1.4.1.14519.5.2.1.6279.6001.224465398054769500989828256685,17,3,108.0,176.0,50.0,0.39416058394160586,0.7892376681614349,0.18181818181818182,224,276,275.0
1.3.6.1.4.1.14519.5.2.1.6279.6001.224465398054769500989828256685,18,3,108.0,180.0,51.0,0.39416058394160586,0.8071748878923767,0.18545454545454546,224,276,275.0
1.3.6.1.4.1.14519.5.2.1.6279.6001.224465398054769500989828256685,19,3,108.0,179.0,47.0,0.39416058394160586,0.8026905829596412,0.1709090909090909,224,276,275.0
1.3.6.1.4.1.14519.5.2.1.6279.6001.225154811831720426832024114593,0,0,49.0,223.38235473632812,215.85293579101562,0.18490566037735848,0.9043820029810855,0.65409980542732,248,331,266.0
1.3.6.1.4.1.14519.5.2.1.6279.6001.225154811831720426832024114593,1,0,49.0,223.0,213.0,0.18490566037735848,0.902834008097166,0.6454545454545455,248,331,266.0
1.3.6.1.4.1.14519.5.2.1.6279.6001.225154811831720426832024114593,2,0,49.0,221.0,217.0,0.18490566037735848,0.8947368421052632,0.6575757575757576,248,331,266.0
1.3.6.1.4.1.14519.5.2.1.6279.6001.225154811831720426832024114593,3,0,49.0,225.0,218.0,0.18490566037735848,0.9109311740890689,0.6606060606060606,248,331,266.0
1.3.6.1.4.1.14519.5.2.1.6279.6001.225154811831720426832024114593,4,0,49.0,224.0,213.0,0.18490566037735848,0.9068825910931174,0.6454545454545455,248,331,266.0
1.3.6.1.4.1.14519.5.2.1.6279.6001.225154811831720426832024114593,5,1,116.0,216.3225860595703,242.90322875976562,0.4377358490566038,0.8757999435610134,0.736070390181108,248,331,266.0
1.3.6.1.4.1.14519.5.2.1.6279.6001.225154811831720426832024114593,6,1,116.0,216.0,240.0,0.4377358490566038,0.8744939271255061,0.7272727272727273,248,331,266.0
1.3.6.1.4.1.14519.5.2.1.6279.6001.225154811831720426832024114593,7,1,116.0,214.0,244.0,0.4377358490566038,0.8663967611336032,0.7393939393939394,248,331,266.0
1.3.6.1.4.1.14519.5.2.1.6279.6001.225154811831720426832024114593,8,1,116.0,218.0,245.0,0.4377358490566038,0.8825910931174089,0.7424242424242424,248,331,266.0
1.3.6.1.4.1.14519.5.2.1.6279.6001.225154811831720426832024114593,9,1,116.0,217.0,240.0,0.4377358490566038,0.8785425101214575,0.7272727272727273,248,331,266.0
1.3.6.1.4.1.14519.5.2.1.6279.6001.225154811831720426832024114593,10,2,93.0,46.33333206176758,269.125,0.35094339622641507,0.18758434033104282,0.815530303030303,248,331,266.0
1.3.6.1.4.1.14519.5.2.1.6279.6001.225154811831720426832024114593,11,2,93.0,46.0,267.0,0.35094339622641507,0.1862348178137652,0.8090909090909091,248,331,266.0
1.3.6.1.4.1.14519.5.2.1.6279.6001.225154811831720426832024114593,12,2,93.0,44.0,270.0,0.35094339622641507,0.17813765182186234,0.8181818181818182,248,331,266.0
1.3.6.1.4.1.14519.5.2.1.6279.6001.225154811831720426832024114593,13,2,93.0,48.0,271.0,0.35094339622641507,0.19433198380566802,0.8212121212121212,248,331,266.0
1.3.6.1.4.1.14519.5.2.1.6279.6001.225154811831720426832024114593,14,2,93.0,47.0,267.0,0.35094339622641507,0.1902834008097166,0.8090909090909091,248,331,266.0
1.3.6.1.4.1.14519.5.2.1.6279.6001.225227615446398900698431118292,0,0,69.0,194.5955810546875,173.0,0.23389830508474577,0.8610423940472898,0.6455223880597015,227,269,296.0
1.3.6.1.4.1.14519.5.2.1.6279.6001.225227615446398900698431118292,1,0,69.0,194.0,167.0,0.23389830508474577,0.8584070796460177,0.6231343283582089,227,269,296.0
1.3.6.1.4.1.14519.5.2.1.6279.6001.225227615446398900698431118292,2,0,69.0,189.0,176.0,0.23389830508474577,0.8362831858407079,0.6567164179104478,227,269,296.0
1.3.6.1.4.1.14519.5.2.1.6279.6001.225227615446398900698431118292,3,0,69.0,200.0,176.0,0.23389830508474577,0.8849557522123894,0.6567164179104478,227,269,296.0
1.3.6.1.4.1.14519.5.2.1.6279.6001.225227615446398900698431118292,4,0,69.0,195.0,167.0,0.23389830508474577,0.8628318584070797,0.6231343283582089,227,269,296.0
1.3.6.1.4.1.14519.5.2.1.6279.6001.225227615446398900698431118292,5,1,158.0,155.0,223.2916717529297,0.535593220338983,0.6858407079646017,0.8331778796751108,227,269,296.0
1.3.6.1.4.1.14519.5.2.1.6279.6001.225227615446398900698431118292,6,1,158.0,154.0,221.0,0.535593220338983,0.6814159292035398,0.8246268656716418,227,269,296.0
1.3.6.1.4.1.14519.5.2.1.6279.6001.225227615446398900698431118292,7,1,158.0,153.0,225.0,0.535593220338983,0.6769911504424779,0.8395522388059702,227,269,296.0
1.3.6.1.4.1.14519.5.2.1.6279.6001.225227615446398900698431118292,8,1,158.0,157.0,225.0,0.535593220338983,0.6946902654867256,0.8395522388059702,227,269,296.0
1.3.6.1.4.1.14519.5.2.1.6279.6001.225227615446398900698431118292,9,1,158.0,155.0,221.0,0.535593220338983,0.6858407079646017,0.8246268656716418,227,269,296.0
1.3.6.1.4.1.14519.5.2.1.6279.6001.225227615446398900698431118292,10,2,105.0,178.0,232.5,0.3559322033898305,0.7876106194690266,0.8675373134328358,227,269,296.0
1.3.6.1.4.1.14519.5.2.1.6279.6001.225227615446398900698431118292,11,2,105.0,177.0,231.0,0.3559322033898305,0.7831858407079646,0.8619402985074627,227,269,296.0
1.3.6.1.4.1.14519.5.2.1.6279.6001.225227615446398900698431118292,12,2,105.0,177.0,234.0,0.3559322033898305,0.7831858407079646,0.8731343283582089,227,269,296.0
1.3.6.1.4.1.14519.5.2.1.6279.6001.225227615446398900698431118292,13,2,105.0,180.0,233.0,0.3559322033898305,0.7964601769911505,0.8694029850746269,227,269,296.0
1.3.6.1.4.1.14519.5.2.1.6279.6001.225227615446398900698431118292,14,2,105.0,178.0,231.0,0.3559322033898305,0.7876106194690266,0.8619402985074627,227,269,296.0
1.3.6.1.4.1.14519.5.2.1.6279.6001.225227615446398900698431118292,15,3,71.0,144.0,246.5,0.24067796610169492,0.6371681415929203,0.9197761194029851,227,269,296.0
1.3.6.1.4.1.14519.5.2.1.6279.6001.225227615446398900698431118292,16,3,71.0,143.0,245.0,0.24067796610169492,0.6327433628318584,0.914179104477612,227,269,296.0
1.3.6.1.4.1.14519.5.2.1.6279.6001.225227615446398900698431118292,17,3,71.0,143.0,248.0,0.24067796610169492,0.6327433628318584,0.9253731343283582,227,269,296.0
1.3.6.1.4.1.14519.5.2.1.6279.6001.225227615446398900698431118292,18,3,71.0,146.0,247.0,0.24067796610169492,0.6460176991150443,0.9216417910447762,227,269,296.0
1.3.6.1.4.1.14519.5.2.1.6279.6001.225227615446398900698431118292,19,3,71.0,144.0,245.0,0.24067796610169492,0.6371681415929203,0.914179104477612,227,269,296.0
1.3.6.1.4.1.14519.5.2.1.6279.6001.225515255547637437801620523312,0,0,132.0,31.5,162.85882568359375,0.5116279069767442,0.15144230769230768,0.5922139115767046,209,276,259.0
1.3.6.1.4.1.14519.5.2.1.6279.6001.225515255547637437801620523312,1,0,132.0,31.0,156.0,0.5116279069767442,0.14903846153846154,0.5672727272727273,209,276,259.0
1.3.6.1.4.1.14519.5.2.1.6279.6001.225515255547637437801620523312,2,0,132.0,25.0,166.0,0.5116279069767442,0.1201923076923077,0.6036363636363636,209,276,259.0
1.3.6.1.4.1.14519.5.2.1.6279.6001.225515255547637437801620523312,3,0,132.0,38.0,166.0,0.5116279069767442,0.18269230769230768,0.6036363636363636,209,276,259.0
1.3.6.1.4.1.14519.5.2.1.6279.6001.225515255547637437801620523312,4,0,132.0,32.0,156.0,0.5116279069767442,0.15384615384615385,0.5672727272727273,209,276,259.0
1.3.6.1.4.1.14519.5.2.1.6279.6001.225515255547637437801620523312,5,1,136.0,74.67646789550781,220.41175842285156,0.5271317829457365,0.3590214802668645,0.8014973033558238,209,276,259.0
1.3.6.1.4.1.14519.5.2.1.6279.6001.225515255547637437801620523312,6,1,136.0,74.0,218.0,0.5271317829457365,0.3557692307692308,0.7927272727272727,209,276,259.0
1.3.6.1.4.1.14519.5.2.1.6279.6001.225515255547637437801620523312,7,1,136.0,72.0,222.0,0.5271317829457365,0.34615384615384615,0.8072727272727273,209,276,259.0
1.3.6.1.4.1.14519.5.2.1.6279.6001.225515255547637437801620523312,8,1,136.0,77.0,222.0,0.5271317829457365,0.3701923076923077,0.8072727272727273,209,276,259.0
1.3.6.1.4.1.14519.5.2.1.6279.6001.225515255547637437801620523312,9,1,136.0,75.0,218.0,0.5271317829457365,0.3605769230769231,0.7927272727272727,209,276,259.0
1.3.6.1.4.1.14519.5.2.1.6279.6001.226152078193253087875725735761,0,0,154.0,154.0,82.0,0.5968992248062015,0.7817258883248731,0.3048327137546468,198,270,259.0
1.3.6.1.4.1.14519.5.2.1.6279.6001.226152078193253087875725735761,1,0,154.0,153.0,78.0,0.5968992248062015,0.7766497461928934,0.2899628252788104,198,270,259.0
1.3.6.1.4.1.14519.5.2.1.6279.6001.226152078193253087875725735761,2,0,154.0,150.0,84.0,0.5968992248062015,0.7614213197969543,0.31226765799256506,198,270,259.0
1.3.6.1.4.1.14519.5.2.1.6279.6001.226152078193253087875725735761,3,0,154.0,158.0,84.0,0.5968992248062015,0.8020304568527918,0.31226765799256506,198,270,259.0
1.3.6.1.4.1.14519.5.2.1.6279.6001.226152078193253087875725735761,4,0,154.0,154.0,78.0,0.5968992248062015,0.7817258883248731,0.2899628252788104,198,270,259.0
1.3.6.1.4.1.14519.5.2.1.6279.6001.226383054119800793308721198594,0,0,142.0,90.17616271972656,45.38859939575195,0.4965034965034965,0.4696675141652425,0.15129533131917317,193,301,287.0
1.3.6.1.4.1.14519.5.2.1.6279.6001.226383054119800793308721198594,1,0,142.0,90.0,38.0,0.4965034965034965,0.46875,0.12666666666666668,193,301,287.0
1.3.6.1.4.1.14519.5.2.1.6279.6001.226383054119800793308721198594,2,0,142.0,83.0,48.0,0.4965034965034965,0.4322916666666667,0.16,193,301,287.0
1.3.6.1.4.1.14519.5.2.1.6279.6001.226383054119800793308721198594,3,0,142.0,96.0,50.0,0.4965034965034965,0.5,0.16666666666666666,193,301,287.0
1.3.6.1.4.1.14519.5.2.1.6279.6001.226383054119800793308721198594,4,0,142.0,91.0,38.0,0.4965034965034965,0.4739583333333333,0.12666666666666668,193,301,287.0
1.3.6.1.4.1.14519.5.2.1.6279.6001.226456162308124493341905600418,0,0,137.0,132.5,231.60464477539062,0.4823943661971831,0.6339712918660287,0.8806260257619415,210,264,285.0
1.3.6.1.4.1.14519.5.2.1.6279.6001.226456162308124493341905600418,1,0,137.0,132.0,227.0,0.4823943661971831,0.631578947368421,0.8631178707224335,210,264,285.0
1.3.6.1.4.1.14519.5.2.1.6279.6001.226456162308124493341905600418,2,0,137.0,128.0,234.0,0.4823943661971831,0.6124401913875598,0.8897338403041825,210,264,285.0
1.3.6.1.4.1.14519.5.2.1.6279.6001.226456162308124493341905600418,3,0,137.0,137.0,234.0,0.4823943661971831,0.6555023923444976,0.8897338403041825,210,264,285.0
1.3.6.1.4.1.14519.5.2.1.6279.6001.226456162308124493341905600418,4,0,137.0,133.0,227.0,0.4823943661971831,0.6363636363636364,0.8631178707224335,210,264,285.0
1.3.6.1.4.1.14519.5.2.1.6279.6001.226456162308124493341905600418,5,1,153.0,160.8000030517578,218.9250030517578,0.5387323943661971,0.769378005032334,0.8324144602728434,210,264,285.0
1.3.6.1.4.1.14519.5.2.1.6279.6001.226456162308124493341905600418,6,1,153.0,160.0,216.0,0.5387323943661971,0.7655502392344498,0.8212927756653993,210,264,285.0
1.3.6.1.4.1.14519.5.2.1.6279.6001.226456162308124493341905600418,7,1,153.0,158.0,220.0,0.5387323943661971,0.7559808612440191,0.8365019011406845,210,264,285.0
1.3.6.1.4.1.14519.5.2.1.6279.6001.226456162308124493341905600418,8,1,153.0,163.0,221.0,0.5387323943661971,0.7799043062200957,0.8403041825095057,210,264,285.0
1.3.6.1.4.1.14519.5.2.1.6279.6001.226456162308124493341905600418,9,1,153.0,161.0,216.0,0.5387323943661971,0.7703349282296651,0.8212927756653993,210,264,285.0
1.3.6.1.4.1.14519.5.2.1.6279.6001.226889213794065160713547677129,0,0,48.0,223.90908813476562,228.09091186523438,0.17266187050359713,0.9368581093504837,0.6870208188711878,240,333,279.0
1.3.6.1.4.1.14519.5.2.1.6279.6001.226889213794065160713547677129,1,0,48.0,223.0,226.0,0.17266187050359713,0.9330543933054394,0.6807228915662651,240,333,279.0
1.3.6.1.4.1.14519.5.2.1.6279.6001.226889213794065160713547677129,2,0,48.0,222.0,230.0,0.17266187050359713,0.9288702928870293,0.6927710843373494,240,333,279.0
1.3.6.1.4.1.14519.5.2.1.6279.6001.226889213794065160713547677129,3,0,48.0,226.0,229.0,0.17266187050359713,0.9456066945606695,0.6897590361445783,240,333,279.0
1.3.6.1.4.1.14519.5.2.1.6279.6001.226889213794065160713547677129,4,0,48.0,224.0,226.0,0.17266187050359713,0.9372384937238494,0.6807228915662651,240,333,279.0
1.3.6.1.4.1.14519.5.2.1.6279.6001.227707494413800460340110762069,0,0,75.0,150.5833282470703,95.25,0.3048780487804878,0.7345528207174161,0.354089219330855,206,270,247.0
1.3.6.1.4.1.14519.5.2.1.6279.6001.227707494413800460340110762069,1,0,75.0,150.0,92.0,0.3048780487804878,0.7317073170731707,0.3420074349442379,206,270,247.0
1.3.6.1.4.1.14519.5.2.1.6279.6001.227707494413800460340110762069,2,0,75.0,148.0,97.0,0.3048780487804878,0.7219512195121951,0.36059479553903345,206,270,247.0
1.3.6.1.4.1.14519.5.2.1.6279.6001.227707494413800460340110762069,3,0,75.0,153.0,98.0,0.3048780487804878,0.7463414634146341,0.3643122676579926,206,270,247.0
1.3.6.1.4.1.14519.5.2.1.6279.6001.227707494413800460340110762069,4,0,75.0,151.0,92.0,0.3048780487804878,0.7365853658536585,0.3420074349442379,206,270,247.0
1.3.6.1.4.1.14519.5.2.1.6279.6001.227796349777753378641347819780,0,0,109.0,117.5,25.5,0.3438485804416404,0.5131004366812227,0.07244318181818182,230,353,318.0
1.3.6.1.4.1.14519.5.2.1.6279.6001.227796349777753378641347819780,1,0,109.0,117.0,23.0,0.3438485804416404,0.5109170305676856,0.06534090909090909,230,353,318.0
1.3.6.1.4.1.14519.5.2.1.6279.6001.227796349777753378641347819780,2,0,109.0,115.0,27.0,0.3438485804416404,0.5021834061135371,0.07670454545454546,230,353,318.0
1.3.6.1.4.1.14519.5.2.1.6279.6001.227796349777753378641347819780,3,0,109.0,120.0,27.0,0.3438485804416404,0.5240174672489083,0.07670454545454546,230,353,318.0
1.3.6.1.4.1.14519.5.2.1.6279.6001.227796349777753378641347819780,4,0,109.0,118.0,23.0,0.3438485804416404,0.5152838427947598,0.06534090909090909,230,353,318.0
1.3.6.1.4.1.14519.5.2.1.6279.6001.227796349777753378641347819780,5,1,96.0,137.5,319.0,0.3028391167192429,0.6004366812227074,0.90625,230,353,318.0
1.3.6.1.4.1.14519.5.2.1.6279.6001.227796349777753378641347819780,6,1,96.0,137.0,317.0,0.3028391167192429,0.5982532751091703,0.9005681818181818,230,353,318.0
1.3.6.1.4.1.14519.5.2.1.6279.6001.227796349777753378641347819780,7,1,96.0,135.0,320.0,0.3028391167192429,0.5895196506550219,0.9090909090909091,230,353,318.0
1.3.6.1.4.1.14519.5.2.1.6279.6001.227796349777753378641347819780,8,1,96.0,139.0,321.0,0.3028391167192429,0.6069868995633187,0.9119318181818182,230,353,318.0
1.3.6.1.4.1.14519.5.2.1.6279.6001.227796349777753378641347819780,9,1,96.0,138.0,317.0,0.3028391167192429,0.6026200873362445,0.9005681818181818,230,353,318.0
1.3.6.1.4.1.14519.5.2.1.6279.6001.227796349777753378641347819780,10,2,185.0,45.411766052246094,84.11764526367188,0.583596214511041,0.19830465524998295,0.23897058313543146,230,353,318.0
1.3.6.1.4.1.14519.5.2.1.6279.6001.227796349777753378641347819780,11,2,185.0,45.0,82.0,0.583596214511041,0.1965065502183406,0.23295454545454544,230,353,318.0
1.3.6.1.4.1.14519.5.2.1.6279.6001.227796349777753378641347819780,12,2,185.0,44.0,85.0,0.583596214511041,0.19213973799126638,0.24147727272727273,230,353,318.0
1.3.6.1.4.1.14519.5.2.1.6279.6001.227796349777753378641347819780,13,2,185.0,46.0,86.0,0.583596214511041,0.20087336244541484,0.24431818181818182,230,353,318.0
1.3.6.1.4.1.14519.5.2.1.6279.6001.227796349777753378641347819780,14,2,185.0,46.0,82.0,0.583596214511041,0.20087336244541484,0.23295454545454544,230,353,318.0
1.3.6.1.4.1.14519.5.2.1.6279.6001.227885601428639043345478571594,0,0,169.0,217.81817626953125,83.18181610107422,0.5728813559322034,0.871272705078125,0.26240320536616474,251,318,296.0
1.3.6.1.4.1.14519.5.2.1.6279.6001.227885601428639043345478571594,1,0,169.0,217.0,81.0,0.5728813559322034,0.868,0.2555205047318612,251,318,296.0
1.3.6.1.4.1.14519.5.2.1.6279.6001.227885601428639043345478571594,2,0,169.0,216.0,85.0,0.5728813559322034,0.864,0.26813880126182965,251,318,296.0
1.3.6.1.4.1.14519.5.2.1.6279.6001.227885601428639043345478571594,3,0,169.0,220.0,84.0,0.5728813559322034,0.88,0.26498422712933756,251,318,296.0
1.3.6.1.4.1.14519.5.2.1.6279.6001.227885601428639043345478571594,4,0,169.0,218.0,80.0,0.5728813559322034,0.872,0.25236593059936907,251,318,296.0
1.3.6.1.4.1.14519.5.2.1.6279.6001.227962600322799211676960828223,0,0,217.0,92.17500305175781,183.24583435058594,0.8857142857142857,0.5120833502875434,0.6663484885475852,181,276,246.0
1.3.6.1.4.1.14519.5.2.1.6279.6001.227962600322799211676960828223,1,0,217.0,92.0,175.0,0.8857142857142857,0.5111111111111111,0.6363636363636364,181,276,246.0
1.3.6.1.4.1.14519.5.2.1.6279.6001.227962600322799211676960828223,2,0,217.0,85.0,187.0,0.8857142857142857,0.4722222222222222,0.68,181,276,246.0
1.3.6.1.4.1.14519.5.2.1.6279.6001.227962600322799211676960828223,3,0,217.0,99.0,188.0,0.8857142857142857,0.55,0.6836363636363636,181,276,246.0
1.3.6.1.4.1.14519.5.2.1.6279.6001.227962600322799211676960828223,4,0,217.0,93.0,175.0,0.8857142857142857,0.5166666666666667,0.6363636363636364,181,276,246.0
1.3.6.1.4.1.14519.5.2.1.6279.6001.227968442353440630355230778531,0,0,219.0,117.08633422851562,84.0,0.8264150943396227,0.6261301295642547,0.2847457627118644,188,296,266.0
1.3.6.1.4.1.14519.5.2.1.6279.6001.227968442353440630355230778531,1,0,219.0,117.0,78.0,0.8264150943396227,0.6256684491978609,0.26440677966101694,188,296,266.0
1.3.6.1.4.1.14519.5.2.1.6279.6001.227968442353440630355230778531,2,0,219.0,111.0,86.0,0.8264150943396227,0.5935828877005348,0.29152542372881357,188,296,266.0
1.3.6.1.4.1.14519.5.2.1.6279.6001.227968442353440630355230778531,3,0,219.0,122.0,88.0,0.8264150943396227,0.6524064171122995,0.2983050847457627,188,296,266.0
1.3.6.1.4.1.14519.5.2.1.6279.6001.227968442353440630355230778531,4,0,219.0,118.0,78.0,0.8264150943396227,0.6310160427807486,0.26440677966101694,188,296,266.0
1.3.6.1.4.1.14519.5.2.1.6279.6001.228511122591230092662900221600,0,0,96.0,112.0,288.5,0.39344262295081966,0.4409448818897638,0.9100946372239748,255,318,245.0
1.3.6.1.4.1.14519.5.2.1.6279.6001.228511122591230092662900221600,1,0,96.0,111.0,284.0,0.39344262295081966,0.43700787401574803,0.8958990536277602,255,318,245.0
1.3.6.1.4.1.14519.5.2.1.6279.6001.228511122591230092662900221600,2,0,96.0,109.0,291.0,0.39344262295081966,0.42913385826771655,0.917981072555205,255,318,245.0
1.3.6.1.4.1.14519.5.2.1.6279.6001.228511122591230092662900221600,3,0,96.0,115.0,291.0,0.39344262295081966,0.452755905511811,0.917981072555205,255,318,245.0
1.3.6.1.4.1.14519.5.2.1.6279.6001.228511122591230092662900221600,4,0,96.0,112.0,284.0,0.39344262295081966,0.4409448818897638,0.8958990536277602,255,318,245.0
1.3.6.1.4.1.14519.5.2.1.6279.6001.228511122591230092662900221600,5,1,127.0,67.67742156982422,153.90322875976562,0.5204918032786885,0.2664465416134812,0.48549914435257296,255,318,245.0
1.3.6.1.4.1.14519.5.2.1.6279.6001.228511122591230092662900221600,6,1,127.0,67.0,151.0,0.5204918032786885,0.2637795275590551,0.47634069400630913,255,318,245.0
1.3.6.1.4.1.14519.5.2.1.6279.6001.228511122591230092662900221600,7,1,127.0,66.0,156.0,0.5204918032786885,0.25984251968503935,0.4921135646687697,255,318,245.0
1.3.6.1.4.1.14519.5.2.1.6279.6001.228511122591230092662900221600,8,1,127.0,70.0,155.0,0.5204918032786885,0.2755905511811024,0.4889589905362776,255,318,245.0
1.3.6.1.4.1.14519.5.2.1.6279.6001.228511122591230092662900221600,9,1,127.0,68.0,151.0,0.5204918032786885,0.2677165354330709,0.47634069400630913,255,318,245.0
1.3.6.1.4.1.14519.5.2.1.6279.6001.228511122591230092662900221600,10,2,115.0,131.27586364746094,282.4137878417969,0.4713114754098361,0.5168341088482714,0.8908952297848481,255,318,245.0
1.3.6.1.4.1.14519.5.2.1.6279.6001.228511122591230092662900221600,11,2,115.0,131.0,280.0,0.4713114754098361,0.515748031496063,0.8832807570977917,255,318,245.0
1.3.6.1.4.1.14519.5.2.1.6279.6001.228511122591230092662900221600,12,2,115.0,129.0,283.0,0.4713114754098361,0.5078740157480315,0.8927444794952681,255,318,245.0
1.3.6.1.4.1.14519.5.2.1.6279.6001.228511122591230092662900221600,13,2,115.0,133.0,284.0,0.4713114754098361,0.5236220472440944,0.8958990536277602,255,318,245.0
1.3.6.1.4.1.14519.5.2.1.6279.6001.228511122591230092662900221600,14,2,115.0,132.0,280.0,0.4713114754098361,0.5196850393700787,0.8832807570977917,255,318,245.0
1.3.6.1.4.1.14519.5.2.1.6279.6001.228934821089041845791238006047,0,0,68.0,164.84210205078125,280.84210205078125,0.25660377358490566,0.6926138741629464,0.8284427789108592,239,340,266.0
1.3.6.1.4.1.14519.5.2.1.6279.6001.228934821089041845791238006047,1,0,68.0,164.0,279.0,0.25660377358490566,0.6890756302521008,0.8230088495575221,239,340,266.0
1.3.6.1.4.1.14519.5.2.1.6279.6001.228934821089041845791238006047,2,0,68.0,163.0,282.0,0.25660377358490566,0.6848739495798319,0.831858407079646,239,340,266.0
1.3.6.1.4.1.14519.5.2.1.6279.6001.228934821089041845791238006047,3,0,68.0,166.0,282.0,0.25660377358490566,0.6974789915966386,0.831858407079646,239,340,266.0
1.3.6.1.4.1.14519.5.2.1.6279.6001.228934821089041845791238006047,4,0,68.0,165.0,279.0,0.25660377358490566,0.6932773109243697,0.8230088495575221,239,340,266.0
1.3.6.1.4.1.14519.5.2.1.6279.6001.229096941293122177107846044795,0,0,162.0,204.7906951904297,87.5,0.5684210526315789,0.8714497667677858,0.29264214046822745,236,300,286.0
1.3.6.1.4.1.14519.5.2.1.6279.6001.229096941293122177107846044795,1,0,162.0,204.0,81.0,0.5684210526315789,0.8680851063829788,0.2709030100334448,236,300,286.0
1.3.6.1.4.1.14519.5.2.1.6279.6001.229096941293122177107846044795,2,0,162.0,199.0,91.0,0.5684210526315789,0.8468085106382979,0.30434782608695654,236,300,286.0
1.3.6.1.4.1.14519.5.2.1.6279.6001.229096941293122177107846044795,3,0,162.0,211.0,91.0,0.5684210526315789,0.8978723404255319,0.30434782608695654,236,300,286.0
1.3.6.1.4.1.14519.5.2.1.6279.6001.229096941293122177107846044795,4,0,162.0,205.0,81.0,0.5684210526315789,0.8723404255319149,0.2709030100334448,236,300,286.0
1.3.6.1.4.1.14519.5.2.1.6279.6001.229096941293122177107846044795,5,1,150.0,191.5,92.5,0.5263157894736842,0.8148936170212766,0.3093645484949833,236,300,286.0
1.3.6.1.4.1.14519.5.2.1.6279.6001.229096941293122177107846044795,6,1,150.0,191.0,89.0,0.5263157894736842,0.8127659574468085,0.2976588628762542,236,300,286.0
1.3.6.1.4.1.14519.5.2.1.6279.6001.229096941293122177107846044795,7,1,150.0,189.0,94.0,0.5263157894736842,0.8042553191489362,0.31438127090301005,236,300,286.0
1.3.6.1.4.1.14519.5.2.1.6279.6001.229096941293122177107846044795,8,1,150.0,194.0,95.0,0.5263157894736842,0.825531914893617,0.3177257525083612,236,300,286.0
1.3.6.1.4.1.14519.5.2.1.6279.6001.229096941293122177107846044795,9,1,150.0,192.0,89.0,0.5263157894736842,0.8170212765957446,0.2976588628762542,236,300,286.0
1.3.6.1.4.1.14519.5.2.1.6279.6001.229096941293122177107846044795,10,2,162.0,44.82857131958008,87.0,0.5684210526315789,0.1907598779556599,0.2909698996655518,236,300,286.0
1.3.6.1.4.1.14519.5.2.1.6279.6001.229096941293122177107846044795,11,2,162.0,44.0,84.0,0.5684210526315789,0.18723404255319148,0.2809364548494983,236,300,286.0
1.3.6.1.4.1.14519.5.2.1.6279.6001.229096941293122177107846044795,12,2,162.0,43.0,89.0,0.5684210526315789,0.1829787234042553,0.2976588628762542,236,300,286.0
1.3.6.1.4.1.14519.5.2.1.6279.6001.229096941293122177107846044795,13,2,162.0,47.0,88.0,0.5684210526315789,0.2,0.29431438127090304,236,300,286.0
1.3.6.1.4.1.14519.5.2.1.6279.6001.229096941293122177107846044795,14,2,162.0,45.0,84.0,0.5684210526315789,0.19148936170212766,0.2809364548494983,236,300,286.0
1.3.6.1.4.1.14519.5.2.1.6279.6001.229096941293122177107846044795,15,3,142.0,55.911766052246094,74.20587921142578,0.4982456140350877,0.2379224087329621,0.24818019803152436,236,300,286.0
1.3.6.1.4.1.14519.5.2.1.6279.6001.229096941293122177107846044795,16,3,142.0,55.0,72.0,0.4982456140350877,0.23404255319148937,0.2408026755852843,236,300,286.0
1.3.6.1.4.1.14519.5.2.1.6279.6001.229096941293122177107846044795,17,3,142.0,54.0,76.0,0.4982456140350877,0.2297872340425532,0.25418060200668896,236,300,286.0
1.3.6.1.4.1.14519.5.2.1.6279.6001.229096941293122177107846044795,18,3,142.0,59.0,75.0,0.4982456140350877,0.251063829787234,0.2508361204013378,236,300,286.0
1.3.6.1.4.1.14519.5.2.1.6279.6001.229096941293122177107846044795,19,3,142.0,56.0,71.0,0.4982456140350877,0.23829787234042554,0.23745819397993312,236,300,286.0
1.3.6.1.4.1.14519.5.2.1.6279.6001.229096941293122177107846044795,20,4,141.0,41.764705657958984,70.76470947265625,0.49473684210526314,0.17772215173599568,0.23667126913931857,236,300,286.0
1.3.6.1.4.1.14519.5.2.1.6279.6001.229096941293122177107846044795,21,4,141.0,41.0,69.0,0.49473684210526314,0.17446808510638298,0.23076923076923078,236,300,286.0
1.3.6.1.4.1.14519.5.2.1.6279.6001.229096941293122177107846044795,22,4,141.0,40.0,72.0,0.49473684210526314,0.1702127659574468,0.2408026755852843,236,300,286.0
1.3.6.1.4.1.14519.5.2.1.6279.6001.229096941293122177107846044795,23,4,141.0,43.0,72.0,0.49473684210526314,0.1829787234042553,0.2408026755852843,236,300,286.0
1.3.6.1.4.1.14519.5.2.1.6279.6001.229096941293122177107846044795,24,4,141.0,42.0,69.0,0.49473684210526314,0.17872340425531916,0.23076923076923078,236,300,286.0
1.3.6.1.4.1.14519.5.2.1.6279.6001.229860476925100292554329427970,0,0,90.0,168.0,42.5,0.3383458646616541,0.702928870292887,0.13843648208469056,240,308,267.0
1.3.6.1.4.1.14519.5.2.1.6279.6001.229860476925100292554329427970,1,0,90.0,167.0,41.0,0.3383458646616541,0.698744769874477,0.13355048859934854,240,308,267.0
1.3.6.1.4.1.14519.5.2.1.6279.6001.229860476925100292554329427970,2,0,90.0,167.0,44.0,0.3383458646616541,0.698744769874477,0.14332247557003258,240,308,267.0
1.3.6.1.4.1.14519.5.2.1.6279.6001.229860476925100292554329427970,3,0,90.0,170.0,43.0,0.3383458646616541,0.7112970711297071,0.14006514657980457,240,308,267.0
1.3.6.1.4.1.14519.5.2.1.6279.6001.229860476925100292554329427970,4,0,90.0,168.0,41.0,0.3383458646616541,0.702928870292887,0.13355048859934854,240,308,267.0
1.3.6.1.4.1.14519.5.2.1.6279.6001.229860476925100292554329427970,5,1,118.0,62.28571319580078,47.5,0.44360902255639095,0.2606096786435179,0.15472312703583063,240,308,267.0
1.3.6.1.4.1.14519.5.2.1.6279.6001.229860476925100292554329427970,6,1,118.0,62.0,46.0,0.44360902255639095,0.2594142259414226,0.1498371335504886,240,308,267.0
1.3.6.1.4.1.14519.5.2.1.6279.6001.229860476925100292554329427970,7,1,118.0,61.0,48.0,0.44360902255639095,0.25523012552301255,0.1563517915309446,240,308,267.0
1.3.6.1.4.1.14519.5.2.1.6279.6001.229860476925100292554329427970,8,1,118.0,63.0,49.0,0.44360902255639095,0.26359832635983266,0.15960912052117263,240,308,267.0
1.3.6.1.4.1.14519.5.2.1.6279.6001.229860476925100292554329427970,9,1,118.0,63.0,46.0,0.44360902255639095,0.26359832635983266,0.1498371335504886,240,308,267.0
1.3.6.1.4.1.14519.5.2.1.6279.6001.229860476925100292554329427970,10,2,122.0,72.61538696289062,55.38461685180664,0.45864661654135336,0.30383007097443776,0.18040591808406073,240,308,267.0
1.3.6.1.4.1.14519.5.2.1.6279.6001.229860476925100292554329427970,11,2,122.0,72.0,54.0,0.45864661654135336,0.301255230125523,0.1758957654723127,240,308,267.0
1.3.6.1.4.1.14519.5.2.1.6279.6001.229860476925100292554329427970,12,2,122.0,71.0,56.0,0.45864661654135336,0.29707112970711297,0.18241042345276873,240,308,267.0
1.3.6.1.4.1.14519.5.2.1.6279.6001.229860476925100292554329427970,13,2,122.0,74.0,56.0,0.45864661654135336,0.30962343096234307,0.18241042345276873,240,308,267.0
1.3.6.1.4.1.14519.5.2.1.6279.6001.229860476925100292554329427970,14,2,122.0,73.0,54.0,0.45864661654135336,0.3054393305439331,0.1758957654723127,240,308,267.0
1.3.6.1.4.1.14519.5.2.1.6279.6001.230416590143922549745658357505,0,0,122.0,69.5,24.5,0.3961038961038961,0.36772486772486773,0.08812949640287769,190,279,309.0
1.3.6.1.4.1.14519.5.2.1.6279.6001.230416590143922549745658357505,1,0,122.0,69.0,22.0,0.3961038961038961,0.36507936507936506,0.07913669064748201,190,279,309.0
1.3.6.1.4.1.14519.5.2.1.6279.6001.230416590143922549745658357505,2,0,122.0,67.0,26.0,0.3961038961038961,0.3544973544973545,0.09352517985611511,190,279,309.0
1.3.6.1.4.1.14519.5.2.1.6279.6001.230416590143922549745658357505,3,0,122.0,72.0,26.0,0.3961038961038961,0.38095238095238093,0.09352517985611511,190,279,309.0
1.3.6.1.4.1.14519.5.2.1.6279.6001.230416590143922549745658357505,4,0,122.0,70.0,22.0,0.3961038961038961,0.37037037037037035,0.07913669064748201,190,279,309.0
1.3.6.1.4.1.14519.5.2.1.6279.6001.230416590143922549745658357505,5,1,261.0,81.5,51.71428680419922,0.8474025974025974,0.4312169312169312,0.1860226144035943,190,279,309.0
1.3.6.1.4.1.14519.5.2.1.6279.6001.230416590143922549745658357505,6,1,261.0,81.0,50.0,0.8474025974025974,0.42857142857142855,0.17985611510791366,190,279,309.0
1.3.6.1.4.1.14519.5.2.1.6279.6001.230416590143922549745658357505,7,1,261.0,80.0,53.0,0.8474025974025974,0.42328042328042326,0.1906474820143885,190,279,309.0
1.3.6.1.4.1.14519.5.2.1.6279.6001.230416590143922549745658357505,8,1,261.0,83.0,53.0,0.8474025974025974,0.43915343915343913,0.1906474820143885,190,279,309.0
1.3.6.1.4.1.14519.5.2.1.6279.6001.230416590143922549745658357505,9,1,261.0,82.0,50.0,0.8474025974025974,0.43386243386243384,0.17985611510791366,190,279,309.0
1.3.6.1.4.1.14519.5.2.1.6279.6001.230491296081537726468075344411,0,0,197.0,160.63247680664062,234.36752319335938,0.686411149825784,0.6324113260103962,0.7971684462359162,255,295,288.0
1.3.6.1.4.1.14519.5.2.1.6279.6001.230491296081537726468075344411,1,0,197.0,160.0,229.0,0.686411149825784,0.6299212598425197,0.7789115646258503,255,295,288.0
1.3.6.1.4.1.14519.5.2.1.6279.6001.230491296081537726468075344411,2,0,197.0,156.0,237.0,0.686411149825784,0.6141732283464567,0.8061224489795918,255,295,288.0
1.3.6.1.4.1.14519.5.2.1.6279.6001.230491296081537726468075344411,3,0,197.0,166.0,237.0,0.686411149825784,0.6535433070866141,0.8061224489795918,255,295,288.0
1.3.6.1.4.1.14519.5.2.1.6279.6001.230491296081537726468075344411,4,0,197.0,161.0,229.0,0.686411149825784,0.6338582677165354,0.7789115646258503,255,295,288.0
1.3.6.1.4.1.14519.5.2.1.6279.6001.230491296081537726468075344411,5,1,191.0,182.34210205078125,231.57894897460938,0.6655052264808362,0.7178822915385089,0.7876834999136373,255,295,288.0
1.3.6.1.4.1.14519.5.2.1.6279.6001.230491296081537726468075344411,6,1,191.0,182.0,226.0,0.6655052264808362,0.7165354330708661,0.7687074829931972,255,295,288.0
1.3.6.1.4.1.14519.5.2.1.6279.6001.230491296081537726468075344411,7,1,191.0,177.0,234.0,0.6655052264808362,0.6968503937007874,0.7959183673469388,255,295,288.0
1.3.6.1.4.1.14519.5.2.1.6279.6001.230491296081537726468075344411,8,1,191.0,187.0,235.0,0.6655052264808362,0.7362204724409449,0.7993197278911565,255,295,288.0
1.3.6.1.4.1.14519.5.2.1.6279.6001.230491296081537726468075344411,9,1,191.0,183.0,226.0,0.6655052264808362,0.7204724409448819,0.7687074829931972,255,295,288.0
1.3.6.1.4.1.14519.5.2.1.6279.6001.230675342744370103160629638194,0,0,147.0,42.64706039428711,63.0,0.4966216216216216,0.2164825400725234,0.21283783783783783,198,297,297.0
1.3.6.1.4.1.14519.5.2.1.6279.6001.230675342744370103160629638194,1,0,147.0,42.0,61.0,0.4966216216216216,0.2131979695431472,0.20608108108108109,198,297,297.0
1.3.6.1.4.1.14519.5.2.1.6279.6001.230675342744370103160629638194,2,0,147.0,41.0,64.0,0.4966216216216216,0.20812182741116753,0.21621621621621623,198,297,297.0
1.3.6.1.4.1.14519.5.2.1.6279.6001.230675342744370103160629638194,3,0,147.0,44.0,64.0,0.4966216216216216,0.2233502538071066,0.21621621621621623,198,297,297.0
1.3.6.1.4.1.14519.5.2.1.6279.6001.230675342744370103160629638194,4,0,147.0,43.0,61.0,0.4966216216216216,0.2182741116751269,0.20608108108108109,198,297,297.0
1.3.6.1.4.1.14519.5.2.1.6279.6001.231002159523969307155990628066,0,0,180.0,103.37999725341797,242.74000549316406,0.625,0.5412565301226072,0.8313013886752194,192,293,289.0
1.3.6.1.4.1.14519.5.2.1.6279.6001.231002159523969307155990628066,1,0,180.0,103.0,239.0,0.625,0.5392670157068062,0.8184931506849316,192,293,289.0
1.3.6.1.4.1.14519.5.2.1.6279.6001.231002159523969307155990628066,2,0,180.0,100.0,244.0,0.625,0.5235602094240838,0.8356164383561644,192,293,289.0
1.3.6.1.4.1.14519.5.2.1.6279.6001.231002159523969307155990628066,3,0,180.0,106.0,245.0,0.625,0.5549738219895288,0.839041095890411,192,293,289.0
1.3.6.1.4.1.14519.5.2.1.6279.6001.231002159523969307155990628066,4,0,180.0,104.0,239.0,0.625,0.5445026178010471,0.8184931506849316,192,293,289.0
1.3.6.1.4.1.14519.5.2.1.6279.6001.231002159523969307155990628066,5,1,123.0,172.0,80.5,0.4270833333333333,0.900523560209424,0.2756849315068493,192,293,289.0
1.3.6.1.4.1.14519.5.2.1.6279.6001.231002159523969307155990628066,6,1,123.0,171.0,78.0,0.4270833333333333,0.8952879581151832,0.2671232876712329,192,293,289.0
1.3.6.1.4.1.14519.5.2.1.6279.6001.231002159523969307155990628066,7,1,123.0,170.0,82.0,0.4270833333333333,0.8900523560209425,0.2808219178082192,192,293,289.0
1.3.6.1.4.1.14519.5.2.1.6279.6001.231002159523969307155990628066,8,1,123.0,174.0,82.0,0.4270833333333333,0.9109947643979057,0.2808219178082192,192,293,289.0
1.3.6.1.4.1.14519.5.2.1.6279.6001.231002159523969307155990628066,9,1,123.0,172.0,78.0,0.4270833333333333,0.900523560209424,0.2671232876712329,192,293,289.0
1.3.6.1.4.1.14519.5.2.1.6279.6001.231002159523969307155990628066,10,2,171.0,107.5,227.7142791748047,0.59375,0.56282722513089,0.7798434218315229,192,293,289.0
1.3.6.1.4.1.14519.5.2.1.6279.6001.231002159523969307155990628066,11,2,171.0,107.0,226.0,0.59375,0.5602094240837696,0.773972602739726,192,293,289.0
1.3.6.1.4.1.14519.5.2.1.6279.6001.231002159523969307155990628066,12,2,171.0,106.0,229.0,0.59375,0.5549738219895288,0.7842465753424658,192,293,289.0
1.3.6.1.4.1.14519.5.2.1.6279.6001.231002159523969307155990628066,13,2,171.0,109.0,229.0,0.59375,0.5706806282722513,0.7842465753424658,192,293,289.0
1.3.6.1.4.1.14519.5.2.1.6279.6001.231002159523969307155990628066,14,2,171.0,108.0,226.0,0.59375,0.5654450261780105,0.773972602739726,192,293,289.0
1.3.6.1.4.1.14519.5.2.1.6279.6001.232071262560365924176679652948,0,0,133.0,146.38461303710938,61.871795654296875,0.5495867768595041,0.7468602705974968,0.23260073554246946,197,267,243.0
1.3.6.1.4.1.14519.5.2.1.6279.6001.232071262560365924176679652948,1,0,133.0,146.0,57.0,0.5495867768595041,0.7448979591836735,0.21428571428571427,197,267,243.0
1.3.6.1.4.1.14519.5.2.1.6279.6001.232071262560365924176679652948,2,0,133.0,142.0,64.0,0.5495867768595041,0.7244897959183674,0.24060150375939848,197,267,243.0
1.3.6.1.4.1.14519.5.2.1.6279.6001.232071262560365924176679652948,3,0,133.0,150.0,65.0,0.5495867768595041,0.7653061224489796,0.24436090225563908,197,267,243.0
1.3.6.1.4.1.14519.5.2.1.6279.6001.232071262560365924176679652948,4,0,133.0,147.0,57.0,0.5495867768595041,0.75,0.21428571428571427,197,267,243.0
1.3.6.1.4.1.14519.5.2.1.6279.6001.233001470265230594739708503198,0,0,154.0,157.0,57.91304397583008,0.4935897435897436,0.8177083333333334,0.21449275546603733,193,271,313.0
1.3.6.1.4.1.14519.5.2.1.6279.6001.233001470265230594739708503198,1,0,154.0,156.0,55.0,0.4935897435897436,0.8125,0.2037037037037037,193,271,313.0
1.3.6.1.4.1.14519.5.2.1.6279.6001.233001470265230594739708503198,2,0,154.0,154.0,60.0,0.4935897435897436,0.8020833333333334,0.2222222222222222,193,271,313.0
1.3.6.1.4.1.14519.5.2.1.6279.6001.233001470265230594739708503198,3,0,154.0,160.0,60.0,0.4935897435897436,0.8333333333333334,0.2222222222222222,193,271,313.0
1.3.6.1.4.1.14519.5.2.1.6279.6001.233001470265230594739708503198,4,0,154.0,157.0,54.0,0.4935897435897436,0.8177083333333334,0.2,193,271,313.0
1.3.6.1.4.1.14519.5.2.1.6279.6001.233433352108264931671753343044,0,0,157.0,97.08695983886719,49.0,0.5667870036101083,0.38526571364629836,0.15076923076923077,253,326,278.0
1.3.6.1.4.1.14519.5.2.1.6279.6001.233433352108264931671753343044,1,0,157.0,97.0,46.0,0.5667870036101083,0.38492063492063494,0.14153846153846153,253,326,278.0
1.3.6.1.4.1.14519.5.2.1.6279.6001.233433352108264931671753343044,2,0,157.0,94.0,50.0,0.5667870036101083,0.373015873015873,0.15384615384615385,253,326,278.0
1.3.6.1.4.1.14519.5.2.1.6279.6001.233433352108264931671753343044,3,0,157.0,99.0,52.0,0.5667870036101083,0.39285714285714285,0.16,253,326,278.0
1.3.6.1.4.1.14519.5.2.1.6279.6001.233433352108264931671753343044,4,0,157.0,98.0,46.0,0.5667870036101083,0.3888888888888889,0.14153846153846153,253,326,278.0
1.3.6.1.4.1.14519.5.2.1.6279.6001.233433352108264931671753343044,5,1,53.0,201.88888549804688,97.51851654052734,0.19133574007220217,0.8011463710239956,0.30005697397085335,253,326,278.0
1.3.6.1.4.1.14519.5.2.1.6279.6001.233433352108264931671753343044,6,1,53.0,201.0,95.0,0.19133574007220217,0.7976190476190477,0.2923076923076923,253,326,278.0
1.3.6.1.4.1.14519.5.2.1.6279.6001.233433352108264931671753343044,7,1,53.0,200.0,99.0,0.19133574007220217,0.7936507936507936,0.3046153846153846,253,326,278.0
1.3.6.1.4.1.14519.5.2.1.6279.6001.233433352108264931671753343044,8,1,53.0,204.0,99.0,0.19133574007220217,0.8095238095238095,0.3046153846153846,253,326,278.0
1.3.6.1.4.1.14519.5.2.1.6279.6001.233433352108264931671753343044,9,1,53.0,202.0,95.0,0.19133574007220217,0.8015873015873016,0.2923076923076923,253,326,278.0
1.3.6.1.4.1.14519.5.2.1.6279.6001.233433352108264931671753343044,10,2,148.0,187.0,74.0,0.5342960288808665,0.7420634920634921,0.2276923076923077,253,326,278.0
1.3.6.1.4.1.14519.5.2.1.6279.6001.233433352108264931671753343044,11,2,148.0,186.0,72.0,0.5342960288808665,0.7380952380952381,0.22153846153846155,253,326,278.0
1.3.6.1.4.1.14519.5.2.1.6279.6001.233433352108264931671753343044,12,2,148.0,185.0,75.0,0.5342960288808665,0.7341269841269841,0.23076923076923078,253,326,278.0
1.3.6.1.4.1.14519.5.2.1.6279.6001.233433352108264931671753343044,13,2,148.0,189.0,75.0,0.5342960288808665,0.75,0.23076923076923078,253,326,278.0
1.3.6.1.4.1.14519.5.2.1.6279.6001.233433352108264931671753343044,14,2,148.0,187.0,72.0,0.5342960288808665,0.7420634920634921,0.22153846153846155,253,326,278.0
1.3.6.1.4.1.14519.5.2.1.6279.6001.233652865358649579816568545171,0,0,162.0,118.80769348144531,65.80769348144531,0.5491525423728814,0.6674589521429511,0.23586986910912297,179,280,296.0
1.3.6.1.4.1.14519.5.2.1.6279.6001.233652865358649579816568545171,1,0,162.0,118.0,64.0,0.5491525423728814,0.6629213483146067,0.22939068100358423,179,280,296.0
1.3.6.1.4.1.14519.5.2.1.6279.6001.233652865358649579816568545171,2,0,162.0,117.0,67.0,0.5491525423728814,0.6573033707865169,0.24014336917562723,179,280,296.0
1.3.6.1.4.1.14519.5.2.1.6279.6001.233652865358649579816568545171,3,0,162.0,121.0,67.0,0.5491525423728814,0.6797752808988764,0.24014336917562723,179,280,296.0
1.3.6.1.4.1.14519.5.2.1.6279.6001.233652865358649579816568545171,4,0,162.0,119.0,63.0,0.5491525423728814,0.6685393258426966,0.22580645161290322,179,280,296.0
1.3.6.1.4.1.14519.5.2.1.6279.6001.235364978775280910367690540811,0,0,36.0,134.08737182617188,197.16505432128906,0.1411764705882353,0.6876275478265225,0.7412220087266506,196,267,256.0
1.3.6.1.4.1.14519.5.2.1.6279.6001.235364978775280910367690540811,1,0,36.0,134.0,192.0,0.1411764705882353,0.6871794871794872,0.7218045112781954,196,267,256.0
1.3.6.1.4.1.14519.5.2.1.6279.6001.235364978775280910367690540811,2,0,36.0,130.0,200.0,0.1411764705882353,0.6666666666666666,0.7518796992481203,196,267,256.0
1.3.6.1.4.1.14519.5.2.1.6279.6001.235364978775280910367690540811,3,0,36.0,139.0,200.0,0.1411764705882353,0.7128205128205128,0.7518796992481203,196,267,256.0
1.3.6.1.4.1.14519.5.2.1.6279.6001.235364978775280910367690540811,4,0,36.0,135.0,192.0,0.1411764705882353,0.6923076923076923,0.7218045112781954,196,267,256.0
1.3.6.1.4.1.14519.5.2.1.6279.6001.237215747217294006286437405216,0,0,166.0,65.21739196777344,106.91304016113281,0.608058608058608,0.27287611701997255,0.329978519015842,240,325,274.0
1.3.6.1.4.1.14519.5.2.1.6279.6001.237215747217294006286437405216,1,0,166.0,65.0,105.0,0.608058608058608,0.2719665271966527,0.32407407407407407,240,325,274.0
1.3.6.1.4.1.14519.5.2.1.6279.6001.237215747217294006286437405216,2,0,166.0,63.0,108.0,0.608058608058608,0.26359832635983266,0.3333333333333333,240,325,274.0
1.3.6.1.4.1.14519.5.2.1.6279.6001.237215747217294006286437405216,3,0,166.0,67.0,108.0,0.608058608058608,0.2803347280334728,0.3333333333333333,240,325,274.0
1.3.6.1.4.1.14519.5.2.1.6279.6001.237215747217294006286437405216,4,0,166.0,66.0,105.0,0.608058608058608,0.27615062761506276,0.32407407407407407,240,325,274.0
1.3.6.1.4.1.14519.5.2.1.6279.6001.237428977311365557972720635401,0,0,88.0,25.959999084472656,78.4000015258789,0.36666666666666664,0.13663157412880345,0.28823529972749595,191,273,241.0
1.3.6.1.4.1.14519.5.2.1.6279.6001.237428977311365557972720635401,1,0,88.0,25.0,76.0,0.36666666666666664,0.13157894736842105,0.27941176470588236,191,273,241.0
1.3.6.1.4.1.14519.5.2.1.6279.6001.237428977311365557972720635401,2,0,88.0,24.0,80.0,0.36666666666666664,0.12631578947368421,0.29411764705882354,191,273,241.0
1.3.6.1.4.1.14519.5.2.1.6279.6001.237428977311365557972720635401,3,0,88.0,28.0,80.0,0.36666666666666664,0.14736842105263157,0.29411764705882354,191,273,241.0
1.3.6.1.4.1.14519.5.2.1.6279.6001.237428977311365557972720635401,4,0,88.0,26.0,76.0,0.36666666666666664,0.1368421052631579,0.27941176470588236,191,273,241.0
1.3.6.1.4.1.14519.5.2.1.6279.6001.238019241099704094018548301753,0,0,115.0,37.5,79.78571319580078,0.40350877192982454,0.1865671641791045,0.29225535969157795,202,274,286.0
1.3.6.1.4.1.14519.5.2.1.6279.6001.238019241099704094018548301753,1,0,115.0,37.0,77.0,0.40350877192982454,0.18407960199004975,0.28205128205128205,202,274,286.0
1.3.6.1.4.1.14519.5.2.1.6279.6001.238019241099704094018548301753,2,0,115.0,35.0,81.0,0.40350877192982454,0.17412935323383086,0.2967032967032967,202,274,286.0
1.3.6.1.4.1.14519.5.2.1.6279.6001.238019241099704094018548301753,3,0,115.0,39.0,82.0,0.40350877192982454,0.19402985074626866,0.30036630036630035,202,274,286.0
1.3.6.1.4.1.14519.5.2.1.6279.6001.238019241099704094018548301753,4,0,115.0,38.0,77.0,0.40350877192982454,0.1890547263681592,0.28205128205128205,202,274,286.0
1.3.6.1.4.1.14519.5.2.1.6279.6001.238855414831158993232534884296,0,0,142.0,130.90908813476562,39.90909194946289,0.6147186147186147,0.6032676872569844,0.15117080283887457,218,265,232.0
1.3.6.1.4.1.14519.5.2.1.6279.6001.238855414831158993232534884296,1,0,142.0,130.0,38.0,0.6147186147186147,0.5990783410138248,0.14393939393939395,218,265,232.0
1.3.6.1.4.1.14519.5.2.1.6279.6001.238855414831158993232534884296,2,0,142.0,129.0,41.0,0.6147186147186147,0.5944700460829493,0.1553030303030303,218,265,232.0
1.3.6.1.4.1.14519.5.2.1.6279.6001.238855414831158993232534884296,3,0,142.0,133.0,41.0,0.6147186147186147,0.6129032258064516,0.1553030303030303,218,265,232.0
1.3.6.1.4.1.14519.5.2.1.6279.6001.238855414831158993232534884296,4,0,142.0,131.0,38.0,0.6147186147186147,0.6036866359447005,0.14393939393939395,218,265,232.0
1.3.6.1.4.1.14519.5.2.1.6279.6001.239358021703233250639913775427,0,0,127.0,179.1999969482422,77.92500305175781,0.4425087108013937,0.8413145396631089,0.30086873765157457,214,260,288.0
1.3.6.1.4.1.14519.5.2.1.6279.6001.239358021703233250639913775427,1,0,127.0,179.0,75.0,0.4425087108013937,0.8403755868544601,0.28957528957528955,214,260,288.0
1.3.6.1.4.1.14519.5.2.1.6279.6001.239358021703233250639913775427,2,0,127.0,176.0,79.0,0.4425087108013937,0.8262910798122066,0.305019305019305,214,260,288.0
1.3.6.1.4.1.14519.5.2.1.6279.6001.239358021703233250639913775427,3,0,127.0,182.0,80.0,0.4425087108013937,0.8544600938967136,0.3088803088803089,214,260,288.0
1.3.6.1.4.1.14519.5.2.1.6279.6001.239358021703233250639913775427,4,0,127.0,180.0,75.0,0.4425087108013937,0.8450704225352113,0.28957528957528955,214,260,288.0
1.3.6.1.4.1.14519.5.2.1.6279.6001.239358021703233250639913775427,5,1,139.0,73.42424011230469,72.57575988769531,0.4843205574912892,0.3447147423112896,0.28021528914168076,214,260,288.0
1.3.6.1.4.1.14519.5.2.1.6279.6001.239358021703233250639913775427,6,1,139.0,73.0,70.0,0.4843205574912892,0.3427230046948357,0.2702702702702703,214,260,288.0
1.3.6.1.4.1.14519.5.2.1.6279.6001.239358021703233250639913775427,7,1,139.0,71.0,74.0,0.4843205574912892,0.3333333333333333,0.2857142857142857,214,260,288.0
1.3.6.1.4.1.14519.5.2.1.6279.6001.239358021703233250639913775427,8,1,139.0,75.0,75.0,0.4843205574912892,0.352112676056338,0.28957528957528955,214,260,288.0
1.3.6.1.4.1.14519.5.2.1.6279.6001.239358021703233250639913775427,9,1,139.0,74.0,70.0,0.4843205574912892,0.3474178403755869,0.2702702702702703,214,260,288.0
1.3.6.1.4.1.14519.5.2.1.6279.6001.239358021703233250639913775427,10,2,122.0,177.36666870117188,173.36666870117188,0.4250871080139373,0.8327073647942341,0.6693693772246019,214,260,288.0
1.3.6.1.4.1.14519.5.2.1.6279.6001.239358021703233250639913775427,11,2,122.0,177.0,171.0,0.4250871080139373,0.8309859154929577,0.6602316602316602,214,260,288.0
1.3.6.1.4.1.14519.5.2.1.6279.6001.239358021703233250639913775427,12,2,122.0,175.0,174.0,0.4250871080139373,0.8215962441314554,0.6718146718146718,214,260,288.0
1.3.6.1.4.1.14519.5.2.1.6279.6001.239358021703233250639913775427,13,2,122.0,179.0,175.0,0.4250871080139373,0.8403755868544601,0.6756756756756757,214,260,288.0
1.3.6.1.4.1.14519.5.2.1.6279.6001.239358021703233250639913775427,14,2,122.0,178.0,171.0,0.4250871080139373,0.8356807511737089,0.6602316602316602,214,260,288.0
1.3.6.1.4.1.14519.5.2.1.6279.6001.239358021703233250639913775427,15,3,130.0,37.5,180.0,0.4529616724738676,0.176056338028169,0.694980694980695,214,260,288.0
1.3.6.1.4.1.14519.5.2.1.6279.6001.239358021703233250639913775427,16,3,130.0,37.0,177.0,0.4529616724738676,0.17370892018779344,0.6833976833976834,214,260,288.0
1.3.6.1.4.1.14519.5.2.1.6279.6001.239358021703233250639913775427,17,3,130.0,35.0,181.0,0.4529616724738676,0.1643192488262911,0.6988416988416989,214,260,288.0
1.3.6.1.4.1.14519.5.2.1.6279.6001.239358021703233250639913775427,18,3,130.0,39.0,182.0,0.4529616724738676,0.18309859154929578,0.7027027027027027,214,260,288.0
1.3.6.1.4.1.14519.5.2.1.6279.6001.239358021703233250639913775427,19,3,130.0,38.0,177.0,0.4529616724738676,0.1784037558685446,0.6833976833976834,214,260,288.0
1.3.6.1.4.1.14519.5.2.1.6279.6001.239358021703233250639913775427,20,4,124.0,180.9600067138672,183.60000610351562,0.43205574912891986,0.8495774963092356,0.7088803324460062,214,260,288.0
1.3.6.1.4.1.14519.5.2.1.6279.6001.239358021703233250639913775427,21,4,124.0,180.0,181.0,0.43205574912891986,0.8450704225352113,0.6988416988416989,214,260,288.0
1.3.6.1.4.1.14519.5.2.1.6279.6001.239358021703233250639913775427,22,4,124.0,179.0,185.0,0.43205574912891986,0.8403755868544601,0.7142857142857143,214,260,288.0
1.3.6.1.4.1.14519.5.2.1.6279.6001.239358021703233250639913775427,23,4,124.0,183.0,185.0,0.43205574912891986,0.8591549295774648,0.7142857142857143,214,260,288.0
1.3.6.1.4.1.14519.5.2.1.6279.6001.239358021703233250639913775427,24,4,124.0,181.0,181.0,0.43205574912891986,0.8497652582159625,0.6988416988416989,214,260,288.0
1.3.6.1.4.1.14519.5.2.1.6279.6001.239358021703233250639913775427,25,5,125.0,90.5,39.0,0.4355400696864111,0.42488262910798125,0.15057915057915058,214,260,288.0
1.3.6.1.4.1.14519.5.2.1.6279.6001.239358021703233250639913775427,26,5,125.0,90.0,37.0,0.4355400696864111,0.4225352112676056,0.14285714285714285,214,260,288.0
1.3.6.1.4.1.14519.5.2.1.6279.6001.239358021703233250639913775427,27,5,125.0,88.0,40.0,0.4355400696864111,0.4131455399061033,0.15444015444015444,214,260,288.0
1.3.6.1.4.1.14519.5.2.1.6279.6001.239358021703233250639913775427,28,5,125.0,92.0,41.0,0.4355400696864111,0.431924882629108,0.1583011583011583,214,260,288.0
1.3.6.1.4.1.14519.5.2.1.6279.6001.239358021703233250639913775427,29,5,125.0,91.0,37.0,0.4355400696864111,0.4272300469483568,0.14285714285714285,214,260,288.0
1.3.6.1.4.1.14519.5.2.1.6279.6001.239358021703233250639913775427,30,6,117.0,37.42856979370117,195.90475463867188,0.4076655052264808,0.17572098494695385,0.7563890140489261,214,260,288.0
1.3.6.1.4.1.14519.5.2.1.6279.6001.239358021703233250639913775427,31,6,117.0,37.0,194.0,0.4076655052264808,0.17370892018779344,0.749034749034749,214,260,288.0
1.3.6.1.4.1.14519.5.2.1.6279.6001.239358021703233250639913775427,32,6,117.0,36.0,197.0,0.4076655052264808,0.16901408450704225,0.7606177606177607,214,260,288.0
1.3.6.1.4.1.14519.5.2.1.6279.6001.239358021703233250639913775427,33,6,117.0,39.0,197.0,0.4076655052264808,0.18309859154929578,0.7606177606177607,214,260,288.0
1.3.6.1.4.1.14519.5.2.1.6279.6001.239358021703233250639913775427,34,6,117.0,38.0,194.0,0.4076655052264808,0.1784037558685446,0.749034749034749,214,260,288.0
1.3.6.1.4.1.14519.5.2.1.6279.6001.239358021703233250639913775427,35,7,132.0,53.0,195.7894744873047,0.45993031358885017,0.24882629107981222,0.7559439169394003,214,260,288.0
1.3.6.1.4.1.14519.5.2.1.6279.6001.239358021703233250639913775427,36,7,132.0,52.0,194.0,0.45993031358885017,0.24413145539906103,0.749034749034749,214,260,288.0
1.3.6.1.4.1.14519.5.2.1.6279.6001.239358021703233250639913775427,37,7,132.0,51.0,197.0,0.45993031358885017,0.23943661971830985,0.7606177606177607,214,260,288.0
1.3.6.1.4.1.14519.5.2.1.6279.6001.239358021703233250639913775427,38,7,132.0,55.0,197.0,0.45993031358885017,0.25821596244131456,0.7606177606177607,214,260,288.0
1.3.6.1.4.1.14519.5.2.1.6279.6001.239358021703233250639913775427,39,7,132.0,53.0,194.0,0.45993031358885017,0.24882629107981222,0.749034749034749,214,260,288.0
1.3.6.1.4.1.14519.5.2.1.6279.6001.240969450540588211676803094518,0,0,70.0,156.58621215820312,85.27586364746094,0.2766798418972332,0.8113275241357675,0.3078551034204366,194,278,254.0
1.3.6.1.4.1.14519.5.2.1.6279.6001.240969450540588211676803094518,1,0,70.0,156.0,83.0,0.2766798418972332,0.8082901554404145,0.2996389891696751,194,278,254.0
1.3.6.1.4.1.14519.5.2.1.6279.6001.240969450540588211676803094518,2,0,70.0,154.0,86.0,0.2766798418972332,0.7979274611398963,0.3104693140794224,194,278,254.0
1.3.6.1.4.1.14519.5.2.1.6279.6001.240969450540588211676803094518,3,0,70.0,159.0,87.0,0.2766798418972332,0.8238341968911918,0.3140794223826715,194,278,254.0
1.3.6.1.4.1.14519.5.2.1.6279.6001.240969450540588211676803094518,4,0,70.0,157.0,83.0,0.2766798418972332,0.8134715025906736,0.2996389891696751,194,278,254.0
1.3.6.1.4.1.14519.5.2.1.6279.6001.240969450540588211676803094518,5,1,155.0,57.21428680419922,231.5,0.6126482213438735,0.2964470818870426,0.8357400722021661,194,278,254.0
1.3.6.1.4.1.14519.5.2.1.6279.6001.240969450540588211676803094518,6,1,155.0,57.0,229.0,0.6126482213438735,0.29533678756476683,0.8267148014440433,194,278,254.0
1.3.6.1.4.1.14519.5.2.1.6279.6001.240969450540588211676803094518,7,1,155.0,55.0,232.0,0.6126482213438735,0.2849740932642487,0.8375451263537906,194,278,254.0
1.3.6.1.4.1.14519.5.2.1.6279.6001.240969450540588211676803094518,8,1,155.0,58.0,234.0,0.6126482213438735,0.3005181347150259,0.8447653429602888,194,278,254.0
1.3.6.1.4.1.14519.5.2.1.6279.6001.240969450540588211676803094518,9,1,155.0,58.0,229.0,0.6126482213438735,0.3005181347150259,0.8267148014440433,194,278,254.0
1.3.6.1.4.1.14519.5.2.1.6279.6001.241083615484551649610616348856,0,0,70.0,155.62962341308594,193.0,0.2845528455284553,0.6566650776923457,0.6498316498316499,238,298,247.0
1.3.6.1.4.1.14519.5.2.1.6279.6001.241083615484551649610616348856,1,0,70.0,155.0,189.0,0.2845528455284553,0.6540084388185654,0.6363636363636364,238,298,247.0
1.3.6.1.4.1.14519.5.2.1.6279.6001.241083615484551649610616348856,2,0,70.0,153.0,195.0,0.2845528455284553,0.6455696202531646,0.6565656565656566,238,298,247.0
1.3.6.1.4.1.14519.5.2.1.6279.6001.241083615484551649610616348856,3,0,70.0,159.0,195.0,0.2845528455284553,0.6708860759493671,0.6565656565656566,238,298,247.0
1.3.6.1.4.1.14519.5.2.1.6279.6001.241083615484551649610616348856,4,0,70.0,156.0,189.0,0.2845528455284553,0.6582278481012658,0.6363636363636364,238,298,247.0
1.3.6.1.4.1.14519.5.2.1.6279.6001.241570579760883349458693655367,0,0,85.0,106.0,14.0,0.2823920265780731,0.5888888888888889,0.051470588235294115,181,273,302.0
1.3.6.1.4.1.14519.5.2.1.6279.6001.241570579760883349458693655367,1,0,85.0,105.0,12.0,0.2823920265780731,0.5833333333333334,0.04411764705882353,181,273,302.0
1.3.6.1.4.1.14519.5.2.1.6279.6001.241570579760883349458693655367,2,0,85.0,104.0,15.0,0.2823920265780731,0.5777777777777777,0.05514705882352941,181,273,302.0
1.3.6.1.4.1.14519.5.2.1.6279.6001.241570579760883349458693655367,3,0,85.0,108.0,15.0,0.2823920265780731,0.6,0.05514705882352941,181,273,302.0
1.3.6.1.4.1.14519.5.2.1.6279.6001.241570579760883349458693655367,4,0,85.0,106.0,12.0,0.2823920265780731,0.5888888888888889,0.04411764705882353,181,273,302.0
1.3.6.1.4.1.14519.5.2.1.6279.6001.241717018262666382493757419144,0,0,174.0,143.0,174.61842346191406,0.6373626373626373,0.807909604519774,0.630391420440123,178,278,274.0
1.3.6.1.4.1.14519.5.2.1.6279.6001.241717018262666382493757419144,1,0,174.0,142.0,170.0,0.6373626373626373,0.8022598870056498,0.6137184115523465,178,278,274.0
1.3.6.1.4.1.14519.5.2.1.6279.6001.241717018262666382493757419144,2,0,174.0,139.0,177.0,0.6373626373626373,0.7853107344632768,0.6389891696750902,178,278,274.0
1.3.6.1.4.1.14519.5.2.1.6279.6001.241717018262666382493757419144,3,0,174.0,147.0,177.0,0.6373626373626373,0.8305084745762712,0.6389891696750902,178,278,274.0
1.3.6.1.4.1.14519.5.2.1.6279.6001.241717018262666382493757419144,4,0,174.0,143.0,170.0,0.6373626373626373,0.807909604519774,0.6137184115523465,178,278,274.0
1.3.6.1.4.1.14519.5.2.1.6279.6001.241717018262666382493757419144,5,1,52.0,147.5,227.7142791748047,0.19047619047619047,0.8333333333333334,0.8220732100173455,178,278,274.0
1.3.6.1.4.1.14519.5.2.1.6279.6001.241717018262666382493757419144,6,1,52.0,147.0,226.0,0.19047619047619047,0.8305084745762712,0.8158844765342961,178,278,274.0
1.3.6.1.4.1.14519.5.2.1.6279.6001.241717018262666382493757419144,7,1,52.0,146.0,229.0,0.19047619047619047,0.8248587570621468,0.8267148014440433,178,278,274.0
1.3.6.1.4.1.14519.5.2.1.6279.6001.241717018262666382493757419144,8,1,52.0,149.0,229.0,0.19047619047619047,0.8418079096045198,0.8267148014440433,178,278,274.0
1.3.6.1.4.1.14519.5.2.1.6279.6001.241717018262666382493757419144,9,1,52.0,148.0,226.0,0.19047619047619047,0.8361581920903954,0.8158844765342961,178,278,274.0
1.3.6.1.4.1.14519.5.2.1.6279.6001.242624386080831911167122628616,0,0,98.0,47.92856979370117,39.19047546386719,0.3858267716535433,0.23042581631587103,0.13560718153587262,209,290,255.0
1.3.6.1.4.1.14519.5.2.1.6279.6001.242624386080831911167122628616,1,0,98.0,47.0,36.0,0.3858267716535433,0.22596153846153846,0.1245674740484429,209,290,255.0
1.3.6.1.4.1.14519.5.2.1.6279.6001.242624386080831911167122628616,2,0,98.0,45.0,41.0,0.3858267716535433,0.21634615384615385,0.14186851211072665,209,290,255.0
1.3.6.1.4.1.14519.5.2.1.6279.6001.242624386080831911167122628616,3,0,98.0,51.0,41.0,0.3858267716535433,0.24519230769230768,0.14186851211072665,209,290,255.0
1.3.6.1.4.1.14519.5.2.1.6279.6001.242624386080831911167122628616,4,0,98.0,48.0,36.0,0.3858267716535433,0.23076923076923078,0.1245674740484429,209,290,255.0
1.3.6.1.4.1.14519.5.2.1.6279.6001.242624386080831911167122628616,5,1,134.0,66.4000015258789,74.5999984741211,0.5275590551181102,0.3192307765667255,0.25813148260941554,209,290,255.0
1.3.6.1.4.1.14519.5.2.1.6279.6001.242624386080831911167122628616,6,1,134.0,66.0,73.0,0.5275590551181102,0.3173076923076923,0.25259515570934254,209,290,255.0
1.3.6.1.4.1.14519.5.2.1.6279.6001.242624386080831911167122628616,7,1,134.0,65.0,75.0,0.5275590551181102,0.3125,0.25951557093425603,209,290,255.0
1.3.6.1.4.1.14519.5.2.1.6279.6001.242624386080831911167122628616,8,1,134.0,67.0,76.0,0.5275590551181102,0.32211538461538464,0.2629757785467128,209,290,255.0
1.3.6.1.4.1.14519.5.2.1.6279.6001.242624386080831911167122628616,9,1,134.0,67.0,73.0,0.5275590551181102,0.32211538461538464,0.25259515570934254,209,290,255.0
1.3.6.1.4.1.14519.5.2.1.6279.6001.242761658169703141430370511586,0,0,33.0,184.5,51.66666793823242,0.10509554140127389,0.8236607142857143,0.15946502450071734,225,325,315.0
1.3.6.1.4.1.14519.5.2.1.6279.6001.242761658169703141430370511586,1,0,33.0,184.0,47.0,0.10509554140127389,0.8214285714285714,0.14506172839506173,225,325,315.0
1.3.6.1.4.1.14519.5.2.1.6279.6001.242761658169703141430370511586,2,0,33.0,180.0,54.0,0.10509554140127389,0.8035714285714286,0.16666666666666666,225,325,315.0
1.3.6.1.4.1.14519.5.2.1.6279.6001.242761658169703141430370511586,3,0,33.0,189.0,54.0,0.10509554140127389,0.84375,0.16666666666666666,225,325,315.0
1.3.6.1.4.1.14519.5.2.1.6279.6001.242761658169703141430370511586,4,0,33.0,185.0,47.0,0.10509554140127389,0.8258928571428571,0.14506172839506173,225,325,315.0
1.3.6.1.4.1.14519.5.2.1.6279.6001.243094273518213382155770295147,0,0,160.0,145.73480224609375,201.3259735107422,0.471976401179941,0.72145941705987,0.6515403673486803,203,310,340.0
1.3.6.1.4.1.14519.5.2.1.6279.6001.243094273518213382155770295147,1,0,160.0,145.0,194.0,0.471976401179941,0.7178217821782178,0.627831715210356,203,310,340.0
1.3.6.1.4.1.14519.5.2.1.6279.6001.243094273518213382155770295147,2,0,160.0,140.0,205.0,0.471976401179941,0.693069306930693,0.6634304207119741,203,310,340.0
1.3.6.1.4.1.14519.5.2.1.6279.6001.243094273518213382155770295147,3,0,160.0,152.0,205.0,0.471976401179941,0.7524752475247525,0.6634304207119741,203,310,340.0
1.3.6.1.4.1.14519.5.2.1.6279.6001.243094273518213382155770295147,4,0,160.0,146.0,194.0,0.471976401179941,0.7227722772277227,0.627831715210356,203,310,340.0
1.3.6.1.4.1.14519.5.2.1.6279.6001.243094273518213382155770295147,5,1,245.0,123.25757598876953,210.89393615722656,0.7227138643067846,0.6101860197463839,0.6825046477580148,203,310,340.0
1.3.6.1.4.1.14519.5.2.1.6279.6001.243094273518213382155770295147,6,1,245.0,123.0,205.0,0.7227138643067846,0.6089108910891089,0.6634304207119741,203,310,340.0
1.3.6.1.4.1.14519.5.2.1.6279.6001.243094273518213382155770295147,7,1,245.0,118.0,213.0,0.7227138643067846,0.5841584158415841,0.6893203883495146,203,310,340.0
1.3.6.1.4.1.14519.5.2.1.6279.6001.243094273518213382155770295147,8,1,245.0,128.0,215.0,0.7227138643067846,0.6336633663366337,0.6957928802588996,203,310,340.0
1.3.6.1.4.1.14519.5.2.1.6279.6001.243094273518213382155770295147,9,1,245.0,124.0,205.0,0.7227138643067846,0.6138613861386139,0.6634304207119741,203,310,340.0
1.3.6.1.4.1.14519.5.2.1.6279.6001.243094273518213382155770295147,10,2,130.0,162.28070068359375,227.75437927246094,0.3834808259587021,0.8033698053643255,0.7370691885840159,203,310,340.0
1.3.6.1.4.1.14519.5.2.1.6279.6001.243094273518213382155770295147,11,2,130.0,162.0,222.0,0.3834808259587021,0.801980198019802,0.7184466019417476,203,310,340.0
1.3.6.1.4.1.14519.5.2.1.6279.6001.243094273518213382155770295147,12,2,130.0,157.0,230.0,0.3834808259587021,0.7772277227722773,0.7443365695792881,203,310,340.0
1.3.6.1.4.1.14519.5.2.1.6279.6001.243094273518213382155770295147,13,2,130.0,166.0,232.0,0.3834808259587021,0.8217821782178217,0.7508090614886731,203,310,340.0
1.3.6.1.4.1.14519.5.2.1.6279.6001.243094273518213382155770295147,14,2,130.0,163.0,222.0,0.3834808259587021,0.806930693069307,0.7184466019417476,203,310,340.0
1.3.6.1.4.1.14519.5.2.1.6279.6001.243094273518213382155770295147,15,3,150.0,171.04347229003906,253.2463836669922,0.4424778761061947,0.8467498628219755,0.8195675846828226,203,310,340.0
1.3.6.1.4.1.14519.5.2.1.6279.6001.243094273518213382155770295147,16,3,150.0,171.0,249.0,0.4424778761061947,0.8465346534653465,0.8058252427184466,203,310,340.0
1.3.6.1.4.1.14519.5.2.1.6279.6001.243094273518213382155770295147,17,3,150.0,167.0,255.0,0.4424778761061947,0.8267326732673267,0.8252427184466019,203,310,340.0
1.3.6.1.4.1.14519.5.2.1.6279.6001.243094273518213382155770295147,18,3,150.0,174.0,256.0,0.4424778761061947,0.8613861386138614,0.8284789644012945,203,310,340.0
1.3.6.1.4.1.14519.5.2.1.6279.6001.243094273518213382155770295147,19,3,150.0,172.0,249.0,0.4424778761061947,0.8514851485148515,0.8058252427184466,203,310,340.0
1.3.6.1.4.1.14519.5.2.1.6279.6001.243094273518213382155770295147,20,4,180.0,169.63461303710938,242.15383911132812,0.5309734513274337,0.8397753120648979,0.7836693822373079,203,310,340.0
1.3.6.1.4.1.14519.5.2.1.6279.6001.243094273518213382155770295147,21,4,180.0,169.0,239.0,0.5309734513274337,0.8366336633663366,0.7734627831715211,203,310,340.0
1.3.6.1.4.1.14519.5.2.1.6279.6001.243094273518213382155770295147,22,4,180.0,167.0,244.0,0.5309734513274337,0.8267326732673267,0.7896440129449838,203,310,340.0
1.3.6.1.4.1.14519.5.2.1.6279.6001.243094273518213382155770295147,23,4,180.0,173.0,244.0,0.5309734513274337,0.8564356435643564,0.7896440129449838,203,310,340.0
1.3.6.1.4.1.14519.5.2.1.6279.6001.243094273518213382155770295147,24,4,180.0,170.0,239.0,0.5309734513274337,0.8415841584158416,0.7734627831715211,203,310,340.0
1.3.6.1.4.1.14519.5.2.1.6279.6001.244204120220889433826451158706,0,0,149.0,156.27906799316406,40.069766998291016,0.5889328063241107,0.7406590900149955,0.13009664609834745,212,309,254.0
1.3.6.1.4.1.14519.5.2.1.6279.6001.244204120220889433826451158706,1,0,149.0,156.0,37.0,0.5889328063241107,0.7393364928909952,0.12012987012987013,212,309,254.0
1.3.6.1.4.1.14519.5.2.1.6279.6001.244204120220889433826451158706,2,0,149.0,154.0,42.0,0.5889328063241107,0.7298578199052133,0.13636363636363635,212,309,254.0
1.3.6.1.4.1.14519.5.2.1.6279.6001.244204120220889433826451158706,3,0,149.0,159.0,42.0,0.5889328063241107,0.7535545023696683,0.13636363636363635,212,309,254.0
1.3.6.1.4.1.14519.5.2.1.6279.6001.244204120220889433826451158706,4,0,149.0,157.0,37.0,0.5889328063241107,0.7440758293838863,0.12012987012987013,212,309,254.0
1.3.6.1.4.1.14519.5.2.1.6279.6001.244204120220889433826451158706,5,1,145.0,162.41378784179688,171.72413635253906,0.5731225296442688,0.7697335916672837,0.5575458972485035,212,309,254.0
1.3.6.1.4.1.14519.5.2.1.6279.6001.244204120220889433826451158706,6,1,145.0,162.0,169.0,0.5731225296442688,0.7677725118483413,0.5487012987012987,212,309,254.0
1.3.6.1.4.1.14519.5.2.1.6279.6001.244204120220889433826451158706,7,1,145.0,160.0,172.0,0.5731225296442688,0.7582938388625592,0.5584415584415584,212,309,254.0
1.3.6.1.4.1.14519.5.2.1.6279.6001.244204120220889433826451158706,8,1,145.0,164.0,174.0,0.5731225296442688,0.7772511848341233,0.564935064935065,212,309,254.0
1.3.6.1.4.1.14519.5.2.1.6279.6001.244204120220889433826451158706,9,1,145.0,163.0,169.0,0.5731225296442688,0.7725118483412322,0.5487012987012987,212,309,254.0
1.3.6.1.4.1.14519.5.2.1.6279.6001.244442540088515471945035689377,0,0,143.0,104.5,219.5,0.5,0.538659793814433,0.7981818181818182,195,276,287.0
1.3.6.1.4.1.14519.5.2.1.6279.6001.244442540088515471945035689377,1,0,143.0,104.0,217.0,0.5,0.5360824742268041,0.7890909090909091,195,276,287.0
1.3.6.1.4.1.14519.5.2.1.6279.6001.244442540088515471945035689377,2,0,143.0,102.0,221.0,0.5,0.5257731958762887,0.8036363636363636,195,276,287.0
1.3.6.1.4.1.14519.5.2.1.6279.6001.244442540088515471945035689377,3,0,143.0,107.0,221.0,0.5,0.5515463917525774,0.8036363636363636,195,276,287.0
1.3.6.1.4.1.14519.5.2.1.6279.6001.244442540088515471945035689377,4,0,143.0,105.0,217.0,0.5,0.5412371134020618,0.7890909090909091,195,276,287.0
1.3.6.1.4.1.14519.5.2.1.6279.6001.244447966386688625240438849169,0,0,210.0,161.0,62.5,0.7777777777777778,0.7630331753554502,0.20627062706270627,212,304,271.0
1.3.6.1.4.1.14519.5.2.1.6279.6001.244447966386688625240438849169,1,0,210.0,160.0,61.0,0.7777777777777778,0.7582938388625592,0.20132013201320131,212,304,271.0
1.3.6.1.4.1.14519.5.2.1.6279.6001.244447966386688625240438849169,2,0,210.0,159.0,64.0,0.7777777777777778,0.7535545023696683,0.21122112211221122,212,304,271.0
1.3.6.1.4.1.14519.5.2.1.6279.6001.244447966386688625240438849169,3,0,210.0,163.0,64.0,0.7777777777777778,0.7725118483412322,0.21122112211221122,212,304,271.0
1.3.6.1.4.1.14519.5.2.1.6279.6001.244447966386688625240438849169,4,0,210.0,161.0,60.0,0.7777777777777778,0.7630331753554502,0.19801980198019803,212,304,271.0
1.3.6.1.4.1.14519.5.2.1.6279.6001.244590453955380448651329424024,0,0,124.0,123.0,103.29166412353516,0.4460431654676259,0.5324675324675324,0.3217808851200472,232,322,279.0
1.3.6.1.4.1.14519.5.2.1.6279.6001.244590453955380448651329424024,1,0,124.0,122.0,101.0,0.4460431654676259,0.5281385281385281,0.3146417445482866,232,322,279.0
1.3.6.1.4.1.14519.5.2.1.6279.6001.244590453955380448651329424024,2,0,124.0,121.0,105.0,0.4460431654676259,0.5238095238095238,0.32710280373831774,232,322,279.0
1.3.6.1.4.1.14519.5.2.1.6279.6001.244590453955380448651329424024,3,0,124.0,125.0,105.0,0.4460431654676259,0.5411255411255411,0.32710280373831774,232,322,279.0
1.3.6.1.4.1.14519.5.2.1.6279.6001.244590453955380448651329424024,4,0,124.0,123.0,101.0,0.4460431654676259,0.5324675324675324,0.3146417445482866,232,322,279.0
1.3.6.1.4.1.14519.5.2.1.6279.6001.244681063194071446501270815660,0,0,221.0,129.3274383544922,96.22123718261719,0.7727272727272727,0.6015229690906614,0.30840140122633714,216,313,287.0
1.3.6.1.4.1.14519.5.2.1.6279.6001.244681063194071446501270815660,1,0,221.0,129.0,91.0,0.7727272727272727,0.6,0.2916666666666667,216,313,287.0
1.3.6.1.4.1.14519.5.2.1.6279.6001.244681063194071446501270815660,2,0,221.0,124.0,98.0,0.7727272727272727,0.5767441860465117,0.3141025641025641,216,313,287.0
1.3.6.1.4.1.14519.5.2.1.6279.6001.244681063194071446501270815660,3,0,221.0,133.0,100.0,0.7727272727272727,0.6186046511627907,0.32051282051282054,216,313,287.0
1.3.6.1.4.1.14519.5.2.1.6279.6001.244681063194071446501270815660,4,0,221.0,130.0,91.0,0.7727272727272727,0.6046511627906976,0.2916666666666667,216,313,287.0
1.3.6.1.4.1.14519.5.2.1.6279.6001.245248446973732759194067808002,0,0,157.0,89.5,239.0,0.5322033898305085,0.4837837837837838,0.9018867924528302,186,266,296.0
1.3.6.1.4.1.14519.5.2.1.6279.6001.245248446973732759194067808002,1,0,157.0,89.0,237.0,0.5322033898305085,0.4810810810810811,0.8943396226415095,186,266,296.0
1.3.6.1.4.1.14519.5.2.1.6279.6001.245248446973732759194067808002,2,0,157.0,87.0,240.0,0.5322033898305085,0.4702702702702703,0.9056603773584906,186,266,296.0
1.3.6.1.4.1.14519.5.2.1.6279.6001.245248446973732759194067808002,3,0,157.0,91.0,241.0,0.5322033898305085,0.4918918918918919,0.909433962264151,186,266,296.0
1.3.6.1.4.1.14519.5.2.1.6279.6001.245248446973732759194067808002,4,0,157.0,90.0,237.0,0.5322033898305085,0.4864864864864865,0.8943396226415095,186,266,296.0
1.3.6.1.4.1.14519.5.2.1.6279.6001.245391706475696258069508046497,0,0,155.0,41.346153259277344,254.34616088867188,0.5032467532467533,0.20168855248427972,0.8450038567729963,206,302,309.0
1.3.6.1.4.1.14519.5.2.1.6279.6001.245391706475696258069508046497,1,0,155.0,41.0,252.0,0.5032467532467533,0.2,0.8372093023255814,206,302,309.0
1.3.6.1.4.1.14519.5.2.1.6279.6001.245391706475696258069508046497,2,0,155.0,39.0,255.0,0.5032467532467533,0.1902439024390244,0.8471760797342193,206,302,309.0
1.3.6.1.4.1.14519.5.2.1.6279.6001.245391706475696258069508046497,3,0,155.0,43.0,256.0,0.5032467532467533,0.2097560975609756,0.8504983388704319,206,302,309.0
1.3.6.1.4.1.14519.5.2.1.6279.6001.245391706475696258069508046497,4,0,155.0,42.0,252.0,0.5032467532467533,0.2048780487804878,0.8372093023255814,206,302,309.0
1.3.6.1.4.1.14519.5.2.1.6279.6001.246225645401227472829175288633,0,0,183.0,69.67646789550781,252.58824157714844,0.563076923076923,0.3317927042643229,0.8174376750069529,211,310,326.0
1.3.6.1.4.1.14519.5.2.1.6279.6001.246225645401227472829175288633,1,0,183.0,69.0,250.0,0.563076923076923,0.32857142857142857,0.8090614886731392,211,310,326.0
1.3.6.1.4.1.14519.5.2.1.6279.6001.246225645401227472829175288633,2,0,183.0,67.0,254.0,0.563076923076923,0.319047619047619,0.8220064724919094,211,310,326.0
1.3.6.1.4.1.14519.5.2.1.6279.6001.246225645401227472829175288633,3,0,183.0,72.0,255.0,0.563076923076923,0.34285714285714286,0.8252427184466019,211,310,326.0
1.3.6.1.4.1.14519.5.2.1.6279.6001.246225645401227472829175288633,4,0,183.0,70.0,250.0,0.563076923076923,0.3333333333333333,0.8090614886731392,211,310,326.0
1.3.6.1.4.1.14519.5.2.1.6279.6001.246758220302211646532176593724,0,0,198.0,73.5,218.2857208251953,0.7674418604651163,0.3340909090909091,0.7795918600899833,221,281,259.0
1.3.6.1.4.1.14519.5.2.1.6279.6001.246758220302211646532176593724,1,0,198.0,73.0,217.0,0.7674418604651163,0.33181818181818185,0.775,221,281,259.0
1.3.6.1.4.1.14519.5.2.1.6279.6001.246758220302211646532176593724,2,0,198.0,72.0,219.0,0.7674418604651163,0.32727272727272727,0.7821428571428571,221,281,259.0
1.3.6.1.4.1.14519.5.2.1.6279.6001.246758220302211646532176593724,3,0,198.0,75.0,219.0,0.7674418604651163,0.3409090909090909,0.7821428571428571,221,281,259.0
1.3.6.1.4.1.14519.5.2.1.6279.6001.246758220302211646532176593724,4,0,198.0,74.0,217.0,0.7674418604651163,0.33636363636363636,0.775,221,281,259.0
1.3.6.1.4.1.14519.5.2.1.6279.6001.246758220302211646532176593724,5,1,135.0,94.61538696289062,240.61538696289062,0.5232558139534884,0.43006994074041194,0.8593406677246094,221,281,259.0
1.3.6.1.4.1.14519.5.2.1.6279.6001.246758220302211646532176593724,6,1,135.0,94.0,239.0,0.5232558139534884,0.42727272727272725,0.8535714285714285,221,281,259.0
1.3.6.1.4.1.14519.5.2.1.6279.6001.246758220302211646532176593724,7,1,135.0,93.0,241.0,0.5232558139534884,0.42272727272727273,0.8607142857142858,221,281,259.0
1.3.6.1.4.1.14519.5.2.1.6279.6001.246758220302211646532176593724,8,1,135.0,96.0,242.0,0.5232558139534884,0.43636363636363634,0.8642857142857143,221,281,259.0
1.3.6.1.4.1.14519.5.2.1.6279.6001.246758220302211646532176593724,9,1,135.0,95.0,239.0,0.5232558139534884,0.4318181818181818,0.8535714285714285,221,281,259.0
1.3.6.1.4.1.14519.5.2.1.6279.6001.247060297988514823071467295949,0,0,91.0,188.85714721679688,299.78570556640625,0.30132450331125826,0.7804014347801523,0.8895718266065468,243,338,303.0
1.3.6.1.4.1.14519.5.2.1.6279.6001.247060297988514823071467295949,1,0,91.0,188.0,297.0,0.30132450331125826,0.7768595041322314,0.8813056379821959,243,338,303.0
1.3.6.1.4.1.14519.5.2.1.6279.6001.247060297988514823071467295949,2,0,91.0,187.0,302.0,0.30132450331125826,0.7727272727272727,0.8961424332344213,243,338,303.0
1.3.6.1.4.1.14519.5.2.1.6279.6001.247060297988514823071467295949,3,0,91.0,191.0,301.0,0.30132450331125826,0.7892561983471075,0.8931750741839762,243,338,303.0
1.3.6.1.4.1.14519.5.2.1.6279.6001.247060297988514823071467295949,4,0,91.0,189.0,297.0,0.30132450331125826,0.78099173553719,0.8813056379821959,243,338,303.0
1.3.6.1.4.1.14519.5.2.1.6279.6001.247769845138587733933485039556,0,0,81.0,61.79411697387695,43.088233947753906,0.32926829268292684,0.2734252963445883,0.1385473760377939,227,312,247.0
1.3.6.1.4.1.14519.5.2.1.6279.6001.247769845138587733933485039556,1,0,81.0,61.0,40.0,0.32926829268292684,0.26991150442477874,0.12861736334405144,227,312,247.0
1.3.6.1.4.1.14519.5.2.1.6279.6001.247769845138587733933485039556,2,0,81.0,60.0,45.0,0.32926829268292684,0.26548672566371684,0.14469453376205788,227,312,247.0
1.3.6.1.4.1.14519.5.2.1.6279.6001.247769845138587733933485039556,3,0,81.0,64.0,44.0,0.32926829268292684,0.2831858407079646,0.1414790996784566,227,312,247.0
1.3.6.1.4.1.14519.5.2.1.6279.6001.247769845138587733933485039556,4,0,81.0,62.0,40.0,0.32926829268292684,0.2743362831858407,0.12861736334405144,227,312,247.0
1.3.6.1.4.1.14519.5.2.1.6279.6001.247769845138587733933485039556,5,1,65.0,119.5,291.0,0.26422764227642276,0.5287610619469026,0.9356913183279743,227,312,247.0
1.3.6.1.4.1.14519.5.2.1.6279.6001.247769845138587733933485039556,6,1,65.0,119.0,289.0,0.26422764227642276,0.5265486725663717,0.9292604501607717,227,312,247.0
1.3.6.1.4.1.14519.5.2.1.6279.6001.247769845138587733933485039556,7,1,65.0,117.0,292.0,0.26422764227642276,0.5176991150442478,0.9389067524115756,227,312,247.0
1.3.6.1.4.1.14519.5.2.1.6279.6001.247769845138587733933485039556,8,1,65.0,121.0,293.0,0.26422764227642276,0.5353982300884956,0.9421221864951769,227,312,247.0
1.3.6.1.4.1.14519.5.2.1.6279.6001.247769845138587733933485039556,9,1,65.0,120.0,289.0,0.26422764227642276,0.5309734513274337,0.9292604501607717,227,312,247.0
1.3.6.1.4.1.14519.5.2.1.6279.6001.247769845138587733933485039556,10,2,89.0,62.818180084228516,31.18181800842285,0.3617886178861789,0.2779565490452589,0.10026308041293522,227,312,247.0
1.3.6.1.4.1.14519.5.2.1.6279.6001.247769845138587733933485039556,11,2,89.0,62.0,30.0,0.3617886178861789,0.2743362831858407,0.09646302250803858,227,312,247.0
1.3.6.1.4.1.14519.5.2.1.6279.6001.247769845138587733933485039556,12,2,89.0,62.0,32.0,0.3617886178861789,0.2743362831858407,0.10289389067524116,227,312,247.0
1.3.6.1.4.1.14519.5.2.1.6279.6001.247769845138587733933485039556,13,2,89.0,64.0,32.0,0.3617886178861789,0.2831858407079646,0.10289389067524116,227,312,247.0
1.3.6.1.4.1.14519.5.2.1.6279.6001.247769845138587733933485039556,14,2,89.0,63.0,30.0,0.3617886178861789,0.27876106194690264,0.09646302250803858,227,312,247.0
1.3.6.1.4.1.14519.5.2.1.6279.6001.247816269490470394602288565775,0,0,163.0,80.8671875,192.796875,0.6150943396226415,0.37095040137614677,0.7711875,219,251,266.0
1.3.6.1.4.1.14519.5.2.1.6279.6001.247816269490470394602288565775,1,0,163.0,80.0,187.0,0.6150943396226415,0.3669724770642202,0.748,219,251,266.0
1.3.6.1.4.1.14519.5.2.1.6279.6001.247816269490470394602288565775,2,0,163.0,76.0,196.0,0.6150943396226415,0.3486238532110092,0.784,219,251,266.0
1.3.6.1.4.1.14519.5.2.1.6279.6001.247816269490470394602288565775,3,0,163.0,86.0,195.0,0.6150943396226415,0.3944954128440367,0.78,219,251,266.0
1.3.6.1.4.1.14519.5.2.1.6279.6001.247816269490470394602288565775,4,0,163.0,81.0,187.0,0.6150943396226415,0.37155963302752293,0.748,219,251,266.0
1.3.6.1.4.1.14519.5.2.1.6279.6001.247816269490470394602288565775,5,1,230.0,168.5,84.5,0.8679245283018868,0.7729357798165137,0.338,219,251,266.0
1.3.6.1.4.1.14519.5.2.1.6279.6001.247816269490470394602288565775,6,1,230.0,168.0,83.0,0.8679245283018868,0.7706422018348624,0.332,219,251,266.0
1.3.6.1.4.1.14519.5.2.1.6279.6001.247816269490470394602288565775,7,1,230.0,167.0,85.0,0.8679245283018868,0.7660550458715596,0.34,219,251,266.0
1.3.6.1.4.1.14519.5.2.1.6279.6001.247816269490470394602288565775,8,1,230.0,170.0,86.0,0.8679245283018868,0.7798165137614679,0.344,219,251,266.0
1.3.6.1.4.1.14519.5.2.1.6279.6001.247816269490470394602288565775,9,1,230.0,169.0,83.0,0.8679245283018868,0.7752293577981652,0.332,219,251,266.0
1.3.6.1.4.1.14519.5.2.1.6279.6001.248357157975955379661896491341,0,0,119.0,101.5,233.5,0.42805755395683454,0.5734463276836158,0.8309608540925267,178,282,279.0
1.3.6.1.4.1.14519.5.2.1.6279.6001.248357157975955379661896491341,1,0,119.0,101.0,231.0,0.42805755395683454,0.5706214689265536,0.8220640569395018,178,282,279.0
1.3.6.1.4.1.14519.5.2.1.6279.6001.248357157975955379661896491341,2,0,119.0,99.0,235.0,0.42805755395683454,0.559322033898305,0.8362989323843416,178,282,279.0
1.3.6.1.4.1.14519.5.2.1.6279.6001.248357157975955379661896491341,3,0,119.0,104.0,235.0,0.42805755395683454,0.5875706214689266,0.8362989323843416,178,282,279.0
1.3.6.1.4.1.14519.5.2.1.6279.6001.248357157975955379661896491341,4,0,119.0,102.0,231.0,0.42805755395683454,0.576271186440678,0.8220640569395018,178,282,279.0
1.3.6.1.4.1.14519.5.2.1.6279.6001.249032660919473722154870746474,0,0,213.0,188.0,97.5,0.6339285714285714,0.8506787330316742,0.3135048231511254,222,312,337.0
1.3.6.1.4.1.14519.5.2.1.6279.6001.249032660919473722154870746474,1,0,213.0,187.0,96.0,0.6339285714285714,0.8461538461538461,0.3086816720257235,222,312,337.0
1.3.6.1.4.1.14519.5.2.1.6279.6001.249032660919473722154870746474,2,0,213.0,187.0,99.0,0.6339285714285714,0.8461538461538461,0.3183279742765273,222,312,337.0
1.3.6.1.4.1.14519.5.2.1.6279.6001.249032660919473722154870746474,3,0,213.0,190.0,98.0,0.6339285714285714,0.8597285067873304,0.31511254019292606,222,312,337.0
1.3.6.1.4.1.14519.5.2.1.6279.6001.249032660919473722154870746474,4,0,213.0,188.0,96.0,0.6339285714285714,0.8506787330316742,0.3086816720257235,222,312,337.0
1.3.6.1.4.1.14519.5.2.1.6279.6001.249314567767437206995861966896,0,0,52.0,174.8783721923828,191.44595336914062,0.18772563176895307,0.8572469225116804,0.6155818436306773,205,312,278.0
1.3.6.1.4.1.14519.5.2.1.6279.6001.249314567767437206995861966896,1,0,52.0,174.0,184.0,0.18772563176895307,0.8529411764705882,0.5916398713826366,205,312,278.0
1.3.6.1.4.1.14519.5.2.1.6279.6001.249314567767437206995861966896,2,0,52.0,168.0,196.0,0.18772563176895307,0.8235294117647058,0.6302250803858521,205,312,278.0
1.3.6.1.4.1.14519.5.2.1.6279.6001.249314567767437206995861966896,3,0,52.0,182.0,195.0,0.18772563176895307,0.8921568627450981,0.6270096463022508,205,312,278.0
1.3.6.1.4.1.14519.5.2.1.6279.6001.249314567767437206995861966896,4,0,52.0,175.0,184.0,0.18772563176895307,0.8578431372549019,0.5916398713826366,205,312,278.0
1.3.6.1.4.1.14519.5.2.1.6279.6001.249314567767437206995861966896,5,1,239.0,97.80165100097656,229.0,0.8628158844765343,0.47941985784792435,0.7363344051446945,205,312,278.0
1.3.6.1.4.1.14519.5.2.1.6279.6001.249314567767437206995861966896,6,1,239.0,97.0,223.0,0.8628158844765343,0.47549019607843135,0.7170418006430869,205,312,278.0
1.3.6.1.4.1.14519.5.2.1.6279.6001.249314567767437206995861966896,7,1,239.0,93.0,232.0,0.8628158844765343,0.45588235294117646,0.7459807073954984,205,312,278.0
1.3.6.1.4.1.14519.5.2.1.6279.6001.249314567767437206995861966896,8,1,239.0,103.0,232.0,0.8628158844765343,0.5049019607843137,0.7459807073954984,205,312,278.0
1.3.6.1.4.1.14519.5.2.1.6279.6001.249314567767437206995861966896,9,1,239.0,98.0,223.0,0.8628158844765343,0.4803921568627451,0.7170418006430869,205,312,278.0
1.3.6.1.4.1.14519.5.2.1.6279.6001.249404938669582150398726875826,0,0,150.0,118.39215850830078,268.0,0.5016722408026756,0.5949354698909587,0.8933333333333333,200,301,300.0
1.3.6.1.4.1.14519.5.2.1.6279.6001.249404938669582150398726875826,1,0,150.0,118.0,263.0,0.5016722408026756,0.592964824120603,0.8766666666666667,200,301,300.0
1.3.6.1.4.1.14519.5.2.1.6279.6001.249404938669582150398726875826,2,0,150.0,114.0,270.0,0.5016722408026756,0.5728643216080402,0.9,200,301,300.0
1.3.6.1.4.1.14519.5.2.1.6279.6001.249404938669582150398726875826,3,0,150.0,123.0,271.0,0.5016722408026756,0.6180904522613065,0.9033333333333333,200,301,300.0
1.3.6.1.4.1.14519.5.2.1.6279.6001.249404938669582150398726875826,4,0,150.0,119.0,263.0,0.5016722408026756,0.5979899497487438,0.8766666666666667,200,301,300.0
1.3.6.1.4.1.14519.5.2.1.6279.6001.249404938669582150398726875826,5,1,41.0,151.25,199.39999389648438,0.13712374581939799,0.7600502512562815,0.6646666463216145,200,301,300.0
1.3.6.1.4.1.14519.5.2.1.6279.6001.249404938669582150398726875826,6,1,41.0,151.0,196.0,0.13712374581939799,0.7587939698492462,0.6533333333333333,200,301,300.0
1.3.6.1.4.1.14519.5.2.1.6279.6001.249404938669582150398726875826,7,1,41.0,148.0,201.0,0.13712374581939799,0.7437185929648241,0.67,200,301,300.0
1.3.6.1.4.1.14519.5.2.1.6279.6001.249404938669582150398726875826,8,1,41.0,154.0,202.0,0.13712374581939799,0.7738693467336684,0.6733333333333333,200,301,300.0
1.3.6.1.4.1.14519.5.2.1.6279.6001.249404938669582150398726875826,9,1,41.0,152.0,196.0,0.13712374581939799,0.7638190954773869,0.6533333333333333,200,301,300.0
1.3.6.1.4.1.14519.5.2.1.6279.6001.249404938669582150398726875826,10,2,143.0,170.5660400390625,216.4528350830078,0.4782608695652174,0.8571157790907663,0.7215094502766927,200,301,300.0
1.3.6.1.4.1.14519.5.2.1.6279.6001.249404938669582150398726875826,11,2,143.0,170.0,213.0,0.4782608695652174,0.8542713567839196,0.71,200,301,300.0
1.3.6.1.4.1.14519.5.2.1.6279.6001.249404938669582150398726875826,12,2,143.0,167.0,218.0,0.4782608695652174,0.8391959798994975,0.7266666666666667,200,301,300.0
1.3.6.1.4.1.14519.5.2.1.6279.6001.249404938669582150398726875826,13,2,143.0,174.0,218.0,0.4782608695652174,0.8743718592964824,0.7266666666666667,200,301,300.0
1.3.6.1.4.1.14519.5.2.1.6279.6001.249404938669582150398726875826,14,2,143.0,171.0,213.0,0.4782608695652174,0.8592964824120602,0.71,200,301,300.0
1.3.6.1.4.1.14519.5.2.1.6279.6001.249404938669582150398726875826,15,3,39.0,161.7567596435547,55.75675582885742,0.13043478260869565,0.8128480384098226,0.18585585276285807,200,301,300.0
1.3.6.1.4.1.14519.5.2.1.6279.6001.249404938669582150398726875826,16,3,39.0,161.0,53.0,0.13043478260869565,0.8090452261306532,0.17666666666666667,200,301,300.0
1.3.6.1.4.1.14519.5.2.1.6279.6001.249404938669582150398726875826,17,3,39.0,159.0,57.0,0.13043478260869565,0.7989949748743719,0.19,200,301,300.0
1.3.6.1.4.1.14519.5.2.1.6279.6001.249404938669582150398726875826,18,3,39.0,164.0,58.0,0.13043478260869565,0.8241206030150754,0.19333333333333333,200,301,300.0
1.3.6.1.4.1.14519.5.2.1.6279.6001.249404938669582150398726875826,19,3,39.0,162.0,53.0,0.13043478260869565,0.8140703517587939,0.17666666666666667,200,301,300.0
1.3.6.1.4.1.14519.5.2.1.6279.6001.249450003033735700817635168066,0,0,103.0,95.81578826904297,24.3157901763916,0.33225806451612905,0.4814863732112712,0.09175769877883623,200,266,311.0
1.3.6.1.4.1.14519.5.2.1.6279.6001.249450003033735700817635168066,1,0,103.0,95.0,21.0,0.33225806451612905,0.47738693467336685,0.07924528301886792,200,266,311.0
1.3.6.1.4.1.14519.5.2.1.6279.6001.249450003033735700817635168066,2,0,103.0,93.0,26.0,0.33225806451612905,0.46733668341708545,0.09811320754716982,200,266,311.0
1.3.6.1.4.1.14519.5.2.1.6279.6001.249450003033735700817635168066,3,0,103.0,98.0,26.0,0.33225806451612905,0.49246231155778897,0.09811320754716982,200,266,311.0
1.3.6.1.4.1.14519.5.2.1.6279.6001.249450003033735700817635168066,4,0,103.0,96.0,21.0,0.33225806451612905,0.4824120603015075,0.07924528301886792,200,266,311.0
1.3.6.1.4.1.14519.5.2.1.6279.6001.249450003033735700817635168066,5,1,76.0,138.5,235.27272033691406,0.24516129032258063,0.6959798994974874,0.8878215861770342,200,266,311.0
1.3.6.1.4.1.14519.5.2.1.6279.6001.249450003033735700817635168066,6,1,76.0,138.0,233.0,0.24516129032258063,0.6934673366834171,0.879245283018868,200,266,311.0
1.3.6.1.4.1.14519.5.2.1.6279.6001.249450003033735700817635168066,7,1,76.0,136.0,236.0,0.24516129032258063,0.6834170854271356,0.8905660377358491,200,266,311.0
1.3.6.1.4.1.14519.5.2.1.6279.6001.249450003033735700817635168066,8,1,76.0,140.0,237.0,0.24516129032258063,0.7035175879396985,0.8943396226415095,200,266,311.0
1.3.6.1.4.1.14519.5.2.1.6279.6001.249450003033735700817635168066,9,1,76.0,139.0,233.0,0.24516129032258063,0.6984924623115578,0.879245283018868,200,266,311.0
1.3.6.1.4.1.14519.5.2.1.6279.6001.249450003033735700817635168066,10,2,99.0,162.0,226.0,0.3193548387096774,0.8140703517587939,0.8528301886792453,200,266,311.0
1.3.6.1.4.1.14519.5.2.1.6279.6001.249450003033735700817635168066,11,2,99.0,161.0,224.0,0.3193548387096774,0.8090452261306532,0.8452830188679246,200,266,311.0
1.3.6.1.4.1.14519.5.2.1.6279.6001.249450003033735700817635168066,12,2,99.0,160.0,227.0,0.3193548387096774,0.8040201005025126,0.8566037735849057,200,266,311.0
1.3.6.1.4.1.14519.5.2.1.6279.6001.249450003033735700817635168066,13,2,99.0,164.0,227.0,0.3193548387096774,0.8241206030150754,0.8566037735849057,200,266,311.0
1.3.6.1.4.1.14519.5.2.1.6279.6001.249450003033735700817635168066,14,2,99.0,162.0,224.0,0.3193548387096774,0.8140703517587939,0.8452830188679246,200,266,311.0
1.3.6.1.4.1.14519.5.2.1.6279.6001.249450003033735700817635168066,15,3,86.0,80.88235473632812,235.58824157714844,0.27741935483870966,0.4064439936498901,0.8890122323665979,200,266,311.0
1.3.6.1.4.1.14519.5.2.1.6279.6001.249450003033735700817635168066,16,3,86.0,80.0,234.0,0.27741935483870966,0.4020100502512563,0.8830188679245283,200,266,311.0
1.3.6.1.4.1.14519.5.2.1.6279.6001.249450003033735700817635168066,17,3,86.0,79.0,237.0,0.27741935483870966,0.3969849246231156,0.8943396226415095,200,266,311.0
1.3.6.1.4.1.14519.5.2.1.6279.6001.249450003033735700817635168066,18,3,86.0,82.0,237.0,0.27741935483870966,0.4120603015075377,0.8943396226415095,200,266,311.0
1.3.6.1.4.1.14519.5.2.1.6279.6001.249450003033735700817635168066,19,3,86.0,81.0,234.0,0.27741935483870966,0.40703517587939697,0.8830188679245283,200,266,311.0
1.3.6.1.4.1.14519.5.2.1.6279.6001.249530219848512542668813996730,0,0,60.0,139.83871459960938,266.2043151855469,0.2,0.6854838950961244,0.864299724628399,205,309,301.0
1.3.6.1.4.1.14519.5.2.1.6279.6001.249530219848512542668813996730,1,0,60.0,139.0,261.0,0.2,0.6813725490196079,0.8474025974025974,205,309,301.0
1.3.6.1.4.1.14519.5.2.1.6279.6001.249530219848512542668813996730,2,0,60.0,136.0,269.0,0.2,0.6666666666666666,0.8733766233766234,205,309,301.0
1.3.6.1.4.1.14519.5.2.1.6279.6001.249530219848512542668813996730,3,0,60.0,144.0,269.0,0.2,0.7058823529411765,0.8733766233766234,205,309,301.0
1.3.6.1.4.1.14519.5.2.1.6279.6001.249530219848512542668813996730,4,0,60.0,140.0,261.0,0.2,0.6862745098039216,0.8474025974025974,205,309,301.0
1.3.6.1.4.1.14519.5.2.1.6279.6001.249530219848512542668813996730,5,1,81.0,107.72413635253906,287.5862121582031,0.27,0.5280594919242111,0.933721468046114,205,309,301.0
1.3.6.1.4.1.14519.5.2.1.6279.6001.249530219848512542668813996730,6,1,81.0,107.0,285.0,0.27,0.5245098039215687,0.9253246753246753,205,309,301.0
1.3.6.1.4.1.14519.5.2.1.6279.6001.249530219848512542668813996730,7,1,81.0,106.0,289.0,0.27,0.5196078431372549,0.9383116883116883,205,309,301.0
1.3.6.1.4.1.14519.5.2.1.6279.6001.249530219848512542668813996730,8,1,81.0,110.0,289.0,0.27,0.5392156862745098,0.9383116883116883,205,309,301.0
1.3.6.1.4.1.14519.5.2.1.6279.6001.249530219848512542668813996730,9,1,81.0,108.0,285.0,0.27,0.5294117647058824,0.9253246753246753,205,309,301.0
1.3.6.1.4.1.14519.5.2.1.6279.6001.249530219848512542668813996730,10,2,154.0,112.0,43.0,0.5133333333333333,0.5490196078431373,0.1396103896103896,205,309,301.0
1.3.6.1.4.1.14519.5.2.1.6279.6001.249530219848512542668813996730,11,2,154.0,111.0,41.0,0.5133333333333333,0.5441176470588235,0.1331168831168831,205,309,301.0
1.3.6.1.4.1.14519.5.2.1.6279.6001.249530219848512542668813996730,12,2,154.0,110.0,44.0,0.5133333333333333,0.5392156862745098,0.14285714285714285,205,309,301.0
1.3.6.1.4.1.14519.5.2.1.6279.6001.249530219848512542668813996730,13,2,154.0,114.0,44.0,0.5133333333333333,0.5588235294117647,0.14285714285714285,205,309,301.0
1.3.6.1.4.1.14519.5.2.1.6279.6001.249530219848512542668813996730,14,2,154.0,112.0,41.0,0.5133333333333333,0.5490196078431373,0.1331168831168831,205,309,301.0
1.3.6.1.4.1.14519.5.2.1.6279.6001.250397690690072950000431855143,0,0,123.0,173.1875,106.30208587646484,0.4212328767123288,0.8573638613861386,0.35316307600154434,203,302,293.0
1.3.6.1.4.1.14519.5.2.1.6279.6001.250397690690072950000431855143,1,0,123.0,173.0,101.0,0.4212328767123288,0.8564356435643564,0.33554817275747506,203,302,293.0
1.3.6.1.4.1.14519.5.2.1.6279.6001.250397690690072950000431855143,2,0,123.0,168.0,108.0,0.4212328767123288,0.8316831683168316,0.3588039867109635,203,302,293.0
1.3.6.1.4.1.14519.5.2.1.6279.6001.250397690690072950000431855143,3,0,123.0,177.0,110.0,0.4212328767123288,0.8762376237623762,0.3654485049833887,203,302,293.0
1.3.6.1.4.1.14519.5.2.1.6279.6001.250397690690072950000431855143,4,0,123.0,174.0,101.0,0.4212328767123288,0.8613861386138614,0.33554817275747506,203,302,293.0
1.3.6.1.4.1.14519.5.2.1.6279.6001.250397690690072950000431855143,5,1,125.0,32.54929733276367,232.84507751464844,0.4280821917808219,0.16113513531071125,0.7735716860951776,203,302,293.0
1.3.6.1.4.1.14519.5.2.1.6279.6001.250397690690072950000431855143,6,1,125.0,32.0,229.0,0.4280821917808219,0.15841584158415842,0.760797342192691,203,302,293.0
1.3.6.1.4.1.14519.5.2.1.6279.6001.250397690690072950000431855143,7,1,125.0,29.0,235.0,0.4280821917808219,0.14356435643564355,0.7807308970099668,203,302,293.0
1.3.6.1.4.1.14519.5.2.1.6279.6001.250397690690072950000431855143,8,1,125.0,36.0,235.0,0.4280821917808219,0.1782178217821782,0.7807308970099668,203,302,293.0
1.3.6.1.4.1.14519.5.2.1.6279.6001.250397690690072950000431855143,9,1,125.0,33.0,229.0,0.4280821917808219,0.16336633663366337,0.760797342192691,203,302,293.0
1.3.6.1.4.1.14519.5.2.1.6279.6001.250397690690072950000431855143,10,2,157.0,58.5,231.86207580566406,0.5376712328767124,0.2896039603960396,0.7703058996865916,203,302,293.0
1.3.6.1.4.1.14519.5.2.1.6279.6001.250397690690072950000431855143,11,2,157.0,58.0,228.0,0.5376712328767124,0.2871287128712871,0.7574750830564784,203,302,293.0
1.3.6.1.4.1.14519.5.2.1.6279.6001.250397690690072950000431855143,12,2,157.0,55.0,234.0,0.5376712328767124,0.2722772277227723,0.7774086378737541,203,302,293.0
1.3.6.1.4.1.14519.5.2.1.6279.6001.250397690690072950000431855143,13,2,157.0,62.0,234.0,0.5376712328767124,0.3069306930693069,0.7774086378737541,203,302,293.0
1.3.6.1.4.1.14519.5.2.1.6279.6001.250397690690072950000431855143,14,2,157.0,59.0,228.0,0.5376712328767124,0.29207920792079206,0.7574750830564784,203,302,293.0
1.3.6.1.4.1.14519.5.2.1.6279.6001.250397690690072950000431855143,15,3,140.0,81.31111145019531,259.022216796875,0.4794520547945205,0.4025302547039372,0.8605389262354651,203,302,293.0
1.3.6.1.4.1.14519.5.2.1.6279.6001.250397690690072950000431855143,16,3,140.0,81.0,256.0,0.4794520547945205,0.400990099009901,0.8504983388704319,203,302,293.0
1.3.6.1.4.1.14519.5.2.1.6279.6001.250397690690072950000431855143,17,3,140.0,78.0,260.0,0.4794520547945205,0.38613861386138615,0.8637873754152824,203,302,293.0
1.3.6.1.4.1.14519.5.2.1.6279.6001.250397690690072950000431855143,18,3,140.0,83.0,262.0,0.4794520547945205,0.41089108910891087,0.8704318936877077,203,302,293.0
1.3.6.1.4.1.14519.5.2.1.6279.6001.250397690690072950000431855143,19,3,140.0,82.0,256.0,0.4794520547945205,0.40594059405940597,0.8504983388704319,203,302,293.0
1.3.6.1.4.1.14519.5.2.1.6279.6001.250397690690072950000431855143,20,4,150.0,40.63333511352539,76.36666870117188,0.5136986301369864,0.20115512432438312,0.25370986279459096,203,302,293.0
1.3.6.1.4.1.14519.5.2.1.6279.6001.250397690690072950000431855143,21,4,150.0,40.0,74.0,0.5136986301369864,0.19801980198019803,0.24584717607973422,203,302,293.0
1.3.6.1.4.1.14519.5.2.1.6279.6001.250397690690072950000431855143,22,4,150.0,38.0,77.0,0.5136986301369864,0.18811881188118812,0.2558139534883721,203,302,293.0
1.3.6.1.4.1.14519.5.2.1.6279.6001.250397690690072950000431855143,23,4,150.0,43.0,78.0,0.5136986301369864,0.21287128712871287,0.2591362126245847,203,302,293.0
1.3.6.1.4.1.14519.5.2.1.6279.6001.250397690690072950000431855143,24,4,150.0,41.0,74.0,0.5136986301369864,0.20297029702970298,0.24584717607973422,203,302,293.0
1.3.6.1.4.1.14519.5.2.1.6279.6001.250397690690072950000431855143,25,5,173.0,87.0,252.0,0.5924657534246576,0.4306930693069307,0.8372093023255814,203,302,293.0
1.3.6.1.4.1.14519.5.2.1.6279.6001.250397690690072950000431855143,26,5,173.0,86.0,250.0,0.5924657534246576,0.42574257425742573,0.8305647840531561,203,302,293.0
1.3.6.1.4.1.14519.5.2.1.6279.6001.250397690690072950000431855143,27,5,173.0,85.0,253.0,0.5924657534246576,0.4207920792079208,0.840531561461794,203,302,293.0
1.3.6.1.4.1.14519.5.2.1.6279.6001.250397690690072950000431855143,28,5,173.0,89.0,253.0,0.5924657534246576,0.4405940594059406,0.840531561461794,203,302,293.0
1.3.6.1.4.1.14519.5.2.1.6279.6001.250397690690072950000431855143,29,5,173.0,87.0,250.0,0.5924657534246576,0.4306930693069307,0.8305647840531561,203,302,293.0
1.3.6.1.4.1.14519.5.2.1.6279.6001.250481236093201801255751845296,0,0,125.0,218.38461303710938,229.38461303710938,0.4355400696864111,0.9061602200709933,0.6993433324302115,242,329,288.0
1.3.6.1.4.1.14519.5.2.1.6279.6001.250481236093201801255751845296,1,0,125.0,218.0,228.0,0.4355400696864111,0.9045643153526971,0.6951219512195121,242,329,288.0
1.3.6.1.4.1.14519.5.2.1.6279.6001.250481236093201801255751845296,2,0,125.0,217.0,229.0,0.4355400696864111,0.9004149377593361,0.698170731707317,242,329,288.0
1.3.6.1.4.1.14519.5.2.1.6279.6001.250481236093201801255751845296,3,0,125.0,219.0,231.0,0.4355400696864111,0.9087136929460581,0.7042682926829268,242,329,288.0
1.3.6.1.4.1.14519.5.2.1.6279.6001.250481236093201801255751845296,4,0,125.0,219.0,228.0,0.4355400696864111,0.9087136929460581,0.6951219512195121,242,329,288.0
1.3.6.1.4.1.14519.5.2.1.6279.6001.250863365157630276148828903732,0,0,208.0,78.875,85.5,0.6709677419354839,0.3328059071729958,0.25987841945288753,238,330,311.0
1.3.6.1.4.1.14519.5.2.1.6279.6001.250863365157630276148828903732,1,0,208.0,78.0,81.0,0.6709677419354839,0.3291139240506329,0.24620060790273557,238,330,311.0
1.3.6.1.4.1.14519.5.2.1.6279.6001.250863365157630276148828903732,2,0,208.0,75.0,88.0,0.6709677419354839,0.31645569620253167,0.2674772036474164,238,330,311.0
1.3.6.1.4.1.14519.5.2.1.6279.6001.250863365157630276148828903732,3,0,208.0,83.0,88.0,0.6709677419354839,0.350210970464135,0.2674772036474164,238,330,311.0
1.3.6.1.4.1.14519.5.2.1.6279.6001.250863365157630276148828903732,4,0,208.0,79.0,81.0,0.6709677419354839,0.3333333333333333,0.24620060790273557,238,330,311.0
1.3.6.1.4.1.14519.5.2.1.6279.6001.251215764736737018371915284679,0,0,73.0,64.5,75.20930480957031,0.2302839116719243,0.29318181818181815,0.2372533274749852,221,318,318.0
1.3.6.1.4.1.14519.5.2.1.6279.6001.251215764736737018371915284679,1,0,73.0,64.0,68.0,0.2302839116719243,0.2909090909090909,0.21451104100946372,221,318,318.0
1.3.6.1.4.1.14519.5.2.1.6279.6001.251215764736737018371915284679,2,0,73.0,59.0,79.0,0.2302839116719243,0.2681818181818182,0.24921135646687698,221,318,318.0
1.3.6.1.4.1.14519.5.2.1.6279.6001.251215764736737018371915284679,3,0,73.0,70.0,79.0,0.2302839116719243,0.3181818181818182,0.24921135646687698,221,318,318.0
1.3.6.1.4.1.14519.5.2.1.6279.6001.251215764736737018371915284679,4,0,73.0,65.0,68.0,0.2302839116719243,0.29545454545454547,0.21451104100946372,221,318,318.0
1.3.6.1.4.1.14519.5.2.1.6279.6001.252358625003143649770119512644,0,0,141.0,114.0,37.75609588623047,0.47315436241610737,0.5205479452054794,0.12543553450574907,220,302,299.0
1.3.6.1.4.1.14519.5.2.1.6279.6001.252358625003143649770119512644,1,0,141.0,113.0,35.0,0.47315436241610737,0.5159817351598174,0.11627906976744186,220,302,299.0
1.3.6.1.4.1.14519.5.2.1.6279.6001.252358625003143649770119512644,2,0,141.0,111.0,39.0,0.47315436241610737,0.5068493150684932,0.12956810631229235,220,302,299.0
1.3.6.1.4.1.14519.5.2.1.6279.6001.252358625003143649770119512644,3,0,141.0,117.0,39.0,0.47315436241610737,0.5342465753424658,0.12956810631229235,220,302,299.0
1.3.6.1.4.1.14519.5.2.1.6279.6001.252358625003143649770119512644,4,0,141.0,114.0,35.0,0.47315436241610737,0.5205479452054794,0.11627906976744186,220,302,299.0
1.3.6.1.4.1.14519.5.2.1.6279.6001.252634638822000832774167856951,0,0,154.0,159.14381408691406,188.899658203125,0.6184738955823293,0.8332136863189218,0.7155290083451704,192,265,250.0
1.3.6.1.4.1.14519.5.2.1.6279.6001.252634638822000832774167856951,1,0,154.0,159.0,180.0,0.6184738955823293,0.8324607329842932,0.6818181818181818,192,265,250.0
1.3.6.1.4.1.14519.5.2.1.6279.6001.252634638822000832774167856951,2,0,154.0,151.0,193.0,0.6184738955823293,0.7905759162303665,0.7310606060606061,192,265,250.0
1.3.6.1.4.1.14519.5.2.1.6279.6001.252634638822000832774167856951,3,0,154.0,167.0,194.0,0.6184738955823293,0.8743455497382199,0.7348484848484849,192,265,250.0
1.3.6.1.4.1.14519.5.2.1.6279.6001.252634638822000832774167856951,4,0,154.0,160.0,180.0,0.6184738955823293,0.837696335078534,0.6818181818181818,192,265,250.0
1.3.6.1.4.1.14519.5.2.1.6279.6001.252697338970999211181671881792,0,0,111.0,173.75,49.75,0.4977578475336323,0.8119158878504673,0.1802536231884058,215,277,224.0
1.3.6.1.4.1.14519.5.2.1.6279.6001.252697338970999211181671881792,1,0,111.0,173.0,48.0,0.4977578475336323,0.8084112149532711,0.17391304347826086,215,277,224.0
1.3.6.1.4.1.14519.5.2.1.6279.6001.252697338970999211181671881792,2,0,111.0,172.0,50.0,0.4977578475336323,0.8037383177570093,0.18115942028985507,215,277,224.0
1.3.6.1.4.1.14519.5.2.1.6279.6001.252697338970999211181671881792,3,0,111.0,175.0,51.0,0.4977578475336323,0.8177570093457944,0.18478260869565216,215,277,224.0
1.3.6.1.4.1.14519.5.2.1.6279.6001.252697338970999211181671881792,4,0,111.0,174.0,48.0,0.4977578475336323,0.8130841121495327,0.17391304347826086,215,277,224.0
1.3.6.1.4.1.14519.5.2.1.6279.6001.252814707117018427472206147014,0,0,148.0,74.22222137451172,37.703704833984375,0.4525993883792049,0.34046890538766844,0.11856510954083137,219,319,328.0
1.3.6.1.4.1.14519.5.2.1.6279.6001.252814707117018427472206147014,1,0,148.0,74.0,35.0,0.4525993883792049,0.3394495412844037,0.11006289308176101,219,319,328.0
1.3.6.1.4.1.14519.5.2.1.6279.6001.252814707117018427472206147014,2,0,148.0,72.0,38.0,0.4525993883792049,0.3302752293577982,0.11949685534591195,219,319,328.0
1.3.6.1.4.1.14519.5.2.1.6279.6001.252814707117018427472206147014,3,0,148.0,76.0,40.0,0.4525993883792049,0.3486238532110092,0.12578616352201258,219,319,328.0
1.3.6.1.4.1.14519.5.2.1.6279.6001.252814707117018427472206147014,4,0,148.0,75.0,35.0,0.4525993883792049,0.3440366972477064,0.11006289308176101,219,319,328.0
1.3.6.1.4.1.14519.5.2.1.6279.6001.252814707117018427472206147014,5,1,107.0,177.25,206.25,0.327217125382263,0.8130733944954128,0.6485849056603774,219,319,328.0
1.3.6.1.4.1.14519.5.2.1.6279.6001.252814707117018427472206147014,6,1,107.0,177.0,204.0,0.327217125382263,0.8119266055045872,0.6415094339622641,219,319,328.0
1.3.6.1.4.1.14519.5.2.1.6279.6001.252814707117018427472206147014,7,1,107.0,175.0,207.0,0.327217125382263,0.8027522935779816,0.6509433962264151,219,319,328.0
1.3.6.1.4.1.14519.5.2.1.6279.6001.252814707117018427472206147014,8,1,107.0,179.0,208.0,0.327217125382263,0.8211009174311926,0.6540880503144654,219,319,328.0
1.3.6.1.4.1.14519.5.2.1.6279.6001.252814707117018427472206147014,9,1,107.0,178.0,204.0,0.327217125382263,0.8165137614678899,0.6415094339622641,219,319,328.0
1.3.6.1.4.1.14519.5.2.1.6279.6001.253322967203074795232627653819,0,0,233.0,112.14286041259766,233.7857208251953,0.8472727272727273,0.5579246786696401,0.8501298939098011,202,276,276.0
1.3.6.1.4.1.14519.5.2.1.6279.6001.253322967203074795232627653819,1,0,233.0,112.0,231.0,0.8472727272727273,0.5572139303482587,0.84,202,276,276.0
1.3.6.1.4.1.14519.5.2.1.6279.6001.253322967203074795232627653819,2,0,233.0,110.0,235.0,0.8472727272727273,0.5472636815920398,0.8545454545454545,202,276,276.0
1.3.6.1.4.1.14519.5.2.1.6279.6001.253322967203074795232627653819,3,0,233.0,114.0,236.0,0.8472727272727273,0.5671641791044776,0.8581818181818182,202,276,276.0
1.3.6.1.4.1.14519.5.2.1.6279.6001.253322967203074795232627653819,4,0,233.0,113.0,231.0,0.8472727272727273,0.5621890547263682,0.84,202,276,276.0
1.3.6.1.4.1.14519.5.2.1.6279.6001.253322967203074795232627653819,5,1,96.0,26.882352828979492,73.4117660522461,0.3490909090909091,0.13374304890039548,0.2669518765536222,202,276,276.0
1.3.6.1.4.1.14519.5.2.1.6279.6001.253322967203074795232627653819,6,1,96.0,26.0,72.0,0.3490909090909091,0.12935323383084577,0.26181818181818184,202,276,276.0
1.3.6.1.4.1.14519.5.2.1.6279.6001.253322967203074795232627653819,7,1,96.0,25.0,74.0,0.3490909090909091,0.12437810945273632,0.2690909090909091,202,276,276.0
1.3.6.1.4.1.14519.5.2.1.6279.6001.253322967203074795232627653819,8,1,96.0,28.0,75.0,0.3490909090909091,0.13930348258706468,0.2727272727272727,202,276,276.0
1.3.6.1.4.1.14519.5.2.1.6279.6001.253322967203074795232627653819,9,1,96.0,27.0,72.0,0.3490909090909091,0.13432835820895522,0.26181818181818184,202,276,276.0
1.3.6.1.4.1.14519.5.2.1.6279.6001.253322967203074795232627653819,10,2,164.0,154.0,43.0,0.5963636363636363,0.7661691542288557,0.15636363636363637,202,276,276.0
1.3.6.1.4.1.14519.5.2.1.6279.6001.253322967203074795232627653819,11,2,164.0,153.0,42.0,0.5963636363636363,0.7611940298507462,0.15272727272727274,202,276,276.0
1.3.6.1.4.1.14519.5.2.1.6279.6001.253322967203074795232627653819,12,2,164.0,153.0,44.0,0.5963636363636363,0.7611940298507462,0.16,202,276,276.0
1.3.6.1.4.1.14519.5.2.1.6279.6001.253322967203074795232627653819,13,2,164.0,155.0,44.0,0.5963636363636363,0.7711442786069652,0.16,202,276,276.0
1.3.6.1.4.1.14519.5.2.1.6279.6001.253322967203074795232627653819,14,2,164.0,154.0,41.0,0.5963636363636363,0.7661691542288557,0.14909090909090908,202,276,276.0
1.3.6.1.4.1.14519.5.2.1.6279.6001.254254303842550572473665729969,0,0,154.0,87.9214859008789,131.07025146484375,0.4888888888888889,0.3407809531041818,0.37663865363460847,259,349,316.0
1.3.6.1.4.1.14519.5.2.1.6279.6001.254254303842550572473665729969,1,0,154.0,87.0,123.0,0.4888888888888889,0.3372093023255814,0.35344827586206895,259,349,316.0
1.3.6.1.4.1.14519.5.2.1.6279.6001.254254303842550572473665729969,2,0,154.0,80.0,135.0,0.4888888888888889,0.31007751937984496,0.3879310344827586,259,349,316.0
1.3.6.1.4.1.14519.5.2.1.6279.6001.254254303842550572473665729969,3,0,154.0,95.0,135.0,0.4888888888888889,0.3682170542635659,0.3879310344827586,259,349,316.0
1.3.6.1.4.1.14519.5.2.1.6279.6001.254254303842550572473665729969,4,0,154.0,88.0,123.0,0.4888888888888889,0.34108527131782945,0.35344827586206895,259,349,316.0
1.3.6.1.4.1.14519.5.2.1.6279.6001.254254303842550572473665729969,5,1,253.0,171.5,153.5,0.8031746031746032,0.6647286821705426,0.4410919540229885,259,349,316.0
1.3.6.1.4.1.14519.5.2.1.6279.6001.254254303842550572473665729969,6,1,253.0,171.0,148.0,0.8031746031746032,0.6627906976744186,0.42528735632183906,259,349,316.0
1.3.6.1.4.1.14519.5.2.1.6279.6001.254254303842550572473665729969,7,1,253.0,166.0,156.0,0.8031746031746032,0.6434108527131783,0.4482758620689655,259,349,316.0
1.3.6.1.4.1.14519.5.2.1.6279.6001.254254303842550572473665729969,8,1,253.0,176.0,157.0,0.8031746031746032,0.6821705426356589,0.4511494252873563,259,349,316.0
1.3.6.1.4.1.14519.5.2.1.6279.6001.254254303842550572473665729969,9,1,253.0,172.0,148.0,0.8031746031746032,0.6666666666666666,0.42528735632183906,259,349,316.0
1.3.6.1.4.1.14519.5.2.1.6279.6001.254473943359963613733707320244,0,0,227.0,209.5,233.0,0.737012987012987,0.8481781376518218,0.7213622291021672,248,324,309.0
1.3.6.1.4.1.14519.5.2.1.6279.6001.254473943359963613733707320244,1,0,227.0,209.0,231.0,0.737012987012987,0.8461538461538461,0.7151702786377709,248,324,309.0
1.3.6.1.4.1.14519.5.2.1.6279.6001.254473943359963613733707320244,2,0,227.0,207.0,234.0,0.737012987012987,0.8380566801619433,0.7244582043343654,248,324,309.0
1.3.6.1.4.1.14519.5.2.1.6279.6001.254473943359963613733707320244,3,0,227.0,211.0,235.0,0.737012987012987,0.854251012145749,0.7275541795665634,248,324,309.0
1.3.6.1.4.1.14519.5.2.1.6279.6001.254473943359963613733707320244,4,0,227.0,210.0,231.0,0.737012987012987,0.8502024291497976,0.7151702786377709,248,324,309.0
1.3.6.1.4.1.14519.5.2.1.6279.6001.254473943359963613733707320244,5,1,133.0,209.5,49.79999923706055,0.4318181818181818,0.8481781376518218,0.15417956420142584,248,324,309.0
1.3.6.1.4.1.14519.5.2.1.6279.6001.254473943359963613733707320244,6,1,133.0,209.0,49.0,0.4318181818181818,0.8461538461538461,0.15170278637770898,248,324,309.0
1.3.6.1.4.1.14519.5.2.1.6279.6001.254473943359963613733707320244,7,1,133.0,208.0,50.0,0.4318181818181818,0.8421052631578947,0.15479876160990713,248,324,309.0
1.3.6.1.4.1.14519.5.2.1.6279.6001.254473943359963613733707320244,8,1,133.0,210.0,51.0,0.4318181818181818,0.8502024291497976,0.15789473684210525,248,324,309.0
1.3.6.1.4.1.14519.5.2.1.6279.6001.254473943359963613733707320244,9,1,133.0,210.0,49.0,0.4318181818181818,0.8502024291497976,0.15170278637770898,248,324,309.0
1.3.6.1.4.1.14519.5.2.1.6279.6001.254957696184671649675053562027,0,0,216.0,132.5806427001953,279.45159912109375,0.7081967213114754,0.589247300889757,0.8341838779734142,226,336,306.0
1.3.6.1.4.1.14519.5.2.1.6279.6001.254957696184671649675053562027,1,0,216.0,132.0,277.0,0.7081967213114754,0.5866666666666667,0.826865671641791,226,336,306.0
1.3.6.1.4.1.14519.5.2.1.6279.6001.254957696184671649675053562027,2,0,216.0,131.0,281.0,0.7081967213114754,0.5822222222222222,0.8388059701492537,226,336,306.0
1.3.6.1.4.1.14519.5.2.1.6279.6001.254957696184671649675053562027,3,0,216.0,135.0,281.0,0.7081967213114754,0.6,0.8388059701492537,226,336,306.0
1.3.6.1.4.1.14519.5.2.1.6279.6001.254957696184671649675053562027,4,0,216.0,133.0,277.0,0.7081967213114754,0.5911111111111111,0.826865671641791,226,336,306.0
1.3.6.1.4.1.14519.5.2.1.6279.6001.254957696184671649675053562027,5,1,199.0,39.79166793823242,97.79166412353516,0.6524590163934426,0.17685185750325522,0.2919154152941348,226,336,306.0
1.3.6.1.4.1.14519.5.2.1.6279.6001.254957696184671649675053562027,6,1,199.0,39.0,96.0,0.6524590163934426,0.17333333333333334,0.2865671641791045,226,336,306.0
1.3.6.1.4.1.14519.5.2.1.6279.6001.254957696184671649675053562027,7,1,199.0,38.0,99.0,0.6524590163934426,0.1688888888888889,0.2955223880597015,226,336,306.0
1.3.6.1.4.1.14519.5.2.1.6279.6001.254957696184671649675053562027,8,1,199.0,42.0,99.0,0.6524590163934426,0.18666666666666668,0.2955223880597015,226,336,306.0
1.3.6.1.4.1.14519.5.2.1.6279.6001.254957696184671649675053562027,9,1,199.0,40.0,95.0,0.6524590163934426,0.17777777777777778,0.2835820895522388,226,336,306.0
1.3.6.1.4.1.14519.5.2.1.6279.6001.255999614855292116767517149228,0,0,144.0,54.3533821105957,55.90977478027344,0.47840531561461797,0.2875840323311942,0.16993852516800437,190,330,302.0
1.3.6.1.4.1.14519.5.2.1.6279.6001.255999614855292116767517149228,1,0,144.0,54.0,50.0,0.47840531561461797,0.2857142857142857,0.1519756838905775,190,330,302.0
1.3.6.1.4.1.14519.5.2.1.6279.6001.255999614855292116767517149228,2,0,144.0,49.0,59.0,0.47840531561461797,0.25925925925925924,0.17933130699088146,190,330,302.0
1.3.6.1.4.1.14519.5.2.1.6279.6001.255999614855292116767517149228,3,0,144.0,60.0,59.0,0.47840531561461797,0.31746031746031744,0.17933130699088146,190,330,302.0
1.3.6.1.4.1.14519.5.2.1.6279.6001.255999614855292116767517149228,4,0,144.0,55.0,50.0,0.47840531561461797,0.291005291005291,0.1519756838905775,190,330,302.0
1.3.6.1.4.1.14519.5.2.1.6279.6001.257383535269991165447822992959,0,0,155.0,159.18650817871094,107.13888549804688,0.5098684210526315,0.7508797555599572,0.41049381416876196,213,262,305.0
1.3.6.1.4.1.14519.5.2.1.6279.6001.257383535269991165447822992959,1,0,155.0,159.0,99.0,0.5098684210526315,0.75,0.3793103448275862,213,262,305.0
1.3.6.1.4.1.14519.5.2.1.6279.6001.257383535269991165447822992959,2,0,155.0,151.0,110.0,0.5098684210526315,0.7122641509433962,0.421455938697318,213,262,305.0
1.3.6.1.4.1.14519.5.2.1.6279.6001.257383535269991165447822992959,3,0,155.0,166.0,112.0,0.5098684210526315,0.7830188679245284,0.42911877394636017,213,262,305.0
1.3.6.1.4.1.14519.5.2.1.6279.6001.257383535269991165447822992959,4,0,155.0,160.0,99.0,0.5098684210526315,0.7547169811320755,0.3793103448275862,213,262,305.0
1.3.6.1.4.1.14519.5.2.1.6279.6001.257383535269991165447822992959,5,1,191.0,160.24160766601562,74.18791961669922,0.6282894736842105,0.755856639934036,0.284244902745974,213,262,305.0
1.3.6.1.4.1.14519.5.2.1.6279.6001.257383535269991165447822992959,6,1,191.0,160.0,68.0,0.6282894736842105,0.7547169811320755,0.26053639846743293,213,262,305.0
1.3.6.1.4.1.14519.5.2.1.6279.6001.257383535269991165447822992959,7,1,191.0,154.0,77.0,0.6282894736842105,0.7264150943396226,0.2950191570881226,213,262,305.0
1.3.6.1.4.1.14519.5.2.1.6279.6001.257383535269991165447822992959,8,1,191.0,165.0,78.0,0.6282894736842105,0.7783018867924528,0.2988505747126437,213,262,305.0
1.3.6.1.4.1.14519.5.2.1.6279.6001.257383535269991165447822992959,9,1,191.0,161.0,68.0,0.6282894736842105,0.7594339622641509,0.26053639846743293,213,262,305.0
1.3.6.1.4.1.14519.5.2.1.6279.6001.257383535269991165447822992959,10,2,207.0,185.5,77.5,0.680921052631579,0.875,0.29693486590038315,213,262,305.0
1.3.6.1.4.1.14519.5.2.1.6279.6001.257383535269991165447822992959,11,2,207.0,185.0,74.0,0.680921052631579,0.8726415094339622,0.2835249042145594,213,262,305.0
1.3.6.1.4.1.14519.5.2.1.6279.6001.257383535269991165447822992959,12,2,207.0,182.0,79.0,0.680921052631579,0.8584905660377359,0.30268199233716475,213,262,305.0
1.3.6.1.4.1.14519.5.2.1.6279.6001.257383535269991165447822992959,13,2,207.0,189.0,80.0,0.680921052631579,0.8915094339622641,0.3065134099616858,213,262,305.0
1.3.6.1.4.1.14519.5.2.1.6279.6001.257383535269991165447822992959,14,2,207.0,186.0,74.0,0.680921052631579,0.8773584905660378,0.2835249042145594,213,262,305.0
1.3.6.1.4.1.14519.5.2.1.6279.6001.257383535269991165447822992959,15,3,146.0,174.25,109.75,0.48026315789473684,0.8219339622641509,0.42049808429118773,213,262,305.0
1.3.6.1.4.1.14519.5.2.1.6279.6001.257383535269991165447822992959,16,3,146.0,174.0,108.0,0.48026315789473684,0.8207547169811321,0.41379310344827586,213,262,305.0
1.3.6.1.4.1.14519.5.2.1.6279.6001.257383535269991165447822992959,17,3,146.0,172.0,110.0,0.48026315789473684,0.8113207547169812,0.421455938697318,213,262,305.0
1.3.6.1.4.1.14519.5.2.1.6279.6001.257383535269991165447822992959,18,3,146.0,176.0,111.0,0.48026315789473684,0.8301886792452831,0.42528735632183906,213,262,305.0
1.3.6.1.4.1.14519.5.2.1.6279.6001.257383535269991165447822992959,19,3,146.0,175.0,108.0,0.48026315789473684,0.8254716981132075,0.41379310344827586,213,262,305.0
1.3.6.1.4.1.14519.5.2.1.6279.6001.257515388956260258681136624817,0,0,106.0,152.60975646972656,109.39024353027344,0.3581081081081081,0.6521784464518229,0.34291612391935244,235,320,297.0
1.3.6.1.4.1.14519.5.2.1.6279.6001.257515388956260258681136624817,1,0,106.0,152.0,104.0,0.3581081081081081,0.6495726495726496,0.32601880877742945,235,320,297.0
1.3.6.1.4.1.14519.5.2.1.6279.6001.257515388956260258681136624817,2,0,106.0,147.0,112.0,0.3581081081081081,0.6282051282051282,0.3510971786833856,235,320,297.0
1.3.6.1.4.1.14519.5.2.1.6279.6001.257515388956260258681136624817,3,0,106.0,158.0,112.0,0.3581081081081081,0.6752136752136753,0.3510971786833856,235,320,297.0
1.3.6.1.4.1.14519.5.2.1.6279.6001.257515388956260258681136624817,4,0,106.0,153.0,104.0,0.3581081081081081,0.6538461538461539,0.32601880877742945,235,320,297.0
1.3.6.1.4.1.14519.5.2.1.6279.6001.257515388956260258681136624817,5,1,134.0,180.0,239.0,0.4527027027027027,0.7692307692307693,0.7492163009404389,235,320,297.0
1.3.6.1.4.1.14519.5.2.1.6279.6001.257515388956260258681136624817,6,1,134.0,179.0,237.0,0.4527027027027027,0.7649572649572649,0.7429467084639498,235,320,297.0
1.3.6.1.4.1.14519.5.2.1.6279.6001.257515388956260258681136624817,7,1,134.0,178.0,240.0,0.4527027027027027,0.7606837606837606,0.7523510971786834,235,320,297.0
1.3.6.1.4.1.14519.5.2.1.6279.6001.257515388956260258681136624817,8,1,134.0,182.0,240.0,0.4527027027027027,0.7777777777777778,0.7523510971786834,235,320,297.0
1.3.6.1.4.1.14519.5.2.1.6279.6001.257515388956260258681136624817,9,1,134.0,180.0,237.0,0.4527027027027027,0.7692307692307693,0.7429467084639498,235,320,297.0
1.3.6.1.4.1.14519.5.2.1.6279.6001.257840703452266097926250569223,0,0,111.0,150.18182373046875,31.81818199157715,0.42366412213740456,0.7290379792741202,0.12006861128897037,207,266,263.0
1.3.6.1.4.1.14519.5.2.1.6279.6001.257840703452266097926250569223,1,0,111.0,150.0,29.0,0.42366412213740456,0.7281553398058253,0.10943396226415095,207,266,263.0
1.3.6.1.4.1.14519.5.2.1.6279.6001.257840703452266097926250569223,2,0,111.0,148.0,33.0,0.42366412213740456,0.7184466019417476,0.12452830188679245,207,266,263.0
1.3.6.1.4.1.14519.5.2.1.6279.6001.257840703452266097926250569223,3,0,111.0,152.0,34.0,0.42366412213740456,0.7378640776699029,0.12830188679245283,207,266,263.0
1.3.6.1.4.1.14519.5.2.1.6279.6001.257840703452266097926250569223,4,0,111.0,151.0,29.0,0.42366412213740456,0.7330097087378641,0.10943396226415095,207,266,263.0
1.3.6.1.4.1.14519.5.2.1.6279.6001.257840703452266097926250569223,5,1,140.0,161.5,226.5,0.5343511450381679,0.7839805825242718,0.8547169811320755,207,266,263.0
1.3.6.1.4.1.14519.5.2.1.6279.6001.257840703452266097926250569223,6,1,140.0,161.0,224.0,0.5343511450381679,0.7815533980582524,0.8452830188679246,207,266,263.0
1.3.6.1.4.1.14519.5.2.1.6279.6001.257840703452266097926250569223,7,1,140.0,159.0,227.0,0.5343511450381679,0.7718446601941747,0.8566037735849057,207,266,263.0
1.3.6.1.4.1.14519.5.2.1.6279.6001.257840703452266097926250569223,8,1,140.0,163.0,228.0,0.5343511450381679,0.7912621359223301,0.8603773584905661,207,266,263.0
1.3.6.1.4.1.14519.5.2.1.6279.6001.257840703452266097926250569223,9,1,140.0,162.0,224.0,0.5343511450381679,0.7864077669902912,0.8452830188679246,207,266,263.0
1.3.6.1.4.1.14519.5.2.1.6279.6001.258220324170977900491673635112,0,0,70.0,172.39999389648438,200.45516967773438,0.24734982332155478,0.845098009296492,0.7342680207975618,205,274,284.0
1.3.6.1.4.1.14519.5.2.1.6279.6001.258220324170977900491673635112,1,0,70.0,172.0,194.0,0.24734982332155478,0.8431372549019608,0.7106227106227107,205,274,284.0
1.3.6.1.4.1.14519.5.2.1.6279.6001.258220324170977900491673635112,2,0,70.0,167.0,203.0,0.24734982332155478,0.8186274509803921,0.7435897435897436,205,274,284.0
1.3.6.1.4.1.14519.5.2.1.6279.6001.258220324170977900491673635112,3,0,70.0,178.0,204.0,0.24734982332155478,0.8725490196078431,0.7472527472527473,205,274,284.0
1.3.6.1.4.1.14519.5.2.1.6279.6001.258220324170977900491673635112,4,0,70.0,173.0,194.0,0.24734982332155478,0.8480392156862745,0.7106227106227107,205,274,284.0
1.3.6.1.4.1.14519.5.2.1.6279.6001.258220324170977900491673635112,5,1,169.0,96.5999984741211,232.39999389648438,0.5971731448763251,0.4735294042849073,0.8512820289248512,205,274,284.0
1.3.6.1.4.1.14519.5.2.1.6279.6001.258220324170977900491673635112,6,1,169.0,96.0,231.0,0.5971731448763251,0.47058823529411764,0.8461538461538461,205,274,284.0
1.3.6.1.4.1.14519.5.2.1.6279.6001.258220324170977900491673635112,7,1,169.0,95.0,233.0,0.5971731448763251,0.46568627450980393,0.8534798534798534,205,274,284.0
1.3.6.1.4.1.14519.5.2.1.6279.6001.258220324170977900491673635112,8,1,169.0,98.0,234.0,0.5971731448763251,0.4803921568627451,0.8571428571428571,205,274,284.0
1.3.6.1.4.1.14519.5.2.1.6279.6001.258220324170977900491673635112,9,1,169.0,97.0,231.0,0.5971731448763251,0.47549019607843135,0.8461538461538461,205,274,284.0
1.3.6.1.4.1.14519.5.2.1.6279.6001.259123825760999546551970425757,0,0,208.0,119.52381134033203,68.0,0.7849056603773585,0.606719854519452,0.2698412698412698,198,253,266.0
1.3.6.1.4.1.14519.5.2.1.6279.6001.259123825760999546551970425757,1,0,208.0,119.0,59.0,0.7849056603773585,0.6040609137055838,0.23412698412698413,198,253,266.0
1.3.6.1.4.1.14519.5.2.1.6279.6001.259123825760999546551970425757,2,0,208.0,111.0,72.0,0.7849056603773585,0.5634517766497462,0.2857142857142857,198,253,266.0
1.3.6.1.4.1.14519.5.2.1.6279.6001.259123825760999546551970425757,3,0,208.0,127.0,73.0,0.7849056603773585,0.6446700507614214,0.2896825396825397,198,253,266.0
1.3.6.1.4.1.14519.5.2.1.6279.6001.259123825760999546551970425757,4,0,208.0,120.0,59.0,0.7849056603773585,0.6091370558375635,0.23412698412698413,198,253,266.0
1.3.6.1.4.1.14519.5.2.1.6279.6001.259123825760999546551970425757,5,1,154.0,63.70833206176758,69.0,0.5811320754716981,0.32339254853689126,0.27380952380952384,198,253,266.0
1.3.6.1.4.1.14519.5.2.1.6279.6001.259123825760999546551970425757,6,1,154.0,63.0,67.0,0.5811320754716981,0.3197969543147208,0.26587301587301587,198,253,266.0
1.3.6.1.4.1.14519.5.2.1.6279.6001.259123825760999546551970425757,7,1,154.0,62.0,70.0,0.5811320754716981,0.3147208121827411,0.2777777777777778,198,253,266.0
1.3.6.1.4.1.14519.5.2.1.6279.6001.259123825760999546551970425757,8,1,154.0,65.0,71.0,0.5811320754716981,0.3299492385786802,0.28174603174603174,198,253,266.0
1.3.6.1.4.1.14519.5.2.1.6279.6001.259123825760999546551970425757,9,1,154.0,64.0,67.0,0.5811320754716981,0.3248730964467005,0.26587301587301587,198,253,266.0
1.3.6.1.4.1.14519.5.2.1.6279.6001.259123825760999546551970425757,10,2,62.0,77.21052551269531,220.63157653808594,0.2339622641509434,0.39193160158728585,0.8755221291193886,198,253,266.0
1.3.6.1.4.1.14519.5.2.1.6279.6001.259123825760999546551970425757,11,2,62.0,77.0,219.0,0.2339622641509434,0.39086294416243655,0.8690476190476191,198,253,266.0
1.3.6.1.4.1.14519.5.2.1.6279.6001.259123825760999546551970425757,12,2,62.0,75.0,221.0,0.2339622641509434,0.38071065989847713,0.876984126984127,198,253,266.0
1.3.6.1.4.1.14519.5.2.1.6279.6001.259123825760999546551970425757,13,2,62.0,79.0,222.0,0.2339622641509434,0.4010152284263959,0.8809523809523809,198,253,266.0
1.3.6.1.4.1.14519.5.2.1.6279.6001.259123825760999546551970425757,14,2,62.0,78.0,219.0,0.2339622641509434,0.39593908629441626,0.8690476190476191,198,253,266.0
1.3.6.1.4.1.14519.5.2.1.6279.6001.259123825760999546551970425757,15,3,195.0,89.38461303710938,56.38461685180664,0.7358490566037735,0.4537290001883725,0.22374847957066127,198,253,266.0
1.3.6.1.4.1.14519.5.2.1.6279.6001.259123825760999546551970425757,16,3,195.0,89.0,55.0,0.7358490566037735,0.4517766497461929,0.21825396825396826,198,253,266.0
1.3.6.1.4.1.14519.5.2.1.6279.6001.259123825760999546551970425757,17,3,195.0,88.0,56.0,0.7358490566037735,0.4467005076142132,0.2222222222222222,198,253,266.0
1.3.6.1.4.1.14519.5.2.1.6279.6001.259123825760999546551970425757,18,3,195.0,90.0,58.0,0.7358490566037735,0.45685279187817257,0.23015873015873015,198,253,266.0
1.3.6.1.4.1.14519.5.2.1.6279.6001.259123825760999546551970425757,19,3,195.0,90.0,55.0,0.7358490566037735,0.45685279187817257,0.21825396825396826,198,253,266.0
1.3.6.1.4.1.14519.5.2.1.6279.6001.259123825760999546551970425757,20,4,150.0,58.5,60.5,0.5660377358490566,0.2969543147208122,0.2400793650793651,198,253,266.0
1.3.6.1.4.1.14519.5.2.1.6279.6001.259123825760999546551970425757,21,4,150.0,58.0,59.0,0.5660377358490566,0.29441624365482233,0.23412698412698413,198,253,266.0
1.3.6.1.4.1.14519.5.2.1.6279.6001.259123825760999546551970425757,22,4,150.0,57.0,61.0,0.5660377358490566,0.2893401015228426,0.24206349206349206,198,253,266.0
1.3.6.1.4.1.14519.5.2.1.6279.6001.259123825760999546551970425757,23,4,150.0,59.0,62.0,0.5660377358490566,0.29949238578680204,0.24603174603174602,198,253,266.0
1.3.6.1.4.1.14519.5.2.1.6279.6001.259123825760999546551970425757,24,4,150.0,59.0,59.0,0.5660377358490566,0.29949238578680204,0.23412698412698413,198,253,266.0
1.3.6.1.4.1.14519.5.2.1.6279.6001.259124675432205040899951626253,0,0,134.0,34.764705657958984,70.76470947265625,0.48028673835125446,0.15802138935435903,0.23988037109375,221,296,280.0
1.3.6.1.4.1.14519.5.2.1.6279.6001.259124675432205040899951626253,1,0,134.0,34.0,69.0,0.48028673835125446,0.15454545454545454,0.23389830508474577,221,296,280.0
1.3.6.1.4.1.14519.5.2.1.6279.6001.259124675432205040899951626253,2,0,134.0,33.0,72.0,0.48028673835125446,0.15,0.2440677966101695,221,296,280.0
1.3.6.1.4.1.14519.5.2.1.6279.6001.259124675432205040899951626253,3,0,134.0,36.0,72.0,0.48028673835125446,0.16363636363636364,0.2440677966101695,221,296,280.0
1.3.6.1.4.1.14519.5.2.1.6279.6001.259124675432205040899951626253,4,0,134.0,35.0,69.0,0.48028673835125446,0.1590909090909091,0.23389830508474577,221,296,280.0
1.3.6.1.4.1.14519.5.2.1.6279.6001.259227883564429312164962953756,0,0,164.0,145.10752868652344,93.10752868652344,0.623574144486692,0.6976323494544396,0.38474185407654315,209,243,264.0
1.3.6.1.4.1.14519.5.2.1.6279.6001.259227883564429312164962953756,1,0,164.0,145.0,88.0,0.623574144486692,0.6971153846153846,0.36363636363636365,209,243,264.0
1.3.6.1.4.1.14519.5.2.1.6279.6001.259227883564429312164962953756,2,0,164.0,141.0,95.0,0.623574144486692,0.6778846153846154,0.3925619834710744,209,243,264.0
1.3.6.1.4.1.14519.5.2.1.6279.6001.259227883564429312164962953756,3,0,164.0,149.0,96.0,0.623574144486692,0.7163461538461539,0.39669421487603307,209,243,264.0
1.3.6.1.4.1.14519.5.2.1.6279.6001.259227883564429312164962953756,4,0,164.0,146.0,88.0,0.623574144486692,0.7019230769230769,0.36363636363636365,209,243,264.0
1.3.6.1.4.1.14519.5.2.1.6279.6001.259543921154154401875872845498,0,0,151.0,49.41379165649414,78.27586364746094,0.4934640522875817,0.22876755396525064,0.2549702398940096,217,308,307.0
1.3.6.1.4.1.14519.5.2.1.6279.6001.259543921154154401875872845498,1,0,151.0,49.0,76.0,0.4934640522875817,0.22685185185185186,0.247557003257329,217,308,307.0
1.3.6.1.4.1.14519.5.2.1.6279.6001.259543921154154401875872845498,2,0,151.0,47.0,79.0,0.4934640522875817,0.2175925925925926,0.25732899022801303,217,308,307.0
1.3.6.1.4.1.14519.5.2.1.6279.6001.259543921154154401875872845498,3,0,151.0,51.0,80.0,0.4934640522875817,0.2361111111111111,0.26058631921824105,217,308,307.0
1.3.6.1.4.1.14519.5.2.1.6279.6001.259543921154154401875872845498,4,0,151.0,50.0,76.0,0.4934640522875817,0.23148148148148148,0.247557003257329,217,308,307.0
1.3.6.1.4.1.14519.5.2.1.6279.6001.259543921154154401875872845498,5,1,144.0,32.32143020629883,84.32142639160156,0.47058823529411764,0.14963625095508717,0.2746626266827413,217,308,307.0
1.3.6.1.4.1.14519.5.2.1.6279.6001.259543921154154401875872845498,6,1,144.0,32.0,82.0,0.47058823529411764,0.14814814814814814,0.2671009771986971,217,308,307.0
1.3.6.1.4.1.14519.5.2.1.6279.6001.259543921154154401875872845498,7,1,144.0,30.0,85.0,0.47058823529411764,0.1388888888888889,0.2768729641693811,217,308,307.0
1.3.6.1.4.1.14519.5.2.1.6279.6001.259543921154154401875872845498,8,1,144.0,34.0,86.0,0.47058823529411764,0.1574074074074074,0.28013029315960913,217,308,307.0
1.3.6.1.4.1.14519.5.2.1.6279.6001.259543921154154401875872845498,9,1,144.0,33.0,82.0,0.47058823529411764,0.1527777777777778,0.2671009771986971,217,308,307.0
1.3.6.1.4.1.14519.5.2.1.6279.6001.259543921154154401875872845498,10,2,160.0,69.15789794921875,84.84210205078125,0.5228758169934641,0.3201754534686053,0.2763586386018933,217,308,307.0
1.3.6.1.4.1.14519.5.2.1.6279.6001.259543921154154401875872845498,11,2,160.0,69.0,83.0,0.5228758169934641,0.3194444444444444,0.2703583061889251,217,308,307.0
1.3.6.1.4.1.14519.5.2.1.6279.6001.259543921154154401875872845498,12,2,160.0,67.0,85.0,0.5228758169934641,0.3101851851851852,0.2768729641693811,217,308,307.0
1.3.6.1.4.1.14519.5.2.1.6279.6001.259543921154154401875872845498,13,2,160.0,70.0,87.0,0.5228758169934641,0.32407407407407407,0.28338762214983715,217,308,307.0
1.3.6.1.4.1.14519.5.2.1.6279.6001.259543921154154401875872845498,14,2,160.0,70.0,83.0,0.5228758169934641,0.32407407407407407,0.2703583061889251,217,308,307.0
1.3.6.1.4.1.14519.5.2.1.6279.6001.261700367741314729940340271960,0,0,212.0,95.0,170.8000030517578,0.8346456692913385,0.4523809523809524,0.610000010899135,211,281,255.0
1.3.6.1.4.1.14519.5.2.1.6279.6001.261700367741314729940340271960,1,0,212.0,94.0,170.0,0.8346456692913385,0.44761904761904764,0.6071428571428571,211,281,255.0
1.3.6.1.4.1.14519.5.2.1.6279.6001.261700367741314729940340271960,2,0,212.0,94.0,172.0,0.8346456692913385,0.44761904761904764,0.6142857142857143,211,281,255.0
1.3.6.1.4.1.14519.5.2.1.6279.6001.261700367741314729940340271960,3,0,212.0,96.0,172.0,0.8346456692913385,0.45714285714285713,0.6142857142857143,211,281,255.0
1.3.6.1.4.1.14519.5.2.1.6279.6001.261700367741314729940340271960,4,0,212.0,95.0,169.0,0.8346456692913385,0.4523809523809524,0.6035714285714285,211,281,255.0
1.3.6.1.4.1.14519.5.2.1.6279.6001.262736997975960398949912434623,0,0,143.0,105.86666870117188,49.46666717529297,0.49480968858131485,0.5089743687556341,0.1648888905843099,209,301,290.0
1.3.6.1.4.1.14519.5.2.1.6279.6001.262736997975960398949912434623,1,0,143.0,105.0,48.0,0.49480968858131485,0.5048076923076923,0.16,209,301,290.0
1.3.6.1.4.1.14519.5.2.1.6279.6001.262736997975960398949912434623,2,0,143.0,105.0,51.0,0.49480968858131485,0.5048076923076923,0.17,209,301,290.0
1.3.6.1.4.1.14519.5.2.1.6279.6001.262736997975960398949912434623,3,0,143.0,107.0,50.0,0.49480968858131485,0.5144230769230769,0.16666666666666666,209,301,290.0
1.3.6.1.4.1.14519.5.2.1.6279.6001.262736997975960398949912434623,4,0,143.0,106.0,48.0,0.49480968858131485,0.5096153846153846,0.16,209,301,290.0
1.3.6.1.4.1.14519.5.2.1.6279.6001.262736997975960398949912434623,5,1,188.0,45.818180084228516,72.81818389892578,0.6505190311418685,0.22027971194340631,0.24272727966308594,209,301,290.0
1.3.6.1.4.1.14519.5.2.1.6279.6001.262736997975960398949912434623,6,1,188.0,45.0,72.0,0.6505190311418685,0.21634615384615385,0.24,209,301,290.0
1.3.6.1.4.1.14519.5.2.1.6279.6001.262736997975960398949912434623,7,1,188.0,45.0,74.0,0.6505190311418685,0.21634615384615385,0.24666666666666667,209,301,290.0
1.3.6.1.4.1.14519.5.2.1.6279.6001.262736997975960398949912434623,8,1,188.0,47.0,74.0,0.6505190311418685,0.22596153846153846,0.24666666666666667,209,301,290.0
1.3.6.1.4.1.14519.5.2.1.6279.6001.262736997975960398949912434623,9,1,188.0,46.0,71.0,0.6505190311418685,0.22115384615384615,0.23666666666666666,209,301,290.0
1.3.6.1.4.1.14519.5.2.1.6279.6001.262873069163227096134627700599,0,0,156.0,184.0,75.08000183105469,0.5288135593220339,0.773109243697479,0.2662411412448748,239,283,296.0
1.3.6.1.4.1.14519.5.2.1.6279.6001.262873069163227096134627700599,1,0,156.0,183.0,68.0,0.5288135593220339,0.7689075630252101,0.24113475177304963,239,283,296.0
1.3.6.1.4.1.14519.5.2.1.6279.6001.262873069163227096134627700599,2,0,156.0,178.0,79.0,0.5288135593220339,0.7478991596638656,0.2801418439716312,239,283,296.0
1.3.6.1.4.1.14519.5.2.1.6279.6001.262873069163227096134627700599,3,0,156.0,190.0,78.0,0.5288135593220339,0.7983193277310925,0.2765957446808511,239,283,296.0
1.3.6.1.4.1.14519.5.2.1.6279.6001.262873069163227096134627700599,4,0,156.0,184.0,68.0,0.5288135593220339,0.773109243697479,0.24113475177304963,239,283,296.0
1.3.6.1.4.1.14519.5.2.1.6279.6001.262873069163227096134627700599,5,1,91.0,185.91836547851562,167.75509643554688,0.30847457627118646,0.781169602850906,0.5948762284948471,239,283,296.0
1.3.6.1.4.1.14519.5.2.1.6279.6001.262873069163227096134627700599,6,1,91.0,185.0,164.0,0.30847457627118646,0.7773109243697479,0.5815602836879432,239,283,296.0
1.3.6.1.4.1.14519.5.2.1.6279.6001.262873069163227096134627700599,7,1,91.0,183.0,170.0,0.30847457627118646,0.7689075630252101,0.6028368794326241,239,283,296.0
1.3.6.1.4.1.14519.5.2.1.6279.6001.262873069163227096134627700599,8,1,91.0,189.0,170.0,0.30847457627118646,0.7941176470588235,0.6028368794326241,239,283,296.0
1.3.6.1.4.1.14519.5.2.1.6279.6001.262873069163227096134627700599,9,1,91.0,186.0,164.0,0.30847457627118646,0.7815126050420168,0.5815602836879432,239,283,296.0
1.3.6.1.4.1.14519.5.2.1.6279.6001.264251211689085893915477907261,0,0,169.0,173.59259033203125,103.74073791503906,0.5847750865051903,0.7114450423443903,0.3231798688942027,245,322,290.0
1.3.6.1.4.1.14519.5.2.1.6279.6001.264251211689085893915477907261,1,0,169.0,173.0,101.0,0.5847750865051903,0.7090163934426229,0.3146417445482866,245,322,290.0
1.3.6.1.4.1.14519.5.2.1.6279.6001.264251211689085893915477907261,2,0,169.0,172.0,105.0,0.5847750865051903,0.7049180327868853,0.32710280373831774,245,322,290.0
1.3.6.1.4.1.14519.5.2.1.6279.6001.264251211689085893915477907261,3,0,169.0,175.0,106.0,0.5847750865051903,0.7172131147540983,0.3302180685358255,245,322,290.0
1.3.6.1.4.1.14519.5.2.1.6279.6001.264251211689085893915477907261,4,0,169.0,174.0,101.0,0.5847750865051903,0.7131147540983607,0.3146417445482866,245,322,290.0
1.3.6.1.4.1.14519.5.2.1.6279.6001.264251211689085893915477907261,5,1,201.0,92.65384674072266,81.65384674072266,0.6955017301038062,0.37972888008492894,0.2543733543324693,245,322,290.0
1.3.6.1.4.1.14519.5.2.1.6279.6001.264251211689085893915477907261,6,1,201.0,92.0,79.0,0.6955017301038062,0.3770491803278688,0.24610591900311526,245,322,290.0
1.3.6.1.4.1.14519.5.2.1.6279.6001.264251211689085893915477907261,7,1,201.0,91.0,83.0,0.6955017301038062,0.3729508196721312,0.2585669781931464,245,322,290.0
1.3.6.1.4.1.14519.5.2.1.6279.6001.264251211689085893915477907261,8,1,201.0,95.0,83.0,0.6955017301038062,0.38934426229508196,0.2585669781931464,245,322,290.0
1.3.6.1.4.1.14519.5.2.1.6279.6001.264251211689085893915477907261,9,1,201.0,93.0,79.0,0.6955017301038062,0.38114754098360654,0.24610591900311526,245,322,290.0
1.3.6.1.4.1.14519.5.2.1.6279.6001.264251211689085893915477907261,10,2,141.0,151.90908813476562,57.90909194946289,0.48788927335640137,0.6225782300605148,0.1804021556058034,245,322,290.0
1.3.6.1.4.1.14519.5.2.1.6279.6001.264251211689085893915477907261,11,2,141.0,151.0,56.0,0.48788927335640137,0.6188524590163934,0.17445482866043613,245,322,290.0
1.3.6.1.4.1.14519.5.2.1.6279.6001.264251211689085893915477907261,12,2,141.0,150.0,59.0,0.48788927335640137,0.6147540983606558,0.1838006230529595,245,322,290.0
1.3.6.1.4.1.14519.5.2.1.6279.6001.264251211689085893915477907261,13,2,141.0,154.0,59.0,0.48788927335640137,0.6311475409836066,0.1838006230529595,245,322,290.0
1.3.6.1.4.1.14519.5.2.1.6279.6001.264251211689085893915477907261,14,2,141.0,152.0,56.0,0.48788927335640137,0.6229508196721312,0.17445482866043613,245,322,290.0
1.3.6.1.4.1.14519.5.2.1.6279.6001.265453131727473342790950829556,0,0,168.0,195.70213317871094,207.29786682128906,0.6021505376344086,0.8508788399074388,0.6601842892397741,231,315,280.0
1.3.6.1.4.1.14519.5.2.1.6279.6001.265453131727473342790950829556,1,0,168.0,195.0,204.0,0.6021505376344086,0.8478260869565217,0.6496815286624203,231,315,280.0
1.3.6.1.4.1.14519.5.2.1.6279.6001.265453131727473342790950829556,2,0,168.0,193.0,209.0,0.6021505376344086,0.8391304347826087,0.6656050955414012,231,315,280.0
1.3.6.1.4.1.14519.5.2.1.6279.6001.265453131727473342790950829556,3,0,168.0,199.0,209.0,0.6021505376344086,0.8652173913043478,0.6656050955414012,231,315,280.0
1.3.6.1.4.1.14519.5.2.1.6279.6001.265453131727473342790950829556,4,0,168.0,196.0,204.0,0.6021505376344086,0.8521739130434782,0.6496815286624203,231,315,280.0
1.3.6.1.4.1.14519.5.2.1.6279.6001.265453131727473342790950829556,5,1,188.0,195.42857360839844,234.22857666015625,0.6738351254480287,0.8496894504712975,0.7459508810833002,231,315,280.0
1.3.6.1.4.1.14519.5.2.1.6279.6001.265453131727473342790950829556,6,1,188.0,195.0,231.0,0.6738351254480287,0.8478260869565217,0.7356687898089171,231,315,280.0
1.3.6.1.4.1.14519.5.2.1.6279.6001.265453131727473342790950829556,7,1,188.0,193.0,235.0,0.6738351254480287,0.8391304347826087,0.7484076433121019,231,315,280.0
1.3.6.1.4.1.14519.5.2.1.6279.6001.265453131727473342790950829556,8,1,188.0,197.0,237.0,0.6738351254480287,0.8565217391304348,0.7547770700636943,231,315,280.0
1.3.6.1.4.1.14519.5.2.1.6279.6001.265453131727473342790950829556,9,1,188.0,196.0,231.0,0.6738351254480287,0.8521739130434782,0.7356687898089171,231,315,280.0
1.3.6.1.4.1.14519.5.2.1.6279.6001.265453131727473342790950829556,10,2,149.0,187.41378784179688,69.27586364746094,0.5340501792114696,0.8148425558338994,0.22062376957790109,231,315,280.0
1.3.6.1.4.1.14519.5.2.1.6279.6001.265453131727473342790950829556,11,2,149.0,187.0,67.0,0.5340501792114696,0.8130434782608695,0.21337579617834396,231,315,280.0
1.3.6.1.4.1.14519.5.2.1.6279.6001.265453131727473342790950829556,12,2,149.0,185.0,70.0,0.5340501792114696,0.8043478260869565,0.2229299363057325,231,315,280.0
1.3.6.1.4.1.14519.5.2.1.6279.6001.265453131727473342790950829556,13,2,149.0,189.0,71.0,0.5340501792114696,0.8217391304347826,0.22611464968152867,231,315,280.0
1.3.6.1.4.1.14519.5.2.1.6279.6001.265453131727473342790950829556,14,2,149.0,188.0,67.0,0.5340501792114696,0.8173913043478261,0.21337579617834396,231,315,280.0
1.3.6.1.4.1.14519.5.2.1.6279.6001.265453131727473342790950829556,15,3,203.0,157.0,229.2105255126953,0.7275985663082437,0.6826086956521739,0.7299698264735519,231,315,280.0
1.3.6.1.4.1.14519.5.2.1.6279.6001.265453131727473342790950829556,16,3,203.0,156.0,228.0,0.7275985663082437,0.6782608695652174,0.7261146496815286,231,315,280.0
1.3.6.1.4.1.14519.5.2.1.6279.6001.265453131727473342790950829556,17,3,203.0,155.0,230.0,0.7275985663082437,0.6739130434782609,0.732484076433121,231,315,280.0
1.3.6.1.4.1.14519.5.2.1.6279.6001.265453131727473342790950829556,18,3,203.0,159.0,230.0,0.7275985663082437,0.691304347826087,0.732484076433121,231,315,280.0
1.3.6.1.4.1.14519.5.2.1.6279.6001.265453131727473342790950829556,19,3,203.0,157.0,227.0,0.7275985663082437,0.6826086956521739,0.7229299363057324,231,315,280.0
1.3.6.1.4.1.14519.5.2.1.6279.6001.265453131727473342790950829556,20,4,130.0,203.58824157714844,238.11764526367188,0.4659498207885305,0.8851662677267323,0.7583364498843054,231,315,280.0
1.3.6.1.4.1.14519.5.2.1.6279.6001.265453131727473342790950829556,21,4,130.0,203.0,236.0,0.4659498207885305,0.8826086956521739,0.7515923566878981,231,315,280.0
1.3.6.1.4.1.14519.5.2.1.6279.6001.265453131727473342790950829556,22,4,130.0,202.0,239.0,0.4659498207885305,0.8782608695652174,0.7611464968152867,231,315,280.0
1.3.6.1.4.1.14519.5.2.1.6279.6001.265453131727473342790950829556,23,4,130.0,205.0,240.0,0.4659498207885305,0.8913043478260869,0.7643312101910829,231,315,280.0
1.3.6.1.4.1.14519.5.2.1.6279.6001.265453131727473342790950829556,24,4,130.0,204.0,236.0,0.4659498207885305,0.8869565217391304,0.7515923566878981,231,315,280.0
1.3.6.1.4.1.14519.5.2.1.6279.6001.265775376735520890308424143898,0,0,188.0,151.27586364746094,119.4137954711914,0.6787003610108303,0.7526162370520445,0.4455738636984754,202,269,278.0
1.3.6.1.4.1.14519.5.2.1.6279.6001.265775376735520890308424143898,1,0,188.0,151.0,117.0,0.6787003610108303,0.7512437810945274,0.43656716417910446,202,269,278.0
1.3.6.1.4.1.14519.5.2.1.6279.6001.265775376735520890308424143898,2,0,188.0,149.0,120.0,0.6787003610108303,0.7412935323383084,0.44776119402985076,202,269,278.0
1.3.6.1.4.1.14519.5.2.1.6279.6001.265775376735520890308424143898,3,0,188.0,153.0,121.0,0.6787003610108303,0.7611940298507462,0.45149253731343286,202,269,278.0
1.3.6.1.4.1.14519.5.2.1.6279.6001.265775376735520890308424143898,4,0,188.0,152.0,117.0,0.6787003610108303,0.7562189054726368,0.43656716417910446,202,269,278.0
1.3.6.1.4.1.14519.5.2.1.6279.6001.265775376735520890308424143898,5,1,196.0,155.53334045410156,49.86666488647461,0.7075812274368231,0.7737977137019978,0.18606964509878585,202,269,278.0
1.3.6.1.4.1.14519.5.2.1.6279.6001.265775376735520890308424143898,6,1,196.0,155.0,48.0,0.7075812274368231,0.7711442786069652,0.1791044776119403,202,269,278.0
1.3.6.1.4.1.14519.5.2.1.6279.6001.265775376735520890308424143898,7,1,196.0,154.0,51.0,0.7075812274368231,0.7661691542288557,0.19029850746268656,202,269,278.0
1.3.6.1.4.1.14519.5.2.1.6279.6001.265775376735520890308424143898,8,1,196.0,157.0,51.0,0.7075812274368231,0.7810945273631841,0.19029850746268656,202,269,278.0
1.3.6.1.4.1.14519.5.2.1.6279.6001.265775376735520890308424143898,9,1,196.0,156.0,48.0,0.7075812274368231,0.7761194029850746,0.1791044776119403,202,269,278.0
1.3.6.1.4.1.14519.5.2.1.6279.6001.265775376735520890308424143898,10,2,163.0,179.5,200.2857208251953,0.5884476534296029,0.8930348258706468,0.74733477919849,202,269,278.0
1.3.6.1.4.1.14519.5.2.1.6279.6001.265775376735520890308424143898,11,2,163.0,179.0,199.0,0.5884476534296029,0.8905472636815921,0.7425373134328358,202,269,278.0
1.3.6.1.4.1.14519.5.2.1.6279.6001.265775376735520890308424143898,12,2,163.0,178.0,201.0,0.5884476534296029,0.8855721393034826,0.75,202,269,278.0
1.3.6.1.4.1.14519.5.2.1.6279.6001.265775376735520890308424143898,13,2,163.0,181.0,201.0,0.5884476534296029,0.900497512437811,0.75,202,269,278.0
1.3.6.1.4.1.14519.5.2.1.6279.6001.265775376735520890308424143898,14,2,163.0,180.0,199.0,0.5884476534296029,0.8955223880597015,0.7425373134328358,202,269,278.0
1.3.6.1.4.1.14519.5.2.1.6279.6001.265780642925621389994857727416,0,0,146.0,84.18681335449219,41.93406677246094,0.5593869731800766,0.4454328748914931,0.13527118313697076,190,311,262.0
1.3.6.1.4.1.14519.5.2.1.6279.6001.265780642925621389994857727416,1,0,146.0,84.0,37.0,0.5593869731800766,0.4444444444444444,0.11935483870967742,190,311,262.0
1.3.6.1.4.1.14519.5.2.1.6279.6001.265780642925621389994857727416,2,0,146.0,80.0,44.0,0.5593869731800766,0.42328042328042326,0.14193548387096774,190,311,262.0
1.3.6.1.4.1.14519.5.2.1.6279.6001.265780642925621389994857727416,3,0,146.0,88.0,45.0,0.5593869731800766,0.4656084656084656,0.14516129032258066,190,311,262.0
1.3.6.1.4.1.14519.5.2.1.6279.6001.265780642925621389994857727416,4,0,146.0,85.0,37.0,0.5593869731800766,0.4497354497354497,0.11935483870967742,190,311,262.0
1.3.6.1.4.1.14519.5.2.1.6279.6001.265960756233787099041040311282,0,0,254.0,122.5,277.0,0.7815384615384615,0.506198347107438,0.8793650793650793,243,316,326.0
1.3.6.1.4.1.14519.5.2.1.6279.6001.265960756233787099041040311282,1,0,254.0,122.0,275.0,0.7815384615384615,0.5041322314049587,0.873015873015873,243,316,326.0
1.3.6.1.4.1.14519.5.2.1.6279.6001.265960756233787099041040311282,2,0,254.0,121.0,278.0,0.7815384615384615,0.5,0.8825396825396825,243,316,326.0
1.3.6.1.4.1.14519.5.2.1.6279.6001.265960756233787099041040311282,3,0,254.0,124.0,278.0,0.7815384615384615,0.512396694214876,0.8825396825396825,243,316,326.0
1.3.6.1.4.1.14519.5.2.1.6279.6001.265960756233787099041040311282,4,0,254.0,123.0,275.0,0.7815384615384615,0.5082644628099173,0.873015873015873,243,316,326.0
1.3.6.1.4.1.14519.5.2.1.6279.6001.267519732763035023633235877753,0,0,61.0,61.871795654296875,94.12820434570312,0.25311203319502074,0.2666887743719693,0.26440506838680655,233,357,242.0
1.3.6.1.4.1.14519.5.2.1.6279.6001.267519732763035023633235877753,1,0,61.0,61.0,91.0,0.25311203319502074,0.2629310344827586,0.2556179775280899,233,357,242.0
1.3.6.1.4.1.14519.5.2.1.6279.6001.267519732763035023633235877753,2,0,61.0,59.0,96.0,0.25311203319502074,0.2543103448275862,0.2696629213483146,233,357,242.0
1.3.6.1.4.1.14519.5.2.1.6279.6001.267519732763035023633235877753,3,0,61.0,64.0,96.0,0.25311203319502074,0.27586206896551724,0.2696629213483146,233,357,242.0
1.3.6.1.4.1.14519.5.2.1.6279.6001.267519732763035023633235877753,4,0,61.0,62.0,91.0,0.25311203319502074,0.2672413793103448,0.2556179775280899,233,357,242.0
1.3.6.1.4.1.14519.5.2.1.6279.6001.267519732763035023633235877753,5,1,66.0,20.11111068725586,89.27777862548828,0.27385892116182575,0.08668582192782698,0.2507802770378884,233,357,242.0
1.3.6.1.4.1.14519.5.2.1.6279.6001.267519732763035023633235877753,6,1,66.0,20.0,87.0,0.27385892116182575,0.08620689655172414,0.2443820224719101,233,357,242.0
1.3.6.1.4.1.14519.5.2.1.6279.6001.267519732763035023633235877753,7,1,66.0,18.0,90.0,0.27385892116182575,0.07758620689655173,0.25280898876404495,233,357,242.0
1.3.6.1.4.1.14519.5.2.1.6279.6001.267519732763035023633235877753,8,1,66.0,21.0,91.0,0.27385892116182575,0.09051724137931035,0.2556179775280899,233,357,242.0
1.3.6.1.4.1.14519.5.2.1.6279.6001.267519732763035023633235877753,9,1,66.0,21.0,88.0,0.27385892116182575,0.09051724137931035,0.24719101123595505,233,357,242.0
1.3.6.1.4.1.14519.5.2.1.6279.6001.267519732763035023633235877753,10,2,196.0,75.21052551269531,204.0,0.8132780082987552,0.3241832996236867,0.5730337078651685,233,357,242.0
1.3.6.1.4.1.14519.5.2.1.6279.6001.267519732763035023633235877753,11,2,196.0,75.0,202.0,0.8132780082987552,0.3232758620689655,0.5674157303370787,233,357,242.0
1.3.6.1.4.1.14519.5.2.1.6279.6001.267519732763035023633235877753,12,2,196.0,73.0,204.0,0.8132780082987552,0.3146551724137931,0.5730337078651685,233,357,242.0
1.3.6.1.4.1.14519.5.2.1.6279.6001.267519732763035023633235877753,13,2,196.0,76.0,206.0,0.8132780082987552,0.3275862068965517,0.5786516853932584,233,357,242.0
1.3.6.1.4.1.14519.5.2.1.6279.6001.267519732763035023633235877753,14,2,196.0,76.0,202.0,0.8132780082987552,0.3275862068965517,0.5674157303370787,233,357,242.0
1.3.6.1.4.1.14519.5.2.1.6279.6001.267957701183569638795986183786,0,0,114.0,43.19911575317383,60.5,0.3838383838383838,0.2347778030063795,0.20648464163822525,185,294,298.0
1.3.6.1.4.1.14519.5.2.1.6279.6001.267957701183569638795986183786,1,0,114.0,43.0,49.0,0.3838383838383838,0.23369565217391305,0.16723549488054607,185,294,298.0
1.3.6.1.4.1.14519.5.2.1.6279.6001.267957701183569638795986183786,2,0,114.0,33.0,65.0,0.3838383838383838,0.1793478260869565,0.22184300341296928,185,294,298.0
1.3.6.1.4.1.14519.5.2.1.6279.6001.267957701183569638795986183786,3,0,114.0,53.0,67.0,0.3838383838383838,0.28804347826086957,0.22866894197952217,185,294,298.0
1.3.6.1.4.1.14519.5.2.1.6279.6001.267957701183569638795986183786,4,0,114.0,44.0,49.0,0.3838383838383838,0.2391304347826087,0.16723549488054607,185,294,298.0
1.3.6.1.4.1.14519.5.2.1.6279.6001.267957701183569638795986183786,5,1,143.0,42.918365478515625,82.7551040649414,0.48148148148148145,0.23325198629628058,0.28244062820799115,185,294,298.0
1.3.6.1.4.1.14519.5.2.1.6279.6001.267957701183569638795986183786,6,1,143.0,42.0,79.0,0.48148148148148145,0.22826086956521738,0.2696245733788396,185,294,298.0
1.3.6.1.4.1.14519.5.2.1.6279.6001.267957701183569638795986183786,7,1,143.0,40.0,85.0,0.48148148148148145,0.21739130434782608,0.2901023890784983,185,294,298.0
1.3.6.1.4.1.14519.5.2.1.6279.6001.267957701183569638795986183786,8,1,143.0,46.0,85.0,0.48148148148148145,0.25,0.2901023890784983,185,294,298.0
1.3.6.1.4.1.14519.5.2.1.6279.6001.267957701183569638795986183786,9,1,143.0,43.0,79.0,0.48148148148148145,0.23369565217391305,0.2696245733788396,185,294,298.0
1.3.6.1.4.1.14519.5.2.1.6279.6001.267957701183569638795986183786,10,2,256.0,142.0,88.5,0.8619528619528619,0.7717391304347826,0.30204778156996587,185,294,298.0
1.3.6.1.4.1.14519.5.2.1.6279.6001.267957701183569638795986183786,11,2,256.0,141.0,87.0,0.8619528619528619,0.7663043478260869,0.29692832764505117,185,294,298.0
1.3.6.1.4.1.14519.5.2.1.6279.6001.267957701183569638795986183786,12,2,256.0,141.0,90.0,0.8619528619528619,0.7663043478260869,0.30716723549488056,185,294,298.0
1.3.6.1.4.1.14519.5.2.1.6279.6001.267957701183569638795986183786,13,2,256.0,144.0,89.0,0.8619528619528619,0.782608695652174,0.3037542662116041,185,294,298.0
1.3.6.1.4.1.14519.5.2.1.6279.6001.267957701183569638795986183786,14,2,256.0,142.0,87.0,0.8619528619528619,0.7717391304347826,0.29692832764505117,185,294,298.0
1.3.6.1.4.1.14519.5.2.1.6279.6001.268030488196493755113553009785,0,0,212.0,153.1568603515625,223.0,0.7794117647058824,0.7735194967250631,0.7879858657243817,199,284,273.0
1.3.6.1.4.1.14519.5.2.1.6279.6001.268030488196493755113553009785,1,0,212.0,153.0,219.0,0.7794117647058824,0.7727272727272727,0.773851590106007,199,284,273.0
1.3.6.1.4.1.14519.5.2.1.6279.6001.268030488196493755113553009785,2,0,212.0,150.0,224.0,0.7794117647058824,0.7575757575757576,0.7915194346289752,199,284,273.0
1.3.6.1.4.1.14519.5.2.1.6279.6001.268030488196493755113553009785,3,0,212.0,155.0,226.0,0.7794117647058824,0.7828282828282829,0.7985865724381626,199,284,273.0
1.3.6.1.4.1.14519.5.2.1.6279.6001.268030488196493755113553009785,4,0,212.0,154.0,220.0,0.7794117647058824,0.7777777777777778,0.7773851590106007,199,284,273.0
1.3.6.1.4.1.14519.5.2.1.6279.6001.268992195564407418480563388746,0,0,91.0,87.80769348144531,24.80769157409668,0.3382899628252788,0.4933016487721647,0.0895584533360891,179,278,270.0
1.3.6.1.4.1.14519.5.2.1.6279.6001.268992195564407418480563388746,1,0,91.0,87.0,23.0,0.3382899628252788,0.4887640449438202,0.08303249097472924,179,278,270.0
1.3.6.1.4.1.14519.5.2.1.6279.6001.268992195564407418480563388746,2,0,91.0,86.0,26.0,0.3382899628252788,0.48314606741573035,0.09386281588447654,179,278,270.0
1.3.6.1.4.1.14519.5.2.1.6279.6001.268992195564407418480563388746,3,0,91.0,90.0,26.0,0.3382899628252788,0.5056179775280899,0.09386281588447654,179,278,270.0
1.3.6.1.4.1.14519.5.2.1.6279.6001.268992195564407418480563388746,4,0,91.0,88.0,22.0,0.3382899628252788,0.4943820224719101,0.07942238267148015,179,278,270.0
1.3.6.1.4.1.14519.5.2.1.6279.6001.269075535958871753309238331179,0,0,143.0,41.24561309814453,134.28070068359375,0.49480968858131485,0.2148209015528361,0.44463808173375413,193,303,290.0
1.3.6.1.4.1.14519.5.2.1.6279.6001.269075535958871753309238331179,1,0,143.0,41.0,129.0,0.49480968858131485,0.21354166666666666,0.4271523178807947,193,303,290.0
1.3.6.1.4.1.14519.5.2.1.6279.6001.269075535958871753309238331179,2,0,143.0,36.0,136.0,0.49480968858131485,0.1875,0.4503311258278146,193,303,290.0
1.3.6.1.4.1.14519.5.2.1.6279.6001.269075535958871753309238331179,3,0,143.0,45.0,138.0,0.49480968858131485,0.234375,0.45695364238410596,193,303,290.0
1.3.6.1.4.1.14519.5.2.1.6279.6001.269075535958871753309238331179,4,0,143.0,42.0,129.0,0.49480968858131485,0.21875,0.4271523178807947,193,303,290.0
1.3.6.1.4.1.14519.5.2.1.6279.6001.269075535958871753309238331179,5,1,150.0,157.60000610351562,56.959999084472656,0.5190311418685121,0.8208333651224772,0.18860926849163132,193,303,290.0
1.3.6.1.4.1.14519.5.2.1.6279.6001.269075535958871753309238331179,6,1,150.0,157.0,55.0,0.5190311418685121,0.8177083333333334,0.18211920529801323,193,303,290.0
1.3.6.1.4.1.14519.5.2.1.6279.6001.269075535958871753309238331179,7,1,150.0,156.0,58.0,0.5190311418685121,0.8125,0.19205298013245034,193,303,290.0
1.3.6.1.4.1.14519.5.2.1.6279.6001.269075535958871753309238331179,8,1,150.0,159.0,59.0,0.5190311418685121,0.828125,0.19536423841059603,193,303,290.0
1.3.6.1.4.1.14519.5.2.1.6279.6001.269075535958871753309238331179,9,1,150.0,158.0,55.0,0.5190311418685121,0.8229166666666666,0.18211920529801323,193,303,290.0
1.3.6.1.4.1.14519.5.2.1.6279.6001.269075535958871753309238331179,10,2,140.0,54.040000915527344,122.5999984741211,0.4844290657439446,0.2814583381017049,0.4059602598480831,193,303,290.0
1.3.6.1.4.1.14519.5.2.1.6279.6001.269075535958871753309238331179,11,2,140.0,53.0,121.0,0.4844290657439446,0.2760416666666667,0.40066225165562913,193,303,290.0
1.3.6.1.4.1.14519.5.2.1.6279.6001.269075535958871753309238331179,12,2,140.0,52.0,124.0,0.4844290657439446,0.2708333333333333,0.4105960264900662,193,303,290.0
1.3.6.1.4.1.14519.5.2.1.6279.6001.269075535958871753309238331179,13,2,140.0,56.0,124.0,0.4844290657439446,0.2916666666666667,0.4105960264900662,193,303,290.0
1.3.6.1.4.1.14519.5.2.1.6279.6001.269075535958871753309238331179,14,2,140.0,54.0,120.0,0.4844290657439446,0.28125,0.3973509933774834,193,303,290.0
1.3.6.1.4.1.14519.5.2.1.6279.6001.270152671889301412052226973069,0,0,109.0,155.7083282470703,38.5,0.36454849498327757,0.7595528207174161,0.14206642066420663,206,272,300.0
1.3.6.1.4.1.14519.5.2.1.6279.6001.270152671889301412052226973069,1,0,109.0,155.0,35.0,0.36454849498327757,0.7560975609756098,0.12915129151291513,206,272,300.0
1.3.6.1.4.1.14519.5.2.1.6279.6001.270152671889301412052226973069,2,0,109.0,153.0,40.0,0.36454849498327757,0.7463414634146341,0.14760147601476015,206,272,300.0
1.3.6.1.4.1.14519.5.2.1.6279.6001.270152671889301412052226973069,3,0,109.0,158.0,41.0,0.36454849498327757,0.7707317073170732,0.15129151291512916,206,272,300.0
1.3.6.1.4.1.14519.5.2.1.6279.6001.270152671889301412052226973069,4,0,109.0,156.0,35.0,0.36454849498327757,0.7609756097560976,0.12915129151291513,206,272,300.0
1.3.6.1.4.1.14519.5.2.1.6279.6001.270215889102603268207599305185,0,0,151.0,124.5,277.0,0.4855305466237942,0.46455223880597013,0.826865671641791,269,336,312.0
1.3.6.1.4.1.14519.5.2.1.6279.6001.270215889102603268207599305185,1,0,151.0,124.0,275.0,0.4855305466237942,0.4626865671641791,0.8208955223880597,269,336,312.0
1.3.6.1.4.1.14519.5.2.1.6279.6001.270215889102603268207599305185,2,0,151.0,122.0,278.0,0.4855305466237942,0.4552238805970149,0.8298507462686567,269,336,312.0
1.3.6.1.4.1.14519.5.2.1.6279.6001.270215889102603268207599305185,3,0,151.0,126.0,279.0,0.4855305466237942,0.4701492537313433,0.8328358208955224,269,336,312.0
1.3.6.1.4.1.14519.5.2.1.6279.6001.270215889102603268207599305185,4,0,151.0,125.0,275.0,0.4855305466237942,0.4664179104477612,0.8208955223880597,269,336,312.0
1.3.6.1.4.1.14519.5.2.1.6279.6001.270390050141765094612147226290,0,0,154.0,102.08641815185547,109.41975402832031,0.5480427046263345,0.44971990375266724,0.33258283899185503,228,330,282.0
1.3.6.1.4.1.14519.5.2.1.6279.6001.270390050141765094612147226290,1,0,154.0,102.0,103.0,0.5480427046263345,0.44933920704845814,0.3130699088145897,228,330,282.0
1.3.6.1.4.1.14519.5.2.1.6279.6001.270390050141765094612147226290,2,0,154.0,96.0,112.0,0.5480427046263345,0.42290748898678415,0.3404255319148936,228,330,282.0
1.3.6.1.4.1.14519.5.2.1.6279.6001.270390050141765094612147226290,3,0,154.0,107.0,114.0,0.5480427046263345,0.4713656387665198,0.3465045592705167,228,330,282.0
1.3.6.1.4.1.14519.5.2.1.6279.6001.270390050141765094612147226290,4,0,154.0,103.0,103.0,0.5480427046263345,0.45374449339207046,0.3130699088145897,228,330,282.0
1.3.6.1.4.1.14519.5.2.1.6279.6001.270390050141765094612147226290,5,1,95.0,57.74074172973633,87.40740966796875,0.33807829181494664,0.2543645010120543,0.26567601722786854,228,330,282.0
1.3.6.1.4.1.14519.5.2.1.6279.6001.270390050141765094612147226290,6,1,95.0,57.0,84.0,0.33807829181494664,0.2511013215859031,0.2553191489361702,228,330,282.0
1.3.6.1.4.1.14519.5.2.1.6279.6001.270390050141765094612147226290,7,1,95.0,55.0,90.0,0.33807829181494664,0.2422907488986784,0.2735562310030395,228,330,282.0
1.3.6.1.4.1.14519.5.2.1.6279.6001.270390050141765094612147226290,8,1,95.0,61.0,89.0,0.33807829181494664,0.2687224669603524,0.270516717325228,228,330,282.0
1.3.6.1.4.1.14519.5.2.1.6279.6001.270390050141765094612147226290,9,1,95.0,58.0,84.0,0.33807829181494664,0.2555066079295154,0.2553191489361702,228,330,282.0
1.3.6.1.4.1.14519.5.2.1.6279.6001.270390050141765094612147226290,10,2,145.0,82.11111450195312,273.27777099609375,0.5160142348754448,0.36172297137424286,0.8306315227844795,228,330,282.0
1.3.6.1.4.1.14519.5.2.1.6279.6001.270390050141765094612147226290,11,2,145.0,82.0,271.0,0.5160142348754448,0.36123348017621143,0.8237082066869301,228,330,282.0
1.3.6.1.4.1.14519.5.2.1.6279.6001.270390050141765094612147226290,12,2,145.0,80.0,274.0,0.5160142348754448,0.3524229074889868,0.8328267477203647,228,330,282.0
1.3.6.1.4.1.14519.5.2.1.6279.6001.270390050141765094612147226290,13,2,145.0,83.0,275.0,0.5160142348754448,0.3656387665198238,0.8358662613981763,228,330,282.0
1.3.6.1.4.1.14519.5.2.1.6279.6001.270390050141765094612147226290,14,2,145.0,83.0,272.0,0.5160142348754448,0.3656387665198238,0.8267477203647416,228,330,282.0
1.3.6.1.4.1.14519.5.2.1.6279.6001.270951128717816232360812849541,0,0,139.0,186.5,232.86207580566406,0.468013468013468,0.8288888888888889,0.7254270274319753,226,322,298.0
1.3.6.1.4.1.14519.5.2.1.6279.6001.270951128717816232360812849541,1,0,139.0,186.0,229.0,0.468013468013468,0.8266666666666667,0.7133956386292835,226,322,298.0
1.3.6.1.4.1.14519.5.2.1.6279.6001.270951128717816232360812849541,2,0,139.0,183.0,235.0,0.468013468013468,0.8133333333333334,0.7320872274143302,226,322,298.0
1.3.6.1.4.1.14519.5.2.1.6279.6001.270951128717816232360812849541,3,0,139.0,190.0,235.0,0.468013468013468,0.8444444444444444,0.7320872274143302,226,322,298.0
1.3.6.1.4.1.14519.5.2.1.6279.6001.270951128717816232360812849541,4,0,139.0,187.0,229.0,0.468013468013468,0.8311111111111111,0.7133956386292835,226,322,298.0
1.3.6.1.4.1.14519.5.2.1.6279.6001.271220641987745483198036913951,0,0,204.0,215.7088623046875,68.2911376953125,0.6017699115044248,0.7676471968138345,0.19623890142331177,282,349,340.0
1.3.6.1.4.1.14519.5.2.1.6279.6001.271220641987745483198036913951,1,0,204.0,215.0,64.0,0.6017699115044248,0.7651245551601423,0.1839080459770115,282,349,340.0
1.3.6.1.4.1.14519.5.2.1.6279.6001.271220641987745483198036913951,2,0,204.0,212.0,70.0,0.6017699115044248,0.7544483985765125,0.20114942528735633,282,349,340.0
1.3.6.1.4.1.14519.5.2.1.6279.6001.271220641987745483198036913951,3,0,204.0,219.0,71.0,0.6017699115044248,0.7793594306049823,0.20402298850574713,282,349,340.0
1.3.6.1.4.1.14519.5.2.1.6279.6001.271220641987745483198036913951,4,0,204.0,216.0,64.0,0.6017699115044248,0.7686832740213523,0.1839080459770115,282,349,340.0
1.3.6.1.4.1.14519.5.2.1.6279.6001.271307051432838466826189754230,0,0,59.0,75.57186889648438,274.61163330078125,0.21532846715328466,0.39360348383585614,0.9215155479891989,193,299,275.0
1.3.6.1.4.1.14519.5.2.1.6279.6001.271307051432838466826189754230,1,0,59.0,75.0,265.0,0.21532846715328466,0.390625,0.889261744966443,193,299,275.0
1.3.6.1.4.1.14519.5.2.1.6279.6001.271307051432838466826189754230,2,0,59.0,67.0,279.0,0.21532846715328466,0.3489583333333333,0.9362416107382551,193,299,275.0
1.3.6.1.4.1.14519.5.2.1.6279.6001.271307051432838466826189754230,3,0,59.0,84.0,280.0,0.21532846715328466,0.4375,0.9395973154362416,193,299,275.0
1.3.6.1.4.1.14519.5.2.1.6279.6001.271307051432838466826189754230,4,0,59.0,76.0,265.0,0.21532846715328466,0.3958333333333333,0.889261744966443,193,299,275.0
1.3.6.1.4.1.14519.5.2.1.6279.6001.272042302501586336192628818865,0,0,213.0,149.75,174.25,0.7773722627737226,0.6626106194690266,0.5584935897435898,227,313,275.0
1.3.6.1.4.1.14519.5.2.1.6279.6001.272042302501586336192628818865,1,0,213.0,149.0,172.0,0.7773722627737226,0.6592920353982301,0.5512820512820513,227,313,275.0
1.3.6.1.4.1.14519.5.2.1.6279.6001.272042302501586336192628818865,2,0,213.0,148.0,175.0,0.7773722627737226,0.6548672566371682,0.5608974358974359,227,313,275.0
1.3.6.1.4.1.14519.5.2.1.6279.6001.272042302501586336192628818865,3,0,213.0,151.0,176.0,0.7773722627737226,0.668141592920354,0.5641025641025641,227,313,275.0
1.3.6.1.4.1.14519.5.2.1.6279.6001.272042302501586336192628818865,4,0,213.0,150.0,172.0,0.7773722627737226,0.6637168141592921,0.5512820512820513,227,313,275.0
1.3.6.1.4.1.14519.5.2.1.6279.6001.272123398257168239653655006815,0,0,109.0,165.5,290.2931823730469,0.3811188811188811,0.6700404858299596,0.8512996550529234,248,342,287.0
1.3.6.1.4.1.14519.5.2.1.6279.6001.272123398257168239653655006815,1,0,109.0,165.0,280.0,0.3811188811188811,0.6680161943319838,0.8211143695014663,248,342,287.0
1.3.6.1.4.1.14519.5.2.1.6279.6001.272123398257168239653655006815,2,0,109.0,156.0,295.0,0.3811188811188811,0.631578947368421,0.8651026392961877,248,342,287.0
1.3.6.1.4.1.14519.5.2.1.6279.6001.272123398257168239653655006815,3,0,109.0,174.0,296.0,0.3811188811188811,0.7044534412955465,0.8680351906158358,248,342,287.0
1.3.6.1.4.1.14519.5.2.1.6279.6001.272123398257168239653655006815,4,0,109.0,166.0,280.0,0.3811188811188811,0.6720647773279352,0.8211143695014663,248,342,287.0
1.3.6.1.4.1.14519.5.2.1.6279.6001.272123398257168239653655006815,5,1,150.0,128.34384155273438,268.3028259277344,0.5244755244755245,0.5196106945454833,0.7868118062396903,248,342,287.0
1.3.6.1.4.1.14519.5.2.1.6279.6001.272123398257168239653655006815,6,1,150.0,128.0,259.0,0.5244755244755245,0.5182186234817814,0.7595307917888563,248,342,287.0
1.3.6.1.4.1.14519.5.2.1.6279.6001.272123398257168239653655006815,7,1,150.0,120.0,273.0,0.5244755244755245,0.48582995951417,0.8005865102639296,248,342,287.0
1.3.6.1.4.1.14519.5.2.1.6279.6001.272123398257168239653655006815,8,1,150.0,137.0,273.0,0.5244755244755245,0.5546558704453441,0.8005865102639296,248,342,287.0
1.3.6.1.4.1.14519.5.2.1.6279.6001.272123398257168239653655006815,9,1,150.0,129.0,259.0,0.5244755244755245,0.5222672064777328,0.7595307917888563,248,342,287.0
1.3.6.1.4.1.14519.5.2.1.6279.6001.272123398257168239653655006815,10,2,184.0,53.387977600097656,124.3060073852539,0.6433566433566433,0.21614565829999052,0.364533745997812,248,342,287.0
1.3.6.1.4.1.14519.5.2.1.6279.6001.272123398257168239653655006815,11,2,184.0,53.0,117.0,0.6433566433566433,0.2145748987854251,0.34310850439882695,248,342,287.0
1.3.6.1.4.1.14519.5.2.1.6279.6001.272123398257168239653655006815,12,2,184.0,47.0,127.0,0.6433566433566433,0.1902834008097166,0.3724340175953079,248,342,287.0
1.3.6.1.4.1.14519.5.2.1.6279.6001.272123398257168239653655006815,13,2,184.0,59.0,129.0,0.6433566433566433,0.2388663967611336,0.3782991202346041,248,342,287.0
1.3.6.1.4.1.14519.5.2.1.6279.6001.272123398257168239653655006815,14,2,184.0,54.0,117.0,0.6433566433566433,0.21862348178137653,0.34310850439882695,248,342,287.0
1.3.6.1.4.1.14519.5.2.1.6279.6001.272190966764020277652079081128,0,0,82.0,179.9322052001953,97.47457885742188,0.34024896265560167,0.8253770880742904,0.32276350615040356,219,303,242.0
1.3.6.1.4.1.14519.5.2.1.6279.6001.272190966764020277652079081128,1,0,82.0,179.0,94.0,0.34024896265560167,0.8211009174311926,0.31125827814569534,219,303,242.0
1.3.6.1.4.1.14519.5.2.1.6279.6001.272190966764020277652079081128,2,0,82.0,177.0,100.0,0.34024896265560167,0.8119266055045872,0.33112582781456956,219,303,242.0
1.3.6.1.4.1.14519.5.2.1.6279.6001.272190966764020277652079081128,3,0,82.0,183.0,99.0,0.34024896265560167,0.8394495412844036,0.32781456953642385,219,303,242.0
1.3.6.1.4.1.14519.5.2.1.6279.6001.272190966764020277652079081128,4,0,82.0,180.0,94.0,0.34024896265560167,0.8256880733944955,0.31125827814569534,219,303,242.0
1.3.6.1.4.1.14519.5.2.1.6279.6001.272190966764020277652079081128,5,1,179.0,140.10256958007812,54.71794891357422,0.7427385892116183,0.6426723375232941,0.1811852613032259,219,303,242.0
1.3.6.1.4.1.14519.5.2.1.6279.6001.272190966764020277652079081128,6,1,179.0,140.0,52.0,0.7427385892116183,0.6422018348623854,0.17218543046357615,219,303,242.0
1.3.6.1.4.1.14519.5.2.1.6279.6001.272190966764020277652079081128,7,1,179.0,137.0,55.0,0.7427385892116183,0.6284403669724771,0.18211920529801323,219,303,242.0
1.3.6.1.4.1.14519.5.2.1.6279.6001.272190966764020277652079081128,8,1,179.0,142.0,57.0,0.7427385892116183,0.6513761467889908,0.18874172185430463,219,303,242.0
1.3.6.1.4.1.14519.5.2.1.6279.6001.272190966764020277652079081128,9,1,179.0,141.0,52.0,0.7427385892116183,0.6467889908256881,0.17218543046357615,219,303,242.0
1.3.6.1.4.1.14519.5.2.1.6279.6001.272344603176687884771013620823,0,0,199.0,91.52755737304688,248.6981658935547,0.7343173431734318,0.4817239861739309,0.8022521480437248,191,311,272.0
1.3.6.1.4.1.14519.5.2.1.6279.6001.272344603176687884771013620823,1,0,199.0,91.0,238.0,0.7343173431734318,0.4789473684210526,0.7677419354838709,191,311,272.0
1.3.6.1.4.1.14519.5.2.1.6279.6001.272344603176687884771013620823,2,0,199.0,82.0,253.0,0.7343173431734318,0.43157894736842106,0.8161290322580645,191,311,272.0
1.3.6.1.4.1.14519.5.2.1.6279.6001.272344603176687884771013620823,3,0,199.0,101.0,254.0,0.7343173431734318,0.531578947368421,0.8193548387096774,191,311,272.0
1.3.6.1.4.1.14519.5.2.1.6279.6001.272344603176687884771013620823,4,0,199.0,92.0,238.0,0.7343173431734318,0.4842105263157895,0.7677419354838709,191,311,272.0
1.3.6.1.4.1.14519.5.2.1.6279.6001.272348349298439120568330857680,0,0,228.0,128.8431396484375,112.5,0.7215189873417721,0.602070746020736,0.35377358490566035,215,319,317.0
1.3.6.1.4.1.14519.5.2.1.6279.6001.272348349298439120568330857680,1,0,228.0,128.0,102.0,0.7215189873417721,0.5981308411214953,0.32075471698113206,215,319,317.0
1.3.6.1.4.1.14519.5.2.1.6279.6001.272348349298439120568330857680,2,0,228.0,119.0,118.0,0.7215189873417721,0.5560747663551402,0.3710691823899371,215,319,317.0
1.3.6.1.4.1.14519.5.2.1.6279.6001.272348349298439120568330857680,3,0,228.0,138.0,118.0,0.7215189873417721,0.6448598130841121,0.3710691823899371,215,319,317.0
1.3.6.1.4.1.14519.5.2.1.6279.6001.272348349298439120568330857680,4,0,228.0,129.0,102.0,0.7215189873417721,0.602803738317757,0.32075471698113206,215,319,317.0
1.3.6.1.4.1.14519.5.2.1.6279.6001.272961322147784625028175033640,0,0,106.0,158.27586364746094,41.58620834350586,0.3706293706293706,0.7501225765282509,0.14241852172433514,212,293,287.0
1.3.6.1.4.1.14519.5.2.1.6279.6001.272961322147784625028175033640,1,0,106.0,158.0,39.0,0.3706293706293706,0.7488151658767772,0.13356164383561644,212,293,287.0
1.3.6.1.4.1.14519.5.2.1.6279.6001.272961322147784625028175033640,2,0,106.0,156.0,42.0,0.3706293706293706,0.7393364928909952,0.14383561643835616,212,293,287.0
1.3.6.1.4.1.14519.5.2.1.6279.6001.272961322147784625028175033640,3,0,106.0,160.0,44.0,0.3706293706293706,0.7582938388625592,0.1506849315068493,212,293,287.0
1.3.6.1.4.1.14519.5.2.1.6279.6001.272961322147784625028175033640,4,0,106.0,159.0,39.0,0.3706293706293706,0.7535545023696683,0.13356164383561644,212,293,287.0
1.3.6.1.4.1.14519.5.2.1.6279.6001.273525289046256012743471155680,0,0,133.0,158.5,257.71429443359375,0.5155038759689923,0.7044444444444444,0.7809524073745265,226,331,259.0
1.3.6.1.4.1.14519.5.2.1.6279.6001.273525289046256012743471155680,1,0,133.0,158.0,256.0,0.5155038759689923,0.7022222222222222,0.7757575757575758,226,331,259.0
1.3.6.1.4.1.14519.5.2.1.6279.6001.273525289046256012743471155680,2,0,133.0,157.0,259.0,0.5155038759689923,0.6977777777777778,0.7848484848484848,226,331,259.0
1.3.6.1.4.1.14519.5.2.1.6279.6001.273525289046256012743471155680,3,0,133.0,160.0,259.0,0.5155038759689923,0.7111111111111111,0.7848484848484848,226,331,259.0
1.3.6.1.4.1.14519.5.2.1.6279.6001.273525289046256012743471155680,4,0,133.0,159.0,256.0,0.5155038759689923,0.7066666666666667,0.7757575757575758,226,331,259.0
1.3.6.1.4.1.14519.5.2.1.6279.6001.274052674198758621258447180130,0,0,147.0,130.63333129882812,76.36666870117188,0.5306859205776173,0.5831845147269112,0.2386458396911621,225,321,278.0
1.3.6.1.4.1.14519.5.2.1.6279.6001.274052674198758621258447180130,1,0,147.0,130.0,74.0,0.5306859205776173,0.5803571428571429,0.23125,225,321,278.0
1.3.6.1.4.1.14519.5.2.1.6279.6001.274052674198758621258447180130,2,0,147.0,128.0,77.0,0.5306859205776173,0.5714285714285714,0.240625,225,321,278.0
1.3.6.1.4.1.14519.5.2.1.6279.6001.274052674198758621258447180130,3,0,147.0,133.0,78.0,0.5306859205776173,0.59375,0.24375,225,321,278.0
1.3.6.1.4.1.14519.5.2.1.6279.6001.274052674198758621258447180130,4,0,147.0,131.0,74.0,0.5306859205776173,0.5848214285714286,0.23125,225,321,278.0
1.3.6.1.4.1.14519.5.2.1.6279.6001.274052674198758621258447180130,5,1,98.0,197.5,81.21428680419922,0.35379061371841153,0.8816964285714286,0.25379464626312254,225,321,278.0
1.3.6.1.4.1.14519.5.2.1.6279.6001.274052674198758621258447180130,6,1,98.0,197.0,79.0,0.35379061371841153,0.8794642857142857,0.246875,225,321,278.0
1.3.6.1.4.1.14519.5.2.1.6279.6001.274052674198758621258447180130,7,1,98.0,195.0,82.0,0.35379061371841153,0.8705357142857143,0.25625,225,321,278.0
1.3.6.1.4.1.14519.5.2.1.6279.6001.274052674198758621258447180130,8,1,98.0,199.0,83.0,0.35379061371841153,0.8883928571428571,0.259375,225,321,278.0
1.3.6.1.4.1.14519.5.2.1.6279.6001.274052674198758621258447180130,9,1,98.0,198.0,79.0,0.35379061371841153,0.8839285714285714,0.246875,225,321,278.0
1.3.6.1.4.1.14519.5.2.1.6279.6001.275007193025729362844652516689,0,0,84.0,69.5,106.3671875,0.3333333333333333,0.34577114427860695,0.3839970667870036,202,278,253.0
1.3.6.1.4.1.14519.5.2.1.6279.6001.275007193025729362844652516689,1,0,84.0,69.0,98.0,0.3333333333333333,0.34328358208955223,0.35379061371841153,202,278,253.0
1.3.6.1.4.1.14519.5.2.1.6279.6001.275007193025729362844652516689,2,0,84.0,62.0,110.0,0.3333333333333333,0.30845771144278605,0.3971119133574007,202,278,253.0
1.3.6.1.4.1.14519.5.2.1.6279.6001.275007193025729362844652516689,3,0,84.0,77.0,111.0,0.3333333333333333,0.38308457711442784,0.4007220216606498,202,278,253.0
1.3.6.1.4.1.14519.5.2.1.6279.6001.275007193025729362844652516689,4,0,84.0,70.0,98.0,0.3333333333333333,0.3482587064676617,0.35379061371841153,202,278,253.0
1.3.6.1.4.1.14519.5.2.1.6279.6001.275007193025729362844652516689,5,1,90.0,66.41874694824219,39.0,0.35714285714285715,0.33044152710568253,0.1407942238267148,202,278,253.0
1.3.6.1.4.1.14519.5.2.1.6279.6001.275007193025729362844652516689,6,1,90.0,66.0,32.0,0.35714285714285715,0.3283582089552239,0.11552346570397112,202,278,253.0
1.3.6.1.4.1.14519.5.2.1.6279.6001.275007193025729362844652516689,7,1,90.0,60.0,42.0,0.35714285714285715,0.29850746268656714,0.15162454873646208,202,278,253.0
1.3.6.1.4.1.14519.5.2.1.6279.6001.275007193025729362844652516689,8,1,90.0,72.0,43.0,0.35714285714285715,0.3582089552238806,0.1552346570397112,202,278,253.0
1.3.6.1.4.1.14519.5.2.1.6279.6001.275007193025729362844652516689,9,1,90.0,67.0,32.0,0.35714285714285715,0.3333333333333333,0.11552346570397112,202,278,253.0
1.3.6.1.4.1.14519.5.2.1.6279.6001.275007193025729362844652516689,10,2,75.0,31.0,224.0,0.2976190476190476,0.15422885572139303,0.8086642599277978,202,278,253.0
1.3.6.1.4.1.14519.5.2.1.6279.6001.275007193025729362844652516689,11,2,75.0,30.0,222.0,0.2976190476190476,0.14925373134328357,0.8014440433212996,202,278,253.0
1.3.6.1.4.1.14519.5.2.1.6279.6001.275007193025729362844652516689,12,2,75.0,29.0,225.0,0.2976190476190476,0.14427860696517414,0.8122743682310469,202,278,253.0
1.3.6.1.4.1.14519.5.2.1.6279.6001.275007193025729362844652516689,13,2,75.0,33.0,225.0,0.2976190476190476,0.16417910447761194,0.8122743682310469,202,278,253.0
1.3.6.1.4.1.14519.5.2.1.6279.6001.275007193025729362844652516689,14,2,75.0,31.0,222.0,0.2976190476190476,0.15422885572139303,0.8014440433212996,202,278,253.0
1.3.6.1.4.1.14519.5.2.1.6279.6001.275755514659958628040305922764,0,0,81.0,28.5,131.5,0.29454545454545455,0.12337662337662338,0.37464387464387466,232,352,276.0
1.3.6.1.4.1.14519.5.2.1.6279.6001.275755514659958628040305922764,1,0,81.0,28.0,128.0,0.29454545454545455,0.12121212121212122,0.3646723646723647,232,352,276.0
1.3.6.1.4.1.14519.5.2.1.6279.6001.275755514659958628040305922764,2,0,81.0,25.0,133.0,0.29454545454545455,0.10822510822510822,0.3789173789173789,232,352,276.0
1.3.6.1.4.1.14519.5.2.1.6279.6001.275755514659958628040305922764,3,0,81.0,31.0,134.0,0.29454545454545455,0.1341991341991342,0.3817663817663818,232,352,276.0
1.3.6.1.4.1.14519.5.2.1.6279.6001.275755514659958628040305922764,4,0,81.0,29.0,128.0,0.29454545454545455,0.12554112554112554,0.3646723646723647,232,352,276.0
1.3.6.1.4.1.14519.5.2.1.6279.6001.275755514659958628040305922764,5,1,115.0,56.35416793823242,88.64583587646484,0.41818181818181815,0.2439574369620451,0.2525522389642873,232,352,276.0
1.3.6.1.4.1.14519.5.2.1.6279.6001.275755514659958628040305922764,6,1,115.0,56.0,85.0,0.41818181818181815,0.24242424242424243,0.24216524216524216,232,352,276.0
1.3.6.1.4.1.14519.5.2.1.6279.6001.275755514659958628040305922764,7,1,115.0,53.0,90.0,0.41818181818181815,0.22943722943722944,0.2564102564102564,232,352,276.0
1.3.6.1.4.1.14519.5.2.1.6279.6001.275755514659958628040305922764,8,1,115.0,59.0,91.0,0.41818181818181815,0.2554112554112554,0.25925925925925924,232,352,276.0
1.3.6.1.4.1.14519.5.2.1.6279.6001.275755514659958628040305922764,9,1,115.0,57.0,85.0,0.41818181818181815,0.24675324675324675,0.24216524216524216,232,352,276.0
1.3.6.1.4.1.14519.5.2.1.6279.6001.275755514659958628040305922764,10,2,74.0,168.92105102539062,300.368408203125,0.2690909090909091,0.7312599611488771,0.8557504507211539,232,352,276.0
1.3.6.1.4.1.14519.5.2.1.6279.6001.275755514659958628040305922764,11,2,74.0,168.0,298.0,0.2690909090909091,0.7272727272727273,0.8490028490028491,232,352,276.0
1.3.6.1.4.1.14519.5.2.1.6279.6001.275755514659958628040305922764,12,2,74.0,166.0,302.0,0.2690909090909091,0.7186147186147186,0.8603988603988604,232,352,276.0
1.3.6.1.4.1.14519.5.2.1.6279.6001.275755514659958628040305922764,13,2,74.0,171.0,302.0,0.2690909090909091,0.7402597402597403,0.8603988603988604,232,352,276.0
1.3.6.1.4.1.14519.5.2.1.6279.6001.275755514659958628040305922764,14,2,74.0,169.0,297.0,0.2690909090909091,0.7316017316017316,0.8461538461538461,232,352,276.0
1.3.6.1.4.1.14519.5.2.1.6279.6001.275755514659958628040305922764,15,3,68.0,195.5,65.21428680419922,0.24727272727272728,0.8463203463203464,0.18579568890085246,232,352,276.0
1.3.6.1.4.1.14519.5.2.1.6279.6001.275755514659958628040305922764,16,3,68.0,195.0,63.0,0.24727272727272728,0.8441558441558441,0.1794871794871795,232,352,276.0
1.3.6.1.4.1.14519.5.2.1.6279.6001.275755514659958628040305922764,17,3,68.0,193.0,66.0,0.24727272727272728,0.8354978354978355,0.18803418803418803,232,352,276.0
1.3.6.1.4.1.14519.5.2.1.6279.6001.275755514659958628040305922764,18,3,68.0,197.0,67.0,0.24727272727272728,0.8528138528138528,0.1908831908831909,232,352,276.0
1.3.6.1.4.1.14519.5.2.1.6279.6001.275755514659958628040305922764,19,3,68.0,196.0,63.0,0.24727272727272728,0.8484848484848485,0.1794871794871795,232,352,276.0
1.3.6.1.4.1.14519.5.2.1.6279.6001.275755514659958628040305922764,20,4,90.0,29.0,81.0,0.32727272727272727,0.12554112554112554,0.23076923076923078,232,352,276.0
1.3.6.1.4.1.14519.5.2.1.6279.6001.275755514659958628040305922764,21,4,90.0,28.0,79.0,0.32727272727272727,0.12121212121212122,0.22507122507122507,232,352,276.0
1.3.6.1.4.1.14519.5.2.1.6279.6001.275755514659958628040305922764,22,4,90.0,27.0,82.0,0.32727272727272727,0.11688311688311688,0.2336182336182336,232,352,276.0
1.3.6.1.4.1.14519.5.2.1.6279.6001.275755514659958628040305922764,23,4,90.0,31.0,82.0,0.32727272727272727,0.1341991341991342,0.2336182336182336,232,352,276.0
1.3.6.1.4.1.14519.5.2.1.6279.6001.275755514659958628040305922764,24,4,90.0,29.0,79.0,0.32727272727272727,0.12554112554112554,0.22507122507122507,232,352,276.0
1.3.6.1.4.1.14519.5.2.1.6279.6001.275766318636944297772360944907,0,0,27.0,192.5,194.0,0.10150375939849623,0.8406113537117904,0.6006191950464397,230,324,267.0
1.3.6.1.4.1.14519.5.2.1.6279.6001.275766318636944297772360944907,1,0,27.0,192.0,190.0,0.10150375939849623,0.8384279475982532,0.5882352941176471,230,324,267.0
1.3.6.1.4.1.14519.5.2.1.6279.6001.275766318636944297772360944907,2,0,27.0,189.0,196.0,0.10150375939849623,0.8253275109170306,0.6068111455108359,230,324,267.0
1.3.6.1.4.1.14519.5.2.1.6279.6001.275766318636944297772360944907,3,0,27.0,196.0,196.0,0.10150375939849623,0.8558951965065502,0.6068111455108359,230,324,267.0
1.3.6.1.4.1.14519.5.2.1.6279.6001.275766318636944297772360944907,4,0,27.0,193.0,190.0,0.10150375939849623,0.8427947598253275,0.5882352941176471,230,324,267.0
1.3.6.1.4.1.14519.5.2.1.6279.6001.275766318636944297772360944907,5,1,135.0,52.70833206176758,85.5,0.5075187969924813,0.23016738891601562,0.2647058823529412,230,324,267.0
1.3.6.1.4.1.14519.5.2.1.6279.6001.275766318636944297772360944907,6,1,135.0,52.0,82.0,0.5075187969924813,0.22707423580786026,0.25386996904024767,230,324,267.0
1.3.6.1.4.1.14519.5.2.1.6279.6001.275766318636944297772360944907,7,1,135.0,50.0,87.0,0.5075187969924813,0.2183406113537118,0.2693498452012384,230,324,267.0
1.3.6.1.4.1.14519.5.2.1.6279.6001.275766318636944297772360944907,8,1,135.0,55.0,88.0,0.5075187969924813,0.24017467248908297,0.2724458204334365,230,324,267.0
1.3.6.1.4.1.14519.5.2.1.6279.6001.275766318636944297772360944907,9,1,135.0,53.0,82.0,0.5075187969924813,0.2314410480349345,0.25386996904024767,230,324,267.0
1.3.6.1.4.1.14519.5.2.1.6279.6001.275986221854423197884953496664,0,0,99.0,82.90908813476562,47.90909194946289,0.38671875,0.49350647699265254,0.1886184722419799,169,255,257.0
1.3.6.1.4.1.14519.5.2.1.6279.6001.275986221854423197884953496664,1,0,99.0,82.0,46.0,0.38671875,0.4880952380952381,0.18110236220472442,169,255,257.0
1.3.6.1.4.1.14519.5.2.1.6279.6001.275986221854423197884953496664,2,0,99.0,81.0,49.0,0.38671875,0.48214285714285715,0.19291338582677164,169,255,257.0
1.3.6.1.4.1.14519.5.2.1.6279.6001.275986221854423197884953496664,3,0,99.0,85.0,49.0,0.38671875,0.5059523809523809,0.19291338582677164,169,255,257.0
1.3.6.1.4.1.14519.5.2.1.6279.6001.275986221854423197884953496664,4,0,99.0,83.0,46.0,0.38671875,0.49404761904761907,0.18110236220472442,169,255,257.0
1.3.6.1.4.1.14519.5.2.1.6279.6001.275986221854423197884953496664,5,1,112.0,45.5,75.28571319580078,0.4375,0.2708333333333333,0.29640044565275897,169,255,257.0
1.3.6.1.4.1.14519.5.2.1.6279.6001.275986221854423197884953496664,6,1,112.0,45.0,74.0,0.4375,0.26785714285714285,0.29133858267716534,169,255,257.0
1.3.6.1.4.1.14519.5.2.1.6279.6001.275986221854423197884953496664,7,1,112.0,44.0,76.0,0.4375,0.2619047619047619,0.2992125984251969,169,255,257.0
1.3.6.1.4.1.14519.5.2.1.6279.6001.275986221854423197884953496664,8,1,112.0,47.0,76.0,0.4375,0.27976190476190477,0.2992125984251969,169,255,257.0
1.3.6.1.4.1.14519.5.2.1.6279.6001.275986221854423197884953496664,9,1,112.0,46.0,74.0,0.4375,0.27380952380952384,0.29133858267716534,169,255,257.0
1.3.6.1.4.1.14519.5.2.1.6279.6001.276556509002726404418399209377,0,0,127.0,26.0,87.08695983886719,0.41776315789473684,0.11353711790393013,0.26961907070856717,230,324,305.0
1.3.6.1.4.1.14519.5.2.1.6279.6001.276556509002726404418399209377,1,0,127.0,25.0,84.0,0.41776315789473684,0.1091703056768559,0.26006191950464397,230,324,305.0
1.3.6.1.4.1.14519.5.2.1.6279.6001.276556509002726404418399209377,2,0,127.0,23.0,89.0,0.41776315789473684,0.10043668122270742,0.2755417956656347,230,324,305.0
1.3.6.1.4.1.14519.5.2.1.6279.6001.276556509002726404418399209377,3,0,127.0,29.0,89.0,0.41776315789473684,0.12663755458515283,0.2755417956656347,230,324,305.0
1.3.6.1.4.1.14519.5.2.1.6279.6001.276556509002726404418399209377,4,0,127.0,26.0,84.0,0.41776315789473684,0.11353711790393013,0.26006191950464397,230,324,305.0
1.3.6.1.4.1.14519.5.2.1.6279.6001.276556509002726404418399209377,5,1,152.0,139.54286193847656,56.91428756713867,0.5,0.6093574757138714,0.176205224666064,230,324,305.0
1.3.6.1.4.1.14519.5.2.1.6279.6001.276556509002726404418399209377,6,1,152.0,139.0,54.0,0.5,0.6069868995633187,0.16718266253869968,230,324,305.0
1.3.6.1.4.1.14519.5.2.1.6279.6001.276556509002726404418399209377,7,1,152.0,137.0,58.0,0.5,0.5982532751091703,0.17956656346749225,230,324,305.0
1.3.6.1.4.1.14519.5.2.1.6279.6001.276556509002726404418399209377,8,1,152.0,142.0,59.0,0.5,0.6200873362445415,0.1826625386996904,230,324,305.0
1.3.6.1.4.1.14519.5.2.1.6279.6001.276556509002726404418399209377,9,1,152.0,140.0,54.0,0.5,0.611353711790393,0.16718266253869968,230,324,305.0
1.3.6.1.4.1.14519.5.2.1.6279.6001.276710697414087561012670296643,0,0,138.0,174.0,197.84945678710938,0.5073529411764706,0.883248730964467,0.6869772805107964,198,289,273.0
1.3.6.1.4.1.14519.5.2.1.6279.6001.276710697414087561012670296643,1,0,138.0,173.0,193.0,0.5073529411764706,0.8781725888324873,0.6701388888888888,198,289,273.0
1.3.6.1.4.1.14519.5.2.1.6279.6001.276710697414087561012670296643,2,0,138.0,170.0,201.0,0.5073529411764706,0.8629441624365483,0.6979166666666666,198,289,273.0
1.3.6.1.4.1.14519.5.2.1.6279.6001.276710697414087561012670296643,3,0,138.0,178.0,200.0,0.5073529411764706,0.9035532994923858,0.6944444444444444,198,289,273.0
1.3.6.1.4.1.14519.5.2.1.6279.6001.276710697414087561012670296643,4,0,138.0,174.0,193.0,0.5073529411764706,0.883248730964467,0.6701388888888888,198,289,273.0
1.3.6.1.4.1.14519.5.2.1.6279.6001.277445975068759205899107114231,0,0,98.0,166.25,73.75,0.358974358974359,0.8149509803921569,0.2534364261168385,205,292,274.0
1.3.6.1.4.1.14519.5.2.1.6279.6001.277445975068759205899107114231,1,0,98.0,166.0,72.0,0.358974358974359,0.8137254901960784,0.24742268041237114,205,292,274.0
1.3.6.1.4.1.14519.5.2.1.6279.6001.277445975068759205899107114231,2,0,98.0,164.0,74.0,0.358974358974359,0.803921568627451,0.2542955326460481,205,292,274.0
1.3.6.1.4.1.14519.5.2.1.6279.6001.277445975068759205899107114231,3,0,98.0,168.0,75.0,0.358974358974359,0.8235294117647058,0.25773195876288657,205,292,274.0
1.3.6.1.4.1.14519.5.2.1.6279.6001.277445975068759205899107114231,4,0,98.0,167.0,72.0,0.358974358974359,0.8186274509803921,0.24742268041237114,205,292,274.0
1.3.6.1.4.1.14519.5.2.1.6279.6001.277445975068759205899107114231,5,1,103.0,185.5,82.5,0.3772893772893773,0.9093137254901961,0.28350515463917525,205,292,274.0
1.3.6.1.4.1.14519.5.2.1.6279.6001.277445975068759205899107114231,6,1,103.0,185.0,81.0,0.3772893772893773,0.9068627450980392,0.27835051546391754,205,292,274.0
1.3.6.1.4.1.14519.5.2.1.6279.6001.277445975068759205899107114231,7,1,103.0,184.0,83.0,0.3772893772893773,0.9019607843137255,0.2852233676975945,205,292,274.0
1.3.6.1.4.1.14519.5.2.1.6279.6001.277445975068759205899107114231,8,1,103.0,187.0,84.0,0.3772893772893773,0.9166666666666666,0.28865979381443296,205,292,274.0
1.3.6.1.4.1.14519.5.2.1.6279.6001.277445975068759205899107114231,9,1,103.0,186.0,81.0,0.3772893772893773,0.9117647058823529,0.27835051546391754,205,292,274.0
1.3.6.1.4.1.14519.5.2.1.6279.6001.277452631455527999380186898011,0,0,195.0,91.0,216.0,0.6190476190476191,0.41363636363636364,0.6923076923076923,221,313,316.0
1.3.6.1.4.1.14519.5.2.1.6279.6001.277452631455527999380186898011,1,0,195.0,90.0,214.0,0.6190476190476191,0.4090909090909091,0.6858974358974359,221,313,316.0
1.3.6.1.4.1.14519.5.2.1.6279.6001.277452631455527999380186898011,2,0,195.0,89.0,218.0,0.6190476190476191,0.40454545454545454,0.6987179487179487,221,313,316.0
1.3.6.1.4.1.14519.5.2.1.6279.6001.277452631455527999380186898011,3,0,195.0,93.0,217.0,0.6190476190476191,0.42272727272727273,0.6955128205128205,221,313,316.0
1.3.6.1.4.1.14519.5.2.1.6279.6001.277452631455527999380186898011,4,0,195.0,91.0,214.0,0.6190476190476191,0.41363636363636364,0.6858974358974359,221,313,316.0
1.3.6.1.4.1.14519.5.2.1.6279.6001.277662902666135640561346462196,0,0,196.0,111.5,271.5,0.6405228758169934,0.5091324200913242,0.8104477611940298,220,336,307.0
1.3.6.1.4.1.14519.5.2.1.6279.6001.277662902666135640561346462196,1,0,196.0,111.0,264.0,0.6405228758169934,0.5068493150684932,0.7880597014925373,220,336,307.0
1.3.6.1.4.1.14519.5.2.1.6279.6001.277662902666135640561346462196,2,0,196.0,105.0,275.0,0.6405228758169934,0.4794520547945205,0.8208955223880597,220,336,307.0
1.3.6.1.4.1.14519.5.2.1.6279.6001.277662902666135640561346462196,3,0,196.0,118.0,276.0,0.6405228758169934,0.5388127853881278,0.8238805970149253,220,336,307.0
1.3.6.1.4.1.14519.5.2.1.6279.6001.277662902666135640561346462196,4,0,196.0,112.0,264.0,0.6405228758169934,0.5114155251141552,0.7880597014925373,220,336,307.0
1.3.6.1.4.1.14519.5.2.1.6279.6001.278010349511857248000260557753,0,0,149.0,141.5,30.5,0.44744744744744747,0.6402714932126696,0.09186746987951808,222,333,334.0
1.3.6.1.4.1.14519.5.2.1.6279.6001.278010349511857248000260557753,1,0,149.0,141.0,28.0,0.44744744744744747,0.6380090497737556,0.08433734939759036,222,333,334.0
1.3.6.1.4.1.14519.5.2.1.6279.6001.278010349511857248000260557753,2,0,149.0,139.0,32.0,0.44744744744744747,0.6289592760180995,0.0963855421686747,222,333,334.0
1.3.6.1.4.1.14519.5.2.1.6279.6001.278010349511857248000260557753,3,0,149.0,144.0,32.0,0.44744744744744747,0.6515837104072398,0.0963855421686747,222,333,334.0
1.3.6.1.4.1.14519.5.2.1.6279.6001.278010349511857248000260557753,4,0,149.0,142.0,28.0,0.44744744744744747,0.6425339366515838,0.08433734939759036,222,333,334.0
1.3.6.1.4.1.14519.5.2.1.6279.6001.279300249795483097365868125932,0,0,259.0,85.86285400390625,194.24571228027344,0.8809523809523809,0.47968074862517457,0.6937346867152623,180,281,295.0
1.3.6.1.4.1.14519.5.2.1.6279.6001.279300249795483097365868125932,1,0,259.0,85.0,187.0,0.8809523809523809,0.4748603351955307,0.6678571428571428,180,281,295.0
1.3.6.1.4.1.14519.5.2.1.6279.6001.279300249795483097365868125932,2,0,259.0,80.0,198.0,0.8809523809523809,0.44692737430167595,0.7071428571428572,180,281,295.0
1.3.6.1.4.1.14519.5.2.1.6279.6001.279300249795483097365868125932,3,0,259.0,92.0,197.0,0.8809523809523809,0.5139664804469274,0.7035714285714286,180,281,295.0
1.3.6.1.4.1.14519.5.2.1.6279.6001.279300249795483097365868125932,4,0,259.0,86.0,187.0,0.8809523809523809,0.48044692737430167,0.6678571428571428,180,281,295.0
1.3.6.1.4.1.14519.5.2.1.6279.6001.280072876841890439628529365478,0,0,71.0,92.45249938964844,241.375,0.23588039867109634,0.4997432399440456,0.8469298245614035,186,286,302.0
1.3.6.1.4.1.14519.5.2.1.6279.6001.280072876841890439628529365478,1,0,71.0,92.0,231.0,0.23588039867109634,0.4972972972972973,0.8105263157894737,186,286,302.0
1.3.6.1.4.1.14519.5.2.1.6279.6001.280072876841890439628529365478,2,0,71.0,83.0,246.0,0.23588039867109634,0.4486486486486487,0.8631578947368421,186,286,302.0
1.3.6.1.4.1.14519.5.2.1.6279.6001.280072876841890439628529365478,3,0,71.0,102.0,247.0,0.23588039867109634,0.5513513513513514,0.8666666666666667,186,286,302.0
1.3.6.1.4.1.14519.5.2.1.6279.6001.280072876841890439628529365478,4,0,71.0,93.0,231.0,0.23588039867109634,0.5027027027027027,0.8105263157894737,186,286,302.0
1.3.6.1.4.1.14519.5.2.1.6279.6001.280072876841890439628529365478,5,1,137.0,23.5,82.13793182373047,0.45514950166112955,0.12702702702702703,0.288203269556949,186,286,302.0
1.3.6.1.4.1.14519.5.2.1.6279.6001.280072876841890439628529365478,6,1,137.0,23.0,78.0,0.45514950166112955,0.12432432432432433,0.2736842105263158,186,286,302.0
1.3.6.1.4.1.14519.5.2.1.6279.6001.280072876841890439628529365478,7,1,137.0,20.0,84.0,0.45514950166112955,0.10810810810810811,0.29473684210526313,186,286,302.0
1.3.6.1.4.1.14519.5.2.1.6279.6001.280072876841890439628529365478,8,1,137.0,27.0,84.0,0.45514950166112955,0.14594594594594595,0.29473684210526313,186,286,302.0
1.3.6.1.4.1.14519.5.2.1.6279.6001.280072876841890439628529365478,9,1,137.0,24.0,78.0,0.45514950166112955,0.12972972972972974,0.2736842105263158,186,286,302.0
1.3.6.1.4.1.14519.5.2.1.6279.6001.280072876841890439628529365478,10,2,189.0,49.5,48.869564056396484,0.627906976744186,0.26756756756756755,0.17147215458384732,186,286,302.0
1.3.6.1.4.1.14519.5.2.1.6279.6001.280072876841890439628529365478,11,2,189.0,49.0,46.0,0.627906976744186,0.2648648648648649,0.16140350877192983,186,286,302.0
1.3.6.1.4.1.14519.5.2.1.6279.6001.280072876841890439628529365478,12,2,189.0,46.0,50.0,0.627906976744186,0.24864864864864866,0.17543859649122806,186,286,302.0
1.3.6.1.4.1.14519.5.2.1.6279.6001.280072876841890439628529365478,13,2,189.0,52.0,51.0,0.627906976744186,0.2810810810810811,0.17894736842105263,186,286,302.0
1.3.6.1.4.1.14519.5.2.1.6279.6001.280072876841890439628529365478,14,2,189.0,50.0,46.0,0.627906976744186,0.2702702702702703,0.16140350877192983,186,286,302.0
1.3.6.1.4.1.14519.5.2.1.6279.6001.280072876841890439628529365478,15,3,78.0,126.1463394165039,60.85365676879883,0.2591362126245847,0.6818721049540751,0.21352160269753975,186,286,302.0
1.3.6.1.4.1.14519.5.2.1.6279.6001.280072876841890439628529365478,16,3,78.0,126.0,58.0,0.2591362126245847,0.6810810810810811,0.20350877192982456,186,286,302.0
1.3.6.1.4.1.14519.5.2.1.6279.6001.280072876841890439628529365478,17,3,78.0,123.0,62.0,0.2591362126245847,0.6648648648648648,0.21754385964912282,186,286,302.0
1.3.6.1.4.1.14519.5.2.1.6279.6001.280072876841890439628529365478,18,3,78.0,129.0,63.0,0.2591362126245847,0.6972972972972973,0.22105263157894736,186,286,302.0
1.3.6.1.4.1.14519.5.2.1.6279.6001.280072876841890439628529365478,19,3,78.0,127.0,58.0,0.2591362126245847,0.6864864864864865,0.20350877192982456,186,286,302.0
1.3.6.1.4.1.14519.5.2.1.6279.6001.280072876841890439628529365478,20,4,150.0,115.78571319580078,61.5,0.4983388704318937,0.6258687199773015,0.21578947368421053,186,286,302.0
1.3.6.1.4.1.14519.5.2.1.6279.6001.280072876841890439628529365478,21,4,150.0,115.0,59.0,0.4983388704318937,0.6216216216216216,0.20701754385964913,186,286,302.0
1.3.6.1.4.1.14519.5.2.1.6279.6001.280072876841890439628529365478,22,4,150.0,114.0,63.0,0.4983388704318937,0.6162162162162163,0.22105263157894736,186,286,302.0
1.3.6.1.4.1.14519.5.2.1.6279.6001.280072876841890439628529365478,23,4,150.0,118.0,63.0,0.4983388704318937,0.6378378378378379,0.22105263157894736,186,286,302.0
1.3.6.1.4.1.14519.5.2.1.6279.6001.280072876841890439628529365478,24,4,150.0,116.0,59.0,0.4983388704318937,0.6270270270270271,0.20701754385964913,186,286,302.0
1.3.6.1.4.1.14519.5.2.1.6279.6001.280072876841890439628529365478,25,5,229.0,116.0,167.2916717529297,0.760797342192691,0.6270270270270271,0.5869883219401042,186,286,302.0
1.3.6.1.4.1.14519.5.2.1.6279.6001.280072876841890439628529365478,26,5,229.0,115.0,165.0,0.760797342192691,0.6216216216216216,0.5789473684210527,186,286,302.0
1.3.6.1.4.1.14519.5.2.1.6279.6001.280072876841890439628529365478,27,5,229.0,114.0,169.0,0.760797342192691,0.6162162162162163,0.5929824561403508,186,286,302.0
1.3.6.1.4.1.14519.5.2.1.6279.6001.280072876841890439628529365478,28,5,229.0,118.0,169.0,0.760797342192691,0.6378378378378379,0.5929824561403508,186,286,302.0
1.3.6.1.4.1.14519.5.2.1.6279.6001.280072876841890439628529365478,29,5,229.0,116.0,165.0,0.760797342192691,0.6270270270270271,0.5789473684210527,186,286,302.0
1.3.6.1.4.1.14519.5.2.1.6279.6001.280072876841890439628529365478,30,6,58.0,168.35293579101562,61.0,0.19269102990033224,0.910015869140625,0.21403508771929824,186,286,302.0
1.3.6.1.4.1.14519.5.2.1.6279.6001.280072876841890439628529365478,31,6,58.0,168.0,59.0,0.19269102990033224,0.9081081081081082,0.20701754385964913,186,286,302.0
1.3.6.1.4.1.14519.5.2.1.6279.6001.280072876841890439628529365478,32,6,58.0,167.0,62.0,0.19269102990033224,0.9027027027027027,0.21754385964912282,186,286,302.0
1.3.6.1.4.1.14519.5.2.1.6279.6001.280072876841890439628529365478,33,6,58.0,170.0,62.0,0.19269102990033224,0.918918918918919,0.21754385964912282,186,286,302.0
1.3.6.1.4.1.14519.5.2.1.6279.6001.280072876841890439628529365478,34,6,58.0,169.0,59.0,0.19269102990033224,0.9135135135135135,0.20701754385964913,186,286,302.0
1.3.6.1.4.1.14519.5.2.1.6279.6001.280125803152924778388346920341,0,0,98.0,99.87179565429688,99.87179565429688,0.35251798561151076,0.48015286372258115,0.3242590767996652,209,309,279.0
1.3.6.1.4.1.14519.5.2.1.6279.6001.280125803152924778388346920341,1,0,98.0,99.0,97.0,0.35251798561151076,0.47596153846153844,0.31493506493506496,209,309,279.0
1.3.6.1.4.1.14519.5.2.1.6279.6001.280125803152924778388346920341,2,0,98.0,97.0,101.0,0.35251798561151076,0.46634615384615385,0.32792207792207795,209,309,279.0
1.3.6.1.4.1.14519.5.2.1.6279.6001.280125803152924778388346920341,3,0,98.0,102.0,102.0,0.35251798561151076,0.49038461538461536,0.33116883116883117,209,309,279.0
1.3.6.1.4.1.14519.5.2.1.6279.6001.280125803152924778388346920341,4,0,98.0,100.0,97.0,0.35251798561151076,0.4807692307692308,0.31493506493506496,209,309,279.0
1.3.6.1.4.1.14519.5.2.1.6279.6001.280125803152924778388346920341,5,1,172.0,169.5,177.7857208251953,0.6187050359712231,0.8149038461538461,0.5772263663155692,209,309,279.0
1.3.6.1.4.1.14519.5.2.1.6279.6001.280125803152924778388346920341,6,1,172.0,169.0,175.0,0.6187050359712231,0.8125,0.5681818181818182,209,309,279.0
1.3.6.1.4.1.14519.5.2.1.6279.6001.280125803152924778388346920341,7,1,172.0,167.0,179.0,0.6187050359712231,0.8028846153846154,0.5811688311688312,209,309,279.0
1.3.6.1.4.1.14519.5.2.1.6279.6001.280125803152924778388346920341,8,1,172.0,171.0,180.0,0.6187050359712231,0.8221153846153846,0.5844155844155844,209,309,279.0
1.3.6.1.4.1.14519.5.2.1.6279.6001.280125803152924778388346920341,9,1,172.0,170.0,175.0,0.6187050359712231,0.8173076923076923,0.5681818181818182,209,309,279.0
1.3.6.1.4.1.14519.5.2.1.6279.6001.280125803152924778388346920341,10,2,82.0,156.5,186.6923065185547,0.2949640287769784,0.7524038461538461,0.6061438523329697,209,309,279.0
1.3.6.1.4.1.14519.5.2.1.6279.6001.280125803152924778388346920341,11,2,82.0,156.0,184.0,0.2949640287769784,0.75,0.5974025974025974,209,309,279.0
1.3.6.1.4.1.14519.5.2.1.6279.6001.280125803152924778388346920341,12,2,82.0,155.0,188.0,0.2949640287769784,0.7451923076923077,0.6103896103896104,209,309,279.0
1.3.6.1.4.1.14519.5.2.1.6279.6001.280125803152924778388346920341,13,2,82.0,158.0,189.0,0.2949640287769784,0.7596153846153846,0.6136363636363636,209,309,279.0
1.3.6.1.4.1.14519.5.2.1.6279.6001.280125803152924778388346920341,14,2,82.0,157.0,184.0,0.2949640287769784,0.7548076923076923,0.5974025974025974,209,309,279.0
1.3.6.1.4.1.14519.5.2.1.6279.6001.281489753704424911132261151767,0,0,28.0,56.5,256.78570556640625,0.099644128113879,0.31741573033707865,0.9236895883683678,179,279,282.0
1.3.6.1.4.1.14519.5.2.1.6279.6001.281489753704424911132261151767,1,0,28.0,56.0,254.0,0.099644128113879,0.3146067415730337,0.9136690647482014,179,279,282.0
1.3.6.1.4.1.14519.5.2.1.6279.6001.281489753704424911132261151767,2,0,28.0,54.0,258.0,0.099644128113879,0.30337078651685395,0.9280575539568345,179,279,282.0
1.3.6.1.4.1.14519.5.2.1.6279.6001.281489753704424911132261151767,3,0,28.0,58.0,259.0,0.099644128113879,0.3258426966292135,0.9316546762589928,179,279,282.0
1.3.6.1.4.1.14519.5.2.1.6279.6001.281489753704424911132261151767,4,0,28.0,57.0,254.0,0.099644128113879,0.3202247191011236,0.9136690647482014,179,279,282.0
1.3.6.1.4.1.14519.5.2.1.6279.6001.282512043257574309474415322775,0,0,173.0,48.5,228.73684692382812,0.570957095709571,0.23317307692307693,0.7284612959357584,209,315,304.0
1.3.6.1.4.1.14519.5.2.1.6279.6001.282512043257574309474415322775,1,0,173.0,48.0,220.0,0.570957095709571,0.23076923076923078,0.7006369426751592,209,315,304.0
1.3.6.1.4.1.14519.5.2.1.6279.6001.282512043257574309474415322775,2,0,173.0,41.0,233.0,0.570957095709571,0.1971153846153846,0.7420382165605095,209,315,304.0
1.3.6.1.4.1.14519.5.2.1.6279.6001.282512043257574309474415322775,3,0,173.0,56.0,234.0,0.570957095709571,0.2692307692307692,0.7452229299363057,209,315,304.0
1.3.6.1.4.1.14519.5.2.1.6279.6001.282512043257574309474415322775,4,0,173.0,49.0,220.0,0.570957095709571,0.23557692307692307,0.7006369426751592,209,315,304.0
1.3.6.1.4.1.14519.5.2.1.6279.6001.282779922503707013097174625409,0,0,166.0,148.5,253.9166717529297,0.5971223021582733,0.6513157894736842,0.854938288730403,229,298,279.0
1.3.6.1.4.1.14519.5.2.1.6279.6001.282779922503707013097174625409,1,0,166.0,148.0,252.0,0.5971223021582733,0.6491228070175439,0.8484848484848485,229,298,279.0
1.3.6.1.4.1.14519.5.2.1.6279.6001.282779922503707013097174625409,2,0,166.0,147.0,255.0,0.5971223021582733,0.6447368421052632,0.8585858585858586,229,298,279.0
1.3.6.1.4.1.14519.5.2.1.6279.6001.282779922503707013097174625409,3,0,166.0,150.0,256.0,0.5971223021582733,0.6578947368421053,0.8619528619528619,229,298,279.0
1.3.6.1.4.1.14519.5.2.1.6279.6001.282779922503707013097174625409,4,0,166.0,149.0,252.0,0.5971223021582733,0.6535087719298246,0.8484848484848485,229,298,279.0
1.3.6.1.4.1.14519.5.2.1.6279.6001.282779922503707013097174625409,5,1,106.0,34.28571319580078,244.5,0.381294964028777,0.15037593506930166,0.8232323232323232,229,298,279.0
1.3.6.1.4.1.14519.5.2.1.6279.6001.282779922503707013097174625409,6,1,106.0,34.0,243.0,0.381294964028777,0.14912280701754385,0.8181818181818182,229,298,279.0
1.3.6.1.4.1.14519.5.2.1.6279.6001.282779922503707013097174625409,7,1,106.0,33.0,245.0,0.381294964028777,0.14473684210526316,0.8249158249158249,229,298,279.0
1.3.6.1.4.1.14519.5.2.1.6279.6001.282779922503707013097174625409,8,1,106.0,35.0,246.0,0.381294964028777,0.15350877192982457,0.8282828282828283,229,298,279.0
1.3.6.1.4.1.14519.5.2.1.6279.6001.282779922503707013097174625409,9,1,106.0,35.0,243.0,0.381294964028777,0.15350877192982457,0.8181818181818182,229,298,279.0
1.3.6.1.4.1.14519.5.2.1.6279.6001.283569726884265181140892667131,0,0,51.0,180.73500061035156,200.7899932861328,0.21794871794871795,0.814121624370953,0.6737919237789691,223,299,235.0
1.3.6.1.4.1.14519.5.2.1.6279.6001.283569726884265181140892667131,1,0,51.0,180.0,193.0,0.21794871794871795,0.8108108108108109,0.6476510067114094,223,299,235.0
1.3.6.1.4.1.14519.5.2.1.6279.6001.283569726884265181140892667131,2,0,51.0,174.0,205.0,0.21794871794871795,0.7837837837837838,0.6879194630872483,223,299,235.0
1.3.6.1.4.1.14519.5.2.1.6279.6001.283569726884265181140892667131,3,0,51.0,188.0,204.0,0.21794871794871795,0.8468468468468469,0.6845637583892618,223,299,235.0
1.3.6.1.4.1.14519.5.2.1.6279.6001.283569726884265181140892667131,4,0,51.0,181.0,193.0,0.21794871794871795,0.8153153153153153,0.6476510067114094,223,299,235.0
1.3.6.1.4.1.14519.5.2.1.6279.6001.283569726884265181140892667131,5,1,95.0,131.7894744873047,257.84210205078125,0.405982905982906,0.5936462814743454,0.8652419531905411,223,299,235.0
1.3.6.1.4.1.14519.5.2.1.6279.6001.283569726884265181140892667131,6,1,95.0,131.0,255.0,0.405982905982906,0.5900900900900901,0.8557046979865772,223,299,235.0
1.3.6.1.4.1.14519.5.2.1.6279.6001.283569726884265181140892667131,7,1,95.0,129.0,259.0,0.405982905982906,0.581081081081081,0.8691275167785235,223,299,235.0
1.3.6.1.4.1.14519.5.2.1.6279.6001.283569726884265181140892667131,8,1,95.0,134.0,260.0,0.405982905982906,0.6036036036036037,0.87248322147651,223,299,235.0
1.3.6.1.4.1.14519.5.2.1.6279.6001.283569726884265181140892667131,9,1,95.0,132.0,255.0,0.405982905982906,0.5945945945945946,0.8557046979865772,223,299,235.0
1.3.6.1.4.1.14519.5.2.1.6279.6001.283569726884265181140892667131,10,2,122.0,94.5,247.125,0.5213675213675214,0.42567567567567566,0.8292785234899329,223,299,235.0
1.3.6.1.4.1.14519.5.2.1.6279.6001.283569726884265181140892667131,11,2,122.0,94.0,244.0,0.5213675213675214,0.42342342342342343,0.8187919463087249,223,299,235.0
1.3.6.1.4.1.14519.5.2.1.6279.6001.283569726884265181140892667131,12,2,122.0,92.0,249.0,0.5213675213675214,0.4144144144144144,0.8355704697986577,223,299,235.0
1.3.6.1.4.1.14519.5.2.1.6279.6001.283569726884265181140892667131,13,2,122.0,97.0,249.0,0.5213675213675214,0.4369369369369369,0.8355704697986577,223,299,235.0
1.3.6.1.4.1.14519.5.2.1.6279.6001.283569726884265181140892667131,14,2,122.0,95.0,244.0,0.5213675213675214,0.42792792792792794,0.8187919463087249,223,299,235.0
1.3.6.1.4.1.14519.5.2.1.6279.6001.283569726884265181140892667131,15,3,104.0,137.63333129882812,244.36666870117188,0.4444444444444444,0.6199699608055321,0.820022378191852,223,299,235.0
1.3.6.1.4.1.14519.5.2.1.6279.6001.283569726884265181140892667131,16,3,104.0,137.0,242.0,0.4444444444444444,0.6171171171171171,0.8120805369127517,223,299,235.0
1.3.6.1.4.1.14519.5.2.1.6279.6001.283569726884265181140892667131,17,3,104.0,135.0,245.0,0.4444444444444444,0.6081081081081081,0.8221476510067114,223,299,235.0
1.3.6.1.4.1.14519.5.2.1.6279.6001.283569726884265181140892667131,18,3,104.0,140.0,246.0,0.4444444444444444,0.6306306306306306,0.825503355704698,223,299,235.0
1.3.6.1.4.1.14519.5.2.1.6279.6001.283569726884265181140892667131,19,3,104.0,138.0,242.0,0.4444444444444444,0.6216216216216216,0.8120805369127517,223,299,235.0
1.3.6.1.4.1.14519.5.2.1.6279.6001.283733738239331719775105586296,0,0,137.0,178.5,200.0,0.4963768115942029,0.8880597014925373,0.7434944237918215,202,270,277.0
1.3.6.1.4.1.14519.5.2.1.6279.6001.283733738239331719775105586296,1,0,137.0,178.0,198.0,0.4963768115942029,0.8855721393034826,0.7360594795539034,202,270,277.0
1.3.6.1.4.1.14519.5.2.1.6279.6001.283733738239331719775105586296,2,0,137.0,176.0,201.0,0.4963768115942029,0.8756218905472637,0.7472118959107806,202,270,277.0
1.3.6.1.4.1.14519.5.2.1.6279.6001.283733738239331719775105586296,3,0,137.0,180.0,202.0,0.4963768115942029,0.8955223880597015,0.7509293680297398,202,270,277.0
1.3.6.1.4.1.14519.5.2.1.6279.6001.283733738239331719775105586296,4,0,137.0,179.0,198.0,0.4963768115942029,0.8905472636815921,0.7360594795539034,202,270,277.0
1.3.6.1.4.1.14519.5.2.1.6279.6001.286217539434358186648717203667,0,0,180.0,128.5,87.5,0.6976744186046512,0.6692708333333334,0.354251012145749,193,248,259.0
1.3.6.1.4.1.14519.5.2.1.6279.6001.286217539434358186648717203667,1,0,180.0,128.0,85.0,0.6976744186046512,0.6666666666666666,0.3441295546558704,193,248,259.0
1.3.6.1.4.1.14519.5.2.1.6279.6001.286217539434358186648717203667,2,0,180.0,126.0,89.0,0.6976744186046512,0.65625,0.3603238866396761,193,248,259.0
1.3.6.1.4.1.14519.5.2.1.6279.6001.286217539434358186648717203667,3,0,180.0,131.0,89.0,0.6976744186046512,0.6822916666666666,0.3603238866396761,193,248,259.0
1.3.6.1.4.1.14519.5.2.1.6279.6001.286217539434358186648717203667,4,0,180.0,129.0,85.0,0.6976744186046512,0.671875,0.3441295546558704,193,248,259.0
1.3.6.1.4.1.14519.5.2.1.6279.6001.286217539434358186648717203667,5,1,159.0,70.15384674072266,95.61538696289062,0.6162790697674418,0.36538461844126385,0.3871068298092738,193,248,259.0
1.3.6.1.4.1.14519.5.2.1.6279.6001.286217539434358186648717203667,6,1,159.0,70.0,93.0,0.6162790697674418,0.3645833333333333,0.3765182186234818,193,248,259.0
1.3.6.1.4.1.14519.5.2.1.6279.6001.286217539434358186648717203667,7,1,159.0,68.0,96.0,0.6162790697674418,0.3541666666666667,0.38866396761133604,193,248,259.0
1.3.6.1.4.1.14519.5.2.1.6279.6001.286217539434358186648717203667,8,1,159.0,71.0,98.0,0.6162790697674418,0.3697916666666667,0.3967611336032389,193,248,259.0
1.3.6.1.4.1.14519.5.2.1.6279.6001.286217539434358186648717203667,9,1,159.0,71.0,93.0,0.6162790697674418,0.3697916666666667,0.3765182186234818,193,248,259.0
1.3.6.1.4.1.14519.5.2.1.6279.6001.286217539434358186648717203667,10,2,222.0,94.0,200.5,0.8604651162790697,0.4895833333333333,0.8117408906882592,193,248,259.0
1.3.6.1.4.1.14519.5.2.1.6279.6001.286217539434358186648717203667,11,2,222.0,93.0,199.0,0.8604651162790697,0.484375,0.805668016194332,193,248,259.0
1.3.6.1.4.1.14519.5.2.1.6279.6001.286217539434358186648717203667,12,2,222.0,93.0,202.0,0.8604651162790697,0.484375,0.8178137651821862,193,248,259.0
1.3.6.1.4.1.14519.5.2.1.6279.6001.286217539434358186648717203667,13,2,222.0,95.0,201.0,0.8604651162790697,0.4947916666666667,0.8137651821862348,193,248,259.0
1.3.6.1.4.1.14519.5.2.1.6279.6001.286217539434358186648717203667,14,2,222.0,94.0,199.0,0.8604651162790697,0.4895833333333333,0.805668016194332,193,248,259.0
1.3.6.1.4.1.14519.5.2.1.6279.6001.286422846896797433168187085942,0,0,219.0,150.46665954589844,60.94358825683594,0.8171641791044776,0.6933947444511449,0.2123469974105782,218,288,269.0
1.3.6.1.4.1.14519.5.2.1.6279.6001.286422846896797433168187085942,1,0,219.0,150.0,50.0,0.8171641791044776,0.6912442396313364,0.17421602787456447,218,288,269.0
1.3.6.1.4.1.14519.5.2.1.6279.6001.286422846896797433168187085942,2,0,219.0,141.0,66.0,0.8171641791044776,0.6497695852534562,0.22996515679442509,218,288,269.0
1.3.6.1.4.1.14519.5.2.1.6279.6001.286422846896797433168187085942,3,0,219.0,159.0,67.0,0.8171641791044776,0.7327188940092166,0.23344947735191637,218,288,269.0
1.3.6.1.4.1.14519.5.2.1.6279.6001.286422846896797433168187085942,4,0,219.0,151.0,50.0,0.8171641791044776,0.695852534562212,0.17421602787456447,218,288,269.0
1.3.6.1.4.1.14519.5.2.1.6279.6001.287560874054243719452635194040,0,0,143.0,32.574466705322266,80.68085479736328,0.5375939849624061,0.16287233352661132,0.2944556744429317,201,275,267.0
1.3.6.1.4.1.14519.5.2.1.6279.6001.287560874054243719452635194040,1,0,143.0,32.0,77.0,0.5375939849624061,0.16,0.28102189781021897,201,275,267.0
1.3.6.1.4.1.14519.5.2.1.6279.6001.287560874054243719452635194040,2,0,143.0,30.0,82.0,0.5375939849624061,0.15,0.29927007299270075,201,275,267.0
1.3.6.1.4.1.14519.5.2.1.6279.6001.287560874054243719452635194040,3,0,143.0,35.0,83.0,0.5375939849624061,0.175,0.3029197080291971,201,275,267.0
1.3.6.1.4.1.14519.5.2.1.6279.6001.287560874054243719452635194040,4,0,143.0,33.0,77.0,0.5375939849624061,0.165,0.28102189781021897,201,275,267.0
1.3.6.1.4.1.14519.5.2.1.6279.6001.287966244644280690737019247886,0,0,189.0,191.4250946044922,239.01095581054688,0.7269230769230769,0.8077008211160008,0.709231322879961,238,338,261.0
1.3.6.1.4.1.14519.5.2.1.6279.6001.287966244644280690737019247886,1,0,189.0,191.0,223.0,0.7269230769230769,0.8059071729957806,0.6617210682492581,238,338,261.0
1.3.6.1.4.1.14519.5.2.1.6279.6001.287966244644280690737019247886,2,0,189.0,177.0,246.0,0.7269230769230769,0.7468354430379747,0.7299703264094956,238,338,261.0
1.3.6.1.4.1.14519.5.2.1.6279.6001.287966244644280690737019247886,3,0,189.0,205.0,247.0,0.7269230769230769,0.8649789029535865,0.7329376854599406,238,338,261.0
1.3.6.1.4.1.14519.5.2.1.6279.6001.287966244644280690737019247886,4,0,189.0,192.0,223.0,0.7269230769230769,0.810126582278481,0.6617210682492581,238,338,261.0
1.3.6.1.4.1.14519.5.2.1.6279.6001.287966244644280690737019247886,5,1,58.0,171.39614868164062,273.44232177734375,0.2230769230769231,0.7231905007664161,0.8114015483007233,238,338,261.0
1.3.6.1.4.1.14519.5.2.1.6279.6001.287966244644280690737019247886,6,1,58.0,171.0,265.0,0.2230769230769231,0.7215189873417721,0.7863501483679525,238,338,261.0
1.3.6.1.4.1.14519.5.2.1.6279.6001.287966244644280690737019247886,7,1,58.0,163.0,277.0,0.2230769230769231,0.6877637130801688,0.8219584569732937,238,338,261.0
1.3.6.1.4.1.14519.5.2.1.6279.6001.287966244644280690737019247886,8,1,58.0,179.0,278.0,0.2230769230769231,0.7552742616033755,0.8249258160237388,238,338,261.0
1.3.6.1.4.1.14519.5.2.1.6279.6001.287966244644280690737019247886,9,1,58.0,172.0,265.0,0.2230769230769231,0.7257383966244726,0.7863501483679525,238,338,261.0
1.3.6.1.4.1.14519.5.2.1.6279.6001.287966244644280690737019247886,10,2,181.0,140.65060424804688,193.65060424804688,0.6961538461538461,0.5934624651816324,0.5746308731396049,238,338,261.0
1.3.6.1.4.1.14519.5.2.1.6279.6001.287966244644280690737019247886,11,2,181.0,140.0,189.0,0.6961538461538461,0.5907172995780591,0.5608308605341247,238,338,261.0
1.3.6.1.4.1.14519.5.2.1.6279.6001.287966244644280690737019247886,12,2,181.0,137.0,196.0,0.6961538461538461,0.5780590717299579,0.5816023738872403,238,338,261.0
1.3.6.1.4.1.14519.5.2.1.6279.6001.287966244644280690737019247886,13,2,181.0,145.0,196.0,0.6961538461538461,0.6118143459915611,0.5816023738872403,238,338,261.0
1.3.6.1.4.1.14519.5.2.1.6279.6001.287966244644280690737019247886,14,2,181.0,141.0,189.0,0.6961538461538461,0.5949367088607594,0.5608308605341247,238,338,261.0
1.3.6.1.4.1.14519.5.2.1.6279.6001.287966244644280690737019247886,15,3,186.0,61.0,231.5,0.7153846153846154,0.25738396624472576,0.6869436201780416,238,338,261.0
1.3.6.1.4.1.14519.5.2.1.6279.6001.287966244644280690737019247886,16,3,186.0,60.0,228.0,0.7153846153846154,0.25316455696202533,0.6765578635014837,238,338,261.0
1.3.6.1.4.1.14519.5.2.1.6279.6001.287966244644280690737019247886,17,3,186.0,58.0,234.0,0.7153846153846154,0.24472573839662448,0.6943620178041543,238,338,261.0
1.3.6.1.4.1.14519.5.2.1.6279.6001.287966244644280690737019247886,18,3,186.0,64.0,233.0,0.7153846153846154,0.270042194092827,0.6913946587537092,238,338,261.0
1.3.6.1.4.1.14519.5.2.1.6279.6001.287966244644280690737019247886,19,3,186.0,61.0,228.0,0.7153846153846154,0.25738396624472576,0.6765578635014837,238,338,261.0
1.3.6.1.4.1.14519.5.2.1.6279.6001.287966244644280690737019247886,20,4,133.0,94.11111450195312,285.27777099609375,0.5115384615384615,0.3970933101348233,0.8465215756560646,238,338,261.0
1.3.6.1.4.1.14519.5.2.1.6279.6001.287966244644280690737019247886,21,4,133.0,94.0,283.0,0.5115384615384615,0.39662447257383965,0.8397626112759644,238,338,261.0
1.3.6.1.4.1.14519.5.2.1.6279.6001.287966244644280690737019247886,22,4,133.0,92.0,286.0,0.5115384615384615,0.3881856540084388,0.8486646884272997,238,338,261.0
1.3.6.1.4.1.14519.5.2.1.6279.6001.287966244644280690737019247886,23,4,133.0,95.0,287.0,0.5115384615384615,0.4008438818565401,0.8516320474777448,238,338,261.0
1.3.6.1.4.1.14519.5.2.1.6279.6001.287966244644280690737019247886,24,4,133.0,95.0,284.0,0.5115384615384615,0.4008438818565401,0.8427299703264095,238,338,261.0
1.3.6.1.4.1.14519.5.2.1.6279.6001.288701997968615460794642979503,0,0,96.0,179.09091186523438,42.09090805053711,0.3116883116883117,0.7854864555492735,0.12602068278603926,229,335,309.0
1.3.6.1.4.1.14519.5.2.1.6279.6001.288701997968615460794642979503,1,0,96.0,179.0,40.0,0.3116883116883117,0.7850877192982456,0.11976047904191617,229,335,309.0
1.3.6.1.4.1.14519.5.2.1.6279.6001.288701997968615460794642979503,2,0,96.0,177.0,43.0,0.3116883116883117,0.7763157894736842,0.12874251497005987,229,335,309.0
1.3.6.1.4.1.14519.5.2.1.6279.6001.288701997968615460794642979503,3,0,96.0,181.0,44.0,0.3116883116883117,0.793859649122807,0.1317365269461078,229,335,309.0
1.3.6.1.4.1.14519.5.2.1.6279.6001.288701997968615460794642979503,4,0,96.0,180.0,40.0,0.3116883116883117,0.7894736842105263,0.11976047904191617,229,335,309.0
1.3.6.1.4.1.14519.5.2.1.6279.6001.288701997968615460794642979503,5,1,232.0,163.90908813476562,125.90908813476562,0.7532467532467533,0.7188995093630072,0.37697331776875936,229,335,309.0
1.3.6.1.4.1.14519.5.2.1.6279.6001.288701997968615460794642979503,6,1,232.0,163.0,124.0,0.7532467532467533,0.7149122807017544,0.3712574850299401,229,335,309.0
1.3.6.1.4.1.14519.5.2.1.6279.6001.288701997968615460794642979503,7,1,232.0,162.0,127.0,0.7532467532467533,0.7105263157894737,0.38023952095808383,229,335,309.0
1.3.6.1.4.1.14519.5.2.1.6279.6001.288701997968615460794642979503,8,1,232.0,166.0,127.0,0.7532467532467533,0.7280701754385965,0.38023952095808383,229,335,309.0
1.3.6.1.4.1.14519.5.2.1.6279.6001.288701997968615460794642979503,9,1,232.0,164.0,124.0,0.7532467532467533,0.7192982456140351,0.3712574850299401,229,335,309.0
1.3.6.1.4.1.14519.5.2.1.6279.6001.288701997968615460794642979503,10,2,96.0,130.25,296.375,0.3116883116883117,0.5712719298245614,0.8873502994011976,229,335,309.0
1.3.6.1.4.1.14519.5.2.1.6279.6001.288701997968615460794642979503,11,2,96.0,130.0,295.0,0.3116883116883117,0.5701754385964912,0.8832335329341318,229,335,309.0
1.3.6.1.4.1.14519.5.2.1.6279.6001.288701997968615460794642979503,12,2,96.0,129.0,297.0,0.3116883116883117,0.5657894736842105,0.8892215568862275,229,335,309.0
1.3.6.1.4.1.14519.5.2.1.6279.6001.288701997968615460794642979503,13,2,96.0,131.0,298.0,0.3116883116883117,0.5745614035087719,0.8922155688622755,229,335,309.0
1.3.6.1.4.1.14519.5.2.1.6279.6001.288701997968615460794642979503,14,2,96.0,131.0,295.0,0.3116883116883117,0.5745614035087719,0.8832335329341318,229,335,309.0
1.3.6.1.4.1.14519.5.2.1.6279.6001.290135156874098366424871975734,0,0,102.0,188.0,84.0,0.3709090909090909,0.8909952606635071,0.3111111111111111,212,271,276.0
1.3.6.1.4.1.14519.5.2.1.6279.6001.290135156874098366424871975734,1,0,102.0,187.0,75.0,0.3709090909090909,0.8862559241706162,0.2777777777777778,212,271,276.0
1.3.6.1.4.1.14519.5.2.1.6279.6001.290135156874098366424871975734,2,0,102.0,180.0,89.0,0.3709090909090909,0.8530805687203792,0.3296296296296296,212,271,276.0
1.3.6.1.4.1.14519.5.2.1.6279.6001.290135156874098366424871975734,3,0,102.0,196.0,88.0,0.3709090909090909,0.9289099526066351,0.32592592592592595,212,271,276.0
1.3.6.1.4.1.14519.5.2.1.6279.6001.290135156874098366424871975734,4,0,102.0,188.0,75.0,0.3709090909090909,0.8909952606635071,0.2777777777777778,212,271,276.0
1.3.6.1.4.1.14519.5.2.1.6279.6001.290135156874098366424871975734,5,1,37.0,165.2708282470703,78.0,0.13454545454545455,0.7832740675216603,0.28888888888888886,212,271,276.0
1.3.6.1.4.1.14519.5.2.1.6279.6001.290135156874098366424871975734,6,1,37.0,165.0,72.0,0.13454545454545455,0.7819905213270142,0.26666666666666666,212,271,276.0
1.3.6.1.4.1.14519.5.2.1.6279.6001.290135156874098366424871975734,7,1,37.0,159.0,80.0,0.13454545454545455,0.7535545023696683,0.2962962962962963,212,271,276.0
1.3.6.1.4.1.14519.5.2.1.6279.6001.290135156874098366424871975734,8,1,37.0,170.0,82.0,0.13454545454545455,0.8056872037914692,0.3037037037037037,212,271,276.0
1.3.6.1.4.1.14519.5.2.1.6279.6001.290135156874098366424871975734,9,1,37.0,166.0,72.0,0.13454545454545455,0.7867298578199052,0.26666666666666666,212,271,276.0
1.3.6.1.4.1.14519.5.2.1.6279.6001.290135156874098366424871975734,10,2,169.0,155.671875,223.7421875,0.6145454545454545,0.7377813981042654,0.8286747685185185,212,271,276.0
1.3.6.1.4.1.14519.5.2.1.6279.6001.290135156874098366424871975734,11,2,169.0,155.0,218.0,0.6145454545454545,0.7345971563981043,0.8074074074074075,212,271,276.0
1.3.6.1.4.1.14519.5.2.1.6279.6001.290135156874098366424871975734,12,2,169.0,151.0,227.0,0.6145454545454545,0.7156398104265402,0.8407407407407408,212,271,276.0
1.3.6.1.4.1.14519.5.2.1.6279.6001.290135156874098366424871975734,13,2,169.0,161.0,227.0,0.6145454545454545,0.7630331753554502,0.8407407407407408,212,271,276.0
1.3.6.1.4.1.14519.5.2.1.6279.6001.290135156874098366424871975734,14,2,169.0,156.0,218.0,0.6145454545454545,0.7393364928909952,0.8074074074074075,212,271,276.0
1.3.6.1.4.1.14519.5.2.1.6279.6001.290135156874098366424871975734,15,3,125.0,116.47457885742188,236.0677947998047,0.45454545454545453,0.5520122220730894,0.8743251659252026,212,271,276.0
1.3.6.1.4.1.14519.5.2.1.6279.6001.290135156874098366424871975734,16,3,125.0,116.0,232.0,0.45454545454545453,0.5497630331753555,0.8592592592592593,212,271,276.0
1.3.6.1.4.1.14519.5.2.1.6279.6001.290135156874098366424871975734,17,3,125.0,113.0,238.0,0.45454545454545453,0.5355450236966824,0.8814814814814815,212,271,276.0
1.3.6.1.4.1.14519.5.2.1.6279.6001.290135156874098366424871975734,18,3,125.0,120.0,238.0,0.45454545454545453,0.5687203791469194,0.8814814814814815,212,271,276.0
1.3.6.1.4.1.14519.5.2.1.6279.6001.290135156874098366424871975734,19,3,125.0,117.0,232.0,0.45454545454545453,0.5545023696682464,0.8592592592592593,212,271,276.0
1.3.6.1.4.1.14519.5.2.1.6279.6001.290135156874098366424871975734,20,4,122.0,112.9189224243164,214.45945739746094,0.44363636363636366,0.53516076978349,0.7942942866572628,212,271,276.0
1.3.6.1.4.1.14519.5.2.1.6279.6001.290135156874098366424871975734,21,4,122.0,112.0,212.0,0.44363636363636366,0.5308056872037915,0.7851851851851852,212,271,276.0
1.3.6.1.4.1.14519.5.2.1.6279.6001.290135156874098366424871975734,22,4,122.0,110.0,216.0,0.44363636363636366,0.5213270142180095,0.8,212,271,276.0
1.3.6.1.4.1.14519.5.2.1.6279.6001.290135156874098366424871975734,23,4,122.0,115.0,216.0,0.44363636363636366,0.5450236966824644,0.8,212,271,276.0
1.3.6.1.4.1.14519.5.2.1.6279.6001.290135156874098366424871975734,24,4,122.0,113.0,212.0,0.44363636363636366,0.5355450236966824,0.7851851851851852,212,271,276.0
1.3.6.1.4.1.14519.5.2.1.6279.6001.291539125579672469833850180824,0,0,74.0,74.4000015258789,294.9599914550781,0.21264367816091953,0.3381818251176314,0.8831137468714914,221,335,349.0
1.3.6.1.4.1.14519.5.2.1.6279.6001.291539125579672469833850180824,1,0,74.0,74.0,293.0,0.21264367816091953,0.33636363636363636,0.8772455089820359,221,335,349.0
1.3.6.1.4.1.14519.5.2.1.6279.6001.291539125579672469833850180824,2,0,74.0,72.0,296.0,0.21264367816091953,0.32727272727272727,0.8862275449101796,221,335,349.0
1.3.6.1.4.1.14519.5.2.1.6279.6001.291539125579672469833850180824,3,0,74.0,76.0,297.0,0.21264367816091953,0.34545454545454546,0.8892215568862275,221,335,349.0
1.3.6.1.4.1.14519.5.2.1.6279.6001.291539125579672469833850180824,4,0,74.0,75.0,293.0,0.21264367816091953,0.3409090909090909,0.8772455089820359,221,335,349.0
1.3.6.1.4.1.14519.5.2.1.6279.6001.292057261351416339496913597985,0,0,230.0,110.80928039550781,233.3505096435547,0.7395498392282959,0.4881466096718406,0.7246910237377475,228,323,312.0
1.3.6.1.4.1.14519.5.2.1.6279.6001.292057261351416339496913597985,1,0,230.0,110.0,226.0,0.7395498392282959,0.4845814977973568,0.7018633540372671,228,323,312.0
1.3.6.1.4.1.14519.5.2.1.6279.6001.292057261351416339496913597985,2,0,230.0,104.0,237.0,0.7395498392282959,0.4581497797356828,0.7360248447204969,228,323,312.0
1.3.6.1.4.1.14519.5.2.1.6279.6001.292057261351416339496913597985,3,0,230.0,117.0,237.0,0.7395498392282959,0.5154185022026432,0.7360248447204969,228,323,312.0
1.3.6.1.4.1.14519.5.2.1.6279.6001.292057261351416339496913597985,4,0,230.0,111.0,226.0,0.7395498392282959,0.4889867841409692,0.7018633540372671,228,323,312.0
1.3.6.1.4.1.14519.5.2.1.6279.6001.292057261351416339496913597985,5,1,155.0,178.6774139404297,73.09677124023438,0.4983922829581994,0.7871251715437431,0.2270086063361316,228,323,312.0
1.3.6.1.4.1.14519.5.2.1.6279.6001.292057261351416339496913597985,6,1,155.0,178.0,71.0,0.4983922829581994,0.7841409691629956,0.2204968944099379,228,323,312.0
1.3.6.1.4.1.14519.5.2.1.6279.6001.292057261351416339496913597985,7,1,155.0,177.0,75.0,0.4983922829581994,0.7797356828193832,0.2329192546583851,228,323,312.0
1.3.6.1.4.1.14519.5.2.1.6279.6001.292057261351416339496913597985,8,1,155.0,181.0,74.0,0.4983922829581994,0.7973568281938326,0.22981366459627328,228,323,312.0
1.3.6.1.4.1.14519.5.2.1.6279.6001.292057261351416339496913597985,9,1,155.0,179.0,70.0,0.4983922829581994,0.788546255506608,0.21739130434782608,228,323,312.0
1.3.6.1.4.1.14519.5.2.1.6279.6001.292057261351416339496913597985,10,2,142.0,93.78947448730469,273.368408203125,0.4565916398713826,0.4131694911335008,0.8489702118109472,228,323,312.0
1.3.6.1.4.1.14519.5.2.1.6279.6001.292057261351416339496913597985,11,2,142.0,93.0,272.0,0.4565916398713826,0.40969162995594716,0.84472049689441,228,323,312.0
1.3.6.1.4.1.14519.5.2.1.6279.6001.292057261351416339496913597985,12,2,142.0,92.0,274.0,0.4565916398713826,0.4052863436123348,0.8509316770186336,228,323,312.0
1.3.6.1.4.1.14519.5.2.1.6279.6001.292057261351416339496913597985,13,2,142.0,95.0,275.0,0.4565916398713826,0.4185022026431718,0.8540372670807453,228,323,312.0
1.3.6.1.4.1.14519.5.2.1.6279.6001.292057261351416339496913597985,14,2,142.0,94.0,271.0,0.4565916398713826,0.41409691629955947,0.8416149068322981,228,323,312.0
1.3.6.1.4.1.14519.5.2.1.6279.6001.292057261351416339496913597985,15,3,174.0,66.38461303710938,63.61538314819336,0.5594855305466238,0.2924432292383673,0.19756330170246386,228,323,312.0
1.3.6.1.4.1.14519.5.2.1.6279.6001.292057261351416339496913597985,16,3,174.0,66.0,62.0,0.5594855305466238,0.2907488986784141,0.19254658385093168,228,323,312.0
1.3.6.1.4.1.14519.5.2.1.6279.6001.292057261351416339496913597985,17,3,174.0,65.0,64.0,0.5594855305466238,0.28634361233480177,0.19875776397515527,228,323,312.0
1.3.6.1.4.1.14519.5.2.1.6279.6001.292057261351416339496913597985,18,3,174.0,67.0,65.0,0.5594855305466238,0.29515418502202645,0.20186335403726707,228,323,312.0
1.3.6.1.4.1.14519.5.2.1.6279.6001.292057261351416339496913597985,19,3,174.0,67.0,62.0,0.5594855305466238,0.29515418502202645,0.19254658385093168,228,323,312.0
1.3.6.1.4.1.14519.5.2.1.6279.6001.292194861362266467652267941663,0,0,83.0,184.0,178.7083282470703,0.30514705882352944,0.8720379146919431,0.6594403256349458,212,272,273.0
1.3.6.1.4.1.14519.5.2.1.6279.6001.292194861362266467652267941663,1,0,83.0,183.0,177.0,0.30514705882352944,0.8672985781990521,0.6531365313653137,212,272,273.0
1.3.6.1.4.1.14519.5.2.1.6279.6001.292194861362266467652267941663,2,0,83.0,182.0,180.0,0.30514705882352944,0.8625592417061612,0.6642066420664207,212,272,273.0
1.3.6.1.4.1.14519.5.2.1.6279.6001.292194861362266467652267941663,3,0,83.0,186.0,180.0,0.30514705882352944,0.8815165876777251,0.6642066420664207,212,272,273.0
1.3.6.1.4.1.14519.5.2.1.6279.6001.292194861362266467652267941663,4,0,83.0,184.0,176.0,0.30514705882352944,0.8720379146919431,0.6494464944649446,212,272,273.0
1.3.6.1.4.1.14519.5.2.1.6279.6001.292994770358625142596171316474,0,0,108.0,97.5999984741211,273.6000061035156,0.34177215189873417,0.4879999923706055,0.915050187637176,201,300,317.0
1.3.6.1.4.1.14519.5.2.1.6279.6001.292994770358625142596171316474,1,0,108.0,97.0,272.0,0.34177215189873417,0.485,0.9096989966555183,201,300,317.0
1.3.6.1.4.1.14519.5.2.1.6279.6001.292994770358625142596171316474,2,0,108.0,96.0,275.0,0.34177215189873417,0.48,0.919732441471572,201,300,317.0
1.3.6.1.4.1.14519.5.2.1.6279.6001.292994770358625142596171316474,3,0,108.0,99.0,275.0,0.34177215189873417,0.495,0.919732441471572,201,300,317.0
1.3.6.1.4.1.14519.5.2.1.6279.6001.292994770358625142596171316474,4,0,108.0,98.0,272.0,0.34177215189873417,0.49,0.9096989966555183,201,300,317.0
1.3.6.1.4.1.14519.5.2.1.6279.6001.293593766328917170359373773080,0,0,191.0,192.5,64.66666412353516,0.7431906614785992,0.7857142857142857,0.22453702820671928,246,289,258.0
1.3.6.1.4.1.14519.5.2.1.6279.6001.293593766328917170359373773080,1,0,191.0,192.0,62.0,0.7431906614785992,0.7836734693877551,0.2152777777777778,246,289,258.0
1.3.6.1.4.1.14519.5.2.1.6279.6001.293593766328917170359373773080,2,0,191.0,190.0,66.0,0.7431906614785992,0.7755102040816326,0.22916666666666666,246,289,258.0
1.3.6.1.4.1.14519.5.2.1.6279.6001.293593766328917170359373773080,3,0,191.0,195.0,66.0,0.7431906614785992,0.7959183673469388,0.22916666666666666,246,289,258.0
1.3.6.1.4.1.14519.5.2.1.6279.6001.293593766328917170359373773080,4,0,191.0,193.0,62.0,0.7431906614785992,0.7877551020408163,0.2152777777777778,246,289,258.0
1.3.6.1.4.1.14519.5.2.1.6279.6001.293757615532132808762625441831,0,0,152.0,174.75509643554688,64.91836547851562,0.5608856088560885,0.6880121906911294,0.20098565163627127,255,324,272.0
1.3.6.1.4.1.14519.5.2.1.6279.6001.293757615532132808762625441831,1,0,152.0,174.0,62.0,0.5608856088560885,0.6850393700787402,0.19195046439628483,255,324,272.0
1.3.6.1.4.1.14519.5.2.1.6279.6001.293757615532132808762625441831,2,0,152.0,172.0,67.0,0.5608856088560885,0.6771653543307087,0.20743034055727555,255,324,272.0
1.3.6.1.4.1.14519.5.2.1.6279.6001.293757615532132808762625441831,3,0,152.0,178.0,67.0,0.5608856088560885,0.7007874015748031,0.20743034055727555,255,324,272.0
1.3.6.1.4.1.14519.5.2.1.6279.6001.293757615532132808762625441831,4,0,152.0,175.0,61.0,0.5608856088560885,0.6889763779527559,0.18885448916408668,255,324,272.0
1.3.6.1.4.1.14519.5.2.1.6279.6001.293757615532132808762625441831,5,1,130.0,89.0,84.0,0.4797047970479705,0.35039370078740156,0.26006191950464397,255,324,272.0
1.3.6.1.4.1.14519.5.2.1.6279.6001.293757615532132808762625441831,6,1,130.0,88.0,82.0,0.4797047970479705,0.3464566929133858,0.25386996904024767,255,324,272.0
1.3.6.1.4.1.14519.5.2.1.6279.6001.293757615532132808762625441831,7,1,130.0,87.0,85.0,0.4797047970479705,0.3425196850393701,0.2631578947368421,255,324,272.0
1.3.6.1.4.1.14519.5.2.1.6279.6001.293757615532132808762625441831,8,1,130.0,91.0,85.0,0.4797047970479705,0.35826771653543305,0.2631578947368421,255,324,272.0
1.3.6.1.4.1.14519.5.2.1.6279.6001.293757615532132808762625441831,9,1,130.0,89.0,82.0,0.4797047970479705,0.35039370078740156,0.25386996904024767,255,324,272.0
1.3.6.1.4.1.14519.5.2.1.6279.6001.294120933998772507043263238704,0,0,90.0,165.54930114746094,57.845069885253906,0.3284671532846715,0.7166636413309997,0.1742321382085961,232,333,275.0
1.3.6.1.4.1.14519.5.2.1.6279.6001.294120933998772507043263238704,1,0,90.0,165.0,54.0,0.3284671532846715,0.7142857142857143,0.16265060240963855,232,333,275.0
1.3.6.1.4.1.14519.5.2.1.6279.6001.294120933998772507043263238704,2,0,90.0,162.0,60.0,0.3284671532846715,0.7012987012987013,0.18072289156626506,232,333,275.0
1.3.6.1.4.1.14519.5.2.1.6279.6001.294120933998772507043263238704,3,0,90.0,169.0,60.0,0.3284671532846715,0.7316017316017316,0.18072289156626506,232,333,275.0
1.3.6.1.4.1.14519.5.2.1.6279.6001.294120933998772507043263238704,4,0,90.0,166.0,54.0,0.3284671532846715,0.7186147186147186,0.16265060240963855,232,333,275.0
1.3.6.1.4.1.14519.5.2.1.6279.6001.294120933998772507043263238704,5,1,132.0,194.63333129882812,123.63333129882812,0.48175182481751827,0.8425685337611607,0.372389552104904,232,333,275.0
1.3.6.1.4.1.14519.5.2.1.6279.6001.294120933998772507043263238704,6,1,132.0,194.0,121.0,0.48175182481751827,0.8398268398268398,0.3644578313253012,232,333,275.0
1.3.6.1.4.1.14519.5.2.1.6279.6001.294120933998772507043263238704,7,1,132.0,192.0,125.0,0.48175182481751827,0.8311688311688312,0.37650602409638556,232,333,275.0
1.3.6.1.4.1.14519.5.2.1.6279.6001.294120933998772507043263238704,8,1,132.0,197.0,125.0,0.48175182481751827,0.8528138528138528,0.37650602409638556,232,333,275.0
1.3.6.1.4.1.14519.5.2.1.6279.6001.294120933998772507043263238704,9,1,132.0,195.0,121.0,0.48175182481751827,0.8441558441558441,0.3644578313253012,232,333,275.0
1.3.6.1.4.1.14519.5.2.1.6279.6001.294120933998772507043263238704,10,2,227.0,80.5,237.0,0.8284671532846716,0.3484848484848485,0.713855421686747,232,333,275.0
1.3.6.1.4.1.14519.5.2.1.6279.6001.294120933998772507043263238704,11,2,227.0,80.0,235.0,0.8284671532846716,0.3463203463203463,0.7078313253012049,232,333,275.0
1.3.6.1.4.1.14519.5.2.1.6279.6001.294120933998772507043263238704,12,2,227.0,78.0,238.0,0.8284671532846716,0.33766233766233766,0.7168674698795181,232,333,275.0
1.3.6.1.4.1.14519.5.2.1.6279.6001.294120933998772507043263238704,13,2,227.0,82.0,239.0,0.8284671532846716,0.354978354978355,0.7198795180722891,232,333,275.0
1.3.6.1.4.1.14519.5.2.1.6279.6001.294120933998772507043263238704,14,2,227.0,81.0,235.0,0.8284671532846716,0.35064935064935066,0.7078313253012049,232,333,275.0
1.3.6.1.4.1.14519.5.2.1.6279.6001.294120933998772507043263238704,15,3,191.0,139.5,279.77777099609375,0.6970802919708029,0.6038961038961039,0.8427041295063065,232,333,275.0
1.3.6.1.4.1.14519.5.2.1.6279.6001.294120933998772507043263238704,16,3,191.0,139.0,278.0,0.6970802919708029,0.6017316017316018,0.8373493975903614,232,333,275.0
1.3.6.1.4.1.14519.5.2.1.6279.6001.294120933998772507043263238704,17,3,191.0,138.0,280.0,0.6970802919708029,0.5974025974025974,0.8433734939759037,232,333,275.0
1.3.6.1.4.1.14519.5.2.1.6279.6001.294120933998772507043263238704,18,3,191.0,141.0,281.0,0.6970802919708029,0.6103896103896104,0.8463855421686747,232,333,275.0
1.3.6.1.4.1.14519.5.2.1.6279.6001.294120933998772507043263238704,19,3,191.0,140.0,278.0,0.6970802919708029,0.6060606060606061,0.8373493975903614,232,333,275.0
1.3.6.1.4.1.14519.5.2.1.6279.6001.294188507421106424248264912111,0,0,59.0,135.1666717529297,259.1041564941406,0.19344262295081968,0.6826599583481298,0.9123385792047205,199,285,306.0
1.3.6.1.4.1.14519.5.2.1.6279.6001.294188507421106424248264912111,1,0,59.0,135.0,256.0,0.19344262295081968,0.6818181818181818,0.9014084507042254,199,285,306.0
1.3.6.1.4.1.14519.5.2.1.6279.6001.294188507421106424248264912111,2,0,59.0,132.0,260.0,0.19344262295081968,0.6666666666666666,0.9154929577464789,199,285,306.0
1.3.6.1.4.1.14519.5.2.1.6279.6001.294188507421106424248264912111,3,0,59.0,137.0,262.0,0.19344262295081968,0.6919191919191919,0.9225352112676056,199,285,306.0
1.3.6.1.4.1.14519.5.2.1.6279.6001.294188507421106424248264912111,4,0,59.0,136.0,256.0,0.19344262295081968,0.6868686868686869,0.9014084507042254,199,285,306.0
1.3.6.1.4.1.14519.5.2.1.6279.6001.294188507421106424248264912111,5,1,84.0,162.7083282470703,239.0,0.2754098360655738,0.8217592335710622,0.8415492957746479,199,285,306.0
1.3.6.1.4.1.14519.5.2.1.6279.6001.294188507421106424248264912111,6,1,84.0,162.0,237.0,0.2754098360655738,0.8181818181818182,0.8345070422535211,199,285,306.0
1.3.6.1.4.1.14519.5.2.1.6279.6001.294188507421106424248264912111,7,1,84.0,161.0,240.0,0.2754098360655738,0.8131313131313131,0.8450704225352113,199,285,306.0
1.3.6.1.4.1.14519.5.2.1.6279.6001.294188507421106424248264912111,8,1,84.0,164.0,241.0,0.2754098360655738,0.8282828282828283,0.8485915492957746,199,285,306.0
1.3.6.1.4.1.14519.5.2.1.6279.6001.294188507421106424248264912111,9,1,84.0,163.0,237.0,0.2754098360655738,0.8232323232323232,0.8345070422535211,199,285,306.0
1.3.6.1.4.1.14519.5.2.1.6279.6001.294188507421106424248264912111,10,2,59.0,161.7916717529297,53.79166793823242,0.19344262295081968,0.8171296553178267,0.18940728147264937,199,285,306.0
1.3.6.1.4.1.14519.5.2.1.6279.6001.294188507421106424248264912111,11,2,59.0,161.0,52.0,0.19344262295081968,0.8131313131313131,0.18309859154929578,199,285,306.0
1.3.6.1.4.1.14519.5.2.1.6279.6001.294188507421106424248264912111,12,2,59.0,160.0,55.0,0.19344262295081968,0.8080808080808081,0.1936619718309859,199,285,306.0
1.3.6.1.4.1.14519.5.2.1.6279.6001.294188507421106424248264912111,13,2,59.0,164.0,55.0,0.19344262295081968,0.8282828282828283,0.1936619718309859,199,285,306.0
1.3.6.1.4.1.14519.5.2.1.6279.6001.294188507421106424248264912111,14,2,59.0,162.0,51.0,0.19344262295081968,0.8181818181818182,0.1795774647887324,199,285,306.0
1.3.6.1.4.1.14519.5.2.1.6279.6001.295298571102631191572192562523,0,0,138.0,70.63333129882812,234.36666870117188,0.5054945054945055,0.36788193384806317,0.8616421643425437,193,273,274.0
1.3.6.1.4.1.14519.5.2.1.6279.6001.295298571102631191572192562523,1,0,138.0,70.0,232.0,0.5054945054945055,0.3645833333333333,0.8529411764705882,193,273,274.0
1.3.6.1.4.1.14519.5.2.1.6279.6001.295298571102631191572192562523,2,0,138.0,68.0,235.0,0.5054945054945055,0.3541666666666667,0.8639705882352942,193,273,274.0
1.3.6.1.4.1.14519.5.2.1.6279.6001.295298571102631191572192562523,3,0,138.0,73.0,236.0,0.5054945054945055,0.3802083333333333,0.8676470588235294,193,273,274.0
1.3.6.1.4.1.14519.5.2.1.6279.6001.295298571102631191572192562523,4,0,138.0,71.0,232.0,0.5054945054945055,0.3697916666666667,0.8529411764705882,193,273,274.0
1.3.6.1.4.1.14519.5.2.1.6279.6001.295298571102631191572192562523,5,1,83.0,61.153846740722656,42.38461685180664,0.304029304029304,0.31850961844126385,0.15582579724928913,193,273,274.0
1.3.6.1.4.1.14519.5.2.1.6279.6001.295298571102631191572192562523,6,1,83.0,61.0,40.0,0.304029304029304,0.3177083333333333,0.14705882352941177,193,273,274.0
1.3.6.1.4.1.14519.5.2.1.6279.6001.295298571102631191572192562523,7,1,83.0,59.0,43.0,0.304029304029304,0.3072916666666667,0.15808823529411764,193,273,274.0
1.3.6.1.4.1.14519.5.2.1.6279.6001.295298571102631191572192562523,8,1,83.0,62.0,45.0,0.304029304029304,0.3229166666666667,0.16544117647058823,193,273,274.0
1.3.6.1.4.1.14519.5.2.1.6279.6001.295298571102631191572192562523,9,1,83.0,62.0,40.0,0.304029304029304,0.3229166666666667,0.14705882352941177,193,273,274.0
1.3.6.1.4.1.14519.5.2.1.6279.6001.295420274214095686326263147663,0,0,163.0,142.15383911132812,60.0,0.5679442508710801,0.7252746893435108,0.24390243902439024,197,247,288.0
1.3.6.1.4.1.14519.5.2.1.6279.6001.295420274214095686326263147663,1,0,163.0,142.0,57.0,0.5679442508710801,0.7244897959183674,0.23170731707317074,197,247,288.0
1.3.6.1.4.1.14519.5.2.1.6279.6001.295420274214095686326263147663,2,0,163.0,139.0,61.0,0.5679442508710801,0.7091836734693877,0.24796747967479674,197,247,288.0
1.3.6.1.4.1.14519.5.2.1.6279.6001.295420274214095686326263147663,3,0,163.0,145.0,62.0,0.5679442508710801,0.7397959183673469,0.25203252032520324,197,247,288.0
1.3.6.1.4.1.14519.5.2.1.6279.6001.295420274214095686326263147663,4,0,163.0,143.0,57.0,0.5679442508710801,0.7295918367346939,0.23170731707317074,197,247,288.0
1.3.6.1.4.1.14519.5.2.1.6279.6001.295420274214095686326263147663,5,1,162.0,109.80952453613281,36.14285659790039,0.5644599303135889,0.5602526762047593,0.14692218129227802,197,247,288.0
1.3.6.1.4.1.14519.5.2.1.6279.6001.295420274214095686326263147663,6,1,162.0,109.0,34.0,0.5644599303135889,0.5561224489795918,0.13821138211382114,197,247,288.0
1.3.6.1.4.1.14519.5.2.1.6279.6001.295420274214095686326263147663,7,1,162.0,108.0,38.0,0.5644599303135889,0.5510204081632653,0.15447154471544716,197,247,288.0
1.3.6.1.4.1.14519.5.2.1.6279.6001.295420274214095686326263147663,8,1,162.0,112.0,37.0,0.5644599303135889,0.5714285714285714,0.15040650406504066,197,247,288.0
1.3.6.1.4.1.14519.5.2.1.6279.6001.295420274214095686326263147663,9,1,162.0,110.0,34.0,0.5644599303135889,0.5612244897959183,0.13821138211382114,197,247,288.0
1.3.6.1.4.1.14519.5.2.1.6279.6001.295420274214095686326263147663,10,2,133.0,155.0,38.5,0.4634146341463415,0.7908163265306123,0.1565040650406504,197,247,288.0
1.3.6.1.4.1.14519.5.2.1.6279.6001.295420274214095686326263147663,11,2,133.0,154.0,37.0,0.4634146341463415,0.7857142857142857,0.15040650406504066,197,247,288.0
1.3.6.1.4.1.14519.5.2.1.6279.6001.295420274214095686326263147663,12,2,133.0,154.0,40.0,0.4634146341463415,0.7857142857142857,0.16260162601626016,197,247,288.0
1.3.6.1.4.1.14519.5.2.1.6279.6001.295420274214095686326263147663,13,2,133.0,157.0,39.0,0.4634146341463415,0.8010204081632653,0.15853658536585366,197,247,288.0
1.3.6.1.4.1.14519.5.2.1.6279.6001.295420274214095686326263147663,14,2,133.0,155.0,37.0,0.4634146341463415,0.7908163265306123,0.15040650406504066,197,247,288.0
1.3.6.1.4.1.14519.5.2.1.6279.6001.295420274214095686326263147663,15,3,144.0,147.53846740722656,41.153846740722656,0.5017421602787456,0.7527472826899314,0.16729205992163682,197,247,288.0
1.3.6.1.4.1.14519.5.2.1.6279.6001.295420274214095686326263147663,16,3,144.0,147.0,40.0,0.5017421602787456,0.75,0.16260162601626016,197,247,288.0
1.3.6.1.4.1.14519.5.2.1.6279.6001.295420274214095686326263147663,17,3,144.0,146.0,42.0,0.5017421602787456,0.7448979591836735,0.17073170731707318,197,247,288.0
1.3.6.1.4.1.14519.5.2.1.6279.6001.295420274214095686326263147663,18,3,144.0,149.0,42.0,0.5017421602787456,0.7602040816326531,0.17073170731707318,197,247,288.0
1.3.6.1.4.1.14519.5.2.1.6279.6001.295420274214095686326263147663,19,3,144.0,148.0,40.0,0.5017421602787456,0.7551020408163265,0.16260162601626016,197,247,288.0
1.3.6.1.4.1.14519.5.2.1.6279.6001.295420274214095686326263147663,20,4,143.0,150.0,28.200000762939453,0.49825783972125437,0.7653061224489796,0.11463414944284331,197,247,288.0
1.3.6.1.4.1.14519.5.2.1.6279.6001.295420274214095686326263147663,21,4,143.0,149.0,27.0,0.49825783972125437,0.7602040816326531,0.10975609756097561,197,247,288.0
1.3.6.1.4.1.14519.5.2.1.6279.6001.295420274214095686326263147663,22,4,143.0,149.0,29.0,0.49825783972125437,0.7602040816326531,0.11788617886178862,197,247,288.0
1.3.6.1.4.1.14519.5.2.1.6279.6001.295420274214095686326263147663,23,4,143.0,151.0,29.0,0.49825783972125437,0.7704081632653061,0.11788617886178862,197,247,288.0
1.3.6.1.4.1.14519.5.2.1.6279.6001.295420274214095686326263147663,24,4,143.0,150.0,27.0,0.49825783972125437,0.7653061224489796,0.10975609756097561,197,247,288.0
1.3.6.1.4.1.14519.5.2.1.6279.6001.295462530340364058116953738925,0,0,161.0,146.82666015625,239.9199981689453,0.624031007751938,0.6797530562789352,0.766517566034969,217,314,259.0
1.3.6.1.4.1.14519.5.2.1.6279.6001.295462530340364058116953738925,1,0,161.0,146.0,234.0,0.624031007751938,0.6759259259259259,0.7476038338658147,217,314,259.0
1.3.6.1.4.1.14519.5.2.1.6279.6001.295462530340364058116953738925,2,0,161.0,141.0,243.0,0.624031007751938,0.6527777777777778,0.7763578274760383,217,314,259.0
1.3.6.1.4.1.14519.5.2.1.6279.6001.295462530340364058116953738925,3,0,161.0,153.0,243.0,0.624031007751938,0.7083333333333334,0.7763578274760383,217,314,259.0
1.3.6.1.4.1.14519.5.2.1.6279.6001.295462530340364058116953738925,4,0,161.0,147.0,233.0,0.624031007751938,0.6805555555555556,0.744408945686901,217,314,259.0
1.3.6.1.4.1.14519.5.2.1.6279.6001.295462530340364058116953738925,5,1,165.0,156.60000610351562,221.39999389648438,0.6395348837209303,0.7250000282570168,0.7073482233114516,217,314,259.0
1.3.6.1.4.1.14519.5.2.1.6279.6001.295462530340364058116953738925,6,1,165.0,156.0,220.0,0.6395348837209303,0.7222222222222222,0.7028753993610224,217,314,259.0
1.3.6.1.4.1.14519.5.2.1.6279.6001.295462530340364058116953738925,7,1,165.0,155.0,222.0,0.6395348837209303,0.7175925925925926,0.7092651757188498,217,314,259.0
1.3.6.1.4.1.14519.5.2.1.6279.6001.295462530340364058116953738925,8,1,165.0,158.0,223.0,0.6395348837209303,0.7314814814814815,0.7124600638977636,217,314,259.0
1.3.6.1.4.1.14519.5.2.1.6279.6001.295462530340364058116953738925,9,1,165.0,157.0,220.0,0.6395348837209303,0.7268518518518519,0.7028753993610224,217,314,259.0
1.3.6.1.4.1.14519.5.2.1.6279.6001.296738183013079390785739615169,0,0,175.0,132.36207580566406,67.5,0.6505576208178439,0.6929951612861993,0.2393617021276596,192,283,270.0
1.3.6.1.4.1.14519.5.2.1.6279.6001.296738183013079390785739615169,1,0,175.0,132.0,62.0,0.6505576208178439,0.6910994764397905,0.2198581560283688,192,283,270.0
1.3.6.1.4.1.14519.5.2.1.6279.6001.296738183013079390785739615169,2,0,175.0,127.0,70.0,0.6505576208178439,0.6649214659685864,0.24822695035460993,192,283,270.0
1.3.6.1.4.1.14519.5.2.1.6279.6001.296738183013079390785739615169,3,0,175.0,137.0,71.0,0.6505576208178439,0.7172774869109948,0.25177304964539005,192,283,270.0
1.3.6.1.4.1.14519.5.2.1.6279.6001.296738183013079390785739615169,4,0,175.0,133.0,62.0,0.6505576208178439,0.6963350785340314,0.2198581560283688,192,283,270.0
1.3.6.1.4.1.14519.5.2.1.6279.6001.296738183013079390785739615169,5,1,152.0,74.7283935546875,205.7283935546875,0.5650557620817844,0.3912481337941754,0.7295333104776153,192,283,270.0
1.3.6.1.4.1.14519.5.2.1.6279.6001.296738183013079390785739615169,6,1,152.0,74.0,201.0,0.5650557620817844,0.387434554973822,0.7127659574468085,192,283,270.0
1.3.6.1.4.1.14519.5.2.1.6279.6001.296738183013079390785739615169,7,1,152.0,71.0,208.0,0.5650557620817844,0.3717277486910995,0.7375886524822695,192,283,270.0
1.3.6.1.4.1.14519.5.2.1.6279.6001.296738183013079390785739615169,8,1,152.0,79.0,208.0,0.5650557620817844,0.41361256544502617,0.7375886524822695,192,283,270.0
1.3.6.1.4.1.14519.5.2.1.6279.6001.296738183013079390785739615169,9,1,152.0,75.0,201.0,0.5650557620817844,0.39267015706806285,0.7127659574468085,192,283,270.0
1.3.6.1.4.1.14519.5.2.1.6279.6001.297433269262659217151107535012,0,0,199.0,33.5,181.5,0.6815068493150684,0.14439655172413793,0.5950819672131148,233,306,293.0
1.3.6.1.4.1.14519.5.2.1.6279.6001.297433269262659217151107535012,1,0,199.0,33.0,177.0,0.6815068493150684,0.14224137931034483,0.580327868852459,233,306,293.0
1.3.6.1.4.1.14519.5.2.1.6279.6001.297433269262659217151107535012,2,0,199.0,29.0,184.0,0.6815068493150684,0.125,0.6032786885245902,233,306,293.0
1.3.6.1.4.1.14519.5.2.1.6279.6001.297433269262659217151107535012,3,0,199.0,38.0,184.0,0.6815068493150684,0.16379310344827586,0.6032786885245902,233,306,293.0
1.3.6.1.4.1.14519.5.2.1.6279.6001.297433269262659217151107535012,4,0,199.0,34.0,177.0,0.6815068493150684,0.14655172413793102,0.580327868852459,233,306,293.0
1.3.6.1.4.1.14519.5.2.1.6279.6001.297433269262659217151107535012,5,1,132.0,24.44444465637207,67.06666564941406,0.4520547945205479,0.10536398558781065,0.21989070704725922,233,306,293.0
1.3.6.1.4.1.14519.5.2.1.6279.6001.297433269262659217151107535012,6,1,132.0,24.0,64.0,0.4520547945205479,0.10344827586206896,0.2098360655737705,233,306,293.0
1.3.6.1.4.1.14519.5.2.1.6279.6001.297433269262659217151107535012,7,1,132.0,22.0,69.0,0.4520547945205479,0.09482758620689655,0.2262295081967213,233,306,293.0
1.3.6.1.4.1.14519.5.2.1.6279.6001.297433269262659217151107535012,8,1,132.0,27.0,69.0,0.4520547945205479,0.11637931034482758,0.2262295081967213,233,306,293.0
1.3.6.1.4.1.14519.5.2.1.6279.6001.297433269262659217151107535012,9,1,132.0,25.0,64.0,0.4520547945205479,0.10775862068965517,0.2098360655737705,233,306,293.0
1.3.6.1.4.1.14519.5.2.1.6279.6001.297964221542942838344351735414,0,0,129.0,115.53424835205078,57.94520568847656,0.48134328358208955,0.5691342283352255,0.20994639742201654,204,277,269.0
1.3.6.1.4.1.14519.5.2.1.6279.6001.297964221542942838344351735414,1,0,129.0,115.0,54.0,0.48134328358208955,0.5665024630541872,0.1956521739130435,204,277,269.0
1.3.6.1.4.1.14519.5.2.1.6279.6001.297964221542942838344351735414,2,0,129.0,112.0,60.0,0.48134328358208955,0.5517241379310345,0.21739130434782608,204,277,269.0
1.3.6.1.4.1.14519.5.2.1.6279.6001.297964221542942838344351735414,3,0,129.0,119.0,61.0,0.48134328358208955,0.5862068965517241,0.2210144927536232,204,277,269.0
1.3.6.1.4.1.14519.5.2.1.6279.6001.297964221542942838344351735414,4,0,129.0,116.0,54.0,0.48134328358208955,0.5714285714285714,0.1956521739130435,204,277,269.0
1.3.6.1.4.1.14519.5.2.1.6279.6001.297964221542942838344351735414,5,1,141.0,63.5,89.0,0.5261194029850746,0.312807881773399,0.322463768115942,204,277,269.0
1.3.6.1.4.1.14519.5.2.1.6279.6001.297964221542942838344351735414,6,1,141.0,63.0,87.0,0.5261194029850746,0.3103448275862069,0.31521739130434784,204,277,269.0
1.3.6.1.4.1.14519.5.2.1.6279.6001.297964221542942838344351735414,7,1,141.0,62.0,90.0,0.5261194029850746,0.3054187192118227,0.32608695652173914,204,277,269.0
1.3.6.1.4.1.14519.5.2.1.6279.6001.297964221542942838344351735414,8,1,141.0,65.0,90.0,0.5261194029850746,0.32019704433497537,0.32608695652173914,204,277,269.0
1.3.6.1.4.1.14519.5.2.1.6279.6001.297964221542942838344351735414,9,1,141.0,64.0,87.0,0.5261194029850746,0.31527093596059114,0.31521739130434784,204,277,269.0
1.3.6.1.4.1.14519.5.2.1.6279.6001.297988578825170426663869669862,0,0,200.0,71.81818389892578,202.35064697265625,0.6920415224913494,0.32644629044966267,0.6444288120148288,221,315,290.0
1.3.6.1.4.1.14519.5.2.1.6279.6001.297988578825170426663869669862,1,0,200.0,71.0,198.0,0.6920415224913494,0.32272727272727275,0.6305732484076433,221,315,290.0
1.3.6.1.4.1.14519.5.2.1.6279.6001.297988578825170426663869669862,2,0,200.0,68.0,205.0,0.6920415224913494,0.3090909090909091,0.6528662420382165,221,315,290.0
1.3.6.1.4.1.14519.5.2.1.6279.6001.297988578825170426663869669862,3,0,200.0,75.0,205.0,0.6920415224913494,0.3409090909090909,0.6528662420382165,221,315,290.0
1.3.6.1.4.1.14519.5.2.1.6279.6001.297988578825170426663869669862,4,0,200.0,72.0,198.0,0.6920415224913494,0.32727272727272727,0.6305732484076433,221,315,290.0
1.3.6.1.4.1.14519.5.2.1.6279.6001.297988578825170426663869669862,5,1,142.0,144.9600067138672,258.6000061035156,0.4913494809688581,0.658909121426669,0.8235668984188396,221,315,290.0
1.3.6.1.4.1.14519.5.2.1.6279.6001.297988578825170426663869669862,6,1,142.0,144.0,256.0,0.4913494809688581,0.6545454545454545,0.8152866242038217,221,315,290.0
1.3.6.1.4.1.14519.5.2.1.6279.6001.297988578825170426663869669862,7,1,142.0,143.0,260.0,0.4913494809688581,0.65,0.8280254777070064,221,315,290.0
1.3.6.1.4.1.14519.5.2.1.6279.6001.297988578825170426663869669862,8,1,142.0,147.0,260.0,0.4913494809688581,0.6681818181818182,0.8280254777070064,221,315,290.0
1.3.6.1.4.1.14519.5.2.1.6279.6001.297988578825170426663869669862,9,1,142.0,145.0,256.0,0.4913494809688581,0.6590909090909091,0.8152866242038217,221,315,290.0
1.3.6.1.4.1.14519.5.2.1.6279.6001.299476369290630280560355838785,0,0,175.0,61.5,66.5,0.5319148936170213,0.28211009174311924,0.18838526912181303,219,354,330.0
1.3.6.1.4.1.14519.5.2.1.6279.6001.299476369290630280560355838785,1,0,175.0,61.0,64.0,0.5319148936170213,0.2798165137614679,0.1813031161473088,219,354,330.0
1.3.6.1.4.1.14519.5.2.1.6279.6001.299476369290630280560355838785,2,0,175.0,59.0,68.0,0.5319148936170213,0.2706422018348624,0.19263456090651557,219,354,330.0
1.3.6.1.4.1.14519.5.2.1.6279.6001.299476369290630280560355838785,3,0,175.0,64.0,68.0,0.5319148936170213,0.29357798165137616,0.19263456090651557,219,354,330.0
1.3.6.1.4.1.14519.5.2.1.6279.6001.299476369290630280560355838785,4,0,175.0,62.0,64.0,0.5319148936170213,0.28440366972477066,0.1813031161473088,219,354,330.0
1.3.6.1.4.1.14519.5.2.1.6279.6001.299476369290630280560355838785,5,1,82.0,173.0,40.0,0.24924012158054712,0.7935779816513762,0.11331444759206799,219,354,330.0
1.3.6.1.4.1.14519.5.2.1.6279.6001.299476369290630280560355838785,6,1,82.0,172.0,38.0,0.24924012158054712,0.7889908256880734,0.10764872521246459,219,354,330.0
1.3.6.1.4.1.14519.5.2.1.6279.6001.299476369290630280560355838785,7,1,82.0,171.0,41.0,0.24924012158054712,0.7844036697247706,0.11614730878186968,219,354,330.0
1.3.6.1.4.1.14519.5.2.1.6279.6001.299476369290630280560355838785,8,1,82.0,175.0,41.0,0.24924012158054712,0.8027522935779816,0.11614730878186968,219,354,330.0
1.3.6.1.4.1.14519.5.2.1.6279.6001.299476369290630280560355838785,9,1,82.0,173.0,38.0,0.24924012158054712,0.7935779816513762,0.10764872521246459,219,354,330.0
1.3.6.1.4.1.14519.5.2.1.6279.6001.299767339686526858593516834230,0,0,90.0,170.80909729003906,98.6727294921875,0.3146853146853147,0.8670512552793861,0.33562152888499147,198,295,287.0
1.3.6.1.4.1.14519.5.2.1.6279.6001.299767339686526858593516834230,1,0,90.0,170.0,93.0,0.3146853146853147,0.8629441624365483,0.3163265306122449,198,295,287.0
1.3.6.1.4.1.14519.5.2.1.6279.6001.299767339686526858593516834230,2,0,90.0,166.0,102.0,0.3146853146853147,0.8426395939086294,0.3469387755102041,198,295,287.0
1.3.6.1.4.1.14519.5.2.1.6279.6001.299767339686526858593516834230,3,0,90.0,176.0,101.0,0.3146853146853147,0.8934010152284264,0.3435374149659864,198,295,287.0
1.3.6.1.4.1.14519.5.2.1.6279.6001.299767339686526858593516834230,4,0,90.0,171.0,93.0,0.3146853146853147,0.868020304568528,0.3163265306122449,198,295,287.0
1.3.6.1.4.1.14519.5.2.1.6279.6001.299767339686526858593516834230,5,1,113.0,100.19999694824219,83.80000305175781,0.3951048951048951,0.508629426133209,0.2850340239855708,198,295,287.0
1.3.6.1.4.1.14519.5.2.1.6279.6001.299767339686526858593516834230,6,1,113.0,100.0,80.0,0.3951048951048951,0.5076142131979695,0.272108843537415,198,295,287.0
1.3.6.1.4.1.14519.5.2.1.6279.6001.299767339686526858593516834230,7,1,113.0,97.0,85.0,0.3951048951048951,0.49238578680203043,0.2891156462585034,198,295,287.0
1.3.6.1.4.1.14519.5.2.1.6279.6001.299767339686526858593516834230,8,1,113.0,103.0,86.0,0.3951048951048951,0.5228426395939086,0.2925170068027211,198,295,287.0
1.3.6.1.4.1.14519.5.2.1.6279.6001.299767339686526858593516834230,9,1,113.0,101.0,81.0,0.3951048951048951,0.5126903553299492,0.2755102040816326,198,295,287.0
1.3.6.1.4.1.14519.5.2.1.6279.6001.299767339686526858593516834230,10,2,149.0,50.65625,253.0,0.5209790209790209,0.25713832487309646,0.8605442176870748,198,295,287.0
1.3.6.1.4.1.14519.5.2.1.6279.6001.299767339686526858593516834230,11,2,149.0,50.0,250.0,0.5209790209790209,0.25380710659898476,0.8503401360544217,198,295,287.0
1.3.6.1.4.1.14519.5.2.1.6279.6001.299767339686526858593516834230,12,2,149.0,49.0,255.0,0.5209790209790209,0.24873096446700507,0.8673469387755102,198,295,287.0
1.3.6.1.4.1.14519.5.2.1.6279.6001.299767339686526858593516834230,13,2,149.0,53.0,254.0,0.5209790209790209,0.26903553299492383,0.8639455782312925,198,295,287.0
1.3.6.1.4.1.14519.5.2.1.6279.6001.299767339686526858593516834230,14,2,149.0,51.0,250.0,0.5209790209790209,0.25888324873096447,0.8503401360544217,198,295,287.0
1.3.6.1.4.1.14519.5.2.1.6279.6001.299767339686526858593516834230,15,3,127.0,59.5,38.28571319580078,0.44405594405594406,0.3020304568527919,0.13022351427143122,198,295,287.0
1.3.6.1.4.1.14519.5.2.1.6279.6001.299767339686526858593516834230,16,3,127.0,59.0,37.0,0.44405594405594406,0.29949238578680204,0.12585034013605442,198,295,287.0
1.3.6.1.4.1.14519.5.2.1.6279.6001.299767339686526858593516834230,17,3,127.0,58.0,39.0,0.44405594405594406,0.29441624365482233,0.1326530612244898,198,295,287.0
1.3.6.1.4.1.14519.5.2.1.6279.6001.299767339686526858593516834230,18,3,127.0,61.0,39.0,0.44405594405594406,0.3096446700507614,0.1326530612244898,198,295,287.0
1.3.6.1.4.1.14519.5.2.1.6279.6001.299767339686526858593516834230,19,3,127.0,60.0,37.0,0.44405594405594406,0.30456852791878175,0.12585034013605442,198,295,287.0
1.3.6.1.4.1.14519.5.2.1.6279.6001.299767339686526858593516834230,20,4,77.0,19.5,84.28571319580078,0.2692307692307692,0.09898477157360407,0.2866860993054448,198,295,287.0
1.3.6.1.4.1.14519.5.2.1.6279.6001.299767339686526858593516834230,21,4,77.0,19.0,83.0,0.2692307692307692,0.09644670050761421,0.282312925170068,198,295,287.0
1.3.6.1.4.1.14519.5.2.1.6279.6001.299767339686526858593516834230,22,4,77.0,18.0,85.0,0.2692307692307692,0.09137055837563451,0.2891156462585034,198,295,287.0
1.3.6.1.4.1.14519.5.2.1.6279.6001.299767339686526858593516834230,23,4,77.0,21.0,85.0,0.2692307692307692,0.1065989847715736,0.2891156462585034,198,295,287.0
1.3.6.1.4.1.14519.5.2.1.6279.6001.299767339686526858593516834230,24,4,77.0,20.0,83.0,0.2692307692307692,0.10152284263959391,0.282312925170068,198,295,287.0
1.3.6.1.4.1.14519.5.2.1.6279.6001.299806338046301317870803017534,0,0,193.0,155.90322875976562,96.32257843017578,0.7338403041825095,0.8248848082527281,0.35807649974043043,190,270,264.0
1.3.6.1.4.1.14519.5.2.1.6279.6001.299806338046301317870803017534,1,0,193.0,155.0,94.0,0.7338403041825095,0.8201058201058201,0.34944237918215615,190,270,264.0
1.3.6.1.4.1.14519.5.2.1.6279.6001.299806338046301317870803017534,2,0,193.0,154.0,98.0,0.7338403041825095,0.8148148148148148,0.3643122676579926,190,270,264.0
1.3.6.1.4.1.14519.5.2.1.6279.6001.299806338046301317870803017534,3,0,193.0,158.0,97.0,0.7338403041825095,0.8359788359788359,0.36059479553903345,190,270,264.0
1.3.6.1.4.1.14519.5.2.1.6279.6001.299806338046301317870803017534,4,0,193.0,156.0,94.0,0.7338403041825095,0.8253968253968254,0.34944237918215615,190,270,264.0
1.3.6.1.4.1.14519.5.2.1.6279.6001.299806338046301317870803017534,5,1,213.0,157.23809814453125,176.38095092773438,0.8098859315589354,0.8319476092303241,0.6556912673893471,190,270,264.0
1.3.6.1.4.1.14519.5.2.1.6279.6001.299806338046301317870803017534,6,1,213.0,157.0,174.0,0.8098859315589354,0.8306878306878307,0.6468401486988847,190,270,264.0
1.3.6.1.4.1.14519.5.2.1.6279.6001.299806338046301317870803017534,7,1,213.0,155.0,177.0,0.8098859315589354,0.8201058201058201,0.6579925650557621,190,270,264.0
1.3.6.1.4.1.14519.5.2.1.6279.6001.299806338046301317870803017534,8,1,213.0,159.0,178.0,0.8098859315589354,0.8412698412698413,0.6617100371747212,190,270,264.0
1.3.6.1.4.1.14519.5.2.1.6279.6001.299806338046301317870803017534,9,1,213.0,158.0,174.0,0.8098859315589354,0.8359788359788359,0.6468401486988847,190,270,264.0
1.3.6.1.4.1.14519.5.2.1.6279.6001.299806338046301317870803017534,10,2,211.0,156.0,82.64705657958984,0.8022813688212928,0.8253968253968254,0.3072381285486611,190,270,264.0
1.3.6.1.4.1.14519.5.2.1.6279.6001.299806338046301317870803017534,11,2,211.0,155.0,81.0,0.8022813688212928,0.8201058201058201,0.30111524163568776,190,270,264.0
1.3.6.1.4.1.14519.5.2.1.6279.6001.299806338046301317870803017534,12,2,211.0,155.0,84.0,0.8022813688212928,0.8201058201058201,0.31226765799256506,190,270,264.0
1.3.6.1.4.1.14519.5.2.1.6279.6001.299806338046301317870803017534,13,2,211.0,158.0,83.0,0.8022813688212928,0.8359788359788359,0.30855018587360594,190,270,264.0
1.3.6.1.4.1.14519.5.2.1.6279.6001.299806338046301317870803017534,14,2,211.0,156.0,81.0,0.8022813688212928,0.8253968253968254,0.30111524163568776,190,270,264.0
1.3.6.1.4.1.14519.5.2.1.6279.6001.299806338046301317870803017534,15,3,144.0,113.28571319580078,221.5,0.5475285171102662,0.5993953079142899,0.8234200743494424,190,270,264.0
1.3.6.1.4.1.14519.5.2.1.6279.6001.299806338046301317870803017534,16,3,144.0,113.0,220.0,0.5475285171102662,0.5978835978835979,0.8178438661710037,190,270,264.0
1.3.6.1.4.1.14519.5.2.1.6279.6001.299806338046301317870803017534,17,3,144.0,112.0,222.0,0.5475285171102662,0.5925925925925926,0.8252788104089219,190,270,264.0
1.3.6.1.4.1.14519.5.2.1.6279.6001.299806338046301317870803017534,18,3,144.0,114.0,223.0,0.5475285171102662,0.6031746031746031,0.828996282527881,190,270,264.0
1.3.6.1.4.1.14519.5.2.1.6279.6001.299806338046301317870803017534,19,3,144.0,114.0,220.0,0.5475285171102662,0.6031746031746031,0.8178438661710037,190,270,264.0
1.3.6.1.4.1.14519.5.2.1.6279.6001.299806338046301317870803017534,20,4,178.0,65.11111450195312,213.3333282470703,0.6768060836501901,0.3445032513330853,0.7930606998032353,190,270,264.0
1.3.6.1.4.1.14519.5.2.1.6279.6001.299806338046301317870803017534,21,4,178.0,65.0,212.0,0.6768060836501901,0.3439153439153439,0.7881040892193308,190,270,264.0
1.3.6.1.4.1.14519.5.2.1.6279.6001.299806338046301317870803017534,22,4,178.0,64.0,214.0,0.6768060836501901,0.3386243386243386,0.7955390334572491,190,270,264.0
1.3.6.1.4.1.14519.5.2.1.6279.6001.299806338046301317870803017534,23,4,178.0,66.0,214.0,0.6768060836501901,0.3492063492063492,0.7955390334572491,190,270,264.0
1.3.6.1.4.1.14519.5.2.1.6279.6001.299806338046301317870803017534,24,4,178.0,66.0,212.0,0.6768060836501901,0.3492063492063492,0.7881040892193308,190,270,264.0
1.3.6.1.4.1.14519.5.2.1.6279.6001.300136985030081433029390459071,0,0,71.0,78.35877990722656,250.83969116210938,0.2784313725490196,0.41680202078312,0.9023010473457171,189,279,256.0
1.3.6.1.4.1.14519.5.2.1.6279.6001.300136985030081433029390459071,1,0,71.0,78.0,240.0,0.2784313725490196,0.4148936170212766,0.8633093525179856,189,279,256.0
1.3.6.1.4.1.14519.5.2.1.6279.6001.300136985030081433029390459071,2,0,71.0,69.0,256.0,0.2784313725490196,0.3670212765957447,0.920863309352518,189,279,256.0
1.3.6.1.4.1.14519.5.2.1.6279.6001.300136985030081433029390459071,3,0,71.0,88.0,256.0,0.2784313725490196,0.46808510638297873,0.920863309352518,189,279,256.0
1.3.6.1.4.1.14519.5.2.1.6279.6001.300136985030081433029390459071,4,0,71.0,79.0,240.0,0.2784313725490196,0.42021276595744683,0.8633093525179856,189,279,256.0
1.3.6.1.4.1.14519.5.2.1.6279.6001.300136985030081433029390459071,5,1,99.0,30.310810089111328,99.39189147949219,0.38823529411764707,0.16122771323995388,0.3575247894945762,189,279,256.0
1.3.6.1.4.1.14519.5.2.1.6279.6001.300136985030081433029390459071,6,1,99.0,30.0,95.0,0.38823529411764707,0.1595744680851064,0.34172661870503596,189,279,256.0
1.3.6.1.4.1.14519.5.2.1.6279.6001.300136985030081433029390459071,7,1,99.0,26.0,101.0,0.38823529411764707,0.13829787234042554,0.36330935251798563,189,279,256.0
1.3.6.1.4.1.14519.5.2.1.6279.6001.300136985030081433029390459071,8,1,99.0,34.0,102.0,0.38823529411764707,0.18085106382978725,0.3669064748201439,189,279,256.0
1.3.6.1.4.1.14519.5.2.1.6279.6001.300136985030081433029390459071,9,1,99.0,31.0,95.0,0.38823529411764707,0.16489361702127658,0.34172661870503596,189,279,256.0
1.3.6.1.4.1.14519.5.2.1.6279.6001.300146276266881736689307479986,0,0,204.0,127.22222137451172,67.66666412353516,0.7816091954022989,0.6876876831054688,0.2460605968128551,186,276,262.0
1.3.6.1.4.1.14519.5.2.1.6279.6001.300146276266881736689307479986,1,0,204.0,127.0,65.0,0.7816091954022989,0.6864864864864865,0.23636363636363636,186,276,262.0
1.3.6.1.4.1.14519.5.2.1.6279.6001.300146276266881736689307479986,2,0,204.0,125.0,69.0,0.7816091954022989,0.6756756756756757,0.2509090909090909,186,276,262.0
1.3.6.1.4.1.14519.5.2.1.6279.6001.300146276266881736689307479986,3,0,204.0,129.0,70.0,0.7816091954022989,0.6972972972972973,0.2545454545454545,186,276,262.0
1.3.6.1.4.1.14519.5.2.1.6279.6001.300146276266881736689307479986,4,0,204.0,128.0,65.0,0.7816091954022989,0.6918918918918919,0.23636363636363636,186,276,262.0
1.3.6.1.4.1.14519.5.2.1.6279.6001.300146276266881736689307479986,5,1,133.0,62.5,54.22222137451172,0.5095785440613027,0.33783783783783783,0.19717171408913353,186,276,262.0
1.3.6.1.4.1.14519.5.2.1.6279.6001.300146276266881736689307479986,6,1,133.0,62.0,52.0,0.5095785440613027,0.33513513513513515,0.1890909090909091,186,276,262.0
1.3.6.1.4.1.14519.5.2.1.6279.6001.300146276266881736689307479986,7,1,133.0,61.0,55.0,0.5095785440613027,0.32972972972972975,0.2,186,276,262.0
1.3.6.1.4.1.14519.5.2.1.6279.6001.300146276266881736689307479986,8,1,133.0,64.0,56.0,0.5095785440613027,0.34594594594594597,0.20363636363636364,186,276,262.0
1.3.6.1.4.1.14519.5.2.1.6279.6001.300146276266881736689307479986,9,1,133.0,63.0,52.0,0.5095785440613027,0.34054054054054056,0.1890909090909091,186,276,262.0
1.3.6.1.4.1.14519.5.2.1.6279.6001.300246184547502297539521283806,0,0,212.0,97.71428680419922,246.5,0.7210884353741497,0.49350649901110716,0.8355932203389831,199,296,295.0
1.3.6.1.4.1.14519.5.2.1.6279.6001.300246184547502297539521283806,1,0,212.0,97.0,245.0,0.7210884353741497,0.4898989898989899,0.8305084745762712,199,296,295.0
1.3.6.1.4.1.14519.5.2.1.6279.6001.300246184547502297539521283806,2,0,212.0,97.0,248.0,0.7210884353741497,0.4898989898989899,0.8406779661016949,199,296,295.0
1.3.6.1.4.1.14519.5.2.1.6279.6001.300246184547502297539521283806,3,0,212.0,99.0,247.0,0.7210884353741497,0.5,0.8372881355932204,199,296,295.0
1.3.6.1.4.1.14519.5.2.1.6279.6001.300246184547502297539521283806,4,0,212.0,98.0,245.0,0.7210884353741497,0.494949494949495,0.8305084745762712,199,296,295.0
1.3.6.1.4.1.14519.5.2.1.6279.6001.300246184547502297539521283806,5,1,95.0,37.0,69.19999694824219,0.3231292517006803,0.18686868686868688,0.23457626084149893,199,296,295.0
1.3.6.1.4.1.14519.5.2.1.6279.6001.300246184547502297539521283806,6,1,95.0,36.0,68.0,0.3231292517006803,0.18181818181818182,0.2305084745762712,199,296,295.0
1.3.6.1.4.1.14519.5.2.1.6279.6001.300246184547502297539521283806,7,1,95.0,36.0,70.0,0.3231292517006803,0.18181818181818182,0.23728813559322035,199,296,295.0
1.3.6.1.4.1.14519.5.2.1.6279.6001.300246184547502297539521283806,8,1,95.0,38.0,70.0,0.3231292517006803,0.1919191919191919,0.23728813559322035,199,296,295.0
1.3.6.1.4.1.14519.5.2.1.6279.6001.300246184547502297539521283806,9,1,95.0,37.0,68.0,0.3231292517006803,0.18686868686868688,0.2305084745762712,199,296,295.0
1.3.6.1.4.1.14519.5.2.1.6279.6001.300270516469599170290456821227,0,0,37.0,89.66666412353516,8.222222328186035,0.14122137404580154,0.4505862518770611,0.03513770225720528,200,235,263.0
1.3.6.1.4.1.14519.5.2.1.6279.6001.300270516469599170290456821227,1,0,37.0,89.0,5.0,0.14122137404580154,0.4472361809045226,0.021367521367521368,200,235,263.0
1.3.6.1.4.1.14519.5.2.1.6279.6001.300270516469599170290456821227,2,0,37.0,87.0,10.0,0.14122137404580154,0.4371859296482412,0.042735042735042736,200,235,263.0
1.3.6.1.4.1.14519.5.2.1.6279.6001.300270516469599170290456821227,3,0,37.0,92.0,10.0,0.14122137404580154,0.4623115577889447,0.042735042735042736,200,235,263.0
1.3.6.1.4.1.14519.5.2.1.6279.6001.300270516469599170290456821227,4,0,37.0,90.0,5.0,0.14122137404580154,0.45226130653266333,0.021367521367521368,200,235,263.0
1.3.6.1.4.1.14519.5.2.1.6279.6001.300270516469599170290456821227,5,1,140.0,51.5,56.5,0.5343511450381679,0.25879396984924624,0.24145299145299146,200,235,263.0
1.3.6.1.4.1.14519.5.2.1.6279.6001.300270516469599170290456821227,6,1,140.0,51.0,55.0,0.5343511450381679,0.2562814070351759,0.23504273504273504,200,235,263.0
1.3.6.1.4.1.14519.5.2.1.6279.6001.300270516469599170290456821227,7,1,140.0,50.0,57.0,0.5343511450381679,0.25125628140703515,0.24358974358974358,200,235,263.0
1.3.6.1.4.1.14519.5.2.1.6279.6001.300270516469599170290456821227,8,1,140.0,52.0,58.0,0.5343511450381679,0.2613065326633166,0.24786324786324787,200,235,263.0
1.3.6.1.4.1.14519.5.2.1.6279.6001.300270516469599170290456821227,9,1,140.0,52.0,55.0,0.5343511450381679,0.2613065326633166,0.23504273504273504,200,235,263.0
1.3.6.1.4.1.14519.5.2.1.6279.6001.301462380687644451483231621986,0,0,161.0,123.7744369506836,235.22557067871094,0.5669014084507042,0.5730298006976092,0.7612478015492263,217,310,285.0
1.3.6.1.4.1.14519.5.2.1.6279.6001.301462380687644451483231621986,1,0,161.0,123.0,229.0,0.5669014084507042,0.5694444444444444,0.7411003236245954,217,310,285.0
1.3.6.1.4.1.14519.5.2.1.6279.6001.301462380687644451483231621986,2,0,161.0,118.0,238.0,0.5669014084507042,0.5462962962962963,0.7702265372168284,217,310,285.0
1.3.6.1.4.1.14519.5.2.1.6279.6001.301462380687644451483231621986,3,0,161.0,129.0,239.0,0.5669014084507042,0.5972222222222222,0.7734627831715211,217,310,285.0
1.3.6.1.4.1.14519.5.2.1.6279.6001.301462380687644451483231621986,4,0,161.0,124.0,229.0,0.5669014084507042,0.5740740740740741,0.7411003236245954,217,310,285.0
1.3.6.1.4.1.14519.5.2.1.6279.6001.301462380687644451483231621986,5,1,179.0,110.21705627441406,216.91473388671875,0.6302816901408451,0.5102641494185837,0.701989430054106,217,310,285.0
1.3.6.1.4.1.14519.5.2.1.6279.6001.301462380687644451483231621986,6,1,179.0,110.0,211.0,0.6302816901408451,0.5092592592592593,0.6828478964401294,217,310,285.0
1.3.6.1.4.1.14519.5.2.1.6279.6001.301462380687644451483231621986,7,1,179.0,105.0,220.0,0.6302816901408451,0.4861111111111111,0.7119741100323624,217,310,285.0
1.3.6.1.4.1.14519.5.2.1.6279.6001.301462380687644451483231621986,8,1,179.0,115.0,220.0,0.6302816901408451,0.5324074074074074,0.7119741100323624,217,310,285.0
1.3.6.1.4.1.14519.5.2.1.6279.6001.301462380687644451483231621986,9,1,179.0,111.0,211.0,0.6302816901408451,0.5138888888888888,0.6828478964401294,217,310,285.0
1.3.6.1.4.1.14519.5.2.1.6279.6001.301462380687644451483231621986,10,2,210.0,152.01666259765625,205.3000030517578,0.7394366197183099,0.7037808453595197,0.6644013043746207,217,310,285.0
1.3.6.1.4.1.14519.5.2.1.6279.6001.301462380687644451483231621986,11,2,210.0,151.0,202.0,0.7394366197183099,0.6990740740740741,0.6537216828478964,217,310,285.0
1.3.6.1.4.1.14519.5.2.1.6279.6001.301462380687644451483231621986,12,2,210.0,149.0,208.0,0.7394366197183099,0.6898148148148148,0.6731391585760518,217,310,285.0
1.3.6.1.4.1.14519.5.2.1.6279.6001.301462380687644451483231621986,13,2,210.0,155.0,207.0,0.7394366197183099,0.7175925925925926,0.6699029126213593,217,310,285.0
1.3.6.1.4.1.14519.5.2.1.6279.6001.301462380687644451483231621986,14,2,210.0,152.0,201.0,0.7394366197183099,0.7037037037037037,0.6504854368932039,217,310,285.0
1.3.6.1.4.1.14519.5.2.1.6279.6001.301582691063019848479942618641,0,0,243.0,60.06779479980469,235.52542114257812,0.7063953488372093,0.24517467265226403,0.7406459784357803,246,319,345.0
1.3.6.1.4.1.14519.5.2.1.6279.6001.301582691063019848479942618641,1,0,243.0,60.0,232.0,0.7063953488372093,0.24489795918367346,0.7295597484276729,246,319,345.0
1.3.6.1.4.1.14519.5.2.1.6279.6001.301582691063019848479942618641,2,0,243.0,56.0,237.0,0.7063953488372093,0.22857142857142856,0.7452830188679245,246,319,345.0
1.3.6.1.4.1.14519.5.2.1.6279.6001.301582691063019848479942618641,3,0,243.0,63.0,238.0,0.7063953488372093,0.2571428571428571,0.7484276729559748,246,319,345.0
1.3.6.1.4.1.14519.5.2.1.6279.6001.301582691063019848479942618641,4,0,243.0,61.0,232.0,0.7063953488372093,0.24897959183673468,0.7295597484276729,246,319,345.0
1.3.6.1.4.1.14519.5.2.1.6279.6001.302403227435841351528721627052,0,0,65.0,127.70833587646484,247.0,0.23297491039426524,0.6322194845369546,0.9080882352941176,203,273,280.0
1.3.6.1.4.1.14519.5.2.1.6279.6001.302403227435841351528721627052,1,0,65.0,127.0,245.0,0.23297491039426524,0.6287128712871287,0.9007352941176471,203,273,280.0
1.3.6.1.4.1.14519.5.2.1.6279.6001.302403227435841351528721627052,2,0,65.0,126.0,248.0,0.23297491039426524,0.6237623762376238,0.9117647058823529,203,273,280.0
1.3.6.1.4.1.14519.5.2.1.6279.6001.302403227435841351528721627052,3,0,65.0,129.0,249.0,0.23297491039426524,0.6386138613861386,0.9154411764705882,203,273,280.0
1.3.6.1.4.1.14519.5.2.1.6279.6001.302403227435841351528721627052,4,0,65.0,128.0,245.0,0.23297491039426524,0.6336633663366337,0.9007352941176471,203,273,280.0
1.3.6.1.4.1.14519.5.2.1.6279.6001.302557165094691896097534021075,0,0,178.0,129.1226348876953,88.04717254638672,0.6846153846153846,0.6456131744384765,0.3452830295936734,201,256,261.0
1.3.6.1.4.1.14519.5.2.1.6279.6001.302557165094691896097534021075,1,0,178.0,129.0,83.0,0.6846153846153846,0.645,0.3254901960784314,201,256,261.0
1.3.6.1.4.1.14519.5.2.1.6279.6001.302557165094691896097534021075,2,0,178.0,124.0,90.0,0.6846153846153846,0.62,0.35294117647058826,201,256,261.0
1.3.6.1.4.1.14519.5.2.1.6279.6001.302557165094691896097534021075,3,0,178.0,133.0,92.0,0.6846153846153846,0.665,0.3607843137254902,201,256,261.0
1.3.6.1.4.1.14519.5.2.1.6279.6001.302557165094691896097534021075,4,0,178.0,130.0,83.0,0.6846153846153846,0.65,0.3254901960784314,201,256,261.0
1.3.6.1.4.1.14519.5.2.1.6279.6001.303421828981831854739626597495,0,0,76.0,156.5,246.22222900390625,0.26480836236933797,0.6894273127753304,0.8639376456277412,228,286,288.0
1.3.6.1.4.1.14519.5.2.1.6279.6001.303421828981831854739626597495,1,0,76.0,156.0,244.0,0.26480836236933797,0.6872246696035242,0.856140350877193,228,286,288.0
1.3.6.1.4.1.14519.5.2.1.6279.6001.303421828981831854739626597495,2,0,76.0,155.0,247.0,0.26480836236933797,0.6828193832599119,0.8666666666666667,228,286,288.0
1.3.6.1.4.1.14519.5.2.1.6279.6001.303421828981831854739626597495,3,0,76.0,158.0,248.0,0.26480836236933797,0.6960352422907489,0.8701754385964913,228,286,288.0
1.3.6.1.4.1.14519.5.2.1.6279.6001.303421828981831854739626597495,4,0,76.0,157.0,244.0,0.26480836236933797,0.6916299559471366,0.856140350877193,228,286,288.0
1.3.6.1.4.1.14519.5.2.1.6279.6001.304700823314998198591652152637,0,0,52.0,90.92500305175781,13.199999809265137,0.16938110749185667,0.49958792885581216,0.04536082408682177,183,292,308.0
1.3.6.1.4.1.14519.5.2.1.6279.6001.304700823314998198591652152637,1,0,52.0,90.0,10.0,0.16938110749185667,0.4945054945054945,0.03436426116838488,183,292,308.0
1.3.6.1.4.1.14519.5.2.1.6279.6001.304700823314998198591652152637,2,0,52.0,88.0,15.0,0.16938110749185667,0.4835164835164835,0.05154639175257732,183,292,308.0
1.3.6.1.4.1.14519.5.2.1.6279.6001.304700823314998198591652152637,3,0,52.0,93.0,15.0,0.16938110749185667,0.510989010989011,0.05154639175257732,183,292,308.0
1.3.6.1.4.1.14519.5.2.1.6279.6001.304700823314998198591652152637,4,0,52.0,91.0,10.0,0.16938110749185667,0.5,0.03436426116838488,183,292,308.0
1.3.6.1.4.1.14519.5.2.1.6279.6001.305858704835252413616501469037,0,0,46.0,191.0895538330078,198.9104461669922,0.16428571428571428,0.7406571853992551,0.5902387126616979,259,338,281.0
1.3.6.1.4.1.14519.5.2.1.6279.6001.305858704835252413616501469037,1,0,46.0,191.0,195.0,0.16428571428571428,0.7403100775193798,0.5786350148367952,259,338,281.0
1.3.6.1.4.1.14519.5.2.1.6279.6001.305858704835252413616501469037,2,0,46.0,187.0,200.0,0.16428571428571428,0.7248062015503876,0.5934718100890207,259,338,281.0
1.3.6.1.4.1.14519.5.2.1.6279.6001.305858704835252413616501469037,3,0,46.0,194.0,202.0,0.16428571428571428,0.751937984496124,0.599406528189911,259,338,281.0
1.3.6.1.4.1.14519.5.2.1.6279.6001.305858704835252413616501469037,4,0,46.0,192.0,195.0,0.16428571428571428,0.7441860465116279,0.5786350148367952,259,338,281.0
1.3.6.1.4.1.14519.5.2.1.6279.6001.305858704835252413616501469037,5,1,34.0,221.87179565429688,114.87179565429688,0.12142857142857143,0.859968200210453,0.34086586247565837,259,338,281.0
1.3.6.1.4.1.14519.5.2.1.6279.6001.305858704835252413616501469037,6,1,34.0,221.0,112.0,0.12142857142857143,0.8565891472868217,0.3323442136498516,259,338,281.0
1.3.6.1.4.1.14519.5.2.1.6279.6001.305858704835252413616501469037,7,1,34.0,219.0,116.0,0.12142857142857143,0.8488372093023255,0.34421364985163205,259,338,281.0
1.3.6.1.4.1.14519.5.2.1.6279.6001.305858704835252413616501469037,8,1,34.0,224.0,117.0,0.12142857142857143,0.8682170542635659,0.34718100890207715,259,338,281.0
1.3.6.1.4.1.14519.5.2.1.6279.6001.305858704835252413616501469037,9,1,34.0,222.0,112.0,0.12142857142857143,0.8604651162790697,0.3323442136498516,259,338,281.0
1.3.6.1.4.1.14519.5.2.1.6279.6001.305887072264491016857673607285,0,0,110.0,131.17391967773438,35.0,0.3806228373702422,0.5205314272925967,0.11254019292604502,253,312,290.0
1.3.6.1.4.1.14519.5.2.1.6279.6001.305887072264491016857673607285,1,0,110.0,131.0,33.0,0.3806228373702422,0.5198412698412699,0.10610932475884244,253,312,290.0
1.3.6.1.4.1.14519.5.2.1.6279.6001.305887072264491016857673607285,2,0,110.0,129.0,36.0,0.3806228373702422,0.5119047619047619,0.1157556270096463,253,312,290.0
1.3.6.1.4.1.14519.5.2.1.6279.6001.305887072264491016857673607285,3,0,110.0,133.0,37.0,0.3806228373702422,0.5277777777777778,0.1189710610932476,253,312,290.0
1.3.6.1.4.1.14519.5.2.1.6279.6001.305887072264491016857673607285,4,0,110.0,132.0,33.0,0.3806228373702422,0.5238095238095238,0.10610932475884244,253,312,290.0
1.3.6.1.4.1.14519.5.2.1.6279.6001.306948744223170422945185006551,0,0,78.0,88.0273208618164,265.1475524902344,0.291044776119403,0.456100108092313,0.917465579550984,194,290,269.0
1.3.6.1.4.1.14519.5.2.1.6279.6001.306948744223170422945185006551,1,0,78.0,88.0,255.0,0.291044776119403,0.45595854922279794,0.8823529411764706,194,290,269.0
1.3.6.1.4.1.14519.5.2.1.6279.6001.306948744223170422945185006551,2,0,78.0,78.0,269.0,0.291044776119403,0.40414507772020725,0.9307958477508651,194,290,269.0
1.3.6.1.4.1.14519.5.2.1.6279.6001.306948744223170422945185006551,3,0,78.0,97.0,271.0,0.291044776119403,0.5025906735751295,0.9377162629757786,194,290,269.0
1.3.6.1.4.1.14519.5.2.1.6279.6001.306948744223170422945185006551,4,0,78.0,89.0,255.0,0.291044776119403,0.46113989637305697,0.8823529411764706,194,290,269.0
1.3.6.1.4.1.14519.5.2.1.6279.6001.306948744223170422945185006551,5,1,182.0,105.4137954711914,249.29063415527344,0.6791044776119403,0.5461854687626497,0.8625973500182472,194,290,269.0
1.3.6.1.4.1.14519.5.2.1.6279.6001.306948744223170422945185006551,6,1,182.0,105.0,242.0,0.6791044776119403,0.5440414507772021,0.8373702422145328,194,290,269.0
1.3.6.1.4.1.14519.5.2.1.6279.6001.306948744223170422945185006551,7,1,182.0,99.0,253.0,0.6791044776119403,0.5129533678756477,0.8754325259515571,194,290,269.0
1.3.6.1.4.1.14519.5.2.1.6279.6001.306948744223170422945185006551,8,1,182.0,111.0,254.0,0.6791044776119403,0.5751295336787565,0.8788927335640139,194,290,269.0
1.3.6.1.4.1.14519.5.2.1.6279.6001.306948744223170422945185006551,9,1,182.0,106.0,242.0,0.6791044776119403,0.5492227979274611,0.8373702422145328,194,290,269.0
1.3.6.1.4.1.14519.5.2.1.6279.6001.307835307280028057486413359377,0,0,136.0,143.25,67.41666412353516,0.5112781954887218,0.6601382488479263,0.2340856393178304,218,289,267.0
1.3.6.1.4.1.14519.5.2.1.6279.6001.307835307280028057486413359377,1,0,136.0,143.0,64.0,0.5112781954887218,0.6589861751152074,0.2222222222222222,218,289,267.0
1.3.6.1.4.1.14519.5.2.1.6279.6001.307835307280028057486413359377,2,0,136.0,140.0,69.0,0.5112781954887218,0.6451612903225806,0.23958333333333334,218,289,267.0
1.3.6.1.4.1.14519.5.2.1.6279.6001.307835307280028057486413359377,3,0,136.0,146.0,70.0,0.5112781954887218,0.6728110599078341,0.24305555555555555,218,289,267.0
1.3.6.1.4.1.14519.5.2.1.6279.6001.307835307280028057486413359377,4,0,136.0,144.0,64.0,0.5112781954887218,0.663594470046083,0.2222222222222222,218,289,267.0
1.3.6.1.4.1.14519.5.2.1.6279.6001.308655308958459380153492314021,0,0,134.0,174.09091186523438,100.90908813476562,0.4200626959247649,0.8250754116835752,0.35037877824571395,212,289,320.0
1.3.6.1.4.1.14519.5.2.1.6279.6001.308655308958459380153492314021,1,0,134.0,174.0,99.0,0.4200626959247649,0.8246445497630331,0.34375,212,289,320.0
1.3.6.1.4.1.14519.5.2.1.6279.6001.308655308958459380153492314021,2,0,134.0,172.0,102.0,0.4200626959247649,0.8151658767772512,0.3541666666666667,212,289,320.0
1.3.6.1.4.1.14519.5.2.1.6279.6001.308655308958459380153492314021,3,0,134.0,176.0,102.0,0.4200626959247649,0.8341232227488151,0.3541666666666667,212,289,320.0
1.3.6.1.4.1.14519.5.2.1.6279.6001.308655308958459380153492314021,4,0,134.0,175.0,99.0,0.4200626959247649,0.8293838862559242,0.34375,212,289,320.0
1.3.6.1.4.1.14519.5.2.1.6279.6001.308655308958459380153492314021,5,1,230.0,66.0,62.0,0.7210031347962382,0.3127962085308057,0.2152777777777778,212,289,320.0
1.3.6.1.4.1.14519.5.2.1.6279.6001.308655308958459380153492314021,6,1,230.0,65.0,60.0,0.7210031347962382,0.3080568720379147,0.20833333333333334,212,289,320.0
1.3.6.1.4.1.14519.5.2.1.6279.6001.308655308958459380153492314021,7,1,230.0,64.0,63.0,0.7210031347962382,0.3033175355450237,0.21875,212,289,320.0
1.3.6.1.4.1.14519.5.2.1.6279.6001.308655308958459380153492314021,8,1,230.0,68.0,63.0,0.7210031347962382,0.3222748815165877,0.21875,212,289,320.0
1.3.6.1.4.1.14519.5.2.1.6279.6001.308655308958459380153492314021,9,1,230.0,66.0,60.0,0.7210031347962382,0.3127962085308057,0.20833333333333334,212,289,320.0
1.3.6.1.4.1.14519.5.2.1.6279.6001.309672797925724868457151381131,0,0,102.0,177.6734619140625,183.57142639160156,0.3953488372093023,0.8795715936339727,0.697990214416736,203,264,259.0
1.3.6.1.4.1.14519.5.2.1.6279.6001.309672797925724868457151381131,1,0,102.0,177.0,180.0,0.3953488372093023,0.8762376237623762,0.6844106463878327,203,264,259.0
1.3.6.1.4.1.14519.5.2.1.6279.6001.309672797925724868457151381131,2,0,102.0,175.0,185.0,0.3953488372093023,0.8663366336633663,0.7034220532319392,203,264,259.0
1.3.6.1.4.1.14519.5.2.1.6279.6001.309672797925724868457151381131,3,0,102.0,180.0,186.0,0.3953488372093023,0.8910891089108911,0.7072243346007605,203,264,259.0
1.3.6.1.4.1.14519.5.2.1.6279.6001.309672797925724868457151381131,4,0,102.0,178.0,180.0,0.3953488372093023,0.8811881188118812,0.6844106463878327,203,264,259.0
1.3.6.1.4.1.14519.5.2.1.6279.6001.309901913847714156367981722205,0,0,71.0,89.8144302368164,78.0,0.27099236641221375,0.5103092627091841,0.2857142857142857,177,274,263.0
1.3.6.1.4.1.14519.5.2.1.6279.6001.309901913847714156367981722205,1,0,71.0,89.0,73.0,0.27099236641221375,0.5056818181818182,0.2673992673992674,177,274,263.0
1.3.6.1.4.1.14519.5.2.1.6279.6001.309901913847714156367981722205,2,0,71.0,85.0,80.0,0.27099236641221375,0.48295454545454547,0.29304029304029305,177,274,263.0
1.3.6.1.4.1.14519.5.2.1.6279.6001.309901913847714156367981722205,3,0,71.0,94.0,81.0,0.27099236641221375,0.5340909090909091,0.2967032967032967,177,274,263.0
1.3.6.1.4.1.14519.5.2.1.6279.6001.309901913847714156367981722205,4,0,71.0,90.0,73.0,0.27099236641221375,0.5113636363636364,0.2673992673992674,177,274,263.0
1.3.6.1.4.1.14519.5.2.1.6279.6001.309955999522338651429118207446,0,0,77.0,162.0,56.81538391113281,0.34684684684684686,0.7105263157894737,0.19865518850046437,229,287,223.0
1.3.6.1.4.1.14519.5.2.1.6279.6001.309955999522338651429118207446,1,0,77.0,161.0,53.0,0.34684684684684686,0.706140350877193,0.1853146853146853,229,287,223.0
1.3.6.1.4.1.14519.5.2.1.6279.6001.309955999522338651429118207446,2,0,77.0,159.0,59.0,0.34684684684684686,0.6973684210526315,0.2062937062937063,229,287,223.0
1.3.6.1.4.1.14519.5.2.1.6279.6001.309955999522338651429118207446,3,0,77.0,165.0,59.0,0.34684684684684686,0.7236842105263158,0.2062937062937063,229,287,223.0
1.3.6.1.4.1.14519.5.2.1.6279.6001.309955999522338651429118207446,4,0,77.0,162.0,53.0,0.34684684684684686,0.7105263157894737,0.1853146853146853,229,287,223.0
1.3.6.1.4.1.14519.5.2.1.6279.6001.309955999522338651429118207446,5,1,147.0,211.47457885742188,92.06779479980469,0.6621621621621622,0.9275200827079907,0.32191536643288354,229,287,223.0
1.3.6.1.4.1.14519.5.2.1.6279.6001.309955999522338651429118207446,6,1,147.0,211.0,88.0,0.6621621621621622,0.9254385964912281,0.3076923076923077,229,287,223.0
1.3.6.1.4.1.14519.5.2.1.6279.6001.309955999522338651429118207446,7,1,147.0,208.0,94.0,0.6621621621621622,0.9122807017543859,0.32867132867132864,229,287,223.0
1.3.6.1.4.1.14519.5.2.1.6279.6001.309955999522338651429118207446,8,1,147.0,215.0,94.0,0.6621621621621622,0.9429824561403509,0.32867132867132864,229,287,223.0
1.3.6.1.4.1.14519.5.2.1.6279.6001.309955999522338651429118207446,9,1,147.0,212.0,88.0,0.6621621621621622,0.9298245614035088,0.3076923076923077,229,287,223.0
1.3.6.1.4.1.14519.5.2.1.6279.6001.309955999522338651429118207446,10,2,71.0,142.14634704589844,261.8536682128906,0.31981981981981983,0.6234488905521861,0.9155722664786385,229,287,223.0
1.3.6.1.4.1.14519.5.2.1.6279.6001.309955999522338651429118207446,11,2,71.0,142.0,259.0,0.31981981981981983,0.6228070175438597,0.9055944055944056,229,287,223.0
1.3.6.1.4.1.14519.5.2.1.6279.6001.309955999522338651429118207446,12,2,71.0,139.0,263.0,0.31981981981981983,0.6096491228070176,0.9195804195804196,229,287,223.0
1.3.6.1.4.1.14519.5.2.1.6279.6001.309955999522338651429118207446,13,2,71.0,145.0,264.0,0.31981981981981983,0.6359649122807017,0.9230769230769231,229,287,223.0
1.3.6.1.4.1.14519.5.2.1.6279.6001.309955999522338651429118207446,14,2,71.0,143.0,259.0,0.31981981981981983,0.6271929824561403,0.9055944055944056,229,287,223.0
1.3.6.1.4.1.14519.5.2.1.6279.6001.309955999522338651429118207446,15,3,117.0,134.76666259765625,217.86666870117188,0.527027027027027,0.5910818534984923,0.7617715688852164,229,287,223.0
1.3.6.1.4.1.14519.5.2.1.6279.6001.309955999522338651429118207446,16,3,117.0,134.0,215.0,0.527027027027027,0.5877192982456141,0.7517482517482518,229,287,223.0
1.3.6.1.4.1.14519.5.2.1.6279.6001.309955999522338651429118207446,17,3,117.0,133.0,220.0,0.527027027027027,0.5833333333333334,0.7692307692307693,229,287,223.0
1.3.6.1.4.1.14519.5.2.1.6279.6001.309955999522338651429118207446,18,3,117.0,137.0,219.0,0.527027027027027,0.6008771929824561,0.7657342657342657,229,287,223.0
1.3.6.1.4.1.14519.5.2.1.6279.6001.309955999522338651429118207446,19,3,117.0,135.0,215.0,0.527027027027027,0.5921052631578947,0.7517482517482518,229,287,223.0
1.3.6.1.4.1.14519.5.2.1.6279.6001.309955999522338651429118207446,20,4,112.0,62.625,234.75,0.5045045045045045,0.2746710526315789,0.8208041958041958,229,287,223.0
1.3.6.1.4.1.14519.5.2.1.6279.6001.309955999522338651429118207446,21,4,112.0,62.0,233.0,0.5045045045045045,0.2719298245614035,0.8146853146853147,229,287,223.0
1.3.6.1.4.1.14519.5.2.1.6279.6001.309955999522338651429118207446,22,4,112.0,61.0,236.0,0.5045045045045045,0.2675438596491228,0.8251748251748252,229,287,223.0
1.3.6.1.4.1.14519.5.2.1.6279.6001.309955999522338651429118207446,23,4,112.0,64.0,236.0,0.5045045045045045,0.2807017543859649,0.8251748251748252,229,287,223.0
1.3.6.1.4.1.14519.5.2.1.6279.6001.309955999522338651429118207446,24,4,112.0,63.0,233.0,0.5045045045045045,0.27631578947368424,0.8146853146853147,229,287,223.0
1.3.6.1.4.1.14519.5.2.1.6279.6001.309955999522338651429118207446,25,5,178.0,129.5,63.71428680419922,0.8018018018018018,0.5679824561403509,0.22277722658810917,229,287,223.0
1.3.6.1.4.1.14519.5.2.1.6279.6001.309955999522338651429118207446,26,5,178.0,129.0,62.0,0.8018018018018018,0.5657894736842105,0.21678321678321677,229,287,223.0
1.3.6.1.4.1.14519.5.2.1.6279.6001.309955999522338651429118207446,27,5,178.0,128.0,65.0,0.8018018018018018,0.5614035087719298,0.22727272727272727,229,287,223.0
1.3.6.1.4.1.14519.5.2.1.6279.6001.309955999522338651429118207446,28,5,178.0,131.0,65.0,0.8018018018018018,0.5745614035087719,0.22727272727272727,229,287,223.0
1.3.6.1.4.1.14519.5.2.1.6279.6001.309955999522338651429118207446,29,5,178.0,130.0,62.0,0.8018018018018018,0.5701754385964912,0.21678321678321677,229,287,223.0
1.3.6.1.4.1.14519.5.2.1.6279.6001.309955999522338651429118207446,30,6,141.0,114.5999984741211,241.39999389648438,0.6351351351351351,0.5026315722549171,0.8440559227149803,229,287,223.0
1.3.6.1.4.1.14519.5.2.1.6279.6001.309955999522338651429118207446,31,6,141.0,114.0,240.0,0.6351351351351351,0.5,0.8391608391608392,229,287,223.0
1.3.6.1.4.1.14519.5.2.1.6279.6001.309955999522338651429118207446,32,6,141.0,113.0,242.0,0.6351351351351351,0.4956140350877193,0.8461538461538461,229,287,223.0
1.3.6.1.4.1.14519.5.2.1.6279.6001.309955999522338651429118207446,33,6,141.0,116.0,243.0,0.6351351351351351,0.5087719298245614,0.8496503496503497,229,287,223.0
1.3.6.1.4.1.14519.5.2.1.6279.6001.309955999522338651429118207446,34,6,141.0,115.0,240.0,0.6351351351351351,0.5043859649122807,0.8391608391608392,229,287,223.0
1.3.6.1.4.1.14519.5.2.1.6279.6001.310395752124284049604069960014,0,0,59.0,25.38888931274414,86.61111450195312,0.2565217391304348,0.14760982158572175,0.35496358402439804,173,245,231.0
1.3.6.1.4.1.14519.5.2.1.6279.6001.310395752124284049604069960014,1,0,59.0,25.0,83.0,0.2565217391304348,0.14534883720930233,0.3401639344262295,173,245,231.0
1.3.6.1.4.1.14519.5.2.1.6279.6001.310395752124284049604069960014,2,0,59.0,22.0,88.0,0.2565217391304348,0.12790697674418605,0.36065573770491804,173,245,231.0
1.3.6.1.4.1.14519.5.2.1.6279.6001.310395752124284049604069960014,3,0,59.0,28.0,89.0,0.2565217391304348,0.16279069767441862,0.36475409836065575,173,245,231.0
1.3.6.1.4.1.14519.5.2.1.6279.6001.310395752124284049604069960014,4,0,59.0,26.0,83.0,0.2565217391304348,0.1511627906976744,0.3401639344262295,173,245,231.0
1.3.6.1.4.1.14519.5.2.1.6279.6001.310395752124284049604069960014,5,1,139.0,74.34615325927734,18.346153259277344,0.6043478260869565,0.43224507708882176,0.07518915270195632,173,245,231.0
1.3.6.1.4.1.14519.5.2.1.6279.6001.310395752124284049604069960014,6,1,139.0,74.0,16.0,0.6043478260869565,0.43023255813953487,0.06557377049180328,173,245,231.0
1.3.6.1.4.1.14519.5.2.1.6279.6001.310395752124284049604069960014,7,1,139.0,72.0,19.0,0.6043478260869565,0.4186046511627907,0.0778688524590164,173,245,231.0
1.3.6.1.4.1.14519.5.2.1.6279.6001.310395752124284049604069960014,8,1,139.0,76.0,20.0,0.6043478260869565,0.4418604651162791,0.08196721311475409,173,245,231.0
1.3.6.1.4.1.14519.5.2.1.6279.6001.310395752124284049604069960014,9,1,139.0,75.0,16.0,0.6043478260869565,0.436046511627907,0.06557377049180328,173,245,231.0
1.3.6.1.4.1.14519.5.2.1.6279.6001.310395752124284049604069960014,10,2,83.0,107.14286041259766,36.19047546386719,0.36086956521739133,0.6229236070499864,0.14832162075355404,173,245,231.0
1.3.6.1.4.1.14519.5.2.1.6279.6001.310395752124284049604069960014,11,2,83.0,107.0,34.0,0.36086956521739133,0.622093023255814,0.13934426229508196,173,245,231.0
1.3.6.1.4.1.14519.5.2.1.6279.6001.310395752124284049604069960014,12,2,83.0,105.0,37.0,0.36086956521739133,0.6104651162790697,0.15163934426229508,173,245,231.0
1.3.6.1.4.1.14519.5.2.1.6279.6001.310395752124284049604069960014,13,2,83.0,109.0,38.0,0.36086956521739133,0.6337209302325582,0.1557377049180328,173,245,231.0
1.3.6.1.4.1.14519.5.2.1.6279.6001.310395752124284049604069960014,14,2,83.0,108.0,34.0,0.36086956521739133,0.627906976744186,0.13934426229508196,173,245,231.0
1.3.6.1.4.1.14519.5.2.1.6279.6001.310548927038333190233889983845,0,0,208.0,150.38888549804688,95.38888549804688,0.8455284552845529,0.7265163550630284,0.3572617434383778,208,268,247.0
1.3.6.1.4.1.14519.5.2.1.6279.6001.310548927038333190233889983845,1,0,208.0,150.0,92.0,0.8455284552845529,0.7246376811594203,0.3445692883895131,208,268,247.0
1.3.6.1.4.1.14519.5.2.1.6279.6001.310548927038333190233889983845,2,0,208.0,147.0,96.0,0.8455284552845529,0.7101449275362319,0.3595505617977528,208,268,247.0
1.3.6.1.4.1.14519.5.2.1.6279.6001.310548927038333190233889983845,3,0,208.0,153.0,98.0,0.8455284552845529,0.7391304347826086,0.36704119850187267,208,268,247.0
1.3.6.1.4.1.14519.5.2.1.6279.6001.310548927038333190233889983845,4,0,208.0,151.0,92.0,0.8455284552845529,0.7294685990338164,0.3445692883895131,208,268,247.0
1.3.6.1.4.1.14519.5.2.1.6279.6001.311476128731958142981941696518,0,0,94.0,184.5,61.0,0.34686346863468637,0.8744075829383886,0.18654434250764526,212,328,272.0
1.3.6.1.4.1.14519.5.2.1.6279.6001.311476128731958142981941696518,1,0,94.0,184.0,58.0,0.34686346863468637,0.8720379146919431,0.17737003058103976,212,328,272.0
1.3.6.1.4.1.14519.5.2.1.6279.6001.311476128731958142981941696518,2,0,94.0,181.0,62.0,0.34686346863468637,0.8578199052132701,0.18960244648318042,212,328,272.0
1.3.6.1.4.1.14519.5.2.1.6279.6001.311476128731958142981941696518,3,0,94.0,187.0,63.0,0.34686346863468637,0.8862559241706162,0.1926605504587156,212,328,272.0
1.3.6.1.4.1.14519.5.2.1.6279.6001.311476128731958142981941696518,4,0,94.0,185.0,58.0,0.34686346863468637,0.8767772511848341,0.17737003058103976,212,328,272.0
1.3.6.1.4.1.14519.5.2.1.6279.6001.312127933722985204808706697221,0,0,155.0,35.45070266723633,146.84507751464844,0.6275303643724697,0.18856756737891664,0.5626248180637872,189,262,248.0
1.3.6.1.4.1.14519.5.2.1.6279.6001.312127933722985204808706697221,1,0,155.0,35.0,143.0,0.6275303643724697,0.18617021276595744,0.5478927203065134,189,262,248.0
1.3.6.1.4.1.14519.5.2.1.6279.6001.312127933722985204808706697221,2,0,155.0,32.0,149.0,0.6275303643724697,0.1702127659574468,0.5708812260536399,189,262,248.0
1.3.6.1.4.1.14519.5.2.1.6279.6001.312127933722985204808706697221,3,0,155.0,39.0,149.0,0.6275303643724697,0.2074468085106383,0.5708812260536399,189,262,248.0
1.3.6.1.4.1.14519.5.2.1.6279.6001.312127933722985204808706697221,4,0,155.0,36.0,143.0,0.6275303643724697,0.19148936170212766,0.5478927203065134,189,262,248.0
1.3.6.1.4.1.14519.5.2.1.6279.6001.312127933722985204808706697221,5,1,91.0,69.5,21.0,0.3684210526315789,0.3696808510638298,0.08045977011494253,189,262,248.0
1.3.6.1.4.1.14519.5.2.1.6279.6001.312127933722985204808706697221,6,1,91.0,69.0,18.0,0.3684210526315789,0.3670212765957447,0.06896551724137931,189,262,248.0
1.3.6.1.4.1.14519.5.2.1.6279.6001.312127933722985204808706697221,7,1,91.0,67.0,22.0,0.3684210526315789,0.35638297872340424,0.0842911877394636,189,262,248.0
1.3.6.1.4.1.14519.5.2.1.6279.6001.312127933722985204808706697221,8,1,91.0,72.0,23.0,0.3684210526315789,0.3829787234042553,0.08812260536398467,189,262,248.0
1.3.6.1.4.1.14519.5.2.1.6279.6001.312127933722985204808706697221,9,1,91.0,70.0,18.0,0.3684210526315789,0.3723404255319149,0.06896551724137931,189,262,248.0
1.3.6.1.4.1.14519.5.2.1.6279.6001.312127933722985204808706697221,10,2,60.0,95.25926208496094,28.592592239379883,0.242914979757085,0.5066982025795794,0.10955016183670453,189,262,248.0
1.3.6.1.4.1.14519.5.2.1.6279.6001.312127933722985204808706697221,11,2,60.0,95.0,26.0,0.242914979757085,0.5053191489361702,0.09961685823754789,189,262,248.0
1.3.6.1.4.1.14519.5.2.1.6279.6001.312127933722985204808706697221,12,2,60.0,93.0,29.0,0.242914979757085,0.4946808510638298,0.1111111111111111,189,262,248.0
1.3.6.1.4.1.14519.5.2.1.6279.6001.312127933722985204808706697221,13,2,60.0,96.0,31.0,0.242914979757085,0.5106382978723404,0.11877394636015326,189,262,248.0
1.3.6.1.4.1.14519.5.2.1.6279.6001.312127933722985204808706697221,14,2,60.0,96.0,26.0,0.242914979757085,0.5106382978723404,0.09961685823754789,189,262,248.0
1.3.6.1.4.1.14519.5.2.1.6279.6001.312127933722985204808706697221,15,3,141.0,81.27777862548828,44.11111068725586,0.5708502024291497,0.43232860971004405,0.16900808692435196,189,262,248.0
1.3.6.1.4.1.14519.5.2.1.6279.6001.312127933722985204808706697221,16,3,141.0,81.0,42.0,0.5708502024291497,0.4308510638297872,0.16091954022988506,189,262,248.0
1.3.6.1.4.1.14519.5.2.1.6279.6001.312127933722985204808706697221,17,3,141.0,80.0,45.0,0.5708502024291497,0.425531914893617,0.1724137931034483,189,262,248.0
1.3.6.1.4.1.14519.5.2.1.6279.6001.312127933722985204808706697221,18,3,141.0,82.0,46.0,0.5708502024291497,0.43617021276595747,0.17624521072796934,189,262,248.0
1.3.6.1.4.1.14519.5.2.1.6279.6001.312127933722985204808706697221,19,3,141.0,82.0,42.0,0.5708502024291497,0.43617021276595747,0.16091954022988506,189,262,248.0
1.3.6.1.4.1.14519.5.2.1.6279.6001.312127933722985204808706697221,20,4,101.0,59.400001525878906,23.399999618530273,0.4089068825910931,0.3159574549248878,0.08965517095222326,189,262,248.0
1.3.6.1.4.1.14519.5.2.1.6279.6001.312127933722985204808706697221,21,4,101.0,59.0,22.0,0.4089068825910931,0.31382978723404253,0.0842911877394636,189,262,248.0
1.3.6.1.4.1.14519.5.2.1.6279.6001.312127933722985204808706697221,22,4,101.0,58.0,24.0,0.4089068825910931,0.30851063829787234,0.09195402298850575,189,262,248.0
1.3.6.1.4.1.14519.5.2.1.6279.6001.312127933722985204808706697221,23,4,101.0,60.0,25.0,0.4089068825910931,0.3191489361702128,0.09578544061302682,189,262,248.0
1.3.6.1.4.1.14519.5.2.1.6279.6001.312127933722985204808706697221,24,4,101.0,60.0,22.0,0.4089068825910931,0.3191489361702128,0.0842911877394636,189,262,248.0
1.3.6.1.4.1.14519.5.2.1.6279.6001.312704771348460502013249647868,0,0,103.0,173.18182373046875,252.18182373046875,0.3814814814814815,0.7185967789646006,0.8161224068947208,242,310,271.0
1.3.6.1.4.1.14519.5.2.1.6279.6001.312704771348460502013249647868,1,0,103.0,173.0,249.0,0.3814814814814815,0.7178423236514523,0.8058252427184466,242,310,271.0
1.3.6.1.4.1.14519.5.2.1.6279.6001.312704771348460502013249647868,2,0,103.0,171.0,253.0,0.3814814814814815,0.7095435684647303,0.8187702265372169,242,310,271.0
1.3.6.1.4.1.14519.5.2.1.6279.6001.312704771348460502013249647868,3,0,103.0,175.0,254.0,0.3814814814814815,0.7261410788381742,0.8220064724919094,242,310,271.0
1.3.6.1.4.1.14519.5.2.1.6279.6001.312704771348460502013249647868,4,0,103.0,174.0,250.0,0.3814814814814815,0.7219917012448133,0.8090614886731392,242,310,271.0
1.3.6.1.4.1.14519.5.2.1.6279.6001.312704771348460502013249647868,5,1,150.0,210.5,170.77777099609375,0.5555555555555556,0.8734439834024896,0.5526788705375202,242,310,271.0
1.3.6.1.4.1.14519.5.2.1.6279.6001.312704771348460502013249647868,6,1,150.0,210.0,169.0,0.5555555555555556,0.8713692946058091,0.5469255663430421,242,310,271.0
1.3.6.1.4.1.14519.5.2.1.6279.6001.312704771348460502013249647868,7,1,150.0,209.0,171.0,0.5555555555555556,0.8672199170124482,0.5533980582524272,242,310,271.0
1.3.6.1.4.1.14519.5.2.1.6279.6001.312704771348460502013249647868,8,1,150.0,212.0,172.0,0.5555555555555556,0.8796680497925311,0.5566343042071198,242,310,271.0
1.3.6.1.4.1.14519.5.2.1.6279.6001.312704771348460502013249647868,9,1,150.0,211.0,169.0,0.5555555555555556,0.8755186721991701,0.5469255663430421,242,310,271.0
1.3.6.1.4.1.14519.5.2.1.6279.6001.312704771348460502013249647868,10,2,188.0,154.46665954589844,244.13333129882812,0.6962962962962963,0.6409404960410724,0.7900755058214503,242,310,271.0
1.3.6.1.4.1.14519.5.2.1.6279.6001.312704771348460502013249647868,11,2,188.0,154.0,242.0,0.6962962962962963,0.6390041493775933,0.7831715210355987,242,310,271.0
1.3.6.1.4.1.14519.5.2.1.6279.6001.312704771348460502013249647868,12,2,188.0,153.0,245.0,0.6962962962962963,0.6348547717842323,0.7928802588996764,242,310,271.0
1.3.6.1.4.1.14519.5.2.1.6279.6001.312704771348460502013249647868,13,2,188.0,156.0,245.0,0.6962962962962963,0.6473029045643154,0.7928802588996764,242,310,271.0
1.3.6.1.4.1.14519.5.2.1.6279.6001.312704771348460502013249647868,14,2,188.0,155.0,243.0,0.6962962962962963,0.6431535269709544,0.7864077669902912,242,310,271.0
1.3.6.1.4.1.14519.5.2.1.6279.6001.313283554967554803238484128406,0,0,75.0,168.42784118652344,133.81443786621094,0.24916943521594684,0.7419728686630989,0.397075483282525,228,338,302.0
1.3.6.1.4.1.14519.5.2.1.6279.6001.313283554967554803238484128406,1,0,75.0,168.0,126.0,0.24916943521594684,0.7400881057268722,0.37388724035608306,228,338,302.0
1.3.6.1.4.1.14519.5.2.1.6279.6001.313283554967554803238484128406,2,0,75.0,162.0,137.0,0.24916943521594684,0.7136563876651982,0.4065281899109792,228,338,302.0
1.3.6.1.4.1.14519.5.2.1.6279.6001.313283554967554803238484128406,3,0,75.0,174.0,138.0,0.24916943521594684,0.7665198237885462,0.4094955489614243,228,338,302.0
1.3.6.1.4.1.14519.5.2.1.6279.6001.313283554967554803238484128406,4,0,75.0,169.0,126.0,0.24916943521594684,0.7444933920704846,0.37388724035608306,228,338,302.0
1.3.6.1.4.1.14519.5.2.1.6279.6001.313283554967554803238484128406,5,1,196.0,130.55294799804688,58.63529586791992,0.6511627906976745,0.5751231189341272,0.17399197586919857,228,338,302.0
1.3.6.1.4.1.14519.5.2.1.6279.6001.313283554967554803238484128406,6,1,196.0,130.0,54.0,0.6511627906976745,0.5726872246696035,0.16023738872403562,228,338,302.0
1.3.6.1.4.1.14519.5.2.1.6279.6001.313283554967554803238484128406,7,1,196.0,126.0,61.0,0.6511627906976745,0.5550660792951542,0.18100890207715134,228,338,302.0
1.3.6.1.4.1.14519.5.2.1.6279.6001.313283554967554803238484128406,8,1,196.0,135.0,61.0,0.6511627906976745,0.5947136563876652,0.18100890207715134,228,338,302.0
1.3.6.1.4.1.14519.5.2.1.6279.6001.313283554967554803238484128406,9,1,196.0,131.0,54.0,0.6511627906976745,0.5770925110132159,0.16023738872403562,228,338,302.0
1.3.6.1.4.1.14519.5.2.1.6279.6001.313283554967554803238484128406,10,2,235.0,137.51806640625,92.06024169921875,0.7807308970099668,0.6058064599394273,0.2731757913923405,228,338,302.0
1.3.6.1.4.1.14519.5.2.1.6279.6001.313283554967554803238484128406,11,2,235.0,137.0,87.0,0.7807308970099668,0.6035242290748899,0.258160237388724,228,338,302.0
1.3.6.1.4.1.14519.5.2.1.6279.6001.313283554967554803238484128406,12,2,235.0,133.0,94.0,0.7807308970099668,0.5859030837004405,0.2789317507418398,228,338,302.0
1.3.6.1.4.1.14519.5.2.1.6279.6001.313283554967554803238484128406,13,2,235.0,141.0,95.0,0.7807308970099668,0.6211453744493393,0.2818991097922849,228,338,302.0
1.3.6.1.4.1.14519.5.2.1.6279.6001.313283554967554803238484128406,14,2,235.0,138.0,87.0,0.7807308970099668,0.6079295154185022,0.258160237388724,228,338,302.0
1.3.6.1.4.1.14519.5.2.1.6279.6001.313334055029671473836954456733,0,0,69.0,99.26356506347656,207.0,0.23958333333333334,0.5576604778846997,0.7162629757785467,179,290,289.0
1.3.6.1.4.1.14519.5.2.1.6279.6001.313334055029671473836954456733,1,0,69.0,99.0,201.0,0.23958333333333334,0.5561797752808989,0.6955017301038062,179,290,289.0
1.3.6.1.4.1.14519.5.2.1.6279.6001.313334055029671473836954456733,2,0,69.0,94.0,210.0,0.23958333333333334,0.5280898876404494,0.726643598615917,179,290,289.0
1.3.6.1.4.1.14519.5.2.1.6279.6001.313334055029671473836954456733,3,0,69.0,104.0,210.0,0.23958333333333334,0.5842696629213483,0.726643598615917,179,290,289.0
1.3.6.1.4.1.14519.5.2.1.6279.6001.313334055029671473836954456733,4,0,69.0,100.0,201.0,0.23958333333333334,0.5617977528089888,0.6955017301038062,179,290,289.0
1.3.6.1.4.1.14519.5.2.1.6279.6001.313605260055394498989743099991,0,0,171.0,60.74074172973633,72.40740966796875,0.5588235294117647,0.2552132005451106,0.2129629696116728,239,341,307.0
1.3.6.1.4.1.14519.5.2.1.6279.6001.313605260055394498989743099991,1,0,171.0,60.0,70.0,0.5588235294117647,0.25210084033613445,0.20588235294117646,239,341,307.0
1.3.6.1.4.1.14519.5.2.1.6279.6001.313605260055394498989743099991,2,0,171.0,59.0,74.0,0.5588235294117647,0.24789915966386555,0.21764705882352942,239,341,307.0
1.3.6.1.4.1.14519.5.2.1.6279.6001.313605260055394498989743099991,3,0,171.0,63.0,74.0,0.5588235294117647,0.2647058823529412,0.21764705882352942,239,341,307.0
1.3.6.1.4.1.14519.5.2.1.6279.6001.313605260055394498989743099991,4,0,171.0,61.0,70.0,0.5588235294117647,0.25630252100840334,0.20588235294117646,239,341,307.0
1.3.6.1.4.1.14519.5.2.1.6279.6001.313835996725364342034830119490,0,0,212.0,138.12686157226562,50.67910385131836,0.7940074906367042,0.6640714498666617,0.17658224338438452,209,288,268.0
1.3.6.1.4.1.14519.5.2.1.6279.6001.313835996725364342034830119490,1,0,212.0,138.0,45.0,0.7940074906367042,0.6634615384615384,0.156794425087108,209,288,268.0
1.3.6.1.4.1.14519.5.2.1.6279.6001.313835996725364342034830119490,2,0,212.0,133.0,53.0,0.7940074906367042,0.6394230769230769,0.18466898954703834,209,288,268.0
1.3.6.1.4.1.14519.5.2.1.6279.6001.313835996725364342034830119490,3,0,212.0,143.0,55.0,0.7940074906367042,0.6875,0.1916376306620209,209,288,268.0
1.3.6.1.4.1.14519.5.2.1.6279.6001.313835996725364342034830119490,4,0,212.0,139.0,45.0,0.7940074906367042,0.6682692307692307,0.156794425087108,209,288,268.0
1.3.6.1.4.1.14519.5.2.1.6279.6001.314789075871001236641548593165,0,0,244.0,131.8378448486328,109.59459686279297,0.8442906574394463,0.5885618073599679,0.33110150109605124,225,332,290.0
1.3.6.1.4.1.14519.5.2.1.6279.6001.314789075871001236641548593165,1,0,244.0,131.0,107.0,0.8442906574394463,0.5848214285714286,0.32326283987915405,225,332,290.0
1.3.6.1.4.1.14519.5.2.1.6279.6001.314789075871001236641548593165,2,0,244.0,129.0,111.0,0.8442906574394463,0.5758928571428571,0.33534743202416917,225,332,290.0
1.3.6.1.4.1.14519.5.2.1.6279.6001.314789075871001236641548593165,3,0,244.0,134.0,111.0,0.8442906574394463,0.5982142857142857,0.33534743202416917,225,332,290.0
1.3.6.1.4.1.14519.5.2.1.6279.6001.314789075871001236641548593165,4,0,244.0,132.0,107.0,0.8442906574394463,0.5892857142857143,0.32326283987915405,225,332,290.0
1.3.6.1.4.1.14519.5.2.1.6279.6001.315187221221054114974341475212,0,0,82.0,155.1999969482422,47.79999923706055,0.2857142857142857,0.7355450092333753,0.15419354592600176,212,311,288.0
1.3.6.1.4.1.14519.5.2.1.6279.6001.315187221221054114974341475212,1,0,82.0,155.0,46.0,0.2857142857142857,0.7345971563981043,0.14838709677419354,212,311,288.0
1.3.6.1.4.1.14519.5.2.1.6279.6001.315187221221054114974341475212,2,0,82.0,153.0,48.0,0.2857142857142857,0.7251184834123223,0.15483870967741936,212,311,288.0
1.3.6.1.4.1.14519.5.2.1.6279.6001.315187221221054114974341475212,3,0,82.0,156.0,49.0,0.2857142857142857,0.7393364928909952,0.15806451612903225,212,311,288.0
1.3.6.1.4.1.14519.5.2.1.6279.6001.315187221221054114974341475212,4,0,82.0,156.0,46.0,0.2857142857142857,0.7393364928909952,0.14838709677419354,212,311,288.0
1.3.6.1.4.1.14519.5.2.1.6279.6001.315187221221054114974341475212,5,1,103.0,172.61538696289062,63.61538314819336,0.3588850174216028,0.818082402667728,0.2052109133812689,212,311,288.0
1.3.6.1.4.1.14519.5.2.1.6279.6001.315187221221054114974341475212,6,1,103.0,172.0,62.0,0.3588850174216028,0.8151658767772512,0.2,212,311,288.0
1.3.6.1.4.1.14519.5.2.1.6279.6001.315187221221054114974341475212,7,1,103.0,171.0,64.0,0.3588850174216028,0.8104265402843602,0.2064516129032258,212,311,288.0
1.3.6.1.4.1.14519.5.2.1.6279.6001.315187221221054114974341475212,8,1,103.0,174.0,65.0,0.3588850174216028,0.8246445497630331,0.20967741935483872,212,311,288.0
1.3.6.1.4.1.14519.5.2.1.6279.6001.315187221221054114974341475212,9,1,103.0,173.0,62.0,0.3588850174216028,0.8199052132701422,0.2,212,311,288.0
1.3.6.1.4.1.14519.5.2.1.6279.6001.315214756157389122376518747372,0,0,217.0,90.0,169.5,0.8509803921568627,0.4433497536945813,0.6595330739299611,204,258,256.0
1.3.6.1.4.1.14519.5.2.1.6279.6001.315214756157389122376518747372,1,0,217.0,89.0,167.0,0.8509803921568627,0.43842364532019706,0.6498054474708171,204,258,256.0
1.3.6.1.4.1.14519.5.2.1.6279.6001.315214756157389122376518747372,2,0,217.0,88.0,171.0,0.8509803921568627,0.43349753694581283,0.6653696498054474,204,258,256.0
1.3.6.1.4.1.14519.5.2.1.6279.6001.315214756157389122376518747372,3,0,217.0,92.0,171.0,0.8509803921568627,0.45320197044334976,0.6653696498054474,204,258,256.0
1.3.6.1.4.1.14519.5.2.1.6279.6001.315214756157389122376518747372,4,0,217.0,90.0,167.0,0.8509803921568627,0.4433497536945813,0.6498054474708171,204,258,256.0
1.3.6.1.4.1.14519.5.2.1.6279.6001.315770913282450940389971401304,0,0,93.0,169.2857208251953,192.5,0.34962406015037595,0.8178054146144701,0.6684027777777778,208,289,267.0
1.3.6.1.4.1.14519.5.2.1.6279.6001.315770913282450940389971401304,1,0,93.0,169.0,191.0,0.34962406015037595,0.8164251207729468,0.6631944444444444,208,289,267.0
1.3.6.1.4.1.14519.5.2.1.6279.6001.315770913282450940389971401304,2,0,93.0,168.0,193.0,0.34962406015037595,0.8115942028985508,0.6701388888888888,208,289,267.0
1.3.6.1.4.1.14519.5.2.1.6279.6001.315770913282450940389971401304,3,0,93.0,170.0,194.0,0.34962406015037595,0.821256038647343,0.6736111111111112,208,289,267.0
1.3.6.1.4.1.14519.5.2.1.6279.6001.315770913282450940389971401304,4,0,93.0,170.0,191.0,0.34962406015037595,0.821256038647343,0.6631944444444444,208,289,267.0
1.3.6.1.4.1.14519.5.2.1.6279.6001.316900421002460665752357657094,0,0,196.0,91.20378112792969,62.292015075683594,0.5429362880886427,0.3816057787779485,0.20490794432790657,240,305,362.0
1.3.6.1.4.1.14519.5.2.1.6279.6001.316900421002460665752357657094,1,0,196.0,91.0,50.0,0.5429362880886427,0.3807531380753138,0.16447368421052633,240,305,362.0
1.3.6.1.4.1.14519.5.2.1.6279.6001.316900421002460665752357657094,2,0,196.0,81.0,68.0,0.5429362880886427,0.3389121338912134,0.2236842105263158,240,305,362.0
1.3.6.1.4.1.14519.5.2.1.6279.6001.316900421002460665752357657094,3,0,196.0,102.0,68.0,0.5429362880886427,0.42677824267782427,0.2236842105263158,240,305,362.0
1.3.6.1.4.1.14519.5.2.1.6279.6001.316900421002460665752357657094,4,0,196.0,92.0,50.0,0.5429362880886427,0.38493723849372385,0.16447368421052633,240,305,362.0
1.3.6.1.4.1.14519.5.2.1.6279.6001.316900421002460665752357657094,5,1,328.0,132.15151977539062,200.93939208984375,0.9085872576177285,0.5529352291857348,0.6609848424008018,240,305,362.0
1.3.6.1.4.1.14519.5.2.1.6279.6001.316900421002460665752357657094,6,1,328.0,132.0,197.0,0.9085872576177285,0.5523012552301255,0.6480263157894737,240,305,362.0
1.3.6.1.4.1.14519.5.2.1.6279.6001.316900421002460665752357657094,7,1,328.0,128.0,202.0,0.9085872576177285,0.5355648535564853,0.6644736842105263,240,305,362.0
1.3.6.1.4.1.14519.5.2.1.6279.6001.316900421002460665752357657094,8,1,328.0,135.0,204.0,0.9085872576177285,0.5648535564853556,0.6710526315789473,240,305,362.0
1.3.6.1.4.1.14519.5.2.1.6279.6001.316900421002460665752357657094,9,1,328.0,133.0,197.0,0.9085872576177285,0.5564853556485355,0.6480263157894737,240,305,362.0
1.3.6.1.4.1.14519.5.2.1.6279.6001.316911475886263032009840828684,0,0,245.0,179.080810546875,266.0,0.7561728395061729,0.6941116687863372,0.7916666666666666,259,337,325.0
1.3.6.1.4.1.14519.5.2.1.6279.6001.316911475886263032009840828684,1,0,245.0,179.0,261.0,0.7561728395061729,0.6937984496124031,0.7767857142857143,259,337,325.0
1.3.6.1.4.1.14519.5.2.1.6279.6001.316911475886263032009840828684,2,0,245.0,174.0,268.0,0.7561728395061729,0.6744186046511628,0.7976190476190477,259,337,325.0
1.3.6.1.4.1.14519.5.2.1.6279.6001.316911475886263032009840828684,3,0,245.0,183.0,269.0,0.7561728395061729,0.7093023255813954,0.8005952380952381,259,337,325.0
1.3.6.1.4.1.14519.5.2.1.6279.6001.316911475886263032009840828684,4,0,245.0,180.0,261.0,0.7561728395061729,0.6976744186046512,0.7767857142857143,259,337,325.0
1.3.6.1.4.1.14519.5.2.1.6279.6001.317087518531899043292346860596,0,0,134.0,46.45070266723633,56.845069885253906,0.4652777777777778,0.23579036886921995,0.19875898561277588,198,287,289.0
1.3.6.1.4.1.14519.5.2.1.6279.6001.317087518531899043292346860596,1,0,134.0,46.0,53.0,0.4652777777777778,0.233502538071066,0.1853146853146853,198,287,289.0
1.3.6.1.4.1.14519.5.2.1.6279.6001.317087518531899043292346860596,2,0,134.0,43.0,59.0,0.4652777777777778,0.2182741116751269,0.2062937062937063,198,287,289.0
1.3.6.1.4.1.14519.5.2.1.6279.6001.317087518531899043292346860596,3,0,134.0,50.0,59.0,0.4652777777777778,0.25380710659898476,0.2062937062937063,198,287,289.0
1.3.6.1.4.1.14519.5.2.1.6279.6001.317087518531899043292346860596,4,0,134.0,47.0,53.0,0.4652777777777778,0.23857868020304568,0.1853146853146853,198,287,289.0
1.3.6.1.4.1.14519.5.2.1.6279.6001.319066480138812986026181758474,0,0,104.0,154.2916717529297,81.0,0.45021645021645024,0.8524401754305507,0.30337078651685395,182,268,232.0
1.3.6.1.4.1.14519.5.2.1.6279.6001.319066480138812986026181758474,1,0,104.0,154.0,79.0,0.45021645021645024,0.850828729281768,0.2958801498127341,182,268,232.0
1.3.6.1.4.1.14519.5.2.1.6279.6001.319066480138812986026181758474,2,0,104.0,152.0,82.0,0.45021645021645024,0.8397790055248618,0.30711610486891383,182,268,232.0
1.3.6.1.4.1.14519.5.2.1.6279.6001.319066480138812986026181758474,3,0,104.0,156.0,83.0,0.45021645021645024,0.861878453038674,0.31086142322097376,182,268,232.0
1.3.6.1.4.1.14519.5.2.1.6279.6001.319066480138812986026181758474,4,0,104.0,155.0,79.0,0.45021645021645024,0.856353591160221,0.2958801498127341,182,268,232.0
1.3.6.1.4.1.14519.5.2.1.6279.6001.319066480138812986026181758474,5,1,79.0,96.72222137451172,246.88888549804688,0.341991341991342,0.5343769136713354,0.9246774737754565,182,268,232.0
1.3.6.1.4.1.14519.5.2.1.6279.6001.319066480138812986026181758474,6,1,79.0,96.0,245.0,0.341991341991342,0.5303867403314917,0.9176029962546817,182,268,232.0
1.3.6.1.4.1.14519.5.2.1.6279.6001.319066480138812986026181758474,7,1,79.0,95.0,248.0,0.341991341991342,0.5248618784530387,0.9288389513108615,182,268,232.0
1.3.6.1.4.1.14519.5.2.1.6279.6001.319066480138812986026181758474,8,1,79.0,98.0,248.0,0.341991341991342,0.5414364640883977,0.9288389513108615,182,268,232.0
1.3.6.1.4.1.14519.5.2.1.6279.6001.319066480138812986026181758474,9,1,79.0,97.0,245.0,0.341991341991342,0.5359116022099447,0.9176029962546817,182,268,232.0
1.3.6.1.4.1.14519.5.2.1.6279.6001.320111824803959660037459294083,0,0,135.0,174.0,59.0,0.5113636363636364,0.8169014084507042,0.2027491408934708,214,292,265.0
1.3.6.1.4.1.14519.5.2.1.6279.6001.320111824803959660037459294083,1,0,135.0,173.0,57.0,0.5113636363636364,0.812206572769953,0.1958762886597938,214,292,265.0
1.3.6.1.4.1.14519.5.2.1.6279.6001.320111824803959660037459294083,2,0,135.0,172.0,60.0,0.5113636363636364,0.8075117370892019,0.20618556701030927,214,292,265.0
1.3.6.1.4.1.14519.5.2.1.6279.6001.320111824803959660037459294083,3,0,135.0,176.0,60.0,0.5113636363636364,0.8262910798122066,0.20618556701030927,214,292,265.0
1.3.6.1.4.1.14519.5.2.1.6279.6001.320111824803959660037459294083,4,0,135.0,174.0,57.0,0.5113636363636364,0.8169014084507042,0.1958762886597938,214,292,265.0
1.3.6.1.4.1.14519.5.2.1.6279.6001.321465552859463184018938648244,0,0,179.0,170.37661743164062,128.93505859375,0.5966666666666667,0.7709349205051612,0.4132533929286859,222,313,301.0
1.3.6.1.4.1.14519.5.2.1.6279.6001.321465552859463184018938648244,1,0,179.0,170.0,124.0,0.5966666666666667,0.7692307692307693,0.3974358974358974,222,313,301.0
1.3.6.1.4.1.14519.5.2.1.6279.6001.321465552859463184018938648244,2,0,179.0,166.0,131.0,0.5966666666666667,0.751131221719457,0.4198717948717949,222,313,301.0
1.3.6.1.4.1.14519.5.2.1.6279.6001.321465552859463184018938648244,3,0,179.0,174.0,132.0,0.5966666666666667,0.7873303167420814,0.4230769230769231,222,313,301.0
1.3.6.1.4.1.14519.5.2.1.6279.6001.321465552859463184018938648244,4,0,179.0,171.0,125.0,0.5966666666666667,0.7737556561085973,0.40064102564102566,222,313,301.0
1.3.6.1.4.1.14519.5.2.1.6279.6001.321935195060268166151738328001,0,0,111.0,214.04615783691406,99.75384521484375,0.4157303370786517,0.8701063326703824,0.3069349083533654,247,326,268.0
1.3.6.1.4.1.14519.5.2.1.6279.6001.321935195060268166151738328001,1,0,111.0,214.0,94.0,0.4157303370786517,0.8699186991869918,0.28923076923076924,247,326,268.0
1.3.6.1.4.1.14519.5.2.1.6279.6001.321935195060268166151738328001,2,0,111.0,209.0,102.0,0.4157303370786517,0.8495934959349594,0.31384615384615383,247,326,268.0
1.3.6.1.4.1.14519.5.2.1.6279.6001.321935195060268166151738328001,3,0,111.0,219.0,103.0,0.4157303370786517,0.8902439024390244,0.3169230769230769,247,326,268.0
1.3.6.1.4.1.14519.5.2.1.6279.6001.321935195060268166151738328001,4,0,111.0,215.0,94.0,0.4157303370786517,0.8739837398373984,0.28923076923076924,247,326,268.0
1.3.6.1.4.1.14519.5.2.1.6279.6001.321935195060268166151738328001,5,1,38.0,92.38461303710938,221.12820434570312,0.14232209737827714,0.3755472074679243,0.6803944749098557,247,326,268.0
1.3.6.1.4.1.14519.5.2.1.6279.6001.321935195060268166151738328001,6,1,38.0,92.0,217.0,0.14232209737827714,0.37398373983739835,0.6676923076923077,247,326,268.0
1.3.6.1.4.1.14519.5.2.1.6279.6001.321935195060268166151738328001,7,1,38.0,88.0,223.0,0.14232209737827714,0.35772357723577236,0.6861538461538461,247,326,268.0
1.3.6.1.4.1.14519.5.2.1.6279.6001.321935195060268166151738328001,8,1,38.0,96.0,224.0,0.14232209737827714,0.3902439024390244,0.6892307692307692,247,326,268.0
1.3.6.1.4.1.14519.5.2.1.6279.6001.321935195060268166151738328001,9,1,38.0,93.0,217.0,0.14232209737827714,0.3780487804878049,0.6676923076923077,247,326,268.0
1.3.6.1.4.1.14519.5.2.1.6279.6001.323302986710576400812869264321,0,0,125.0,149.0,65.75609588623047,0.4734848484848485,0.6260504201680672,0.22752974355097047,239,290,265.0
1.3.6.1.4.1.14519.5.2.1.6279.6001.323302986710576400812869264321,1,0,125.0,148.0,63.0,0.4734848484848485,0.6218487394957983,0.2179930795847751,239,290,265.0
1.3.6.1.4.1.14519.5.2.1.6279.6001.323302986710576400812869264321,2,0,125.0,146.0,67.0,0.4734848484848485,0.6134453781512605,0.23183391003460208,239,290,265.0
1.3.6.1.4.1.14519.5.2.1.6279.6001.323302986710576400812869264321,3,0,125.0,152.0,67.0,0.4734848484848485,0.6386554621848739,0.23183391003460208,239,290,265.0
1.3.6.1.4.1.14519.5.2.1.6279.6001.323302986710576400812869264321,4,0,125.0,149.0,63.0,0.4734848484848485,0.6260504201680672,0.2179930795847751,239,290,265.0
1.3.6.1.4.1.14519.5.2.1.6279.6001.323408652979949774528873200770,0,0,146.0,82.26329040527344,221.3949432373047,0.49491525423728816,0.4052378837698199,0.7768243622361568,204,286,296.0
1.3.6.1.4.1.14519.5.2.1.6279.6001.323408652979949774528873200770,1,0,146.0,82.0,211.0,0.49491525423728816,0.4039408866995074,0.7403508771929824,204,286,296.0
1.3.6.1.4.1.14519.5.2.1.6279.6001.323408652979949774528873200770,2,0,146.0,72.0,226.0,0.49491525423728816,0.35467980295566504,0.7929824561403509,204,286,296.0
1.3.6.1.4.1.14519.5.2.1.6279.6001.323408652979949774528873200770,3,0,146.0,91.0,228.0,0.49491525423728816,0.4482758620689655,0.8,204,286,296.0
1.3.6.1.4.1.14519.5.2.1.6279.6001.323408652979949774528873200770,4,0,146.0,83.0,211.0,0.49491525423728816,0.4088669950738916,0.7403508771929824,204,286,296.0
1.3.6.1.4.1.14519.5.2.1.6279.6001.323408652979949774528873200770,5,1,240.0,127.46931457519531,223.98556518554688,0.8135593220338984,0.6279276580058882,0.7859142638089364,204,286,296.0
1.3.6.1.4.1.14519.5.2.1.6279.6001.323408652979949774528873200770,6,1,240.0,127.0,215.0,0.8135593220338984,0.625615763546798,0.7543859649122807,204,286,296.0
1.3.6.1.4.1.14519.5.2.1.6279.6001.323408652979949774528873200770,7,1,240.0,119.0,228.0,0.8135593220338984,0.5862068965517241,0.8,204,286,296.0
1.3.6.1.4.1.14519.5.2.1.6279.6001.323408652979949774528873200770,8,1,240.0,135.0,229.0,0.8135593220338984,0.6650246305418719,0.8035087719298246,204,286,296.0
1.3.6.1.4.1.14519.5.2.1.6279.6001.323408652979949774528873200770,9,1,240.0,128.0,215.0,0.8135593220338984,0.6305418719211823,0.7543859649122807,204,286,296.0
1.3.6.1.4.1.14519.5.2.1.6279.6001.323426705628838942177546503237,0,0,130.0,134.18182373046875,264.81817626953125,0.4659498207885305,0.5990259987967355,0.7720646538470299,225,344,280.0
1.3.6.1.4.1.14519.5.2.1.6279.6001.323426705628838942177546503237,1,0,130.0,134.0,263.0,0.4659498207885305,0.5982142857142857,0.7667638483965015,225,344,280.0
1.3.6.1.4.1.14519.5.2.1.6279.6001.323426705628838942177546503237,2,0,130.0,133.0,265.0,0.4659498207885305,0.59375,0.7725947521865889,225,344,280.0
1.3.6.1.4.1.14519.5.2.1.6279.6001.323426705628838942177546503237,3,0,130.0,134.0,266.0,0.4659498207885305,0.5982142857142857,0.7755102040816326,225,344,280.0
1.3.6.1.4.1.14519.5.2.1.6279.6001.323426705628838942177546503237,4,0,130.0,135.0,264.0,0.4659498207885305,0.6026785714285714,0.7696793002915452,225,344,280.0
1.3.6.1.4.1.14519.5.2.1.6279.6001.323535944958374186208096541480,0,0,222.0,106.95999908447266,104.5999984741211,0.844106463878327,0.5457142810432278,0.3992366353974088,197,263,264.0
1.3.6.1.4.1.14519.5.2.1.6279.6001.323535944958374186208096541480,1,0,222.0,106.0,102.0,0.844106463878327,0.5408163265306123,0.3893129770992366,197,263,264.0
1.3.6.1.4.1.14519.5.2.1.6279.6001.323535944958374186208096541480,2,0,222.0,105.0,106.0,0.844106463878327,0.5357142857142857,0.40458015267175573,197,263,264.0
1.3.6.1.4.1.14519.5.2.1.6279.6001.323535944958374186208096541480,3,0,222.0,109.0,106.0,0.844106463878327,0.5561224489795918,0.40458015267175573,197,263,264.0
1.3.6.1.4.1.14519.5.2.1.6279.6001.323535944958374186208096541480,4,0,222.0,107.0,102.0,0.844106463878327,0.5459183673469388,0.3893129770992366,197,263,264.0
1.3.6.1.4.1.14519.5.2.1.6279.6001.323541312620128092852212458228,0,0,70.0,167.23529052734375,44.764705657958984,0.2641509433962264,0.7851422090485622,0.15817917193625083,214,284,266.0
1.3.6.1.4.1.14519.5.2.1.6279.6001.323541312620128092852212458228,1,0,70.0,167.0,43.0,0.2641509433962264,0.784037558685446,0.1519434628975265,214,284,266.0
1.3.6.1.4.1.14519.5.2.1.6279.6001.323541312620128092852212458228,2,0,70.0,165.0,45.0,0.2641509433962264,0.7746478873239436,0.15901060070671377,214,284,266.0
1.3.6.1.4.1.14519.5.2.1.6279.6001.323541312620128092852212458228,3,0,70.0,168.0,46.0,0.2641509433962264,0.7887323943661971,0.1625441696113074,214,284,266.0
1.3.6.1.4.1.14519.5.2.1.6279.6001.323541312620128092852212458228,4,0,70.0,168.0,43.0,0.2641509433962264,0.7887323943661971,0.1519434628975265,214,284,266.0
1.3.6.1.4.1.14519.5.2.1.6279.6001.323753921818102744511069914832,0,0,31.0,197.87428283691406,272.3857116699219,0.1225296442687747,0.8210551155058675,0.8034976745425424,242,340,254.0
1.3.6.1.4.1.14519.5.2.1.6279.6001.323753921818102744511069914832,1,0,31.0,197.0,262.0,0.1225296442687747,0.8174273858921162,0.7728613569321534,242,340,254.0
1.3.6.1.4.1.14519.5.2.1.6279.6001.323753921818102744511069914832,2,0,31.0,189.0,278.0,0.1225296442687747,0.7842323651452282,0.8200589970501475,242,340,254.0
1.3.6.1.4.1.14519.5.2.1.6279.6001.323753921818102744511069914832,3,0,31.0,207.0,277.0,0.1225296442687747,0.8589211618257261,0.8171091445427728,242,340,254.0
1.3.6.1.4.1.14519.5.2.1.6279.6001.323753921818102744511069914832,4,0,31.0,198.0,262.0,0.1225296442687747,0.8215767634854771,0.7728613569321534,242,340,254.0
1.3.6.1.4.1.14519.5.2.1.6279.6001.323753921818102744511069914832,5,1,45.0,171.82455444335938,263.4385986328125,0.17786561264822134,0.7129649561965119,0.777105010716261,242,340,254.0
1.3.6.1.4.1.14519.5.2.1.6279.6001.323753921818102744511069914832,6,1,45.0,171.0,260.0,0.17786561264822134,0.7095435684647303,0.7669616519174042,242,340,254.0
1.3.6.1.4.1.14519.5.2.1.6279.6001.323753921818102744511069914832,7,1,45.0,169.0,266.0,0.17786561264822134,0.7012448132780082,0.7846607669616519,242,340,254.0
1.3.6.1.4.1.14519.5.2.1.6279.6001.323753921818102744511069914832,8,1,45.0,175.0,265.0,0.17786561264822134,0.7261410788381742,0.7817109144542773,242,340,254.0
1.3.6.1.4.1.14519.5.2.1.6279.6001.323753921818102744511069914832,9,1,45.0,172.0,260.0,0.17786561264822134,0.7136929460580913,0.7669616519174042,242,340,254.0
1.3.6.1.4.1.14519.5.2.1.6279.6001.323859712968543712594665815359,0,0,217.0,164.14706420898438,67.38235473632812,0.7640845070422535,0.7394011901305603,0.24772924535414753,223,273,285.0
1.3.6.1.4.1.14519.5.2.1.6279.6001.323859712968543712594665815359,1,0,217.0,164.0,65.0,0.7640845070422535,0.7387387387387387,0.23897058823529413,223,273,285.0
1.3.6.1.4.1.14519.5.2.1.6279.6001.323859712968543712594665815359,2,0,217.0,161.0,68.0,0.7640845070422535,0.7252252252252253,0.25,223,273,285.0
1.3.6.1.4.1.14519.5.2.1.6279.6001.323859712968543712594665815359,3,0,217.0,166.0,70.0,0.7640845070422535,0.7477477477477478,0.25735294117647056,223,273,285.0
1.3.6.1.4.1.14519.5.2.1.6279.6001.323859712968543712594665815359,4,0,217.0,165.0,65.0,0.7640845070422535,0.7432432432432432,0.23897058823529413,223,273,285.0
1.3.6.1.4.1.14519.5.2.1.6279.6001.323859712968543712594665815359,5,1,181.0,45.21052551269531,43.6315803527832,0.6373239436619719,0.20365101582295186,0.16041022188523235,223,273,285.0
1.3.6.1.4.1.14519.5.2.1.6279.6001.323859712968543712594665815359,6,1,181.0,45.0,42.0,0.6373239436619719,0.20270270270270271,0.15441176470588236,223,273,285.0
1.3.6.1.4.1.14519.5.2.1.6279.6001.323859712968543712594665815359,7,1,181.0,43.0,44.0,0.6373239436619719,0.19369369369369369,0.16176470588235295,223,273,285.0
1.3.6.1.4.1.14519.5.2.1.6279.6001.323859712968543712594665815359,8,1,181.0,47.0,45.0,0.6373239436619719,0.21171171171171171,0.16544117647058823,223,273,285.0
1.3.6.1.4.1.14519.5.2.1.6279.6001.323859712968543712594665815359,9,1,181.0,46.0,42.0,0.6373239436619719,0.2072072072072072,0.15441176470588236,223,273,285.0
1.3.6.1.4.1.14519.5.2.1.6279.6001.323899724653546164058849558431,0,0,96.0,202.242431640625,258.0,0.3764705882352941,0.8755083620806277,0.7794561933534743,232,332,256.0
1.3.6.1.4.1.14519.5.2.1.6279.6001.323899724653546164058849558431,1,0,96.0,202.0,255.0,0.3764705882352941,0.8744588744588745,0.770392749244713,232,332,256.0
1.3.6.1.4.1.14519.5.2.1.6279.6001.323899724653546164058849558431,2,0,96.0,200.0,259.0,0.3764705882352941,0.8658008658008658,0.7824773413897281,232,332,256.0
1.3.6.1.4.1.14519.5.2.1.6279.6001.323899724653546164058849558431,3,0,96.0,204.0,260.0,0.3764705882352941,0.8831168831168831,0.7854984894259819,232,332,256.0
1.3.6.1.4.1.14519.5.2.1.6279.6001.323899724653546164058849558431,4,0,96.0,203.0,255.0,0.3764705882352941,0.8787878787878788,0.770392749244713,232,332,256.0
1.3.6.1.4.1.14519.5.2.1.6279.6001.324290109423920971676288828329,0,0,148.0,110.83158111572266,64.90526580810547,0.46984126984126984,0.4598820793183513,0.19970851017878605,242,326,316.0
1.3.6.1.4.1.14519.5.2.1.6279.6001.324290109423920971676288828329,1,0,148.0,110.0,60.0,0.46984126984126984,0.45643153526970953,0.18461538461538463,242,326,316.0
1.3.6.1.4.1.14519.5.2.1.6279.6001.324290109423920971676288828329,2,0,148.0,106.0,67.0,0.46984126984126984,0.43983402489626555,0.20615384615384616,242,326,316.0
1.3.6.1.4.1.14519.5.2.1.6279.6001.324290109423920971676288828329,3,0,148.0,115.0,68.0,0.46984126984126984,0.47717842323651455,0.20923076923076922,242,326,316.0
1.3.6.1.4.1.14519.5.2.1.6279.6001.324290109423920971676288828329,4,0,148.0,111.0,60.0,0.46984126984126984,0.4605809128630705,0.18461538461538463,242,326,316.0
1.3.6.1.4.1.14519.5.2.1.6279.6001.324290109423920971676288828329,5,1,154.0,37.81159591674805,235.8115997314453,0.4888888888888889,0.15689458886617447,0.7255741530198317,242,326,316.0
1.3.6.1.4.1.14519.5.2.1.6279.6001.324290109423920971676288828329,6,1,154.0,37.0,232.0,0.4888888888888889,0.15352697095435686,0.7138461538461538,242,326,316.0
1.3.6.1.4.1.14519.5.2.1.6279.6001.324290109423920971676288828329,7,1,154.0,34.0,238.0,0.4888888888888889,0.14107883817427386,0.7323076923076923,242,326,316.0
1.3.6.1.4.1.14519.5.2.1.6279.6001.324290109423920971676288828329,8,1,154.0,41.0,238.0,0.4888888888888889,0.17012448132780084,0.7323076923076923,242,326,316.0
1.3.6.1.4.1.14519.5.2.1.6279.6001.324290109423920971676288828329,9,1,154.0,38.0,232.0,0.4888888888888889,0.15767634854771784,0.7138461538461538,242,326,316.0
1.3.6.1.4.1.14519.5.2.1.6279.6001.324290109423920971676288828329,10,2,140.0,30.39655113220215,120.39655303955078,0.4444444444444444,0.1261267681834114,0.37045093242938704,242,326,316.0
1.3.6.1.4.1.14519.5.2.1.6279.6001.324290109423920971676288828329,11,2,140.0,30.0,117.0,0.4444444444444444,0.12448132780082988,0.36,242,326,316.0
1.3.6.1.4.1.14519.5.2.1.6279.6001.324290109423920971676288828329,12,2,140.0,27.0,122.0,0.4444444444444444,0.11203319502074689,0.37538461538461537,242,326,316.0
1.3.6.1.4.1.14519.5.2.1.6279.6001.324290109423920971676288828329,13,2,140.0,33.0,123.0,0.4444444444444444,0.13692946058091288,0.37846153846153846,242,326,316.0
1.3.6.1.4.1.14519.5.2.1.6279.6001.324290109423920971676288828329,14,2,140.0,31.0,117.0,0.4444444444444444,0.12863070539419086,0.36,242,326,316.0
1.3.6.1.4.1.14519.5.2.1.6279.6001.324290109423920971676288828329,15,3,124.0,58.38461685180664,47.61538314819336,0.39365079365079364,0.24225982096185328,0.14650887122521034,242,326,316.0
1.3.6.1.4.1.14519.5.2.1.6279.6001.324290109423920971676288828329,16,3,124.0,58.0,46.0,0.39365079365079364,0.24066390041493776,0.14153846153846153,242,326,316.0
1.3.6.1.4.1.14519.5.2.1.6279.6001.324290109423920971676288828329,17,3,124.0,57.0,48.0,0.39365079365079364,0.23651452282157676,0.1476923076923077,242,326,316.0
1.3.6.1.4.1.14519.5.2.1.6279.6001.324290109423920971676288828329,18,3,124.0,59.0,49.0,0.39365079365079364,0.24481327800829875,0.15076923076923077,242,326,316.0
1.3.6.1.4.1.14519.5.2.1.6279.6001.324290109423920971676288828329,19,3,124.0,59.0,46.0,0.39365079365079364,0.24481327800829875,0.14153846153846153,242,326,316.0
1.3.6.1.4.1.14519.5.2.1.6279.6001.324567010179873305471925391582,0,0,240.0,114.83333587646484,75.09722137451172,0.7142857142857143,0.5172672787228146,0.22551718130484,223,334,337.0
1.3.6.1.4.1.14519.5.2.1.6279.6001.324567010179873305471925391582,1,0,240.0,114.0,71.0,0.7142857142857143,0.5135135135135135,0.2132132132132132,223,334,337.0
1.3.6.1.4.1.14519.5.2.1.6279.6001.324567010179873305471925391582,2,0,240.0,111.0,78.0,0.7142857142857143,0.5,0.23423423423423423,223,334,337.0
1.3.6.1.4.1.14519.5.2.1.6279.6001.324567010179873305471925391582,3,0,240.0,119.0,77.0,0.7142857142857143,0.536036036036036,0.23123123123123124,223,334,337.0
1.3.6.1.4.1.14519.5.2.1.6279.6001.324567010179873305471925391582,4,0,240.0,115.0,71.0,0.7142857142857143,0.5180180180180181,0.2132132132132132,223,334,337.0
1.3.6.1.4.1.14519.5.2.1.6279.6001.324567010179873305471925391582,5,1,305.0,140.0,127.0,0.9077380952380952,0.6306306306306306,0.3813813813813814,223,334,337.0
1.3.6.1.4.1.14519.5.2.1.6279.6001.324567010179873305471925391582,6,1,305.0,139.0,125.0,0.9077380952380952,0.6261261261261262,0.37537537537537535,223,334,337.0
1.3.6.1.4.1.14519.5.2.1.6279.6001.324567010179873305471925391582,7,1,305.0,138.0,128.0,0.9077380952380952,0.6216216216216216,0.3843843843843844,223,334,337.0
1.3.6.1.4.1.14519.5.2.1.6279.6001.324567010179873305471925391582,8,1,305.0,142.0,128.0,0.9077380952380952,0.6396396396396397,0.3843843843843844,223,334,337.0
1.3.6.1.4.1.14519.5.2.1.6279.6001.324567010179873305471925391582,9,1,305.0,140.0,125.0,0.9077380952380952,0.6306306306306306,0.37537537537537535,223,334,337.0
1.3.6.1.4.1.14519.5.2.1.6279.6001.324567010179873305471925391582,10,2,104.0,122.05000305175781,305.1000061035156,0.30952380952380953,0.5497747885214316,0.9162162345450919,223,334,337.0
1.3.6.1.4.1.14519.5.2.1.6279.6001.324567010179873305471925391582,11,2,104.0,121.0,304.0,0.30952380952380953,0.545045045045045,0.9129129129129129,223,334,337.0
1.3.6.1.4.1.14519.5.2.1.6279.6001.324567010179873305471925391582,12,2,104.0,120.0,306.0,0.30952380952380953,0.5405405405405406,0.918918918918919,223,334,337.0
1.3.6.1.4.1.14519.5.2.1.6279.6001.324567010179873305471925391582,13,2,104.0,124.0,306.0,0.30952380952380953,0.5585585585585585,0.918918918918919,223,334,337.0
1.3.6.1.4.1.14519.5.2.1.6279.6001.324567010179873305471925391582,14,2,104.0,122.0,303.0,0.30952380952380953,0.5495495495495496,0.9099099099099099,223,334,337.0
1.3.6.1.4.1.14519.5.2.1.6279.6001.325164338773720548739146851679,0,0,184.0,136.41802978515625,44.434425354003906,0.7301587301587301,0.7578779432508681,0.1683122172500148,181,265,253.0
1.3.6.1.4.1.14519.5.2.1.6279.6001.325164338773720548739146851679,1,0,184.0,136.0,39.0,0.7301587301587301,0.7555555555555555,0.14772727272727273,181,265,253.0
1.3.6.1.4.1.14519.5.2.1.6279.6001.325164338773720548739146851679,2,0,184.0,131.0,46.0,0.7301587301587301,0.7277777777777777,0.17424242424242425,181,265,253.0
1.3.6.1.4.1.14519.5.2.1.6279.6001.325164338773720548739146851679,3,0,184.0,141.0,48.0,0.7301587301587301,0.7833333333333333,0.18181818181818182,181,265,253.0
1.3.6.1.4.1.14519.5.2.1.6279.6001.325164338773720548739146851679,4,0,184.0,137.0,39.0,0.7301587301587301,0.7611111111111111,0.14772727272727273,181,265,253.0
1.3.6.1.4.1.14519.5.2.1.6279.6001.325164338773720548739146851679,5,1,137.0,159.0,71.5,0.5436507936507936,0.8833333333333333,0.2708333333333333,181,265,253.0
1.3.6.1.4.1.14519.5.2.1.6279.6001.325164338773720548739146851679,6,1,137.0,158.0,70.0,0.5436507936507936,0.8777777777777778,0.26515151515151514,181,265,253.0
1.3.6.1.4.1.14519.5.2.1.6279.6001.325164338773720548739146851679,7,1,137.0,158.0,73.0,0.5436507936507936,0.8777777777777778,0.2765151515151515,181,265,253.0
1.3.6.1.4.1.14519.5.2.1.6279.6001.325164338773720548739146851679,8,1,137.0,161.0,72.0,0.5436507936507936,0.8944444444444445,0.2727272727272727,181,265,253.0
1.3.6.1.4.1.14519.5.2.1.6279.6001.325164338773720548739146851679,9,1,137.0,159.0,70.0,0.5436507936507936,0.8833333333333333,0.26515151515151514,181,265,253.0
1.3.6.1.4.1.14519.5.2.1.6279.6001.326057189095429101398977448288,0,0,192.0,178.74285888671875,106.81428527832031,0.6464646464646465,0.7771428647248642,0.32967371999481576,231,325,298.0
1.3.6.1.4.1.14519.5.2.1.6279.6001.326057189095429101398977448288,1,0,192.0,178.0,103.0,0.6464646464646465,0.7739130434782608,0.31790123456790126,231,325,298.0
1.3.6.1.4.1.14519.5.2.1.6279.6001.326057189095429101398977448288,2,0,192.0,175.0,109.0,0.6464646464646465,0.7608695652173914,0.33641975308641975,231,325,298.0
1.3.6.1.4.1.14519.5.2.1.6279.6001.326057189095429101398977448288,3,0,192.0,182.0,109.0,0.6464646464646465,0.7913043478260869,0.33641975308641975,231,325,298.0
1.3.6.1.4.1.14519.5.2.1.6279.6001.326057189095429101398977448288,4,0,192.0,179.0,103.0,0.6464646464646465,0.7782608695652173,0.31790123456790126,231,325,298.0
1.3.6.1.4.1.14519.5.2.1.6279.6001.326057189095429101398977448288,5,1,270.0,136.0,239.0,0.9090909090909091,0.591304347826087,0.7376543209876543,231,325,298.0
1.3.6.1.4.1.14519.5.2.1.6279.6001.326057189095429101398977448288,6,1,270.0,135.0,236.0,0.9090909090909091,0.5869565217391305,0.7283950617283951,231,325,298.0
1.3.6.1.4.1.14519.5.2.1.6279.6001.326057189095429101398977448288,7,1,270.0,133.0,241.0,0.9090909090909091,0.5782608695652174,0.7438271604938271,231,325,298.0
1.3.6.1.4.1.14519.5.2.1.6279.6001.326057189095429101398977448288,8,1,270.0,139.0,241.0,0.9090909090909091,0.6043478260869565,0.7438271604938271,231,325,298.0
1.3.6.1.4.1.14519.5.2.1.6279.6001.326057189095429101398977448288,9,1,270.0,136.0,236.0,0.9090909090909091,0.591304347826087,0.7283950617283951,231,325,298.0
1.3.6.1.4.1.14519.5.2.1.6279.6001.326057189095429101398977448288,10,2,230.0,157.5,185.0,0.7744107744107744,0.6847826086956522,0.5709876543209876,231,325,298.0
1.3.6.1.4.1.14519.5.2.1.6279.6001.326057189095429101398977448288,11,2,230.0,157.0,182.0,0.7744107744107744,0.6826086956521739,0.5617283950617284,231,325,298.0
1.3.6.1.4.1.14519.5.2.1.6279.6001.326057189095429101398977448288,12,2,230.0,155.0,186.0,0.7744107744107744,0.6739130434782609,0.5740740740740741,231,325,298.0
1.3.6.1.4.1.14519.5.2.1.6279.6001.326057189095429101398977448288,13,2,230.0,160.0,187.0,0.7744107744107744,0.6956521739130435,0.5771604938271605,231,325,298.0
1.3.6.1.4.1.14519.5.2.1.6279.6001.326057189095429101398977448288,14,2,230.0,158.0,182.0,0.7744107744107744,0.6869565217391305,0.5617283950617284,231,325,298.0
1.3.6.1.4.1.14519.5.2.1.6279.6001.326057189095429101398977448288,15,3,251.0,135.34375,144.0,0.8451178451178452,0.5884510869565217,0.4444444444444444,231,325,298.0
1.3.6.1.4.1.14519.5.2.1.6279.6001.326057189095429101398977448288,16,3,251.0,135.0,141.0,0.8451178451178452,0.5869565217391305,0.4351851851851852,231,325,298.0
1.3.6.1.4.1.14519.5.2.1.6279.6001.326057189095429101398977448288,17,3,251.0,133.0,145.0,0.8451178451178452,0.5782608695652174,0.44753086419753085,231,325,298.0
1.3.6.1.4.1.14519.5.2.1.6279.6001.326057189095429101398977448288,18,3,251.0,137.0,146.0,0.8451178451178452,0.5956521739130435,0.4506172839506173,231,325,298.0
1.3.6.1.4.1.14519.5.2.1.6279.6001.326057189095429101398977448288,19,3,251.0,136.0,141.0,0.8451178451178452,0.591304347826087,0.4351851851851852,231,325,298.0
1.3.6.1.4.1.14519.5.2.1.6279.6001.326057189095429101398977448288,20,4,258.0,169.0,112.0,0.8686868686868687,0.7347826086956522,0.345679012345679,231,325,298.0
1.3.6.1.4.1.14519.5.2.1.6279.6001.326057189095429101398977448288,21,4,258.0,168.0,110.0,0.8686868686868687,0.7304347826086957,0.3395061728395062,231,325,298.0
1.3.6.1.4.1.14519.5.2.1.6279.6001.326057189095429101398977448288,22,4,258.0,167.0,113.0,0.8686868686868687,0.7260869565217392,0.3487654320987654,231,325,298.0
1.3.6.1.4.1.14519.5.2.1.6279.6001.326057189095429101398977448288,23,4,258.0,171.0,113.0,0.8686868686868687,0.7434782608695653,0.3487654320987654,231,325,298.0
1.3.6.1.4.1.14519.5.2.1.6279.6001.326057189095429101398977448288,24,4,258.0,169.0,110.0,0.8686868686868687,0.7347826086956522,0.3395061728395062,231,325,298.0
1.3.6.1.4.1.14519.5.2.1.6279.6001.326057189095429101398977448288,25,5,268.0,105.5,124.71428680419922,0.9023569023569024,0.45869565217391306,0.38492063828456546,231,325,298.0
1.3.6.1.4.1.14519.5.2.1.6279.6001.326057189095429101398977448288,26,5,268.0,105.0,123.0,0.9023569023569024,0.45652173913043476,0.37962962962962965,231,325,298.0
1.3.6.1.4.1.14519.5.2.1.6279.6001.326057189095429101398977448288,27,5,268.0,104.0,126.0,0.9023569023569024,0.45217391304347826,0.3888888888888889,231,325,298.0
1.3.6.1.4.1.14519.5.2.1.6279.6001.326057189095429101398977448288,28,5,268.0,107.0,126.0,0.9023569023569024,0.4652173913043478,0.3888888888888889,231,325,298.0
1.3.6.1.4.1.14519.5.2.1.6279.6001.326057189095429101398977448288,29,5,268.0,106.0,123.0,0.9023569023569024,0.4608695652173913,0.37962962962962965,231,325,298.0
1.3.6.1.4.1.14519.5.2.1.6279.6001.328789598898469177563438457842,0,0,147.0,115.5,236.90196228027344,0.48514851485148514,0.5372093023255814,0.8169033182078395,216,291,304.0
1.3.6.1.4.1.14519.5.2.1.6279.6001.328789598898469177563438457842,1,0,147.0,115.0,232.0,0.48514851485148514,0.5348837209302325,0.8,216,291,304.0
1.3.6.1.4.1.14519.5.2.1.6279.6001.328789598898469177563438457842,2,0,147.0,111.0,239.0,0.48514851485148514,0.5162790697674419,0.8241379310344827,216,291,304.0
1.3.6.1.4.1.14519.5.2.1.6279.6001.328789598898469177563438457842,3,0,147.0,120.0,240.0,0.48514851485148514,0.5581395348837209,0.8275862068965517,216,291,304.0
1.3.6.1.4.1.14519.5.2.1.6279.6001.328789598898469177563438457842,4,0,147.0,116.0,232.0,0.48514851485148514,0.5395348837209303,0.8,216,291,304.0
1.3.6.1.4.1.14519.5.2.1.6279.6001.328789598898469177563438457842,5,1,183.0,35.80952453613281,217.92857360839844,0.6039603960396039,0.16655592807503633,0.7514778400289601,216,291,304.0
1.3.6.1.4.1.14519.5.2.1.6279.6001.328789598898469177563438457842,6,1,183.0,35.0,215.0,0.6039603960396039,0.16279069767441862,0.7413793103448276,216,291,304.0
1.3.6.1.4.1.14519.5.2.1.6279.6001.328789598898469177563438457842,7,1,183.0,33.0,220.0,0.6039603960396039,0.15348837209302327,0.7586206896551724,216,291,304.0
1.3.6.1.4.1.14519.5.2.1.6279.6001.328789598898469177563438457842,8,1,183.0,39.0,219.0,0.6039603960396039,0.1813953488372093,0.7551724137931034,216,291,304.0
1.3.6.1.4.1.14519.5.2.1.6279.6001.328789598898469177563438457842,9,1,183.0,36.0,215.0,0.6039603960396039,0.16744186046511628,0.7413793103448276,216,291,304.0
1.3.6.1.4.1.14519.5.2.1.6279.6001.328789598898469177563438457842,10,2,166.0,44.10256576538086,182.7179412841797,0.5478547854785478,0.20512821286223656,0.6300618664971713,216,291,304.0
1.3.6.1.4.1.14519.5.2.1.6279.6001.328789598898469177563438457842,11,2,166.0,44.0,180.0,0.5478547854785478,0.20465116279069767,0.6206896551724138,216,291,304.0
1.3.6.1.4.1.14519.5.2.1.6279.6001.328789598898469177563438457842,12,2,166.0,41.0,183.0,0.5478547854785478,0.19069767441860466,0.6310344827586207,216,291,304.0
1.3.6.1.4.1.14519.5.2.1.6279.6001.328789598898469177563438457842,13,2,166.0,46.0,185.0,0.5478547854785478,0.21395348837209302,0.6379310344827587,216,291,304.0
1.3.6.1.4.1.14519.5.2.1.6279.6001.328789598898469177563438457842,14,2,166.0,45.0,180.0,0.5478547854785478,0.20930232558139536,0.6206896551724138,216,291,304.0
1.3.6.1.4.1.14519.5.2.1.6279.6001.328789598898469177563438457842,15,3,155.0,56.33333206176758,220.77777099609375,0.5115511551155115,0.26201549796170964,0.7613026586072198,216,291,304.0
1.3.6.1.4.1.14519.5.2.1.6279.6001.328789598898469177563438457842,16,3,155.0,56.0,218.0,0.5115511551155115,0.26046511627906976,0.7517241379310344,216,291,304.0
1.3.6.1.4.1.14519.5.2.1.6279.6001.328789598898469177563438457842,17,3,155.0,54.0,222.0,0.5115511551155115,0.25116279069767444,0.7655172413793103,216,291,304.0
1.3.6.1.4.1.14519.5.2.1.6279.6001.328789598898469177563438457842,18,3,155.0,58.0,223.0,0.5115511551155115,0.26976744186046514,0.7689655172413793,216,291,304.0
1.3.6.1.4.1.14519.5.2.1.6279.6001.328789598898469177563438457842,19,3,155.0,57.0,218.0,0.5115511551155115,0.2651162790697674,0.7517241379310344,216,291,304.0
1.3.6.1.4.1.14519.5.2.1.6279.6001.328789598898469177563438457842,20,4,185.0,40.36666488647461,198.63333129882812,0.6105610561056105,0.18775192970453305,0.684942521720097,216,291,304.0
1.3.6.1.4.1.14519.5.2.1.6279.6001.328789598898469177563438457842,21,4,185.0,40.0,196.0,0.6105610561056105,0.18604651162790697,0.6758620689655173,216,291,304.0
1.3.6.1.4.1.14519.5.2.1.6279.6001.328789598898469177563438457842,22,4,185.0,38.0,199.0,0.6105610561056105,0.17674418604651163,0.6862068965517242,216,291,304.0
1.3.6.1.4.1.14519.5.2.1.6279.6001.328789598898469177563438457842,23,4,185.0,42.0,201.0,0.6105610561056105,0.19534883720930232,0.6931034482758621,216,291,304.0
1.3.6.1.4.1.14519.5.2.1.6279.6001.328789598898469177563438457842,24,4,185.0,41.0,196.0,0.6105610561056105,0.19069767441860466,0.6758620689655173,216,291,304.0
1.3.6.1.4.1.14519.5.2.1.6279.6001.328789598898469177563438457842,25,5,120.0,56.32143020629883,239.32142639160156,0.39603960396039606,0.26196014049441313,0.8252462979020744,216,291,304.0
1.3.6.1.4.1.14519.5.2.1.6279.6001.328789598898469177563438457842,26,5,120.0,56.0,237.0,0.39603960396039606,0.26046511627906976,0.8172413793103448,216,291,304.0
1.3.6.1.4.1.14519.5.2.1.6279.6001.328789598898469177563438457842,27,5,120.0,54.0,240.0,0.39603960396039606,0.25116279069767444,0.8275862068965517,216,291,304.0
1.3.6.1.4.1.14519.5.2.1.6279.6001.328789598898469177563438457842,28,5,120.0,58.0,241.0,0.39603960396039606,0.26976744186046514,0.8310344827586207,216,291,304.0
1.3.6.1.4.1.14519.5.2.1.6279.6001.328789598898469177563438457842,29,5,120.0,57.0,237.0,0.39603960396039606,0.2651162790697674,0.8172413793103448,216,291,304.0
1.3.6.1.4.1.14519.5.2.1.6279.6001.328789598898469177563438457842,30,6,100.0,48.3636360168457,50.3636360168457,0.33003300330033003,0.22494714426439863,0.17366771040291623,216,291,304.0
1.3.6.1.4.1.14519.5.2.1.6279.6001.328789598898469177563438457842,31,6,100.0,48.0,48.0,0.33003300330033003,0.22325581395348837,0.16551724137931034,216,291,304.0
1.3.6.1.4.1.14519.5.2.1.6279.6001.328789598898469177563438457842,32,6,100.0,46.0,51.0,0.33003300330033003,0.21395348837209302,0.17586206896551723,216,291,304.0
1.3.6.1.4.1.14519.5.2.1.6279.6001.328789598898469177563438457842,33,6,100.0,50.0,52.0,0.33003300330033003,0.23255813953488372,0.1793103448275862,216,291,304.0
1.3.6.1.4.1.14519.5.2.1.6279.6001.328789598898469177563438457842,34,6,100.0,49.0,48.0,0.33003300330033003,0.22790697674418606,0.16551724137931034,216,291,304.0
1.3.6.1.4.1.14519.5.2.1.6279.6001.328789598898469177563438457842,35,7,131.0,168.0,72.0,0.43234323432343236,0.7813953488372093,0.2482758620689655,216,291,304.0
1.3.6.1.4.1.14519.5.2.1.6279.6001.328789598898469177563438457842,36,7,131.0,167.0,70.0,0.43234323432343236,0.7767441860465116,0.2413793103448276,216,291,304.0
1.3.6.1.4.1.14519.5.2.1.6279.6001.328789598898469177563438457842,37,7,131.0,166.0,73.0,0.43234323432343236,0.772093023255814,0.2517241379310345,216,291,304.0
1.3.6.1.4.1.14519.5.2.1.6279.6001.328789598898469177563438457842,38,7,131.0,170.0,73.0,0.43234323432343236,0.7906976744186046,0.2517241379310345,216,291,304.0
1.3.6.1.4.1.14519.5.2.1.6279.6001.328789598898469177563438457842,39,7,131.0,168.0,70.0,0.43234323432343236,0.7813953488372093,0.2413793103448276,216,291,304.0
1.3.6.1.4.1.14519.5.2.1.6279.6001.328789598898469177563438457842,40,8,186.0,22.157894134521484,191.84210205078125,0.6138613861386139,0.10305997271870458,0.6615244898302802,216,291,304.0
1.3.6.1.4.1.14519.5.2.1.6279.6001.328789598898469177563438457842,41,8,186.0,22.0,190.0,0.6138613861386139,0.10232558139534884,0.6551724137931034,216,291,304.0
1.3.6.1.4.1.14519.5.2.1.6279.6001.328789598898469177563438457842,42,8,186.0,20.0,192.0,0.6138613861386139,0.09302325581395349,0.6620689655172414,216,291,304.0
1.3.6.1.4.1.14519.5.2.1.6279.6001.328789598898469177563438457842,43,8,186.0,23.0,194.0,0.6138613861386139,0.10697674418604651,0.6689655172413793,216,291,304.0
1.3.6.1.4.1.14519.5.2.1.6279.6001.328789598898469177563438457842,44,8,186.0,23.0,190.0,0.6138613861386139,0.10697674418604651,0.6551724137931034,216,291,304.0
1.3.6.1.4.1.14519.5.2.1.6279.6001.328944769569002417592093467626,0,0,111.0,73.90908813476562,40.90909194946289,0.45121951219512196,0.38695857662180955,0.14404609841360172,192,285,247.0
1.3.6.1.4.1.14519.5.2.1.6279.6001.328944769569002417592093467626,1,0,111.0,73.0,39.0,0.45121951219512196,0.38219895287958117,0.13732394366197184,192,285,247.0
1.3.6.1.4.1.14519.5.2.1.6279.6001.328944769569002417592093467626,2,0,111.0,72.0,42.0,0.45121951219512196,0.3769633507853403,0.14788732394366197,192,285,247.0
1.3.6.1.4.1.14519.5.2.1.6279.6001.328944769569002417592093467626,3,0,111.0,76.0,42.0,0.45121951219512196,0.39790575916230364,0.14788732394366197,192,285,247.0
1.3.6.1.4.1.14519.5.2.1.6279.6001.328944769569002417592093467626,4,0,111.0,74.0,39.0,0.45121951219512196,0.387434554973822,0.13732394366197184,192,285,247.0
1.3.6.1.4.1.14519.5.2.1.6279.6001.329404588567903628160652715124,0,0,247.0,95.22115325927734,199.22116088867188,0.7916666666666666,0.4000888792406611,0.6426489060924899,239,311,313.0
1.3.6.1.4.1.14519.5.2.1.6279.6001.329404588567903628160652715124,1,0,247.0,95.0,188.0,0.7916666666666666,0.39915966386554624,0.6064516129032258,239,311,313.0
1.3.6.1.4.1.14519.5.2.1.6279.6001.329404588567903628160652715124,2,0,247.0,85.0,204.0,0.7916666666666666,0.35714285714285715,0.6580645161290323,239,311,313.0
1.3.6.1.4.1.14519.5.2.1.6279.6001.329404588567903628160652715124,3,0,247.0,105.0,205.0,0.7916666666666666,0.4411764705882353,0.6612903225806451,239,311,313.0
1.3.6.1.4.1.14519.5.2.1.6279.6001.329404588567903628160652715124,4,0,247.0,96.0,188.0,0.7916666666666666,0.40336134453781514,0.6064516129032258,239,311,313.0
1.3.6.1.4.1.14519.5.2.1.6279.6001.329404588567903628160652715124,5,1,58.0,185.5,193.0,0.1858974358974359,0.7794117647058824,0.6225806451612903,239,311,313.0
1.3.6.1.4.1.14519.5.2.1.6279.6001.329404588567903628160652715124,6,1,58.0,185.0,190.0,0.1858974358974359,0.7773109243697479,0.6129032258064516,239,311,313.0
1.3.6.1.4.1.14519.5.2.1.6279.6001.329404588567903628160652715124,7,1,58.0,183.0,194.0,0.1858974358974359,0.7689075630252101,0.6258064516129033,239,311,313.0
1.3.6.1.4.1.14519.5.2.1.6279.6001.329404588567903628160652715124,8,1,58.0,188.0,195.0,0.1858974358974359,0.7899159663865546,0.6290322580645161,239,311,313.0
1.3.6.1.4.1.14519.5.2.1.6279.6001.329404588567903628160652715124,9,1,58.0,186.0,190.0,0.1858974358974359,0.7815126050420168,0.6129032258064516,239,311,313.0
1.3.6.1.4.1.14519.5.2.1.6279.6001.329624439086643515259182406526,0,0,84.0,202.77777099609375,51.66666793823242,0.3574468085106383,0.881642482591712,0.1710816819146769,231,303,236.0
1.3.6.1.4.1.14519.5.2.1.6279.6001.329624439086643515259182406526,1,0,84.0,202.0,49.0,0.3574468085106383,0.8782608695652174,0.16225165562913907,231,303,236.0
1.3.6.1.4.1.14519.5.2.1.6279.6001.329624439086643515259182406526,2,0,84.0,200.0,53.0,0.3574468085106383,0.8695652173913043,0.17549668874172186,231,303,236.0
1.3.6.1.4.1.14519.5.2.1.6279.6001.329624439086643515259182406526,3,0,84.0,205.0,54.0,0.3574468085106383,0.8913043478260869,0.17880794701986755,231,303,236.0
1.3.6.1.4.1.14519.5.2.1.6279.6001.329624439086643515259182406526,4,0,84.0,203.0,49.0,0.3574468085106383,0.8826086956521739,0.16225165562913907,231,303,236.0
1.3.6.1.4.1.14519.5.2.1.6279.6001.330544495001617450666819906758,0,0,181.0,86.15178680419922,124.24553680419922,0.5915032679738562,0.36046772721422266,0.3665060082719741,240,340,307.0
1.3.6.1.4.1.14519.5.2.1.6279.6001.330544495001617450666819906758,1,0,181.0,86.0,116.0,0.5915032679738562,0.3598326359832636,0.3421828908554572,240,340,307.0
1.3.6.1.4.1.14519.5.2.1.6279.6001.330544495001617450666819906758,2,0,181.0,79.0,127.0,0.5915032679738562,0.3305439330543933,0.3746312684365782,240,340,307.0
1.3.6.1.4.1.14519.5.2.1.6279.6001.330544495001617450666819906758,3,0,181.0,93.0,129.0,0.5915032679738562,0.3891213389121339,0.3805309734513274,240,340,307.0
1.3.6.1.4.1.14519.5.2.1.6279.6001.330544495001617450666819906758,4,0,181.0,87.0,116.0,0.5915032679738562,0.36401673640167365,0.3421828908554572,240,340,307.0
1.3.6.1.4.1.14519.5.2.1.6279.6001.332829333783605240302521201463,0,0,157.0,58.0,78.0,0.5709090909090909,0.27102803738317754,0.29770992366412213,215,263,276.0
1.3.6.1.4.1.14519.5.2.1.6279.6001.332829333783605240302521201463,1,0,157.0,57.0,75.0,0.5709090909090909,0.26635514018691586,0.2862595419847328,215,263,276.0
1.3.6.1.4.1.14519.5.2.1.6279.6001.332829333783605240302521201463,2,0,157.0,55.0,80.0,0.5709090909090909,0.2570093457943925,0.3053435114503817,215,263,276.0
1.3.6.1.4.1.14519.5.2.1.6279.6001.332829333783605240302521201463,3,0,157.0,61.0,80.0,0.5709090909090909,0.2850467289719626,0.3053435114503817,215,263,276.0
1.3.6.1.4.1.14519.5.2.1.6279.6001.332829333783605240302521201463,4,0,157.0,58.0,75.0,0.5709090909090909,0.27102803738317754,0.2862595419847328,215,263,276.0
1.3.6.1.4.1.14519.5.2.1.6279.6001.332829333783605240302521201463,5,1,87.0,135.0,32.0,0.31636363636363635,0.6308411214953271,0.12213740458015267,215,263,276.0
1.3.6.1.4.1.14519.5.2.1.6279.6001.332829333783605240302521201463,6,1,87.0,134.0,29.0,0.31636363636363635,0.6261682242990654,0.11068702290076336,215,263,276.0
1.3.6.1.4.1.14519.5.2.1.6279.6001.332829333783605240302521201463,7,1,87.0,133.0,34.0,0.31636363636363635,0.6214953271028038,0.1297709923664122,215,263,276.0
1.3.6.1.4.1.14519.5.2.1.6279.6001.332829333783605240302521201463,8,1,87.0,138.0,33.0,0.31636363636363635,0.6448598130841121,0.12595419847328243,215,263,276.0
1.3.6.1.4.1.14519.5.2.1.6279.6001.332829333783605240302521201463,9,1,87.0,135.0,29.0,0.31636363636363635,0.6308411214953271,0.11068702290076336,215,263,276.0
1.3.6.1.4.1.14519.5.2.1.6279.6001.332829333783605240302521201463,10,2,143.0,188.0,103.0,0.52,0.8785046728971962,0.3931297709923664,215,263,276.0
1.3.6.1.4.1.14519.5.2.1.6279.6001.332829333783605240302521201463,11,2,143.0,187.0,101.0,0.52,0.8738317757009346,0.38549618320610685,215,263,276.0
1.3.6.1.4.1.14519.5.2.1.6279.6001.332829333783605240302521201463,12,2,143.0,186.0,104.0,0.52,0.8691588785046729,0.3969465648854962,215,263,276.0
1.3.6.1.4.1.14519.5.2.1.6279.6001.332829333783605240302521201463,13,2,143.0,190.0,104.0,0.52,0.8878504672897196,0.3969465648854962,215,263,276.0
1.3.6.1.4.1.14519.5.2.1.6279.6001.332829333783605240302521201463,14,2,143.0,188.0,101.0,0.52,0.8785046728971962,0.38549618320610685,215,263,276.0
1.3.6.1.4.1.14519.5.2.1.6279.6001.332829333783605240302521201463,15,3,92.0,107.0,27.5,0.33454545454545453,0.5,0.1049618320610687,215,263,276.0
1.3.6.1.4.1.14519.5.2.1.6279.6001.332829333783605240302521201463,16,3,92.0,106.0,26.0,0.33454545454545453,0.4953271028037383,0.09923664122137404,215,263,276.0
1.3.6.1.4.1.14519.5.2.1.6279.6001.332829333783605240302521201463,17,3,92.0,106.0,29.0,0.33454545454545453,0.4953271028037383,0.11068702290076336,215,263,276.0
1.3.6.1.4.1.14519.5.2.1.6279.6001.332829333783605240302521201463,18,3,92.0,109.0,28.0,0.33454545454545453,0.5093457943925234,0.10687022900763359,215,263,276.0
1.3.6.1.4.1.14519.5.2.1.6279.6001.332829333783605240302521201463,19,3,92.0,107.0,26.0,0.33454545454545453,0.5,0.09923664122137404,215,263,276.0
1.3.6.1.4.1.14519.5.2.1.6279.6001.332829333783605240302521201463,20,4,105.0,132.88888549804688,114.27777862548828,0.38181818181818183,0.620976100458163,0.43617472757819953,215,263,276.0
1.3.6.1.4.1.14519.5.2.1.6279.6001.332829333783605240302521201463,21,4,105.0,132.0,113.0,0.38181818181818183,0.616822429906542,0.4312977099236641,215,263,276.0
1.3.6.1.4.1.14519.5.2.1.6279.6001.332829333783605240302521201463,22,4,105.0,131.0,115.0,0.38181818181818183,0.6121495327102804,0.4389312977099237,215,263,276.0
1.3.6.1.4.1.14519.5.2.1.6279.6001.332829333783605240302521201463,23,4,105.0,134.0,116.0,0.38181818181818183,0.6261682242990654,0.44274809160305345,215,263,276.0
1.3.6.1.4.1.14519.5.2.1.6279.6001.332829333783605240302521201463,24,4,105.0,133.0,112.0,0.38181818181818183,0.6214953271028038,0.42748091603053434,215,263,276.0
1.3.6.1.4.1.14519.5.2.1.6279.6001.333145094436144085379032922488,0,0,116.0,183.07843017578125,87.7450942993164,0.40559440559440557,0.9018641880580357,0.31115281666424255,204,283,287.0
1.3.6.1.4.1.14519.5.2.1.6279.6001.333145094436144085379032922488,1,0,116.0,183.0,84.0,0.40559440559440557,0.9014778325123153,0.2978723404255319,204,283,287.0
1.3.6.1.4.1.14519.5.2.1.6279.6001.333145094436144085379032922488,2,0,116.0,180.0,89.0,0.40559440559440557,0.8866995073891626,0.31560283687943264,204,283,287.0
1.3.6.1.4.1.14519.5.2.1.6279.6001.333145094436144085379032922488,3,0,116.0,185.0,91.0,0.40559440559440557,0.9113300492610837,0.32269503546099293,204,283,287.0
1.3.6.1.4.1.14519.5.2.1.6279.6001.333145094436144085379032922488,4,0,116.0,184.0,84.0,0.40559440559440557,0.9064039408866995,0.2978723404255319,204,283,287.0
1.3.6.1.4.1.14519.5.2.1.6279.6001.334105754605642100456249422350,0,0,96.0,121.38461303710938,23.384614944458008,0.3287671232876712,0.5672178179304176,0.09353845977783203,215,251,293.0
1.3.6.1.4.1.14519.5.2.1.6279.6001.334105754605642100456249422350,1,0,96.0,121.0,22.0,0.3287671232876712,0.5654205607476636,0.088,215,251,293.0
1.3.6.1.4.1.14519.5.2.1.6279.6001.334105754605642100456249422350,2,0,96.0,120.0,23.0,0.3287671232876712,0.5607476635514018,0.092,215,251,293.0
1.3.6.1.4.1.14519.5.2.1.6279.6001.334105754605642100456249422350,3,0,96.0,122.0,25.0,0.3287671232876712,0.5700934579439252,0.1,215,251,293.0
1.3.6.1.4.1.14519.5.2.1.6279.6001.334105754605642100456249422350,4,0,96.0,122.0,22.0,0.3287671232876712,0.5700934579439252,0.088,215,251,293.0
1.3.6.1.4.1.14519.5.2.1.6279.6001.334517907433161353885866806005,0,0,195.0,149.8790283203125,62.717742919921875,0.7169117647058824,0.7456668075637438,0.2177699406941732,202,289,273.0
1.3.6.1.4.1.14519.5.2.1.6279.6001.334517907433161353885866806005,1,0,195.0,149.0,57.0,0.7169117647058824,0.7412935323383084,0.19791666666666666,202,289,273.0
1.3.6.1.4.1.14519.5.2.1.6279.6001.334517907433161353885866806005,2,0,195.0,145.0,65.0,0.7169117647058824,0.7213930348258707,0.22569444444444445,202,289,273.0
1.3.6.1.4.1.14519.5.2.1.6279.6001.334517907433161353885866806005,3,0,195.0,155.0,66.0,0.7169117647058824,0.7711442786069652,0.22916666666666666,202,289,273.0
1.3.6.1.4.1.14519.5.2.1.6279.6001.334517907433161353885866806005,4,0,195.0,150.0,57.0,0.7169117647058824,0.746268656716418,0.19791666666666666,202,289,273.0
1.3.6.1.4.1.14519.5.2.1.6279.6001.334517907433161353885866806005,5,1,139.0,69.5,40.5,0.5110294117647058,0.34577114427860695,0.140625,202,289,273.0
1.3.6.1.4.1.14519.5.2.1.6279.6001.334517907433161353885866806005,6,1,139.0,69.0,37.0,0.5110294117647058,0.34328358208955223,0.1284722222222222,202,289,273.0
1.3.6.1.4.1.14519.5.2.1.6279.6001.334517907433161353885866806005,7,1,139.0,66.0,42.0,0.5110294117647058,0.3283582089552239,0.14583333333333334,202,289,273.0
1.3.6.1.4.1.14519.5.2.1.6279.6001.334517907433161353885866806005,8,1,139.0,72.0,43.0,0.5110294117647058,0.3582089552238806,0.14930555555555555,202,289,273.0
1.3.6.1.4.1.14519.5.2.1.6279.6001.334517907433161353885866806005,9,1,139.0,70.0,37.0,0.5110294117647058,0.3482587064676617,0.1284722222222222,202,289,273.0
1.3.6.1.4.1.14519.5.2.1.6279.6001.334517907433161353885866806005,10,2,144.0,81.19999694824219,48.07500076293945,0.5294117647058824,0.40398008431961285,0.16692708598242867,202,289,273.0
1.3.6.1.4.1.14519.5.2.1.6279.6001.334517907433161353885866806005,11,2,144.0,81.0,45.0,0.5294117647058824,0.40298507462686567,0.15625,202,289,273.0
1.3.6.1.4.1.14519.5.2.1.6279.6001.334517907433161353885866806005,12,2,144.0,78.0,49.0,0.5294117647058824,0.3880597014925373,0.1701388888888889,202,289,273.0
1.3.6.1.4.1.14519.5.2.1.6279.6001.334517907433161353885866806005,13,2,144.0,84.0,50.0,0.5294117647058824,0.417910447761194,0.1736111111111111,202,289,273.0
1.3.6.1.4.1.14519.5.2.1.6279.6001.334517907433161353885866806005,14,2,144.0,82.0,45.0,0.5294117647058824,0.4079601990049751,0.15625,202,289,273.0
1.3.6.1.4.1.14519.5.2.1.6279.6001.336225579776978874775723463327,0,0,66.0,157.2432403564453,233.7567596435547,0.21019108280254778,0.7382311753823724,0.6875198813045726,214,341,315.0
1.3.6.1.4.1.14519.5.2.1.6279.6001.336225579776978874775723463327,1,0,66.0,157.0,231.0,0.21019108280254778,0.7370892018779343,0.6794117647058824,214,341,315.0
1.3.6.1.4.1.14519.5.2.1.6279.6001.336225579776978874775723463327,2,0,66.0,155.0,235.0,0.21019108280254778,0.7276995305164319,0.6911764705882353,214,341,315.0
1.3.6.1.4.1.14519.5.2.1.6279.6001.336225579776978874775723463327,3,0,66.0,159.0,236.0,0.21019108280254778,0.7464788732394366,0.6941176470588235,214,341,315.0
1.3.6.1.4.1.14519.5.2.1.6279.6001.336225579776978874775723463327,4,0,66.0,158.0,231.0,0.21019108280254778,0.7417840375586855,0.6794117647058824,214,341,315.0
1.3.6.1.4.1.14519.5.2.1.6279.6001.336894364358709782463716339027,0,0,142.0,39.61538314819336,254.61538696289062,0.5089605734767025,0.16645118969829142,0.7956730842590332,239,321,280.0
1.3.6.1.4.1.14519.5.2.1.6279.6001.336894364358709782463716339027,1,0,142.0,39.0,253.0,0.5089605734767025,0.1638655462184874,0.790625,239,321,280.0
1.3.6.1.4.1.14519.5.2.1.6279.6001.336894364358709782463716339027,2,0,142.0,38.0,255.0,0.5089605734767025,0.15966386554621848,0.796875,239,321,280.0
1.3.6.1.4.1.14519.5.2.1.6279.6001.336894364358709782463716339027,3,0,142.0,41.0,256.0,0.5089605734767025,0.1722689075630252,0.8,239,321,280.0
1.3.6.1.4.1.14519.5.2.1.6279.6001.336894364358709782463716339027,4,0,142.0,40.0,253.0,0.5089605734767025,0.16806722689075632,0.790625,239,321,280.0
1.3.6.1.4.1.14519.5.2.1.6279.6001.337005960787660957389988207064,0,0,175.0,40.0,94.80000305175781,0.5833333333333334,0.1834862385321101,0.2925926020115982,219,325,301.0
1.3.6.1.4.1.14519.5.2.1.6279.6001.337005960787660957389988207064,1,0,175.0,39.0,94.0,0.5833333333333334,0.17889908256880735,0.29012345679012347,219,325,301.0
1.3.6.1.4.1.14519.5.2.1.6279.6001.337005960787660957389988207064,2,0,175.0,39.0,96.0,0.5833333333333334,0.17889908256880735,0.2962962962962963,219,325,301.0
1.3.6.1.4.1.14519.5.2.1.6279.6001.337005960787660957389988207064,3,0,175.0,41.0,96.0,0.5833333333333334,0.18807339449541285,0.2962962962962963,219,325,301.0
1.3.6.1.4.1.14519.5.2.1.6279.6001.337005960787660957389988207064,4,0,175.0,40.0,93.0,0.5833333333333334,0.1834862385321101,0.28703703703703703,219,325,301.0
1.3.6.1.4.1.14519.5.2.1.6279.6001.337845202462615014431060697507,0,0,193.0,118.48192596435547,229.93975830078125,0.8212765957446808,0.5242563095767941,0.7768235077729096,227,297,236.0
1.3.6.1.4.1.14519.5.2.1.6279.6001.337845202462615014431060697507,1,0,193.0,118.0,225.0,0.8212765957446808,0.5221238938053098,0.7601351351351351,227,297,236.0
1.3.6.1.4.1.14519.5.2.1.6279.6001.337845202462615014431060697507,2,0,193.0,114.0,232.0,0.8212765957446808,0.504424778761062,0.7837837837837838,227,297,236.0
1.3.6.1.4.1.14519.5.2.1.6279.6001.337845202462615014431060697507,3,0,193.0,122.0,233.0,0.8212765957446808,0.5398230088495575,0.7871621621621622,227,297,236.0
1.3.6.1.4.1.14519.5.2.1.6279.6001.337845202462615014431060697507,4,0,193.0,119.0,225.0,0.8212765957446808,0.5265486725663717,0.7601351351351351,227,297,236.0
1.3.6.1.4.1.14519.5.2.1.6279.6001.338104567770715523699587505022,0,0,156.0,180.86666870117188,41.46666717529297,0.5360824742268041,0.8296636178952839,0.15530586957038564,219,268,292.0
1.3.6.1.4.1.14519.5.2.1.6279.6001.338104567770715523699587505022,1,0,156.0,180.0,40.0,0.5360824742268041,0.8256880733944955,0.149812734082397,219,268,292.0
1.3.6.1.4.1.14519.5.2.1.6279.6001.338104567770715523699587505022,2,0,156.0,180.0,43.0,0.5360824742268041,0.8256880733944955,0.16104868913857678,219,268,292.0
1.3.6.1.4.1.14519.5.2.1.6279.6001.338104567770715523699587505022,3,0,156.0,182.0,42.0,0.5360824742268041,0.8348623853211009,0.15730337078651685,219,268,292.0
1.3.6.1.4.1.14519.5.2.1.6279.6001.338104567770715523699587505022,4,0,156.0,181.0,40.0,0.5360824742268041,0.8302752293577982,0.149812734082397,219,268,292.0
1.3.6.1.4.1.14519.5.2.1.6279.6001.338104567770715523699587505022,5,1,249.0,170.8000030517578,164.8000030517578,0.8556701030927835,0.7834862525309991,0.6172284758492802,219,268,292.0
1.3.6.1.4.1.14519.5.2.1.6279.6001.338104567770715523699587505022,6,1,249.0,170.0,163.0,0.8556701030927835,0.7798165137614679,0.6104868913857678,219,268,292.0
1.3.6.1.4.1.14519.5.2.1.6279.6001.338104567770715523699587505022,7,1,249.0,169.0,165.0,0.8556701030927835,0.7752293577981652,0.6179775280898876,219,268,292.0
1.3.6.1.4.1.14519.5.2.1.6279.6001.338104567770715523699587505022,8,1,249.0,172.0,166.0,0.8556701030927835,0.7889908256880734,0.6217228464419475,219,268,292.0
1.3.6.1.4.1.14519.5.2.1.6279.6001.338104567770715523699587505022,9,1,249.0,171.0,163.0,0.8556701030927835,0.7844036697247706,0.6104868913857678,219,268,292.0
1.3.6.1.4.1.14519.5.2.1.6279.6001.338114620394879648539943280992,0,0,143.0,124.35779571533203,73.85321044921875,0.5458015267175572,0.6377322857196515,0.223797607421875,196,331,263.0
1.3.6.1.4.1.14519.5.2.1.6279.6001.338114620394879648539943280992,1,0,143.0,124.0,68.0,0.5458015267175572,0.6358974358974359,0.20606060606060606,196,331,263.0
1.3.6.1.4.1.14519.5.2.1.6279.6001.338114620394879648539943280992,2,0,143.0,119.0,76.0,0.5458015267175572,0.6102564102564103,0.23030303030303031,196,331,263.0
1.3.6.1.4.1.14519.5.2.1.6279.6001.338114620394879648539943280992,3,0,143.0,129.0,77.0,0.5458015267175572,0.6615384615384615,0.23333333333333334,196,331,263.0
1.3.6.1.4.1.14519.5.2.1.6279.6001.338114620394879648539943280992,4,0,143.0,125.0,68.0,0.5458015267175572,0.6410256410256411,0.20606060606060606,196,331,263.0
1.3.6.1.4.1.14519.5.2.1.6279.6001.338447145504282422142824032832,0,0,94.0,124.15384674072266,264.5384521484375,0.31543624161073824,0.5669125421950806,0.9380796175476507,220,283,299.0
1.3.6.1.4.1.14519.5.2.1.6279.6001.338447145504282422142824032832,1,0,94.0,124.0,263.0,0.31543624161073824,0.5662100456621004,0.9326241134751773,220,283,299.0
1.3.6.1.4.1.14519.5.2.1.6279.6001.338447145504282422142824032832,2,0,94.0,123.0,265.0,0.31543624161073824,0.5616438356164384,0.9397163120567376,220,283,299.0
1.3.6.1.4.1.14519.5.2.1.6279.6001.338447145504282422142824032832,3,0,94.0,125.0,266.0,0.31543624161073824,0.5707762557077626,0.9432624113475178,220,283,299.0
1.3.6.1.4.1.14519.5.2.1.6279.6001.338447145504282422142824032832,4,0,94.0,125.0,263.0,0.31543624161073824,0.5707762557077626,0.9326241134751773,220,283,299.0
1.3.6.1.4.1.14519.5.2.1.6279.6001.338875090785618956575597613546,0,0,103.0,157.63333129882812,264.3666687011719,0.35034013605442177,0.719786900907891,0.8696271996749075,220,305,295.0
1.3.6.1.4.1.14519.5.2.1.6279.6001.338875090785618956575597613546,1,0,103.0,157.0,262.0,0.35034013605442177,0.7168949771689498,0.8618421052631579,220,305,295.0
1.3.6.1.4.1.14519.5.2.1.6279.6001.338875090785618956575597613546,2,0,103.0,155.0,265.0,0.35034013605442177,0.7077625570776256,0.8717105263157895,220,305,295.0
1.3.6.1.4.1.14519.5.2.1.6279.6001.338875090785618956575597613546,3,0,103.0,160.0,266.0,0.35034013605442177,0.730593607305936,0.875,220,305,295.0
1.3.6.1.4.1.14519.5.2.1.6279.6001.338875090785618956575597613546,4,0,103.0,158.0,262.0,0.35034013605442177,0.7214611872146118,0.8618421052631579,220,305,295.0
1.3.6.1.4.1.14519.5.2.1.6279.6001.338875090785618956575597613546,5,1,65.0,155.0,43.70833206176758,0.22108843537414966,0.7077625570776256,0.14377740809791967,220,305,295.0
1.3.6.1.4.1.14519.5.2.1.6279.6001.338875090785618956575597613546,6,1,65.0,154.0,42.0,0.22108843537414966,0.7031963470319634,0.13815789473684212,220,305,295.0
1.3.6.1.4.1.14519.5.2.1.6279.6001.338875090785618956575597613546,7,1,65.0,153.0,45.0,0.22108843537414966,0.6986301369863014,0.14802631578947367,220,305,295.0
1.3.6.1.4.1.14519.5.2.1.6279.6001.338875090785618956575597613546,8,1,65.0,157.0,45.0,0.22108843537414966,0.7168949771689498,0.14802631578947367,220,305,295.0
1.3.6.1.4.1.14519.5.2.1.6279.6001.338875090785618956575597613546,9,1,65.0,155.0,41.0,0.22108843537414966,0.7077625570776256,0.13486842105263158,220,305,295.0
1.3.6.1.4.1.14519.5.2.1.6279.6001.338875090785618956575597613546,10,2,147.0,63.0,59.0,0.5,0.2876712328767123,0.19407894736842105,220,305,295.0
1.3.6.1.4.1.14519.5.2.1.6279.6001.338875090785618956575597613546,11,2,147.0,62.0,57.0,0.5,0.2831050228310502,0.1875,220,305,295.0
1.3.6.1.4.1.14519.5.2.1.6279.6001.338875090785618956575597613546,12,2,147.0,61.0,60.0,0.5,0.2785388127853881,0.19736842105263158,220,305,295.0
1.3.6.1.4.1.14519.5.2.1.6279.6001.338875090785618956575597613546,13,2,147.0,65.0,60.0,0.5,0.2968036529680365,0.19736842105263158,220,305,295.0
1.3.6.1.4.1.14519.5.2.1.6279.6001.338875090785618956575597613546,14,2,147.0,63.0,57.0,0.5,0.2876712328767123,0.1875,220,305,295.0
1.3.6.1.4.1.14519.5.2.1.6279.6001.338875090785618956575597613546,15,3,94.0,129.0,28.5,0.3197278911564626,0.589041095890411,0.09375,220,305,295.0
1.3.6.1.4.1.14519.5.2.1.6279.6001.338875090785618956575597613546,16,3,94.0,128.0,27.0,0.3197278911564626,0.5844748858447488,0.08881578947368421,220,305,295.0
1.3.6.1.4.1.14519.5.2.1.6279.6001.338875090785618956575597613546,17,3,94.0,128.0,30.0,0.3197278911564626,0.5844748858447488,0.09868421052631579,220,305,295.0
1.3.6.1.4.1.14519.5.2.1.6279.6001.338875090785618956575597613546,18,3,94.0,131.0,29.0,0.3197278911564626,0.5981735159817352,0.09539473684210527,220,305,295.0
1.3.6.1.4.1.14519.5.2.1.6279.6001.338875090785618956575597613546,19,3,94.0,129.0,27.0,0.3197278911564626,0.589041095890411,0.08881578947368421,220,305,295.0
1.3.6.1.4.1.14519.5.2.1.6279.6001.338875090785618956575597613546,20,4,83.0,158.0,26.571428298950195,0.282312925170068,0.7214611872146118,0.08740601414128353,220,305,295.0
1.3.6.1.4.1.14519.5.2.1.6279.6001.338875090785618956575597613546,21,4,83.0,157.0,25.0,0.282312925170068,0.7168949771689498,0.08223684210526316,220,305,295.0
1.3.6.1.4.1.14519.5.2.1.6279.6001.338875090785618956575597613546,22,4,83.0,157.0,28.0,0.282312925170068,0.7168949771689498,0.09210526315789473,220,305,295.0
1.3.6.1.4.1.14519.5.2.1.6279.6001.338875090785618956575597613546,23,4,83.0,160.0,27.0,0.282312925170068,0.730593607305936,0.08881578947368421,220,305,295.0
1.3.6.1.4.1.14519.5.2.1.6279.6001.338875090785618956575597613546,24,4,83.0,158.0,25.0,0.282312925170068,0.7214611872146118,0.08223684210526316,220,305,295.0
1.3.6.1.4.1.14519.5.2.1.6279.6001.338875090785618956575597613546,25,5,118.0,184.5,246.5,0.4013605442176871,0.8424657534246576,0.8108552631578947,220,305,295.0
1.3.6.1.4.1.14519.5.2.1.6279.6001.338875090785618956575597613546,26,5,118.0,184.0,245.0,0.4013605442176871,0.8401826484018264,0.805921052631579,220,305,295.0
1.3.6.1.4.1.14519.5.2.1.6279.6001.338875090785618956575597613546,27,5,118.0,183.0,247.0,0.4013605442176871,0.8356164383561644,0.8125,220,305,295.0
1.3.6.1.4.1.14519.5.2.1.6279.6001.338875090785618956575597613546,28,5,118.0,185.0,248.0,0.4013605442176871,0.8447488584474886,0.8157894736842105,220,305,295.0
1.3.6.1.4.1.14519.5.2.1.6279.6001.338875090785618956575597613546,29,5,118.0,185.0,245.0,0.4013605442176871,0.8447488584474886,0.805921052631579,220,305,295.0
1.3.6.1.4.1.14519.5.2.1.6279.6001.339142594937666268384335506819,0,0,165.0,89.0,258.0,0.5769230769230769,0.4258373205741627,0.8927335640138409,210,290,287.0
1.3.6.1.4.1.14519.5.2.1.6279.6001.339142594937666268384335506819,1,0,165.0,88.0,254.0,0.5769230769230769,0.42105263157894735,0.8788927335640139,210,290,287.0
1.3.6.1.4.1.14519.5.2.1.6279.6001.339142594937666268384335506819,2,0,165.0,85.0,260.0,0.5769230769230769,0.40669856459330145,0.8996539792387543,210,290,287.0
1.3.6.1.4.1.14519.5.2.1.6279.6001.339142594937666268384335506819,3,0,165.0,93.0,260.0,0.5769230769230769,0.4449760765550239,0.8996539792387543,210,290,287.0
1.3.6.1.4.1.14519.5.2.1.6279.6001.339142594937666268384335506819,4,0,165.0,89.0,254.0,0.5769230769230769,0.4258373205741627,0.8788927335640139,210,290,287.0
1.3.6.1.4.1.14519.5.2.1.6279.6001.339546614783708685476232944897,0,0,163.0,69.47032165527344,58.15981674194336,0.7477064220183486,0.35264122667651493,0.2655699394609286,198,220,219.0
1.3.6.1.4.1.14519.5.2.1.6279.6001.339546614783708685476232944897,1,0,163.0,69.0,50.0,0.7477064220183486,0.350253807106599,0.228310502283105,198,220,219.0
1.3.6.1.4.1.14519.5.2.1.6279.6001.339546614783708685476232944897,2,0,163.0,63.0,62.0,0.7477064220183486,0.3197969543147208,0.2831050228310502,198,220,219.0
1.3.6.1.4.1.14519.5.2.1.6279.6001.339546614783708685476232944897,3,0,163.0,76.0,62.0,0.7477064220183486,0.38578680203045684,0.2831050228310502,198,220,219.0
1.3.6.1.4.1.14519.5.2.1.6279.6001.339546614783708685476232944897,4,0,163.0,70.0,50.0,0.7477064220183486,0.3553299492385787,0.228310502283105,198,220,219.0
1.3.6.1.4.1.14519.5.2.1.6279.6001.339882192295517122002429068974,0,0,161.0,28.42424201965332,94.93939208984375,0.568904593639576,0.14881802104530534,0.3582618569428066,192,266,284.0
1.3.6.1.4.1.14519.5.2.1.6279.6001.339882192295517122002429068974,1,0,161.0,28.0,92.0,0.568904593639576,0.14659685863874344,0.3471698113207547,192,266,284.0
1.3.6.1.4.1.14519.5.2.1.6279.6001.339882192295517122002429068974,2,0,161.0,26.0,96.0,0.568904593639576,0.13612565445026178,0.3622641509433962,192,266,284.0
1.3.6.1.4.1.14519.5.2.1.6279.6001.339882192295517122002429068974,3,0,161.0,30.0,97.0,0.568904593639576,0.15706806282722513,0.3660377358490566,192,266,284.0
1.3.6.1.4.1.14519.5.2.1.6279.6001.339882192295517122002429068974,4,0,161.0,29.0,92.0,0.568904593639576,0.1518324607329843,0.3471698113207547,192,266,284.0
1.3.6.1.4.1.14519.5.2.1.6279.6001.340158437895922179455019686521,0,0,143.0,116.09091186523438,39.09090805053711,0.4831081081081081,0.6241446874474966,0.14478114092791522,187,271,297.0
1.3.6.1.4.1.14519.5.2.1.6279.6001.340158437895922179455019686521,1,0,143.0,116.0,37.0,0.4831081081081081,0.6236559139784946,0.13703703703703704,187,271,297.0
1.3.6.1.4.1.14519.5.2.1.6279.6001.340158437895922179455019686521,2,0,143.0,114.0,40.0,0.4831081081081081,0.6129032258064516,0.14814814814814814,187,271,297.0
1.3.6.1.4.1.14519.5.2.1.6279.6001.340158437895922179455019686521,3,0,143.0,118.0,41.0,0.4831081081081081,0.6344086021505376,0.15185185185185185,187,271,297.0
1.3.6.1.4.1.14519.5.2.1.6279.6001.340158437895922179455019686521,4,0,143.0,117.0,37.0,0.4831081081081081,0.6290322580645161,0.13703703703703704,187,271,297.0
1.3.6.1.4.1.14519.5.2.1.6279.6001.346115813056769250958550383763,0,0,194.0,90.11111450195312,53.27777862548828,0.7404580152671756,0.43956641220464937,0.1944444475382784,206,275,263.0
1.3.6.1.4.1.14519.5.2.1.6279.6001.346115813056769250958550383763,1,0,194.0,90.0,51.0,0.7404580152671756,0.43902439024390244,0.18613138686131386,206,275,263.0
1.3.6.1.4.1.14519.5.2.1.6279.6001.346115813056769250958550383763,2,0,194.0,88.0,54.0,0.7404580152671756,0.4292682926829268,0.19708029197080293,206,275,263.0
1.3.6.1.4.1.14519.5.2.1.6279.6001.346115813056769250958550383763,3,0,194.0,91.0,55.0,0.7404580152671756,0.44390243902439025,0.20072992700729927,206,275,263.0
1.3.6.1.4.1.14519.5.2.1.6279.6001.346115813056769250958550383763,4,0,194.0,91.0,52.0,0.7404580152671756,0.44390243902439025,0.1897810218978102,206,275,263.0
1.3.6.1.4.1.14519.5.2.1.6279.6001.362762275895885013176610377950,0,0,133.0,25.5,89.77777862548828,0.4618055555555556,0.11805555555555555,0.2779497790262795,217,324,289.0
1.3.6.1.4.1.14519.5.2.1.6279.6001.362762275895885013176610377950,1,0,133.0,25.0,88.0,0.4618055555555556,0.11574074074074074,0.2724458204334365,217,324,289.0
1.3.6.1.4.1.14519.5.2.1.6279.6001.362762275895885013176610377950,2,0,133.0,24.0,90.0,0.4618055555555556,0.1111111111111111,0.2786377708978328,217,324,289.0
1.3.6.1.4.1.14519.5.2.1.6279.6001.362762275895885013176610377950,3,0,133.0,27.0,91.0,0.4618055555555556,0.125,0.28173374613003094,217,324,289.0
1.3.6.1.4.1.14519.5.2.1.6279.6001.362762275895885013176610377950,4,0,133.0,26.0,88.0,0.4618055555555556,0.12037037037037036,0.2724458204334365,217,324,289.0
1.3.6.1.4.1.14519.5.2.1.6279.6001.367204840301639918160517361062,0,0,171.0,165.9130401611328,67.0,0.6428571428571429,0.7245110924066935,0.20743034055727555,230,324,267.0
1.3.6.1.4.1.14519.5.2.1.6279.6001.367204840301639918160517361062,1,0,171.0,165.0,64.0,0.6428571428571429,0.7205240174672489,0.19814241486068113,230,324,267.0
1.3.6.1.4.1.14519.5.2.1.6279.6001.367204840301639918160517361062,2,0,171.0,163.0,69.0,0.6428571428571429,0.7117903930131004,0.21362229102167182,230,324,267.0
1.3.6.1.4.1.14519.5.2.1.6279.6001.367204840301639918160517361062,3,0,171.0,169.0,69.0,0.6428571428571429,0.7379912663755459,0.21362229102167182,230,324,267.0
1.3.6.1.4.1.14519.5.2.1.6279.6001.367204840301639918160517361062,4,0,171.0,166.0,64.0,0.6428571428571429,0.7248908296943232,0.19814241486068113,230,324,267.0
1.3.6.1.4.1.14519.5.2.1.6279.6001.387954549120924524005910602207,0,0,140.0,131.0,23.210525512695312,0.5447470817120622,0.5458333333333333,0.09321496189837475,241,250,258.0
1.3.6.1.4.1.14519.5.2.1.6279.6001.387954549120924524005910602207,1,0,140.0,130.0,22.0,0.5447470817120622,0.5416666666666666,0.08835341365461848,241,250,258.0
1.3.6.1.4.1.14519.5.2.1.6279.6001.387954549120924524005910602207,2,0,140.0,129.0,24.0,0.5447470817120622,0.5375,0.0963855421686747,241,250,258.0
1.3.6.1.4.1.14519.5.2.1.6279.6001.387954549120924524005910602207,3,0,140.0,133.0,24.0,0.5447470817120622,0.5541666666666667,0.0963855421686747,241,250,258.0
1.3.6.1.4.1.14519.5.2.1.6279.6001.387954549120924524005910602207,4,0,140.0,131.0,21.0,0.5447470817120622,0.5458333333333333,0.08433734939759036,241,250,258.0
1.3.6.1.4.1.14519.5.2.1.6279.6001.387954549120924524005910602207,5,1,78.0,122.3125,156.875,0.3035019455252918,0.5096354166666667,0.6300200803212851,241,250,258.0
1.3.6.1.4.1.14519.5.2.1.6279.6001.387954549120924524005910602207,6,1,78.0,122.0,155.0,0.3035019455252918,0.5083333333333333,0.6224899598393574,241,250,258.0
1.3.6.1.4.1.14519.5.2.1.6279.6001.387954549120924524005910602207,7,1,78.0,121.0,158.0,0.3035019455252918,0.5041666666666667,0.6345381526104418,241,250,258.0
1.3.6.1.4.1.14519.5.2.1.6279.6001.387954549120924524005910602207,8,1,78.0,124.0,158.0,0.3035019455252918,0.5166666666666667,0.6345381526104418,241,250,258.0
1.3.6.1.4.1.14519.5.2.1.6279.6001.387954549120924524005910602207,9,1,78.0,123.0,155.0,0.3035019455252918,0.5125,0.6224899598393574,241,250,258.0
1.3.6.1.4.1.14519.5.2.1.6279.6001.390513733720659266816639651938,0,0,250.0,104.0,112.29166412353516,0.8833922261484098,0.5360824742268041,0.41589505230938945,195,271,284.0
1.3.6.1.4.1.14519.5.2.1.6279.6001.390513733720659266816639651938,1,0,250.0,103.0,110.0,0.8833922261484098,0.5309278350515464,0.4074074074074074,195,271,284.0
1.3.6.1.4.1.14519.5.2.1.6279.6001.390513733720659266816639651938,2,0,250.0,102.0,114.0,0.8833922261484098,0.5257731958762887,0.4222222222222222,195,271,284.0
1.3.6.1.4.1.14519.5.2.1.6279.6001.390513733720659266816639651938,3,0,250.0,106.0,114.0,0.8833922261484098,0.5463917525773195,0.4222222222222222,195,271,284.0
1.3.6.1.4.1.14519.5.2.1.6279.6001.390513733720659266816639651938,4,0,250.0,104.0,110.0,0.8833922261484098,0.5360824742268041,0.4074074074074074,195,271,284.0
1.3.6.1.4.1.14519.5.2.1.6279.6001.392861216720727557882279374324,0,0,204.0,54.45161437988281,71.41935729980469,0.7611940298507462,0.2630512771975015,0.27259296679314765,208,263,269.0
1.3.6.1.4.1.14519.5.2.1.6279.6001.392861216720727557882279374324,1,0,204.0,54.0,69.0,0.7611940298507462,0.2608695652173913,0.2633587786259542,208,263,269.0
1.3.6.1.4.1.14519.5.2.1.6279.6001.392861216720727557882279374324,2,0,204.0,52.0,73.0,0.7611940298507462,0.25120772946859904,0.2786259541984733,208,263,269.0
1.3.6.1.4.1.14519.5.2.1.6279.6001.392861216720727557882279374324,3,0,204.0,57.0,73.0,0.7611940298507462,0.2753623188405797,0.2786259541984733,208,263,269.0
1.3.6.1.4.1.14519.5.2.1.6279.6001.392861216720727557882279374324,4,0,204.0,55.0,69.0,0.7611940298507462,0.26570048309178745,0.2633587786259542,208,263,269.0
1.3.6.1.4.1.14519.5.2.1.6279.6001.394470743585708729682444806008,0,0,205.0,163.0,175.0,0.80078125,0.8190954773869347,0.6481481481481481,200,271,257.0
1.3.6.1.4.1.14519.5.2.1.6279.6001.394470743585708729682444806008,1,0,205.0,162.0,173.0,0.80078125,0.8140703517587939,0.6407407407407407,200,271,257.0
1.3.6.1.4.1.14519.5.2.1.6279.6001.394470743585708729682444806008,2,0,205.0,161.0,176.0,0.80078125,0.8090452261306532,0.6518518518518519,200,271,257.0
1.3.6.1.4.1.14519.5.2.1.6279.6001.394470743585708729682444806008,3,0,205.0,165.0,176.0,0.80078125,0.8291457286432161,0.6518518518518519,200,271,257.0
1.3.6.1.4.1.14519.5.2.1.6279.6001.394470743585708729682444806008,4,0,205.0,163.0,173.0,0.80078125,0.8190954773869347,0.6407407407407407,200,271,257.0
1.3.6.1.4.1.14519.5.2.1.6279.6001.395623571499047043765181005112,0,0,170.0,76.0,87.0,0.7172995780590717,0.37438423645320196,0.32954545454545453,204,265,238.0
1.3.6.1.4.1.14519.5.2.1.6279.6001.395623571499047043765181005112,1,0,170.0,75.0,85.0,0.7172995780590717,0.3694581280788177,0.32196969696969696,204,265,238.0
1.3.6.1.4.1.14519.5.2.1.6279.6001.395623571499047043765181005112,2,0,170.0,74.0,88.0,0.7172995780590717,0.3645320197044335,0.3333333333333333,204,265,238.0
1.3.6.1.4.1.14519.5.2.1.6279.6001.395623571499047043765181005112,3,0,170.0,78.0,88.0,0.7172995780590717,0.3842364532019704,0.3333333333333333,204,265,238.0
1.3.6.1.4.1.14519.5.2.1.6279.6001.395623571499047043765181005112,4,0,170.0,76.0,85.0,0.7172995780590717,0.37438423645320196,0.32196969696969696,204,265,238.0
1.3.6.1.4.1.14519.5.2.1.6279.6001.397522780537301776672854630421,0,0,222.0,144.0,173.919189453125,0.8538461538461538,0.6824644549763034,0.6038860744900174,212,289,261.0
1.3.6.1.4.1.14519.5.2.1.6279.6001.397522780537301776672854630421,1,0,222.0,143.0,169.0,0.8538461538461538,0.6777251184834123,0.5868055555555556,212,289,261.0
1.3.6.1.4.1.14519.5.2.1.6279.6001.397522780537301776672854630421,2,0,222.0,139.0,176.0,0.8538461538461538,0.6587677725118484,0.6111111111111112,212,289,261.0
1.3.6.1.4.1.14519.5.2.1.6279.6001.397522780537301776672854630421,3,0,222.0,149.0,176.0,0.8538461538461538,0.7061611374407583,0.6111111111111112,212,289,261.0
1.3.6.1.4.1.14519.5.2.1.6279.6001.397522780537301776672854630421,4,0,222.0,144.0,169.0,0.8538461538461538,0.6824644549763034,0.5868055555555556,212,289,261.0
1.3.6.1.4.1.14519.5.2.1.6279.6001.397522780537301776672854630421,5,1,54.0,156.1666717529297,70.09722137451172,0.2076923076923077,0.740126406411989,0.24339312977261013,212,289,261.0
1.3.6.1.4.1.14519.5.2.1.6279.6001.397522780537301776672854630421,6,1,54.0,156.0,66.0,0.2076923076923077,0.7393364928909952,0.22916666666666666,212,289,261.0
1.3.6.1.4.1.14519.5.2.1.6279.6001.397522780537301776672854630421,7,1,54.0,152.0,72.0,0.2076923076923077,0.7203791469194313,0.25,212,289,261.0
1.3.6.1.4.1.14519.5.2.1.6279.6001.397522780537301776672854630421,8,1,54.0,160.0,73.0,0.2076923076923077,0.7582938388625592,0.2534722222222222,212,289,261.0
1.3.6.1.4.1.14519.5.2.1.6279.6001.397522780537301776672854630421,9,1,54.0,157.0,66.0,0.2076923076923077,0.7440758293838863,0.22916666666666666,212,289,261.0
1.3.6.1.4.1.14519.5.2.1.6279.6001.401389720232123950202941034290,0,0,69.0,34.6315803527832,59.78947448730469,0.3165137614678899,0.1832358748824508,0.1966759029187654,190,305,219.0
1.3.6.1.4.1.14519.5.2.1.6279.6001.401389720232123950202941034290,1,0,69.0,34.0,58.0,0.3165137614678899,0.17989417989417988,0.19078947368421054,190,305,219.0
1.3.6.1.4.1.14519.5.2.1.6279.6001.401389720232123950202941034290,2,0,69.0,33.0,60.0,0.3165137614678899,0.1746031746031746,0.19736842105263158,190,305,219.0
1.3.6.1.4.1.14519.5.2.1.6279.6001.401389720232123950202941034290,3,0,69.0,36.0,61.0,0.3165137614678899,0.19047619047619047,0.20065789473684212,190,305,219.0
1.3.6.1.4.1.14519.5.2.1.6279.6001.401389720232123950202941034290,4,0,69.0,35.0,58.0,0.3165137614678899,0.18518518518518517,0.19078947368421054,190,305,219.0
1.3.6.1.4.1.14519.5.2.1.6279.6001.404364125369979066736354549484,0,0,112.0,153.89999389648438,245.9499969482422,0.3684210526315789,0.7772726964468908,0.8752668930542427,199,282,305.0
1.3.6.1.4.1.14519.5.2.1.6279.6001.404364125369979066736354549484,1,0,112.0,153.0,244.0,0.3684210526315789,0.7727272727272727,0.8683274021352313,199,282,305.0
1.3.6.1.4.1.14519.5.2.1.6279.6001.404364125369979066736354549484,2,0,112.0,152.0,247.0,0.3684210526315789,0.7676767676767676,0.8790035587188612,199,282,305.0
1.3.6.1.4.1.14519.5.2.1.6279.6001.404364125369979066736354549484,3,0,112.0,155.0,247.0,0.3684210526315789,0.7828282828282829,0.8790035587188612,199,282,305.0
1.3.6.1.4.1.14519.5.2.1.6279.6001.404364125369979066736354549484,4,0,112.0,154.0,244.0,0.3684210526315789,0.7777777777777778,0.8683274021352313,199,282,305.0
1.3.6.1.4.1.14519.5.2.1.6279.6001.404457313935200882843898832756,0,0,165.0,117.35877990722656,293.87786865234375,0.6297709923664122,0.4713204012338416,0.8007571352924898,250,368,263.0
1.3.6.1.4.1.14519.5.2.1.6279.6001.404457313935200882843898832756,1,0,165.0,117.0,288.0,0.6297709923664122,0.46987951807228917,0.784741144414169,250,368,263.0
1.3.6.1.4.1.14519.5.2.1.6279.6001.404457313935200882843898832756,2,0,165.0,112.0,297.0,0.6297709923664122,0.4497991967871486,0.8092643051771117,250,368,263.0
1.3.6.1.4.1.14519.5.2.1.6279.6001.404457313935200882843898832756,3,0,165.0,122.0,297.0,0.6297709923664122,0.4899598393574297,0.8092643051771117,250,368,263.0
1.3.6.1.4.1.14519.5.2.1.6279.6001.404457313935200882843898832756,4,0,165.0,118.0,288.0,0.6297709923664122,0.4738955823293173,0.784741144414169,250,368,263.0
1.3.6.1.4.1.14519.5.2.1.6279.6001.404768898286087278137462774930,0,0,82.0,199.01739501953125,249.6434783935547,0.3293172690763052,0.8767286124208425,0.7452044131150887,228,336,250.0
1.3.6.1.4.1.14519.5.2.1.6279.6001.404768898286087278137462774930,1,0,82.0,198.0,242.0,0.3293172690763052,0.8722466960352423,0.7223880597014926,228,336,250.0
1.3.6.1.4.1.14519.5.2.1.6279.6001.404768898286087278137462774930,2,0,82.0,192.0,254.0,0.3293172690763052,0.8458149779735683,0.7582089552238805,228,336,250.0
1.3.6.1.4.1.14519.5.2.1.6279.6001.404768898286087278137462774930,3,0,82.0,206.0,253.0,0.3293172690763052,0.9074889867841409,0.755223880597015,228,336,250.0
1.3.6.1.4.1.14519.5.2.1.6279.6001.404768898286087278137462774930,4,0,82.0,199.0,242.0,0.3293172690763052,0.8766519823788547,0.7223880597014926,228,336,250.0
1.3.6.1.4.1.14519.5.2.1.6279.6001.413896555982844732694353377538,0,0,118.0,149.2820587158203,126.1025619506836,0.4154929577464789,0.6724417059271185,0.3880078829251803,223,326,285.0
1.3.6.1.4.1.14519.5.2.1.6279.6001.413896555982844732694353377538,1,0,118.0,149.0,123.0,0.4154929577464789,0.6711711711711712,0.37846153846153846,223,326,285.0
1.3.6.1.4.1.14519.5.2.1.6279.6001.413896555982844732694353377538,2,0,118.0,146.0,127.0,0.4154929577464789,0.6576576576576577,0.39076923076923076,223,326,285.0
1.3.6.1.4.1.14519.5.2.1.6279.6001.413896555982844732694353377538,3,0,118.0,152.0,128.0,0.4154929577464789,0.6846846846846847,0.39384615384615385,223,326,285.0
1.3.6.1.4.1.14519.5.2.1.6279.6001.413896555982844732694353377538,4,0,118.0,150.0,123.0,0.4154929577464789,0.6756756756756757,0.37846153846153846,223,326,285.0
1.3.6.1.4.1.14519.5.2.1.6279.6001.413896555982844732694353377538,5,1,90.0,58.11111068725586,294.27777099609375,0.31690140845070425,0.2617617598525039,0.9054700646033654,223,326,285.0
1.3.6.1.4.1.14519.5.2.1.6279.6001.413896555982844732694353377538,6,1,90.0,58.0,292.0,0.31690140845070425,0.26126126126126126,0.8984615384615384,223,326,285.0
1.3.6.1.4.1.14519.5.2.1.6279.6001.413896555982844732694353377538,7,1,90.0,56.0,295.0,0.31690140845070425,0.25225225225225223,0.9076923076923077,223,326,285.0
1.3.6.1.4.1.14519.5.2.1.6279.6001.413896555982844732694353377538,8,1,90.0,59.0,296.0,0.31690140845070425,0.26576576576576577,0.9107692307692308,223,326,285.0
1.3.6.1.4.1.14519.5.2.1.6279.6001.413896555982844732694353377538,9,1,90.0,59.0,293.0,0.31690140845070425,0.26576576576576577,0.9015384615384615,223,326,285.0
1.3.6.1.4.1.14519.5.2.1.6279.6001.416701701108520592702405866796,0,0,219.0,155.06060791015625,198.5757598876953,0.8358778625954199,0.7245822799540012,0.6754277547200521,215,295,263.0
1.3.6.1.4.1.14519.5.2.1.6279.6001.416701701108520592702405866796,1,0,219.0,155.0,196.0,0.8358778625954199,0.7242990654205608,0.6666666666666666,215,295,263.0
1.3.6.1.4.1.14519.5.2.1.6279.6001.416701701108520592702405866796,2,0,219.0,153.0,200.0,0.8358778625954199,0.7149532710280374,0.6802721088435374,215,295,263.0
1.3.6.1.4.1.14519.5.2.1.6279.6001.416701701108520592702405866796,3,0,219.0,157.0,201.0,0.8358778625954199,0.7336448598130841,0.6836734693877551,215,295,263.0
1.3.6.1.4.1.14519.5.2.1.6279.6001.416701701108520592702405866796,4,0,219.0,156.0,196.0,0.8358778625954199,0.7289719626168224,0.6666666666666666,215,295,263.0
1.3.6.1.4.1.14519.5.2.1.6279.6001.417815314896088956784723476543,0,0,226.0,143.81817626953125,63.181819915771484,0.8158844765342961,0.6947737984035326,0.22091545425094924,208,287,278.0
1.3.6.1.4.1.14519.5.2.1.6279.6001.417815314896088956784723476543,1,0,226.0,143.0,62.0,0.8158844765342961,0.6908212560386473,0.21678321678321677,208,287,278.0
1.3.6.1.4.1.14519.5.2.1.6279.6001.417815314896088956784723476543,2,0,226.0,143.0,64.0,0.8158844765342961,0.6908212560386473,0.22377622377622378,208,287,278.0
1.3.6.1.4.1.14519.5.2.1.6279.6001.417815314896088956784723476543,3,0,226.0,145.0,64.0,0.8158844765342961,0.7004830917874396,0.22377622377622378,208,287,278.0
1.3.6.1.4.1.14519.5.2.1.6279.6001.417815314896088956784723476543,4,0,226.0,144.0,62.0,0.8158844765342961,0.6956521739130435,0.21678321678321677,208,287,278.0
1.3.6.1.4.1.14519.5.2.1.6279.6001.419601611032172899567156073142,0,0,100.0,110.0,266.5,0.37735849056603776,0.541871921182266,0.9189655172413793,204,291,266.0
1.3.6.1.4.1.14519.5.2.1.6279.6001.419601611032172899567156073142,1,0,100.0,109.0,265.0,0.37735849056603776,0.5369458128078818,0.9137931034482759,204,291,266.0
1.3.6.1.4.1.14519.5.2.1.6279.6001.419601611032172899567156073142,2,0,100.0,109.0,268.0,0.37735849056603776,0.5369458128078818,0.9241379310344827,204,291,266.0
1.3.6.1.4.1.14519.5.2.1.6279.6001.419601611032172899567156073142,3,0,100.0,111.0,267.0,0.37735849056603776,0.5467980295566502,0.9206896551724137,204,291,266.0
1.3.6.1.4.1.14519.5.2.1.6279.6001.419601611032172899567156073142,4,0,100.0,110.0,265.0,0.37735849056603776,0.541871921182266,0.9137931034482759,204,291,266.0
1.3.6.1.4.1.14519.5.2.1.6279.6001.430109407146633213496148200410,0,0,241.0,157.37391662597656,108.63478088378906,0.7901639344262295,0.7319717052371003,0.3609128933016248,216,302,306.0
1.3.6.1.4.1.14519.5.2.1.6279.6001.430109407146633213496148200410,1,0,241.0,157.0,103.0,0.7901639344262295,0.7302325581395349,0.34219269102990035,216,302,306.0
1.3.6.1.4.1.14519.5.2.1.6279.6001.430109407146633213496148200410,2,0,241.0,152.0,111.0,0.7901639344262295,0.7069767441860465,0.3687707641196013,216,302,306.0
1.3.6.1.4.1.14519.5.2.1.6279.6001.430109407146633213496148200410,3,0,241.0,162.0,112.0,0.7901639344262295,0.7534883720930232,0.37209302325581395,216,302,306.0
1.3.6.1.4.1.14519.5.2.1.6279.6001.430109407146633213496148200410,4,0,241.0,158.0,103.0,0.7901639344262295,0.7348837209302326,0.34219269102990035,216,302,306.0
1.3.6.1.4.1.14519.5.2.1.6279.6001.430109407146633213496148200410,5,1,174.0,166.36363220214844,251.09091186523438,0.5704918032786885,0.7737843358239462,0.8341890759642338,216,302,306.0
1.3.6.1.4.1.14519.5.2.1.6279.6001.430109407146633213496148200410,6,1,174.0,166.0,248.0,0.5704918032786885,0.772093023255814,0.8239202657807309,216,302,306.0
1.3.6.1.4.1.14519.5.2.1.6279.6001.430109407146633213496148200410,7,1,174.0,164.0,253.0,0.5704918032786885,0.7627906976744186,0.840531561461794,216,302,306.0
1.3.6.1.4.1.14519.5.2.1.6279.6001.430109407146633213496148200410,8,1,174.0,169.0,253.0,0.5704918032786885,0.786046511627907,0.840531561461794,216,302,306.0
1.3.6.1.4.1.14519.5.2.1.6279.6001.430109407146633213496148200410,9,1,174.0,167.0,248.0,0.5704918032786885,0.7767441860465116,0.8239202657807309,216,302,306.0
1.3.6.1.4.1.14519.5.2.1.6279.6001.430109407146633213496148200410,10,2,280.0,142.5,187.0,0.9180327868852459,0.6627906976744186,0.6212624584717608,216,302,306.0
1.3.6.1.4.1.14519.5.2.1.6279.6001.430109407146633213496148200410,11,2,280.0,142.0,185.0,0.9180327868852459,0.6604651162790698,0.6146179401993356,216,302,306.0
1.3.6.1.4.1.14519.5.2.1.6279.6001.430109407146633213496148200410,12,2,280.0,141.0,188.0,0.9180327868852459,0.6558139534883721,0.6245847176079734,216,302,306.0
1.3.6.1.4.1.14519.5.2.1.6279.6001.430109407146633213496148200410,13,2,280.0,144.0,188.0,0.9180327868852459,0.6697674418604651,0.6245847176079734,216,302,306.0
1.3.6.1.4.1.14519.5.2.1.6279.6001.430109407146633213496148200410,14,2,280.0,143.0,185.0,0.9180327868852459,0.6651162790697674,0.6146179401993356,216,302,306.0
1.3.6.1.4.1.14519.5.2.1.6279.6001.438308540025607517017949816111,0,0,153.0,64.89247131347656,75.89247131347656,0.534965034965035,0.2923084293399845,0.2653582913058621,223,287,287.0
1.3.6.1.4.1.14519.5.2.1.6279.6001.438308540025607517017949816111,1,0,153.0,64.0,71.0,0.534965034965035,0.2882882882882883,0.24825174825174826,223,287,287.0
1.3.6.1.4.1.14519.5.2.1.6279.6001.438308540025607517017949816111,2,0,153.0,61.0,79.0,0.534965034965035,0.2747747747747748,0.2762237762237762,223,287,287.0
1.3.6.1.4.1.14519.5.2.1.6279.6001.438308540025607517017949816111,3,0,153.0,69.0,78.0,0.534965034965035,0.3108108108108108,0.2727272727272727,223,287,287.0
1.3.6.1.4.1.14519.5.2.1.6279.6001.438308540025607517017949816111,4,0,153.0,65.0,71.0,0.534965034965035,0.2927927927927928,0.24825174825174826,223,287,287.0
1.3.6.1.4.1.14519.5.2.1.6279.6001.438308540025607517017949816111,5,1,128.0,135.5294189453125,36.431373596191406,0.44755244755244755,0.6104928781320383,0.1273824251615084,223,287,287.0
1.3.6.1.4.1.14519.5.2.1.6279.6001.438308540025607517017949816111,6,1,128.0,135.0,33.0,0.44755244755244755,0.6081081081081081,0.11538461538461539,223,287,287.0
1.3.6.1.4.1.14519.5.2.1.6279.6001.438308540025607517017949816111,7,1,128.0,132.0,38.0,0.44755244755244755,0.5945945945945946,0.13286713286713286,223,287,287.0
1.3.6.1.4.1.14519.5.2.1.6279.6001.438308540025607517017949816111,8,1,128.0,138.0,39.0,0.44755244755244755,0.6216216216216216,0.13636363636363635,223,287,287.0
1.3.6.1.4.1.14519.5.2.1.6279.6001.438308540025607517017949816111,9,1,128.0,136.0,33.0,0.44755244755244755,0.6126126126126126,0.11538461538461539,223,287,287.0
1.3.6.1.4.1.14519.5.2.1.6279.6001.439153572396640163898529626096,0,0,140.0,106.20454406738281,27.886363983154297,0.4878048780487805,0.5283808162556359,0.10523156220058225,202,266,288.0
1.3.6.1.4.1.14519.5.2.1.6279.6001.439153572396640163898529626096,1,0,140.0,106.0,25.0,0.4878048780487805,0.527363184079602,0.09433962264150944,202,266,288.0
1.3.6.1.4.1.14519.5.2.1.6279.6001.439153572396640163898529626096,2,0,140.0,103.0,29.0,0.4878048780487805,0.5124378109452736,0.10943396226415095,202,266,288.0
1.3.6.1.4.1.14519.5.2.1.6279.6001.439153572396640163898529626096,3,0,140.0,109.0,30.0,0.4878048780487805,0.5422885572139303,0.11320754716981132,202,266,288.0
1.3.6.1.4.1.14519.5.2.1.6279.6001.439153572396640163898529626096,4,0,140.0,107.0,25.0,0.4878048780487805,0.5323383084577115,0.09433962264150944,202,266,288.0
1.3.6.1.4.1.14519.5.2.1.6279.6001.440226700369921575481834344455,0,0,260.0,114.34745788574219,62.415252685546875,0.8360128617363344,0.5245296233290926,0.18913712935014204,219,331,312.0
1.3.6.1.4.1.14519.5.2.1.6279.6001.440226700369921575481834344455,1,0,260.0,114.0,57.0,0.8360128617363344,0.5229357798165137,0.17272727272727273,219,331,312.0
1.3.6.1.4.1.14519.5.2.1.6279.6001.440226700369921575481834344455,2,0,260.0,109.0,64.0,0.8360128617363344,0.5,0.19393939393939394,219,331,312.0
1.3.6.1.4.1.14519.5.2.1.6279.6001.440226700369921575481834344455,3,0,260.0,119.0,66.0,0.8360128617363344,0.5458715596330275,0.2,219,331,312.0
1.3.6.1.4.1.14519.5.2.1.6279.6001.440226700369921575481834344455,4,0,260.0,115.0,57.0,0.8360128617363344,0.5275229357798165,0.17272727272727273,219,331,312.0
1.3.6.1.4.1.14519.5.2.1.6279.6001.443400977949406454649939526179,0,0,125.0,184.5,204.0,0.4045307443365696,0.8661971830985915,0.7034482758620689,214,291,310.0
1.3.6.1.4.1.14519.5.2.1.6279.6001.443400977949406454649939526179,1,0,125.0,184.0,202.0,0.4045307443365696,0.863849765258216,0.696551724137931,214,291,310.0
1.3.6.1.4.1.14519.5.2.1.6279.6001.443400977949406454649939526179,2,0,125.0,183.0,205.0,0.4045307443365696,0.8591549295774648,0.7068965517241379,214,291,310.0
1.3.6.1.4.1.14519.5.2.1.6279.6001.443400977949406454649939526179,3,0,125.0,186.0,205.0,0.4045307443365696,0.8732394366197183,0.7068965517241379,214,291,310.0
1.3.6.1.4.1.14519.5.2.1.6279.6001.443400977949406454649939526179,4,0,125.0,185.0,202.0,0.4045307443365696,0.8685446009389671,0.696551724137931,214,291,310.0
1.3.6.1.4.1.14519.5.2.1.6279.6001.443400977949406454649939526179,5,1,165.0,85.64705657958984,69.0,0.5339805825242718,0.402098857181173,0.23793103448275862,214,291,310.0
1.3.6.1.4.1.14519.5.2.1.6279.6001.443400977949406454649939526179,6,1,165.0,85.0,67.0,0.5339805825242718,0.39906103286384975,0.23103448275862068,214,291,310.0
1.3.6.1.4.1.14519.5.2.1.6279.6001.443400977949406454649939526179,7,1,165.0,84.0,70.0,0.5339805825242718,0.39436619718309857,0.2413793103448276,214,291,310.0
1.3.6.1.4.1.14519.5.2.1.6279.6001.443400977949406454649939526179,8,1,165.0,87.0,70.0,0.5339805825242718,0.4084507042253521,0.2413793103448276,214,291,310.0
1.3.6.1.4.1.14519.5.2.1.6279.6001.443400977949406454649939526179,9,1,165.0,86.0,67.0,0.5339805825242718,0.40375586854460094,0.23103448275862068,214,291,310.0
1.3.6.1.4.1.14519.5.2.1.6279.6001.450501966058662668272378865145,0,0,240.0,133.71717834472656,205.0,0.8421052631578947,0.6428710497342623,0.6902356902356902,209,298,286.0
1.3.6.1.4.1.14519.5.2.1.6279.6001.450501966058662668272378865145,1,0,240.0,133.0,200.0,0.8421052631578947,0.6394230769230769,0.6734006734006734,209,298,286.0
1.3.6.1.4.1.14519.5.2.1.6279.6001.450501966058662668272378865145,2,0,240.0,129.0,207.0,0.8421052631578947,0.6201923076923077,0.696969696969697,209,298,286.0
1.3.6.1.4.1.14519.5.2.1.6279.6001.450501966058662668272378865145,3,0,240.0,138.0,208.0,0.8421052631578947,0.6634615384615384,0.7003367003367004,209,298,286.0
1.3.6.1.4.1.14519.5.2.1.6279.6001.450501966058662668272378865145,4,0,240.0,134.0,200.0,0.8421052631578947,0.6442307692307693,0.6734006734006734,209,298,286.0
1.3.6.1.4.1.14519.5.2.1.6279.6001.450501966058662668272378865145,5,1,138.0,78.4000015258789,249.39999389648438,0.4842105263157895,0.3769230842590332,0.8397306191800821,209,298,286.0
1.3.6.1.4.1.14519.5.2.1.6279.6001.450501966058662668272378865145,6,1,138.0,78.0,248.0,0.4842105263157895,0.375,0.835016835016835,209,298,286.0
1.3.6.1.4.1.14519.5.2.1.6279.6001.450501966058662668272378865145,7,1,138.0,77.0,250.0,0.4842105263157895,0.3701923076923077,0.8417508417508418,209,298,286.0
1.3.6.1.4.1.14519.5.2.1.6279.6001.450501966058662668272378865145,8,1,138.0,79.0,251.0,0.4842105263157895,0.3798076923076923,0.8451178451178452,209,298,286.0
1.3.6.1.4.1.14519.5.2.1.6279.6001.450501966058662668272378865145,9,1,138.0,79.0,248.0,0.4842105263157895,0.3798076923076923,0.835016835016835,209,298,286.0
1.3.6.1.4.1.14519.5.2.1.6279.6001.454273545863197752384437758130,0,0,209.0,73.72413635253906,243.41378784179688,0.7157534246575342,0.3110723052849749,0.7678668386176558,238,318,293.0
1.3.6.1.4.1.14519.5.2.1.6279.6001.454273545863197752384437758130,1,0,209.0,73.0,241.0,0.7157534246575342,0.3080168776371308,0.7602523659305994,238,318,293.0
1.3.6.1.4.1.14519.5.2.1.6279.6001.454273545863197752384437758130,2,0,209.0,71.0,244.0,0.7157534246575342,0.29957805907172996,0.7697160883280757,238,318,293.0
1.3.6.1.4.1.14519.5.2.1.6279.6001.454273545863197752384437758130,3,0,209.0,76.0,245.0,0.7157534246575342,0.3206751054852321,0.7728706624605678,238,318,293.0
1.3.6.1.4.1.14519.5.2.1.6279.6001.454273545863197752384437758130,4,0,209.0,74.0,241.0,0.7157534246575342,0.31223628691983124,0.7602523659305994,238,318,293.0
1.3.6.1.4.1.14519.5.2.1.6279.6001.454273545863197752384437758130,5,1,188.0,180.90908813476562,176.90908813476562,0.6438356164383562,0.7633294858006988,0.5580728332326992,238,318,293.0
1.3.6.1.4.1.14519.5.2.1.6279.6001.454273545863197752384437758130,6,1,188.0,180.0,175.0,0.6438356164383562,0.759493670886076,0.5520504731861199,238,318,293.0
1.3.6.1.4.1.14519.5.2.1.6279.6001.454273545863197752384437758130,7,1,188.0,179.0,178.0,0.6438356164383562,0.7552742616033755,0.5615141955835962,238,318,293.0
1.3.6.1.4.1.14519.5.2.1.6279.6001.454273545863197752384437758130,8,1,188.0,183.0,178.0,0.6438356164383562,0.7721518987341772,0.5615141955835962,238,318,293.0
1.3.6.1.4.1.14519.5.2.1.6279.6001.454273545863197752384437758130,9,1,188.0,181.0,175.0,0.6438356164383562,0.7637130801687764,0.5520504731861199,238,318,293.0
1.3.6.1.4.1.14519.5.2.1.6279.6001.458525794434429386945463560826,0,0,273.0,167.5,126.5,0.883495145631068,0.6442307692307693,0.36988304093567254,261,343,310.0
1.3.6.1.4.1.14519.5.2.1.6279.6001.458525794434429386945463560826,1,0,273.0,167.0,124.0,0.883495145631068,0.6423076923076924,0.36257309941520466,261,343,310.0
1.3.6.1.4.1.14519.5.2.1.6279.6001.458525794434429386945463560826,2,0,273.0,165.0,128.0,0.883495145631068,0.6346153846153846,0.3742690058479532,261,343,310.0
1.3.6.1.4.1.14519.5.2.1.6279.6001.458525794434429386945463560826,3,0,273.0,170.0,128.0,0.883495145631068,0.6538461538461539,0.3742690058479532,261,343,310.0
1.3.6.1.4.1.14519.5.2.1.6279.6001.458525794434429386945463560826,4,0,273.0,168.0,124.0,0.883495145631068,0.6461538461538462,0.36257309941520466,261,343,310.0
1.3.6.1.4.1.14519.5.2.1.6279.6001.461155505515403114280165935891,0,0,141.0,154.5,74.5,0.47,0.5919540229885057,0.22238805970149253,262,336,301.0
1.3.6.1.4.1.14519.5.2.1.6279.6001.461155505515403114280165935891,1,0,141.0,154.0,71.0,0.47,0.5900383141762452,0.21194029850746268,262,336,301.0
1.3.6.1.4.1.14519.5.2.1.6279.6001.461155505515403114280165935891,2,0,141.0,151.0,76.0,0.47,0.578544061302682,0.22686567164179106,262,336,301.0
1.3.6.1.4.1.14519.5.2.1.6279.6001.461155505515403114280165935891,3,0,141.0,157.0,77.0,0.47,0.6015325670498084,0.2298507462686567,262,336,301.0
1.3.6.1.4.1.14519.5.2.1.6279.6001.461155505515403114280165935891,4,0,141.0,155.0,71.0,0.47,0.5938697318007663,0.21194029850746268,262,336,301.0
1.3.6.1.4.1.14519.5.2.1.6279.6001.463214953282361219537913355115,0,0,99.0,135.96939086914062,231.7653045654297,0.3574007220216607,0.6265870546965006,0.8277332305908203,218,281,278.0
1.3.6.1.4.1.14519.5.2.1.6279.6001.463214953282361219537913355115,1,0,99.0,135.0,227.0,0.3574007220216607,0.6221198156682027,0.8107142857142857,218,281,278.0
1.3.6.1.4.1.14519.5.2.1.6279.6001.463214953282361219537913355115,2,0,99.0,131.0,234.0,0.3574007220216607,0.6036866359447005,0.8357142857142857,218,281,278.0
1.3.6.1.4.1.14519.5.2.1.6279.6001.463214953282361219537913355115,3,0,99.0,141.0,234.0,0.3574007220216607,0.6497695852534562,0.8357142857142857,218,281,278.0
1.3.6.1.4.1.14519.5.2.1.6279.6001.463214953282361219537913355115,4,0,99.0,136.0,227.0,0.3574007220216607,0.6267281105990783,0.8107142857142857,218,281,278.0
1.3.6.1.4.1.14519.5.2.1.6279.6001.466284753932369813717081722101,0,0,165.0,61.0,237.1999969482422,0.673469387755102,0.32275132275132273,0.850179200531334,190,280,246.0
1.3.6.1.4.1.14519.5.2.1.6279.6001.466284753932369813717081722101,1,0,165.0,60.0,236.0,0.673469387755102,0.31746031746031744,0.8458781362007168,190,280,246.0
1.3.6.1.4.1.14519.5.2.1.6279.6001.466284753932369813717081722101,2,0,165.0,60.0,238.0,0.673469387755102,0.31746031746031744,0.8530465949820788,190,280,246.0
1.3.6.1.4.1.14519.5.2.1.6279.6001.466284753932369813717081722101,3,0,165.0,62.0,238.0,0.673469387755102,0.328042328042328,0.8530465949820788,190,280,246.0
1.3.6.1.4.1.14519.5.2.1.6279.6001.466284753932369813717081722101,4,0,165.0,61.0,236.0,0.673469387755102,0.32275132275132273,0.8458781362007168,190,280,246.0
1.3.6.1.4.1.14519.5.2.1.6279.6001.478062284228419671253422844986,0,0,105.0,194.5,77.21428680419922,0.39622641509433965,0.9261904761904762,0.27675371614408323,211,280,266.0
1.3.6.1.4.1.14519.5.2.1.6279.6001.478062284228419671253422844986,1,0,105.0,194.0,75.0,0.39622641509433965,0.9238095238095239,0.26881720430107525,211,280,266.0
1.3.6.1.4.1.14519.5.2.1.6279.6001.478062284228419671253422844986,2,0,105.0,192.0,78.0,0.39622641509433965,0.9142857142857143,0.27956989247311825,211,280,266.0
1.3.6.1.4.1.14519.5.2.1.6279.6001.478062284228419671253422844986,3,0,105.0,196.0,79.0,0.39622641509433965,0.9333333333333333,0.2831541218637993,211,280,266.0
1.3.6.1.4.1.14519.5.2.1.6279.6001.478062284228419671253422844986,4,0,105.0,195.0,75.0,0.39622641509433965,0.9285714285714286,0.26881720430107525,211,280,266.0
1.3.6.1.4.1.14519.5.2.1.6279.6001.479402560265137632920333093071,0,0,50.0,127.75,26.0,0.1694915254237288,0.5172064777327935,0.07854984894259819,248,332,296.0
1.3.6.1.4.1.14519.5.2.1.6279.6001.479402560265137632920333093071,1,0,50.0,127.0,23.0,0.1694915254237288,0.5141700404858299,0.06948640483383686,248,332,296.0
1.3.6.1.4.1.14519.5.2.1.6279.6001.479402560265137632920333093071,2,0,50.0,125.0,28.0,0.1694915254237288,0.5060728744939271,0.08459214501510574,248,332,296.0
1.3.6.1.4.1.14519.5.2.1.6279.6001.479402560265137632920333093071,3,0,50.0,131.0,28.0,0.1694915254237288,0.5303643724696356,0.08459214501510574,248,332,296.0
1.3.6.1.4.1.14519.5.2.1.6279.6001.479402560265137632920333093071,4,0,50.0,128.0,23.0,0.1694915254237288,0.5182186234817814,0.06948640483383686,248,332,296.0
1.3.6.1.4.1.14519.5.2.1.6279.6001.479402560265137632920333093071,5,1,119.0,130.5,37.5,0.4033898305084746,0.52834008097166,0.11329305135951662,248,332,296.0
1.3.6.1.4.1.14519.5.2.1.6279.6001.479402560265137632920333093071,6,1,119.0,130.0,35.0,0.4033898305084746,0.5263157894736842,0.10574018126888217,248,332,296.0
1.3.6.1.4.1.14519.5.2.1.6279.6001.479402560265137632920333093071,7,1,119.0,128.0,39.0,0.4033898305084746,0.5182186234817814,0.11782477341389729,248,332,296.0
1.3.6.1.4.1.14519.5.2.1.6279.6001.479402560265137632920333093071,8,1,119.0,133.0,39.0,0.4033898305084746,0.5384615384615384,0.11782477341389729,248,332,296.0
1.3.6.1.4.1.14519.5.2.1.6279.6001.479402560265137632920333093071,9,1,119.0,131.0,35.0,0.4033898305084746,0.5303643724696356,0.10574018126888217,248,332,296.0
1.3.6.1.4.1.14519.5.2.1.6279.6001.481278873893653517789960724156,0,0,66.0,135.14161682128906,44.858375549316406,0.25190839694656486,0.6560272661227624,0.1752280294895172,207,257,263.0
1.3.6.1.4.1.14519.5.2.1.6279.6001.481278873893653517789960724156,1,0,66.0,135.0,32.0,0.25190839694656486,0.6553398058252428,0.125,207,257,263.0
1.3.6.1.4.1.14519.5.2.1.6279.6001.481278873893653517789960724156,2,0,66.0,123.0,50.0,0.25190839694656486,0.5970873786407767,0.1953125,207,257,263.0
1.3.6.1.4.1.14519.5.2.1.6279.6001.481278873893653517789960724156,3,0,66.0,146.0,52.0,0.25190839694656486,0.7087378640776699,0.203125,207,257,263.0
1.3.6.1.4.1.14519.5.2.1.6279.6001.481278873893653517789960724156,4,0,66.0,136.0,32.0,0.25190839694656486,0.6601941747572816,0.125,207,257,263.0
1.3.6.1.4.1.14519.5.2.1.6279.6001.481278873893653517789960724156,5,1,96.0,176.87554931640625,181.0,0.366412213740458,0.8586191714388652,0.70703125,207,257,263.0
1.3.6.1.4.1.14519.5.2.1.6279.6001.481278873893653517789960724156,6,1,96.0,176.0,173.0,0.366412213740458,0.8543689320388349,0.67578125,207,257,263.0
1.3.6.1.4.1.14519.5.2.1.6279.6001.481278873893653517789960724156,7,1,96.0,170.0,185.0,0.366412213740458,0.8252427184466019,0.72265625,207,257,263.0
1.3.6.1.4.1.14519.5.2.1.6279.6001.481278873893653517789960724156,8,1,96.0,184.0,185.0,0.366412213740458,0.8932038834951457,0.72265625,207,257,263.0
1.3.6.1.4.1.14519.5.2.1.6279.6001.481278873893653517789960724156,9,1,96.0,177.0,173.0,0.366412213740458,0.8592233009708737,0.67578125,207,257,263.0
1.3.6.1.4.1.14519.5.2.1.6279.6001.483655032093002252444764787700,0,0,61.0,131.89999389648438,281.29998779296875,0.21863799283154123,0.5968325515678026,0.9471380060369318,222,298,280.0
1.3.6.1.4.1.14519.5.2.1.6279.6001.483655032093002252444764787700,1,0,61.0,131.0,280.0,0.21863799283154123,0.5927601809954751,0.9427609427609428,222,298,280.0
1.3.6.1.4.1.14519.5.2.1.6279.6001.483655032093002252444764787700,2,0,61.0,130.0,283.0,0.21863799283154123,0.5882352941176471,0.9528619528619529,222,298,280.0
1.3.6.1.4.1.14519.5.2.1.6279.6001.483655032093002252444764787700,3,0,61.0,134.0,282.0,0.21863799283154123,0.6063348416289592,0.9494949494949495,222,298,280.0
1.3.6.1.4.1.14519.5.2.1.6279.6001.483655032093002252444764787700,4,0,61.0,132.0,279.0,0.21863799283154123,0.5972850678733032,0.9393939393939394,222,298,280.0
1.3.6.1.4.1.14519.5.2.1.6279.6001.486999111981013268988489262668,0,0,75.0,194.15383911132812,259.6346130371094,0.3191489361702128,0.812359159461624,0.862573465239566,240,302,236.0
1.3.6.1.4.1.14519.5.2.1.6279.6001.486999111981013268988489262668,1,0,75.0,194.0,256.0,0.3191489361702128,0.8117154811715481,0.8504983388704319,240,302,236.0
1.3.6.1.4.1.14519.5.2.1.6279.6001.486999111981013268988489262668,2,0,75.0,191.0,261.0,0.3191489361702128,0.799163179916318,0.867109634551495,240,302,236.0
1.3.6.1.4.1.14519.5.2.1.6279.6001.486999111981013268988489262668,3,0,75.0,197.0,262.0,0.3191489361702128,0.8242677824267782,0.8704318936877077,240,302,236.0
1.3.6.1.4.1.14519.5.2.1.6279.6001.486999111981013268988489262668,4,0,75.0,195.0,256.0,0.3191489361702128,0.8158995815899581,0.8504983388704319,240,302,236.0
1.3.6.1.4.1.14519.5.2.1.6279.6001.487268565754493433372433148666,0,0,146.0,96.97711181640625,276.38555908203125,0.5289855072463768,0.43293353489467074,0.8299866639100038,225,334,277.0
1.3.6.1.4.1.14519.5.2.1.6279.6001.487268565754493433372433148666,1,0,146.0,96.0,264.0,0.5289855072463768,0.42857142857142855,0.7927927927927928,225,334,277.0
1.3.6.1.4.1.14519.5.2.1.6279.6001.487268565754493433372433148666,2,0,146.0,86.0,283.0,0.5289855072463768,0.38392857142857145,0.8498498498498499,225,334,277.0
1.3.6.1.4.1.14519.5.2.1.6279.6001.487268565754493433372433148666,3,0,146.0,108.0,283.0,0.5289855072463768,0.48214285714285715,0.8498498498498499,225,334,277.0
1.3.6.1.4.1.14519.5.2.1.6279.6001.487268565754493433372433148666,4,0,146.0,97.0,263.0,0.5289855072463768,0.4330357142857143,0.7897897897897898,225,334,277.0
1.3.6.1.4.1.14519.5.2.1.6279.6001.487268565754493433372433148666,5,1,231.0,140.53012084960938,119.33333587646484,0.8369565217391305,0.6273666109357562,0.3583583659953899,225,334,277.0
1.3.6.1.4.1.14519.5.2.1.6279.6001.487268565754493433372433148666,6,1,231.0,140.0,111.0,0.8369565217391305,0.625,0.3333333333333333,225,334,277.0
1.3.6.1.4.1.14519.5.2.1.6279.6001.487268565754493433372433148666,7,1,231.0,133.0,123.0,0.8369565217391305,0.59375,0.36936936936936937,225,334,277.0
1.3.6.1.4.1.14519.5.2.1.6279.6001.487268565754493433372433148666,8,1,231.0,148.0,124.0,0.8369565217391305,0.6607142857142857,0.37237237237237236,225,334,277.0
1.3.6.1.4.1.14519.5.2.1.6279.6001.487268565754493433372433148666,9,1,231.0,141.0,111.0,0.8369565217391305,0.6294642857142857,0.3333333333333333,225,334,277.0
1.3.6.1.4.1.14519.5.2.1.6279.6001.487745546557477250336016826588,0,0,253.0,100.72029876708984,209.58663940429688,0.8489932885906041,0.44964419092450825,0.640937735181336,225,328,299.0
1.3.6.1.4.1.14519.5.2.1.6279.6001.487745546557477250336016826588,1,0,253.0,100.0,199.0,0.8489932885906041,0.44642857142857145,0.6085626911314985,225,328,299.0
1.3.6.1.4.1.14519.5.2.1.6279.6001.487745546557477250336016826588,2,0,253.0,91.0,215.0,0.8489932885906041,0.40625,0.6574923547400612,225,328,299.0
1.3.6.1.4.1.14519.5.2.1.6279.6001.487745546557477250336016826588,3,0,253.0,110.0,215.0,0.8489932885906041,0.49107142857142855,0.6574923547400612,225,328,299.0
1.3.6.1.4.1.14519.5.2.1.6279.6001.487745546557477250336016826588,4,0,253.0,101.0,199.0,0.8489932885906041,0.45089285714285715,0.6085626911314985,225,328,299.0
1.3.6.1.4.1.14519.5.2.1.6279.6001.503980049263254396021509831276,0,0,169.0,143.5,50.5,0.7681818181818182,0.6293859649122807,0.184981684981685,229,274,221.0
1.3.6.1.4.1.14519.5.2.1.6279.6001.503980049263254396021509831276,1,0,169.0,143.0,43.0,0.7681818181818182,0.6271929824561403,0.1575091575091575,229,274,221.0
1.3.6.1.4.1.14519.5.2.1.6279.6001.503980049263254396021509831276,2,0,169.0,137.0,54.0,0.7681818181818182,0.6008771929824561,0.1978021978021978,229,274,221.0
1.3.6.1.4.1.14519.5.2.1.6279.6001.503980049263254396021509831276,3,0,169.0,150.0,54.0,0.7681818181818182,0.6578947368421053,0.1978021978021978,229,274,221.0
1.3.6.1.4.1.14519.5.2.1.6279.6001.503980049263254396021509831276,4,0,169.0,144.0,43.0,0.7681818181818182,0.631578947368421,0.1575091575091575,229,274,221.0
1.3.6.1.4.1.14519.5.2.1.6279.6001.503980049263254396021509831276,5,1,153.0,78.19834899902344,48.0,0.6954545454545454,0.34297521490799754,0.17582417582417584,229,274,221.0
1.3.6.1.4.1.14519.5.2.1.6279.6001.503980049263254396021509831276,6,1,153.0,78.0,42.0,0.6954545454545454,0.34210526315789475,0.15384615384615385,229,274,221.0
1.3.6.1.4.1.14519.5.2.1.6279.6001.503980049263254396021509831276,7,1,153.0,73.0,50.0,0.6954545454545454,0.3201754385964912,0.18315018315018314,229,274,221.0
1.3.6.1.4.1.14519.5.2.1.6279.6001.503980049263254396021509831276,8,1,153.0,82.0,52.0,0.6954545454545454,0.35964912280701755,0.19047619047619047,229,274,221.0
1.3.6.1.4.1.14519.5.2.1.6279.6001.503980049263254396021509831276,9,1,153.0,79.0,42.0,0.6954545454545454,0.34649122807017546,0.15384615384615385,229,274,221.0
1.3.6.1.4.1.14519.5.2.1.6279.6001.503980049263254396021509831276,10,2,80.0,156.57142639160156,244.6734619140625,0.36363636363636365,0.6867167824193051,0.8962397872309982,229,274,221.0
1.3.6.1.4.1.14519.5.2.1.6279.6001.503980049263254396021509831276,11,2,80.0,156.0,241.0,0.36363636363636365,0.6842105263157895,0.8827838827838828,229,274,221.0
1.3.6.1.4.1.14519.5.2.1.6279.6001.503980049263254396021509831276,12,2,80.0,153.0,246.0,0.36363636363636365,0.6710526315789473,0.9010989010989011,229,274,221.0
1.3.6.1.4.1.14519.5.2.1.6279.6001.503980049263254396021509831276,13,2,80.0,159.0,247.0,0.36363636363636365,0.6973684210526315,0.9047619047619048,229,274,221.0
1.3.6.1.4.1.14519.5.2.1.6279.6001.503980049263254396021509831276,14,2,80.0,157.0,241.0,0.36363636363636365,0.6885964912280702,0.8827838827838828,229,274,221.0
1.3.6.1.4.1.14519.5.2.1.6279.6001.504845428620607044098514803031,0,0,59.0,134.0,252.17391967773438,0.20774647887323944,0.6767676767676768,0.9103751612914598,199,278,285.0
1.3.6.1.4.1.14519.5.2.1.6279.6001.504845428620607044098514803031,1,0,59.0,133.0,250.0,0.20774647887323944,0.6717171717171717,0.9025270758122743,199,278,285.0
1.3.6.1.4.1.14519.5.2.1.6279.6001.504845428620607044098514803031,2,0,59.0,132.0,254.0,0.20774647887323944,0.6666666666666666,0.9169675090252708,199,278,285.0
1.3.6.1.4.1.14519.5.2.1.6279.6001.504845428620607044098514803031,3,0,59.0,136.0,254.0,0.20774647887323944,0.6868686868686869,0.9169675090252708,199,278,285.0
1.3.6.1.4.1.14519.5.2.1.6279.6001.504845428620607044098514803031,4,0,59.0,134.0,250.0,0.20774647887323944,0.6767676767676768,0.9025270758122743,199,278,285.0
1.3.6.1.4.1.14519.5.2.1.6279.6001.504845428620607044098514803031,5,1,68.0,35.86666488647461,41.46666717529297,0.23943661971830985,0.18114477215391217,0.14969915947759194,199,278,285.0
1.3.6.1.4.1.14519.5.2.1.6279.6001.504845428620607044098514803031,6,1,68.0,35.0,40.0,0.23943661971830985,0.17676767676767677,0.1444043321299639,199,278,285.0
1.3.6.1.4.1.14519.5.2.1.6279.6001.504845428620607044098514803031,7,1,68.0,35.0,43.0,0.23943661971830985,0.17676767676767677,0.1552346570397112,199,278,285.0
1.3.6.1.4.1.14519.5.2.1.6279.6001.504845428620607044098514803031,8,1,68.0,37.0,42.0,0.23943661971830985,0.18686868686868688,0.15162454873646208,199,278,285.0
1.3.6.1.4.1.14519.5.2.1.6279.6001.504845428620607044098514803031,9,1,68.0,36.0,40.0,0.23943661971830985,0.18181818181818182,0.1444043321299639,199,278,285.0
1.3.6.1.4.1.14519.5.2.1.6279.6001.504845428620607044098514803031,10,2,134.0,64.0,29.0,0.47183098591549294,0.32323232323232326,0.10469314079422383,199,278,285.0
1.3.6.1.4.1.14519.5.2.1.6279.6001.504845428620607044098514803031,11,2,134.0,63.0,28.0,0.47183098591549294,0.3181818181818182,0.10108303249097472,199,278,285.0
1.3.6.1.4.1.14519.5.2.1.6279.6001.504845428620607044098514803031,12,2,134.0,63.0,30.0,0.47183098591549294,0.3181818181818182,0.10830324909747292,199,278,285.0
1.3.6.1.4.1.14519.5.2.1.6279.6001.504845428620607044098514803031,13,2,134.0,65.0,30.0,0.47183098591549294,0.3282828282828283,0.10830324909747292,199,278,285.0
1.3.6.1.4.1.14519.5.2.1.6279.6001.504845428620607044098514803031,14,2,134.0,64.0,28.0,0.47183098591549294,0.32323232323232326,0.10108303249097472,199,278,285.0
1.3.6.1.4.1.14519.5.2.1.6279.6001.511347030803753100045216493273,0,0,127.0,194.8096160888672,214.89378356933594,0.40836012861736337,0.8544281407406455,0.7092204078195905,229,304,312.0
1.3.6.1.4.1.14519.5.2.1.6279.6001.511347030803753100045216493273,1,0,127.0,194.0,203.0,0.40836012861736337,0.8508771929824561,0.66996699669967,229,304,312.0
1.3.6.1.4.1.14519.5.2.1.6279.6001.511347030803753100045216493273,2,0,127.0,184.0,220.0,0.40836012861736337,0.8070175438596491,0.7260726072607261,229,304,312.0
1.3.6.1.4.1.14519.5.2.1.6279.6001.511347030803753100045216493273,3,0,127.0,205.0,221.0,0.40836012861736337,0.8991228070175439,0.7293729372937293,229,304,312.0
1.3.6.1.4.1.14519.5.2.1.6279.6001.511347030803753100045216493273,4,0,127.0,195.0,203.0,0.40836012861736337,0.8552631578947368,0.66996699669967,229,304,312.0
1.3.6.1.4.1.14519.5.2.1.6279.6001.511347030803753100045216493273,5,1,142.0,81.8125,45.69791793823242,0.4565916398713826,0.3588267543859649,0.15081821101726872,229,304,312.0
1.3.6.1.4.1.14519.5.2.1.6279.6001.511347030803753100045216493273,6,1,142.0,81.0,41.0,0.4565916398713826,0.35526315789473684,0.1353135313531353,229,304,312.0
1.3.6.1.4.1.14519.5.2.1.6279.6001.511347030803753100045216493273,7,1,142.0,77.0,48.0,0.4565916398713826,0.33771929824561403,0.15841584158415842,229,304,312.0
1.3.6.1.4.1.14519.5.2.1.6279.6001.511347030803753100045216493273,8,1,142.0,86.0,49.0,0.4565916398713826,0.37719298245614036,0.1617161716171617,229,304,312.0
1.3.6.1.4.1.14519.5.2.1.6279.6001.511347030803753100045216493273,9,1,142.0,82.0,41.0,0.4565916398713826,0.35964912280701755,0.1353135313531353,229,304,312.0
1.3.6.1.4.1.14519.5.2.1.6279.6001.511347030803753100045216493273,10,2,121.0,145.94667053222656,68.65333557128906,0.3890675241157556,0.6401169760185376,0.22657866525177908,229,304,312.0
1.3.6.1.4.1.14519.5.2.1.6279.6001.511347030803753100045216493273,11,2,121.0,145.0,64.0,0.3890675241157556,0.6359649122807017,0.21122112211221122,229,304,312.0
1.3.6.1.4.1.14519.5.2.1.6279.6001.511347030803753100045216493273,12,2,121.0,142.0,71.0,0.3890675241157556,0.6228070175438597,0.23432343234323433,229,304,312.0
1.3.6.1.4.1.14519.5.2.1.6279.6001.511347030803753100045216493273,13,2,121.0,150.0,71.0,0.3890675241157556,0.6578947368421053,0.23432343234323433,229,304,312.0
1.3.6.1.4.1.14519.5.2.1.6279.6001.511347030803753100045216493273,14,2,121.0,146.0,64.0,0.3890675241157556,0.6403508771929824,0.21122112211221122,229,304,312.0
1.3.6.1.4.1.14519.5.2.1.6279.6001.513023675145166449943177283490,0,0,201.0,143.24490356445312,253.91836547851562,0.7913385826771654,0.6282671208967242,0.8492253026037312,229,300,255.0
1.3.6.1.4.1.14519.5.2.1.6279.6001.513023675145166449943177283490,1,0,201.0,143.0,250.0,0.7913385826771654,0.6271929824561403,0.8361204013377926,229,300,255.0
1.3.6.1.4.1.14519.5.2.1.6279.6001.513023675145166449943177283490,2,0,201.0,140.0,255.0,0.7913385826771654,0.6140350877192983,0.8528428093645485,229,300,255.0
1.3.6.1.4.1.14519.5.2.1.6279.6001.513023675145166449943177283490,3,0,201.0,145.0,257.0,0.7913385826771654,0.6359649122807017,0.8595317725752508,229,300,255.0
1.3.6.1.4.1.14519.5.2.1.6279.6001.513023675145166449943177283490,4,0,201.0,144.0,251.0,0.7913385826771654,0.631578947368421,0.8394648829431438,229,300,255.0
1.3.6.1.4.1.14519.5.2.1.6279.6001.518487185634324801733841260431,0,0,116.0,38.130435943603516,260.5,0.4603174603174603,0.17817960721310053,0.8140625,215,321,253.0
1.3.6.1.4.1.14519.5.2.1.6279.6001.518487185634324801733841260431,1,0,116.0,38.0,257.0,0.4603174603174603,0.17757009345794392,0.803125,215,321,253.0
1.3.6.1.4.1.14519.5.2.1.6279.6001.518487185634324801733841260431,2,0,116.0,35.0,262.0,0.4603174603174603,0.16355140186915887,0.81875,215,321,253.0
1.3.6.1.4.1.14519.5.2.1.6279.6001.518487185634324801733841260431,3,0,116.0,41.0,263.0,0.4603174603174603,0.19158878504672897,0.821875,215,321,253.0
1.3.6.1.4.1.14519.5.2.1.6279.6001.518487185634324801733841260431,4,0,116.0,39.0,257.0,0.4603174603174603,0.1822429906542056,0.803125,215,321,253.0
1.3.6.1.4.1.14519.5.2.1.6279.6001.525937963993475482158828421281,0,0,186.0,184.84762573242188,303.0,0.643598615916955,0.7136973966502775,0.8301369863013699,260,366,290.0
1.3.6.1.4.1.14519.5.2.1.6279.6001.525937963993475482158828421281,1,0,186.0,184.0,298.0,0.643598615916955,0.7104247104247104,0.8164383561643835,260,366,290.0
1.3.6.1.4.1.14519.5.2.1.6279.6001.525937963993475482158828421281,2,0,186.0,180.0,306.0,0.643598615916955,0.694980694980695,0.8383561643835616,260,366,290.0
1.3.6.1.4.1.14519.5.2.1.6279.6001.525937963993475482158828421281,3,0,186.0,189.0,306.0,0.643598615916955,0.7297297297297297,0.8383561643835616,260,366,290.0
1.3.6.1.4.1.14519.5.2.1.6279.6001.525937963993475482158828421281,4,0,186.0,185.0,298.0,0.643598615916955,0.7142857142857143,0.8164383561643835,260,366,290.0
1.3.6.1.4.1.14519.5.2.1.6279.6001.534006575256943390479252771547,0,0,243.0,103.74850463867188,257.59881591796875,0.759375,0.4377574035386999,0.7359966169084822,238,351,321.0
1.3.6.1.4.1.14519.5.2.1.6279.6001.534006575256943390479252771547,1,0,243.0,103.0,251.0,0.759375,0.4345991561181435,0.7171428571428572,238,351,321.0
1.3.6.1.4.1.14519.5.2.1.6279.6001.534006575256943390479252771547,2,0,243.0,98.0,261.0,0.759375,0.41350210970464135,0.7457142857142857,238,351,321.0
1.3.6.1.4.1.14519.5.2.1.6279.6001.534006575256943390479252771547,3,0,243.0,110.0,261.0,0.759375,0.4641350210970464,0.7457142857142857,238,351,321.0
1.3.6.1.4.1.14519.5.2.1.6279.6001.534006575256943390479252771547,4,0,243.0,104.0,251.0,0.759375,0.4388185654008439,0.7171428571428572,238,351,321.0
1.3.6.1.4.1.14519.5.2.1.6279.6001.534006575256943390479252771547,5,1,219.0,193.29006958007812,107.0687026977539,0.684375,0.8155699138399921,0.3059105791364397,238,351,321.0
1.3.6.1.4.1.14519.5.2.1.6279.6001.534006575256943390479252771547,6,1,219.0,193.0,101.0,0.684375,0.8143459915611815,0.2885714285714286,238,351,321.0
1.3.6.1.4.1.14519.5.2.1.6279.6001.534006575256943390479252771547,7,1,219.0,188.0,110.0,0.684375,0.7932489451476793,0.3142857142857143,238,351,321.0
1.3.6.1.4.1.14519.5.2.1.6279.6001.534006575256943390479252771547,8,1,219.0,199.0,110.0,0.684375,0.8396624472573839,0.3142857142857143,238,351,321.0
1.3.6.1.4.1.14519.5.2.1.6279.6001.534006575256943390479252771547,9,1,219.0,194.0,101.0,0.684375,0.8185654008438819,0.2885714285714286,238,351,321.0
1.3.6.1.4.1.14519.5.2.1.6279.6001.534006575256943390479252771547,10,2,105.0,121.41463470458984,325.9756164550781,0.328125,0.5122980367282272,0.9313589041573661,238,351,321.0
1.3.6.1.4.1.14519.5.2.1.6279.6001.534006575256943390479252771547,11,2,105.0,121.0,323.0,0.328125,0.510548523206751,0.9228571428571428,238,351,321.0
1.3.6.1.4.1.14519.5.2.1.6279.6001.534006575256943390479252771547,12,2,105.0,119.0,327.0,0.328125,0.5021097046413502,0.9342857142857143,238,351,321.0
1.3.6.1.4.1.14519.5.2.1.6279.6001.534006575256943390479252771547,13,2,105.0,124.0,328.0,0.328125,0.5232067510548524,0.9371428571428572,238,351,321.0
1.3.6.1.4.1.14519.5.2.1.6279.6001.534006575256943390479252771547,14,2,105.0,122.0,323.0,0.328125,0.5147679324894515,0.9228571428571428,238,351,321.0
1.3.6.1.4.1.14519.5.2.1.6279.6001.534083630500464995109143618896,0,0,155.0,162.7857208251953,58.5,0.6150793650793651,0.757142887559048,0.1956521739130435,216,300,253.0
1.3.6.1.4.1.14519.5.2.1.6279.6001.534083630500464995109143618896,1,0,155.0,162.0,56.0,0.6150793650793651,0.7534883720930232,0.18729096989966554,216,300,253.0
1.3.6.1.4.1.14519.5.2.1.6279.6001.534083630500464995109143618896,2,0,155.0,161.0,60.0,0.6150793650793651,0.7488372093023256,0.20066889632107024,216,300,253.0
1.3.6.1.4.1.14519.5.2.1.6279.6001.534083630500464995109143618896,3,0,155.0,165.0,60.0,0.6150793650793651,0.7674418604651163,0.20066889632107024,216,300,253.0
1.3.6.1.4.1.14519.5.2.1.6279.6001.534083630500464995109143618896,4,0,155.0,163.0,56.0,0.6150793650793651,0.7581395348837209,0.18729096989966554,216,300,253.0
1.3.6.1.4.1.14519.5.2.1.6279.6001.534083630500464995109143618896,5,1,153.0,103.0,103.0,0.6071428571428571,0.4790697674418605,0.34448160535117056,216,300,253.0
1.3.6.1.4.1.14519.5.2.1.6279.6001.534083630500464995109143618896,6,1,153.0,102.0,101.0,0.6071428571428571,0.4744186046511628,0.3377926421404682,216,300,253.0
1.3.6.1.4.1.14519.5.2.1.6279.6001.534083630500464995109143618896,7,1,153.0,101.0,104.0,0.6071428571428571,0.4697674418604651,0.34782608695652173,216,300,253.0
1.3.6.1.4.1.14519.5.2.1.6279.6001.534083630500464995109143618896,8,1,153.0,105.0,104.0,0.6071428571428571,0.4883720930232558,0.34782608695652173,216,300,253.0
1.3.6.1.4.1.14519.5.2.1.6279.6001.534083630500464995109143618896,9,1,153.0,103.0,101.0,0.6071428571428571,0.4790697674418605,0.3377926421404682,216,300,253.0
1.3.6.1.4.1.14519.5.2.1.6279.6001.534083630500464995109143618896,10,2,129.0,69.5,259.71429443359375,0.5119047619047619,0.32325581395348835,0.8686096803799122,216,300,253.0
1.3.6.1.4.1.14519.5.2.1.6279.6001.534083630500464995109143618896,11,2,129.0,69.0,258.0,0.5119047619047619,0.3209302325581395,0.862876254180602,216,300,253.0
1.3.6.1.4.1.14519.5.2.1.6279.6001.534083630500464995109143618896,12,2,129.0,68.0,261.0,0.5119047619047619,0.31627906976744186,0.8729096989966555,216,300,253.0
1.3.6.1.4.1.14519.5.2.1.6279.6001.534083630500464995109143618896,13,2,129.0,71.0,261.0,0.5119047619047619,0.3302325581395349,0.8729096989966555,216,300,253.0
1.3.6.1.4.1.14519.5.2.1.6279.6001.534083630500464995109143618896,14,2,129.0,70.0,258.0,0.5119047619047619,0.32558139534883723,0.862876254180602,216,300,253.0
1.3.6.1.4.1.14519.5.2.1.6279.6001.550599855064600241623943717588,0,0,158.0,194.5,123.22222137451172,0.5163398692810458,0.8530701754385965,0.3624182981603286,229,341,307.0
1.3.6.1.4.1.14519.5.2.1.6279.6001.550599855064600241623943717588,1,0,158.0,194.0,121.0,0.5163398692810458,0.8508771929824561,0.3558823529411765,229,341,307.0
1.3.6.1.4.1.14519.5.2.1.6279.6001.550599855064600241623943717588,2,0,158.0,193.0,124.0,0.5163398692810458,0.8464912280701754,0.36470588235294116,229,341,307.0
1.3.6.1.4.1.14519.5.2.1.6279.6001.550599855064600241623943717588,3,0,158.0,196.0,125.0,0.5163398692810458,0.8596491228070176,0.36764705882352944,229,341,307.0
1.3.6.1.4.1.14519.5.2.1.6279.6001.550599855064600241623943717588,4,0,158.0,195.0,121.0,0.5163398692810458,0.8552631578947368,0.3558823529411765,229,341,307.0
1.3.6.1.4.1.14519.5.2.1.6279.6001.557875302364105947813979213632,0,0,92.0,186.0,133.243896484375,0.2848297213622291,0.7560975609756098,0.398933821809506,247,335,324.0
1.3.6.1.4.1.14519.5.2.1.6279.6001.557875302364105947813979213632,1,0,92.0,185.0,130.0,0.2848297213622291,0.7520325203252033,0.38922155688622756,247,335,324.0
1.3.6.1.4.1.14519.5.2.1.6279.6001.557875302364105947813979213632,2,0,92.0,183.0,135.0,0.2848297213622291,0.7439024390243902,0.4041916167664671,247,335,324.0
1.3.6.1.4.1.14519.5.2.1.6279.6001.557875302364105947813979213632,3,0,92.0,189.0,135.0,0.2848297213622291,0.7682926829268293,0.4041916167664671,247,335,324.0
1.3.6.1.4.1.14519.5.2.1.6279.6001.557875302364105947813979213632,4,0,92.0,186.0,130.0,0.2848297213622291,0.7560975609756098,0.38922155688622756,247,335,324.0
1.3.6.1.4.1.14519.5.2.1.6279.6001.557875302364105947813979213632,5,1,180.0,166.41378784179688,266.7241516113281,0.5572755417956656,0.6764788123650279,0.7985753042255334,247,335,324.0
1.3.6.1.4.1.14519.5.2.1.6279.6001.557875302364105947813979213632,6,1,180.0,166.0,264.0,0.5572755417956656,0.6747967479674797,0.7904191616766467,247,335,324.0
1.3.6.1.4.1.14519.5.2.1.6279.6001.557875302364105947813979213632,7,1,180.0,164.0,267.0,0.5572755417956656,0.6666666666666666,0.7994011976047904,247,335,324.0
1.3.6.1.4.1.14519.5.2.1.6279.6001.557875302364105947813979213632,8,1,180.0,168.0,269.0,0.5572755417956656,0.6829268292682927,0.8053892215568862,247,335,324.0
1.3.6.1.4.1.14519.5.2.1.6279.6001.557875302364105947813979213632,9,1,180.0,167.0,264.0,0.5572755417956656,0.6788617886178862,0.7904191616766467,247,335,324.0
1.3.6.1.4.1.14519.5.2.1.6279.6001.557875302364105947813979213632,10,2,124.0,176.5,118.78571319580078,0.38390092879256965,0.717479674796748,0.3556458478916191,247,335,324.0
1.3.6.1.4.1.14519.5.2.1.6279.6001.557875302364105947813979213632,11,2,124.0,176.0,116.0,0.38390092879256965,0.7154471544715447,0.3473053892215569,247,335,324.0
1.3.6.1.4.1.14519.5.2.1.6279.6001.557875302364105947813979213632,12,2,124.0,174.0,120.0,0.38390092879256965,0.7073170731707317,0.3592814371257485,247,335,324.0
1.3.6.1.4.1.14519.5.2.1.6279.6001.557875302364105947813979213632,13,2,124.0,178.0,121.0,0.38390092879256965,0.7235772357723578,0.36227544910179643,247,335,324.0
1.3.6.1.4.1.14519.5.2.1.6279.6001.557875302364105947813979213632,14,2,124.0,177.0,116.0,0.38390092879256965,0.7195121951219512,0.3473053892215569,247,335,324.0
1.3.6.1.4.1.14519.5.2.1.6279.6001.558286136379689377915919180358,0,0,241.0,92.09954833984375,79.17646789550781,0.8456140350877193,0.46049774169921875,0.2778121680544134,201,286,286.0
1.3.6.1.4.1.14519.5.2.1.6279.6001.558286136379689377915919180358,1,0,241.0,92.0,71.0,0.8456140350877193,0.46,0.24912280701754386,201,286,286.0
1.3.6.1.4.1.14519.5.2.1.6279.6001.558286136379689377915919180358,2,0,241.0,85.0,82.0,0.8456140350877193,0.425,0.28771929824561404,201,286,286.0
1.3.6.1.4.1.14519.5.2.1.6279.6001.558286136379689377915919180358,3,0,241.0,98.0,84.0,0.8456140350877193,0.49,0.29473684210526313,201,286,286.0
1.3.6.1.4.1.14519.5.2.1.6279.6001.558286136379689377915919180358,4,0,241.0,93.0,71.0,0.8456140350877193,0.465,0.24912280701754386,201,286,286.0
1.3.6.1.4.1.14519.5.2.1.6279.6001.561458563853929400124470098603,0,0,116.0,71.0,203.0,0.3682539682539683,0.3604060913705584,0.8023715415019763,198,254,316.0
1.3.6.1.4.1.14519.5.2.1.6279.6001.561458563853929400124470098603,1,0,116.0,70.0,199.0,0.3682539682539683,0.3553299492385787,0.7865612648221344,198,254,316.0
1.3.6.1.4.1.14519.5.2.1.6279.6001.561458563853929400124470098603,2,0,116.0,68.0,205.0,0.3682539682539683,0.34517766497461927,0.8102766798418972,198,254,316.0
1.3.6.1.4.1.14519.5.2.1.6279.6001.561458563853929400124470098603,3,0,116.0,74.0,205.0,0.3682539682539683,0.3756345177664975,0.8102766798418972,198,254,316.0
1.3.6.1.4.1.14519.5.2.1.6279.6001.561458563853929400124470098603,4,0,116.0,71.0,199.0,0.3682539682539683,0.3604060913705584,0.7865612648221344,198,254,316.0
1.3.6.1.4.1.14519.5.2.1.6279.6001.561458563853929400124470098603,5,1,128.0,59.79999923706055,30.075000762939453,0.40634920634920635,0.3035532956195967,0.11887352080213223,198,254,316.0
1.3.6.1.4.1.14519.5.2.1.6279.6001.561458563853929400124470098603,6,1,128.0,59.0,27.0,0.40634920634920635,0.29949238578680204,0.1067193675889328,198,254,316.0
1.3.6.1.4.1.14519.5.2.1.6279.6001.561458563853929400124470098603,7,1,128.0,57.0,31.0,0.40634920634920635,0.2893401015228426,0.1225296442687747,198,254,316.0
1.3.6.1.4.1.14519.5.2.1.6279.6001.561458563853929400124470098603,8,1,128.0,62.0,32.0,0.40634920634920635,0.3147208121827411,0.12648221343873517,198,254,316.0
1.3.6.1.4.1.14519.5.2.1.6279.6001.561458563853929400124470098603,9,1,128.0,60.0,27.0,0.40634920634920635,0.30456852791878175,0.1067193675889328,198,254,316.0
1.3.6.1.4.1.14519.5.2.1.6279.6001.566816709786169715745131047975,0,0,150.0,126.16666412353516,50.5,0.5535055350553506,0.5895638510445568,0.16237942122186494,215,312,272.0
1.3.6.1.4.1.14519.5.2.1.6279.6001.566816709786169715745131047975,1,0,150.0,126.0,48.0,0.5535055350553506,0.5887850467289719,0.15434083601286175,215,312,272.0
1.3.6.1.4.1.14519.5.2.1.6279.6001.566816709786169715745131047975,2,0,150.0,123.0,51.0,0.5535055350553506,0.5747663551401869,0.1639871382636656,215,312,272.0
1.3.6.1.4.1.14519.5.2.1.6279.6001.566816709786169715745131047975,3,0,150.0,128.0,53.0,0.5535055350553506,0.5981308411214953,0.17041800643086816,215,312,272.0
1.3.6.1.4.1.14519.5.2.1.6279.6001.566816709786169715745131047975,4,0,150.0,127.0,48.0,0.5535055350553506,0.5934579439252337,0.15434083601286175,215,312,272.0
1.3.6.1.4.1.14519.5.2.1.6279.6001.569096986145782511000054443951,0,0,162.0,165.0,209.2916717529297,0.5454545454545454,0.7971014492753623,0.7583031585251075,208,277,298.0
1.3.6.1.4.1.14519.5.2.1.6279.6001.569096986145782511000054443951,1,0,162.0,164.0,207.0,0.5454545454545454,0.7922705314009661,0.75,208,277,298.0
1.3.6.1.4.1.14519.5.2.1.6279.6001.569096986145782511000054443951,2,0,162.0,163.0,211.0,0.5454545454545454,0.7874396135265701,0.7644927536231884,208,277,298.0
1.3.6.1.4.1.14519.5.2.1.6279.6001.569096986145782511000054443951,3,0,162.0,167.0,211.0,0.5454545454545454,0.8067632850241546,0.7644927536231884,208,277,298.0
1.3.6.1.4.1.14519.5.2.1.6279.6001.569096986145782511000054443951,4,0,162.0,165.0,207.0,0.5454545454545454,0.7971014492753623,0.75,208,277,298.0
1.3.6.1.4.1.14519.5.2.1.6279.6001.569096986145782511000054443951,5,1,242.0,169.0,92.70833587646484,0.8148148148148148,0.8164251207729468,0.3358997676683509,208,277,298.0
1.3.6.1.4.1.14519.5.2.1.6279.6001.569096986145782511000054443951,6,1,242.0,168.0,91.0,0.8148148148148148,0.8115942028985508,0.32971014492753625,208,277,298.0
1.3.6.1.4.1.14519.5.2.1.6279.6001.569096986145782511000054443951,7,1,242.0,167.0,94.0,0.8148148148148148,0.8067632850241546,0.34057971014492755,208,277,298.0
1.3.6.1.4.1.14519.5.2.1.6279.6001.569096986145782511000054443951,8,1,242.0,171.0,94.0,0.8148148148148148,0.8260869565217391,0.34057971014492755,208,277,298.0
1.3.6.1.4.1.14519.5.2.1.6279.6001.569096986145782511000054443951,9,1,242.0,169.0,90.0,0.8148148148148148,0.8164251207729468,0.32608695652173914,208,277,298.0
1.3.6.1.4.1.14519.5.2.1.6279.6001.584871944187559733312703328980,0,0,177.0,152.76470947265625,203.76470947265625,0.7051792828685259,0.8347798331839139,0.7603160801218517,184,269,252.0
1.3.6.1.4.1.14519.5.2.1.6279.6001.584871944187559733312703328980,1,0,177.0,152.0,202.0,0.7051792828685259,0.8306010928961749,0.753731343283582,184,269,252.0
1.3.6.1.4.1.14519.5.2.1.6279.6001.584871944187559733312703328980,2,0,177.0,151.0,205.0,0.7051792828685259,0.825136612021858,0.7649253731343284,184,269,252.0
1.3.6.1.4.1.14519.5.2.1.6279.6001.584871944187559733312703328980,3,0,177.0,154.0,205.0,0.7051792828685259,0.8415300546448088,0.7649253731343284,184,269,252.0
1.3.6.1.4.1.14519.5.2.1.6279.6001.584871944187559733312703328980,4,0,177.0,153.0,202.0,0.7051792828685259,0.8360655737704918,0.753731343283582,184,269,252.0
1.3.6.1.4.1.14519.5.2.1.6279.6001.592821488053137951302246128864,0,0,104.0,93.55696105957031,253.8480987548828,0.4126984126984127,0.48982702125429484,0.8875807648772126,192,287,253.0
1.3.6.1.4.1.14519.5.2.1.6279.6001.592821488053137951302246128864,1,0,104.0,93.0,249.0,0.4126984126984127,0.4869109947643979,0.8706293706293706,192,287,253.0
1.3.6.1.4.1.14519.5.2.1.6279.6001.592821488053137951302246128864,2,0,104.0,90.0,256.0,0.4126984126984127,0.4712041884816754,0.8951048951048951,192,287,253.0
1.3.6.1.4.1.14519.5.2.1.6279.6001.592821488053137951302246128864,3,0,104.0,97.0,257.0,0.4126984126984127,0.5078534031413613,0.8986013986013986,192,287,253.0
1.3.6.1.4.1.14519.5.2.1.6279.6001.592821488053137951302246128864,4,0,104.0,94.0,249.0,0.4126984126984127,0.49214659685863876,0.8706293706293706,192,287,253.0
1.3.6.1.4.1.14519.5.2.1.6279.6001.592821488053137951302246128864,5,1,202.0,95.0,211.5,0.8015873015873016,0.4973821989528796,0.7395104895104895,192,287,253.0
1.3.6.1.4.1.14519.5.2.1.6279.6001.592821488053137951302246128864,6,1,202.0,94.0,209.0,0.8015873015873016,0.49214659685863876,0.7307692307692307,192,287,253.0
1.3.6.1.4.1.14519.5.2.1.6279.6001.592821488053137951302246128864,7,1,202.0,93.0,213.0,0.8015873015873016,0.4869109947643979,0.7447552447552448,192,287,253.0
1.3.6.1.4.1.14519.5.2.1.6279.6001.592821488053137951302246128864,8,1,202.0,97.0,213.0,0.8015873015873016,0.5078534031413613,0.7447552447552448,192,287,253.0
1.3.6.1.4.1.14519.5.2.1.6279.6001.592821488053137951302246128864,9,1,202.0,95.0,209.0,0.8015873015873016,0.4973821989528796,0.7307692307692307,192,287,253.0
1.3.6.1.4.1.14519.5.2.1.6279.6001.603126300703296693942875967838,0,0,101.0,146.2716064453125,138.7283935546875,0.3543859649122807,0.5898048646988407,0.45336076325061275,249,307,286.0
1.3.6.1.4.1.14519.5.2.1.6279.6001.603126300703296693942875967838,1,0,101.0,146.0,134.0,0.3543859649122807,0.5887096774193549,0.43790849673202614,249,307,286.0
1.3.6.1.4.1.14519.5.2.1.6279.6001.603126300703296693942875967838,2,0,101.0,142.0,140.0,0.3543859649122807,0.5725806451612904,0.45751633986928103,249,307,286.0
1.3.6.1.4.1.14519.5.2.1.6279.6001.603126300703296693942875967838,3,0,101.0,150.0,142.0,0.3543859649122807,0.6048387096774194,0.46405228758169936,249,307,286.0
1.3.6.1.4.1.14519.5.2.1.6279.6001.603126300703296693942875967838,4,0,101.0,147.0,134.0,0.3543859649122807,0.592741935483871,0.43790849673202614,249,307,286.0
1.3.6.1.4.1.14519.5.2.1.6279.6001.603126300703296693942875967838,5,1,102.0,227.91836547851562,236.75509643554688,0.35789473684210527,0.9190256672520791,0.7737094654756433,249,307,286.0
1.3.6.1.4.1.14519.5.2.1.6279.6001.603126300703296693942875967838,6,1,102.0,227.0,233.0,0.35789473684210527,0.9153225806451613,0.761437908496732,249,307,286.0
1.3.6.1.4.1.14519.5.2.1.6279.6001.603126300703296693942875967838,7,1,102.0,225.0,239.0,0.35789473684210527,0.907258064516129,0.7810457516339869,249,307,286.0
1.3.6.1.4.1.14519.5.2.1.6279.6001.603126300703296693942875967838,8,1,102.0,231.0,239.0,0.35789473684210527,0.9314516129032258,0.7810457516339869,249,307,286.0
1.3.6.1.4.1.14519.5.2.1.6279.6001.603126300703296693942875967838,9,1,102.0,228.0,233.0,0.35789473684210527,0.9193548387096774,0.761437908496732,249,307,286.0
1.3.6.1.4.1.14519.5.2.1.6279.6001.603126300703296693942875967838,10,2,67.0,165.40541076660156,44.16216278076172,0.23508771929824562,0.6669573014782321,0.1443207934011821,249,307,286.0
1.3.6.1.4.1.14519.5.2.1.6279.6001.603126300703296693942875967838,11,2,67.0,165.0,41.0,0.23508771929824562,0.6653225806451613,0.13398692810457516,249,307,286.0
1.3.6.1.4.1.14519.5.2.1.6279.6001.603126300703296693942875967838,12,2,67.0,163.0,45.0,0.23508771929824562,0.657258064516129,0.14705882352941177,249,307,286.0
1.3.6.1.4.1.14519.5.2.1.6279.6001.603126300703296693942875967838,13,2,67.0,168.0,46.0,0.23508771929824562,0.6774193548387096,0.1503267973856209,249,307,286.0
1.3.6.1.4.1.14519.5.2.1.6279.6001.603126300703296693942875967838,14,2,67.0,166.0,41.0,0.23508771929824562,0.6693548387096774,0.13398692810457516,249,307,286.0
1.3.6.1.4.1.14519.5.2.1.6279.6001.603126300703296693942875967838,15,3,118.0,182.0,274.0,0.41403508771929826,0.7338709677419355,0.8954248366013072,249,307,286.0
1.3.6.1.4.1.14519.5.2.1.6279.6001.603126300703296693942875967838,16,3,118.0,181.0,272.0,0.41403508771929826,0.7298387096774194,0.8888888888888888,249,307,286.0
1.3.6.1.4.1.14519.5.2.1.6279.6001.603126300703296693942875967838,17,3,118.0,180.0,275.0,0.41403508771929826,0.7258064516129032,0.8986928104575164,249,307,286.0
1.3.6.1.4.1.14519.5.2.1.6279.6001.603126300703296693942875967838,18,3,118.0,184.0,275.0,0.41403508771929826,0.7419354838709677,0.8986928104575164,249,307,286.0
1.3.6.1.4.1.14519.5.2.1.6279.6001.603126300703296693942875967838,19,3,118.0,182.0,272.0,0.41403508771929826,0.7338709677419355,0.8888888888888888,249,307,286.0
1.3.6.1.4.1.14519.5.2.1.6279.6001.603166427542096384265514998412,0,0,131.0,189.36842346191406,237.2105255126953,0.4746376811594203,0.7697903392760734,0.7506662199768839,247,317,277.0
1.3.6.1.4.1.14519.5.2.1.6279.6001.603166427542096384265514998412,1,0,131.0,189.0,235.0,0.4746376811594203,0.7682926829268293,0.7436708860759493,247,317,277.0
1.3.6.1.4.1.14519.5.2.1.6279.6001.603166427542096384265514998412,2,0,131.0,188.0,238.0,0.4746376811594203,0.7642276422764228,0.7531645569620253,247,317,277.0
1.3.6.1.4.1.14519.5.2.1.6279.6001.603166427542096384265514998412,3,0,131.0,191.0,239.0,0.4746376811594203,0.7764227642276422,0.7563291139240507,247,317,277.0
1.3.6.1.4.1.14519.5.2.1.6279.6001.603166427542096384265514998412,4,0,131.0,190.0,235.0,0.4746376811594203,0.7723577235772358,0.7436708860759493,247,317,277.0
1.3.6.1.4.1.14519.5.2.1.6279.6001.613212850444255764524630781782,0,0,85.0,115.04872131347656,97.24359130859375,0.302491103202847,0.6119612835823222,0.349797091038107,189,279,282.0
1.3.6.1.4.1.14519.5.2.1.6279.6001.613212850444255764524630781782,1,0,85.0,115.0,87.0,0.302491103202847,0.6117021276595744,0.3129496402877698,189,279,282.0
1.3.6.1.4.1.14519.5.2.1.6279.6001.613212850444255764524630781782,2,0,85.0,105.0,102.0,0.302491103202847,0.5585106382978723,0.3669064748201439,189,279,282.0
1.3.6.1.4.1.14519.5.2.1.6279.6001.613212850444255764524630781782,3,0,85.0,124.0,103.0,0.302491103202847,0.6595744680851063,0.37050359712230213,189,279,282.0
1.3.6.1.4.1.14519.5.2.1.6279.6001.613212850444255764524630781782,4,0,85.0,116.0,87.0,0.302491103202847,0.6170212765957447,0.3129496402877698,189,279,282.0
1.3.6.1.4.1.14519.5.2.1.6279.6001.614147706162329660656328811671,0,0,89.0,187.0959930419922,100.48799896240234,0.36475409836065575,0.8867108674975933,0.3316435609320209,212,304,245.0
1.3.6.1.4.1.14519.5.2.1.6279.6001.614147706162329660656328811671,1,0,89.0,187.0,95.0,0.36475409836065575,0.8862559241706162,0.31353135313531355,212,304,245.0
1.3.6.1.4.1.14519.5.2.1.6279.6001.614147706162329660656328811671,2,0,89.0,182.0,103.0,0.36475409836065575,0.8625592417061612,0.33993399339933994,212,304,245.0
1.3.6.1.4.1.14519.5.2.1.6279.6001.614147706162329660656328811671,3,0,89.0,192.0,104.0,0.36475409836065575,0.909952606635071,0.3432343234323432,212,304,245.0
1.3.6.1.4.1.14519.5.2.1.6279.6001.614147706162329660656328811671,4,0,89.0,188.0,95.0,0.36475409836065575,0.8909952606635071,0.31353135313531355,212,304,245.0
1.3.6.1.4.1.14519.5.2.1.6279.6001.616033753016904899083676284739,0,0,95.0,214.2965087890625,83.93895721435547,0.42035398230088494,0.9080360541909428,0.32037769929143306,237,263,227.0
1.3.6.1.4.1.14519.5.2.1.6279.6001.616033753016904899083676284739,1,0,95.0,214.0,74.0,0.42035398230088494,0.9067796610169492,0.2824427480916031,237,263,227.0
1.3.6.1.4.1.14519.5.2.1.6279.6001.616033753016904899083676284739,2,0,95.0,206.0,89.0,0.42035398230088494,0.8728813559322034,0.33969465648854963,237,263,227.0
1.3.6.1.4.1.14519.5.2.1.6279.6001.616033753016904899083676284739,3,0,95.0,223.0,89.0,0.42035398230088494,0.9449152542372882,0.33969465648854963,237,263,227.0
1.3.6.1.4.1.14519.5.2.1.6279.6001.616033753016904899083676284739,4,0,95.0,215.0,74.0,0.42035398230088494,0.9110169491525424,0.2824427480916031,237,263,227.0
1.3.6.1.4.1.14519.5.2.1.6279.6001.616033753016904899083676284739,5,1,115.0,157.92453002929688,202.64151000976562,0.5088495575221239,0.6691717374122749,0.7734408778998688,237,263,227.0
1.3.6.1.4.1.14519.5.2.1.6279.6001.616033753016904899083676284739,6,1,115.0,157.0,199.0,0.5088495575221239,0.6652542372881356,0.7595419847328244,237,263,227.0
1.3.6.1.4.1.14519.5.2.1.6279.6001.616033753016904899083676284739,7,1,115.0,155.0,205.0,0.5088495575221239,0.6567796610169492,0.7824427480916031,237,263,227.0
1.3.6.1.4.1.14519.5.2.1.6279.6001.616033753016904899083676284739,8,1,115.0,161.0,204.0,0.5088495575221239,0.6822033898305084,0.7786259541984732,237,263,227.0
1.3.6.1.4.1.14519.5.2.1.6279.6001.616033753016904899083676284739,9,1,115.0,158.0,199.0,0.5088495575221239,0.6694915254237288,0.7595419847328244,237,263,227.0
1.3.6.1.4.1.14519.5.2.1.6279.6001.616033753016904899083676284739,10,2,121.0,182.6666717529297,111.22222137451172,0.5353982300884956,0.7740113209869902,0.4245122953225638,237,263,227.0
1.3.6.1.4.1.14519.5.2.1.6279.6001.616033753016904899083676284739,11,2,121.0,182.0,108.0,0.5353982300884956,0.7711864406779662,0.4122137404580153,237,263,227.0
1.3.6.1.4.1.14519.5.2.1.6279.6001.616033753016904899083676284739,12,2,121.0,180.0,113.0,0.5353982300884956,0.7627118644067796,0.4312977099236641,237,263,227.0
1.3.6.1.4.1.14519.5.2.1.6279.6001.616033753016904899083676284739,13,2,121.0,185.0,113.0,0.5353982300884956,0.7838983050847458,0.4312977099236641,237,263,227.0
1.3.6.1.4.1.14519.5.2.1.6279.6001.616033753016904899083676284739,14,2,121.0,183.0,108.0,0.5353982300884956,0.7754237288135594,0.4122137404580153,237,263,227.0
1.3.6.1.4.1.14519.5.2.1.6279.6001.616033753016904899083676284739,15,3,97.0,51.27586364746094,63.58620834350586,0.42920353982300885,0.21727060867568193,0.24269545169277046,237,263,227.0
1.3.6.1.4.1.14519.5.2.1.6279.6001.616033753016904899083676284739,16,3,97.0,51.0,61.0,0.42920353982300885,0.21610169491525424,0.23282442748091603,237,263,227.0
1.3.6.1.4.1.14519.5.2.1.6279.6001.616033753016904899083676284739,17,3,97.0,49.0,64.0,0.42920353982300885,0.2076271186440678,0.24427480916030533,237,263,227.0
1.3.6.1.4.1.14519.5.2.1.6279.6001.616033753016904899083676284739,18,3,97.0,53.0,66.0,0.42920353982300885,0.2245762711864407,0.25190839694656486,237,263,227.0
1.3.6.1.4.1.14519.5.2.1.6279.6001.616033753016904899083676284739,19,3,97.0,52.0,61.0,0.42920353982300885,0.22033898305084745,0.23282442748091603,237,263,227.0
1.3.6.1.4.1.14519.5.2.1.6279.6001.618434772073433276874225174904,0,0,236.0,116.0,152.0,0.9042145593869731,0.5979381443298969,0.5507246376811594,195,277,262.0
1.3.6.1.4.1.14519.5.2.1.6279.6001.618434772073433276874225174904,1,0,236.0,115.0,150.0,0.9042145593869731,0.5927835051546392,0.5434782608695652,195,277,262.0
1.3.6.1.4.1.14519.5.2.1.6279.6001.618434772073433276874225174904,2,0,236.0,114.0,153.0,0.9042145593869731,0.5876288659793815,0.5543478260869565,195,277,262.0
1.3.6.1.4.1.14519.5.2.1.6279.6001.618434772073433276874225174904,3,0,236.0,118.0,153.0,0.9042145593869731,0.6082474226804123,0.5543478260869565,195,277,262.0
1.3.6.1.4.1.14519.5.2.1.6279.6001.618434772073433276874225174904,4,0,236.0,116.0,150.0,0.9042145593869731,0.5979381443298969,0.5434782608695652,195,277,262.0
1.3.6.1.4.1.14519.5.2.1.6279.6001.621916089407825046337959219998,0,0,131.0,160.9326934814453,51.57692337036133,0.5303643724696356,0.7152564154730903,0.16584219733235153,226,312,248.0
1.3.6.1.4.1.14519.5.2.1.6279.6001.621916089407825046337959219998,1,0,131.0,160.0,46.0,0.5303643724696356,0.7111111111111111,0.14790996784565916,226,312,248.0
1.3.6.1.4.1.14519.5.2.1.6279.6001.621916089407825046337959219998,2,0,131.0,156.0,54.0,0.5303643724696356,0.6933333333333334,0.17363344051446947,226,312,248.0
1.3.6.1.4.1.14519.5.2.1.6279.6001.621916089407825046337959219998,3,0,131.0,166.0,54.0,0.5303643724696356,0.7377777777777778,0.17363344051446947,226,312,248.0
1.3.6.1.4.1.14519.5.2.1.6279.6001.621916089407825046337959219998,4,0,131.0,161.0,46.0,0.5303643724696356,0.7155555555555555,0.14790996784565916,226,312,248.0
1.3.6.1.4.1.14519.5.2.1.6279.6001.624425075947752229712087113746,0,0,50.0,32.027320861816406,64.85246276855469,0.17543859649122806,0.1703580896905128,0.23412441432691222,189,278,286.0
1.3.6.1.4.1.14519.5.2.1.6279.6001.624425075947752229712087113746,1,0,50.0,32.0,55.0,0.17543859649122806,0.1702127659574468,0.19855595667870035,189,278,286.0
1.3.6.1.4.1.14519.5.2.1.6279.6001.624425075947752229712087113746,2,0,50.0,23.0,69.0,0.17543859649122806,0.12234042553191489,0.2490974729241877,189,278,286.0
1.3.6.1.4.1.14519.5.2.1.6279.6001.624425075947752229712087113746,3,0,50.0,40.0,71.0,0.17543859649122806,0.2127659574468085,0.2563176895306859,189,278,286.0
1.3.6.1.4.1.14519.5.2.1.6279.6001.624425075947752229712087113746,4,0,50.0,33.0,55.0,0.17543859649122806,0.17553191489361702,0.19855595667870035,189,278,286.0
1.3.6.1.4.1.14519.5.2.1.6279.6001.625270601160880745954773142570,0,0,213.0,163.0693359375,50.87200164794922,0.6893203883495146,0.7247526041666666,0.1684503365826133,226,303,310.0
1.3.6.1.4.1.14519.5.2.1.6279.6001.625270601160880745954773142570,1,0,213.0,163.0,40.0,0.6893203883495146,0.7244444444444444,0.13245033112582782,226,303,310.0
1.3.6.1.4.1.14519.5.2.1.6279.6001.625270601160880745954773142570,2,0,213.0,153.0,55.0,0.6893203883495146,0.68,0.18211920529801323,226,303,310.0
1.3.6.1.4.1.14519.5.2.1.6279.6001.625270601160880745954773142570,3,0,213.0,172.0,57.0,0.6893203883495146,0.7644444444444445,0.18874172185430463,226,303,310.0
1.3.6.1.4.1.14519.5.2.1.6279.6001.625270601160880745954773142570,4,0,213.0,164.0,40.0,0.6893203883495146,0.7288888888888889,0.13245033112582782,226,303,310.0
1.3.6.1.4.1.14519.5.2.1.6279.6001.627998298349675613581885874395,0,0,129.0,140.75,300.0,0.3932926829268293,0.5989361702127659,0.9036144578313253,236,333,329.0
1.3.6.1.4.1.14519.5.2.1.6279.6001.627998298349675613581885874395,1,0,129.0,140.0,297.0,0.3932926829268293,0.5957446808510638,0.8945783132530121,236,333,329.0
1.3.6.1.4.1.14519.5.2.1.6279.6001.627998298349675613581885874395,2,0,129.0,138.0,302.0,0.3932926829268293,0.5872340425531914,0.9096385542168675,236,333,329.0
1.3.6.1.4.1.14519.5.2.1.6279.6001.627998298349675613581885874395,3,0,129.0,144.0,302.0,0.3932926829268293,0.6127659574468085,0.9096385542168675,236,333,329.0
1.3.6.1.4.1.14519.5.2.1.6279.6001.627998298349675613581885874395,4,0,129.0,141.0,297.0,0.3932926829268293,0.6,0.8945783132530121,236,333,329.0
1.3.6.1.4.1.14519.5.2.1.6279.6001.631047517458234322522264161877,0,0,145.0,204.5,90.0,0.4420731707317073,0.9008810572687225,0.27692307692307694,228,326,329.0
1.3.6.1.4.1.14519.5.2.1.6279.6001.631047517458234322522264161877,1,0,145.0,204.0,88.0,0.4420731707317073,0.8986784140969163,0.27076923076923076,228,326,329.0
1.3.6.1.4.1.14519.5.2.1.6279.6001.631047517458234322522264161877,2,0,145.0,203.0,91.0,0.4420731707317073,0.8942731277533039,0.28,228,326,329.0
1.3.6.1.4.1.14519.5.2.1.6279.6001.631047517458234322522264161877,3,0,145.0,206.0,91.0,0.4420731707317073,0.9074889867841409,0.28,228,326,329.0
1.3.6.1.4.1.14519.5.2.1.6279.6001.631047517458234322522264161877,4,0,145.0,205.0,88.0,0.4420731707317073,0.9030837004405287,0.27076923076923076,228,326,329.0
1.3.6.1.4.1.14519.5.2.1.6279.6001.640729228179368154416184318668,0,0,125.0,44.41379165649414,47.72413635253906,0.40584415584415584,0.18980252844655615,0.14684349646935096,235,326,309.0
1.3.6.1.4.1.14519.5.2.1.6279.6001.640729228179368154416184318668,1,0,125.0,44.0,45.0,0.40584415584415584,0.18803418803418803,0.13846153846153847,235,326,309.0
1.3.6.1.4.1.14519.5.2.1.6279.6001.640729228179368154416184318668,2,0,125.0,42.0,48.0,0.40584415584415584,0.1794871794871795,0.1476923076923077,235,326,309.0
1.3.6.1.4.1.14519.5.2.1.6279.6001.640729228179368154416184318668,3,0,125.0,46.0,50.0,0.40584415584415584,0.19658119658119658,0.15384615384615385,235,326,309.0
1.3.6.1.4.1.14519.5.2.1.6279.6001.640729228179368154416184318668,4,0,125.0,45.0,45.0,0.40584415584415584,0.19230769230769232,0.13846153846153847,235,326,309.0
1.3.6.1.4.1.14519.5.2.1.6279.6001.652347820272212119124022644822,0,0,194.0,166.47755432128906,60.922447204589844,0.6953405017921147,0.7144959412930861,0.18687867240671732,234,327,280.0
1.3.6.1.4.1.14519.5.2.1.6279.6001.652347820272212119124022644822,1,0,194.0,166.0,53.0,0.6953405017921147,0.7124463519313304,0.16257668711656442,234,327,280.0
1.3.6.1.4.1.14519.5.2.1.6279.6001.652347820272212119124022644822,2,0,194.0,159.0,64.0,0.6953405017921147,0.6824034334763949,0.19631901840490798,234,327,280.0
1.3.6.1.4.1.14519.5.2.1.6279.6001.652347820272212119124022644822,3,0,194.0,174.0,65.0,0.6953405017921147,0.7467811158798283,0.19938650306748465,234,327,280.0
1.3.6.1.4.1.14519.5.2.1.6279.6001.652347820272212119124022644822,4,0,194.0,167.0,53.0,0.6953405017921147,0.7167381974248928,0.16257668711656442,234,327,280.0
1.3.6.1.4.1.14519.5.2.1.6279.6001.655242448149322898770987310561,0,0,90.0,106.27848052978516,106.15505981445312,0.27439024390243905,0.5367600026756826,0.3538501993815104,199,301,329.0
1.3.6.1.4.1.14519.5.2.1.6279.6001.655242448149322898770987310561,1,0,90.0,106.0,97.0,0.27439024390243905,0.5353535353535354,0.3233333333333333,199,301,329.0
1.3.6.1.4.1.14519.5.2.1.6279.6001.655242448149322898770987310561,2,0,90.0,98.0,111.0,0.27439024390243905,0.494949494949495,0.37,199,301,329.0
1.3.6.1.4.1.14519.5.2.1.6279.6001.655242448149322898770987310561,3,0,90.0,114.0,111.0,0.27439024390243905,0.5757575757575758,0.37,199,301,329.0
1.3.6.1.4.1.14519.5.2.1.6279.6001.655242448149322898770987310561,4,0,90.0,107.0,97.0,0.27439024390243905,0.5404040404040404,0.3233333333333333,199,301,329.0
1.3.6.1.4.1.14519.5.2.1.6279.6001.658611160253017715059194304729,0,0,211.0,194.36666870117188,93.36666870117188,0.7644927536231884,0.7042270605114923,0.28292929909446024,277,331,277.0
1.3.6.1.4.1.14519.5.2.1.6279.6001.658611160253017715059194304729,1,0,211.0,194.0,91.0,0.7644927536231884,0.7028985507246377,0.27575757575757576,277,331,277.0
1.3.6.1.4.1.14519.5.2.1.6279.6001.658611160253017715059194304729,2,0,211.0,192.0,94.0,0.7644927536231884,0.6956521739130435,0.28484848484848485,277,331,277.0
1.3.6.1.4.1.14519.5.2.1.6279.6001.658611160253017715059194304729,3,0,211.0,196.0,95.0,0.7644927536231884,0.7101449275362319,0.2878787878787879,277,331,277.0
1.3.6.1.4.1.14519.5.2.1.6279.6001.658611160253017715059194304729,4,0,211.0,195.0,91.0,0.7644927536231884,0.7065217391304348,0.27575757575757576,277,331,277.0
1.3.6.1.4.1.14519.5.2.1.6279.6001.658611160253017715059194304729,5,1,222.0,172.74073791503906,82.59259033203125,0.8043478260869565,0.6258722388226053,0.25028057676373106,277,331,277.0
1.3.6.1.4.1.14519.5.2.1.6279.6001.658611160253017715059194304729,6,1,222.0,172.0,80.0,0.8043478260869565,0.6231884057971014,0.24242424242424243,277,331,277.0
1.3.6.1.4.1.14519.5.2.1.6279.6001.658611160253017715059194304729,7,1,222.0,171.0,84.0,0.8043478260869565,0.6195652173913043,0.2545454545454545,277,331,277.0
1.3.6.1.4.1.14519.5.2.1.6279.6001.658611160253017715059194304729,8,1,222.0,175.0,84.0,0.8043478260869565,0.6340579710144928,0.2545454545454545,277,331,277.0
1.3.6.1.4.1.14519.5.2.1.6279.6001.658611160253017715059194304729,9,1,222.0,173.0,80.0,0.8043478260869565,0.6268115942028986,0.24242424242424243,277,331,277.0
1.3.6.1.4.1.14519.5.2.1.6279.6001.663019255629770796363333877035,0,0,180.0,50.0,96.16666412353516,0.7003891050583657,0.2840909090909091,0.36017477199825904,177,268,258.0
1.3.6.1.4.1.14519.5.2.1.6279.6001.663019255629770796363333877035,1,0,180.0,49.0,95.0,0.7003891050583657,0.2784090909090909,0.35580524344569286,177,268,258.0
1.3.6.1.4.1.14519.5.2.1.6279.6001.663019255629770796363333877035,2,0,180.0,49.0,97.0,0.7003891050583657,0.2784090909090909,0.36329588014981273,177,268,258.0
1.3.6.1.4.1.14519.5.2.1.6279.6001.663019255629770796363333877035,3,0,180.0,51.0,97.0,0.7003891050583657,0.2897727272727273,0.36329588014981273,177,268,258.0
1.3.6.1.4.1.14519.5.2.1.6279.6001.663019255629770796363333877035,4,0,180.0,50.0,95.0,0.7003891050583657,0.2840909090909091,0.35580524344569286,177,268,258.0
1.3.6.1.4.1.14519.5.2.1.6279.6001.669435869708883155232318480131,0,0,126.0,124.10857391357422,110.9085693359375,0.4827586206896552,0.6299927609826103,0.41694950878171994,198,267,262.0
1.3.6.1.4.1.14519.5.2.1.6279.6001.669435869708883155232318480131,1,0,126.0,124.0,101.0,0.4827586206896552,0.6294416243654822,0.37969924812030076,198,267,262.0
1.3.6.1.4.1.14519.5.2.1.6279.6001.669435869708883155232318480131,2,0,126.0,115.0,115.0,0.4827586206896552,0.583756345177665,0.4323308270676692,198,267,262.0
1.3.6.1.4.1.14519.5.2.1.6279.6001.669435869708883155232318480131,3,0,126.0,133.0,116.0,0.4827586206896552,0.6751269035532995,0.43609022556390975,198,267,262.0
1.3.6.1.4.1.14519.5.2.1.6279.6001.669435869708883155232318480131,4,0,126.0,125.0,101.0,0.4827586206896552,0.6345177664974619,0.37969924812030076,198,267,262.0
1.3.6.1.4.1.14519.5.2.1.6279.6001.670107649586205629860363487713,0,0,121.0,182.0,92.0,0.4245614035087719,0.914572864321608,0.33948339483394835,200,272,286.0
1.3.6.1.4.1.14519.5.2.1.6279.6001.670107649586205629860363487713,1,0,121.0,181.0,89.0,0.4245614035087719,0.9095477386934674,0.3284132841328413,200,272,286.0
1.3.6.1.4.1.14519.5.2.1.6279.6001.670107649586205629860363487713,2,0,121.0,180.0,94.0,0.4245614035087719,0.9045226130653267,0.34686346863468637,200,272,286.0
1.3.6.1.4.1.14519.5.2.1.6279.6001.670107649586205629860363487713,3,0,121.0,185.0,93.0,0.4245614035087719,0.9296482412060302,0.34317343173431736,200,272,286.0
1.3.6.1.4.1.14519.5.2.1.6279.6001.670107649586205629860363487713,4,0,121.0,182.0,89.0,0.4245614035087719,0.914572864321608,0.3284132841328413,200,272,286.0
1.3.6.1.4.1.14519.5.2.1.6279.6001.674809958213117379592437424616,0,0,195.0,106.88888549804688,241.27777099609375,0.7276119402985075,0.40797284541239265,0.7469900030838815,263,324,269.0
1.3.6.1.4.1.14519.5.2.1.6279.6001.674809958213117379592437424616,1,0,195.0,106.0,240.0,0.7276119402985075,0.40458015267175573,0.7430340557275542,263,324,269.0
1.3.6.1.4.1.14519.5.2.1.6279.6001.674809958213117379592437424616,2,0,195.0,105.0,242.0,0.7276119402985075,0.40076335877862596,0.7492260061919505,263,324,269.0
1.3.6.1.4.1.14519.5.2.1.6279.6001.674809958213117379592437424616,3,0,195.0,108.0,243.0,0.7276119402985075,0.4122137404580153,0.7523219814241486,263,324,269.0
1.3.6.1.4.1.14519.5.2.1.6279.6001.674809958213117379592437424616,4,0,195.0,107.0,239.0,0.7276119402985075,0.4083969465648855,0.739938080495356,263,324,269.0
1.3.6.1.4.1.14519.5.2.1.6279.6001.674809958213117379592437424616,5,1,206.0,167.5,271.5,0.7686567164179104,0.6393129770992366,0.8405572755417957,263,324,269.0
1.3.6.1.4.1.14519.5.2.1.6279.6001.674809958213117379592437424616,6,1,206.0,167.0,270.0,0.7686567164179104,0.6374045801526718,0.8359133126934984,263,324,269.0
1.3.6.1.4.1.14519.5.2.1.6279.6001.674809958213117379592437424616,7,1,206.0,166.0,272.0,0.7686567164179104,0.6335877862595419,0.8421052631578947,263,324,269.0
1.3.6.1.4.1.14519.5.2.1.6279.6001.674809958213117379592437424616,8,1,206.0,168.0,273.0,0.7686567164179104,0.6412213740458015,0.8452012383900929,263,324,269.0
1.3.6.1.4.1.14519.5.2.1.6279.6001.674809958213117379592437424616,9,1,206.0,168.0,270.0,0.7686567164179104,0.6412213740458015,0.8359133126934984,263,324,269.0
1.3.6.1.4.1.14519.5.2.1.6279.6001.675543413149938600000570588203,0,0,108.0,164.5,261.79998779296875,0.36486486486486486,0.7152173913043478,0.8130434403508346,231,323,297.0
1.3.6.1.4.1.14519.5.2.1.6279.6001.675543413149938600000570588203,1,0,108.0,164.0,252.0,0.36486486486486486,0.7130434782608696,0.782608695652174,231,323,297.0
1.3.6.1.4.1.14519.5.2.1.6279.6001.675543413149938600000570588203,2,0,108.0,156.0,267.0,0.36486486486486486,0.6782608695652174,0.8291925465838509,231,323,297.0
1.3.6.1.4.1.14519.5.2.1.6279.6001.675543413149938600000570588203,3,0,108.0,173.0,267.0,0.36486486486486486,0.7521739130434782,0.8291925465838509,231,323,297.0
1.3.6.1.4.1.14519.5.2.1.6279.6001.675543413149938600000570588203,4,0,108.0,165.0,252.0,0.36486486486486486,0.717391304347826,0.782608695652174,231,323,297.0
1.3.6.1.4.1.14519.5.2.1.6279.6001.675543413149938600000570588203,5,1,86.0,49.0,50.0,0.2905405405405405,0.21304347826086956,0.15527950310559005,231,323,297.0
1.3.6.1.4.1.14519.5.2.1.6279.6001.675543413149938600000570588203,6,1,86.0,48.0,48.0,0.2905405405405405,0.20869565217391303,0.14906832298136646,231,323,297.0
1.3.6.1.4.1.14519.5.2.1.6279.6001.675543413149938600000570588203,7,1,86.0,47.0,51.0,0.2905405405405405,0.20434782608695654,0.15838509316770186,231,323,297.0
1.3.6.1.4.1.14519.5.2.1.6279.6001.675543413149938600000570588203,8,1,86.0,51.0,51.0,0.2905405405405405,0.2217391304347826,0.15838509316770186,231,323,297.0
1.3.6.1.4.1.14519.5.2.1.6279.6001.675543413149938600000570588203,9,1,86.0,49.0,48.0,0.2905405405405405,0.21304347826086956,0.14906832298136646,231,323,297.0
1.3.6.1.4.1.14519.5.2.1.6279.6001.690929968028676628605553365896,0,0,237.0,119.24581146240234,231.2458038330078,0.8006756756756757,0.5031468838076049,0.7050176946128287,238,329,297.0
1.3.6.1.4.1.14519.5.2.1.6279.6001.690929968028676628605553365896,1,0,237.0,119.0,224.0,0.8006756756756757,0.5021097046413502,0.6829268292682927,238,329,297.0
1.3.6.1.4.1.14519.5.2.1.6279.6001.690929968028676628605553365896,2,0,237.0,113.0,234.0,0.8006756756756757,0.4767932489451477,0.7134146341463414,238,329,297.0
1.3.6.1.4.1.14519.5.2.1.6279.6001.690929968028676628605553365896,3,0,237.0,125.0,236.0,0.8006756756756757,0.5274261603375527,0.7195121951219512,238,329,297.0
1.3.6.1.4.1.14519.5.2.1.6279.6001.690929968028676628605553365896,4,0,237.0,120.0,224.0,0.8006756756756757,0.5063291139240507,0.6829268292682927,238,329,297.0
1.3.6.1.4.1.14519.5.2.1.6279.6001.692598144815688523679745963696,0,0,120.0,80.5,281.5,0.364741641337386,0.3726851851851852,0.8824451410658307,217,320,330.0
1.3.6.1.4.1.14519.5.2.1.6279.6001.692598144815688523679745963696,1,0,120.0,80.0,278.0,0.364741641337386,0.37037037037037035,0.8714733542319749,217,320,330.0
1.3.6.1.4.1.14519.5.2.1.6279.6001.692598144815688523679745963696,2,0,120.0,77.0,283.0,0.364741641337386,0.35648148148148145,0.8871473354231975,217,320,330.0
1.3.6.1.4.1.14519.5.2.1.6279.6001.692598144815688523679745963696,3,0,120.0,83.0,284.0,0.364741641337386,0.38425925925925924,0.890282131661442,217,320,330.0
1.3.6.1.4.1.14519.5.2.1.6279.6001.692598144815688523679745963696,4,0,120.0,81.0,278.0,0.364741641337386,0.375,0.8714733542319749,217,320,330.0
1.3.6.1.4.1.14519.5.2.1.6279.6001.692598144815688523679745963696,5,1,291.0,107.0,127.0,0.8844984802431611,0.49537037037037035,0.3981191222570533,217,320,330.0
1.3.6.1.4.1.14519.5.2.1.6279.6001.692598144815688523679745963696,6,1,291.0,106.0,125.0,0.8844984802431611,0.49074074074074076,0.39184952978056425,217,320,330.0
1.3.6.1.4.1.14519.5.2.1.6279.6001.692598144815688523679745963696,7,1,291.0,105.0,129.0,0.8844984802431611,0.4861111111111111,0.4043887147335423,217,320,330.0
1.3.6.1.4.1.14519.5.2.1.6279.6001.692598144815688523679745963696,8,1,291.0,109.0,128.0,0.8844984802431611,0.5046296296296297,0.4012539184952978,217,320,330.0
1.3.6.1.4.1.14519.5.2.1.6279.6001.692598144815688523679745963696,9,1,291.0,107.0,125.0,0.8844984802431611,0.49537037037037035,0.39184952978056425,217,320,330.0
1.3.6.1.4.1.14519.5.2.1.6279.6001.693480911433291675609148051914,0,0,67.0,121.40740966796875,65.25926208496094,0.25868725868725867,0.5493547948776867,0.2620853898994415,222,250,260.0
1.3.6.1.4.1.14519.5.2.1.6279.6001.693480911433291675609148051914,1,0,67.0,121.0,63.0,0.25868725868725867,0.5475113122171946,0.25301204819277107,222,250,260.0
1.3.6.1.4.1.14519.5.2.1.6279.6001.693480911433291675609148051914,2,0,67.0,119.0,66.0,0.25868725868725867,0.5384615384615384,0.26506024096385544,222,250,260.0
1.3.6.1.4.1.14519.5.2.1.6279.6001.693480911433291675609148051914,3,0,67.0,123.0,67.0,0.25868725868725867,0.5565610859728507,0.26907630522088355,222,250,260.0
1.3.6.1.4.1.14519.5.2.1.6279.6001.693480911433291675609148051914,4,0,67.0,122.0,63.0,0.25868725868725867,0.5520361990950227,0.25301204819277107,222,250,260.0
1.3.6.1.4.1.14519.5.2.1.6279.6001.693480911433291675609148051914,5,1,108.0,57.21739196777344,36.91304397583008,0.416988416988417,0.2589022260985223,0.14824515652943807,222,250,260.0
1.3.6.1.4.1.14519.5.2.1.6279.6001.693480911433291675609148051914,6,1,108.0,57.0,35.0,0.416988416988417,0.2579185520361991,0.14056224899598393,222,250,260.0
1.3.6.1.4.1.14519.5.2.1.6279.6001.693480911433291675609148051914,7,1,108.0,55.0,38.0,0.416988416988417,0.248868778280543,0.15261044176706828,222,250,260.0
1.3.6.1.4.1.14519.5.2.1.6279.6001.693480911433291675609148051914,8,1,108.0,59.0,38.0,0.416988416988417,0.2669683257918552,0.15261044176706828,222,250,260.0
1.3.6.1.4.1.14519.5.2.1.6279.6001.693480911433291675609148051914,9,1,108.0,58.0,35.0,0.416988416988417,0.26244343891402716,0.14056224899598393,222,250,260.0
1.3.6.1.4.1.14519.5.2.1.6279.6001.712472578497712558367294720243,0,0,110.0,183.3541717529297,55.64583206176758,0.3728813559322034,0.6998250830264492,0.16660428761008256,263,335,296.0
1.3.6.1.4.1.14519.5.2.1.6279.6001.712472578497712558367294720243,1,0,110.0,183.0,52.0,0.3728813559322034,0.6984732824427481,0.15568862275449102,263,335,296.0
1.3.6.1.4.1.14519.5.2.1.6279.6001.712472578497712558367294720243,2,0,110.0,180.0,57.0,0.3728813559322034,0.6870229007633588,0.17065868263473055,263,335,296.0
1.3.6.1.4.1.14519.5.2.1.6279.6001.712472578497712558367294720243,3,0,110.0,186.0,58.0,0.3728813559322034,0.7099236641221374,0.17365269461077845,263,335,296.0
1.3.6.1.4.1.14519.5.2.1.6279.6001.712472578497712558367294720243,4,0,110.0,184.0,52.0,0.3728813559322034,0.7022900763358778,0.15568862275449102,263,335,296.0
1.3.6.1.4.1.14519.5.2.1.6279.6001.716498695101447665580610403574,0,0,216.0,137.5,70.5,0.7578947368421053,0.6336405529953917,0.2572992700729927,218,275,286.0
1.3.6.1.4.1.14519.5.2.1.6279.6001.716498695101447665580610403574,1,0,216.0,137.0,67.0,0.7578947368421053,0.631336405529954,0.24452554744525548,218,275,286.0
1.3.6.1.4.1.14519.5.2.1.6279.6001.716498695101447665580610403574,2,0,216.0,134.0,72.0,0.7578947368421053,0.6175115207373272,0.26277372262773724,218,275,286.0
1.3.6.1.4.1.14519.5.2.1.6279.6001.716498695101447665580610403574,3,0,216.0,140.0,73.0,0.7578947368421053,0.6451612903225806,0.2664233576642336,218,275,286.0
1.3.6.1.4.1.14519.5.2.1.6279.6001.716498695101447665580610403574,4,0,216.0,138.0,67.0,0.7578947368421053,0.6359447004608295,0.24452554744525548,218,275,286.0
1.3.6.1.4.1.14519.5.2.1.6279.6001.724251104254976962355686318345,0,0,55.0,99.75609588623047,82.0,0.20446096654275092,0.4661499807767779,0.2808219178082192,215,293,270.0
1.3.6.1.4.1.14519.5.2.1.6279.6001.724251104254976962355686318345,1,0,55.0,99.0,79.0,0.20446096654275092,0.46261682242990654,0.2705479452054795,215,293,270.0
1.3.6.1.4.1.14519.5.2.1.6279.6001.724251104254976962355686318345,2,0,55.0,97.0,83.0,0.20446096654275092,0.4532710280373832,0.2842465753424658,215,293,270.0
1.3.6.1.4.1.14519.5.2.1.6279.6001.724251104254976962355686318345,3,0,55.0,102.0,84.0,0.20446096654275092,0.4766355140186916,0.2876712328767123,215,293,270.0
1.3.6.1.4.1.14519.5.2.1.6279.6001.724251104254976962355686318345,4,0,55.0,100.0,79.0,0.20446096654275092,0.4672897196261682,0.2705479452054795,215,293,270.0
1.3.6.1.4.1.14519.5.2.1.6279.6001.724251104254976962355686318345,5,1,184.0,134.5,236.5,0.6840148698884758,0.6285046728971962,0.809931506849315,215,293,270.0
1.3.6.1.4.1.14519.5.2.1.6279.6001.724251104254976962355686318345,6,1,184.0,134.0,234.0,0.6840148698884758,0.6261682242990654,0.8013698630136986,215,293,270.0
1.3.6.1.4.1.14519.5.2.1.6279.6001.724251104254976962355686318345,7,1,184.0,132.0,237.0,0.6840148698884758,0.616822429906542,0.8116438356164384,215,293,270.0
1.3.6.1.4.1.14519.5.2.1.6279.6001.724251104254976962355686318345,8,1,184.0,136.0,238.0,0.6840148698884758,0.6355140186915887,0.815068493150685,215,293,270.0
1.3.6.1.4.1.14519.5.2.1.6279.6001.724251104254976962355686318345,9,1,184.0,135.0,234.0,0.6840148698884758,0.6308411214953271,0.8013698630136986,215,293,270.0
1.3.6.1.4.1.14519.5.2.1.6279.6001.724562063158320418413995627171,0,0,131.0,74.90908813476562,128.36363220214844,0.409375,0.30954168650729597,0.39016301581200136,243,330,321.0
1.3.6.1.4.1.14519.5.2.1.6279.6001.724562063158320418413995627171,1,0,131.0,74.0,124.0,0.409375,0.30578512396694213,0.3768996960486322,243,330,321.0
1.3.6.1.4.1.14519.5.2.1.6279.6001.724562063158320418413995627171,2,0,131.0,71.0,130.0,0.409375,0.29338842975206614,0.3951367781155015,243,330,321.0
1.3.6.1.4.1.14519.5.2.1.6279.6001.724562063158320418413995627171,3,0,131.0,78.0,131.0,0.409375,0.32231404958677684,0.3981762917933131,243,330,321.0
1.3.6.1.4.1.14519.5.2.1.6279.6001.724562063158320418413995627171,4,0,131.0,75.0,124.0,0.409375,0.30991735537190085,0.3768996960486322,243,330,321.0
1.3.6.1.4.1.14519.5.2.1.6279.6001.725023183844147505748475581290,0,0,137.0,174.89361572265625,72.77872467041016,0.5591836734693878,0.7842763036890414,0.24178978295817327,224,302,246.0
1.3.6.1.4.1.14519.5.2.1.6279.6001.725023183844147505748475581290,1,0,137.0,174.0,65.0,0.5591836734693878,0.7802690582959642,0.2159468438538206,224,302,246.0
1.3.6.1.4.1.14519.5.2.1.6279.6001.725023183844147505748475581290,2,0,137.0,168.0,77.0,0.5591836734693878,0.7533632286995515,0.2558139534883721,224,302,246.0
1.3.6.1.4.1.14519.5.2.1.6279.6001.725023183844147505748475581290,3,0,137.0,182.0,77.0,0.5591836734693878,0.8161434977578476,0.2558139534883721,224,302,246.0
1.3.6.1.4.1.14519.5.2.1.6279.6001.725023183844147505748475581290,4,0,137.0,175.0,65.0,0.5591836734693878,0.7847533632286996,0.2159468438538206,224,302,246.0
1.3.6.1.4.1.14519.5.2.1.6279.6001.725236073737175770730904408416,0,0,144.0,163.5,41.0,0.5950413223140496,0.651394422310757,0.13141025641025642,252,313,243.0
1.3.6.1.4.1.14519.5.2.1.6279.6001.725236073737175770730904408416,1,0,144.0,163.0,38.0,0.5950413223140496,0.649402390438247,0.12179487179487179,252,313,243.0
1.3.6.1.4.1.14519.5.2.1.6279.6001.725236073737175770730904408416,2,0,144.0,160.0,42.0,0.5950413223140496,0.6374501992031872,0.1346153846153846,252,313,243.0
1.3.6.1.4.1.14519.5.2.1.6279.6001.725236073737175770730904408416,3,0,144.0,166.0,43.0,0.5950413223140496,0.6613545816733067,0.13782051282051283,252,313,243.0
1.3.6.1.4.1.14519.5.2.1.6279.6001.725236073737175770730904408416,4,0,144.0,164.0,38.0,0.5950413223140496,0.6533864541832669,0.12179487179487179,252,313,243.0
1.3.6.1.4.1.14519.5.2.1.6279.6001.733642690503782454656013446707,0,0,212.0,109.21428680419922,52.5,0.726027397260274,0.587173584968813,0.17045454545454544,187,309,293.0
1.3.6.1.4.1.14519.5.2.1.6279.6001.733642690503782454656013446707,1,0,212.0,109.0,50.0,0.726027397260274,0.5860215053763441,0.16233766233766234,187,309,293.0
1.3.6.1.4.1.14519.5.2.1.6279.6001.733642690503782454656013446707,2,0,212.0,107.0,53.0,0.726027397260274,0.5752688172043011,0.17207792207792208,187,309,293.0
1.3.6.1.4.1.14519.5.2.1.6279.6001.733642690503782454656013446707,3,0,212.0,110.0,55.0,0.726027397260274,0.5913978494623656,0.17857142857142858,187,309,293.0
1.3.6.1.4.1.14519.5.2.1.6279.6001.733642690503782454656013446707,4,0,212.0,110.0,50.0,0.726027397260274,0.5913978494623656,0.16233766233766234,187,309,293.0
1.3.6.1.4.1.14519.5.2.1.6279.6001.741709061958490690246385302477,0,0,172.0,112.3159408569336,253.24058532714844,0.6120996441281139,0.49046262382940436,0.8357775093305229,230,304,282.0
1.3.6.1.4.1.14519.5.2.1.6279.6001.741709061958490690246385302477,1,0,172.0,112.0,243.0,0.6120996441281139,0.4890829694323144,0.801980198019802,230,304,282.0
1.3.6.1.4.1.14519.5.2.1.6279.6001.741709061958490690246385302477,2,0,172.0,103.0,257.0,0.6120996441281139,0.4497816593886463,0.8481848184818482,230,304,282.0
1.3.6.1.4.1.14519.5.2.1.6279.6001.741709061958490690246385302477,3,0,172.0,121.0,259.0,0.6120996441281139,0.5283842794759825,0.8547854785478548,230,304,282.0
1.3.6.1.4.1.14519.5.2.1.6279.6001.741709061958490690246385302477,4,0,172.0,113.0,243.0,0.6120996441281139,0.49344978165938863,0.801980198019802,230,304,282.0
1.3.6.1.4.1.14519.5.2.1.6279.6001.741709061958490690246385302477,5,1,203.0,166.90908813476562,51.09090805053711,0.7224199288256228,0.7288606468767058,0.16861685825259773,230,304,282.0
1.3.6.1.4.1.14519.5.2.1.6279.6001.741709061958490690246385302477,6,1,203.0,166.0,49.0,0.7224199288256228,0.7248908296943232,0.1617161716171617,230,304,282.0
1.3.6.1.4.1.14519.5.2.1.6279.6001.741709061958490690246385302477,7,1,203.0,165.0,53.0,0.7224199288256228,0.7205240174672489,0.17491749174917492,230,304,282.0
1.3.6.1.4.1.14519.5.2.1.6279.6001.741709061958490690246385302477,8,1,203.0,169.0,52.0,0.7224199288256228,0.7379912663755459,0.1716171617161716,230,304,282.0
1.3.6.1.4.1.14519.5.2.1.6279.6001.741709061958490690246385302477,9,1,203.0,167.0,49.0,0.7224199288256228,0.7292576419213974,0.1617161716171617,230,304,282.0
1.3.6.1.4.1.14519.5.2.1.6279.6001.747803439040091794717626507402,0,0,184.0,117.41874694824219,210.0,0.647887323943662,0.5699939172244767,0.7446808510638298,207,283,285.0
1.3.6.1.4.1.14519.5.2.1.6279.6001.747803439040091794717626507402,1,0,184.0,117.0,203.0,0.647887323943662,0.5679611650485437,0.7198581560283688,207,283,285.0
1.3.6.1.4.1.14519.5.2.1.6279.6001.747803439040091794717626507402,2,0,184.0,111.0,213.0,0.647887323943662,0.5388349514563107,0.7553191489361702,207,283,285.0
1.3.6.1.4.1.14519.5.2.1.6279.6001.747803439040091794717626507402,3,0,184.0,123.0,214.0,0.647887323943662,0.5970873786407767,0.7588652482269503,207,283,285.0
1.3.6.1.4.1.14519.5.2.1.6279.6001.747803439040091794717626507402,4,0,184.0,118.0,203.0,0.647887323943662,0.5728155339805825,0.7198581560283688,207,283,285.0
1.3.6.1.4.1.14519.5.2.1.6279.6001.750792629100457382099842515038,0,0,231.0,131.78688049316406,61.04917907714844,0.8191489361702128,0.7445586468540343,0.23754544387995502,178,258,283.0
1.3.6.1.4.1.14519.5.2.1.6279.6001.750792629100457382099842515038,1,0,231.0,131.0,55.0,0.8191489361702128,0.7401129943502824,0.2140077821011673,178,258,283.0
1.3.6.1.4.1.14519.5.2.1.6279.6001.750792629100457382099842515038,2,0,231.0,127.0,64.0,0.8191489361702128,0.7175141242937854,0.2490272373540856,178,258,283.0
1.3.6.1.4.1.14519.5.2.1.6279.6001.750792629100457382099842515038,3,0,231.0,137.0,64.0,0.8191489361702128,0.7740112994350282,0.2490272373540856,178,258,283.0
1.3.6.1.4.1.14519.5.2.1.6279.6001.750792629100457382099842515038,4,0,231.0,132.0,55.0,0.8191489361702128,0.7457627118644068,0.2140077821011673,178,258,283.0
1.3.6.1.4.1.14519.5.2.1.6279.6001.750792629100457382099842515038,5,1,142.0,152.0,162.0,0.5035460992907801,0.8587570621468926,0.6303501945525292,178,258,283.0
1.3.6.1.4.1.14519.5.2.1.6279.6001.750792629100457382099842515038,6,1,142.0,151.0,160.0,0.5035460992907801,0.8531073446327684,0.622568093385214,178,258,283.0
1.3.6.1.4.1.14519.5.2.1.6279.6001.750792629100457382099842515038,7,1,142.0,150.0,163.0,0.5035460992907801,0.847457627118644,0.6342412451361867,178,258,283.0
1.3.6.1.4.1.14519.5.2.1.6279.6001.750792629100457382099842515038,8,1,142.0,154.0,163.0,0.5035460992907801,0.8700564971751412,0.6342412451361867,178,258,283.0
1.3.6.1.4.1.14519.5.2.1.6279.6001.750792629100457382099842515038,9,1,142.0,152.0,160.0,0.5035460992907801,0.8587570621468926,0.622568093385214,178,258,283.0
1.3.6.1.4.1.14519.5.2.1.6279.6001.752756872840730509471096155114,0,0,207.0,143.55555725097656,205.0,0.8214285714285714,0.6677002662836119,0.7269503546099291,216,283,253.0
1.3.6.1.4.1.14519.5.2.1.6279.6001.752756872840730509471096155114,1,0,207.0,143.0,196.0,0.8214285714285714,0.6651162790697674,0.6950354609929078,216,283,253.0
1.3.6.1.4.1.14519.5.2.1.6279.6001.752756872840730509471096155114,2,0,207.0,135.0,209.0,0.8214285714285714,0.627906976744186,0.7411347517730497,216,283,253.0
1.3.6.1.4.1.14519.5.2.1.6279.6001.752756872840730509471096155114,3,0,207.0,152.0,210.0,0.8214285714285714,0.7069767441860465,0.7446808510638298,216,283,253.0
1.3.6.1.4.1.14519.5.2.1.6279.6001.752756872840730509471096155114,4,0,207.0,144.0,196.0,0.8214285714285714,0.6697674418604651,0.6950354609929078,216,283,253.0
1.3.6.1.4.1.14519.5.2.1.6279.6001.756684168227383088294595834066,0,0,102.0,154.0,38.5,0.44541484716157204,0.7264150943396226,0.13414634146341464,213,288,230.0
1.3.6.1.4.1.14519.5.2.1.6279.6001.756684168227383088294595834066,1,0,102.0,153.0,37.0,0.44541484716157204,0.7216981132075472,0.1289198606271777,213,288,230.0
1.3.6.1.4.1.14519.5.2.1.6279.6001.756684168227383088294595834066,2,0,102.0,153.0,40.0,0.44541484716157204,0.7216981132075472,0.13937282229965156,213,288,230.0
1.3.6.1.4.1.14519.5.2.1.6279.6001.756684168227383088294595834066,3,0,102.0,155.0,39.0,0.44541484716157204,0.7311320754716981,0.13588850174216027,213,288,230.0
1.3.6.1.4.1.14519.5.2.1.6279.6001.756684168227383088294595834066,4,0,102.0,154.0,37.0,0.44541484716157204,0.7264150943396226,0.1289198606271777,213,288,230.0
1.3.6.1.4.1.14519.5.2.1.6279.6001.765459236550358748053283544075,0,0,179.0,162.13558959960938,200.42372131347656,0.7131474103585658,0.6644901213098745,0.7007822423548131,245,287,252.0
1.3.6.1.4.1.14519.5.2.1.6279.6001.765459236550358748053283544075,1,0,179.0,162.0,196.0,0.7131474103585658,0.6639344262295082,0.6853146853146853,245,287,252.0
1.3.6.1.4.1.14519.5.2.1.6279.6001.765459236550358748053283544075,2,0,179.0,159.0,202.0,0.7131474103585658,0.6516393442622951,0.7062937062937062,245,287,252.0
1.3.6.1.4.1.14519.5.2.1.6279.6001.765459236550358748053283544075,3,0,179.0,165.0,203.0,0.7131474103585658,0.6762295081967213,0.7097902097902098,245,287,252.0
1.3.6.1.4.1.14519.5.2.1.6279.6001.765459236550358748053283544075,4,0,179.0,163.0,197.0,0.7131474103585658,0.6680327868852459,0.6888111888111889,245,287,252.0
1.3.6.1.4.1.14519.5.2.1.6279.6001.765459236550358748053283544075,5,1,114.0,96.0,236.5,0.4541832669322709,0.39344262295081966,0.8269230769230769,245,287,252.0
1.3.6.1.4.1.14519.5.2.1.6279.6001.765459236550358748053283544075,6,1,114.0,95.0,233.0,0.4541832669322709,0.38934426229508196,0.8146853146853147,245,287,252.0
1.3.6.1.4.1.14519.5.2.1.6279.6001.765459236550358748053283544075,7,1,114.0,93.0,238.0,0.4541832669322709,0.38114754098360654,0.8321678321678322,245,287,252.0
1.3.6.1.4.1.14519.5.2.1.6279.6001.765459236550358748053283544075,8,1,114.0,99.0,238.0,0.4541832669322709,0.4057377049180328,0.8321678321678322,245,287,252.0
1.3.6.1.4.1.14519.5.2.1.6279.6001.765459236550358748053283544075,9,1,114.0,96.0,233.0,0.4541832669322709,0.39344262295081966,0.8146853146853147,245,287,252.0
1.3.6.1.4.1.14519.5.2.1.6279.6001.765930210026773090100532964804,0,0,99.0,126.78695678710938,79.86521911621094,0.375,0.6853349015519425,0.27539730729727907,186,291,265.0
1.3.6.1.4.1.14519.5.2.1.6279.6001.765930210026773090100532964804,1,0,99.0,126.0,72.0,0.375,0.6810810810810811,0.2482758620689655,186,291,265.0
1.3.6.1.4.1.14519.5.2.1.6279.6001.765930210026773090100532964804,2,0,99.0,120.0,84.0,0.375,0.6486486486486487,0.2896551724137931,186,291,265.0
1.3.6.1.4.1.14519.5.2.1.6279.6001.765930210026773090100532964804,3,0,99.0,134.0,84.0,0.375,0.7243243243243244,0.2896551724137931,186,291,265.0
1.3.6.1.4.1.14519.5.2.1.6279.6001.765930210026773090100532964804,4,0,99.0,127.0,72.0,0.375,0.6864864864864865,0.2482758620689655,186,291,265.0
1.3.6.1.4.1.14519.5.2.1.6279.6001.765930210026773090100532964804,5,1,244.0,116.13333129882812,208.46665954589844,0.9242424242424242,0.6277477367504223,0.7188505501582705,186,291,265.0
1.3.6.1.4.1.14519.5.2.1.6279.6001.765930210026773090100532964804,6,1,244.0,116.0,207.0,0.9242424242424242,0.6270270270270271,0.7137931034482758,186,291,265.0
1.3.6.1.4.1.14519.5.2.1.6279.6001.765930210026773090100532964804,7,1,244.0,115.0,209.0,0.9242424242424242,0.6216216216216216,0.7206896551724138,186,291,265.0
1.3.6.1.4.1.14519.5.2.1.6279.6001.765930210026773090100532964804,8,1,244.0,117.0,210.0,0.9242424242424242,0.6324324324324324,0.7241379310344828,186,291,265.0
1.3.6.1.4.1.14519.5.2.1.6279.6001.765930210026773090100532964804,9,1,244.0,117.0,207.0,0.9242424242424242,0.6324324324324324,0.7137931034482758,186,291,265.0
1.3.6.1.4.1.14519.5.2.1.6279.6001.768276876111112560631432843476,0,0,140.0,148.5,208.5,0.5645161290322581,0.66,0.7867924528301887,226,266,249.0
1.3.6.1.4.1.14519.5.2.1.6279.6001.768276876111112560631432843476,1,0,140.0,148.0,206.0,0.5645161290322581,0.6577777777777778,0.7773584905660378,226,266,249.0
1.3.6.1.4.1.14519.5.2.1.6279.6001.768276876111112560631432843476,2,0,140.0,146.0,210.0,0.5645161290322581,0.6488888888888888,0.7924528301886793,226,266,249.0
1.3.6.1.4.1.14519.5.2.1.6279.6001.768276876111112560631432843476,3,0,140.0,151.0,210.0,0.5645161290322581,0.6711111111111111,0.7924528301886793,226,266,249.0
1.3.6.1.4.1.14519.5.2.1.6279.6001.768276876111112560631432843476,4,0,140.0,149.0,206.0,0.5645161290322581,0.6622222222222223,0.7773584905660378,226,266,249.0
1.3.6.1.4.1.14519.5.2.1.6279.6001.771741891125176943862272696845,0,0,218.0,128.89999389648438,249.9499969482422,0.7569444444444444,0.65431468982987,0.8222039373297441,198,305,289.0
1.3.6.1.4.1.14519.5.2.1.6279.6001.771741891125176943862272696845,1,0,218.0,128.0,248.0,0.7569444444444444,0.649746192893401,0.8157894736842105,198,305,289.0
1.3.6.1.4.1.14519.5.2.1.6279.6001.771741891125176943862272696845,2,0,218.0,127.0,251.0,0.7569444444444444,0.6446700507614214,0.8256578947368421,198,305,289.0
1.3.6.1.4.1.14519.5.2.1.6279.6001.771741891125176943862272696845,3,0,218.0,130.0,251.0,0.7569444444444444,0.6598984771573604,0.8256578947368421,198,305,289.0
1.3.6.1.4.1.14519.5.2.1.6279.6001.771741891125176943862272696845,4,0,218.0,129.0,248.0,0.7569444444444444,0.6548223350253807,0.8157894736842105,198,305,289.0
1.3.6.1.4.1.14519.5.2.1.6279.6001.771831598853841017505646275338,0,0,286.0,170.32315063476562,191.0,0.9166666666666666,0.6867868977208291,0.6121794871794872,249,313,313.0
1.3.6.1.4.1.14519.5.2.1.6279.6001.771831598853841017505646275338,1,0,286.0,170.0,183.0,0.9166666666666666,0.6854838709677419,0.5865384615384616,249,313,313.0
1.3.6.1.4.1.14519.5.2.1.6279.6001.771831598853841017505646275338,2,0,286.0,163.0,195.0,0.9166666666666666,0.657258064516129,0.625,249,313,313.0
1.3.6.1.4.1.14519.5.2.1.6279.6001.771831598853841017505646275338,3,0,286.0,177.0,195.0,0.9166666666666666,0.7137096774193549,0.625,249,313,313.0
1.3.6.1.4.1.14519.5.2.1.6279.6001.771831598853841017505646275338,4,0,286.0,171.0,183.0,0.9166666666666666,0.6895161290322581,0.5865384615384616,249,313,313.0
1.3.6.1.4.1.14519.5.2.1.6279.6001.774060103415303828812229821954,0,0,153.0,115.84615325927734,231.38461303710938,0.5930232558139535,0.5850815821175623,0.8062181638923671,199,288,259.0
1.3.6.1.4.1.14519.5.2.1.6279.6001.774060103415303828812229821954,1,0,153.0,115.0,229.0,0.5930232558139535,0.5808080808080808,0.7979094076655052,199,288,259.0
1.3.6.1.4.1.14519.5.2.1.6279.6001.774060103415303828812229821954,2,0,153.0,114.0,233.0,0.5930232558139535,0.5757575757575758,0.8118466898954704,199,288,259.0
1.3.6.1.4.1.14519.5.2.1.6279.6001.774060103415303828812229821954,3,0,153.0,118.0,233.0,0.5930232558139535,0.5959595959595959,0.8118466898954704,199,288,259.0
1.3.6.1.4.1.14519.5.2.1.6279.6001.774060103415303828812229821954,4,0,153.0,116.0,229.0,0.5930232558139535,0.5858585858585859,0.7979094076655052,199,288,259.0
1.3.6.1.4.1.14519.5.2.1.6279.6001.774060103415303828812229821954,5,1,109.0,131.40740966796875,38.74074172973633,0.42248062015503873,0.6636737862018623,0.13498516282138093,199,288,259.0
1.3.6.1.4.1.14519.5.2.1.6279.6001.774060103415303828812229821954,6,1,109.0,131.0,36.0,0.42248062015503873,0.6616161616161617,0.1254355400696864,199,288,259.0
1.3.6.1.4.1.14519.5.2.1.6279.6001.774060103415303828812229821954,7,1,109.0,129.0,40.0,0.42248062015503873,0.6515151515151515,0.13937282229965156,199,288,259.0
1.3.6.1.4.1.14519.5.2.1.6279.6001.774060103415303828812229821954,8,1,109.0,133.0,41.0,0.42248062015503873,0.6717171717171717,0.14285714285714285,199,288,259.0
1.3.6.1.4.1.14519.5.2.1.6279.6001.774060103415303828812229821954,9,1,109.0,132.0,36.0,0.42248062015503873,0.6666666666666666,0.1254355400696864,199,288,259.0
1.3.6.1.4.1.14519.5.2.1.6279.6001.776800177074349870648765614630,0,0,182.0,96.33333587646484,59.11111068725586,0.5669781931464174,0.4940171070587941,0.21732025987961712,196,273,322.0
1.3.6.1.4.1.14519.5.2.1.6279.6001.776800177074349870648765614630,1,0,182.0,96.0,58.0,0.5669781931464174,0.49230769230769234,0.21323529411764705,196,273,322.0
1.3.6.1.4.1.14519.5.2.1.6279.6001.776800177074349870648765614630,2,0,182.0,95.0,60.0,0.5669781931464174,0.48717948717948717,0.22058823529411764,196,273,322.0
1.3.6.1.4.1.14519.5.2.1.6279.6001.776800177074349870648765614630,3,0,182.0,97.0,60.0,0.5669781931464174,0.49743589743589745,0.22058823529411764,196,273,322.0
1.3.6.1.4.1.14519.5.2.1.6279.6001.776800177074349870648765614630,4,0,182.0,97.0,58.0,0.5669781931464174,0.49743589743589745,0.21323529411764705,196,273,322.0
1.3.6.1.4.1.14519.5.2.1.6279.6001.779493719385047675154892222907,0,0,206.0,119.06666564941406,250.06666564941406,0.7177700348432056,0.4409876505533854,0.7420375835294186,271,338,288.0
1.3.6.1.4.1.14519.5.2.1.6279.6001.779493719385047675154892222907,1,0,206.0,119.0,244.0,0.7177700348432056,0.44074074074074077,0.7240356083086054,271,338,288.0
1.3.6.1.4.1.14519.5.2.1.6279.6001.779493719385047675154892222907,2,0,206.0,114.0,253.0,0.7177700348432056,0.4222222222222222,0.7507418397626113,271,338,288.0
1.3.6.1.4.1.14519.5.2.1.6279.6001.779493719385047675154892222907,3,0,206.0,124.0,254.0,0.7177700348432056,0.45925925925925926,0.7537091988130564,271,338,288.0
1.3.6.1.4.1.14519.5.2.1.6279.6001.779493719385047675154892222907,4,0,206.0,120.0,244.0,0.7177700348432056,0.4444444444444444,0.7240356083086054,271,338,288.0
1.3.6.1.4.1.14519.5.2.1.6279.6001.779493719385047675154892222907,5,1,167.0,70.68701934814453,86.20610809326172,0.5818815331010453,0.26180377536349825,0.2558044750541891,271,338,288.0
1.3.6.1.4.1.14519.5.2.1.6279.6001.779493719385047675154892222907,6,1,167.0,70.0,80.0,0.5818815331010453,0.25925925925925924,0.23738872403560832,271,338,288.0
1.3.6.1.4.1.14519.5.2.1.6279.6001.779493719385047675154892222907,7,1,167.0,65.0,89.0,0.5818815331010453,0.24074074074074073,0.26409495548961426,271,338,288.0
1.3.6.1.4.1.14519.5.2.1.6279.6001.779493719385047675154892222907,8,1,167.0,75.0,90.0,0.5818815331010453,0.2777777777777778,0.26706231454005935,271,338,288.0
1.3.6.1.4.1.14519.5.2.1.6279.6001.779493719385047675154892222907,9,1,167.0,71.0,80.0,0.5818815331010453,0.26296296296296295,0.23738872403560832,271,338,288.0
1.3.6.1.4.1.14519.5.2.1.6279.6001.780558315515979171413904604168,0,0,82.0,179.86338806152344,56.86338806152344,0.3048327137546468,0.7719458715086843,0.19017855538971049,234,300,270.0
1.3.6.1.4.1.14519.5.2.1.6279.6001.780558315515979171413904604168,1,0,82.0,179.0,50.0,0.3048327137546468,0.7682403433476395,0.16722408026755853,234,300,270.0
1.3.6.1.4.1.14519.5.2.1.6279.6001.780558315515979171413904604168,2,0,82.0,173.0,60.0,0.3048327137546468,0.7424892703862661,0.20066889632107024,234,300,270.0
1.3.6.1.4.1.14519.5.2.1.6279.6001.780558315515979171413904604168,3,0,82.0,186.0,61.0,0.3048327137546468,0.7982832618025751,0.2040133779264214,234,300,270.0
1.3.6.1.4.1.14519.5.2.1.6279.6001.780558315515979171413904604168,4,0,82.0,180.0,50.0,0.3048327137546468,0.7725321888412017,0.16722408026755853,234,300,270.0
1.3.6.1.4.1.14519.5.2.1.6279.6001.792381786708289670758399079830,0,0,214.0,131.92857360839844,245.5,0.7535211267605634,0.6024135781205409,0.8644366197183099,220,285,285.0
1.3.6.1.4.1.14519.5.2.1.6279.6001.792381786708289670758399079830,1,0,214.0,131.0,239.0,0.7535211267605634,0.5981735159817352,0.8415492957746479,220,285,285.0
1.3.6.1.4.1.14519.5.2.1.6279.6001.792381786708289670758399079830,2,0,214.0,126.0,248.0,0.7535211267605634,0.5753424657534246,0.8732394366197183,220,285,285.0
1.3.6.1.4.1.14519.5.2.1.6279.6001.792381786708289670758399079830,3,0,214.0,137.0,249.0,0.7535211267605634,0.6255707762557078,0.8767605633802817,220,285,285.0
1.3.6.1.4.1.14519.5.2.1.6279.6001.792381786708289670758399079830,4,0,214.0,132.0,239.0,0.7535211267605634,0.6027397260273972,0.8415492957746479,220,285,285.0
1.3.6.1.4.1.14519.5.2.1.6279.6001.792381786708289670758399079830,5,1,188.0,128.0,256.756103515625,0.6619718309859155,0.5844748858447488,0.9040707870268486,220,285,285.0
1.3.6.1.4.1.14519.5.2.1.6279.6001.792381786708289670758399079830,6,1,188.0,127.0,254.0,0.6619718309859155,0.5799086757990868,0.8943661971830986,220,285,285.0
1.3.6.1.4.1.14519.5.2.1.6279.6001.792381786708289670758399079830,7,1,188.0,125.0,258.0,0.6619718309859155,0.5707762557077626,0.9084507042253521,220,285,285.0
1.3.6.1.4.1.14519.5.2.1.6279.6001.792381786708289670758399079830,8,1,188.0,131.0,258.0,0.6619718309859155,0.5981735159817352,0.9084507042253521,220,285,285.0
1.3.6.1.4.1.14519.5.2.1.6279.6001.792381786708289670758399079830,9,1,188.0,128.0,254.0,0.6619718309859155,0.5844748858447488,0.8943661971830986,220,285,285.0
1.3.6.1.4.1.14519.5.2.1.6279.6001.797637294244261543517154417124,0,0,44.0,69.0,253.0,0.1660377358490566,0.3026315789473684,0.9100719424460432,229,279,266.0
1.3.6.1.4.1.14519.5.2.1.6279.6001.797637294244261543517154417124,1,0,44.0,68.0,251.0,0.1660377358490566,0.2982456140350877,0.9028776978417267,229,279,266.0
1.3.6.1.4.1.14519.5.2.1.6279.6001.797637294244261543517154417124,2,0,44.0,67.0,254.0,0.1660377358490566,0.29385964912280704,0.9136690647482014,229,279,266.0
1.3.6.1.4.1.14519.5.2.1.6279.6001.797637294244261543517154417124,3,0,44.0,71.0,254.0,0.1660377358490566,0.31140350877192985,0.9136690647482014,229,279,266.0
1.3.6.1.4.1.14519.5.2.1.6279.6001.797637294244261543517154417124,4,0,44.0,69.0,251.0,0.1660377358490566,0.3026315789473684,0.9028776978417267,229,279,266.0
1.3.6.1.4.1.14519.5.2.1.6279.6001.799582546798528864710752164515,0,0,154.0,157.17391967773438,47.0,0.48125,0.6863489942259143,0.1394658753709199,230,338,321.0
1.3.6.1.4.1.14519.5.2.1.6279.6001.799582546798528864710752164515,1,0,154.0,157.0,45.0,0.48125,0.6855895196506551,0.13353115727002968,230,338,321.0
1.3.6.1.4.1.14519.5.2.1.6279.6001.799582546798528864710752164515,2,0,154.0,155.0,48.0,0.48125,0.6768558951965066,0.142433234421365,230,338,321.0
1.3.6.1.4.1.14519.5.2.1.6279.6001.799582546798528864710752164515,3,0,154.0,159.0,49.0,0.48125,0.6943231441048034,0.14540059347181009,230,338,321.0
1.3.6.1.4.1.14519.5.2.1.6279.6001.799582546798528864710752164515,4,0,154.0,158.0,45.0,0.48125,0.6899563318777293,0.13353115727002968,230,338,321.0
1.3.6.1.4.1.14519.5.2.1.6279.6001.801945620899034889998809817499,0,0,225.0,69.57203674316406,238.42796325683594,0.7120253164556962,0.30920905219184025,0.7427662406755013,226,322,317.0
1.3.6.1.4.1.14519.5.2.1.6279.6001.801945620899034889998809817499,1,0,225.0,69.0,230.0,0.7120253164556962,0.30666666666666664,0.7165109034267912,226,322,317.0
1.3.6.1.4.1.14519.5.2.1.6279.6001.801945620899034889998809817499,2,0,225.0,62.0,242.0,0.7120253164556962,0.27555555555555555,0.7538940809968847,226,322,317.0
1.3.6.1.4.1.14519.5.2.1.6279.6001.801945620899034889998809817499,3,0,225.0,76.0,243.0,0.7120253164556962,0.3377777777777778,0.7570093457943925,226,322,317.0
1.3.6.1.4.1.14519.5.2.1.6279.6001.801945620899034889998809817499,4,0,225.0,70.0,230.0,0.7120253164556962,0.3111111111111111,0.7165109034267912,226,322,317.0
1.3.6.1.4.1.14519.5.2.1.6279.6001.803987517543436570820681016103,0,0,233.0,174.63157653808594,192.7894744873047,0.7491961414790996,0.7693020992867222,0.638375743335446,228,303,312.0
1.3.6.1.4.1.14519.5.2.1.6279.6001.803987517543436570820681016103,1,0,233.0,174.0,191.0,0.7491961414790996,0.7665198237885462,0.6324503311258278,228,303,312.0
1.3.6.1.4.1.14519.5.2.1.6279.6001.803987517543436570820681016103,2,0,233.0,173.0,193.0,0.7491961414790996,0.762114537444934,0.6390728476821192,228,303,312.0
1.3.6.1.4.1.14519.5.2.1.6279.6001.803987517543436570820681016103,3,0,233.0,176.0,194.0,0.7491961414790996,0.775330396475771,0.6423841059602649,228,303,312.0
1.3.6.1.4.1.14519.5.2.1.6279.6001.803987517543436570820681016103,4,0,233.0,175.0,191.0,0.7491961414790996,0.7709251101321586,0.6324503311258278,228,303,312.0
1.3.6.1.4.1.14519.5.2.1.6279.6001.803987517543436570820681016103,5,1,138.0,31.285715103149414,85.5,0.4437299035369775,0.13782253349405027,0.28311258278145696,228,303,312.0
1.3.6.1.4.1.14519.5.2.1.6279.6001.803987517543436570820681016103,6,1,138.0,31.0,84.0,0.4437299035369775,0.13656387665198239,0.2781456953642384,228,303,312.0
1.3.6.1.4.1.14519.5.2.1.6279.6001.803987517543436570820681016103,7,1,138.0,30.0,86.0,0.4437299035369775,0.13215859030837004,0.2847682119205298,228,303,312.0
1.3.6.1.4.1.14519.5.2.1.6279.6001.803987517543436570820681016103,8,1,138.0,32.0,87.0,0.4437299035369775,0.14096916299559473,0.28807947019867547,228,303,312.0
1.3.6.1.4.1.14519.5.2.1.6279.6001.803987517543436570820681016103,9,1,138.0,32.0,84.0,0.4437299035369775,0.14096916299559473,0.2781456953642384,228,303,312.0
1.3.6.1.4.1.14519.5.2.1.6279.6001.805925269324902055566754756843,0,0,90.0,214.05149841308594,118.2703857421875,0.2848101265822785,0.8631108806979272,0.3294439714267061,249,360,317.0
1.3.6.1.4.1.14519.5.2.1.6279.6001.805925269324902055566754756843,1,0,90.0,214.0,110.0,0.2848101265822785,0.8629032258064516,0.3064066852367688,249,360,317.0
1.3.6.1.4.1.14519.5.2.1.6279.6001.805925269324902055566754756843,2,0,90.0,207.0,122.0,0.2848101265822785,0.8346774193548387,0.3398328690807799,249,360,317.0
1.3.6.1.4.1.14519.5.2.1.6279.6001.805925269324902055566754756843,3,0,90.0,221.0,123.0,0.2848101265822785,0.8911290322580645,0.3426183844011142,249,360,317.0
1.3.6.1.4.1.14519.5.2.1.6279.6001.805925269324902055566754756843,4,0,90.0,215.0,110.0,0.2848101265822785,0.8669354838709677,0.3064066852367688,249,360,317.0
1.3.6.1.4.1.14519.5.2.1.6279.6001.822128649427327893802314908658,0,0,83.0,201.5,116.5,0.2881944444444444,0.8574468085106383,0.38576158940397354,236,303,289.0
1.3.6.1.4.1.14519.5.2.1.6279.6001.822128649427327893802314908658,1,0,83.0,201.0,114.0,0.2881944444444444,0.8553191489361702,0.37748344370860926,236,303,289.0
1.3.6.1.4.1.14519.5.2.1.6279.6001.822128649427327893802314908658,2,0,83.0,199.0,118.0,0.2881944444444444,0.8468085106382979,0.39072847682119205,236,303,289.0
1.3.6.1.4.1.14519.5.2.1.6279.6001.822128649427327893802314908658,3,0,83.0,204.0,118.0,0.2881944444444444,0.8680851063829788,0.39072847682119205,236,303,289.0
1.3.6.1.4.1.14519.5.2.1.6279.6001.822128649427327893802314908658,4,0,83.0,202.0,114.0,0.2881944444444444,0.8595744680851064,0.37748344370860926,236,303,289.0
1.3.6.1.4.1.14519.5.2.1.6279.6001.826812708000318290301835871780,0,0,114.0,44.7400016784668,91.37999725341797,0.475,0.2052293654975541,0.29572814645119083,219,310,241.0
1.3.6.1.4.1.14519.5.2.1.6279.6001.826812708000318290301835871780,1,0,114.0,44.0,88.0,0.475,0.2018348623853211,0.284789644012945,219,310,241.0
1.3.6.1.4.1.14519.5.2.1.6279.6001.826812708000318290301835871780,2,0,114.0,42.0,93.0,0.475,0.1926605504587156,0.30097087378640774,219,310,241.0
1.3.6.1.4.1.14519.5.2.1.6279.6001.826812708000318290301835871780,3,0,114.0,48.0,93.0,0.475,0.22018348623853212,0.30097087378640774,219,310,241.0
1.3.6.1.4.1.14519.5.2.1.6279.6001.826812708000318290301835871780,4,0,114.0,45.0,88.0,0.475,0.20642201834862386,0.284789644012945,219,310,241.0
1.3.6.1.4.1.14519.5.2.1.6279.6001.826812708000318290301835871780,5,1,104.0,46.90909194946289,79.09091186523438,0.43333333333333335,0.21517932086909583,0.2559576435768103,219,310,241.0
1.3.6.1.4.1.14519.5.2.1.6279.6001.826812708000318290301835871780,6,1,104.0,46.0,77.0,0.43333333333333335,0.21100917431192662,0.24919093851132687,219,310,241.0
1.3.6.1.4.1.14519.5.2.1.6279.6001.826812708000318290301835871780,7,1,104.0,45.0,81.0,0.43333333333333335,0.20642201834862386,0.2621359223300971,219,310,241.0
1.3.6.1.4.1.14519.5.2.1.6279.6001.826812708000318290301835871780,8,1,104.0,49.0,80.0,0.43333333333333335,0.22477064220183487,0.2588996763754045,219,310,241.0
1.3.6.1.4.1.14519.5.2.1.6279.6001.826812708000318290301835871780,9,1,104.0,47.0,77.0,0.43333333333333335,0.21559633027522937,0.24919093851132687,219,310,241.0
1.3.6.1.4.1.14519.5.2.1.6279.6001.826829446346820089862659555750,0,0,106.0,34.087135314941406,200.63485717773438,0.3521594684385382,0.18525617018989896,0.7542663803674224,185,267,302.0
1.3.6.1.4.1.14519.5.2.1.6279.6001.826829446346820089862659555750,1,0,106.0,34.0,192.0,0.3521594684385382,0.18478260869565216,0.7218045112781954,185,267,302.0
1.3.6.1.4.1.14519.5.2.1.6279.6001.826829446346820089862659555750,2,0,106.0,26.0,204.0,0.3521594684385382,0.14130434782608695,0.7669172932330827,185,267,302.0
1.3.6.1.4.1.14519.5.2.1.6279.6001.826829446346820089862659555750,3,0,106.0,41.0,206.0,0.3521594684385382,0.22282608695652173,0.7744360902255639,185,267,302.0
1.3.6.1.4.1.14519.5.2.1.6279.6001.826829446346820089862659555750,4,0,106.0,35.0,192.0,0.3521594684385382,0.19021739130434784,0.7218045112781954,185,267,302.0
1.3.6.1.4.1.14519.5.2.1.6279.6001.826829446346820089862659555750,5,1,79.0,151.5,167.5,0.26245847176079734,0.8233695652173914,0.6296992481203008,185,267,302.0
1.3.6.1.4.1.14519.5.2.1.6279.6001.826829446346820089862659555750,6,1,79.0,151.0,162.0,0.26245847176079734,0.8206521739130435,0.6090225563909775,185,267,302.0
1.3.6.1.4.1.14519.5.2.1.6279.6001.826829446346820089862659555750,7,1,79.0,147.0,170.0,0.26245847176079734,0.7989130434782609,0.6390977443609023,185,267,302.0
1.3.6.1.4.1.14519.5.2.1.6279.6001.826829446346820089862659555750,8,1,79.0,156.0,171.0,0.26245847176079734,0.8478260869565217,0.6428571428571429,185,267,302.0
1.3.6.1.4.1.14519.5.2.1.6279.6001.826829446346820089862659555750,9,1,79.0,152.0,162.0,0.26245847176079734,0.8260869565217391,0.6090225563909775,185,267,302.0
1.3.6.1.4.1.14519.5.2.1.6279.6001.826829446346820089862659555750,10,2,91.0,149.0,186.18055725097656,0.3023255813953488,0.8097826086956522,0.6999269069585585,185,267,302.0
1.3.6.1.4.1.14519.5.2.1.6279.6001.826829446346820089862659555750,11,2,91.0,148.0,182.0,0.3023255813953488,0.8043478260869565,0.6842105263157895,185,267,302.0
1.3.6.1.4.1.14519.5.2.1.6279.6001.826829446346820089862659555750,12,2,91.0,146.0,189.0,0.3023255813953488,0.7934782608695652,0.7105263157894737,185,267,302.0
1.3.6.1.4.1.14519.5.2.1.6279.6001.826829446346820089862659555750,13,2,91.0,152.0,189.0,0.3023255813953488,0.8260869565217391,0.7105263157894737,185,267,302.0
1.3.6.1.4.1.14519.5.2.1.6279.6001.826829446346820089862659555750,14,2,91.0,149.0,182.0,0.3023255813953488,0.8097826086956522,0.6842105263157895,185,267,302.0
1.3.6.1.4.1.14519.5.2.1.6279.6001.826829446346820089862659555750,15,3,240.0,68.0727310180664,95.34545135498047,0.7973421926910299,0.36996049466340436,0.358441546447295,185,267,302.0
1.3.6.1.4.1.14519.5.2.1.6279.6001.826829446346820089862659555750,16,3,240.0,68.0,92.0,0.7973421926910299,0.3695652173913043,0.3458646616541353,185,267,302.0
1.3.6.1.4.1.14519.5.2.1.6279.6001.826829446346820089862659555750,17,3,240.0,65.0,97.0,0.7973421926910299,0.3532608695652174,0.36466165413533835,185,267,302.0
1.3.6.1.4.1.14519.5.2.1.6279.6001.826829446346820089862659555750,18,3,240.0,71.0,98.0,0.7973421926910299,0.3858695652173913,0.3684210526315789,185,267,302.0
1.3.6.1.4.1.14519.5.2.1.6279.6001.826829446346820089862659555750,19,3,240.0,69.0,92.0,0.7973421926910299,0.375,0.3458646616541353,185,267,302.0
1.3.6.1.4.1.14519.5.2.1.6279.6001.826829446346820089862659555750,20,4,64.0,81.89583587646484,161.1666717529297,0.21262458471760798,0.4450860645460046,0.6058897434320665,185,267,302.0
1.3.6.1.4.1.14519.5.2.1.6279.6001.826829446346820089862659555750,21,4,64.0,81.0,158.0,0.21262458471760798,0.44021739130434784,0.5939849624060151,185,267,302.0
1.3.6.1.4.1.14519.5.2.1.6279.6001.826829446346820089862659555750,22,4,64.0,79.0,163.0,0.21262458471760798,0.42934782608695654,0.6127819548872181,185,267,302.0
1.3.6.1.4.1.14519.5.2.1.6279.6001.826829446346820089862659555750,23,4,64.0,85.0,163.0,0.21262458471760798,0.46195652173913043,0.6127819548872181,185,267,302.0
1.3.6.1.4.1.14519.5.2.1.6279.6001.826829446346820089862659555750,24,4,64.0,82.0,158.0,0.21262458471760798,0.44565217391304346,0.5939849624060151,185,267,302.0
1.3.6.1.4.1.14519.5.2.1.6279.6001.832260670372728970918746541371,0,0,225.0,150.36666870117188,205.63333129882812,0.8426966292134831,0.6087719380614246,0.5858499467203081,248,352,268.0
1.3.6.1.4.1.14519.5.2.1.6279.6001.832260670372728970918746541371,1,0,225.0,150.0,203.0,0.8426966292134831,0.6072874493927125,0.5783475783475783,248,352,268.0
1.3.6.1.4.1.14519.5.2.1.6279.6001.832260670372728970918746541371,2,0,225.0,148.0,206.0,0.8426966292134831,0.5991902834008097,0.5868945868945868,248,352,268.0
1.3.6.1.4.1.14519.5.2.1.6279.6001.832260670372728970918746541371,3,0,225.0,152.0,208.0,0.8426966292134831,0.6153846153846154,0.5925925925925926,248,352,268.0
1.3.6.1.4.1.14519.5.2.1.6279.6001.832260670372728970918746541371,4,0,225.0,151.0,203.0,0.8426966292134831,0.611336032388664,0.5783475783475783,248,352,268.0
1.3.6.1.4.1.14519.5.2.1.6279.6001.832260670372728970918746541371,5,1,91.0,194.8333282470703,55.599998474121094,0.3408239700374532,0.7887988997857097,0.15840455405732506,248,352,268.0
1.3.6.1.4.1.14519.5.2.1.6279.6001.832260670372728970918746541371,6,1,91.0,194.0,53.0,0.3408239700374532,0.7854251012145749,0.150997150997151,248,352,268.0
1.3.6.1.4.1.14519.5.2.1.6279.6001.832260670372728970918746541371,7,1,91.0,193.0,57.0,0.3408239700374532,0.7813765182186235,0.1623931623931624,248,352,268.0
1.3.6.1.4.1.14519.5.2.1.6279.6001.832260670372728970918746541371,8,1,91.0,197.0,57.0,0.3408239700374532,0.7975708502024291,0.1623931623931624,248,352,268.0
1.3.6.1.4.1.14519.5.2.1.6279.6001.832260670372728970918746541371,9,1,91.0,195.0,53.0,0.3408239700374532,0.7894736842105263,0.150997150997151,248,352,268.0
1.3.6.1.4.1.14519.5.2.1.6279.6001.837810280808122125183730411210,0,0,154.0,68.64935302734375,67.18181610107422,0.5365853658536586,0.30923131994298986,0.21395482834737012,223,315,288.0
1.3.6.1.4.1.14519.5.2.1.6279.6001.837810280808122125183730411210,1,0,154.0,68.0,63.0,0.5365853658536586,0.3063063063063063,0.20063694267515925,223,315,288.0
1.3.6.1.4.1.14519.5.2.1.6279.6001.837810280808122125183730411210,2,0,154.0,65.0,69.0,0.5365853658536586,0.2927927927927928,0.2197452229299363,223,315,288.0
1.3.6.1.4.1.14519.5.2.1.6279.6001.837810280808122125183730411210,3,0,154.0,72.0,70.0,0.5365853658536586,0.32432432432432434,0.2229299363057325,223,315,288.0
1.3.6.1.4.1.14519.5.2.1.6279.6001.837810280808122125183730411210,4,0,154.0,69.0,63.0,0.5365853658536586,0.3108108108108108,0.20063694267515925,223,315,288.0
1.3.6.1.4.1.14519.5.2.1.6279.6001.842317928015463083368074520378,0,0,102.0,174.2857208251953,40.5,0.36042402826855124,0.771175755863696,0.14944649446494465,227,272,284.0
1.3.6.1.4.1.14519.5.2.1.6279.6001.842317928015463083368074520378,1,0,102.0,174.0,39.0,0.36042402826855124,0.7699115044247787,0.14391143911439114,227,272,284.0
1.3.6.1.4.1.14519.5.2.1.6279.6001.842317928015463083368074520378,2,0,102.0,173.0,41.0,0.36042402826855124,0.7654867256637168,0.15129151291512916,227,272,284.0
1.3.6.1.4.1.14519.5.2.1.6279.6001.842317928015463083368074520378,3,0,102.0,175.0,42.0,0.36042402826855124,0.7743362831858407,0.15498154981549817,227,272,284.0
1.3.6.1.4.1.14519.5.2.1.6279.6001.842317928015463083368074520378,4,0,102.0,175.0,39.0,0.36042402826855124,0.7743362831858407,0.14391143911439114,227,272,284.0
1.3.6.1.4.1.14519.5.2.1.6279.6001.850739282072340578344345230132,0,0,89.0,35.21768569946289,88.54421997070312,0.36475409836065575,0.19457284916830325,0.33539477261629974,182,265,245.0
1.3.6.1.4.1.14519.5.2.1.6279.6001.850739282072340578344345230132,1,0,89.0,35.0,82.0,0.36475409836065575,0.19337016574585636,0.3106060606060606,182,265,245.0
1.3.6.1.4.1.14519.5.2.1.6279.6001.850739282072340578344345230132,2,0,89.0,29.0,91.0,0.36475409836065575,0.16022099447513813,0.3446969696969697,182,265,245.0
1.3.6.1.4.1.14519.5.2.1.6279.6001.850739282072340578344345230132,3,0,89.0,41.0,92.0,0.36475409836065575,0.2265193370165746,0.3484848484848485,182,265,245.0
1.3.6.1.4.1.14519.5.2.1.6279.6001.850739282072340578344345230132,4,0,89.0,36.0,82.0,0.36475409836065575,0.19889502762430938,0.3106060606060606,182,265,245.0
1.3.6.1.4.1.14519.5.2.1.6279.6001.861997885565255340442123234170,0,0,86.0,203.92105102539062,199.36842346191406,0.34959349593495936,0.9397283457391273,0.7094961689036088,218,282,247.0
1.3.6.1.4.1.14519.5.2.1.6279.6001.861997885565255340442123234170,1,0,86.0,203.0,197.0,0.34959349593495936,0.9354838709677419,0.701067615658363,218,282,247.0
1.3.6.1.4.1.14519.5.2.1.6279.6001.861997885565255340442123234170,2,0,86.0,201.0,201.0,0.34959349593495936,0.9262672811059908,0.7153024911032029,218,282,247.0
1.3.6.1.4.1.14519.5.2.1.6279.6001.861997885565255340442123234170,3,0,86.0,206.0,201.0,0.34959349593495936,0.9493087557603687,0.7153024911032029,218,282,247.0
1.3.6.1.4.1.14519.5.2.1.6279.6001.861997885565255340442123234170,4,0,86.0,204.0,196.0,0.34959349593495936,0.9400921658986175,0.697508896797153,218,282,247.0
1.3.6.1.4.1.14519.5.2.1.6279.6001.866845763956586959109892274084,0,0,167.0,89.0,62.75609588623047,0.6278195488721805,0.4810810810810811,0.2257413521087427,186,279,267.0
1.3.6.1.4.1.14519.5.2.1.6279.6001.866845763956586959109892274084,1,0,167.0,88.0,60.0,0.6278195488721805,0.4756756756756757,0.2158273381294964,186,279,267.0
1.3.6.1.4.1.14519.5.2.1.6279.6001.866845763956586959109892274084,2,0,167.0,86.0,64.0,0.6278195488721805,0.4648648648648649,0.2302158273381295,186,279,267.0
1.3.6.1.4.1.14519.5.2.1.6279.6001.866845763956586959109892274084,3,0,167.0,92.0,64.0,0.6278195488721805,0.4972972972972973,0.2302158273381295,186,279,267.0
1.3.6.1.4.1.14519.5.2.1.6279.6001.866845763956586959109892274084,4,0,167.0,89.0,60.0,0.6278195488721805,0.4810810810810811,0.2158273381294964,186,279,267.0
1.3.6.1.4.1.14519.5.2.1.6279.6001.868211851413924881662621747734,0,0,119.0,162.92857360839844,55.26785659790039,0.468503937007874,0.857518808465255,0.1854626060332228,191,299,255.0
1.3.6.1.4.1.14519.5.2.1.6279.6001.868211851413924881662621747734,1,0,119.0,162.0,52.0,0.468503937007874,0.8526315789473684,0.174496644295302,191,299,255.0
1.3.6.1.4.1.14519.5.2.1.6279.6001.868211851413924881662621747734,2,0,119.0,160.0,58.0,0.468503937007874,0.8421052631578947,0.19463087248322147,191,299,255.0
1.3.6.1.4.1.14519.5.2.1.6279.6001.868211851413924881662621747734,3,0,119.0,166.0,57.0,0.468503937007874,0.8736842105263158,0.1912751677852349,191,299,255.0
1.3.6.1.4.1.14519.5.2.1.6279.6001.868211851413924881662621747734,4,0,119.0,163.0,51.0,0.468503937007874,0.8578947368421053,0.17114093959731544,191,299,255.0
1.3.6.1.4.1.14519.5.2.1.6279.6001.868211851413924881662621747734,5,1,151.0,159.5625,112.3125,0.594488188976378,0.8398026315789474,0.37688758389261745,191,299,255.0
1.3.6.1.4.1.14519.5.2.1.6279.6001.868211851413924881662621747734,6,1,151.0,159.0,110.0,0.594488188976378,0.8368421052631579,0.3691275167785235,191,299,255.0
1.3.6.1.4.1.14519.5.2.1.6279.6001.868211851413924881662621747734,7,1,151.0,157.0,114.0,0.594488188976378,0.8263157894736842,0.3825503355704698,191,299,255.0
1.3.6.1.4.1.14519.5.2.1.6279.6001.868211851413924881662621747734,8,1,151.0,162.0,114.0,0.594488188976378,0.8526315789473684,0.3825503355704698,191,299,255.0
1.3.6.1.4.1.14519.5.2.1.6279.6001.868211851413924881662621747734,9,1,151.0,160.0,109.0,0.594488188976378,0.8421052631578947,0.36577181208053694,191,299,255.0
1.3.6.1.4.1.14519.5.2.1.6279.6001.868211851413924881662621747734,10,2,178.0,139.75,127.25,0.7007874015748031,0.7355263157894737,0.42701342281879195,191,299,255.0
1.3.6.1.4.1.14519.5.2.1.6279.6001.868211851413924881662621747734,11,2,178.0,139.0,125.0,0.7007874015748031,0.7315789473684211,0.41946308724832215,191,299,255.0
1.3.6.1.4.1.14519.5.2.1.6279.6001.868211851413924881662621747734,12,2,178.0,138.0,128.0,0.7007874015748031,0.7263157894736842,0.42953020134228187,191,299,255.0
1.3.6.1.4.1.14519.5.2.1.6279.6001.868211851413924881662621747734,13,2,178.0,141.0,129.0,0.7007874015748031,0.7421052631578947,0.43288590604026844,191,299,255.0
1.3.6.1.4.1.14519.5.2.1.6279.6001.868211851413924881662621747734,14,2,178.0,140.0,125.0,0.7007874015748031,0.7368421052631579,0.41946308724832215,191,299,255.0
1.3.6.1.4.1.14519.5.2.1.6279.6001.877026508860018521147620598474,0,0,203.0,95.43055725097656,89.0,0.7302158273381295,0.4919100889225596,0.3296296296296296,195,271,279.0
1.3.6.1.4.1.14519.5.2.1.6279.6001.877026508860018521147620598474,1,0,203.0,95.0,85.0,0.7302158273381295,0.4896907216494845,0.3148148148148148,195,271,279.0
1.3.6.1.4.1.14519.5.2.1.6279.6001.877026508860018521147620598474,2,0,203.0,92.0,91.0,0.7302158273381295,0.4742268041237113,0.337037037037037,195,271,279.0
1.3.6.1.4.1.14519.5.2.1.6279.6001.877026508860018521147620598474,3,0,203.0,99.0,92.0,0.7302158273381295,0.5103092783505154,0.34074074074074073,195,271,279.0
1.3.6.1.4.1.14519.5.2.1.6279.6001.877026508860018521147620598474,4,0,203.0,96.0,85.0,0.7302158273381295,0.4948453608247423,0.3148148148148148,195,271,279.0
1.3.6.1.4.1.14519.5.2.1.6279.6001.882070241245008756731854510592,0,0,239.0,125.02702331542969,221.0270233154297,0.8475177304964538,0.5897501099784419,0.7129903977917087,213,311,283.0
1.3.6.1.4.1.14519.5.2.1.6279.6001.882070241245008756731854510592,1,0,239.0,125.0,213.0,0.8475177304964538,0.589622641509434,0.6870967741935484,213,311,283.0
1.3.6.1.4.1.14519.5.2.1.6279.6001.882070241245008756731854510592,2,0,239.0,118.0,224.0,0.8475177304964538,0.5566037735849056,0.7225806451612903,213,311,283.0
1.3.6.1.4.1.14519.5.2.1.6279.6001.882070241245008756731854510592,3,0,239.0,131.0,226.0,0.8475177304964538,0.6179245283018868,0.7290322580645161,213,311,283.0
1.3.6.1.4.1.14519.5.2.1.6279.6001.882070241245008756731854510592,4,0,239.0,126.0,213.0,0.8475177304964538,0.5943396226415094,0.6870967741935484,213,311,283.0
1.3.6.1.4.1.14519.5.2.1.6279.6001.882070241245008756731854510592,5,1,157.0,105.63529205322266,270.5529479980469,0.5567375886524822,0.4982796794963333,0.8727514451549899,213,311,283.0
1.3.6.1.4.1.14519.5.2.1.6279.6001.882070241245008756731854510592,6,1,157.0,105.0,266.0,0.5567375886524822,0.49528301886792453,0.8580645161290322,213,311,283.0
1.3.6.1.4.1.14519.5.2.1.6279.6001.882070241245008756731854510592,7,1,157.0,102.0,273.0,0.5567375886524822,0.4811320754716981,0.8806451612903226,213,311,283.0
1.3.6.1.4.1.14519.5.2.1.6279.6001.882070241245008756731854510592,8,1,157.0,110.0,273.0,0.5567375886524822,0.5188679245283019,0.8806451612903226,213,311,283.0
1.3.6.1.4.1.14519.5.2.1.6279.6001.882070241245008756731854510592,9,1,157.0,106.0,266.0,0.5567375886524822,0.5,0.8580645161290322,213,311,283.0
1.3.6.1.4.1.14519.5.2.1.6279.6001.882070241245008756731854510592,10,2,167.0,70.0,230.65625,0.5921985815602837,0.330188679245283,0.7440524193548387,213,311,283.0
1.3.6.1.4.1.14519.5.2.1.6279.6001.882070241245008756731854510592,11,2,167.0,69.0,228.0,0.5921985815602837,0.32547169811320753,0.7354838709677419,213,311,283.0
1.3.6.1.4.1.14519.5.2.1.6279.6001.882070241245008756731854510592,12,2,167.0,68.0,233.0,0.5921985815602837,0.32075471698113206,0.7516129032258064,213,311,283.0
1.3.6.1.4.1.14519.5.2.1.6279.6001.882070241245008756731854510592,13,2,167.0,72.0,232.0,0.5921985815602837,0.33962264150943394,0.7483870967741936,213,311,283.0
1.3.6.1.4.1.14519.5.2.1.6279.6001.882070241245008756731854510592,14,2,167.0,70.0,228.0,0.5921985815602837,0.330188679245283,0.7354838709677419,213,311,283.0
1.3.6.1.4.1.14519.5.2.1.6279.6001.882070241245008756731854510592,15,3,116.0,115.0,39.0,0.41134751773049644,0.5424528301886793,0.12580645161290321,213,311,283.0
1.3.6.1.4.1.14519.5.2.1.6279.6001.882070241245008756731854510592,16,3,116.0,114.0,37.0,0.41134751773049644,0.5377358490566038,0.11935483870967742,213,311,283.0
1.3.6.1.4.1.14519.5.2.1.6279.6001.882070241245008756731854510592,17,3,116.0,113.0,40.0,0.41134751773049644,0.5330188679245284,0.12903225806451613,213,311,283.0
1.3.6.1.4.1.14519.5.2.1.6279.6001.882070241245008756731854510592,18,3,116.0,117.0,40.0,0.41134751773049644,0.5518867924528302,0.12903225806451613,213,311,283.0
1.3.6.1.4.1.14519.5.2.1.6279.6001.882070241245008756731854510592,19,3,116.0,115.0,37.0,0.41134751773049644,0.5424528301886793,0.11935483870967742,213,311,283.0
1.3.6.1.4.1.14519.5.2.1.6279.6001.892375496445736188832556446335,0,0,228.0,94.76271057128906,233.86016845703125,0.7702702702702703,0.4534100984272204,0.7617595063746946,210,308,297.0
1.3.6.1.4.1.14519.5.2.1.6279.6001.892375496445736188832556446335,1,0,228.0,94.0,226.0,0.7702702702702703,0.44976076555023925,0.7361563517915309,210,308,297.0
1.3.6.1.4.1.14519.5.2.1.6279.6001.892375496445736188832556446335,2,0,228.0,88.0,238.0,0.7702702702702703,0.42105263157894735,0.7752442996742671,210,308,297.0
1.3.6.1.4.1.14519.5.2.1.6279.6001.892375496445736188832556446335,3,0,228.0,102.0,238.0,0.7702702702702703,0.4880382775119617,0.7752442996742671,210,308,297.0
1.3.6.1.4.1.14519.5.2.1.6279.6001.892375496445736188832556446335,4,0,228.0,95.0,226.0,0.7702702702702703,0.45454545454545453,0.7361563517915309,210,308,297.0
1.3.6.1.4.1.14519.5.2.1.6279.6001.897684031374557757145405000951,0,0,114.0,166.76356506347656,195.27906799316406,0.5135135135135135,0.6862698150760352,0.6710620893235878,244,292,223.0
1.3.6.1.4.1.14519.5.2.1.6279.6001.897684031374557757145405000951,1,0,114.0,166.0,187.0,0.5135135135135135,0.6831275720164609,0.6426116838487973,244,292,223.0
1.3.6.1.4.1.14519.5.2.1.6279.6001.897684031374557757145405000951,2,0,114.0,160.0,200.0,0.5135135135135135,0.6584362139917695,0.6872852233676976,244,292,223.0
1.3.6.1.4.1.14519.5.2.1.6279.6001.897684031374557757145405000951,3,0,114.0,175.0,199.0,0.5135135135135135,0.720164609053498,0.6838487972508591,244,292,223.0
1.3.6.1.4.1.14519.5.2.1.6279.6001.897684031374557757145405000951,4,0,114.0,167.0,187.0,0.5135135135135135,0.6872427983539094,0.6426116838487973,244,292,223.0
1.3.6.1.4.1.14519.5.2.1.6279.6001.897684031374557757145405000951,5,1,134.0,122.0,40.810054779052734,0.6036036036036037,0.5020576131687243,0.14024073807234616,244,292,223.0
1.3.6.1.4.1.14519.5.2.1.6279.6001.897684031374557757145405000951,6,1,134.0,121.0,34.0,0.6036036036036037,0.49794238683127573,0.11683848797250859,244,292,223.0
1.3.6.1.4.1.14519.5.2.1.6279.6001.897684031374557757145405000951,7,1,134.0,116.0,45.0,0.6036036036036037,0.4773662551440329,0.15463917525773196,244,292,223.0
1.3.6.1.4.1.14519.5.2.1.6279.6001.897684031374557757145405000951,8,1,134.0,128.0,44.0,0.6036036036036037,0.5267489711934157,0.15120274914089346,244,292,223.0
1.3.6.1.4.1.14519.5.2.1.6279.6001.897684031374557757145405000951,9,1,134.0,122.0,34.0,0.6036036036036037,0.5020576131687243,0.11683848797250859,244,292,223.0
1.3.6.1.4.1.14519.5.2.1.6279.6001.897684031374557757145405000951,10,2,138.0,76.67500305175781,49.23749923706055,0.6216216216216216,0.3155349919825424,0.16920102830605,244,292,223.0
1.3.6.1.4.1.14519.5.2.1.6279.6001.897684031374557757145405000951,11,2,138.0,76.0,45.0,0.6216216216216216,0.31275720164609055,0.15463917525773196,244,292,223.0
1.3.6.1.4.1.14519.5.2.1.6279.6001.897684031374557757145405000951,12,2,138.0,73.0,51.0,0.6216216216216216,0.3004115226337449,0.17525773195876287,244,292,223.0
1.3.6.1.4.1.14519.5.2.1.6279.6001.897684031374557757145405000951,13,2,138.0,80.0,52.0,0.6216216216216216,0.3292181069958848,0.17869415807560138,244,292,223.0
1.3.6.1.4.1.14519.5.2.1.6279.6001.897684031374557757145405000951,14,2,138.0,77.0,45.0,0.6216216216216216,0.3168724279835391,0.15463917525773196,244,292,223.0
1.3.6.1.4.1.14519.5.2.1.6279.6001.897684031374557757145405000951,15,3,141.0,86.5,44.71052551269531,0.6351351351351351,0.3559670781893004,0.1536444175693997,244,292,223.0
1.3.6.1.4.1.14519.5.2.1.6279.6001.897684031374557757145405000951,16,3,141.0,86.0,40.0,0.6351351351351351,0.35390946502057613,0.13745704467353953,244,292,223.0
1.3.6.1.4.1.14519.5.2.1.6279.6001.897684031374557757145405000951,17,3,141.0,83.0,47.0,0.6351351351351351,0.34156378600823045,0.16151202749140894,244,292,223.0
1.3.6.1.4.1.14519.5.2.1.6279.6001.897684031374557757145405000951,18,3,141.0,90.0,48.0,0.6351351351351351,0.37037037037037035,0.16494845360824742,244,292,223.0
1.3.6.1.4.1.14519.5.2.1.6279.6001.897684031374557757145405000951,19,3,141.0,87.0,40.0,0.6351351351351351,0.35802469135802467,0.13745704467353953,244,292,223.0
1.3.6.1.4.1.14519.5.2.1.6279.6001.897684031374557757145405000951,20,4,116.0,179.67857360839844,58.67856979370117,0.5225225225225225,0.7394179983884709,0.2016445697378047,244,292,223.0
1.3.6.1.4.1.14519.5.2.1.6279.6001.897684031374557757145405000951,21,4,116.0,179.0,56.0,0.5225225225225225,0.7366255144032922,0.19243986254295534,244,292,223.0
1.3.6.1.4.1.14519.5.2.1.6279.6001.897684031374557757145405000951,22,4,116.0,178.0,60.0,0.5225225225225225,0.7325102880658436,0.20618556701030927,244,292,223.0
1.3.6.1.4.1.14519.5.2.1.6279.6001.897684031374557757145405000951,23,4,116.0,182.0,60.0,0.5225225225225225,0.7489711934156379,0.20618556701030927,244,292,223.0
1.3.6.1.4.1.14519.5.2.1.6279.6001.897684031374557757145405000951,24,4,116.0,180.0,56.0,0.5225225225225225,0.7407407407407407,0.19243986254295534,244,292,223.0
1.3.6.1.4.1.14519.5.2.1.6279.6001.898642529028521482602829374444,0,0,50.0,12.764705657958984,63.764705657958984,0.27932960893854747,0.07336037734459186,0.283398691813151,175,226,180.0
1.3.6.1.4.1.14519.5.2.1.6279.6001.898642529028521482602829374444,1,0,50.0,12.0,62.0,0.27932960893854747,0.06896551724137931,0.27555555555555555,175,226,180.0
1.3.6.1.4.1.14519.5.2.1.6279.6001.898642529028521482602829374444,2,0,50.0,11.0,65.0,0.27932960893854747,0.06321839080459771,0.28888888888888886,175,226,180.0
1.3.6.1.4.1.14519.5.2.1.6279.6001.898642529028521482602829374444,3,0,50.0,14.0,65.0,0.27932960893854747,0.08045977011494253,0.28888888888888886,175,226,180.0
1.3.6.1.4.1.14519.5.2.1.6279.6001.898642529028521482602829374444,4,0,50.0,13.0,62.0,0.27932960893854747,0.07471264367816093,0.27555555555555555,175,226,180.0
1.3.6.1.4.1.14519.5.2.1.6279.6001.898642529028521482602829374444,5,1,82.0,33.28571319580078,180.5,0.4581005586592179,0.19129720227471714,0.8022222222222222,175,226,180.0
1.3.6.1.4.1.14519.5.2.1.6279.6001.898642529028521482602829374444,6,1,82.0,33.0,179.0,0.4581005586592179,0.1896551724137931,0.7955555555555556,175,226,180.0
1.3.6.1.4.1.14519.5.2.1.6279.6001.898642529028521482602829374444,7,1,82.0,32.0,181.0,0.4581005586592179,0.1839080459770115,0.8044444444444444,175,226,180.0
1.3.6.1.4.1.14519.5.2.1.6279.6001.898642529028521482602829374444,8,1,82.0,34.0,182.0,0.4581005586592179,0.19540229885057472,0.8088888888888889,175,226,180.0
1.3.6.1.4.1.14519.5.2.1.6279.6001.898642529028521482602829374444,9,1,82.0,34.0,179.0,0.4581005586592179,0.19540229885057472,0.7955555555555556,175,226,180.0
1.3.6.1.4.1.14519.5.2.1.6279.6001.900182736599353600185270496549,0,0,181.0,139.88888549804688,193.27777099609375,0.6804511278195489,0.6823848073075457,0.6952437805614883,206,279,267.0
1.3.6.1.4.1.14519.5.2.1.6279.6001.900182736599353600185270496549,1,0,181.0,139.0,192.0,0.6804511278195489,0.6780487804878049,0.6906474820143885,206,279,267.0
1.3.6.1.4.1.14519.5.2.1.6279.6001.900182736599353600185270496549,2,0,181.0,138.0,194.0,0.6804511278195489,0.6731707317073171,0.697841726618705,206,279,267.0
1.3.6.1.4.1.14519.5.2.1.6279.6001.900182736599353600185270496549,3,0,181.0,141.0,195.0,0.6804511278195489,0.6878048780487804,0.7014388489208633,206,279,267.0
1.3.6.1.4.1.14519.5.2.1.6279.6001.900182736599353600185270496549,4,0,181.0,140.0,191.0,0.6804511278195489,0.6829268292682927,0.6870503597122302,206,279,267.0
1.3.6.1.4.1.14519.5.2.1.6279.6001.900182736599353600185270496549,5,1,72.0,130.5,23.285715103149414,0.2706766917293233,0.6365853658536585,0.0837615651192425,206,279,267.0
1.3.6.1.4.1.14519.5.2.1.6279.6001.900182736599353600185270496549,6,1,72.0,130.0,22.0,0.2706766917293233,0.6341463414634146,0.07913669064748201,206,279,267.0
1.3.6.1.4.1.14519.5.2.1.6279.6001.900182736599353600185270496549,7,1,72.0,129.0,24.0,0.2706766917293233,0.6292682926829268,0.08633093525179857,206,279,267.0
1.3.6.1.4.1.14519.5.2.1.6279.6001.900182736599353600185270496549,8,1,72.0,132.0,24.0,0.2706766917293233,0.6439024390243903,0.08633093525179857,206,279,267.0
1.3.6.1.4.1.14519.5.2.1.6279.6001.900182736599353600185270496549,9,1,72.0,131.0,22.0,0.2706766917293233,0.6390243902439025,0.07913669064748201,206,279,267.0
1.3.6.1.4.1.14519.5.2.1.6279.6001.905371958588660410240398317235,0,0,227.0,157.01370239257812,267.4739685058594,0.7138364779874213,0.6797129973704681,0.8154694161764006,232,329,319.0
1.3.6.1.4.1.14519.5.2.1.6279.6001.905371958588660410240398317235,1,0,227.0,156.0,257.0,0.7138364779874213,0.6753246753246753,0.7835365853658537,232,329,319.0
1.3.6.1.4.1.14519.5.2.1.6279.6001.905371958588660410240398317235,2,0,227.0,148.0,273.0,0.7138364779874213,0.6406926406926406,0.8323170731707317,232,329,319.0
1.3.6.1.4.1.14519.5.2.1.6279.6001.905371958588660410240398317235,3,0,227.0,166.0,272.0,0.7138364779874213,0.7186147186147186,0.8292682926829268,232,329,319.0
1.3.6.1.4.1.14519.5.2.1.6279.6001.905371958588660410240398317235,4,0,227.0,157.0,257.0,0.7138364779874213,0.6796536796536796,0.7835365853658537,232,329,319.0
1.3.6.1.4.1.14519.5.2.1.6279.6001.908250781706513856628130123235,0,0,244.0,91.86206817626953,258.5,0.7625,0.4272654333779978,0.7953846153846154,216,326,321.0
1.3.6.1.4.1.14519.5.2.1.6279.6001.908250781706513856628130123235,1,0,244.0,91.0,255.0,0.7625,0.4232558139534884,0.7846153846153846,216,326,321.0
1.3.6.1.4.1.14519.5.2.1.6279.6001.908250781706513856628130123235,2,0,244.0,89.0,261.0,0.7625,0.413953488372093,0.803076923076923,216,326,321.0
1.3.6.1.4.1.14519.5.2.1.6279.6001.908250781706513856628130123235,3,0,244.0,95.0,260.0,0.7625,0.4418604651162791,0.8,216,326,321.0
1.3.6.1.4.1.14519.5.2.1.6279.6001.908250781706513856628130123235,4,0,244.0,92.0,255.0,0.7625,0.42790697674418604,0.7846153846153846,216,326,321.0
1.3.6.1.4.1.14519.5.2.1.6279.6001.908250781706513856628130123235,5,1,129.0,29.586206436157227,81.27586364746094,0.403125,0.13761026249375455,0.25007958045372597,216,326,321.0
1.3.6.1.4.1.14519.5.2.1.6279.6001.908250781706513856628130123235,6,1,129.0,29.0,79.0,0.403125,0.13488372093023257,0.24307692307692308,216,326,321.0
1.3.6.1.4.1.14519.5.2.1.6279.6001.908250781706513856628130123235,7,1,129.0,27.0,82.0,0.403125,0.12558139534883722,0.2523076923076923,216,326,321.0
1.3.6.1.4.1.14519.5.2.1.6279.6001.908250781706513856628130123235,8,1,129.0,32.0,83.0,0.403125,0.14883720930232558,0.2553846153846154,216,326,321.0
1.3.6.1.4.1.14519.5.2.1.6279.6001.908250781706513856628130123235,9,1,129.0,30.0,79.0,0.403125,0.13953488372093023,0.24307692307692308,216,326,321.0
1.3.6.1.4.1.14519.5.2.1.6279.6001.908250781706513856628130123235,10,2,101.0,143.5,78.5,0.315625,0.6674418604651163,0.24153846153846154,216,326,321.0
1.3.6.1.4.1.14519.5.2.1.6279.6001.908250781706513856628130123235,11,2,101.0,143.0,77.0,0.315625,0.6651162790697674,0.23692307692307693,216,326,321.0
1.3.6.1.4.1.14519.5.2.1.6279.6001.908250781706513856628130123235,12,2,101.0,142.0,79.0,0.315625,0.6604651162790698,0.24307692307692308,216,326,321.0
1.3.6.1.4.1.14519.5.2.1.6279.6001.908250781706513856628130123235,13,2,101.0,145.0,80.0,0.315625,0.6744186046511628,0.24615384615384617,216,326,321.0
1.3.6.1.4.1.14519.5.2.1.6279.6001.908250781706513856628130123235,14,2,101.0,144.0,77.0,0.315625,0.6697674418604651,0.23692307692307693,216,326,321.0
1.3.6.1.4.1.14519.5.2.1.6279.6001.910435939545691201820711078950,0,0,186.0,39.24050521850586,174.6392364501953,0.6305084745762712,0.218002806769477,0.6127692507024397,181,286,296.0
1.3.6.1.4.1.14519.5.2.1.6279.6001.910435939545691201820711078950,1,0,186.0,39.0,168.0,0.6305084745762712,0.21666666666666667,0.5894736842105263,181,286,296.0
1.3.6.1.4.1.14519.5.2.1.6279.6001.910435939545691201820711078950,2,0,186.0,33.0,177.0,0.6305084745762712,0.18333333333333332,0.6210526315789474,181,286,296.0
1.3.6.1.4.1.14519.5.2.1.6279.6001.910435939545691201820711078950,3,0,186.0,44.0,179.0,0.6305084745762712,0.24444444444444444,0.6280701754385964,181,286,296.0
1.3.6.1.4.1.14519.5.2.1.6279.6001.910435939545691201820711078950,4,0,186.0,40.0,168.0,0.6305084745762712,0.2222222222222222,0.5894736842105263,181,286,296.0
1.3.6.1.4.1.14519.5.2.1.6279.6001.910435939545691201820711078950,5,1,195.0,32.828125,160.171875,0.6610169491525424,0.18237847222222223,0.5620065789473684,181,286,296.0
1.3.6.1.4.1.14519.5.2.1.6279.6001.910435939545691201820711078950,6,1,195.0,32.0,156.0,0.6610169491525424,0.17777777777777778,0.5473684210526316,181,286,296.0
1.3.6.1.4.1.14519.5.2.1.6279.6001.910435939545691201820711078950,7,1,195.0,29.0,162.0,0.6610169491525424,0.16111111111111112,0.5684210526315789,181,286,296.0
1.3.6.1.4.1.14519.5.2.1.6279.6001.910435939545691201820711078950,8,1,195.0,36.0,163.0,0.6610169491525424,0.2,0.5719298245614035,181,286,296.0
1.3.6.1.4.1.14519.5.2.1.6279.6001.910435939545691201820711078950,9,1,195.0,33.0,156.0,0.6610169491525424,0.18333333333333332,0.5473684210526316,181,286,296.0
1.3.6.1.4.1.14519.5.2.1.6279.6001.910435939545691201820711078950,10,2,93.0,148.39654541015625,197.39654541015625,0.3152542372881356,0.8244252522786458,0.6926194575794956,181,286,296.0
1.3.6.1.4.1.14519.5.2.1.6279.6001.910435939545691201820711078950,11,2,93.0,148.0,194.0,0.3152542372881356,0.8222222222222222,0.6807017543859649,181,286,296.0
1.3.6.1.4.1.14519.5.2.1.6279.6001.910435939545691201820711078950,12,2,93.0,145.0,199.0,0.3152542372881356,0.8055555555555556,0.6982456140350877,181,286,296.0
1.3.6.1.4.1.14519.5.2.1.6279.6001.910435939545691201820711078950,13,2,93.0,151.0,200.0,0.3152542372881356,0.8388888888888889,0.7017543859649122,181,286,296.0
1.3.6.1.4.1.14519.5.2.1.6279.6001.910435939545691201820711078950,14,2,93.0,149.0,194.0,0.3152542372881356,0.8277777777777777,0.6807017543859649,181,286,296.0
1.3.6.1.4.1.14519.5.2.1.6279.6001.910435939545691201820711078950,15,3,189.0,145.0,79.91304016113281,0.6406779661016949,0.8055555555555556,0.28039663214432564,181,286,296.0
1.3.6.1.4.1.14519.5.2.1.6279.6001.910435939545691201820711078950,16,3,189.0,144.0,77.0,0.6406779661016949,0.8,0.27017543859649124,181,286,296.0
1.3.6.1.4.1.14519.5.2.1.6279.6001.910435939545691201820711078950,17,3,189.0,142.0,82.0,0.6406779661016949,0.7888888888888889,0.28771929824561404,181,286,296.0
1.3.6.1.4.1.14519.5.2.1.6279.6001.910435939545691201820711078950,18,3,189.0,148.0,82.0,0.6406779661016949,0.8222222222222222,0.28771929824561404,181,286,296.0
1.3.6.1.4.1.14519.5.2.1.6279.6001.910435939545691201820711078950,19,3,189.0,145.0,76.0,0.6406779661016949,0.8055555555555556,0.26666666666666666,181,286,296.0
1.3.6.1.4.1.14519.5.2.1.6279.6001.910435939545691201820711078950,20,4,40.0,145.40541076660156,212.1621551513672,0.13559322033898305,0.8078078375922308,0.7444286145662007,181,286,296.0
1.3.6.1.4.1.14519.5.2.1.6279.6001.910435939545691201820711078950,21,4,40.0,145.0,209.0,0.13559322033898305,0.8055555555555556,0.7333333333333333,181,286,296.0
1.3.6.1.4.1.14519.5.2.1.6279.6001.910435939545691201820711078950,22,4,40.0,143.0,213.0,0.13559322033898305,0.7944444444444444,0.7473684210526316,181,286,296.0
1.3.6.1.4.1.14519.5.2.1.6279.6001.910435939545691201820711078950,23,4,40.0,148.0,214.0,0.13559322033898305,0.8222222222222222,0.7508771929824561,181,286,296.0
1.3.6.1.4.1.14519.5.2.1.6279.6001.910435939545691201820711078950,24,4,40.0,146.0,209.0,0.13559322033898305,0.8111111111111111,0.7333333333333333,181,286,296.0
1.3.6.1.4.1.14519.5.2.1.6279.6001.910435939545691201820711078950,25,5,132.0,122.5,30.5,0.44745762711864406,0.6805555555555556,0.10701754385964912,181,286,296.0
1.3.6.1.4.1.14519.5.2.1.6279.6001.910435939545691201820711078950,26,5,132.0,122.0,28.0,0.44745762711864406,0.6777777777777778,0.09824561403508772,181,286,296.0
1.3.6.1.4.1.14519.5.2.1.6279.6001.910435939545691201820711078950,27,5,132.0,120.0,32.0,0.44745762711864406,0.6666666666666666,0.11228070175438597,181,286,296.0
1.3.6.1.4.1.14519.5.2.1.6279.6001.910435939545691201820711078950,28,5,132.0,125.0,32.0,0.44745762711864406,0.6944444444444444,0.11228070175438597,181,286,296.0
1.3.6.1.4.1.14519.5.2.1.6279.6001.910435939545691201820711078950,29,5,132.0,123.0,28.0,0.44745762711864406,0.6833333333333333,0.09824561403508772,181,286,296.0
1.3.6.1.4.1.14519.5.2.1.6279.6001.910435939545691201820711078950,30,6,118.0,55.36666488647461,52.63333511352539,0.4,0.30759258270263673,0.18467836881938735,181,286,296.0
1.3.6.1.4.1.14519.5.2.1.6279.6001.910435939545691201820711078950,31,6,118.0,55.0,50.0,0.4,0.3055555555555556,0.17543859649122806,181,286,296.0
1.3.6.1.4.1.14519.5.2.1.6279.6001.910435939545691201820711078950,32,6,118.0,53.0,53.0,0.4,0.29444444444444445,0.18596491228070175,181,286,296.0
1.3.6.1.4.1.14519.5.2.1.6279.6001.910435939545691201820711078950,33,6,118.0,57.0,55.0,0.4,0.31666666666666665,0.19298245614035087,181,286,296.0
1.3.6.1.4.1.14519.5.2.1.6279.6001.910435939545691201820711078950,34,6,118.0,56.0,50.0,0.4,0.3111111111111111,0.17543859649122806,181,286,296.0
1.3.6.1.4.1.14519.5.2.1.6279.6001.910607280658963002048724648683,0,0,149.0,81.15789794921875,175.84210205078125,0.7563451776649747,0.4559432469057233,0.703368408203125,179,251,198.0
1.3.6.1.4.1.14519.5.2.1.6279.6001.910607280658963002048724648683,1,0,149.0,81.0,174.0,0.7563451776649747,0.4550561797752809,0.696,179,251,198.0
1.3.6.1.4.1.14519.5.2.1.6279.6001.910607280658963002048724648683,2,0,149.0,79.0,176.0,0.7563451776649747,0.4438202247191011,0.704,179,251,198.0
1.3.6.1.4.1.14519.5.2.1.6279.6001.910607280658963002048724648683,3,0,149.0,82.0,178.0,0.7563451776649747,0.4606741573033708,0.712,179,251,198.0
1.3.6.1.4.1.14519.5.2.1.6279.6001.910607280658963002048724648683,4,0,149.0,82.0,174.0,0.7563451776649747,0.4606741573033708,0.696,179,251,198.0
1.3.6.1.4.1.14519.5.2.1.6279.6001.922852847124879997825997808179,0,0,181.0,159.2752227783203,67.79816436767578,0.5419161676646707,0.7016529637811467,0.198821596386146,228,342,335.0
1.3.6.1.4.1.14519.5.2.1.6279.6001.922852847124879997825997808179,1,0,181.0,159.0,62.0,0.5419161676646707,0.7004405286343612,0.18181818181818182,228,342,335.0
1.3.6.1.4.1.14519.5.2.1.6279.6001.922852847124879997825997808179,2,0,181.0,154.0,70.0,0.5419161676646707,0.6784140969162996,0.20527859237536658,228,342,335.0
1.3.6.1.4.1.14519.5.2.1.6279.6001.922852847124879997825997808179,3,0,181.0,164.0,71.0,0.5419161676646707,0.7224669603524229,0.20821114369501467,228,342,335.0
1.3.6.1.4.1.14519.5.2.1.6279.6001.922852847124879997825997808179,4,0,181.0,160.0,62.0,0.5419161676646707,0.7048458149779736,0.18181818181818182,228,342,335.0
1.3.6.1.4.1.14519.5.2.1.6279.6001.922852847124879997825997808179,5,1,212.0,77.93243408203125,130.28378295898438,0.6347305389221557,0.3433146875860407,0.38206387964511546,228,342,335.0
1.3.6.1.4.1.14519.5.2.1.6279.6001.922852847124879997825997808179,6,1,212.0,77.0,126.0,0.6347305389221557,0.3392070484581498,0.36950146627565983,228,342,335.0
1.3.6.1.4.1.14519.5.2.1.6279.6001.922852847124879997825997808179,7,1,212.0,74.0,133.0,0.6347305389221557,0.32599118942731276,0.39002932551319647,228,342,335.0
1.3.6.1.4.1.14519.5.2.1.6279.6001.922852847124879997825997808179,8,1,212.0,81.0,133.0,0.6347305389221557,0.3568281938325991,0.39002932551319647,228,342,335.0
1.3.6.1.4.1.14519.5.2.1.6279.6001.922852847124879997825997808179,9,1,212.0,78.0,126.0,0.6347305389221557,0.3436123348017621,0.36950146627565983,228,342,335.0
1.3.6.1.4.1.14519.5.2.1.6279.6001.931383239747372227838946053237,0,0,99.0,125.5,67.5,0.4248927038626609,0.6033653846153846,0.23116438356164384,209,293,234.0
1.3.6.1.4.1.14519.5.2.1.6279.6001.931383239747372227838946053237,1,0,99.0,125.0,65.0,0.4248927038626609,0.6009615384615384,0.2226027397260274,209,293,234.0
1.3.6.1.4.1.14519.5.2.1.6279.6001.931383239747372227838946053237,2,0,99.0,123.0,69.0,0.4248927038626609,0.5913461538461539,0.2363013698630137,209,293,234.0
1.3.6.1.4.1.14519.5.2.1.6279.6001.931383239747372227838946053237,3,0,99.0,128.0,69.0,0.4248927038626609,0.6153846153846154,0.2363013698630137,209,293,234.0
1.3.6.1.4.1.14519.5.2.1.6279.6001.931383239747372227838946053237,4,0,99.0,126.0,65.0,0.4248927038626609,0.6057692307692307,0.2226027397260274,209,293,234.0
1.3.6.1.4.1.14519.5.2.1.6279.6001.931383239747372227838946053237,5,1,55.0,166.41378784179688,177.72413635253906,0.23605150214592274,0.8000662877009466,0.6086443025771886,209,293,234.0
1.3.6.1.4.1.14519.5.2.1.6279.6001.931383239747372227838946053237,6,1,55.0,166.0,175.0,0.23605150214592274,0.7980769230769231,0.5993150684931506,209,293,234.0
1.3.6.1.4.1.14519.5.2.1.6279.6001.931383239747372227838946053237,7,1,55.0,164.0,178.0,0.23605150214592274,0.7884615384615384,0.6095890410958904,209,293,234.0
1.3.6.1.4.1.14519.5.2.1.6279.6001.931383239747372227838946053237,8,1,55.0,168.0,180.0,0.23605150214592274,0.8076923076923077,0.6164383561643836,209,293,234.0
1.3.6.1.4.1.14519.5.2.1.6279.6001.931383239747372227838946053237,9,1,55.0,167.0,175.0,0.23605150214592274,0.8028846153846154,0.5993150684931506,209,293,234.0
1.3.6.1.4.1.14519.5.2.1.6279.6001.935683764293840351008008793409,0,0,130.0,160.92982482910156,211.4736785888672,0.4744525547445255,0.8252811529697516,0.7368420856754955,196,288,275.0
1.3.6.1.4.1.14519.5.2.1.6279.6001.935683764293840351008008793409,1,0,130.0,160.0,208.0,0.4744525547445255,0.8205128205128205,0.7247386759581882,196,288,275.0
1.3.6.1.4.1.14519.5.2.1.6279.6001.935683764293840351008008793409,2,0,130.0,158.0,214.0,0.4744525547445255,0.8102564102564103,0.7456445993031359,196,288,275.0
1.3.6.1.4.1.14519.5.2.1.6279.6001.935683764293840351008008793409,3,0,130.0,164.0,213.0,0.4744525547445255,0.841025641025641,0.7421602787456446,196,288,275.0
1.3.6.1.4.1.14519.5.2.1.6279.6001.935683764293840351008008793409,4,0,130.0,161.0,208.0,0.4744525547445255,0.8256410256410256,0.7247386759581882,196,288,275.0
1.3.6.1.4.1.14519.5.2.1.6279.6001.935683764293840351008008793409,5,1,143.0,153.36666870117188,72.36666870117188,0.5218978102189781,0.7864957369290866,0.2521486714326546,196,288,275.0
1.3.6.1.4.1.14519.5.2.1.6279.6001.935683764293840351008008793409,6,1,143.0,153.0,70.0,0.5218978102189781,0.7846153846153846,0.24390243902439024,196,288,275.0
1.3.6.1.4.1.14519.5.2.1.6279.6001.935683764293840351008008793409,7,1,143.0,151.0,73.0,0.5218978102189781,0.7743589743589744,0.25435540069686413,196,288,275.0
1.3.6.1.4.1.14519.5.2.1.6279.6001.935683764293840351008008793409,8,1,143.0,155.0,74.0,0.5218978102189781,0.7948717948717948,0.2578397212543554,196,288,275.0
1.3.6.1.4.1.14519.5.2.1.6279.6001.935683764293840351008008793409,9,1,143.0,154.0,70.0,0.5218978102189781,0.7897435897435897,0.24390243902439024,196,288,275.0
1.3.6.1.4.1.14519.5.2.1.6279.6001.939152384493874708850321969356,0,0,101.0,174.60000610351562,285.0400085449219,0.3531468531468531,0.7829596686256306,0.8358944532109146,224,342,287.0
1.3.6.1.4.1.14519.5.2.1.6279.6001.939152384493874708850321969356,1,0,101.0,174.0,283.0,0.3531468531468531,0.7802690582959642,0.8299120234604106,224,342,287.0
1.3.6.1.4.1.14519.5.2.1.6279.6001.939152384493874708850321969356,2,0,101.0,172.0,286.0,0.3531468531468531,0.7713004484304933,0.8387096774193549,224,342,287.0
1.3.6.1.4.1.14519.5.2.1.6279.6001.939152384493874708850321969356,3,0,101.0,176.0,287.0,0.3531468531468531,0.7892376681614349,0.841642228739003,224,342,287.0
1.3.6.1.4.1.14519.5.2.1.6279.6001.939152384493874708850321969356,4,0,101.0,175.0,283.0,0.3531468531468531,0.7847533632286996,0.8299120234604106,224,342,287.0
1.3.6.1.4.1.14519.5.2.1.6279.6001.943403138251347598519939390311,0,0,214.0,60.0,241.0,0.8359375,0.24896265560165975,0.7303030303030303,242,331,257.0
1.3.6.1.4.1.14519.5.2.1.6279.6001.943403138251347598519939390311,1,0,214.0,59.0,228.0,0.8359375,0.24481327800829875,0.6909090909090909,242,331,257.0
1.3.6.1.4.1.14519.5.2.1.6279.6001.943403138251347598519939390311,2,0,214.0,49.0,248.0,0.8359375,0.2033195020746888,0.7515151515151515,242,331,257.0
1.3.6.1.4.1.14519.5.2.1.6279.6001.943403138251347598519939390311,3,0,214.0,72.0,247.0,0.8359375,0.2987551867219917,0.7484848484848485,242,331,257.0
1.3.6.1.4.1.14519.5.2.1.6279.6001.943403138251347598519939390311,4,0,214.0,60.0,228.0,0.8359375,0.24896265560165975,0.6909090909090909,242,331,257.0
1.3.6.1.4.1.14519.5.2.1.6279.6001.944888107209008719031293531091,0,0,188.0,51.5,215.0,0.6245847176079734,0.21548117154811716,0.6379821958456974,240,338,302.0
1.3.6.1.4.1.14519.5.2.1.6279.6001.944888107209008719031293531091,1,0,188.0,51.0,211.0,0.6245847176079734,0.21338912133891214,0.6261127596439169,240,338,302.0
1.3.6.1.4.1.14519.5.2.1.6279.6001.944888107209008719031293531091,2,0,188.0,48.0,217.0,0.6245847176079734,0.200836820083682,0.6439169139465876,240,338,302.0
1.3.6.1.4.1.14519.5.2.1.6279.6001.944888107209008719031293531091,3,0,188.0,55.0,217.0,0.6245847176079734,0.2301255230125523,0.6439169139465876,240,338,302.0
1.3.6.1.4.1.14519.5.2.1.6279.6001.944888107209008719031293531091,4,0,188.0,52.0,211.0,0.6245847176079734,0.2175732217573222,0.6261127596439169,240,338,302.0
1.3.6.1.4.1.14519.5.2.1.6279.6001.946129570505893110165820050204,0,0,93.0,54.171875,244.828125,0.3163265306122449,0.24963997695852536,0.8743861607142858,218,281,295.0
1.3.6.1.4.1.14519.5.2.1.6279.6001.946129570505893110165820050204,1,0,93.0,54.0,241.0,0.3163265306122449,0.2488479262672811,0.8607142857142858,218,281,295.0
1.3.6.1.4.1.14519.5.2.1.6279.6001.946129570505893110165820050204,2,0,93.0,50.0,246.0,0.3163265306122449,0.2304147465437788,0.8785714285714286,218,281,295.0
1.3.6.1.4.1.14519.5.2.1.6279.6001.946129570505893110165820050204,3,0,93.0,57.0,248.0,0.3163265306122449,0.2626728110599078,0.8857142857142857,218,281,295.0
1.3.6.1.4.1.14519.5.2.1.6279.6001.946129570505893110165820050204,4,0,93.0,55.0,241.0,0.3163265306122449,0.2534562211981567,0.8607142857142858,218,281,295.0
1.3.6.1.4.1.14519.5.2.1.6279.6001.948414623428298219623354433437,0,0,118.0,81.15806579589844,91.68386840820312,0.5566037735849056,0.3639375147798136,0.32512010073830894,224,283,213.0
1.3.6.1.4.1.14519.5.2.1.6279.6001.948414623428298219623354433437,1,0,118.0,81.0,82.0,0.5566037735849056,0.3632286995515695,0.2907801418439716,224,283,213.0
1.3.6.1.4.1.14519.5.2.1.6279.6001.948414623428298219623354433437,2,0,118.0,72.0,95.0,0.5566037735849056,0.32286995515695066,0.33687943262411346,224,283,213.0
1.3.6.1.4.1.14519.5.2.1.6279.6001.948414623428298219623354433437,3,0,118.0,89.0,97.0,0.5566037735849056,0.3991031390134529,0.34397163120567376,224,283,213.0
1.3.6.1.4.1.14519.5.2.1.6279.6001.948414623428298219623354433437,4,0,118.0,82.0,82.0,0.5566037735849056,0.36771300448430494,0.2907801418439716,224,283,213.0
1.3.6.1.4.1.14519.5.2.1.6279.6001.948414623428298219623354433437,5,1,58.0,139.82455444335938,50.0,0.27358490566037735,0.6270159392078896,0.1773049645390071,224,283,213.0
1.3.6.1.4.1.14519.5.2.1.6279.6001.948414623428298219623354433437,6,1,58.0,139.0,41.0,0.27358490566037735,0.6233183856502242,0.1453900709219858,224,283,213.0
1.3.6.1.4.1.14519.5.2.1.6279.6001.948414623428298219623354433437,7,1,58.0,132.0,55.0,0.27358490566037735,0.5919282511210763,0.1950354609929078,224,283,213.0
1.3.6.1.4.1.14519.5.2.1.6279.6001.948414623428298219623354433437,8,1,58.0,148.0,54.0,0.27358490566037735,0.6636771300448431,0.19148936170212766,224,283,213.0
1.3.6.1.4.1.14519.5.2.1.6279.6001.948414623428298219623354433437,9,1,58.0,140.0,41.0,0.27358490566037735,0.6278026905829597,0.1453900709219858,224,283,213.0
1.3.6.1.4.1.14519.5.2.1.6279.6001.952265563663939823135367733681,0,0,74.0,161.5,74.5,0.6324786324786325,0.8367875647668394,0.29446640316205536,194,254,118.0
1.3.6.1.4.1.14519.5.2.1.6279.6001.952265563663939823135367733681,1,0,74.0,161.0,72.0,0.6324786324786325,0.8341968911917098,0.2845849802371542,194,254,118.0
1.3.6.1.4.1.14519.5.2.1.6279.6001.952265563663939823135367733681,2,0,74.0,159.0,76.0,0.6324786324786325,0.8238341968911918,0.30039525691699603,194,254,118.0
1.3.6.1.4.1.14519.5.2.1.6279.6001.952265563663939823135367733681,3,0,74.0,164.0,76.0,0.6324786324786325,0.8497409326424871,0.30039525691699603,194,254,118.0
1.3.6.1.4.1.14519.5.2.1.6279.6001.952265563663939823135367733681,4,0,74.0,162.0,72.0,0.6324786324786325,0.8393782383419689,0.2845849802371542,194,254,118.0
1.3.6.1.4.1.14519.5.2.1.6279.6001.955688628308192728558382581802,0,0,212.0,173.9224090576172,241.4310302734375,0.7335640138408305,0.7834342750343116,0.7968020801103548,223,304,290.0
1.3.6.1.4.1.14519.5.2.1.6279.6001.955688628308192728558382581802,1,0,212.0,173.0,236.0,0.7335640138408305,0.7792792792792793,0.7788778877887789,223,304,290.0
1.3.6.1.4.1.14519.5.2.1.6279.6001.955688628308192728558382581802,2,0,212.0,169.0,244.0,0.7335640138408305,0.7612612612612613,0.8052805280528053,223,304,290.0
1.3.6.1.4.1.14519.5.2.1.6279.6001.955688628308192728558382581802,3,0,212.0,179.0,244.0,0.7335640138408305,0.8063063063063063,0.8052805280528053,223,304,290.0
1.3.6.1.4.1.14519.5.2.1.6279.6001.955688628308192728558382581802,4,0,212.0,174.0,236.0,0.7335640138408305,0.7837837837837838,0.7788778877887789,223,304,290.0
1.3.6.1.4.1.14519.5.2.1.6279.6001.955688628308192728558382581802,5,1,159.0,202.36666870117188,210.36666870117188,0.5501730103806228,0.9115615707259994,0.6942794346573329,223,304,290.0
1.3.6.1.4.1.14519.5.2.1.6279.6001.955688628308192728558382581802,6,1,159.0,202.0,208.0,0.5501730103806228,0.9099099099099099,0.6864686468646864,223,304,290.0
1.3.6.1.4.1.14519.5.2.1.6279.6001.955688628308192728558382581802,7,1,159.0,200.0,211.0,0.5501730103806228,0.9009009009009009,0.6963696369636964,223,304,290.0
1.3.6.1.4.1.14519.5.2.1.6279.6001.955688628308192728558382581802,8,1,159.0,204.0,212.0,0.5501730103806228,0.918918918918919,0.6996699669966997,223,304,290.0
1.3.6.1.4.1.14519.5.2.1.6279.6001.955688628308192728558382581802,9,1,159.0,203.0,208.0,0.5501730103806228,0.9144144144144144,0.6864686468646864,223,304,290.0
1.3.6.1.4.1.14519.5.2.1.6279.6001.955688628308192728558382581802,10,2,161.0,189.90908813476562,114.09091186523438,0.5570934256055363,0.8554463429493947,0.3765376629215656,223,304,290.0
1.3.6.1.4.1.14519.5.2.1.6279.6001.955688628308192728558382581802,11,2,161.0,189.0,112.0,0.5570934256055363,0.8513513513513513,0.3696369636963696,223,304,290.0
1.3.6.1.4.1.14519.5.2.1.6279.6001.955688628308192728558382581802,12,2,161.0,188.0,116.0,0.5570934256055363,0.8468468468468469,0.38283828382838286,223,304,290.0
1.3.6.1.4.1.14519.5.2.1.6279.6001.955688628308192728558382581802,13,2,161.0,192.0,115.0,0.5570934256055363,0.8648648648648649,0.3795379537953795,223,304,290.0
1.3.6.1.4.1.14519.5.2.1.6279.6001.955688628308192728558382581802,14,2,161.0,190.0,112.0,0.5570934256055363,0.8558558558558559,0.3696369636963696,223,304,290.0
1.3.6.1.4.1.14519.5.2.1.6279.6001.955688628308192728558382581802,15,3,178.0,113.5,41.77777862548828,0.615916955017301,0.5112612612612613,0.1378804575098623,223,304,290.0
1.3.6.1.4.1.14519.5.2.1.6279.6001.955688628308192728558382581802,16,3,178.0,113.0,40.0,0.615916955017301,0.509009009009009,0.132013201320132,223,304,290.0
1.3.6.1.4.1.14519.5.2.1.6279.6001.955688628308192728558382581802,17,3,178.0,112.0,42.0,0.615916955017301,0.5045045045045045,0.13861386138613863,223,304,290.0
1.3.6.1.4.1.14519.5.2.1.6279.6001.955688628308192728558382581802,18,3,178.0,115.0,43.0,0.615916955017301,0.5180180180180181,0.1419141914191419,223,304,290.0
1.3.6.1.4.1.14519.5.2.1.6279.6001.955688628308192728558382581802,19,3,178.0,114.0,40.0,0.615916955017301,0.5135135135135135,0.132013201320132,223,304,290.0
1.3.6.1.4.1.14519.5.2.1.6279.6001.955688628308192728558382581802,20,4,81.0,149.0,263.5,0.28027681660899656,0.6711711711711712,0.8696369636963697,223,304,290.0
1.3.6.1.4.1.14519.5.2.1.6279.6001.955688628308192728558382581802,21,4,81.0,148.0,262.0,0.28027681660899656,0.6666666666666666,0.8646864686468647,223,304,290.0
1.3.6.1.4.1.14519.5.2.1.6279.6001.955688628308192728558382581802,22,4,81.0,148.0,265.0,0.28027681660899656,0.6666666666666666,0.8745874587458746,223,304,290.0
1.3.6.1.4.1.14519.5.2.1.6279.6001.955688628308192728558382581802,23,4,81.0,151.0,264.0,0.28027681660899656,0.6801801801801802,0.8712871287128713,223,304,290.0
1.3.6.1.4.1.14519.5.2.1.6279.6001.955688628308192728558382581802,24,4,81.0,149.0,262.0,0.28027681660899656,0.6711711711711712,0.8646864686468647,223,304,290.0
1.3.6.1.4.1.14519.5.2.1.6279.6001.961063442349005937536597225349,0,0,227.0,112.5999984741211,95.5999984741211,0.8438661710037175,0.4811965746757312,0.28708708250486814,235,334,270.0
1.3.6.1.4.1.14519.5.2.1.6279.6001.961063442349005937536597225349,1,0,227.0,112.0,94.0,0.8438661710037175,0.47863247863247865,0.2822822822822823,235,334,270.0
1.3.6.1.4.1.14519.5.2.1.6279.6001.961063442349005937536597225349,2,0,227.0,111.0,97.0,0.8438661710037175,0.47435897435897434,0.2912912912912913,235,334,270.0
1.3.6.1.4.1.14519.5.2.1.6279.6001.961063442349005937536597225349,3,0,227.0,114.0,97.0,0.8438661710037175,0.48717948717948717,0.2912912912912913,235,334,270.0
1.3.6.1.4.1.14519.5.2.1.6279.6001.961063442349005937536597225349,4,0,227.0,113.0,94.0,0.8438661710037175,0.4829059829059829,0.2822822822822823,235,334,270.0
1.3.6.1.4.1.14519.5.2.1.6279.6001.964952370561266624992539111877,0,0,224.0,69.14534759521484,111.55813598632812,0.7777777777777778,0.3201173499778465,0.36338155044406556,217,308,289.0
1.3.6.1.4.1.14519.5.2.1.6279.6001.964952370561266624992539111877,1,0,224.0,69.0,105.0,0.7777777777777778,0.3194444444444444,0.34201954397394135,217,308,289.0
1.3.6.1.4.1.14519.5.2.1.6279.6001.964952370561266624992539111877,2,0,224.0,63.0,115.0,0.7777777777777778,0.2916666666666667,0.3745928338762215,217,308,289.0
1.3.6.1.4.1.14519.5.2.1.6279.6001.964952370561266624992539111877,3,0,224.0,75.0,116.0,0.7777777777777778,0.3472222222222222,0.3778501628664495,217,308,289.0
1.3.6.1.4.1.14519.5.2.1.6279.6001.964952370561266624992539111877,4,0,224.0,70.0,105.0,0.7777777777777778,0.32407407407407407,0.34201954397394135,217,308,289.0
1.3.6.1.4.1.14519.5.2.1.6279.6001.964952370561266624992539111877,5,1,218.0,147.03448486328125,132.6896514892578,0.7569444444444444,0.6807152077003762,0.43221384849921113,217,308,289.0
1.3.6.1.4.1.14519.5.2.1.6279.6001.964952370561266624992539111877,6,1,218.0,146.0,129.0,0.7569444444444444,0.6759259259259259,0.4201954397394137,217,308,289.0
1.3.6.1.4.1.14519.5.2.1.6279.6001.964952370561266624992539111877,7,1,218.0,144.0,135.0,0.7569444444444444,0.6666666666666666,0.43973941368078173,217,308,289.0
1.3.6.1.4.1.14519.5.2.1.6279.6001.964952370561266624992539111877,8,1,218.0,151.0,134.0,0.7569444444444444,0.6990740740740741,0.4364820846905538,217,308,289.0
1.3.6.1.4.1.14519.5.2.1.6279.6001.964952370561266624992539111877,9,1,218.0,147.0,129.0,0.7569444444444444,0.6805555555555556,0.4201954397394137,217,308,289.0
1.3.6.1.4.1.14519.5.2.1.6279.6001.964952370561266624992539111877,10,2,230.0,75.96295928955078,238.77777099609375,0.7986111111111112,0.3516803670812536,0.7777777556876018,217,308,289.0
1.3.6.1.4.1.14519.5.2.1.6279.6001.964952370561266624992539111877,11,2,230.0,75.0,236.0,0.7986111111111112,0.3472222222222222,0.7687296416938111,217,308,289.0
1.3.6.1.4.1.14519.5.2.1.6279.6001.964952370561266624992539111877,12,2,230.0,74.0,241.0,0.7986111111111112,0.3425925925925926,0.7850162866449512,217,308,289.0
1.3.6.1.4.1.14519.5.2.1.6279.6001.964952370561266624992539111877,13,2,230.0,78.0,240.0,0.7986111111111112,0.3611111111111111,0.7817589576547231,217,308,289.0
1.3.6.1.4.1.14519.5.2.1.6279.6001.964952370561266624992539111877,14,2,230.0,76.0,236.0,0.7986111111111112,0.35185185185185186,0.7687296416938111,217,308,289.0
1.3.6.1.4.1.14519.5.2.1.6279.6001.964952370561266624992539111877,15,3,227.0,106.0,243.5,0.7881944444444444,0.49074074074074076,0.7931596091205212,217,308,289.0
1.3.6.1.4.1.14519.5.2.1.6279.6001.964952370561266624992539111877,16,3,227.0,105.0,242.0,0.7881944444444444,0.4861111111111111,0.7882736156351792,217,308,289.0
1.3.6.1.4.1.14519.5.2.1.6279.6001.964952370561266624992539111877,17,3,227.0,105.0,245.0,0.7881944444444444,0.4861111111111111,0.7980456026058632,217,308,289.0
1.3.6.1.4.1.14519.5.2.1.6279.6001.964952370561266624992539111877,18,3,227.0,108.0,244.0,0.7881944444444444,0.5,0.7947882736156352,217,308,289.0
1.3.6.1.4.1.14519.5.2.1.6279.6001.964952370561266624992539111877,19,3,227.0,106.0,242.0,0.7881944444444444,0.49074074074074076,0.7882736156351792,217,308,289.0
1.3.6.1.4.1.14519.5.2.1.6279.6001.970264865033574190975654369557,0,0,93.0,149.18182373046875,55.181819915771484,0.3907563025210084,0.7611317537268814,0.2013935033422317,197,275,239.0
1.3.6.1.4.1.14519.5.2.1.6279.6001.970264865033574190975654369557,1,0,93.0,149.0,54.0,0.3907563025210084,0.7602040816326531,0.19708029197080293,197,275,239.0
1.3.6.1.4.1.14519.5.2.1.6279.6001.970264865033574190975654369557,2,0,93.0,148.0,55.0,0.3907563025210084,0.7551020408163265,0.20072992700729927,197,275,239.0
1.3.6.1.4.1.14519.5.2.1.6279.6001.970264865033574190975654369557,3,0,93.0,149.0,57.0,0.3907563025210084,0.7602040816326531,0.20802919708029197,197,275,239.0
1.3.6.1.4.1.14519.5.2.1.6279.6001.970264865033574190975654369557,4,0,93.0,150.0,54.0,0.3907563025210084,0.7653061224489796,0.19708029197080293,197,275,239.0
1.3.6.1.4.1.14519.5.2.1.6279.6001.970428941353693253759289796610,0,0,206.0,209.2472381591797,65.47601318359375,0.7006802721088435,0.7926031748453776,0.1849604892191914,265,355,295.0
1.3.6.1.4.1.14519.5.2.1.6279.6001.970428941353693253759289796610,1,0,206.0,209.0,57.0,0.7006802721088435,0.7916666666666666,0.16101694915254236,265,355,295.0
1.3.6.1.4.1.14519.5.2.1.6279.6001.970428941353693253759289796610,2,0,206.0,201.0,69.0,0.7006802721088435,0.7613636363636364,0.19491525423728814,265,355,295.0
1.3.6.1.4.1.14519.5.2.1.6279.6001.970428941353693253759289796610,3,0,206.0,217.0,70.0,0.7006802721088435,0.821969696969697,0.1977401129943503,265,355,295.0
1.3.6.1.4.1.14519.5.2.1.6279.6001.970428941353693253759289796610,4,0,206.0,210.0,57.0,0.7006802721088435,0.7954545454545454,0.16101694915254236,265,355,295.0
1.3.6.1.4.1.14519.5.2.1.6279.6001.970428941353693253759289796610,5,1,216.0,133.11538696289062,63.67307662963867,0.7346938775510204,0.5042249506170099,0.17986744810632393,265,355,295.0
1.3.6.1.4.1.14519.5.2.1.6279.6001.970428941353693253759289796610,6,1,216.0,133.0,58.0,0.7346938775510204,0.5037878787878788,0.1638418079096045,265,355,295.0
1.3.6.1.4.1.14519.5.2.1.6279.6001.970428941353693253759289796610,7,1,216.0,128.0,66.0,0.7346938775510204,0.48484848484848486,0.1864406779661017,265,355,295.0
1.3.6.1.4.1.14519.5.2.1.6279.6001.970428941353693253759289796610,8,1,216.0,137.0,67.0,0.7346938775510204,0.5189393939393939,0.18926553672316385,265,355,295.0
1.3.6.1.4.1.14519.5.2.1.6279.6001.970428941353693253759289796610,9,1,216.0,134.0,58.0,0.7346938775510204,0.5075757575757576,0.1638418079096045,265,355,295.0
1.3.6.1.4.1.14519.5.2.1.6279.6001.975426625618184773401026809852,0,0,142.0,188.16000366210938,201.74000549316406,0.6147186147186147,0.8792523535612587,0.7584210732825717,215,267,232.0
1.3.6.1.4.1.14519.5.2.1.6279.6001.975426625618184773401026809852,1,0,142.0,188.0,198.0,0.6147186147186147,0.8785046728971962,0.7443609022556391,215,267,232.0
1.3.6.1.4.1.14519.5.2.1.6279.6001.975426625618184773401026809852,2,0,142.0,185.0,203.0,0.6147186147186147,0.8644859813084113,0.7631578947368421,215,267,232.0
1.3.6.1.4.1.14519.5.2.1.6279.6001.975426625618184773401026809852,3,0,142.0,190.0,205.0,0.6147186147186147,0.8878504672897196,0.7706766917293233,215,267,232.0
1.3.6.1.4.1.14519.5.2.1.6279.6001.975426625618184773401026809852,4,0,142.0,189.0,198.0,0.6147186147186147,0.883177570093458,0.7443609022556391,215,267,232.0
1.3.6.1.4.1.14519.5.2.1.6279.6001.979083010707182900091062408058,0,0,113.0,128.5,49.5,0.4200743494423792,0.6268292682926829,0.16282894736842105,206,305,270.0
1.3.6.1.4.1.14519.5.2.1.6279.6001.979083010707182900091062408058,1,0,113.0,128.0,46.0,0.4200743494423792,0.624390243902439,0.1513157894736842,206,305,270.0
1.3.6.1.4.1.14519.5.2.1.6279.6001.979083010707182900091062408058,2,0,113.0,126.0,51.0,0.4200743494423792,0.6146341463414634,0.16776315789473684,206,305,270.0
1.3.6.1.4.1.14519.5.2.1.6279.6001.979083010707182900091062408058,3,0,113.0,131.0,52.0,0.4200743494423792,0.6390243902439025,0.17105263157894737,206,305,270.0
1.3.6.1.4.1.14519.5.2.1.6279.6001.979083010707182900091062408058,4,0,113.0,129.0,46.0,0.4200743494423792,0.6292682926829268,0.1513157894736842,206,305,270.0
1.3.6.1.4.1.14519.5.2.1.6279.6001.994459772950022352718462251777,0,0,84.0,89.36842346191406,19.210525512695312,0.2485207100591716,0.39196676956979853,0.050421326804974576,229,382,339.0
1.3.6.1.4.1.14519.5.2.1.6279.6001.994459772950022352718462251777,1,0,84.0,89.0,17.0,0.2485207100591716,0.39035087719298245,0.04461942257217848,229,382,339.0
1.3.6.1.4.1.14519.5.2.1.6279.6001.994459772950022352718462251777,2,0,84.0,88.0,20.0,0.2485207100591716,0.38596491228070173,0.05249343832020997,229,382,339.0
1.3.6.1.4.1.14519.5.2.1.6279.6001.994459772950022352718462251777,3,0,84.0,91.0,21.0,0.2485207100591716,0.3991228070175439,0.05511811023622047,229,382,339.0
1.3.6.1.4.1.14519.5.2.1.6279.6001.994459772950022352718462251777,4,0,84.0,90.0,17.0,0.2485207100591716,0.39473684210526316,0.04461942257217848,229,382,339.0
1.3.6.1.4.1.14519.5.2.1.6279.6001.994459772950022352718462251777,5,1,133.0,44.235294342041016,77.76470947265625,0.39349112426035504,0.19401444886860095,0.20410684900959647,229,382,339.0
1.3.6.1.4.1.14519.5.2.1.6279.6001.994459772950022352718462251777,6,1,133.0,44.0,76.0,0.39349112426035504,0.19298245614035087,0.1994750656167979,229,382,339.0
1.3.6.1.4.1.14519.5.2.1.6279.6001.994459772950022352718462251777,7,1,133.0,42.0,78.0,0.39349112426035504,0.18421052631578946,0.2047244094488189,229,382,339.0
1.3.6.1.4.1.14519.5.2.1.6279.6001.994459772950022352718462251777,8,1,133.0,45.0,79.0,0.39349112426035504,0.19736842105263158,0.2073490813648294,229,382,339.0
1.3.6.1.4.1.14519.5.2.1.6279.6001.994459772950022352718462251777,9,1,133.0,45.0,76.0,0.39349112426035504,0.19736842105263158,0.1994750656167979,229,382,339.0
1.3.6.1.4.1.14519.5.2.1.6279.6001.994459772950022352718462251777,10,2,225.0,182.0,142.5,0.665680473372781,0.7982456140350878,0.37401574803149606,229,382,339.0
1.3.6.1.4.1.14519.5.2.1.6279.6001.994459772950022352718462251777,11,2,225.0,181.0,141.0,0.665680473372781,0.793859649122807,0.3700787401574803,229,382,339.0
1.3.6.1.4.1.14519.5.2.1.6279.6001.994459772950022352718462251777,12,2,225.0,181.0,144.0,0.665680473372781,0.793859649122807,0.3779527559055118,229,382,339.0
1.3.6.1.4.1.14519.5.2.1.6279.6001.994459772950022352718462251777,13,2,225.0,184.0,143.0,0.665680473372781,0.8070175438596491,0.3753280839895013,229,382,339.0
1.3.6.1.4.1.14519.5.2.1.6279.6001.994459772950022352718462251777,14,2,225.0,182.0,141.0,0.665680473372781,0.7982456140350878,0.3700787401574803,229,382,339.0
1.3.6.1.4.1.14519.5.2.1.6279.6001.997611074084993415992563148335,0,0,74.0,119.6816177368164,114.28475189208984,0.2857142857142857,0.5895646193931843,0.4412538683092272,204,260,260.0
1.3.6.1.4.1.14519.5.2.1.6279.6001.997611074084993415992563148335,1,0,74.0,119.0,103.0,0.2857142857142857,0.5862068965517241,0.39768339768339767,204,260,260.0
1.3.6.1.4.1.14519.5.2.1.6279.6001.997611074084993415992563148335,2,0,74.0,110.0,120.0,0.2857142857142857,0.541871921182266,0.46332046332046334,204,260,260.0
1.3.6.1.4.1.14519.5.2.1.6279.6001.997611074084993415992563148335,3,0,74.0,130.0,120.0,0.2857142857142857,0.6403940886699507,0.46332046332046334,204,260,260.0
1.3.6.1.4.1.14519.5.2.1.6279.6001.997611074084993415992563148335,4,0,74.0,120.0,103.0,0.2857142857142857,0.5911330049261084,0.39768339768339767,204,260,260.0
1.3.6.1.4.1.14519.5.2.1.6279.6001.997611074084993415992563148335,5,1,29.0,160.7142791748047,179.5,0.11196911196911197,0.7916959565261315,0.693050193050193,204,260,260.0
1.3.6.1.4.1.14519.5.2.1.6279.6001.997611074084993415992563148335,6,1,29.0,160.0,178.0,0.11196911196911197,0.7881773399014779,0.6872586872586872,204,260,260.0
1.3.6.1.4.1.14519.5.2.1.6279.6001.997611074084993415992563148335,7,1,29.0,160.0,181.0,0.11196911196911197,0.7881773399014779,0.6988416988416989,204,260,260.0
1.3.6.1.4.1.14519.5.2.1.6279.6001.997611074084993415992563148335,8,1,29.0,162.0,180.0,0.11196911196911197,0.7980295566502463,0.694980694980695,204,260,260.0
1.3.6.1.4.1.14519.5.2.1.6279.6001.997611074084993415992563148335,9,1,29.0,161.0,178.0,0.11196911196911197,0.7931034482758621,0.6872586872586872,204,260,260.0
