seriesuid,nodule_index,z,y,x,rel_z,rel_y,rel_x,grid_h,grid_w,estimated_depth,control_point_count
1.3.6.1.4.1.14519.5.2.1.6279.6001.100225287222365663678666836860,0,131.0,105.4000015258789,26.959999084472656,0.39104477611940297,0.43553719638792937,0.08244648038065032,243,328,336.0,5
1.3.6.1.4.1.14519.5.2.1.6279.6001.100225287222365663678666836860,1,202.0,68.71428680419922,259.5,0.6029850746268657,0.28394333390164966,0.7935779816513762,243,328,336.0,5
1.3.6.1.4.1.14519.5.2.1.6279.6001.100398138793540579077826395208,0,151.0,129.74073791503906,216.40740966796875,0.569811320754717,0.6298094073545586,0.8044885117768354,207,270,266.0,5
1.3.6.1.4.1.14519.5.2.1.6279.6001.100621383016233746780170740405,0,189.0,91.0,97.5,0.7325581395348837,0.5352941176470588,0.39473684210526316,171,248,259.0,5
1.3.6.1.4.1.14519.5.2.1.6279.6001.100621383016233746780170740405,1,168.0,67.5,186.0,0.6511627906976745,0.39705882352941174,0.7530364372469636,171,248,259.0,5
1.3.6.1.4.1.14519.5.2.1.6279.6001.100621383016233746780170740405,2,80.0,114.89573669433594,184.58767700195312,0.31007751937984496,0.6758572746725643,0.7473185303722799,171,248,259.0,5
1.3.6.1.4.1.14519.5.2.1.6279.6001.100621383016233746780170740405,3,204.0,110.64151000976562,71.07546997070312,0.7906976744186046,0.6508324118221507,0.2877549391526442,171,248,259.0,5
1.3.6.1.4.1.14519.5.2.1.6279.6001.100953483028192176989979435275,0,139.0,124.83333587646484,208.15475463867188,0.5265151515151515,0.5944444565545945,0.7487581102110499,211,279,265.0,5
1.3.6.1.4.1.14519.5.2.1.6279.6001.102681962408431413578140925249,0,274.0,126.85511016845703,252.3295440673828,0.8616352201257862,0.5177759598712532,0.7716499818574398,246,328,319.0,5
1.3.6.1.4.1.14519.5.2.1.6279.6001.104562737760173137525888934217,0,91.0,89.67857360839844,45.595237731933594,0.3872340425531915,0.3950597956317112,0.14474678645058284,228,316,236.0,5
1.3.6.1.4.1.14519.5.2.1.6279.6001.105495028985881418176186711228,0,97.0,136.94667053222656,32.3466682434082,0.41452991452991456,0.6253272627042309,0.11039818513108601,220,294,235.0,5
1.3.6.1.4.1.14519.5.2.1.6279.6001.106164978370116976238911317774,0,84.0,124.6500015258789,138.75,0.3346613545816733,0.6170792154746481,0.4834494773519164,203,288,252.0,5
1.3.6.1.4.1.14519.5.2.1.6279.6001.106379658920626694402549886949,0,98.0,165.5,57.5,0.4100418410041841,0.8530927835051546,0.20833333333333334,195,277,240.0,5
1.3.6.1.4.1.14519.5.2.1.6279.6001.106379658920626694402549886949,1,153.0,69.4000015258789,57.400001525878906,0.6401673640167364,0.3577319666282418,0.20797102002130038,195,277,240.0,5
1.3.6.1.4.1.14519.5.2.1.6279.6001.106630482085576298661469304872,0,143.0,120.75675964355469,53.75675582885742,0.4782608695652174,0.638924654198702,0.2099873274564743,190,257,300.0,5
1.3.6.1.4.1.14519.5.2.1.6279.6001.106719103982792863757268101375,0,146.0,104.28378295898438,51.716217041015625,0.5195729537366548,0.543144702911377,0.18602955770149504,193,279,282.0,5
1.3.6.1.4.1.14519.5.2.1.6279.6001.107109359065300889765026303943,0,75.0,29.571428298950195,64.42857360839844,0.2613240418118467,0.13690476064328794,0.2013392925262451,217,321,288.0,5
1.3.6.1.4.1.14519.5.2.1.6279.6001.107351566259572521472765997306,0,92.0,178.7142791748047,61.5,0.40707964601769914,0.8390341745295995,0.2261029411764706,214,273,227.0,5
1.3.6.1.4.1.14519.5.2.1.6279.6001.107351566259572521472765997306,1,95.0,112.0,22.7560977935791,0.42035398230088494,0.5258215962441315,0.08366212424109964,214,273,227.0,5
1.3.6.1.4.1.14519.5.2.1.6279.6001.107351566259572521472765997306,2,104.0,176.6666717529297,212.8000030517578,0.46017699115044247,0.8294209941452098,0.7823529523961684,214,273,227.0,5
1.3.6.1.4.1.14519.5.2.1.6279.6001.107351566259572521472765997306,3,59.0,79.84615325927734,231.61538696289062,0.2610619469026549,0.3748645692923819,0.8515271579518038,214,273,227.0,5
1.3.6.1.4.1.14519.5.2.1.6279.6001.107351566259572521472765997306,4,88.0,83.25,252.75,0.3893805309734513,0.3908450704225352,0.9292279411764706,214,273,227.0,5
1.3.6.1.4.1.14519.5.2.1.6279.6001.107351566259572521472765997306,5,74.0,192.46665954589844,83.86666870117188,0.3274336283185841,0.9035993405910725,0.3083333408131319,214,273,227.0,5
1.3.6.1.4.1.14519.5.2.1.6279.6001.108197895896446896160048741492,0,82.0,171.3030242919922,48.90909194946289,0.2837370242214533,0.8695584989441227,0.15726396125229225,198,312,290.0,5
1.3.6.1.4.1.14519.5.2.1.6279.6001.108231420525711026834210228428,0,196.0,174.58621215820312,206.27586364746094,0.7075812274368231,0.7366506842118276,0.6269783089588479,238,330,278.0,5
1.3.6.1.4.1.14519.5.2.1.6279.6001.109002525524522225658609808059,0,85.0,107.76551818847656,205.917236328125,0.4292929292929293,0.579384506389659,0.9031457733689693,187,229,199.0,5
1.3.6.1.4.1.14519.5.2.1.6279.6001.109002525524522225658609808059,1,71.0,136.1999969482422,196.1999969482422,0.35858585858585856,0.732258048108829,0.860526302404571,187,229,199.0,5
1.3.6.1.4.1.14519.5.2.1.6279.6001.110678335949765929063942738609,0,197.0,135.5986328125,99.14286041259766,0.652317880794702,0.6779931640625,0.3618352569802834,201,275,303.0,5
1.3.6.1.4.1.14519.5.2.1.6279.6001.111172165674661221381920536987,0,96.0,182.7894744873047,311.0,0.31475409836065577,0.8088029844571004,0.8735955056179775,227,357,306.0,5
1.3.6.1.4.1.14519.5.2.1.6279.6001.111258527162678142285870245028,0,232.0,138.15492248535156,89.4507064819336,0.8888888888888888,0.6167630468096051,0.31386212800678454,225,286,262.0,5
1.3.6.1.4.1.14519.5.2.1.6279.6001.111258527162678142285870245028,1,126.0,167.90908813476562,53.09090805053711,0.4827586206896552,0.7495941434587751,0.18628388789662143,225,286,262.0,5
1.3.6.1.4.1.14519.5.2.1.6279.6001.111496024928645603833332252962,0,64.0,123.85713958740234,252.8095245361328,0.23703703703703705,0.6162046745641908,0.8964876756600454,202,283,271.0,5
1.3.6.1.4.1.14519.5.2.1.6279.6001.111496024928645603833332252962,1,130.0,179.0,168.0,0.48148148148148145,0.8905472636815921,0.5957446808510638,202,283,271.0,5
1.3.6.1.4.1.14519.5.2.1.6279.6001.111496024928645603833332252962,2,93.0,104.61538696289062,251.38461303710938,0.34444444444444444,0.520474562004431,0.891434798003934,202,283,271.0,5
1.3.6.1.4.1.14519.5.2.1.6279.6001.112740418331256326754121315800,0,225.0,174.2969970703125,216.56675720214844,0.7550335570469798,0.7512801597858297,0.6767711162567138,233,321,299.0,5
1.3.6.1.4.1.14519.5.2.1.6279.6001.112740418331256326754121315800,1,224.0,70.16444396972656,108.13777923583984,0.7516778523489933,0.30243294814537314,0.3379305601119995,233,321,299.0,5
1.3.6.1.4.1.14519.5.2.1.6279.6001.112767175295249119452142211437,0,132.0,126.93939208984375,272.8484802246094,0.5477178423236515,0.582290789402953,0.8421249389648438,219,325,242.0,5
1.3.6.1.4.1.14519.5.2.1.6279.6001.112767175295249119452142211437,1,187.0,159.18182373046875,215.81817626953125,0.7759336099585062,0.7301918519746273,0.6661054823133681,219,325,242.0,5
1.3.6.1.4.1.14519.5.2.1.6279.6001.112767175295249119452142211437,2,180.0,153.7857208251953,107.5,0.7468879668049793,0.7054390863541069,0.3317901234567901,219,325,242.0,5
1.3.6.1.4.1.14519.5.2.1.6279.6001.112767175295249119452142211437,3,104.0,141.5,146.7857208251953,0.4315352697095436,0.6490825688073395,0.45304234822591144,219,325,242.0,5
1.3.6.1.4.1.14519.5.2.1.6279.6001.112767175295249119452142211437,4,186.0,113.5,245.0,0.7717842323651453,0.5206422018348624,0.7561728395061729,219,325,242.0,5
1.3.6.1.4.1.14519.5.2.1.6279.6001.112767175295249119452142211437,5,166.0,85.5,67.5,0.6887966804979253,0.3922018348623853,0.20833333333333334,219,325,242.0,5
1.3.6.1.4.1.14519.5.2.1.6279.6001.112767175295249119452142211437,6,119.0,81.5,36.0,0.49377593360995853,0.3738532110091743,0.1111111111111111,219,325,242.0,5
1.3.6.1.4.1.14519.5.2.1.6279.6001.112767175295249119452142211437,7,175.0,144.7142791748047,233.5,0.7261410788381742,0.6638269686917646,0.720679012345679,219,325,242.0,5
1.3.6.1.4.1.14519.5.2.1.6279.6001.113679818447732724990336702075,0,64.0,141.43478393554688,213.82608032226562,0.256,0.7814076460527452,0.8161300775658993,182,263,251.0,5
1.3.6.1.4.1.14519.5.2.1.6279.6001.113679818447732724990336702075,1,163.0,79.43478393554688,70.17391204833984,0.652,0.43886620958865674,0.26783935896312916,182,263,251.0,5
1.3.6.1.4.1.14519.5.2.1.6279.6001.113679818447732724990336702075,2,199.0,104.5,220.0,0.796,0.5773480662983426,0.8396946564885496,182,263,251.0,5
1.3.6.1.4.1.14519.5.2.1.6279.6001.114195693932194925962391697338,0,159.0,156.25,249.25,0.5096153846153846,0.758495145631068,0.8477891156462585,207,295,313.0,5
1.3.6.1.4.1.14519.5.2.1.6279.6001.114218724025049818743426522343,0,66.0,86.45282745361328,50.433963775634766,0.22073578595317725,0.4077963559132702,0.1637466356351778,213,309,300.0,5
1.3.6.1.4.1.14519.5.2.1.6279.6001.114218724025049818743426522343,1,125.0,123.90908813476562,253.36363220214844,0.4180602006688963,0.5844768308243662,0.8226091954615209,213,309,300.0,5
1.3.6.1.4.1.14519.5.2.1.6279.6001.114218724025049818743426522343,2,106.0,110.4000015258789,271.1666564941406,0.35451505016722407,0.5207547241786741,0.8804112223835735,213,309,300.0,5
1.3.6.1.4.1.14519.5.2.1.6279.6001.114249388265341701207347458535,0,121.0,86.1025619506836,63.28205108642578,0.4653846153846154,0.37599372030866196,0.22126591288960062,230,287,261.0,5
1.3.6.1.4.1.14519.5.2.1.6279.6001.114249388265341701207347458535,1,196.0,164.0,227.5,0.7538461538461538,0.7161572052401747,0.7954545454545454,230,287,261.0,5
1.3.6.1.4.1.14519.5.2.1.6279.6001.114249388265341701207347458535,2,226.0,175.09091186523438,98.09091186523438,0.8692307692307693,0.7645891347826829,0.3429752163120083,230,287,261.0,5
1.3.6.1.4.1.14519.5.2.1.6279.6001.114914167428485563471327801935,0,252.0,96.80952453613281,109.07142639160156,0.8842105263157894,0.4566487006421359,0.39375966206354357,213,278,286.0,5
1.3.6.1.4.1.14519.5.2.1.6279.6001.114914167428485563471327801935,1,238.0,131.0,71.0,0.8350877192982457,0.6179245283018868,0.2563176895306859,213,278,286.0,5
1.3.6.1.4.1.14519.5.2.1.6279.6001.115386642382564804180764325545,0,81.0,165.8346405029297,233.1653594970703,0.27181208053691275,0.714804484926421,0.8012555309177674,233,292,299.0,5
1.3.6.1.4.1.14519.5.2.1.6279.6001.117040183261056772902616195387,0,116.0,141.7391357421875,233.5,0.3729903536977492,0.6685808289725825,0.6949404761904762,213,337,312.0,5
1.3.6.1.4.1.14519.5.2.1.6279.6001.117040183261056772902616195387,1,72.0,181.5737762451172,266.0,0.2315112540192926,0.8564800766279113,0.7916666666666666,213,337,312.0,5
1.3.6.1.4.1.14519.5.2.1.6279.6001.117040183261056772902616195387,2,129.0,178.5,61.0,0.41479099678456594,0.8419811320754716,0.18154761904761904,213,337,312.0,5
1.3.6.1.4.1.14519.5.2.1.6279.6001.117040183261056772902616195387,3,54.0,139.46665954589844,145.13333129882812,0.17363344051446947,0.6578616016315963,0.4319444383893694,213,337,312.0,5
1.3.6.1.4.1.14519.5.2.1.6279.6001.117040183261056772902616195387,4,59.0,167.5,56.28571319580078,0.18971061093247588,0.7900943396226415,0.1675170035589309,213,337,312.0,5
1.3.6.1.4.1.14519.5.2.1.6279.6001.118140393257625250121502185026,0,56.0,190.11904907226562,118.5,0.1830065359477124,0.8761246501026065,0.3454810495626822,218,344,307.0,5
1.3.6.1.4.1.14519.5.2.1.6279.6001.118140393257625250121502185026,1,87.0,109.93939208984375,17.15151596069336,0.28431372549019607,0.5066331432711694,0.05000441971047627,218,344,307.0,5
1.3.6.1.4.1.14519.5.2.1.6279.6001.118140393257625250121502185026,2,137.0,121.5862045288086,39.72413635253906,0.4477124183006536,0.5603050899945097,0.11581380860798561,218,344,307.0,5
1.3.6.1.4.1.14519.5.2.1.6279.6001.119209873306155771318545953948,0,97.0,39.5,111.5,0.33448275862068966,0.1880952380952381,0.37796610169491524,211,296,291.0,5
1.3.6.1.4.1.14519.5.2.1.6279.6001.119209873306155771318545953948,1,144.0,37.54838562011719,71.41935729980469,0.496551724137931,0.17880183628627233,0.24209951627052437,211,296,291.0,5
1.3.6.1.4.1.14519.5.2.1.6279.6001.119304665257760307862874140576,0,49.0,105.83243560791016,16.36216163635254,0.16554054054054054,0.5137496874170396,0.05993465800861736,207,274,297.0,5
1.3.6.1.4.1.14519.5.2.1.6279.6001.119515474430718803379832249911,0,264.0,150.84210205078125,249.15789794921875,0.825,0.6704093424479166,0.80633623931786,226,310,321.0,5
1.3.6.1.4.1.14519.5.2.1.6279.6001.119806527488108718706404165837,0,77.0,38.11111068725586,72.88888549804688,0.24758842443729903,0.1693827141655816,0.22427349384014422,226,326,312.0,5
1.3.6.1.4.1.14519.5.2.1.6279.6001.121108220866971173712229588402,0,212.0,51.0,45.0,0.6708860759493671,0.23943661971830985,0.1618705035971223,214,279,317.0,5
1.3.6.1.4.1.14519.5.2.1.6279.6001.121391737347333465796214915391,0,168.0,44.23698043823242,199.0416717529297,0.6021505376344086,0.21267779056842512,0.6200675132490021,209,322,280.0,5
1.3.6.1.4.1.14519.5.2.1.6279.6001.121824995088859376862458155637,0,207.0,138.14285278320312,45.80952453613281,0.6831683168316832,0.5481859237428696,0.15219111141572364,253,302,304.0,5
1.3.6.1.4.1.14519.5.2.1.6279.6001.121824995088859376862458155637,1,226.0,164.5,213.2857208251953,0.7458745874587459,0.6527777777777778,0.7085904346352003,253,302,304.0,5
1.3.6.1.4.1.14519.5.2.1.6279.6001.121993590721161347818774929286,0,94.0,134.0,59.5,0.29283489096573206,0.708994708994709,0.20877192982456141,190,286,322.0,5
1.3.6.1.4.1.14519.5.2.1.6279.6001.121993590721161347818774929286,1,119.0,133.17105102539062,99.17105102539062,0.3707165109034268,0.7046087355840773,0.3479686000890899,190,286,322.0,5
1.3.6.1.4.1.14519.5.2.1.6279.6001.122621219961396951727742490470,0,83.0,95.21154022216797,98.30769348144531,0.27946127946127947,0.39837464528103755,0.29700209511010667,240,332,298.0,5
1.3.6.1.4.1.14519.5.2.1.6279.6001.122914038048856168343065566972,0,95.0,77.1463394165039,27.85365867614746,0.3064516129032258,0.34287261962890625,0.08814448948147931,226,317,311.0,5
1.3.6.1.4.1.14519.5.2.1.6279.6001.122914038048856168343065566972,1,75.0,170.87179565429688,30.871795654296875,0.24193548387096775,0.7594302029079861,0.09769555586802808,226,317,311.0,5
1.3.6.1.4.1.14519.5.2.1.6279.6001.122914038048856168343065566972,2,111.0,185.88888549804688,247.88888549804688,0.3580645161290323,0.8261728244357639,0.7844584984115407,226,317,311.0,5
1.3.6.1.4.1.14519.5.2.1.6279.6001.122914038048856168343065566972,3,92.0,158.88888549804688,287.5185241699219,0.2967741935483871,0.7061728244357639,0.9098687473731705,226,317,311.0,5
1.3.6.1.4.1.14519.5.2.1.6279.6001.122914038048856168343065566972,4,85.0,165.25,30.25,0.27419354838709675,0.7344444444444445,0.09572784810126582,226,317,311.0,5
1.3.6.1.4.1.14519.5.2.1.6279.6001.122914038048856168343065566972,5,83.0,88.4117660522461,78.11764526367188,0.267741935483871,0.3929411824544271,0.24720773817617683,226,317,311.0,5
1.3.6.1.4.1.14519.5.2.1.6279.6001.123654356399290048011621921476,0,167.0,146.5,227.22222900390625,0.5738831615120275,0.6341991341991342,0.7145353113330385,232,319,292.0,5
1.3.6.1.4.1.14519.5.2.1.6279.6001.123654356399290048011621921476,1,104.0,45.27777862548828,49.11111068725586,0.35738831615120276,0.19600769967743845,0.15443745499137063,232,319,292.0,5
1.3.6.1.4.1.14519.5.2.1.6279.6001.123697637451437522065941162930,0,199.0,91.04570007324219,232.6317138671875,0.6958041958041958,0.48172328081080523,0.8368047261409622,190,279,287.0,5
1.3.6.1.4.1.14519.5.2.1.6279.6001.124154461048929153767743874565,0,41.0,112.5,297.5,0.13898305084745763,0.4891304347826087,0.9414556962025317,231,317,296.0,5
1.3.6.1.4.1.14519.5.2.1.6279.6001.124663713663969377020085460568,0,216.0,148.0,260.0,0.8503937007874016,0.6016260162601627,0.7103825136612022,247,367,255.0,5
1.3.6.1.4.1.14519.5.2.1.6279.6001.124663713663969377020085460568,1,155.0,182.7014923095703,94.20895385742188,0.610236220472441,0.7426889931283346,0.25740151327164446,247,367,255.0,5
1.3.6.1.4.1.14519.5.2.1.6279.6001.124663713663969377020085460568,2,216.0,182.5757598876953,120.42424011230469,0.8503937007874016,0.7421778857223387,0.3290279784489199,247,367,255.0,5
1.3.6.1.4.1.14519.5.2.1.6279.6001.124822907934319930841506266464,0,127.0,242.60000610351562,112.04000091552734,0.3944099378881988,0.9259542217691437,0.34473846435546873,263,326,323.0,5
1.3.6.1.4.1.14519.5.2.1.6279.6001.124822907934319930841506266464,1,161.0,241.90908813476562,106.09091186523438,0.5,0.923317130285365,0.3264335749699519,263,326,323.0,5
1.3.6.1.4.1.14519.5.2.1.6279.6001.124822907934319930841506266464,2,242.0,78.5,247.5,0.7515527950310559,0.29961832061068705,0.7615384615384615,263,326,323.0,5
1.3.6.1.4.1.14519.5.2.1.6279.6001.124822907934319930841506266464,3,129.0,238.38461303710938,242.61538696289062,0.40062111801242234,0.9098649352561426,0.7465088829627404,263,326,323.0,5
1.3.6.1.4.1.14519.5.2.1.6279.6001.124822907934319930841506266464,4,297.0,173.0,199.0,0.922360248447205,0.6603053435114504,0.6123076923076923,263,326,323.0,5
1.3.6.1.4.1.14519.5.2.1.6279.6001.125124219978170516876304987559,0,244.0,157.62637329101562,100.43955993652344,0.8683274021352313,0.6255014813135541,0.2945441640367256,253,342,282.0,5
1.3.6.1.4.1.14519.5.2.1.6279.6001.125124219978170516876304987559,1,122.0,196.5,295.0,0.43416370106761565,0.7797619047619048,0.8651026392961877,253,342,282.0,5
1.3.6.1.4.1.14519.5.2.1.6279.6001.125124219978170516876304987559,2,160.0,154.0,282.5,0.5693950177935944,0.6111111111111112,0.8284457478005866,253,342,282.0,5
1.3.6.1.4.1.14519.5.2.1.6279.6001.126264578931778258890371755354,0,252.0,117.57575988769531,222.4242401123047,0.7899686520376176,0.5202467251667934,0.71749754874937,227,311,320.0,5
1.3.6.1.4.1.14519.5.2.1.6279.6001.126631670596873065041988320084,0,269.0,142.0892791748047,81.42857360839844,0.8354037267080745,0.6315079074435764,0.2696310384384054,226,303,323.0,5
1.3.6.1.4.1.14519.5.2.1.6279.6001.126631670596873065041988320084,1,88.0,85.31914520263672,222.425537109375,0.2732919254658385,0.3791962009006076,0.7365084010244205,226,303,323.0,5
1.3.6.1.4.1.14519.5.2.1.6279.6001.126704785377921920210612476953,0,105.0,98.84210205078125,241.15789794921875,0.375,0.49669398015467964,0.87376049981601,200,277,281.0,5
1.3.6.1.4.1.14519.5.2.1.6279.6001.127965161564033605177803085629,0,131.0,102.5,36.0,0.5574468085106383,0.5125,0.14342629482071714,201,252,236.0,5
1.3.6.1.4.1.14519.5.2.1.6279.6001.128023902651233986592378348912,0,205.0,182.44705200195312,185.3647003173828,0.7321428571428571,0.8218335675763654,0.6716112330339957,223,277,281.0,5
1.3.6.1.4.1.14519.5.2.1.6279.6001.128059192202504367870633619224,0,189.0,67.5897445678711,218.0,0.6678445229681979,0.3520299196243286,0.7517241379310344,193,291,284.0,5
1.3.6.1.4.1.14519.5.2.1.6279.6001.128059192202504367870633619224,1,52.0,108.25926208496094,235.59259033203125,0.18374558303886926,0.5638503233591715,0.8123882425242457,193,291,284.0,5
1.3.6.1.4.1.14519.5.2.1.6279.6001.128881800399702510818644205032,0,176.0,154.40151977539062,58.09848403930664,0.6263345195729537,0.7918026655148237,0.20033960013554014,196,291,282.0,5
1.3.6.1.4.1.14519.5.2.1.6279.6001.128881800399702510818644205032,1,174.0,125.47107696533203,36.85950469970703,0.6192170818505338,0.643441420335036,0.12710174034381735,196,291,282.0,5
1.3.6.1.4.1.14519.5.2.1.6279.6001.129007566048223160327836686225,0,143.0,179.5,179.5,0.5355805243445693,0.8713592233009708,0.6232638888888888,207,289,268.0,5
1.3.6.1.4.1.14519.5.2.1.6279.6001.129007566048223160327836686225,1,136.0,173.0,56.0,0.5093632958801498,0.8398058252427184,0.19444444444444445,207,289,268.0,5
1.3.6.1.4.1.14519.5.2.1.6279.6001.129055977637338639741695800950,0,219.0,176.5,69.16666412353516,0.7373737373737373,0.7775330396475771,0.22168802603697166,228,313,298.0,5
1.3.6.1.4.1.14519.5.2.1.6279.6001.129567032250534530765928856531,0,180.0,86.0,218.0,0.72,0.4056603773584906,0.7569444444444444,213,289,251.0,5
1.3.6.1.4.1.14519.5.2.1.6279.6001.129982010889624423230394257528,0,145.0,134.5,277.0,0.5215827338129496,0.6285046728971962,0.8878205128205128,215,313,279.0,5
1.3.6.1.4.1.14519.5.2.1.6279.6001.129982010889624423230394257528,1,85.0,87.9000015258789,110.94999694824219,0.3057553956834532,0.4107476706816771,0.3556089645776993,215,313,279.0,5
1.3.6.1.4.1.14519.5.2.1.6279.6001.129982010889624423230394257528,2,166.0,168.5,127.0,0.5971223021582733,0.7873831775700935,0.40705128205128205,215,313,279.0,5
1.3.6.1.4.1.14519.5.2.1.6279.6001.129982010889624423230394257528,3,51.0,188.63157653808594,48.78947448730469,0.18345323741007194,0.8814559651312427,0.15637652079264322,215,313,279.0,5
1.3.6.1.4.1.14519.5.2.1.6279.6001.130036599816889919308975074972,0,195.0,62.0,59.29999923706055,0.6037151702786377,0.2683982683982684,0.19129032011955016,232,311,324.0,5
1.3.6.1.4.1.14519.5.2.1.6279.6001.130438550890816550994739120843,0,238.0,101.22222137451172,206.5,0.7986577181208053,0.5442054912608157,0.7942307692307692,187,261,299.0,5
1.3.6.1.4.1.14519.5.2.1.6279.6001.130765375502800983459674173881,0,63.0,108.0,22.0,0.23507462686567165,0.5070422535211268,0.08764940239043825,214,252,269.0,5
1.3.6.1.4.1.14519.5.2.1.6279.6001.130765375502800983459674173881,1,75.0,113.0,222.64706420898438,0.2798507462686567,0.5305164319248826,0.8870400964501369,214,252,269.0,5
1.3.6.1.4.1.14519.5.2.1.6279.6001.131939324905446238286154504249,0,165.0,187.36419677734375,77.44444274902344,0.632183908045977,0.7839506141311454,0.22382786921683073,240,347,262.0,5
1.3.6.1.4.1.14519.5.2.1.6279.6001.131939324905446238286154504249,1,80.0,185.05332946777344,109.65333557128906,0.3065134099616858,0.7742817132542822,0.3169171548303152,240,347,262.0,5
1.3.6.1.4.1.14519.5.2.1.6279.6001.132817748896065918417924920957,0,143.0,168.77777099609375,204.6666717529297,0.539622641509434,0.8153515507057669,0.7608426459216717,208,270,266.0,5
1.3.6.1.4.1.14519.5.2.1.6279.6001.133378195429627807109985347209,0,148.0,191.76712036132812,83.86986541748047,0.5584905660377358,0.9219573094294622,0.2902071467732888,209,290,266.0,5
1.3.6.1.4.1.14519.5.2.1.6279.6001.133378195429627807109985347209,1,28.0,163.44554138183594,107.8910903930664,0.10566037735849057,0.7857958720280573,0.37332557229434743,209,290,266.0,5
1.3.6.1.4.1.14519.5.2.1.6279.6001.134370886216012873213579659366,0,268.0,128.2985076904297,82.20895385742188,0.8617363344051447,0.6447161190473853,0.31022246738649767,200,266,312.0,5
1.3.6.1.4.1.14519.5.2.1.6279.6001.134370886216012873213579659366,1,100.0,170.7142791748047,85.5,0.3215434083601286,0.8578606993708778,0.32264150943396225,200,266,312.0,5
1.3.6.1.4.1.14519.5.2.1.6279.6001.134519406153127654901640638633,0,137.0,71.23008728027344,52.76991271972656,0.42679127725856697,0.3070262382770407,0.15752212752157183,233,336,322.0,5
1.3.6.1.4.1.14519.5.2.1.6279.6001.134519406153127654901640638633,1,288.0,160.25640869140625,136.74359130859375,0.897196261682243,0.6907603822905442,0.4081898248017724,233,336,322.0,5
1.3.6.1.4.1.14519.5.2.1.6279.6001.134996872583497382954024478441,0,201.0,126.0,80.11940002441406,0.8305785123966942,0.5675675675675675,0.28112070184004934,223,286,243.0,5
1.3.6.1.4.1.14519.5.2.1.6279.6001.134996872583497382954024478441,1,191.0,167.1836700439453,96.81632995605469,0.7892561983471075,0.7530795947925465,0.3397064208984375,223,286,243.0,5
1.3.6.1.4.1.14519.5.2.1.6279.6001.134996872583497382954024478441,2,125.0,69.0,83.0,0.5165289256198347,0.3108108108108108,0.2912280701754386,223,286,243.0,5
1.3.6.1.4.1.14519.5.2.1.6279.6001.134996872583497382954024478441,3,74.0,85.24324035644531,266.7567443847656,0.30578512396694213,0.3839785601641681,0.9359885767886513,223,286,243.0,5
1.3.6.1.4.1.14519.5.2.1.6279.6001.135657246677982059395844827629,0,215.0,152.2341766357422,50.563289642333984,0.7570422535211268,0.6919735301624644,0.17495947973125947,221,290,285.0,5
1.3.6.1.4.1.14519.5.2.1.6279.6001.137375498893536422914241295628,0,114.0,206.40740966796875,117.25926208496094,0.4175824175824176,0.8494132085101594,0.35749775025902725,244,329,274.0,5
1.3.6.1.4.1.14519.5.2.1.6279.6001.137763212752154081977261297097,0,89.0,153.03305053710938,52.01652908325195,0.363265306122449,0.7322155528091358,0.17998798990744622,210,290,246.0,5
1.3.6.1.4.1.14519.5.2.1.6279.6001.137763212752154081977261297097,1,92.0,122.6597900390625,28.855670928955078,0.37551020408163266,0.586888947555323,0.09984661221091723,210,290,246.0,5
1.3.6.1.4.1.14519.5.2.1.6279.6001.137773550852881583165286615668,0,127.0,62.88163375854492,240.03265380859375,0.47924528301886793,0.26987825647444175,0.8696835282920063,234,277,266.0,5
1.3.6.1.4.1.14519.5.2.1.6279.6001.137773550852881583165286615668,1,141.0,85.2125015258789,208.4250030517578,0.5320754716981132,0.3657188906690082,0.7551630545353544,234,277,266.0,5
1.3.6.1.4.1.14519.5.2.1.6279.6001.138080888843357047811238713686,0,125.0,132.8333282470703,29.5,0.42662116040955633,0.6847078775622181,0.09609120521172639,195,308,294.0,5
1.3.6.1.4.1.14519.5.2.1.6279.6001.138813197521718693188313387015,0,81.0,169.22552490234375,206.17446899414062,0.25077399380804954,0.6796205819371235,0.6343829815204327,250,326,324.0,5
1.3.6.1.4.1.14519.5.2.1.6279.6001.138904664700896606480369521124,0,171.0,200.80374145507812,85.75701141357422,0.608540925266904,0.7813375153894091,0.2739840620241988,258,314,282.0,5
1.3.6.1.4.1.14519.5.2.1.6279.6001.138904664700896606480369521124,1,143.0,133.5,57.5,0.5088967971530249,0.519455252918288,0.18370607028753994,258,314,282.0,5
1.3.6.1.4.1.14519.5.2.1.6279.6001.138904664700896606480369521124,2,141.0,66.9000015258789,258.95001220703125,0.501779359430605,0.26031128998396463,0.8273163329298123,258,314,282.0,5
1.3.6.1.4.1.14519.5.2.1.6279.6001.139258777898746693365877042411,0,115.0,71.5,49.13793182373047,0.44573643410852715,0.33726415094339623,0.18754935810584147,213,263,259.0,5
1.3.6.1.4.1.14519.5.2.1.6279.6001.140239815496047437552471323962,0,135.0,165.0408172607422,236.0408172607422,0.5113636363636364,0.7270520584173664,0.8552203523939934,228,277,265.0,5
1.3.6.1.4.1.14519.5.2.1.6279.6001.140253591510022414496468423138,0,249.0,149.1914825439453,93.04255676269531,0.8137254901960784,0.7242304977861423,0.28280412389876997,207,330,307.0,5
1.3.6.1.4.1.14519.5.2.1.6279.6001.140253591510022414496468423138,1,59.0,159.75437927246094,58.0,0.19281045751633988,0.7755066954973832,0.1762917933130699,207,330,307.0,5
1.3.6.1.4.1.14519.5.2.1.6279.6001.140253591510022414496468423138,2,134.0,53.85714340209961,272.80950927734375,0.43790849673202614,0.2614424436995127,0.8292082348855433,207,330,307.0,5
1.3.6.1.4.1.14519.5.2.1.6279.6001.141069661700670042960678408762,0,177.0,131.58621215820312,46.72413635253906,0.6507352941176471,0.7112768224767736,0.1804020708592242,186,260,273.0,5
1.3.6.1.4.1.14519.5.2.1.6279.6001.141149610914910880857802344415,0,222.0,120.0,60.60377502441406,0.7900355871886121,0.5741626794258373,0.20201258341471354,210,301,282.0,5
1.3.6.1.4.1.14519.5.2.1.6279.6001.141345499716190654505508410197,0,140.0,170.72413635253906,87.5862045288086,0.45751633986928103,0.8053025299648069,0.3243933501066985,213,271,307.0,5
1.3.6.1.4.1.14519.5.2.1.6279.6001.141430002307216644912805017227,0,103.0,104.4137954711914,330.2758483886719,0.31212121212121213,0.49020561254080475,0.9356256328290988,214,354,331.0,5
1.3.6.1.4.1.14519.5.2.1.6279.6001.141430002307216644912805017227,1,139.0,43.78260803222656,279.9130554199219,0.4212121212121212,0.2055521503860402,0.792954831217909,214,354,331.0,5
1.3.6.1.4.1.14519.5.2.1.6279.6001.141430002307216644912805017227,2,95.0,88.5,25.5,0.2878787878787879,0.4154929577464789,0.07223796033994334,214,354,331.0,5
1.3.6.1.4.1.14519.5.2.1.6279.6001.141511313712034597336182402384,0,173.0,64.67742156982422,208.06451416015625,0.6784313725490196,0.31094914216261643,0.8064516052719235,209,259,256.0,5
1.3.6.1.4.1.14519.5.2.1.6279.6001.141511313712034597336182402384,1,191.0,38.5,68.5,0.7490196078431373,0.18509615384615385,0.2655038759689923,209,259,256.0,5
1.3.6.1.4.1.14519.5.2.1.6279.6001.141511313712034597336182402384,2,122.0,183.61538696289062,154.38461303710938,0.47843137254901963,0.8827662834754357,0.5983899730120519,209,259,256.0,5
1.3.6.1.4.1.14519.5.2.1.6279.6001.142154819868944114554521645782,0,253.0,81.1463394165039,182.85365295410156,0.8518518518518519,0.41828010008507166,0.6507247436089023,195,282,298.0,5
1.3.6.1.4.1.14519.5.2.1.6279.6001.142485715518010940961688015191,0,155.0,48.296295166015625,55.77777862548828,0.5719557195571956,0.2046453185000662,0.18109668384898792,237,309,272.0,5
1.3.6.1.4.1.14519.5.2.1.6279.6001.142485715518010940961688015191,1,55.0,195.0,197.0,0.2029520295202952,0.826271186440678,0.6396103896103896,237,309,272.0,5
1.3.6.1.4.1.14519.5.2.1.6279.6001.142485715518010940961688015191,2,154.0,96.25,37.66666793823242,0.5682656826568265,0.4078389830508475,0.12229437642283254,237,309,272.0,5
1.3.6.1.4.1.14519.5.2.1.6279.6001.143412474064515942785157561636,0,80.0,145.2916717529297,246.0,0.31496062992125984,0.7264583587646485,0.8482758620689655,201,291,255.0,5
1.3.6.1.4.1.14519.5.2.1.6279.6001.143622857676008763729469324839,0,248.0,132.58544921875,90.23636627197266,0.7873015873015873,0.5618027509269068,0.26776369813641737,237,338,316.0,5
1.3.6.1.4.1.14519.5.2.1.6279.6001.144883090372691745980459537053,0,40.0,74.5,38.5,0.1444043321299639,0.36341463414634145,0.13414634146341464,206,288,278.0,5
1.3.6.1.4.1.14519.5.2.1.6279.6001.144883090372691745980459537053,1,153.0,144.5,60.5,0.5523465703971119,0.7048780487804878,0.21080139372822299,206,288,278.0,5
1.3.6.1.4.1.14519.5.2.1.6279.6001.145759169833745025756371695397,0,68.0,97.45945739746094,82.0810775756836,0.24548736462093862,0.4972421295788823,0.2791873386928013,197,295,278.0,5
1.3.6.1.4.1.14519.5.2.1.6279.6001.146987333806092287055399155268,0,106.0,84.76200103759766,256.4843444824219,0.3281733746130031,0.37505310193627284,0.7940691779641544,227,324,324.0,5
1.3.6.1.4.1.14519.5.2.1.6279.6001.147250707071097813243473865421,0,224.0,116.45454406738281,216.78787231445312,0.8715953307392996,0.557198775442023,0.7373737153552827,210,295,258.0,5
1.3.6.1.4.1.14519.5.2.1.6279.6001.147250707071097813243473865421,1,147.0,170.125,122.33333587646484,0.5719844357976653,0.8139952153110048,0.41609978189273755,210,295,258.0,5
1.3.6.1.4.1.14519.5.2.1.6279.6001.147325126373007278009743173696,0,153.0,64.28571319580078,65.5,0.5708955223880597,0.3263234172375674,0.25,198,263,269.0,5
1.3.6.1.4.1.14519.5.2.1.6279.6001.147325126373007278009743173696,1,232.0,141.7142791748047,112.5,0.8656716417910447,0.7193618232223589,0.42938931297709926,198,263,269.0,5
1.3.6.1.4.1.14519.5.2.1.6279.6001.148229375703208214308676934766,0,83.0,129.09091186523438,324.69696044921875,0.25696594427244585,0.5814905939875422,0.9578081429180494,223,340,324.0,5
1.3.6.1.4.1.14519.5.2.1.6279.6001.148229375703208214308676934766,1,233.0,111.11538696289062,248.0,0.7213622291021672,0.5005197610941019,0.7315634218289085,223,340,324.0,5
1.3.6.1.4.1.14519.5.2.1.6279.6001.148447286464082095534651426689,0,174.0,48.82790756225586,218.0,0.6566037735849056,0.23362635197251608,0.7841726618705036,210,279,266.0,5
1.3.6.1.4.1.14519.5.2.1.6279.6001.148447286464082095534651426689,1,192.0,106.13793182373047,247.5,0.7245283018867924,0.5078369943719161,0.8902877697841727,210,279,266.0,5
1.3.6.1.4.1.14519.5.2.1.6279.6001.148447286464082095534651426689,2,106.0,19.5,98.80000305175781,0.4,0.09330143540669857,0.3553956944307835,210,279,266.0,5
1.3.6.1.4.1.14519.5.2.1.6279.6001.148447286464082095534651426689,3,90.0,83.5,254.5,0.33962264150943394,0.39952153110047844,0.9154676258992805,210,279,266.0,5
1.3.6.1.4.1.14519.5.2.1.6279.6001.148447286464082095534651426689,4,118.0,47.57143020629883,204.0,0.44528301886792454,0.22761449859473123,0.7338129496402878,210,279,266.0,5
1.3.6.1.4.1.14519.5.2.1.6279.6001.149041668385192796520281592139,0,58.0,181.72500610351562,223.56500244140625,0.18412698412698414,0.8612559530972305,0.7604251783721301,212,295,316.0,5
1.3.6.1.4.1.14519.5.2.1.6279.6001.149463915556499304732434215056,0,151.0,50.871795654296875,74.12820434570312,0.48242811501597443,0.23551757247359664,0.24464753909472978,217,304,314.0,5
1.3.6.1.4.1.14519.5.2.1.6279.6001.149893110752986700464921264055,0,183.0,141.33474731445312,67.81356048583984,0.8169642857142857,0.6730226062593005,0.23794231749417488,211,286,225.0,5
1.3.6.1.4.1.14519.5.2.1.6279.6001.149893110752986700464921264055,1,164.0,162.6666717529297,84.88888549804688,0.7321428571428571,0.7746031988234747,0.29785573858963815,211,286,225.0,5
1.3.6.1.4.1.14519.5.2.1.6279.6001.150097650621090951325113116280,0,181.0,108.5,220.0,0.7182539682539683,0.46170212765957447,0.650887573964497,236,339,253.0,5
1.3.6.1.4.1.14519.5.2.1.6279.6001.150684298696437181894923266019,0,138.0,59.5,73.5,0.5054945054945055,0.25,0.20473537604456823,239,360,274.0,5
1.3.6.1.4.1.14519.5.2.1.6279.6001.151764021165118974848436095034,0,181.0,70.0,83.0,0.6418439716312057,0.2755905511811024,0.2618296529968454,255,318,283.0,5
1.3.6.1.4.1.14519.5.2.1.6279.6001.151764021165118974848436095034,1,148.0,141.25,251.75,0.524822695035461,0.5561023622047244,0.7941640378548895,255,318,283.0,5
1.3.6.1.4.1.14519.5.2.1.6279.6001.151764021165118974848436095034,2,39.0,149.88888549804688,298.27777099609375,0.13829787234042554,0.5901137224332554,0.9409393406816837,255,318,283.0,5
1.3.6.1.4.1.14519.5.2.1.6279.6001.151764021165118974848436095034,3,112.0,48.88888931274414,68.66666412353516,0.3971631205673759,0.19247594217615804,0.21661408240862826,255,318,283.0,5
1.3.6.1.4.1.14519.5.2.1.6279.6001.153536305742006952753134773630,0,267.0,106.9246597290039,164.71917724609375,0.9143835616438356,0.5779711336702914,0.6434342861175537,186,257,293.0,5
1.3.6.1.4.1.14519.5.2.1.6279.6001.153536305742006952753134773630,1,132.0,51.27692413330078,221.88461303710938,0.4520547945205479,0.2771725628827069,0.8667367696762085,186,257,293.0,5
1.3.6.1.4.1.14519.5.2.1.6279.6001.153536305742006952753134773630,2,147.0,85.0,213.61842346191406,0.5034246575342466,0.4594594594594595,0.8344469666481018,186,257,293.0,5
1.3.6.1.4.1.14519.5.2.1.6279.6001.153536305742006952753134773630,3,186.0,58.57143020629883,186.77142333984375,0.636986301369863,0.3166023254394531,0.7295758724212646,186,257,293.0,5
1.3.6.1.4.1.14519.5.2.1.6279.6001.153536305742006952753134773630,4,217.0,110.78571319580078,47.5,0.7431506849315068,0.5988416929502745,0.185546875,186,257,293.0,5
1.3.6.1.4.1.14519.5.2.1.6279.6001.153646219551578201092527860224,0,86.0,33.27586364746094,88.5862045288086,0.2986111111111111,0.1428148654397465,0.26364941824050175,234,337,289.0,5
1.3.6.1.4.1.14519.5.2.1.6279.6001.153732973534937692357111055819,0,258.0,185.9528350830078,112.33018493652344,0.821656050955414,0.7152032118577224,0.31030437827768903,261,363,315.0,5
1.3.6.1.4.1.14519.5.2.1.6279.6001.153732973534937692357111055819,1,216.0,129.5,286.8333435058594,0.6878980891719745,0.4980769230769231,0.792357302502374,261,363,315.0,5
1.3.6.1.4.1.14519.5.2.1.6279.6001.153985109349433321657655488650,0,218.0,116.82467651367188,118.6709976196289,0.8134328358208955,0.5169233474056277,0.3563693622211078,227,334,269.0,5
1.3.6.1.4.1.14519.5.2.1.6279.6001.154677396354641150280013275227,0,157.0,59.105262756347656,73.57368469238281,0.6108949416342413,0.29405603361366994,0.28852425369561885,202,256,258.0,5
1.3.6.1.4.1.14519.5.2.1.6279.6001.154703816225841204080664115280,0,95.0,69.4117660522461,31.117647171020508,0.3114754098360656,0.3213507687603986,0.10136041423785182,217,308,306.0,5
1.3.6.1.4.1.14519.5.2.1.6279.6001.154703816225841204080664115280,1,99.0,198.39999389648438,67.5999984741211,0.32459016393442625,0.9185184902615018,0.2201954347691241,217,308,306.0,5
1.3.6.1.4.1.14519.5.2.1.6279.6001.154703816225841204080664115280,2,88.0,163.0,32.35293960571289,0.28852459016393445,0.7546296296296297,0.10538416809678466,217,308,306.0,5
1.3.6.1.4.1.14519.5.2.1.6279.6001.154837327827713479309898027966,0,139.0,154.9250030517578,75.80000305175781,0.5091575091575091,0.6272267330030681,0.250993387588602,248,303,274.0,5
1.3.6.1.4.1.14519.5.2.1.6279.6001.154837327827713479309898027966,1,81.0,66.0,263.8260803222656,0.2967032967032967,0.26720647773279355,0.8735962924578332,248,303,274.0,5
1.3.6.1.4.1.14519.5.2.1.6279.6001.154837327827713479309898027966,2,98.0,185.7894744873047,259.368408203125,0.358974358974359,0.7521841072360513,0.8588357887520696,248,303,274.0,5
1.3.6.1.4.1.14519.5.2.1.6279.6001.154837327827713479309898027966,3,112.0,54.0,85.0,0.41025641025641024,0.21862348178137653,0.2814569536423841,248,303,274.0,5
1.3.6.1.4.1.14519.5.2.1.6279.6001.154837327827713479309898027966,4,60.0,179.2105255126953,271.0,0.21978021978021978,0.7255486862862158,0.8973509933774835,248,303,274.0,5
1.3.6.1.4.1.14519.5.2.1.6279.6001.154837327827713479309898027966,5,126.0,200.60000610351562,49.599998474121094,0.46153846153846156,0.8121457736984439,0.16423840554344732,248,303,274.0,5
1.3.6.1.4.1.14519.5.2.1.6279.6001.156016499715048493339281864474,0,169.0,98.0,29.0,0.5232198142414861,0.41350210970464135,0.09508196721311475,238,306,324.0,5
1.3.6.1.4.1.14519.5.2.1.6279.6001.156016499715048493339281864474,1,180.0,129.0,40.173912048339844,0.5572755417956656,0.5443037974683544,0.13171774442078638,238,306,324.0,5
1.3.6.1.4.1.14519.5.2.1.6279.6001.156016499715048493339281864474,2,261.0,182.82608032226562,70.0,0.8080495356037152,0.7714180604315005,0.22950819672131148,238,306,324.0,5
1.3.6.1.4.1.14519.5.2.1.6279.6001.159996104466052855396410079250,0,204.0,90.01905059814453,67.44761657714844,0.5604395604395604,0.38634785664439714,0.21827707630145127,234,310,365.0,5
1.3.6.1.4.1.14519.5.2.1.6279.6001.160124400349792614505500125883,0,244.0,121.57142639160156,102.67346954345703,0.7973856209150327,0.5930313482517149,0.3733580710671165,206,276,307.0,5
1.3.6.1.4.1.14519.5.2.1.6279.6001.160586340600816116143631200450,0,197.0,107.39655303955078,73.39655303955078,0.7086330935251799,0.5479415971405652,0.26689655650745736,197,276,279.0,5
1.3.6.1.4.1.14519.5.2.1.6279.6001.161067514225109999586362698069,0,89.0,136.0,170.38157653808594,0.322463768115942,0.7311827956989247,0.6453847596139619,187,265,277.0,5
1.3.6.1.4.1.14519.5.2.1.6279.6001.161067514225109999586362698069,1,137.0,129.5,40.71428680419922,0.4963768115942029,0.696236559139785,0.15422078334923947,187,265,277.0,5
1.3.6.1.4.1.14519.5.2.1.6279.6001.161067514225109999586362698069,2,206.0,114.28571319580078,217.5,0.7463768115942029,0.6144393182569935,0.8238636363636364,187,265,277.0,5
1.3.6.1.4.1.14519.5.2.1.6279.6001.161855583909753609742728521805,0,36.0,204.0,201.0,0.1411764705882353,0.9147982062780269,0.6722408026755853,224,300,256.0,5
1.3.6.1.4.1.14519.5.2.1.6279.6001.161855583909753609742728521805,1,102.0,183.1884002685547,59.18840408325195,0.4,0.8214726469441914,0.19795452870652827,224,300,256.0,5
1.3.6.1.4.1.14519.5.2.1.6279.6001.161855583909753609742728521805,2,91.0,171.86764526367188,111.14705657958984,0.3568627450980392,0.7707069294335062,0.371729286219364,224,300,256.0,5
1.3.6.1.4.1.14519.5.2.1.6279.6001.161855583909753609742728521805,3,80.0,201.5,222.5,0.3137254901960784,0.9035874439461884,0.7441471571906354,224,300,256.0,5
1.3.6.1.4.1.14519.5.2.1.6279.6001.161855583909753609742728521805,4,43.0,98.04545593261719,287.06817626953125,0.16862745098039217,0.4396657216709291,0.9600942350151547,224,300,256.0,5
1.3.6.1.4.1.14519.5.2.1.6279.6001.162351539386551708034407968929,0,92.0,87.19047546386719,253.92857360839844,0.4,0.41918497819166917,0.9301412952688587,209,274,231.0,5
1.3.6.1.4.1.14519.5.2.1.6279.6001.162351539386551708034407968929,1,71.0,185.5,81.5,0.30869565217391304,0.8918269230769231,0.29853479853479853,209,274,231.0,5
1.3.6.1.4.1.14519.5.2.1.6279.6001.162718361851587451505896742103,0,134.0,50.05479431152344,134.46575927734375,0.4652777777777778,0.21299912472988697,0.43236578545769694,236,312,289.0,5
1.3.6.1.4.1.14519.5.2.1.6279.6001.162845309248822193437735868939,0,188.0,190.64382934570312,185.4383544921875,0.6045016077170418,0.8112503376412898,0.5849790362529574,236,318,312.0,5
1.3.6.1.4.1.14519.5.2.1.6279.6001.162901839201654862079549658100,0,148.0,179.2432403564453,228.2432403564453,0.4668769716088328,0.8260057159283194,0.7710920282312341,218,297,318.0,5
1.3.6.1.4.1.14519.5.2.1.6279.6001.163901773171373940247829492387,0,83.0,57.693180084228516,92.27556610107422,0.32421875,0.25527955789481643,0.30758522033691404,227,301,257.0,5
1.3.6.1.4.1.14519.5.2.1.6279.6001.163994693532965040247348251579,0,153.0,71.0,15.0,0.5221843003412969,0.3622448979591837,0.053763440860215055,197,280,294.0,5
1.3.6.1.4.1.14519.5.2.1.6279.6001.164988920331211858091402361989,0,147.0,49.5,67.16666412353516,0.49830508474576274,0.21521739130434783,0.22094297409057617,231,305,296.0,5
1.3.6.1.4.1.14519.5.2.1.6279.6001.167237290696350215427953159586,0,138.0,107.3619613647461,57.444786071777344,0.6052631578947368,0.46882952561024493,0.18650904568758878,230,309,229.0,5
1.3.6.1.4.1.14519.5.2.1.6279.6001.167237290696350215427953159586,1,48.0,184.68605041503906,245.62791442871094,0.21052631578947367,0.8064893031224413,0.7974932286646459,230,309,229.0,5
1.3.6.1.4.1.14519.5.2.1.6279.6001.167661207884826429102690781600,0,125.0,147.95199584960938,245.60000610351562,0.49019607843137253,0.651770906826473,0.8132450533228994,228,303,256.0,5
1.3.6.1.4.1.14519.5.2.1.6279.6001.167661207884826429102690781600,1,82.0,146.5,185.86207580566406,0.3215686274509804,0.6453744493392071,0.6154373371048479,228,303,256.0,5
1.3.6.1.4.1.14519.5.2.1.6279.6001.167919147233131417984739058859,0,261.0,162.36666870117188,117.63333129882812,0.9094076655052264,0.6468791581719995,0.3758253396128694,252,314,288.0,5
1.3.6.1.4.1.14519.5.2.1.6279.6001.168037818448885856452592057286,0,151.0,168.5,62.5,0.5033333333333333,0.6767068273092369,0.1865671641791045,250,336,301.0,5
1.3.6.1.4.1.14519.5.2.1.6279.6001.168605638657404145360275453085,0,181.0,34.88888931274414,261.72222900390625,0.5156695156695157,0.1637976024072495,0.8361732556035344,214,314,352.0,5
1.3.6.1.4.1.14519.5.2.1.6279.6001.168737928729363683423228050295,0,202.0,162.5933074951172,77.85646057128906,0.6332288401253918,0.8049173638372138,0.31393734101326237,203,249,320.0,5
1.3.6.1.4.1.14519.5.2.1.6279.6001.168833925301530155818375859047,0,130.0,74.82978820800781,41.021278381347656,0.45614035087719296,0.2946054653858575,0.12779214449017962,255,322,286.0,5
1.3.6.1.4.1.14519.5.2.1.6279.6001.168833925301530155818375859047,1,71.0,67.5,259.952392578125,0.24912280701754386,0.265748031496063,0.8098205376265576,255,322,286.0,5
1.3.6.1.4.1.14519.5.2.1.6279.6001.168833925301530155818375859047,2,115.0,144.1999969482422,40.5,0.40350877192982454,0.5677165234182763,0.1261682242990654,255,322,286.0,5
1.3.6.1.4.1.14519.5.2.1.6279.6001.168833925301530155818375859047,3,85.0,126.88235473632812,288.4117736816406,0.2982456140350877,0.49953682967058316,0.8984790457371982,255,322,286.0,5
1.3.6.1.4.1.14519.5.2.1.6279.6001.168833925301530155818375859047,4,116.0,206.6666717529297,243.25,0.4070175438596491,0.8136483139879122,0.7577881619937694,255,322,286.0,5
1.3.6.1.4.1.14519.5.2.1.6279.6001.168985655485163461062675655739,0,152.0,184.6774139404297,262.9032287597656,0.5296167247386759,0.753785363022162,0.7778202034312592,246,339,288.0,5
1.3.6.1.4.1.14519.5.2.1.6279.6001.168985655485163461062675655739,1,179.0,180.17391967773438,84.0,0.6236933797909407,0.7354037537866709,0.2485207100591716,246,339,288.0,5
1.3.6.1.4.1.14519.5.2.1.6279.6001.168985655485163461062675655739,2,104.0,231.46665954589844,108.86666870117188,0.3623693379790941,0.9447618756975447,0.32209073580228365,246,339,288.0,5
1.3.6.1.4.1.14519.5.2.1.6279.6001.168985655485163461062675655739,3,159.0,103.63636016845703,55.09090805053711,0.554006968641115,0.42300555170798787,0.16299085222052398,246,339,288.0,5
1.3.6.1.4.1.14519.5.2.1.6279.6001.169128136262002764211589185953,0,268.0,146.11019897460938,197.3030242919922,0.8963210702341137,0.6217455275515292,0.6015336106463176,236,329,300.0,5
1.3.6.1.4.1.14519.5.2.1.6279.6001.169128136262002764211589185953,1,173.0,154.77142333984375,271.5714416503906,0.5785953177257525,0.6586018014461437,0.8279617123487519,236,329,300.0,5
1.3.6.1.4.1.14519.5.2.1.6279.6001.169128136262002764211589185953,2,61.0,171.5,69.5,0.2040133779264214,0.7297872340425532,0.21189024390243902,236,329,300.0,5
1.3.6.1.4.1.14519.5.2.1.6279.6001.169128136262002764211589185953,3,224.0,100.90908813476562,222.09091186523438,0.7491638795986622,0.42940037504155587,0.6771064386135195,236,329,300.0,5
1.3.6.1.4.1.14519.5.2.1.6279.6001.169128136262002764211589185953,4,89.0,125.88888549804688,307.27777099609375,0.2976588628762542,0.5356973850980719,0.9368224725490664,236,329,300.0,5
1.3.6.1.4.1.14519.5.2.1.6279.6001.169128136262002764211589185953,5,220.0,187.0,93.5,0.7357859531772575,0.7957446808510639,0.2850609756097561,236,329,300.0,5
1.3.6.1.4.1.14519.5.2.1.6279.6001.169128136262002764211589185953,6,230.0,163.81817626953125,118.18181610107422,0.7692307692307693,0.6970986224235373,0.36031041494229943,236,329,300.0,5
1.3.6.1.4.1.14519.5.2.1.6279.6001.170052181746004939527661217512,0,275.0,149.0,99.65625,0.870253164556962,0.6898148148148148,0.3085332817337461,217,324,317.0,5
1.3.6.1.4.1.14519.5.2.1.6279.6001.170052181746004939527661217512,1,206.0,105.5,48.0,0.6518987341772152,0.48842592592592593,0.14860681114551083,217,324,317.0,5
1.3.6.1.4.1.14519.5.2.1.6279.6001.170706757615202213033480003264,0,182.0,161.85000610351562,270.1111145019531,0.5909090909090909,0.7458525626890121,0.8015166602431844,218,338,309.0,5
1.3.6.1.4.1.14519.5.2.1.6279.6001.170706757615202213033480003264,1,203.0,54.88461685180664,150.40769958496094,0.6590909090909091,0.25292450162122876,0.4463136486200621,218,338,309.0,5
1.3.6.1.4.1.14519.5.2.1.6279.6001.170706757615202213033480003264,2,201.0,37.36666488647461,221.18333435058594,0.6525974025974026,0.17219661238006734,0.6563303689928366,218,338,309.0,5
1.3.6.1.4.1.14519.5.2.1.6279.6001.170921541362033046216100409521,0,267.0,163.5,154.0,0.8369905956112853,0.6756198347107438,0.4489795918367347,243,344,320.0,5
1.3.6.1.4.1.14519.5.2.1.6279.6001.170921541362033046216100409521,1,237.0,177.625,157.75,0.7429467084639498,0.7339876033057852,0.45991253644314867,243,344,320.0,5
1.3.6.1.4.1.14519.5.2.1.6279.6001.171177995014336749670107905732,0,116.0,185.7857208251953,269.5,0.3918918918918919,0.8077640035878058,0.839563862928349,231,322,297.0,5
1.3.6.1.4.1.14519.5.2.1.6279.6001.171667800241622018839592854574,0,98.0,190.0,215.5,0.3487544483985765,0.8837209302325582,0.6510574018126888,216,332,282.0,5
1.3.6.1.4.1.14519.5.2.1.6279.6001.172243743899615313644757844726,0,218.0,150.164794921875,51.0,0.759581881533101,0.6673990885416666,0.1624203821656051,226,315,288.0,5
1.3.6.1.4.1.14519.5.2.1.6279.6001.172243743899615313644757844726,1,142.0,123.62337493896484,71.93506622314453,0.49477351916376305,0.5494372219509549,0.22909256758963226,226,315,288.0,5
1.3.6.1.4.1.14519.5.2.1.6279.6001.172573195301625265149778785969,0,147.0,214.63333129882812,148.63333129882812,0.48355263157894735,0.8905947356797848,0.42225378209894354,242,353,305.0,5
1.3.6.1.4.1.14519.5.2.1.6279.6001.172573195301625265149778785969,1,73.0,148.0,332.0,0.24013157894736842,0.6141078838174274,0.9431818181818182,242,353,305.0,5
1.3.6.1.4.1.14519.5.2.1.6279.6001.173101104804533997398137418032,0,140.0,144.90908813476562,272.9090881347656,0.49122807017543857,0.6586776733398437,0.860911949951942,221,318,286.0,5
1.3.6.1.4.1.14519.5.2.1.6279.6001.173101104804533997398137418032,1,106.0,120.72222137451172,29.11111068725586,0.3719298245614035,0.5487373698841441,0.09183315674213205,221,318,286.0,5
1.3.6.1.4.1.14519.5.2.1.6279.6001.173101104804533997398137418032,2,112.0,185.5,260.28570556640625,0.3929824561403509,0.8431818181818181,0.8210905538372437,221,318,286.0,5
1.3.6.1.4.1.14519.5.2.1.6279.6001.173106154739244262091404659845,0,222.0,115.76271057128906,45.86016845703125,0.6809815950920245,0.48034319739124093,0.1460514919013734,242,315,327.0,5
1.3.6.1.4.1.14519.5.2.1.6279.6001.173106154739244262091404659845,1,259.0,192.0800018310547,106.0,0.7944785276073619,0.7970124557305174,0.3375796178343949,242,315,327.0,5
1.3.6.1.4.1.14519.5.2.1.6279.6001.173106154739244262091404659845,2,236.0,138.14894104003906,40.8510627746582,0.7239263803680982,0.5732321204980874,0.13009892603394332,242,315,327.0,5
1.3.6.1.4.1.14519.5.2.1.6279.6001.173106154739244262091404659845,3,243.0,154.30508422851562,230.7796630859375,0.745398773006135,0.640270059039484,0.7349670798915207,242,315,327.0,5
1.3.6.1.4.1.14519.5.2.1.6279.6001.173106154739244262091404659845,4,253.0,193.5,76.77777862548828,0.7760736196319018,0.8029045643153527,0.24451521855251046,242,315,327.0,5
1.3.6.1.4.1.14519.5.2.1.6279.6001.173106154739244262091404659845,5,215.0,74.4000015258789,64.5999984741211,0.6595092024539877,0.30871369927750586,0.20573247921694615,242,315,327.0,5
1.3.6.1.4.1.14519.5.2.1.6279.6001.173556680294801532247454313511,0,180.0,161.0,187.1999969482422,0.7894736842105263,0.8298969072164949,0.6807272616299715,195,276,229.0,5
1.3.6.1.4.1.14519.5.2.1.6279.6001.173931884906244951746140865701,0,97.0,169.92361450195312,221.11805725097656,0.35018050541516244,0.7759069155340326,0.8281575177939197,220,268,278.0,5
1.3.6.1.4.1.14519.5.2.1.6279.6001.174168737938619557573021395302,0,41.0,196.7857208251953,262.5,0.15413533834586465,0.7778091732221158,0.8052147239263804,254,327,267.0,5
1.3.6.1.4.1.14519.5.2.1.6279.6001.174449669706458092793093760291,0,143.0,120.5,265.080810546875,0.5521235521235521,0.5427927927927928,0.8442064030155255,223,315,260.0,5
1.3.6.1.4.1.14519.5.2.1.6279.6001.174692377730646477496286081479,0,284.0,180.6857147216797,113.94285583496094,0.8792569659442725,0.7721611740242722,0.35944118559924587,235,318,324.0,5
1.3.6.1.4.1.14519.5.2.1.6279.6001.174907798609768549012640380786,0,220.0,54.775146484375,94.0,0.7213114754098361,0.2559586284316589,0.3574144486692015,215,264,306.0,5
1.3.6.1.4.1.14519.5.2.1.6279.6001.174907798609768549012640380786,1,203.0,76.7727279663086,86.63636016845703,0.6655737704918033,0.3587510652631243,0.32941581813101534,215,264,306.0,5
1.3.6.1.4.1.14519.5.2.1.6279.6001.176030616406569931557298712518,0,56.0,140.0,193.0,0.19444444444444445,0.6008583690987125,0.6542372881355932,234,296,289.0,5
1.3.6.1.4.1.14519.5.2.1.6279.6001.176030616406569931557298712518,1,70.0,197.09474182128906,89.83158111572266,0.24305555555555555,0.845900179490511,0.30451383429058526,234,296,289.0,5
1.3.6.1.4.1.14519.5.2.1.6279.6001.176030616406569931557298712518,2,137.0,93.64583587646484,101.35416412353516,0.4756944444444444,0.401913458697274,0.34357343770689885,234,296,289.0,5
1.3.6.1.4.1.14519.5.2.1.6279.6001.176030616406569931557298712518,3,146.0,184.3157958984375,107.81578826904297,0.5069444444444444,0.791054918019045,0.3654772483696372,234,296,289.0,5
1.3.6.1.4.1.14519.5.2.1.6279.6001.176030616406569931557298712518,4,148.0,204.1999969482422,214.0749969482422,0.5138888888888888,0.8763948366877347,0.7256779557567532,234,296,289.0,5
1.3.6.1.4.1.14519.5.2.1.6279.6001.176030616406569931557298712518,5,103.0,203.65625,110.0,0.3576388888888889,0.8740611587982833,0.3728813559322034,234,296,289.0,5
1.3.6.1.4.1.14519.5.2.1.6279.6001.176030616406569931557298712518,6,51.0,184.5,215.5,0.17708333333333334,0.7918454935622318,0.7305084745762712,234,296,289.0,5
1.3.6.1.4.1.14519.5.2.1.6279.6001.176030616406569931557298712518,7,130.0,161.77777099609375,132.5,0.4513888888888889,0.6943251974081277,0.4491525423728814,234,296,289.0,5
1.3.6.1.4.1.14519.5.2.1.6279.6001.176030616406569931557298712518,8,172.0,96.5,251.0,0.5972222222222222,0.41416309012875535,0.8508474576271187,234,296,289.0,5
1.3.6.1.4.1.14519.5.2.1.6279.6001.176030616406569931557298712518,9,90.0,61.764705657958984,82.23529052734375,0.3125,0.26508457363930893,0.27876369670286016,234,296,289.0,5
1.3.6.1.4.1.14519.5.2.1.6279.6001.176030616406569931557298712518,10,193.0,83.4000015258789,109.4000015258789,0.6701388888888888,0.35793992071192665,0.3708474627995895,234,296,289.0,5
1.3.6.1.4.1.14519.5.2.1.6279.6001.176030616406569931557298712518,11,108.0,66.38461303710938,252.61538696289062,0.375,0.28491250230519044,0.8563233456369174,234,296,289.0,5
1.3.6.1.4.1.14519.5.2.1.6279.6001.176638348958425792989125209419,0,165.0,71.0,198.42857360839844,0.5956678700361011,0.3302325581395349,0.716348641185554,216,278,278.0,5
1.3.6.1.4.1.14519.5.2.1.6279.6001.176638348958425792989125209419,1,228.0,136.3333282470703,225.88888549804688,0.8231046931407943,0.6341085034747457,0.8154833411481837,216,278,278.0,5
1.3.6.1.4.1.14519.5.2.1.6279.6001.176869045992276345870480098568,0,183.0,156.65383911132812,103.34615325927734,0.7261904761904762,0.7679109760359222,0.3959622730240511,205,262,253.0,5
1.3.6.1.4.1.14519.5.2.1.6279.6001.177086402277715068525592995222,0,170.0,179.3992462158203,75.519775390625,0.625,0.7119017706976997,0.25173258463541665,253,301,273.0,5
1.3.6.1.4.1.14519.5.2.1.6279.6001.177086402277715068525592995222,1,243.0,118.5,85.0,0.8933823529411765,0.47023809523809523,0.2833333333333333,253,301,273.0,5
1.3.6.1.4.1.14519.5.2.1.6279.6001.177252583002664900748714851615,0,238.0,86.32786560058594,85.75409698486328,0.875,0.4519783539297693,0.31760776661060475,192,271,273.0,5
1.3.6.1.4.1.14519.5.2.1.6279.6001.177685820605315926524514718990,0,201.0,163.38888549804688,73.38888549804688,0.7362637362637363,0.7326855851930353,0.23224330853812303,224,317,274.0,5
1.3.6.1.4.1.14519.5.2.1.6279.6001.177785764461425908755977367558,0,135.0,16.714284896850586,99.5,0.45,0.08399138139120897,0.34192439862542956,200,292,301.0,5
1.3.6.1.4.1.14519.5.2.1.6279.6001.178391668569567816549737454720,0,84.0,60.592594146728516,230.74073791503906,0.42857142857142855,0.3029629707336426,0.8329990538449064,201,278,197.0,5
1.3.6.1.4.1.14519.5.2.1.6279.6001.178680586845223339579041794709,0,80.0,173.6727294921875,238.56362915039062,0.26143790849673204,0.6529049980909305,0.7340419358473558,267,326,307.0,5
1.3.6.1.4.1.14519.5.2.1.6279.6001.179049373636438705059720603192,0,181.0,179.02569580078125,177.13551330566406,0.6418439716312057,0.8525033133370535,0.6488480340866816,211,274,283.0,5
1.3.6.1.4.1.14519.5.2.1.6279.6001.179162671133894061547290922949,0,88.0,65.5,296.5,0.27936507936507937,0.2811158798283262,0.9236760124610592,234,322,316.0,5
1.3.6.1.4.1.14519.5.2.1.6279.6001.179162671133894061547290922949,1,110.0,89.59259033203125,34.25925827026367,0.3492063492063492,0.3845175550730955,0.10672666127807998,234,322,316.0,5
1.3.6.1.4.1.14519.5.2.1.6279.6001.179162671133894061547290922949,2,173.0,67.11111450195312,111.66666412353516,0.5492063492063493,0.28803053434314646,0.34787122779917495,234,322,316.0,5
1.3.6.1.4.1.14519.5.2.1.6279.6001.179209990684978588019929720099,0,216.0,92.66666412353516,41.77777862548828,0.7397260273972602,0.42121210965243255,0.1558872336771951,221,269,293.0,5
1.3.6.1.4.1.14519.5.2.1.6279.6001.179209990684978588019929720099,1,129.0,38.90909194946289,202.90908813476562,0.4417808219178082,0.17685950886119495,0.757123463189424,221,269,293.0,5
1.3.6.1.4.1.14519.5.2.1.6279.6001.179730018513720561213088132029,0,74.0,154.76190185546875,45.380950927734375,0.2525597269624573,0.736961437406994,0.15594828497503221,211,292,294.0,5
1.3.6.1.4.1.14519.5.2.1.6279.6001.179943248049071805421192715219,0,101.0,69.84210205078125,302.84210205078125,0.3568904593639576,0.29469241371637656,0.8855032223707054,238,343,284.0,5
1.3.6.1.4.1.14519.5.2.1.6279.6001.182192086929819295877506541021,0,155.0,195.34375,201.0,0.5326460481099656,0.8456439393939394,0.6222910216718266,232,324,292.0,5
1.3.6.1.4.1.14519.5.2.1.6279.6001.182192086929819295877506541021,1,150.0,22.875,218.875,0.5154639175257731,0.09902597402597403,0.6776315789473685,232,324,292.0,5
1.3.6.1.4.1.14519.5.2.1.6279.6001.183184435049555024219115904825,0,229.0,86.94999694824219,168.89999389648438,0.8674242424242424,0.4304455294467435,0.6893877301897321,203,246,265.0,5
1.3.6.1.4.1.14519.5.2.1.6279.6001.183184435049555024219115904825,1,89.0,21.285715103149414,62.5,0.3371212121212121,0.10537482724331393,0.25510204081632654,203,246,265.0,5
1.3.6.1.4.1.14519.5.2.1.6279.6001.183843376225716802567192412456,0,164.0,133.2063446044922,265.1111145019531,0.5521885521885522,0.5668355089552859,0.7985274533191359,236,333,298.0,5
1.3.6.1.4.1.14519.5.2.1.6279.6001.183843376225716802567192412456,1,242.0,95.0,213.0,0.8148148148148148,0.40425531914893614,0.641566265060241,236,333,298.0,5
1.3.6.1.4.1.14519.5.2.1.6279.6001.183843376225716802567192412456,2,177.0,204.7567596435547,208.2432403564453,0.5959595959595959,0.8713053601853391,0.6272386757724256,236,333,298.0,5
1.3.6.1.4.1.14519.5.2.1.6279.6001.183843376225716802567192412456,3,199.0,116.8125,240.71875,0.67003367003367,0.49707446808510636,0.7250564759036144,236,333,298.0,5
1.3.6.1.4.1.14519.5.2.1.6279.6001.183924380327950237519832859527,0,152.0,68.01739501953125,103.64347839355469,0.5714285714285714,0.2983219079804002,0.3409324947156404,229,305,267.0,5
1.3.6.1.4.1.14519.5.2.1.6279.6001.183924380327950237519832859527,1,85.0,141.0,57.5,0.31954887218045114,0.618421052631579,0.18914473684210525,229,305,267.0,5
1.3.6.1.4.1.14519.5.2.1.6279.6001.183982839679953938397312236359,0,186.0,133.47291564941406,81.70625305175781,0.6666666666666666,0.638626390667053,0.28469077718382513,210,288,280.0,5
1.3.6.1.4.1.14519.5.2.1.6279.6001.184412674007117333405073397832,0,143.0,66.04762268066406,54.5,0.43597560975609756,0.28968255561694767,0.17138364779874213,229,319,329.0,5
1.3.6.1.4.1.14519.5.2.1.6279.6001.185154482385982570363528682299,0,140.0,145.6702117919922,89.27659606933594,0.4472843450479233,0.770741861333292,0.329433933835188,190,272,314.0,5
1.3.6.1.4.1.14519.5.2.1.6279.6001.185154482385982570363528682299,1,173.0,113.5,185.0,0.5527156549520766,0.6005291005291006,0.6826568265682657,190,272,314.0,5
1.3.6.1.4.1.14519.5.2.1.6279.6001.185226274332527104841463955058,0,73.0,100.46666717529297,298.1333312988281,0.2693726937269373,0.4485119070325579,0.8979919617434582,225,333,272.0,5
1.3.6.1.4.1.14519.5.2.1.6279.6001.185226274332527104841463955058,1,116.0,49.61538314819336,67.38461303710938,0.4280442804428044,0.22149724619729177,0.20296570191900415,225,333,272.0,5
1.3.6.1.4.1.14519.5.2.1.6279.6001.187108608022306504546286626125,0,235.0,94.39423370361328,72.75961303710938,0.8362989323843416,0.44949635096958707,0.26458041104403407,211,276,282.0,5
1.3.6.1.4.1.14519.5.2.1.6279.6001.187108608022306504546286626125,1,226.0,107.0,245.80882263183594,0.8042704626334519,0.5095238095238095,0.8938502641157671,211,276,282.0,5
1.3.6.1.4.1.14519.5.2.1.6279.6001.187108608022306504546286626125,2,162.0,191.5,86.5,0.5765124555160143,0.9119047619047619,0.3145454545454546,211,276,282.0,5
1.3.6.1.4.1.14519.5.2.1.6279.6001.187108608022306504546286626125,3,116.0,188.77777099609375,186.5,0.4128113879003559,0.8989417666480655,0.6781818181818182,211,276,282.0,5
1.3.6.1.4.1.14519.5.2.1.6279.6001.187451715205085403623595258748,0,153.0,64.66666412353516,227.53012084960938,0.5186440677966102,0.31699345158595665,0.824384495831918,205,277,296.0,5
1.3.6.1.4.1.14519.5.2.1.6279.6001.187451715205085403623595258748,1,111.0,146.06666564941406,200.06666564941406,0.376271186440678,0.7160130669088924,0.7248792233674423,205,277,296.0,5
1.3.6.1.4.1.14519.5.2.1.6279.6001.187694838527128312070807533473,0,113.0,62.5,271.5,0.41697416974169743,0.27654867256637167,0.8379629629629629,227,325,272.0,5
1.3.6.1.4.1.14519.5.2.1.6279.6001.187966156856911682643615997798,0,188.0,220.97332763671875,99.44000244140625,0.5911949685534591,0.8946288568288209,0.3452777862548828,248,289,319.0,5
1.3.6.1.4.1.14519.5.2.1.6279.6001.187966156856911682643615997798,1,91.0,76.76190185546875,260.3809509277344,0.2861635220125786,0.3107769305889423,0.9041005240546333,248,289,319.0,5
1.3.6.1.4.1.14519.5.2.1.6279.6001.187966156856911682643615997798,2,49.0,181.2857208251953,75.5,0.1540880503144654,0.7339502867416814,0.2621527777777778,248,289,319.0,5
1.3.6.1.4.1.14519.5.2.1.6279.6001.187966156856911682643615997798,3,188.0,96.71428680419922,220.5,0.5911949685534591,0.39155581702104947,0.765625,248,289,319.0,5
1.3.6.1.4.1.14519.5.2.1.6279.6001.188059920088313909273628445208,0,23.0,175.7083282470703,102.0,0.08846153846153847,0.8367063249860491,0.36042402826855124,211,284,261.0,5
1.3.6.1.4.1.14519.5.2.1.6279.6001.188059920088313909273628445208,1,50.0,167.23809814453125,40.619049072265625,0.19230769230769232,0.7963718959263393,0.14353020873592093,211,284,261.0,5
1.3.6.1.4.1.14519.5.2.1.6279.6001.188209889686363159853715266493,0,207.0,176.67857360839844,200.32142639160156,0.6448598130841121,0.7182055837739774,0.6359410361638145,247,316,322.0,5
1.3.6.1.4.1.14519.5.2.1.6279.6001.188209889686363159853715266493,1,229.0,193.0,90.17391204833984,0.7133956386292835,0.7845528455284553,0.2862663874550471,247,316,322.0,5
1.3.6.1.4.1.14519.5.2.1.6279.6001.188265424231150847356515802868,0,230.0,134.3333282470703,87.5614013671875,0.8243727598566308,0.6306729025684052,0.3040326436360677,214,289,280.0,5
1.3.6.1.4.1.14519.5.2.1.6279.6001.188376349804761988217597754952,0,176.0,171.273681640625,76.8631591796875,0.7426160337552743,0.7288241771941489,0.2687523048240822,236,287,238.0,5
1.3.6.1.4.1.14519.5.2.1.6279.6001.188376349804761988217597754952,1,116.0,206.6774139404297,211.09677124023438,0.48945147679324896,0.8794783571933178,0.7381005987420782,236,287,238.0,5
1.3.6.1.4.1.14519.5.2.1.6279.6001.188376349804761988217597754952,2,83.0,176.72727966308594,31.5,0.350210970464135,0.7520309772897273,0.11013986013986014,236,287,238.0,5
1.3.6.1.4.1.14519.5.2.1.6279.6001.188376349804761988217597754952,3,125.0,160.0,45.0,0.5274261603375527,0.6808510638297872,0.15734265734265734,236,287,238.0,5
1.3.6.1.4.1.14519.5.2.1.6279.6001.188385286346390202873004762827,0,90.0,34.71428680419922,46.5,0.39823008849557523,0.17444365228240813,0.1631578947368421,200,286,227.0,5
1.3.6.1.4.1.14519.5.2.1.6279.6001.188619674701053082195613114069,0,174.0,58.5,36.0,0.5559105431309904,0.306282722513089,0.12949640287769784,192,279,314.0,5
1.3.6.1.4.1.14519.5.2.1.6279.6001.188619674701053082195613114069,1,228.0,105.0,47.75,0.7284345047923323,0.5497382198952879,0.17176258992805754,192,279,314.0,5
1.3.6.1.4.1.14519.5.2.1.6279.6001.189483585244687808087477024767,0,27.0,187.57142639160156,86.32653045654297,0.09278350515463918,0.8411274726080787,0.25923883019982874,224,334,292.0,5
1.3.6.1.4.1.14519.5.2.1.6279.6001.189483585244687808087477024767,1,69.0,167.88888549804688,276.72222900390625,0.23711340206185566,0.7528649573903448,0.8309976846964152,224,334,292.0,5
1.3.6.1.4.1.14519.5.2.1.6279.6001.190298296009658115773239776160,0,90.0,150.6666717529297,110.22222137451172,0.2786377708978328,0.6304044843218816,0.341245267413349,240,324,324.0,5
1.3.6.1.4.1.14519.5.2.1.6279.6001.191266041369462391833537519639,0,119.0,165.0,59.5,0.4033898305084746,0.7568807339449541,0.1925566343042071,219,310,296.0,5
1.3.6.1.4.1.14519.5.2.1.6279.6001.192256506776434538421891524301,0,204.0,82.0,260.2916564941406,0.6559485530546624,0.36123348017621143,0.8159613056242653,228,320,312.0,5
1.3.6.1.4.1.14519.5.2.1.6279.6001.192256506776434538421891524301,1,259.0,145.5,131.5,0.8327974276527331,0.6409691629955947,0.4122257053291536,228,320,312.0,5
1.3.6.1.4.1.14519.5.2.1.6279.6001.192256506776434538421891524301,2,183.0,92.0,101.0,0.5884244372990354,0.4052863436123348,0.3166144200626959,228,320,312.0,5
1.3.6.1.4.1.14519.5.2.1.6279.6001.192256506776434538421891524301,3,117.0,154.0,280.0,0.3762057877813505,0.6784140969162996,0.877742946708464,228,320,312.0,5
1.3.6.1.4.1.14519.5.2.1.6279.6001.192256506776434538421891524301,4,262.0,153.5,186.0,0.842443729903537,0.6762114537444934,0.5830721003134797,228,320,312.0,5
1.3.6.1.4.1.14519.5.2.1.6279.6001.192419869605596446455526220766,0,151.0,26.909090042114258,226.09091186523438,0.5571955719557196,0.13255709380351852,0.7664098707296081,204,296,272.0,5
1.3.6.1.4.1.14519.5.2.1.6279.6001.193808128386712859512130599234,0,210.0,68.80000305175781,113.07499694824219,0.7394366197183099,0.2866666793823242,0.3479230675330529,241,326,285.0,5
1.3.6.1.4.1.14519.5.2.1.6279.6001.193964947698259739624715468431,0,230.0,148.0,157.1999969482422,0.8455882352941176,0.7628865979381443,0.5779411652508903,195,273,273.0,5
1.3.6.1.4.1.14519.5.2.1.6279.6001.194246472548954252250399902051,0,181.0,127.83783721923828,130.59458923339844,0.6487455197132617,0.56565414698778,0.39815423546767814,227,329,280.0,5
1.3.6.1.4.1.14519.5.2.1.6279.6001.194440094986948071643661798326,0,67.0,173.3015899658203,235.93650817871094,0.21003134796238246,0.7877344998446378,0.7215183736352017,221,328,320.0,5
1.3.6.1.4.1.14519.5.2.1.6279.6001.194488534645348916700259325236,0,187.0,119.78571319580078,236.5,0.6631205673758865,0.5871848686068666,0.7883333333333333,205,301,283.0,5
1.3.6.1.4.1.14519.5.2.1.6279.6001.194488534645348916700259325236,1,78.0,156.72222900390625,260.8888854980469,0.2765957446808511,0.7682462206073836,0.869629618326823,205,301,283.0,5
1.3.6.1.4.1.14519.5.2.1.6279.6001.194632613233275988184244485809,0,193.0,71.81761169433594,82.5,0.772,0.408054611899636,0.3089887640449438,177,268,251.0,5
1.3.6.1.4.1.14519.5.2.1.6279.6001.194766721609772924944646251928,0,157.0,100.0,52.922019958496094,0.5992366412213741,0.4219409282700422,0.16283698448768028,238,326,263.0,5
1.3.6.1.4.1.14519.5.2.1.6279.6001.195557219224169985110295082004,0,203.0,98.61842346191406,236.0,0.7302158273381295,0.5603319514881481,0.8280701754385965,177,286,279.0,5
1.3.6.1.4.1.14519.5.2.1.6279.6001.195557219224169985110295082004,1,223.0,78.625,103.9000015258789,0.802158273381295,0.44673295454545453,0.364561408862733,177,286,279.0,5
1.3.6.1.4.1.14519.5.2.1.6279.6001.195557219224169985110295082004,2,221.0,45.0,96.0,0.7949640287769785,0.2556818181818182,0.3368421052631579,177,286,279.0,5
1.3.6.1.4.1.14519.5.2.1.6279.6001.195557219224169985110295082004,3,137.0,35.5,245.5,0.49280575539568344,0.20170454545454544,0.8614035087719298,177,286,279.0,5
1.3.6.1.4.1.14519.5.2.1.6279.6001.195557219224169985110295082004,4,224.0,87.5,254.5,0.8057553956834532,0.4971590909090909,0.8929824561403509,177,286,279.0,5
1.3.6.1.4.1.14519.5.2.1.6279.6001.195557219224169985110295082004,5,159.0,90.54838562011719,240.4193572998047,0.5719424460431655,0.5144794637506659,0.8435766922800164,177,286,279.0,5
1.3.6.1.4.1.14519.5.2.1.6279.6001.195557219224169985110295082004,6,168.0,73.0,241.65625,0.60431654676259,0.4147727272727273,0.8479166666666667,177,286,279.0,5
1.3.6.1.4.1.14519.5.2.1.6279.6001.195557219224169985110295082004,7,147.0,45.79166793823242,75.20833587646484,0.5287769784172662,0.2601799314672297,0.26388889781215735,177,286,279.0,5
1.3.6.1.4.1.14519.5.2.1.6279.6001.195557219224169985110295082004,8,131.0,45.70833206176758,217.0,0.4712230215827338,0.25970643216913397,0.7614035087719299,177,286,279.0,5
1.3.6.1.4.1.14519.5.2.1.6279.6001.195913706607582347421429908613,0,121.0,73.5,21.714284896850586,0.4801587301587302,0.2784090909090909,0.07983192976783304,265,273,253.0,5
1.3.6.1.4.1.14519.5.2.1.6279.6001.196251645377731223510086726530,0,188.0,57.0,211.0,0.6666666666666666,0.285,0.7962264150943397,201,266,283.0,5
1.3.6.1.4.1.14519.5.2.1.6279.6001.197063290812663596858124411210,0,235.0,127.32876586914062,234.32876586914062,0.8245614035087719,0.5684319904872349,0.7583455206121056,225,310,286.0,5
1.3.6.1.4.1.14519.5.2.1.6279.6001.197063290812663596858124411210,1,38.0,145.0,28.0,0.13333333333333333,0.6473214285714286,0.09061488673139159,225,310,286.0,5
1.3.6.1.4.1.14519.5.2.1.6279.6001.197063290812663596858124411210,2,143.0,58.5,56.5,0.5017543859649123,0.2611607142857143,0.18284789644012944,225,310,286.0,5
1.3.6.1.4.1.14519.5.2.1.6279.6001.197063290812663596858124411210,3,115.0,48.0,45.5,0.40350877192982454,0.21428571428571427,0.14724919093851133,225,310,286.0,5
1.3.6.1.4.1.14519.5.2.1.6279.6001.197063290812663596858124411210,4,187.0,71.0999984741211,70.94999694824219,0.656140350877193,0.3174107074737549,0.22961164060919803,225,310,286.0,5
1.3.6.1.4.1.14519.5.2.1.6279.6001.198016798894102791158686961192,0,104.0,111.5,16.785715103149414,0.3561643835616438,0.48903508771929827,0.05148992362929268,229,327,293.0,5
1.3.6.1.4.1.14519.5.2.1.6279.6001.198698492013538481395497694975,0,132.0,204.36968994140625,222.94544982910156,0.4177215189873418,0.8551033051941684,0.7145687494522486,240,313,317.0,5
1.3.6.1.4.1.14519.5.2.1.6279.6001.198698492013538481395497694975,1,185.0,117.02388763427734,236.93856811523438,0.5854430379746836,0.48963969721454953,0.7594184875488281,240,313,317.0,5
1.3.6.1.4.1.14519.5.2.1.6279.6001.198698492013538481395497694975,2,213.0,99.19258880615234,217.80740356445312,0.6740506329113924,0.41503175232699724,0.6981006524501703,240,313,317.0,5
1.3.6.1.4.1.14519.5.2.1.6279.6001.199171741859530285887752432478,0,140.0,184.0,74.5,0.5054151624548736,0.7389558232931727,0.22713414634146342,250,329,278.0,5
1.3.6.1.4.1.14519.5.2.1.6279.6001.199171741859530285887752432478,1,138.0,159.41175842285156,249.11764526367188,0.4981949458483754,0.6402078651520143,0.7595050160477801,250,329,278.0,5
1.3.6.1.4.1.14519.5.2.1.6279.6001.199220738144407033276946096708,0,146.0,160.0,51.0,0.5309090909090909,0.7239819004524887,0.15454545454545454,222,331,276.0,5
1.3.6.1.4.1.14519.5.2.1.6279.6001.199261544234308780356714831537,0,279.0,91.32075500488281,73.64151000976562,0.8181818181818182,0.40407413718974694,0.23304275319546083,227,317,342.0,5
1.3.6.1.4.1.14519.5.2.1.6279.6001.199282854229880908602362094937,0,89.0,18.789474487304688,80.36842346191406,0.30689655172413793,0.10736842564174107,0.29438982953082077,176,274,291.0,5
1.3.6.1.4.1.14519.5.2.1.6279.6001.199670099218798685977406484591,0,72.0,119.5,215.5,0.2737642585551331,0.5287610619469026,0.8256704980842912,227,262,264.0,5
1.3.6.1.4.1.14519.5.2.1.6279.6001.199670099218798685977406484591,1,77.0,37.5,48.5,0.29277566539923955,0.16592920353982302,0.18582375478927204,227,262,264.0,5
1.3.6.1.4.1.14519.5.2.1.6279.6001.199975006921901879512837687266,0,224.0,71.7551040649414,73.08163452148438,0.7777777777777778,0.2989796002705892,0.23348765022838458,241,314,289.0,5
1.3.6.1.4.1.14519.5.2.1.6279.6001.199975006921901879512837687266,1,246.0,97.63333129882812,202.36666870117188,0.8541666666666666,0.4068055470784505,0.6465388776395268,241,314,289.0,5
1.3.6.1.4.1.14519.5.2.1.6279.6001.200513183558872708878454294671,0,184.0,42.400001525878906,93.95999908447266,0.6052631578947368,0.1867841476910965,0.30115384321946365,228,313,305.0,5
1.3.6.1.4.1.14519.5.2.1.6279.6001.200725988589959521302320481687,0,240.0,200.90475463867188,219.90475463867188,0.8163265306122449,0.7727105947641226,0.6337312813794579,261,348,295.0,5
1.3.6.1.4.1.14519.5.2.1.6279.6001.200725988589959521302320481687,1,113.0,238.5,242.5,0.3843537414965986,0.9173076923076923,0.6988472622478387,261,348,295.0,5
1.3.6.1.4.1.14519.5.2.1.6279.6001.200841000324240313648595016964,0,182.0,166.0,48.5,0.6920152091254753,0.70042194092827,0.156957928802589,238,310,264.0,5
1.3.6.1.4.1.14519.5.2.1.6279.6001.202187810895588720702176009630,0,67.0,164.72222900390625,28.11111068725586,0.2168284789644013,0.7161836043648098,0.08492782684971559,231,332,310.0,5
1.3.6.1.4.1.14519.5.2.1.6279.6001.202187810895588720702176009630,1,135.0,61.625,53.75,0.4368932038834951,0.26793478260869563,0.1623867069486405,231,332,310.0,5
1.3.6.1.4.1.14519.5.2.1.6279.6001.202187810895588720702176009630,2,234.0,97.5,273.0,0.7572815533980582,0.42391304347826086,0.824773413897281,231,332,310.0,5
1.3.6.1.4.1.14519.5.2.1.6279.6001.202187810895588720702176009630,3,69.0,79.5,31.714284896850586,0.22330097087378642,0.3456521739130435,0.09581354953731294,231,332,310.0,5
1.3.6.1.4.1.14519.5.2.1.6279.6001.202187810895588720702176009630,4,84.0,82.66666412353516,299.25,0.27184466019417475,0.35942027879797894,0.9040785498489426,231,332,310.0,5
1.3.6.1.4.1.14519.5.2.1.6279.6001.202187810895588720702176009630,5,69.0,177.81817626953125,225.81817626953125,0.22330097087378642,0.7731225055197011,0.6822301397871035,231,332,310.0,5
1.3.6.1.4.1.14519.5.2.1.6279.6001.202187810895588720702176009630,6,242.0,103.63636016845703,188.4545440673828,0.7831715210355987,0.4505928702976393,0.5693490757322743,231,332,310.0,5
1.3.6.1.4.1.14519.5.2.1.6279.6001.202187810895588720702176009630,7,154.0,102.11111450195312,37.66666793823242,0.49838187702265374,0.4439613673997962,0.11379657987381396,231,332,310.0,5
1.3.6.1.4.1.14519.5.2.1.6279.6001.202187810895588720702176009630,8,110.0,122.0,303.5,0.3559870550161812,0.5304347826086957,0.9169184290030211,231,332,310.0,5
1.3.6.1.4.1.14519.5.2.1.6279.6001.202283133206014258077705539227,0,139.0,144.55789184570312,77.5,0.5054545454545455,0.7017373390568112,0.29693486590038315,207,262,276.0,5
1.3.6.1.4.1.14519.5.2.1.6279.6001.202283133206014258077705539227,1,227.0,102.62963104248047,117.0,0.8254545454545454,0.4982020924392256,0.4482758620689655,207,262,276.0,5
1.3.6.1.4.1.14519.5.2.1.6279.6001.202283133206014258077705539227,2,200.0,94.19999694824219,21.075000762939453,0.7272727272727273,0.45728153858369996,0.08074712935992127,207,262,276.0,5
1.3.6.1.4.1.14519.5.2.1.6279.6001.202283133206014258077705539227,3,194.0,138.8000030517578,162.9250030517578,0.7054545454545454,0.6737864225813486,0.6242337281676544,207,262,276.0,5
1.3.6.1.4.1.14519.5.2.1.6279.6001.202464973819273687476049035824,0,83.0,173.7916717529297,230.7916717529297,0.282312925170068,0.8395732934924139,0.7642108336189725,208,303,295.0,5
1.3.6.1.4.1.14519.5.2.1.6279.6001.202643836890896697853521610450,0,188.0,118.75438690185547,54.0,0.6204620462046204,0.5277972751193576,0.2151394422310757,226,252,304.0,5
1.3.6.1.4.1.14519.5.2.1.6279.6001.202811684116768680758082619196,0,155.0,107.3032455444336,62.144405364990234,0.6739130434782609,0.43619205505867314,0.2099473154222643,247,297,231.0,5
1.3.6.1.4.1.14519.5.2.1.6279.6001.204287915902811325371247860532,0,136.0,166.25,201.75,0.5396825396825397,0.8938172043010753,0.7556179775280899,187,268,253.0,5
1.3.6.1.4.1.14519.5.2.1.6279.6001.204287915902811325371247860532,1,54.0,147.11111450195312,175.27777099609375,0.21428571428571427,0.7909199704406082,0.6564710524198267,187,268,253.0,5
1.3.6.1.4.1.14519.5.2.1.6279.6001.204303454658845815034433453512,0,174.0,155.14706420898438,36.82352828979492,0.49572649572649574,0.5899127916691421,0.11226685454205769,264,329,352.0,5
1.3.6.1.4.1.14519.5.2.1.6279.6001.204303454658845815034433453512,1,110.0,141.5,25.214284896850586,0.31339031339031337,0.5380228136882129,0.0768728198074713,264,329,352.0,5
1.3.6.1.4.1.14519.5.2.1.6279.6001.204303454658845815034433453512,2,310.0,193.0,124.88461303710938,0.8831908831908832,0.7338403041825095,0.38074577145460176,264,329,352.0,5
1.3.6.1.4.1.14519.5.2.1.6279.6001.204303454658845815034433453512,3,173.0,32.0,95.29166412353516,0.4928774928774929,0.12167300380228137,0.2905233662302901,264,329,352.0,5
1.3.6.1.4.1.14519.5.2.1.6279.6001.204303454658845815034433453512,4,317.0,186.25,118.25,0.9031339031339032,0.7081749049429658,0.36051829268292684,264,329,352.0,5
1.3.6.1.4.1.14519.5.2.1.6279.6001.204566802718283633558802774757,0,249.0,139.24502563476562,195.39073181152344,0.867595818815331,0.7406650299721576,0.6928749355018562,189,283,288.0,5
1.3.6.1.4.1.14519.5.2.1.6279.6001.204802250386343794613980417281,0,128.0,103.07499694824219,233.028564453125,0.4942084942084942,0.5232233347626507,0.8567226634306067,198,273,260.0,5
1.3.6.1.4.1.14519.5.2.1.6279.6001.205523326998654833765855998037,0,83.0,173.0,240.35293579101562,0.28719723183391005,0.7972350230414746,0.8433436343544408,218,286,290.0,5
1.3.6.1.4.1.14519.5.2.1.6279.6001.205523326998654833765855998037,1,87.0,116.61538696289062,264.3846130371094,0.30103806228373703,0.5373980966031826,0.9276653089021382,218,286,290.0,5
1.3.6.1.4.1.14519.5.2.1.6279.6001.205993750485568250373835565680,0,262.0,103.74359130859375,189.5,0.8733333333333333,0.5085470162185968,0.720532319391635,205,264,301.0,5
1.3.6.1.4.1.14519.5.2.1.6279.6001.205993750485568250373835565680,1,279.0,143.72413635253906,188.41378784179688,0.93,0.7045300801595052,0.7164022351399121,205,264,301.0,5
1.3.6.1.4.1.14519.5.2.1.6279.6001.205993750485568250373835565680,2,281.0,139.7142791748047,180.5,0.9366666666666666,0.6848739175235524,0.6863117870722434,205,264,301.0,5
1.3.6.1.4.1.14519.5.2.1.6279.6001.206028343897359374907954580114,0,122.0,48.3629035949707,79.18548583984375,0.45353159851301117,0.2057995897658328,0.2596245437371926,236,306,270.0,5
1.3.6.1.4.1.14519.5.2.1.6279.6001.206028343897359374907954580114,1,153.0,130.55128479003906,224.7051239013672,0.5687732342007435,0.5555373820852726,0.7367381111520236,236,306,270.0,5
1.3.6.1.4.1.14519.5.2.1.6279.6001.206028343897359374907954580114,2,74.0,22.909090042114258,233.90908813476562,0.275092936802974,0.09748548954091174,0.7669150430648053,236,306,270.0,5
1.3.6.1.4.1.14519.5.2.1.6279.6001.206097113343059612247503064658,0,188.0,160.10272216796875,231.89727783203125,0.6163934426229508,0.7084191246370298,0.7246789932250977,227,321,306.0,5
1.3.6.1.4.1.14519.5.2.1.6279.6001.206539885154775002929031534291,0,42.0,135.93478393554688,303.2391357421875,0.1346153846153846,0.6473084949311756,0.9273368065510321,211,328,313.0,5
1.3.6.1.4.1.14519.5.2.1.6279.6001.206539885154775002929031534291,1,89.0,116.25,310.25,0.28525641025641024,0.5535714285714286,0.9487767584097859,211,328,313.0,5
1.3.6.1.4.1.14519.5.2.1.6279.6001.207341668080525761926965850679,0,211.0,76.53333282470703,55.13333511352539,0.6635220125786163,0.39450171559127334,0.18135965497870193,195,305,319.0,5
1.3.6.1.4.1.14519.5.2.1.6279.6001.208511362832825683639135205368,0,220.0,167.159423828125,74.25120544433594,0.7432432432432432,0.7053140245912447,0.23798463283441004,238,313,297.0,5
1.3.6.1.4.1.14519.5.2.1.6279.6001.208511362832825683639135205368,1,213.0,147.5,146.1702117919922,0.7195945945945946,0.6223628691983122,0.4684942685640775,238,313,297.0,5
1.3.6.1.4.1.14519.5.2.1.6279.6001.208737629504245244513001631764,0,153.0,150.79310607910156,237.15516662597656,0.6538461538461539,0.6416727918259642,0.8121752281711526,236,293,235.0,5
1.3.6.1.4.1.14519.5.2.1.6279.6001.208737629504245244513001631764,1,124.0,153.62757873535156,130.027587890625,0.5299145299145299,0.6537343775972407,0.4452999585295377,236,293,235.0,5
1.3.6.1.4.1.14519.5.2.1.6279.6001.208737629504245244513001631764,2,130.0,61.5,63.33333206176758,0.5555555555555556,0.26170212765957446,0.21689497281427253,236,293,235.0,5
1.3.6.1.4.1.14519.5.2.1.6279.6001.211051626197585058967163339846,0,161.0,80.79207611083984,154.34158325195312,0.5590277777777778,0.35748706243734446,0.6149067061830802,227,252,289.0,5
1.3.6.1.4.1.14519.5.2.1.6279.6001.211956804948320236390242845468,0,249.0,99.38311767578125,184.0,0.7980769230769231,0.43398741343135916,0.5916398713826366,230,312,313.0,5
1.3.6.1.4.1.14519.5.2.1.6279.6001.211956804948320236390242845468,1,257.0,151.44444274902344,72.2716064453125,0.8237179487179487,0.6613294443188796,0.23238458664087622,230,312,313.0,5
1.3.6.1.4.1.14519.5.2.1.6279.6001.211956804948320236390242845468,2,223.0,85.0,189.0,0.7147435897435898,0.37117903930131,0.6077170418006431,230,312,313.0,5
1.3.6.1.4.1.14519.5.2.1.6279.6001.212346425055214308006918165305,0,72.0,157.23809814453125,207.1904754638672,0.26765799256505574,0.7901411967061872,0.7506901284922725,200,277,270.0,5
1.3.6.1.4.1.14519.5.2.1.6279.6001.212608679077007918190529579976,0,42.0,27.641510009765625,49.924530029296875,0.24,0.144719947695108,0.1996981201171875,192,251,176.0,5
1.3.6.1.4.1.14519.5.2.1.6279.6001.212608679077007918190529579976,1,134.0,97.4000015258789,60.400001525878906,0.7657142857142857,0.5099476519679524,0.24160000610351562,192,251,176.0,5
1.3.6.1.4.1.14519.5.2.1.6279.6001.213140617640021803112060161074,0,178.0,46.16883087158203,170.5,0.6980392156862745,0.217777504111236,0.6409774436090225,213,267,256.0,5
1.3.6.1.4.1.14519.5.2.1.6279.6001.213140617640021803112060161074,1,83.0,138.5,225.5,0.3254901960784314,0.6533018867924528,0.8477443609022557,213,267,256.0,5
1.3.6.1.4.1.14519.5.2.1.6279.6001.213140617640021803112060161074,2,191.0,121.88888549804688,212.27777099609375,0.7490196078431373,0.5749475731039947,0.7980367330680216,213,267,256.0,5
1.3.6.1.4.1.14519.5.2.1.6279.6001.213854687290736562463866711534,0,135.0,111.86956787109375,272.0543518066406,0.4041916167664671,0.43699049949645996,0.8528349586415067,257,320,335.0,5
1.3.6.1.4.1.14519.5.2.1.6279.6001.214252223927572015414741039150,0,222.0,124.11458587646484,99.88541412353516,0.8638132295719845,0.5719566169422343,0.32430329260888036,218,309,258.0,5
1.3.6.1.4.1.14519.5.2.1.6279.6001.214252223927572015414741039150,1,146.0,151.42857360839844,257.3265380859375,0.5680933852140078,0.6978275281493016,0.8354757730062906,218,309,258.0,5
1.3.6.1.4.1.14519.5.2.1.6279.6001.214252223927572015414741039150,2,143.0,65.67346954345703,212.57142639160156,0.556420233463035,0.30264271679012456,0.6901669688039012,218,309,258.0,5
1.3.6.1.4.1.14519.5.2.1.6279.6001.214800939017429618305208626314,0,175.0,171.85365295410156,97.8536605834961,0.5555555555555556,0.822266282077041,0.306751287095599,210,320,316.0,5
1.3.6.1.4.1.14519.5.2.1.6279.6001.214800939017429618305208626314,1,77.0,161.6666717529297,245.22222900390625,0.24444444444444444,0.7735247452293287,0.76872172101538,210,320,316.0,5
1.3.6.1.4.1.14519.5.2.1.6279.6001.214800939017429618305208626314,2,141.0,170.6774139404297,123.09677124023438,0.44761904761904764,0.8166383442125822,0.38588329542393224,210,320,316.0,5
1.3.6.1.4.1.14519.5.2.1.6279.6001.214800939017429618305208626314,3,115.0,150.32142639160156,48.32143020629883,0.36507936507936506,0.7192412746009644,0.1514778376373004,210,320,316.0,5
1.3.6.1.4.1.14519.5.2.1.6279.6001.214800939017429618305208626314,4,87.0,80.09091186523438,294.0909118652344,0.2761904761904762,0.3832101046183463,0.9219150842170356,210,320,316.0,5
1.3.6.1.4.1.14519.5.2.1.6279.6001.214800939017429618305208626314,5,149.0,154.46665954589844,68.86666870117188,0.473015873015873,0.7390749260569304,0.2158829739848648,210,320,316.0,5
1.3.6.1.4.1.14519.5.2.1.6279.6001.215104063467523905369326175410,0,100.0,96.0999984741211,22.049999237060547,0.373134328358209,0.5194594512114654,0.08749999697246248,186,253,269.0,5
1.3.6.1.4.1.14519.5.2.1.6279.6001.215640837032688688030770057224,0,202.0,127.1515121459961,212.93939208984375,0.7163120567375887,0.5701861531210587,0.8127457713352815,224,263,283.0,5
1.3.6.1.4.1.14519.5.2.1.6279.6001.215640837032688688030770057224,1,196.0,93.90908813476562,221.63636779785156,0.6950354609929078,0.4211169871514154,0.8459403351063036,224,263,283.0,5
1.3.6.1.4.1.14519.5.2.1.6279.6001.215640837032688688030770057224,2,188.0,151.2941131591797,197.5,0.6666666666666666,0.6784489379335412,0.7538167938931297,224,263,283.0,5
1.3.6.1.4.1.14519.5.2.1.6279.6001.215640837032688688030770057224,3,216.0,161.40740966796875,203.74073791503906,0.7659574468085106,0.72380004335412,0.7776364042558743,224,263,283.0,5
1.3.6.1.4.1.14519.5.2.1.6279.6001.215640837032688688030770057224,4,160.0,168.90475463867188,38.42856979370117,0.5673758865248227,0.7574204243886631,0.14667393051030983,224,263,283.0,5
1.3.6.1.4.1.14519.5.2.1.6279.6001.215640837032688688030770057224,5,160.0,40.0,189.0,0.5673758865248227,0.17937219730941703,0.7213740458015268,224,263,283.0,5
1.3.6.1.4.1.14519.5.2.1.6279.6001.215785045378334625097907422785,0,213.0,116.4000015258789,100.4000015258789,0.7634408602150538,0.61914894428659,0.36911765266867247,189,273,280.0,5
1.3.6.1.4.1.14519.5.2.1.6279.6001.216252660192313507027754194207,0,137.0,125.29729461669922,60.864864349365234,0.5310077519379846,0.6328146192762587,0.2454228401184082,199,249,259.0,5
1.3.6.1.4.1.14519.5.2.1.6279.6001.216252660192313507027754194207,1,110.0,49.882354736328125,52.411766052246094,0.4263565891472868,0.2519310845269097,0.211337766339702,199,249,259.0,5
1.3.6.1.4.1.14519.5.2.1.6279.6001.216882370221919561230873289517,0,160.0,123.63636016845703,51.09090805053711,0.64,0.47010022877740315,0.1664198959300883,264,308,251.0,5
1.3.6.1.4.1.14519.5.2.1.6279.6001.216882370221919561230873289517,1,189.0,111.80000305175781,54.0,0.756,0.4250950686378624,0.1758957654723127,264,308,251.0,5
1.3.6.1.4.1.14519.5.2.1.6279.6001.217589936421986638139451480826,0,64.0,117.5,312.5,0.2140468227424749,0.5021367521367521,0.9218289085545722,235,340,300.0,5
1.3.6.1.4.1.14519.5.2.1.6279.6001.217589936421986638139451480826,1,270.0,115.72413635253906,126.5862045288086,0.903010033444816,0.49454759125016695,0.3734106328283439,235,340,300.0,5
1.3.6.1.4.1.14519.5.2.1.6279.6001.217589936421986638139451480826,2,131.0,208.63333129882812,257.3666687011719,0.43812709030100333,0.8915954329009749,0.7591937129828079,235,340,300.0,5
1.3.6.1.4.1.14519.5.2.1.6279.6001.217589936421986638139451480826,3,65.0,156.90908813476562,315.9090881347656,0.21739130434782608,0.6705516586955796,0.9318852157367717,235,340,300.0,5
1.3.6.1.4.1.14519.5.2.1.6279.6001.217697417596902141600884006982,0,118.0,100.5,53.5,0.466403162055336,0.5710227272727273,0.1903914590747331,177,282,254.0,5
1.3.6.1.4.1.14519.5.2.1.6279.6001.217697417596902141600884006982,1,136.0,69.80000305175781,211.0,0.5375494071146245,0.39659092643044214,0.7508896797153025,177,282,254.0,5
1.3.6.1.4.1.14519.5.2.1.6279.6001.217697417596902141600884006982,2,82.0,71.66666412353516,246.75,0.3241106719367589,0.4071969552473588,0.8781138790035588,177,282,254.0,5
1.3.6.1.4.1.14519.5.2.1.6279.6001.217754016294471278921686508169,0,132.0,57.0,36.42856979370117,0.48,0.2923076923076923,0.13151108228772987,196,278,276.0,5
1.3.6.1.4.1.14519.5.2.1.6279.6001.217955041973656886482758642958,0,216.0,145.39808654785156,119.8280258178711,0.8212927756653993,0.6549463358011332,0.41751925372080523,223,288,264.0,5
1.3.6.1.4.1.14519.5.2.1.6279.6001.218476624578721885561483687176,0,133.0,105.4000015258789,41.040000915527344,0.4463087248322148,0.43553719638792937,0.12825000286102295,243,321,299.0,5
1.3.6.1.4.1.14519.5.2.1.6279.6001.218476624578721885561483687176,1,169.0,145.75,253.75,0.5671140939597316,0.6022727272727273,0.79296875,243,321,299.0,5
1.3.6.1.4.1.14519.5.2.1.6279.6001.219087313261026510628926082729,0,213.0,151.17526245117188,58.55670166015625,0.8129770992366412,0.7233266145989085,0.22608765119751448,210,260,263.0,5
1.3.6.1.4.1.14519.5.2.1.6279.6001.219087313261026510628926082729,1,48.0,177.88888549804688,62.72222137451172,0.183206106870229,0.8511429928136214,0.24217073889772864,210,260,263.0,5
1.3.6.1.4.1.14519.5.2.1.6279.6001.219254430927834326484477690403,0,84.0,143.0,280.7083435058594,0.268370607028754,0.6355555555555555,0.9113907256683746,226,309,314.0,5
1.3.6.1.4.1.14519.5.2.1.6279.6001.219254430927834326484477690403,1,110.0,155.11111450195312,45.27777862548828,0.3514376996805112,0.6893827311197916,0.14700577475807883,226,309,314.0,5
1.3.6.1.4.1.14519.5.2.1.6279.6001.219349715895470349269596532320,0,125.0,57.5,220.3333282470703,0.4180602006688963,0.27122641509433965,0.7468926381256621,213,296,300.0,5
1.3.6.1.4.1.14519.5.2.1.6279.6001.219428004988664846407984058588,0,67.0,155.45298767089844,271.6153869628906,0.2803347280334728,0.7298262331967063,0.8705621377015725,214,313,240.0,5
1.3.6.1.4.1.14519.5.2.1.6279.6001.219428004988664846407984058588,1,209.0,106.16666412353516,214.90277099609375,0.8744769874476988,0.4984350428334984,0.6887909326797876,214,313,240.0,5
1.3.6.1.4.1.14519.5.2.1.6279.6001.219428004988664846407984058588,2,145.0,56.28845977783203,99.28845977783203,0.606694560669456,0.2642650693794931,0.31823224287766677,214,313,240.0,5
1.3.6.1.4.1.14519.5.2.1.6279.6001.219428004988664846407984058588,3,58.0,162.42857360839844,245.3265380859375,0.24267782426778242,0.7625754629502274,0.7863030066856971,214,313,240.0,5
1.3.6.1.4.1.14519.5.2.1.6279.6001.219428004988664846407984058588,4,87.0,183.97872924804688,114.82978820800781,0.36401673640167365,0.86374990257299,0.368044192974384,214,313,240.0,5
1.3.6.1.4.1.14519.5.2.1.6279.6001.219428004988664846407984058588,5,93.0,114.5,276.5,0.3891213389121339,0.5375586854460094,0.8862179487179487,214,313,240.0,5
1.3.6.1.4.1.14519.5.2.1.6279.6001.219428004988664846407984058588,6,114.0,143.2413787841797,227.7586212158203,0.4769874476987448,0.672494736075961,0.7299955808199369,214,313,240.0,5
1.3.6.1.4.1.14519.5.2.1.6279.6001.219428004988664846407984058588,7,41.0,130.14285278320312,141.2142791748047,0.17154811715481172,0.6109993088413292,0.452609869150015,214,313,240.0,5
1.3.6.1.4.1.14519.5.2.1.6279.6001.219428004988664846407984058588,8,101.0,164.34616088867188,220.34616088867188,0.4225941422594142,0.7715782201346097,0.7062376951559995,214,313,240.0,5
1.3.6.1.4.1.14519.5.2.1.6279.6001.219618492426142913407827034169,0,129.0,39.67583465576172,88.52259063720703,0.47601476014760147,0.1674085850454081,0.28834720077266135,238,308,272.0,5
1.3.6.1.4.1.14519.5.2.1.6279.6001.219618492426142913407827034169,1,61.0,187.22222900390625,243.5,0.22509225092250923,0.7899672109869462,0.7931596091205212,238,308,272.0,5
1.3.6.1.4.1.14519.5.2.1.6279.6001.219909753224298157409438012179,0,161.0,109.28947448730469,229.38157653808594,0.5366666666666666,0.5279684757840806,0.9212111507553652,208,250,301.0,5
1.3.6.1.4.1.14519.5.2.1.6279.6001.219909753224298157409438012179,1,223.0,155.5,210.5,0.7433333333333333,0.751207729468599,0.8453815261044176,208,250,301.0,5
1.3.6.1.4.1.14519.5.2.1.6279.6001.220596530836092324070084384692,0,166.0,177.9244842529297,85.64302062988281,0.5971223021582733,0.8392664351553287,0.27102221718317343,213,317,279.0,5
1.3.6.1.4.1.14519.5.2.1.6279.6001.221017801605543296514746423389,0,116.0,174.64515686035156,186.5,0.5110132158590308,0.8356227600973759,0.746,210,251,228.0,5
1.3.6.1.4.1.14519.5.2.1.6279.6001.221017801605543296514746423389,1,128.0,176.90908813476562,205.36363220214844,0.5638766519823789,0.8464549671519886,0.8214545288085937,210,251,228.0,5
1.3.6.1.4.1.14519.5.2.1.6279.6001.222052723822248889877676736332,0,183.0,145.7586212158203,87.55172729492188,0.6224489795918368,0.68754066611236,0.27971797857802516,213,314,295.0,5
1.3.6.1.4.1.14519.5.2.1.6279.6001.222052723822248889877676736332,1,215.0,150.625,203.25,0.7312925170068028,0.7104952830188679,0.6493610223642172,213,314,295.0,5
1.3.6.1.4.1.14519.5.2.1.6279.6001.224465398054769500989828256685,0,98.0,193.83116149902344,110.5,0.35766423357664234,0.8691980336279078,0.4018181818181818,224,276,275.0,5
1.3.6.1.4.1.14519.5.2.1.6279.6001.224465398054769500989828256685,1,67.0,134.93333435058594,26.399999618530273,0.24452554744525548,0.6050822168187711,0.09599999861283735,224,276,275.0,5
1.3.6.1.4.1.14519.5.2.1.6279.6001.224465398054769500989828256685,2,66.0,165.12820434570312,178.87179565429688,0.24087591240875914,0.7404852212811799,0.6504428932883523,224,276,275.0,5
1.3.6.1.4.1.14519.5.2.1.6279.6001.224465398054769500989828256685,3,108.0,178.5,49.5,0.39416058394160586,0.8004484304932735,0.18,224,276,275.0,5
1.3.6.1.4.1.14519.5.2.1.6279.6001.225154811831720426832024114593,0,49.0,223.38235473632812,215.85293579101562,0.18490566037735848,0.9043820029810855,0.65409980542732,248,331,266.0,5
1.3.6.1.4.1.14519.5.2.1.6279.6001.225154811831720426832024114593,1,116.0,216.3225860595703,242.90322875976562,0.4377358490566038,0.8757999435610134,0.736070390181108,248,331,266.0,5
1.3.6.1.4.1.14519.5.2.1.6279.6001.225154811831720426832024114593,2,93.0,46.33333206176758,269.125,0.35094339622641507,0.18758434033104282,0.815530303030303,248,331,266.0,5
1.3.6.1.4.1.14519.5.2.1.6279.6001.225227615446398900698431118292,0,69.0,194.5955810546875,173.0,0.23389830508474577,0.8610423940472898,0.6455223880597015,227,269,296.0,5
1.3.6.1.4.1.14519.5.2.1.6279.6001.225227615446398900698431118292,1,158.0,155.0,223.2916717529297,0.535593220338983,0.6858407079646017,0.8331778796751108,227,269,296.0,5
1.3.6.1.4.1.14519.5.2.1.6279.6001.225227615446398900698431118292,2,105.0,178.0,232.5,0.3559322033898305,0.7876106194690266,0.8675373134328358,227,269,296.0,5
1.3.6.1.4.1.14519.5.2.1.6279.6001.225227615446398900698431118292,3,71.0,144.0,246.5,0.24067796610169492,0.6371681415929203,0.9197761194029851,227,269,296.0,5
1.3.6.1.4.1.14519.5.2.1.6279.6001.225515255547637437801620523312,0,132.0,31.5,162.85882568359375,0.5116279069767442,0.15144230769230768,0.5922139115767046,209,276,259.0,5
1.3.6.1.4.1.14519.5.2.1.6279.6001.225515255547637437801620523312,1,136.0,74.67646789550781,220.41175842285156,0.5271317829457365,0.3590214802668645,0.8014973033558238,209,276,259.0,5
1.3.6.1.4.1.14519.5.2.1.6279.6001.226152078193253087875725735761,0,154.0,154.0,82.0,0.5968992248062015,0.7817258883248731,0.3048327137546468,198,270,259.0,5
1.3.6.1.4.1.14519.5.2.1.6279.6001.226383054119800793308721198594,0,142.0,90.17616271972656,45.38859939575195,0.4965034965034965,0.4696675141652425,0.15129533131917317,193,301,287.0,5
1.3.6.1.4.1.14519.5.2.1.6279.6001.226456162308124493341905600418,0,137.0,132.5,231.60464477539062,0.4823943661971831,0.6339712918660287,0.8806260257619415,210,264,285.0,5
1.3.6.1.4.1.14519.5.2.1.6279.6001.226456162308124493341905600418,1,153.0,160.8000030517578,218.9250030517578,0.5387323943661971,0.769378005032334,0.8324144602728434,210,264,285.0,5
1.3.6.1.4.1.14519.5.2.1.6279.6001.226889213794065160713547677129,0,48.0,223.90908813476562,228.09091186523438,0.17266187050359713,0.9368581093504837,0.6870208188711878,240,333,279.0,5
1.3.6.1.4.1.14519.5.2.1.6279.6001.227707494413800460340110762069,0,75.0,150.5833282470703,95.25,0.3048780487804878,0.7345528207174161,0.354089219330855,206,270,247.0,5
1.3.6.1.4.1.14519.5.2.1.6279.6001.227796349777753378641347819780,0,109.0,117.5,25.5,0.3438485804416404,0.5131004366812227,0.07244318181818182,230,353,318.0,5
1.3.6.1.4.1.14519.5.2.1.6279.6001.227796349777753378641347819780,1,96.0,137.5,319.0,0.3028391167192429,0.6004366812227074,0.90625,230,353,318.0,5
1.3.6.1.4.1.14519.5.2.1.6279.6001.227796349777753378641347819780,2,185.0,45.411766052246094,84.11764526367188,0.583596214511041,0.19830465524998295,0.23897058313543146,230,353,318.0,5
1.3.6.1.4.1.14519.5.2.1.6279.6001.227885601428639043345478571594,0,169.0,217.81817626953125,83.18181610107422,0.5728813559322034,0.871272705078125,0.26240320536616474,251,318,296.0,5
1.3.6.1.4.1.14519.5.2.1.6279.6001.227962600322799211676960828223,0,217.0,92.17500305175781,183.24583435058594,0.8857142857142857,0.5120833502875434,0.6663484885475852,181,276,246.0,5
1.3.6.1.4.1.14519.5.2.1.6279.6001.227968442353440630355230778531,0,219.0,117.08633422851562,84.0,0.8264150943396227,0.6261301295642547,0.2847457627118644,188,296,266.0,5
1.3.6.1.4.1.14519.5.2.1.6279.6001.228511122591230092662900221600,0,96.0,112.0,288.5,0.39344262295081966,0.4409448818897638,0.9100946372239748,255,318,245.0,5
1.3.6.1.4.1.14519.5.2.1.6279.6001.228511122591230092662900221600,1,127.0,67.67742156982422,153.90322875976562,0.5204918032786885,0.2664465416134812,0.48549914435257296,255,318,245.0,5
1.3.6.1.4.1.14519.5.2.1.6279.6001.228511122591230092662900221600,2,115.0,131.27586364746094,282.4137878417969,0.4713114754098361,0.5168341088482714,0.8908952297848481,255,318,245.0,5
1.3.6.1.4.1.14519.5.2.1.6279.6001.228934821089041845791238006047,0,68.0,164.84210205078125,280.84210205078125,0.25660377358490566,0.6926138741629464,0.8284427789108592,239,340,266.0,5
1.3.6.1.4.1.14519.5.2.1.6279.6001.229096941293122177107846044795,0,162.0,204.7906951904297,87.5,0.5684210526315789,0.8714497667677858,0.29264214046822745,236,300,286.0,5
1.3.6.1.4.1.14519.5.2.1.6279.6001.229096941293122177107846044795,1,150.0,191.5,92.5,0.5263157894736842,0.8148936170212766,0.3093645484949833,236,300,286.0,5
1.3.6.1.4.1.14519.5.2.1.6279.6001.229096941293122177107846044795,2,162.0,44.82857131958008,87.0,0.5684210526315789,0.1907598779556599,0.2909698996655518,236,300,286.0,5
1.3.6.1.4.1.14519.5.2.1.6279.6001.229096941293122177107846044795,3,142.0,55.911766052246094,74.20587921142578,0.4982456140350877,0.2379224087329621,0.24818019803152436,236,300,286.0,5
1.3.6.1.4.1.14519.5.2.1.6279.6001.229096941293122177107846044795,4,141.0,41.764705657958984,70.76470947265625,0.49473684210526314,0.17772215173599568,0.23667126913931857,236,300,286.0,5
1.3.6.1.4.1.14519.5.2.1.6279.6001.229860476925100292554329427970,0,90.0,168.0,42.5,0.3383458646616541,0.702928870292887,0.13843648208469056,240,308,267.0,5
1.3.6.1.4.1.14519.5.2.1.6279.6001.229860476925100292554329427970,1,118.0,62.28571319580078,47.5,0.44360902255639095,0.2606096786435179,0.15472312703583063,240,308,267.0,5
1.3.6.1.4.1.14519.5.2.1.6279.6001.229860476925100292554329427970,2,122.0,72.61538696289062,55.38461685180664,0.45864661654135336,0.30383007097443776,0.18040591808406073,240,308,267.0,5
1.3.6.1.4.1.14519.5.2.1.6279.6001.230416590143922549745658357505,0,122.0,69.5,24.5,0.3961038961038961,0.36772486772486773,0.08812949640287769,190,279,309.0,5
1.3.6.1.4.1.14519.5.2.1.6279.6001.230416590143922549745658357505,1,261.0,81.5,51.71428680419922,0.8474025974025974,0.4312169312169312,0.1860226144035943,190,279,309.0,5
1.3.6.1.4.1.14519.5.2.1.6279.6001.230491296081537726468075344411,0,197.0,160.63247680664062,234.36752319335938,0.686411149825784,0.6324113260103962,0.7971684462359162,255,295,288.0,5
1.3.6.1.4.1.14519.5.2.1.6279.6001.230491296081537726468075344411,1,191.0,182.34210205078125,231.57894897460938,0.6655052264808362,0.7178822915385089,0.7876834999136373,255,295,288.0,5
1.3.6.1.4.1.14519.5.2.1.6279.6001.230675342744370103160629638194,0,147.0,42.64706039428711,63.0,0.4966216216216216,0.2164825400725234,0.21283783783783783,198,297,297.0,5
1.3.6.1.4.1.14519.5.2.1.6279.6001.231002159523969307155990628066,0,180.0,103.37999725341797,242.74000549316406,0.625,0.5412565301226072,0.8313013886752194,192,293,289.0,5
1.3.6.1.4.1.14519.5.2.1.6279.6001.231002159523969307155990628066,1,123.0,172.0,80.5,0.4270833333333333,0.900523560209424,0.2756849315068493,192,293,289.0,5
1.3.6.1.4.1.14519.5.2.1.6279.6001.231002159523969307155990628066,2,171.0,107.5,227.7142791748047,0.59375,0.56282722513089,0.7798434218315229,192,293,289.0,5
1.3.6.1.4.1.14519.5.2.1.6279.6001.232071262560365924176679652948,0,133.0,146.38461303710938,61.871795654296875,0.5495867768595041,0.7468602705974968,0.23260073554246946,197,267,243.0,5
1.3.6.1.4.1.14519.5.2.1.6279.6001.233001470265230594739708503198,0,154.0,157.0,57.91304397583008,0.4935897435897436,0.8177083333333334,0.21449275546603733,193,271,313.0,5
1.3.6.1.4.1.14519.5.2.1.6279.6001.233433352108264931671753343044,0,157.0,97.08695983886719,49.0,0.5667870036101083,0.38526571364629836,0.15076923076923077,253,326,278.0,5
1.3.6.1.4.1.14519.5.2.1.6279.6001.233433352108264931671753343044,1,53.0,201.88888549804688,97.51851654052734,0.19133574007220217,0.8011463710239956,0.30005697397085335,253,326,278.0,5
1.3.6.1.4.1.14519.5.2.1.6279.6001.233433352108264931671753343044,2,148.0,187.0,74.0,0.5342960288808665,0.7420634920634921,0.2276923076923077,253,326,278.0,5
1.3.6.1.4.1.14519.5.2.1.6279.6001.233652865358649579816568545171,0,162.0,118.80769348144531,65.80769348144531,0.5491525423728814,0.6674589521429511,0.23586986910912297,179,280,296.0,5
1.3.6.1.4.1.14519.5.2.1.6279.6001.235364978775280910367690540811,0,36.0,134.08737182617188,197.16505432128906,0.1411764705882353,0.6876275478265225,0.7412220087266506,196,267,256.0,5
1.3.6.1.4.1.14519.5.2.1.6279.6001.237215747217294006286437405216,0,166.0,65.21739196777344,106.91304016113281,0.608058608058608,0.27287611701997255,0.329978519015842,240,325,274.0,5
1.3.6.1.4.1.14519.5.2.1.6279.6001.237428977311365557972720635401,0,88.0,25.959999084472656,78.4000015258789,0.36666666666666664,0.13663157412880345,0.28823529972749595,191,273,241.0,5
1.3.6.1.4.1.14519.5.2.1.6279.6001.238019241099704094018548301753,0,115.0,37.5,79.78571319580078,0.40350877192982454,0.1865671641791045,0.29225535969157795,202,274,286.0,5
1.3.6.1.4.1.14519.5.2.1.6279.6001.238855414831158993232534884296,0,142.0,130.90908813476562,39.90909194946289,0.6147186147186147,0.6032676872569844,0.15117080283887457,218,265,232.0,5
1.3.6.1.4.1.14519.5.2.1.6279.6001.239358021703233250639913775427,0,127.0,179.1999969482422,77.92500305175781,0.4425087108013937,0.8413145396631089,0.30086873765157457,214,260,288.0,5
1.3.6.1.4.1.14519.5.2.1.6279.6001.239358021703233250639913775427,1,139.0,73.42424011230469,72.57575988769531,0.4843205574912892,0.3447147423112896,0.28021528914168076,214,260,288.0,5
1.3.6.1.4.1.14519.5.2.1.6279.6001.239358021703233250639913775427,2,122.0,177.36666870117188,173.36666870117188,0.4250871080139373,0.8327073647942341,0.6693693772246019,214,260,288.0,5
1.3.6.1.4.1.14519.5.2.1.6279.6001.239358021703233250639913775427,3,130.0,37.5,180.0,0.4529616724738676,0.176056338028169,0.694980694980695,214,260,288.0,5
1.3.6.1.4.1.14519.5.2.1.6279.6001.239358021703233250639913775427,4,124.0,180.9600067138672,183.60000610351562,0.43205574912891986,0.8495774963092356,0.7088803324460062,214,260,288.0,5
1.3.6.1.4.1.14519.5.2.1.6279.6001.239358021703233250639913775427,5,125.0,90.5,39.0,0.4355400696864111,0.42488262910798125,0.15057915057915058,214,260,288.0,5
1.3.6.1.4.1.14519.5.2.1.6279.6001.239358021703233250639913775427,6,117.0,37.42856979370117,195.90475463867188,0.4076655052264808,0.17572098494695385,0.7563890140489261,214,260,288.0,5
1.3.6.1.4.1.14519.5.2.1.6279.6001.239358021703233250639913775427,7,132.0,53.0,195.7894744873047,0.45993031358885017,0.24882629107981222,0.7559439169394003,214,260,288.0,5
1.3.6.1.4.1.14519.5.2.1.6279.6001.240969450540588211676803094518,0,70.0,156.58621215820312,85.27586364746094,0.2766798418972332,0.8113275241357675,0.3078551034204366,194,278,254.0,5
1.3.6.1.4.1.14519.5.2.1.6279.6001.240969450540588211676803094518,1,155.0,57.21428680419922,231.5,0.6126482213438735,0.2964470818870426,0.8357400722021661,194,278,254.0,5
1.3.6.1.4.1.14519.5.2.1.6279.6001.241083615484551649610616348856,0,70.0,155.62962341308594,193.0,0.2845528455284553,0.6566650776923457,0.6498316498316499,238,298,247.0,5
1.3.6.1.4.1.14519.5.2.1.6279.6001.241570579760883349458693655367,0,85.0,106.0,14.0,0.2823920265780731,0.5888888888888889,0.051470588235294115,181,273,302.0,5
1.3.6.1.4.1.14519.5.2.1.6279.6001.241717018262666382493757419144,0,174.0,143.0,174.61842346191406,0.6373626373626373,0.807909604519774,0.630391420440123,178,278,274.0,5
1.3.6.1.4.1.14519.5.2.1.6279.6001.241717018262666382493757419144,1,52.0,147.5,227.7142791748047,0.19047619047619047,0.8333333333333334,0.8220732100173455,178,278,274.0,5
1.3.6.1.4.1.14519.5.2.1.6279.6001.242624386080831911167122628616,0,98.0,47.92856979370117,39.19047546386719,0.3858267716535433,0.23042581631587103,0.13560718153587262,209,290,255.0,5
1.3.6.1.4.1.14519.5.2.1.6279.6001.242624386080831911167122628616,1,134.0,66.4000015258789,74.5999984741211,0.5275590551181102,0.3192307765667255,0.25813148260941554,209,290,255.0,5
1.3.6.1.4.1.14519.5.2.1.6279.6001.242761658169703141430370511586,0,33.0,184.5,51.66666793823242,0.10509554140127389,0.8236607142857143,0.15946502450071734,225,325,315.0,5
1.3.6.1.4.1.14519.5.2.1.6279.6001.243094273518213382155770295147,0,160.0,145.73480224609375,201.3259735107422,0.471976401179941,0.72145941705987,0.6515403673486803,203,310,340.0,5
1.3.6.1.4.1.14519.5.2.1.6279.6001.243094273518213382155770295147,1,245.0,123.25757598876953,210.89393615722656,0.7227138643067846,0.6101860197463839,0.6825046477580148,203,310,340.0,5
1.3.6.1.4.1.14519.5.2.1.6279.6001.243094273518213382155770295147,2,130.0,162.28070068359375,227.75437927246094,0.3834808259587021,0.8033698053643255,0.7370691885840159,203,310,340.0,5
1.3.6.1.4.1.14519.5.2.1.6279.6001.243094273518213382155770295147,3,150.0,171.04347229003906,253.2463836669922,0.4424778761061947,0.8467498628219755,0.8195675846828226,203,310,340.0,5
1.3.6.1.4.1.14519.5.2.1.6279.6001.243094273518213382155770295147,4,180.0,169.63461303710938,242.15383911132812,0.5309734513274337,0.8397753120648979,0.7836693822373079,203,310,340.0,5
1.3.6.1.4.1.14519.5.2.1.6279.6001.244204120220889433826451158706,0,149.0,156.27906799316406,40.069766998291016,0.5889328063241107,0.7406590900149955,0.13009664609834745,212,309,254.0,5
1.3.6.1.4.1.14519.5.2.1.6279.6001.244204120220889433826451158706,1,145.0,162.41378784179688,171.72413635253906,0.5731225296442688,0.7697335916672837,0.5575458972485035,212,309,254.0,5
1.3.6.1.4.1.14519.5.2.1.6279.6001.244442540088515471945035689377,0,143.0,104.5,219.5,0.5,0.538659793814433,0.7981818181818182,195,276,287.0,5
1.3.6.1.4.1.14519.5.2.1.6279.6001.244447966386688625240438849169,0,210.0,161.0,62.5,0.7777777777777778,0.7630331753554502,0.20627062706270627,212,304,271.0,5
1.3.6.1.4.1.14519.5.2.1.6279.6001.244590453955380448651329424024,0,124.0,123.0,103.29166412353516,0.4460431654676259,0.5324675324675324,0.3217808851200472,232,322,279.0,5
1.3.6.1.4.1.14519.5.2.1.6279.6001.244681063194071446501270815660,0,221.0,129.3274383544922,96.22123718261719,0.7727272727272727,0.6015229690906614,0.30840140122633714,216,313,287.0,5
1.3.6.1.4.1.14519.5.2.1.6279.6001.245248446973732759194067808002,0,157.0,89.5,239.0,0.5322033898305085,0.4837837837837838,0.9018867924528302,186,266,296.0,5
1.3.6.1.4.1.14519.5.2.1.6279.6001.245391706475696258069508046497,0,155.0,41.346153259277344,254.34616088867188,0.5032467532467533,0.20168855248427972,0.8450038567729963,206,302,309.0,5
1.3.6.1.4.1.14519.5.2.1.6279.6001.246225645401227472829175288633,0,183.0,69.67646789550781,252.58824157714844,0.563076923076923,0.3317927042643229,0.8174376750069529,211,310,326.0,5
1.3.6.1.4.1.14519.5.2.1.6279.6001.246758220302211646532176593724,0,198.0,73.5,218.2857208251953,0.7674418604651163,0.3340909090909091,0.7795918600899833,221,281,259.0,5
1.3.6.1.4.1.14519.5.2.1.6279.6001.246758220302211646532176593724,1,135.0,94.61538696289062,240.61538696289062,0.5232558139534884,0.43006994074041194,0.8593406677246094,221,281,259.0,5
1.3.6.1.4.1.14519.5.2.1.6279.6001.247060297988514823071467295949,0,91.0,188.85714721679688,299.78570556640625,0.30132450331125826,0.7804014347801523,0.8895718266065468,243,338,303.0,5
1.3.6.1.4.1.14519.5.2.1.6279.6001.247769845138587733933485039556,0,81.0,61.79411697387695,43.088233947753906,0.32926829268292684,0.2734252963445883,0.1385473760377939,227,312,247.0,5
1.3.6.1.4.1.14519.5.2.1.6279.6001.247769845138587733933485039556,1,65.0,119.5,291.0,0.26422764227642276,0.5287610619469026,0.9356913183279743,227,312,247.0,5
1.3.6.1.4.1.14519.5.2.1.6279.6001.247769845138587733933485039556,2,89.0,62.818180084228516,31.18181800842285,0.3617886178861789,0.2779565490452589,0.10026308041293522,227,312,247.0,5
1.3.6.1.4.1.14519.5.2.1.6279.6001.247816269490470394602288565775,0,163.0,80.8671875,192.796875,0.6150943396226415,0.37095040137614677,0.7711875,219,251,266.0,5
1.3.6.1.4.1.14519.5.2.1.6279.6001.247816269490470394602288565775,1,230.0,168.5,84.5,0.8679245283018868,0.7729357798165137,0.338,219,251,266.0,5
1.3.6.1.4.1.14519.5.2.1.6279.6001.248357157975955379661896491341,0,119.0,101.5,233.5,0.42805755395683454,0.5734463276836158,0.8309608540925267,178,282,279.0,5
1.3.6.1.4.1.14519.5.2.1.6279.6001.249032660919473722154870746474,0,213.0,188.0,97.5,0.6339285714285714,0.8506787330316742,0.3135048231511254,222,312,337.0,5
1.3.6.1.4.1.14519.5.2.1.6279.6001.249314567767437206995861966896,0,52.0,174.8783721923828,191.44595336914062,0.18772563176895307,0.8572469225116804,0.6155818436306773,205,312,278.0,5
1.3.6.1.4.1.14519.5.2.1.6279.6001.249314567767437206995861966896,1,239.0,97.80165100097656,229.0,0.8628158844765343,0.47941985784792435,0.7363344051446945,205,312,278.0,5
1.3.6.1.4.1.14519.5.2.1.6279.6001.249404938669582150398726875826,0,150.0,118.39215850830078,268.0,0.5016722408026756,0.5949354698909587,0.8933333333333333,200,301,300.0,5
1.3.6.1.4.1.14519.5.2.1.6279.6001.249404938669582150398726875826,1,41.0,151.25,199.39999389648438,0.13712374581939799,0.7600502512562815,0.6646666463216145,200,301,300.0,5
1.3.6.1.4.1.14519.5.2.1.6279.6001.249404938669582150398726875826,2,143.0,170.5660400390625,216.4528350830078,0.4782608695652174,0.8571157790907663,0.7215094502766927,200,301,300.0,5
1.3.6.1.4.1.14519.5.2.1.6279.6001.249404938669582150398726875826,3,39.0,161.7567596435547,55.75675582885742,0.13043478260869565,0.8128480384098226,0.18585585276285807,200,301,300.0,5
1.3.6.1.4.1.14519.5.2.1.6279.6001.249450003033735700817635168066,0,103.0,95.81578826904297,24.3157901763916,0.33225806451612905,0.4814863732112712,0.09175769877883623,200,266,311.0,5
1.3.6.1.4.1.14519.5.2.1.6279.6001.249450003033735700817635168066,1,76.0,138.5,235.27272033691406,0.24516129032258063,0.6959798994974874,0.8878215861770342,200,266,311.0,5
1.3.6.1.4.1.14519.5.2.1.6279.6001.249450003033735700817635168066,2,99.0,162.0,226.0,0.3193548387096774,0.8140703517587939,0.8528301886792453,200,266,311.0,5
1.3.6.1.4.1.14519.5.2.1.6279.6001.249450003033735700817635168066,3,86.0,80.88235473632812,235.58824157714844,0.27741935483870966,0.4064439936498901,0.8890122323665979,200,266,311.0,5
1.3.6.1.4.1.14519.5.2.1.6279.6001.249530219848512542668813996730,0,60.0,139.83871459960938,266.2043151855469,0.2,0.6854838950961244,0.864299724628399,205,309,301.0,5
1.3.6.1.4.1.14519.5.2.1.6279.6001.249530219848512542668813996730,1,81.0,107.72413635253906,287.5862121582031,0.27,0.5280594919242111,0.933721468046114,205,309,301.0,5
1.3.6.1.4.1.14519.5.2.1.6279.6001.249530219848512542668813996730,2,154.0,112.0,43.0,0.5133333333333333,0.5490196078431373,0.1396103896103896,205,309,301.0,5
1.3.6.1.4.1.14519.5.2.1.6279.6001.250397690690072950000431855143,0,123.0,173.1875,106.30208587646484,0.4212328767123288,0.8573638613861386,0.35316307600154434,203,302,293.0,5
1.3.6.1.4.1.14519.5.2.1.6279.6001.250397690690072950000431855143,1,125.0,32.54929733276367,232.84507751464844,0.4280821917808219,0.16113513531071125,0.7735716860951776,203,302,293.0,5
1.3.6.1.4.1.14519.5.2.1.6279.6001.250397690690072950000431855143,2,157.0,58.5,231.86207580566406,0.5376712328767124,0.2896039603960396,0.7703058996865916,203,302,293.0,5
1.3.6.1.4.1.14519.5.2.1.6279.6001.250397690690072950000431855143,3,140.0,81.31111145019531,259.022216796875,0.4794520547945205,0.4025302547039372,0.8605389262354651,203,302,293.0,5
1.3.6.1.4.1.14519.5.2.1.6279.6001.250397690690072950000431855143,4,150.0,40.63333511352539,76.36666870117188,0.5136986301369864,0.20115512432438312,0.25370986279459096,203,302,293.0,5
1.3.6.1.4.1.14519.5.2.1.6279.6001.250397690690072950000431855143,5,173.0,87.0,252.0,0.5924657534246576,0.4306930693069307,0.8372093023255814,203,302,293.0,5
1.3.6.1.4.1.14519.5.2.1.6279.6001.250481236093201801255751845296,0,125.0,218.38461303710938,229.38461303710938,0.4355400696864111,0.9061602200709933,0.6993433324302115,242,329,288.0,5
1.3.6.1.4.1.14519.5.2.1.6279.6001.250863365157630276148828903732,0,208.0,78.875,85.5,0.6709677419354839,0.3328059071729958,0.25987841945288753,238,330,311.0,5
1.3.6.1.4.1.14519.5.2.1.6279.6001.251215764736737018371915284679,0,73.0,64.5,75.20930480957031,0.2302839116719243,0.29318181818181815,0.2372533274749852,221,318,318.0,5
1.3.6.1.4.1.14519.5.2.1.6279.6001.252358625003143649770119512644,0,141.0,114.0,37.75609588623047,0.47315436241610737,0.5205479452054794,0.12543553450574907,220,302,299.0,5
1.3.6.1.4.1.14519.5.2.1.6279.6001.252634638822000832774167856951,0,154.0,159.14381408691406,188.899658203125,0.6184738955823293,0.8332136863189218,0.7155290083451704,192,265,250.0,5
1.3.6.1.4.1.14519.5.2.1.6279.6001.252697338970999211181671881792,0,111.0,173.75,49.75,0.4977578475336323,0.8119158878504673,0.1802536231884058,215,277,224.0,5
1.3.6.1.4.1.14519.5.2.1.6279.6001.252814707117018427472206147014,0,148.0,74.22222137451172,37.703704833984375,0.4525993883792049,0.34046890538766844,0.11856510954083137,219,319,328.0,5
1.3.6.1.4.1.14519.5.2.1.6279.6001.252814707117018427472206147014,1,107.0,177.25,206.25,0.327217125382263,0.8130733944954128,0.6485849056603774,219,319,328.0,5
1.3.6.1.4.1.14519.5.2.1.6279.6001.253322967203074795232627653819,0,233.0,112.14286041259766,233.7857208251953,0.8472727272727273,0.5579246786696401,0.8501298939098011,202,276,276.0,5
1.3.6.1.4.1.14519.5.2.1.6279.6001.253322967203074795232627653819,1,96.0,26.882352828979492,73.4117660522461,0.3490909090909091,0.13374304890039548,0.2669518765536222,202,276,276.0,5
1.3.6.1.4.1.14519.5.2.1.6279.6001.253322967203074795232627653819,2,164.0,154.0,43.0,0.5963636363636363,0.7661691542288557,0.15636363636363637,202,276,276.0,5
1.3.6.1.4.1.14519.5.2.1.6279.6001.254254303842550572473665729969,0,154.0,87.9214859008789,131.07025146484375,0.4888888888888889,0.3407809531041818,0.37663865363460847,259,349,316.0,5
1.3.6.1.4.1.14519.5.2.1.6279.6001.254254303842550572473665729969,1,253.0,171.5,153.5,0.8031746031746032,0.6647286821705426,0.4410919540229885,259,349,316.0,5
1.3.6.1.4.1.14519.5.2.1.6279.6001.254473943359963613733707320244,0,227.0,209.5,233.0,0.737012987012987,0.8481781376518218,0.7213622291021672,248,324,309.0,5
1.3.6.1.4.1.14519.5.2.1.6279.6001.254473943359963613733707320244,1,133.0,209.5,49.79999923706055,0.4318181818181818,0.8481781376518218,0.15417956420142584,248,324,309.0,5
1.3.6.1.4.1.14519.5.2.1.6279.6001.254957696184671649675053562027,0,216.0,132.5806427001953,279.45159912109375,0.7081967213114754,0.589247300889757,0.8341838779734142,226,336,306.0,5
1.3.6.1.4.1.14519.5.2.1.6279.6001.254957696184671649675053562027,1,199.0,39.79166793823242,97.79166412353516,0.6524590163934426,0.17685185750325522,0.2919154152941348,226,336,306.0,5
1.3.6.1.4.1.14519.5.2.1.6279.6001.255999614855292116767517149228,0,144.0,54.3533821105957,55.90977478027344,0.47840531561461797,0.2875840323311942,0.16993852516800437,190,330,302.0,5
1.3.6.1.4.1.14519.5.2.1.6279.6001.257383535269991165447822992959,0,155.0,159.18650817871094,107.13888549804688,0.5098684210526315,0.7508797555599572,0.41049381416876196,213,262,305.0,5
1.3.6.1.4.1.14519.5.2.1.6279.6001.257383535269991165447822992959,1,191.0,160.24160766601562,74.18791961669922,0.6282894736842105,0.755856639934036,0.284244902745974,213,262,305.0,5
1.3.6.1.4.1.14519.5.2.1.6279.6001.257383535269991165447822992959,2,207.0,185.5,77.5,0.680921052631579,0.875,0.29693486590038315,213,262,305.0,5
1.3.6.1.4.1.14519.5.2.1.6279.6001.257383535269991165447822992959,3,146.0,174.25,109.75,0.48026315789473684,0.8219339622641509,0.42049808429118773,213,262,305.0,5
1.3.6.1.4.1.14519.5.2.1.6279.6001.257515388956260258681136624817,0,106.0,152.60975646972656,109.39024353027344,0.3581081081081081,0.6521784464518229,0.34291612391935244,235,320,297.0,5
1.3.6.1.4.1.14519.5.2.1.6279.6001.257515388956260258681136624817,1,134.0,180.0,239.0,0.4527027027027027,0.7692307692307693,0.7492163009404389,235,320,297.0,5
1.3.6.1.4.1.14519.5.2.1.6279.6001.257840703452266097926250569223,0,111.0,150.18182373046875,31.81818199157715,0.42366412213740456,0.7290379792741202,0.12006861128897037,207,266,263.0,5
1.3.6.1.4.1.14519.5.2.1.6279.6001.257840703452266097926250569223,1,140.0,161.5,226.5,0.5343511450381679,0.7839805825242718,0.8547169811320755,207,266,263.0,5
1.3.6.1.4.1.14519.5.2.1.6279.6001.258220324170977900491673635112,0,70.0,172.39999389648438,200.45516967773438,0.24734982332155478,0.845098009296492,0.7342680207975618,205,274,284.0,5
1.3.6.1.4.1.14519.5.2.1.6279.6001.258220324170977900491673635112,1,169.0,96.5999984741211,232.39999389648438,0.5971731448763251,0.4735294042849073,0.8512820289248512,205,274,284.0,5
1.3.6.1.4.1.14519.5.2.1.6279.6001.259123825760999546551970425757,0,208.0,119.52381134033203,68.0,0.7849056603773585,0.606719854519452,0.2698412698412698,198,253,266.0,5
1.3.6.1.4.1.14519.5.2.1.6279.6001.259123825760999546551970425757,1,154.0,63.70833206176758,69.0,0.5811320754716981,0.32339254853689126,0.27380952380952384,198,253,266.0,5
1.3.6.1.4.1.14519.5.2.1.6279.6001.259123825760999546551970425757,2,62.0,77.21052551269531,220.63157653808594,0.2339622641509434,0.39193160158728585,0.8755221291193886,198,253,266.0,5
1.3.6.1.4.1.14519.5.2.1.6279.6001.259123825760999546551970425757,3,195.0,89.38461303710938,56.38461685180664,0.7358490566037735,0.4537290001883725,0.22374847957066127,198,253,266.0,5
1.3.6.1.4.1.14519.5.2.1.6279.6001.259123825760999546551970425757,4,150.0,58.5,60.5,0.5660377358490566,0.2969543147208122,0.2400793650793651,198,253,266.0,5
1.3.6.1.4.1.14519.5.2.1.6279.6001.259124675432205040899951626253,0,134.0,34.764705657958984,70.76470947265625,0.48028673835125446,0.15802138935435903,0.23988037109375,221,296,280.0,5
1.3.6.1.4.1.14519.5.2.1.6279.6001.259227883564429312164962953756,0,164.0,145.10752868652344,93.10752868652344,0.623574144486692,0.6976323494544396,0.38474185407654315,209,243,264.0,5
1.3.6.1.4.1.14519.5.2.1.6279.6001.259543921154154401875872845498,0,151.0,49.41379165649414,78.27586364746094,0.4934640522875817,0.22876755396525064,0.2549702398940096,217,308,307.0,5
1.3.6.1.4.1.14519.5.2.1.6279.6001.259543921154154401875872845498,1,144.0,32.32143020629883,84.32142639160156,0.47058823529411764,0.14963625095508717,0.2746626266827413,217,308,307.0,5
1.3.6.1.4.1.14519.5.2.1.6279.6001.259543921154154401875872845498,2,160.0,69.15789794921875,84.84210205078125,0.5228758169934641,0.3201754534686053,0.2763586386018933,217,308,307.0,5
1.3.6.1.4.1.14519.5.2.1.6279.6001.261700367741314729940340271960,0,212.0,95.0,170.8000030517578,0.8346456692913385,0.4523809523809524,0.610000010899135,211,281,255.0,5
1.3.6.1.4.1.14519.5.2.1.6279.6001.262736997975960398949912434623,0,143.0,105.86666870117188,49.46666717529297,0.49480968858131485,0.5089743687556341,0.1648888905843099,209,301,290.0,5
1.3.6.1.4.1.14519.5.2.1.6279.6001.262736997975960398949912434623,1,188.0,45.818180084228516,72.81818389892578,0.6505190311418685,0.22027971194340631,0.24272727966308594,209,301,290.0,5
1.3.6.1.4.1.14519.5.2.1.6279.6001.262873069163227096134627700599,0,156.0,184.0,75.08000183105469,0.5288135593220339,0.773109243697479,0.2662411412448748,239,283,296.0,5
1.3.6.1.4.1.14519.5.2.1.6279.6001.262873069163227096134627700599,1,91.0,185.91836547851562,167.75509643554688,0.30847457627118646,0.781169602850906,0.5948762284948471,239,283,296.0,5
1.3.6.1.4.1.14519.5.2.1.6279.6001.264251211689085893915477907261,0,169.0,173.59259033203125,103.74073791503906,0.5847750865051903,0.7114450423443903,0.3231798688942027,245,322,290.0,5
1.3.6.1.4.1.14519.5.2.1.6279.6001.264251211689085893915477907261,1,201.0,92.65384674072266,81.65384674072266,0.6955017301038062,0.37972888008492894,0.2543733543324693,245,322,290.0,5
1.3.6.1.4.1.14519.5.2.1.6279.6001.264251211689085893915477907261,2,141.0,151.90908813476562,57.90909194946289,0.48788927335640137,0.6225782300605148,0.1804021556058034,245,322,290.0,5
1.3.6.1.4.1.14519.5.2.1.6279.6001.265453131727473342790950829556,0,168.0,195.70213317871094,207.29786682128906,0.6021505376344086,0.8508788399074388,0.6601842892397741,231,315,280.0,5
1.3.6.1.4.1.14519.5.2.1.6279.6001.265453131727473342790950829556,1,188.0,195.42857360839844,234.22857666015625,0.6738351254480287,0.8496894504712975,0.7459508810833002,231,315,280.0,5
1.3.6.1.4.1.14519.5.2.1.6279.6001.265453131727473342790950829556,2,149.0,187.41378784179688,69.27586364746094,0.5340501792114696,0.8148425558338994,0.22062376957790109,231,315,280.0,5
1.3.6.1.4.1.14519.5.2.1.6279.6001.265453131727473342790950829556,3,203.0,157.0,229.2105255126953,0.7275985663082437,0.6826086956521739,0.7299698264735519,231,315,280.0,5
1.3.6.1.4.1.14519.5.2.1.6279.6001.265453131727473342790950829556,4,130.0,203.58824157714844,238.11764526367188,0.4659498207885305,0.8851662677267323,0.7583364498843054,231,315,280.0,5
1.3.6.1.4.1.14519.5.2.1.6279.6001.265775376735520890308424143898,0,188.0,151.27586364746094,119.4137954711914,0.6787003610108303,0.7526162370520445,0.4455738636984754,202,269,278.0,5
1.3.6.1.4.1.14519.5.2.1.6279.6001.265775376735520890308424143898,1,196.0,155.53334045410156,49.86666488647461,0.7075812274368231,0.7737977137019978,0.18606964509878585,202,269,278.0,5
1.3.6.1.4.1.14519.5.2.1.6279.6001.265775376735520890308424143898,2,163.0,179.5,200.2857208251953,0.5884476534296029,0.8930348258706468,0.74733477919849,202,269,278.0,5
1.3.6.1.4.1.14519.5.2.1.6279.6001.265780642925621389994857727416,0,146.0,84.18681335449219,41.93406677246094,0.5593869731800766,0.4454328748914931,0.13527118313697076,190,311,262.0,5
1.3.6.1.4.1.14519.5.2.1.6279.6001.265960756233787099041040311282,0,254.0,122.5,277.0,0.7815384615384615,0.506198347107438,0.8793650793650793,243,316,326.0,5
1.3.6.1.4.1.14519.5.2.1.6279.6001.267519732763035023633235877753,0,61.0,61.871795654296875,94.12820434570312,0.25311203319502074,0.2666887743719693,0.26440506838680655,233,357,242.0,5
1.3.6.1.4.1.14519.5.2.1.6279.6001.267519732763035023633235877753,1,66.0,20.11111068725586,89.27777862548828,0.27385892116182575,0.08668582192782698,0.2507802770378884,233,357,242.0,5
1.3.6.1.4.1.14519.5.2.1.6279.6001.267519732763035023633235877753,2,196.0,75.21052551269531,204.0,0.8132780082987552,0.3241832996236867,0.5730337078651685,233,357,242.0,5
1.3.6.1.4.1.14519.5.2.1.6279.6001.267957701183569638795986183786,0,114.0,43.19911575317383,60.5,0.3838383838383838,0.2347778030063795,0.20648464163822525,185,294,298.0,5
1.3.6.1.4.1.14519.5.2.1.6279.6001.267957701183569638795986183786,1,143.0,42.918365478515625,82.7551040649414,0.48148148148148145,0.23325198629628058,0.28244062820799115,185,294,298.0,5
1.3.6.1.4.1.14519.5.2.1.6279.6001.267957701183569638795986183786,2,256.0,142.0,88.5,0.8619528619528619,0.7717391304347826,0.30204778156996587,185,294,298.0,5
1.3.6.1.4.1.14519.5.2.1.6279.6001.268030488196493755113553009785,0,212.0,153.1568603515625,223.0,0.7794117647058824,0.7735194967250631,0.7879858657243817,199,284,273.0,5
1.3.6.1.4.1.14519.5.2.1.6279.6001.268992195564407418480563388746,0,91.0,87.80769348144531,24.80769157409668,0.3382899628252788,0.4933016487721647,0.0895584533360891,179,278,270.0,5
1.3.6.1.4.1.14519.5.2.1.6279.6001.269075535958871753309238331179,0,143.0,41.24561309814453,134.28070068359375,0.49480968858131485,0.2148209015528361,0.44463808173375413,193,303,290.0,5
1.3.6.1.4.1.14519.5.2.1.6279.6001.269075535958871753309238331179,1,150.0,157.60000610351562,56.959999084472656,0.5190311418685121,0.8208333651224772,0.18860926849163132,193,303,290.0,5
1.3.6.1.4.1.14519.5.2.1.6279.6001.269075535958871753309238331179,2,140.0,54.040000915527344,122.5999984741211,0.4844290657439446,0.2814583381017049,0.4059602598480831,193,303,290.0,5
1.3.6.1.4.1.14519.5.2.1.6279.6001.270152671889301412052226973069,0,109.0,155.7083282470703,38.5,0.36454849498327757,0.7595528207174161,0.14206642066420663,206,272,300.0,5
1.3.6.1.4.1.14519.5.2.1.6279.6001.270215889102603268207599305185,0,151.0,124.5,277.0,0.4855305466237942,0.46455223880597013,0.826865671641791,269,336,312.0,5
1.3.6.1.4.1.14519.5.2.1.6279.6001.270390050141765094612147226290,0,154.0,102.08641815185547,109.41975402832031,0.5480427046263345,0.44971990375266724,0.33258283899185503,228,330,282.0,5
1.3.6.1.4.1.14519.5.2.1.6279.6001.270390050141765094612147226290,1,95.0,57.74074172973633,87.40740966796875,0.33807829181494664,0.2543645010120543,0.26567601722786854,228,330,282.0,5
1.3.6.1.4.1.14519.5.2.1.6279.6001.270390050141765094612147226290,2,145.0,82.11111450195312,273.27777099609375,0.5160142348754448,0.36172297137424286,0.8306315227844795,228,330,282.0,5
1.3.6.1.4.1.14519.5.2.1.6279.6001.270951128717816232360812849541,0,139.0,186.5,232.86207580566406,0.468013468013468,0.8288888888888889,0.7254270274319753,226,322,298.0,5
1.3.6.1.4.1.14519.5.2.1.6279.6001.271220641987745483198036913951,0,204.0,215.7088623046875,68.2911376953125,0.6017699115044248,0.7676471968138345,0.19623890142331177,282,349,340.0,5
1.3.6.1.4.1.14519.5.2.1.6279.6001.271307051432838466826189754230,0,59.0,75.57186889648438,274.61163330078125,0.21532846715328466,0.39360348383585614,0.9215155479891989,193,299,275.0,5
1.3.6.1.4.1.14519.5.2.1.6279.6001.272042302501586336192628818865,0,213.0,149.75,174.25,0.7773722627737226,0.6626106194690266,0.5584935897435898,227,313,275.0,5
1.3.6.1.4.1.14519.5.2.1.6279.6001.272123398257168239653655006815,0,109.0,165.5,290.2931823730469,0.3811188811188811,0.6700404858299596,0.8512996550529234,248,342,287.0,5
1.3.6.1.4.1.14519.5.2.1.6279.6001.272123398257168239653655006815,1,150.0,128.34384155273438,268.3028259277344,0.5244755244755245,0.5196106945454833,0.7868118062396903,248,342,287.0,5
1.3.6.1.4.1.14519.5.2.1.6279.6001.272123398257168239653655006815,2,184.0,53.387977600097656,124.3060073852539,0.6433566433566433,0.21614565829999052,0.364533745997812,248,342,287.0,5
1.3.6.1.4.1.14519.5.2.1.6279.6001.272190966764020277652079081128,0,82.0,179.9322052001953,97.47457885742188,0.34024896265560167,0.8253770880742904,0.32276350615040356,219,303,242.0,5
1.3.6.1.4.1.14519.5.2.1.6279.6001.272190966764020277652079081128,1,179.0,140.10256958007812,54.71794891357422,0.7427385892116183,0.6426723375232941,0.1811852613032259,219,303,242.0,5
1.3.6.1.4.1.14519.5.2.1.6279.6001.272344603176687884771013620823,0,199.0,91.52755737304688,248.6981658935547,0.7343173431734318,0.4817239861739309,0.8022521480437248,191,311,272.0,5
1.3.6.1.4.1.14519.5.2.1.6279.6001.272348349298439120568330857680,0,228.0,128.8431396484375,112.5,0.7215189873417721,0.602070746020736,0.35377358490566035,215,319,317.0,5
1.3.6.1.4.1.14519.5.2.1.6279.6001.272961322147784625028175033640,0,106.0,158.27586364746094,41.58620834350586,0.3706293706293706,0.7501225765282509,0.14241852172433514,212,293,287.0,5
1.3.6.1.4.1.14519.5.2.1.6279.6001.273525289046256012743471155680,0,133.0,158.5,257.71429443359375,0.5155038759689923,0.7044444444444444,0.7809524073745265,226,331,259.0,5
1.3.6.1.4.1.14519.5.2.1.6279.6001.274052674198758621258447180130,0,147.0,130.63333129882812,76.36666870117188,0.5306859205776173,0.5831845147269112,0.2386458396911621,225,321,278.0,5
1.3.6.1.4.1.14519.5.2.1.6279.6001.274052674198758621258447180130,1,98.0,197.5,81.21428680419922,0.35379061371841153,0.8816964285714286,0.25379464626312254,225,321,278.0,5
1.3.6.1.4.1.14519.5.2.1.6279.6001.275007193025729362844652516689,0,84.0,69.5,106.3671875,0.3333333333333333,0.34577114427860695,0.3839970667870036,202,278,253.0,5
1.3.6.1.4.1.14519.5.2.1.6279.6001.275007193025729362844652516689,1,90.0,66.41874694824219,39.0,0.35714285714285715,0.33044152710568253,0.1407942238267148,202,278,253.0,5
1.3.6.1.4.1.14519.5.2.1.6279.6001.275007193025729362844652516689,2,75.0,31.0,224.0,0.2976190476190476,0.15422885572139303,0.8086642599277978,202,278,253.0,5
1.3.6.1.4.1.14519.5.2.1.6279.6001.275755514659958628040305922764,0,81.0,28.5,131.5,0.29454545454545455,0.12337662337662338,0.37464387464387466,232,352,276.0,5
1.3.6.1.4.1.14519.5.2.1.6279.6001.275755514659958628040305922764,1,115.0,56.35416793823242,88.64583587646484,0.41818181818181815,0.2439574369620451,0.2525522389642873,232,352,276.0,5
1.3.6.1.4.1.14519.5.2.1.6279.6001.275755514659958628040305922764,2,74.0,168.92105102539062,300.368408203125,0.2690909090909091,0.7312599611488771,0.8557504507211539,232,352,276.0,5
1.3.6.1.4.1.14519.5.2.1.6279.6001.275755514659958628040305922764,3,68.0,195.5,65.21428680419922,0.24727272727272728,0.8463203463203464,0.18579568890085246,232,352,276.0,5
1.3.6.1.4.1.14519.5.2.1.6279.6001.275755514659958628040305922764,4,90.0,29.0,81.0,0.32727272727272727,0.12554112554112554,0.23076923076923078,232,352,276.0,5
1.3.6.1.4.1.14519.5.2.1.6279.6001.275766318636944297772360944907,0,27.0,192.5,194.0,0.10150375939849623,0.8406113537117904,0.6006191950464397,230,324,267.0,5
1.3.6.1.4.1.14519.5.2.1.6279.6001.275766318636944297772360944907,1,135.0,52.70833206176758,85.5,0.5075187969924813,0.23016738891601562,0.2647058823529412,230,324,267.0,5
1.3.6.1.4.1.14519.5.2.1.6279.6001.275986221854423197884953496664,0,99.0,82.90908813476562,47.90909194946289,0.38671875,0.49350647699265254,0.1886184722419799,169,255,257.0,5
1.3.6.1.4.1.14519.5.2.1.6279.6001.275986221854423197884953496664,1,112.0,45.5,75.28571319580078,0.4375,0.2708333333333333,0.29640044565275897,169,255,257.0,5
1.3.6.1.4.1.14519.5.2.1.6279.6001.276556509002726404418399209377,0,127.0,26.0,87.08695983886719,0.41776315789473684,0.11353711790393013,0.26961907070856717,230,324,305.0,5
1.3.6.1.4.1.14519.5.2.1.6279.6001.276556509002726404418399209377,1,152.0,139.54286193847656,56.91428756713867,0.5,0.6093574757138714,0.176205224666064,230,324,305.0,5
1.3.6.1.4.1.14519.5.2.1.6279.6001.276710697414087561012670296643,0,138.0,174.0,197.84945678710938,0.5073529411764706,0.883248730964467,0.6869772805107964,198,289,273.0,5
1.3.6.1.4.1.14519.5.2.1.6279.6001.277445975068759205899107114231,0,98.0,166.25,73.75,0.358974358974359,0.8149509803921569,0.2534364261168385,205,292,274.0,5
1.3.6.1.4.1.14519.5.2.1.6279.6001.277445975068759205899107114231,1,103.0,185.5,82.5,0.3772893772893773,0.9093137254901961,0.28350515463917525,205,292,274.0,5
1.3.6.1.4.1.14519.5.2.1.6279.6001.277452631455527999380186898011,0,195.0,91.0,216.0,0.6190476190476191,0.41363636363636364,0.6923076923076923,221,313,316.0,5
1.3.6.1.4.1.14519.5.2.1.6279.6001.277662902666135640561346462196,0,196.0,111.5,271.5,0.6405228758169934,0.5091324200913242,0.8104477611940298,220,336,307.0,5
1.3.6.1.4.1.14519.5.2.1.6279.6001.278010349511857248000260557753,0,149.0,141.5,30.5,0.44744744744744747,0.6402714932126696,0.09186746987951808,222,333,334.0,5
1.3.6.1.4.1.14519.5.2.1.6279.6001.279300249795483097365868125932,0,259.0,85.86285400390625,194.24571228027344,0.8809523809523809,0.47968074862517457,0.6937346867152623,180,281,295.0,5
1.3.6.1.4.1.14519.5.2.1.6279.6001.280072876841890439628529365478,0,71.0,92.45249938964844,241.375,0.23588039867109634,0.4997432399440456,0.8469298245614035,186,286,302.0,5
1.3.6.1.4.1.14519.5.2.1.6279.6001.280072876841890439628529365478,1,137.0,23.5,82.13793182373047,0.45514950166112955,0.12702702702702703,0.288203269556949,186,286,302.0,5
1.3.6.1.4.1.14519.5.2.1.6279.6001.280072876841890439628529365478,2,189.0,49.5,48.869564056396484,0.627906976744186,0.26756756756756755,0.17147215458384732,186,286,302.0,5
1.3.6.1.4.1.14519.5.2.1.6279.6001.280072876841890439628529365478,3,78.0,126.1463394165039,60.85365676879883,0.2591362126245847,0.6818721049540751,0.21352160269753975,186,286,302.0,5
1.3.6.1.4.1.14519.5.2.1.6279.6001.280072876841890439628529365478,4,150.0,115.78571319580078,61.5,0.4983388704318937,0.6258687199773015,0.21578947368421053,186,286,302.0,5
1.3.6.1.4.1.14519.5.2.1.6279.6001.280072876841890439628529365478,5,229.0,116.0,167.2916717529297,0.760797342192691,0.6270270270270271,0.5869883219401042,186,286,302.0,5
1.3.6.1.4.1.14519.5.2.1.6279.6001.280072876841890439628529365478,6,58.0,168.35293579101562,61.0,0.19269102990033224,0.910015869140625,0.21403508771929824,186,286,302.0,5
1.3.6.1.4.1.14519.5.2.1.6279.6001.280125803152924778388346920341,0,98.0,99.87179565429688,99.87179565429688,0.35251798561151076,0.48015286372258115,0.3242590767996652,209,309,279.0,5
1.3.6.1.4.1.14519.5.2.1.6279.6001.280125803152924778388346920341,1,172.0,169.5,177.7857208251953,0.6187050359712231,0.8149038461538461,0.5772263663155692,209,309,279.0,5
1.3.6.1.4.1.14519.5.2.1.6279.6001.280125803152924778388346920341,2,82.0,156.5,186.6923065185547,0.2949640287769784,0.7524038461538461,0.6061438523329697,209,309,279.0,5
1.3.6.1.4.1.14519.5.2.1.6279.6001.281489753704424911132261151767,0,28.0,56.5,256.78570556640625,0.099644128113879,0.31741573033707865,0.9236895883683678,179,279,282.0,5
1.3.6.1.4.1.14519.5.2.1.6279.6001.282512043257574309474415322775,0,173.0,48.5,228.73684692382812,0.570957095709571,0.23317307692307693,0.7284612959357584,209,315,304.0,5
1.3.6.1.4.1.14519.5.2.1.6279.6001.282779922503707013097174625409,0,166.0,148.5,253.9166717529297,0.5971223021582733,0.6513157894736842,0.854938288730403,229,298,279.0,5
1.3.6.1.4.1.14519.5.2.1.6279.6001.282779922503707013097174625409,1,106.0,34.28571319580078,244.5,0.381294964028777,0.15037593506930166,0.8232323232323232,229,298,279.0,5
1.3.6.1.4.1.14519.5.2.1.6279.6001.283569726884265181140892667131,0,51.0,180.73500061035156,200.7899932861328,0.21794871794871795,0.814121624370953,0.6737919237789691,223,299,235.0,5
1.3.6.1.4.1.14519.5.2.1.6279.6001.283569726884265181140892667131,1,95.0,131.7894744873047,257.84210205078125,0.405982905982906,0.5936462814743454,0.8652419531905411,223,299,235.0,5
1.3.6.1.4.1.14519.5.2.1.6279.6001.283569726884265181140892667131,2,122.0,94.5,247.125,0.5213675213675214,0.42567567567567566,0.8292785234899329,223,299,235.0,5
1.3.6.1.4.1.14519.5.2.1.6279.6001.283569726884265181140892667131,3,104.0,137.63333129882812,244.36666870117188,0.4444444444444444,0.6199699608055321,0.820022378191852,223,299,235.0,5
1.3.6.1.4.1.14519.5.2.1.6279.6001.283733738239331719775105586296,0,137.0,178.5,200.0,0.4963768115942029,0.8880597014925373,0.7434944237918215,202,270,277.0,5
1.3.6.1.4.1.14519.5.2.1.6279.6001.286217539434358186648717203667,0,180.0,128.5,87.5,0.6976744186046512,0.6692708333333334,0.354251012145749,193,248,259.0,5
1.3.6.1.4.1.14519.5.2.1.6279.6001.286217539434358186648717203667,1,159.0,70.15384674072266,95.61538696289062,0.6162790697674418,0.36538461844126385,0.3871068298092738,193,248,259.0,5
1.3.6.1.4.1.14519.5.2.1.6279.6001.286217539434358186648717203667,2,222.0,94.0,200.5,0.8604651162790697,0.4895833333333333,0.8117408906882592,193,248,259.0,5
1.3.6.1.4.1.14519.5.2.1.6279.6001.286422846896797433168187085942,0,219.0,150.46665954589844,60.94358825683594,0.8171641791044776,0.6933947444511449,0.2123469974105782,218,288,269.0,5
1.3.6.1.4.1.14519.5.2.1.6279.6001.287560874054243719452635194040,0,143.0,32.574466705322266,80.68085479736328,0.5375939849624061,0.16287233352661132,0.2944556744429317,201,275,267.0,5
1.3.6.1.4.1.14519.5.2.1.6279.6001.287966244644280690737019247886,0,189.0,191.4250946044922,239.01095581054688,0.7269230769230769,0.8077008211160008,0.709231322879961,238,338,261.0,5
1.3.6.1.4.1.14519.5.2.1.6279.6001.287966244644280690737019247886,1,58.0,171.39614868164062,273.44232177734375,0.2230769230769231,0.7231905007664161,0.8114015483007233,238,338,261.0,5
1.3.6.1.4.1.14519.5.2.1.6279.6001.287966244644280690737019247886,2,181.0,140.65060424804688,193.65060424804688,0.6961538461538461,0.5934624651816324,0.5746308731396049,238,338,261.0,5
1.3.6.1.4.1.14519.5.2.1.6279.6001.287966244644280690737019247886,3,186.0,61.0,231.5,0.7153846153846154,0.25738396624472576,0.6869436201780416,238,338,261.0,5
1.3.6.1.4.1.14519.5.2.1.6279.6001.287966244644280690737019247886,4,133.0,94.11111450195312,285.27777099609375,0.5115384615384615,0.3970933101348233,0.8465215756560646,238,338,261.0,5
1.3.6.1.4.1.14519.5.2.1.6279.6001.288701997968615460794642979503,0,96.0,179.09091186523438,42.09090805053711,0.3116883116883117,0.7854864555492735,0.12602068278603926,229,335,309.0,5
1.3.6.1.4.1.14519.5.2.1.6279.6001.288701997968615460794642979503,1,232.0,163.90908813476562,125.90908813476562,0.7532467532467533,0.7188995093630072,0.37697331776875936,229,335,309.0,5
1.3.6.1.4.1.14519.5.2.1.6279.6001.288701997968615460794642979503,2,96.0,130.25,296.375,0.3116883116883117,0.5712719298245614,0.8873502994011976,229,335,309.0,5
1.3.6.1.4.1.14519.5.2.1.6279.6001.290135156874098366424871975734,0,102.0,188.0,84.0,0.3709090909090909,0.8909952606635071,0.3111111111111111,212,271,276.0,5
1.3.6.1.4.1.14519.5.2.1.6279.6001.290135156874098366424871975734,1,37.0,165.2708282470703,78.0,0.13454545454545455,0.7832740675216603,0.28888888888888886,212,271,276.0,5
1.3.6.1.4.1.14519.5.2.1.6279.6001.290135156874098366424871975734,2,169.0,155.671875,223.7421875,0.6145454545454545,0.7377813981042654,0.8286747685185185,212,271,276.0,5
1.3.6.1.4.1.14519.5.2.1.6279.6001.290135156874098366424871975734,3,125.0,116.47457885742188,236.0677947998047,0.45454545454545453,0.5520122220730894,0.8743251659252026,212,271,276.0,5
1.3.6.1.4.1.14519.5.2.1.6279.6001.290135156874098366424871975734,4,122.0,112.9189224243164,214.45945739746094,0.44363636363636366,0.53516076978349,0.7942942866572628,212,271,276.0,5
1.3.6.1.4.1.14519.5.2.1.6279.6001.291539125579672469833850180824,0,74.0,74.4000015258789,294.9599914550781,0.21264367816091953,0.3381818251176314,0.8831137468714914,221,335,349.0,5
1.3.6.1.4.1.14519.5.2.1.6279.6001.292057261351416339496913597985,0,230.0,110.80928039550781,233.3505096435547,0.7395498392282959,0.4881466096718406,0.7246910237377475,228,323,312.0,5
1.3.6.1.4.1.14519.5.2.1.6279.6001.292057261351416339496913597985,1,155.0,178.6774139404297,73.09677124023438,0.4983922829581994,0.7871251715437431,0.2270086063361316,228,323,312.0,5
1.3.6.1.4.1.14519.5.2.1.6279.6001.292057261351416339496913597985,2,142.0,93.78947448730469,273.368408203125,0.4565916398713826,0.4131694911335008,0.8489702118109472,228,323,312.0,5
1.3.6.1.4.1.14519.5.2.1.6279.6001.292057261351416339496913597985,3,174.0,66.38461303710938,63.61538314819336,0.5594855305466238,0.2924432292383673,0.19756330170246386,228,323,312.0,5
1.3.6.1.4.1.14519.5.2.1.6279.6001.292194861362266467652267941663,0,83.0,184.0,178.7083282470703,0.30514705882352944,0.8720379146919431,0.6594403256349458,212,272,273.0,5
1.3.6.1.4.1.14519.5.2.1.6279.6001.292994770358625142596171316474,0,108.0,97.5999984741211,273.6000061035156,0.34177215189873417,0.4879999923706055,0.915050187637176,201,300,317.0,5
1.3.6.1.4.1.14519.5.2.1.6279.6001.293593766328917170359373773080,0,191.0,192.5,64.66666412353516,0.7431906614785992,0.7857142857142857,0.22453702820671928,246,289,258.0,5
1.3.6.1.4.1.14519.5.2.1.6279.6001.293757615532132808762625441831,0,152.0,174.75509643554688,64.91836547851562,0.5608856088560885,0.6880121906911294,0.20098565163627127,255,324,272.0,5
1.3.6.1.4.1.14519.5.2.1.6279.6001.293757615532132808762625441831,1,130.0,89.0,84.0,0.4797047970479705,0.35039370078740156,0.26006191950464397,255,324,272.0,5
1.3.6.1.4.1.14519.5.2.1.6279.6001.294120933998772507043263238704,0,90.0,165.54930114746094,57.845069885253906,0.3284671532846715,0.7166636413309997,0.1742321382085961,232,333,275.0,5
1.3.6.1.4.1.14519.5.2.1.6279.6001.294120933998772507043263238704,1,132.0,194.63333129882812,123.63333129882812,0.48175182481751827,0.8425685337611607,0.372389552104904,232,333,275.0,5
1.3.6.1.4.1.14519.5.2.1.6279.6001.294120933998772507043263238704,2,227.0,80.5,237.0,0.8284671532846716,0.3484848484848485,0.713855421686747,232,333,275.0,5
1.3.6.1.4.1.14519.5.2.1.6279.6001.294120933998772507043263238704,3,191.0,139.5,279.77777099609375,0.6970802919708029,0.6038961038961039,0.8427041295063065,232,333,275.0,5
1.3.6.1.4.1.14519.5.2.1.6279.6001.294188507421106424248264912111,0,59.0,135.1666717529297,259.1041564941406,0.19344262295081968,0.6826599583481298,0.9123385792047205,199,285,306.0,5
1.3.6.1.4.1.14519.5.2.1.6279.6001.294188507421106424248264912111,1,84.0,162.7083282470703,239.0,0.2754098360655738,0.8217592335710622,0.8415492957746479,199,285,306.0,5
1.3.6.1.4.1.14519.5.2.1.6279.6001.294188507421106424248264912111,2,59.0,161.7916717529297,53.79166793823242,0.19344262295081968,0.8171296553178267,0.18940728147264937,199,285,306.0,5
1.3.6.1.4.1.14519.5.2.1.6279.6001.295298571102631191572192562523,0,138.0,70.63333129882812,234.36666870117188,0.5054945054945055,0.36788193384806317,0.8616421643425437,193,273,274.0,5
1.3.6.1.4.1.14519.5.2.1.6279.6001.295298571102631191572192562523,1,83.0,61.153846740722656,42.38461685180664,0.304029304029304,0.31850961844126385,0.15582579724928913,193,273,274.0,5
1.3.6.1.4.1.14519.5.2.1.6279.6001.295420274214095686326263147663,0,163.0,142.15383911132812,60.0,0.5679442508710801,0.7252746893435108,0.24390243902439024,197,247,288.0,5
1.3.6.1.4.1.14519.5.2.1.6279.6001.295420274214095686326263147663,1,162.0,109.80952453613281,36.14285659790039,0.5644599303135889,0.5602526762047593,0.14692218129227802,197,247,288.0,5
1.3.6.1.4.1.14519.5.2.1.6279.6001.295420274214095686326263147663,2,133.0,155.0,38.5,0.4634146341463415,0.7908163265306123,0.1565040650406504,197,247,288.0,5
1.3.6.1.4.1.14519.5.2.1.6279.6001.295420274214095686326263147663,3,144.0,147.53846740722656,41.153846740722656,0.5017421602787456,0.7527472826899314,0.16729205992163682,197,247,288.0,5
1.3.6.1.4.1.14519.5.2.1.6279.6001.295420274214095686326263147663,4,143.0,150.0,28.200000762939453,0.49825783972125437,0.7653061224489796,0.11463414944284331,197,247,288.0,5
1.3.6.1.4.1.14519.5.2.1.6279.6001.295462530340364058116953738925,0,161.0,146.82666015625,239.9199981689453,0.624031007751938,0.6797530562789352,0.766517566034969,217,314,259.0,5
1.3.6.1.4.1.14519.5.2.1.6279.6001.295462530340364058116953738925,1,165.0,156.60000610351562,221.39999389648438,0.6395348837209303,0.7250000282570168,0.7073482233114516,217,314,259.0,5
1.3.6.1.4.1.14519.5.2.1.6279.6001.296738183013079390785739615169,0,175.0,132.36207580566406,67.5,0.6505576208178439,0.6929951612861993,0.2393617021276596,192,283,270.0,5
1.3.6.1.4.1.14519.5.2.1.6279.6001.296738183013079390785739615169,1,152.0,74.7283935546875,205.7283935546875,0.5650557620817844,0.3912481337941754,0.7295333104776153,192,283,270.0,5
1.3.6.1.4.1.14519.5.2.1.6279.6001.297433269262659217151107535012,0,199.0,33.5,181.5,0.6815068493150684,0.14439655172413793,0.5950819672131148,233,306,293.0,5
1.3.6.1.4.1.14519.5.2.1.6279.6001.297433269262659217151107535012,1,132.0,24.44444465637207,67.06666564941406,0.4520547945205479,0.10536398558781065,0.21989070704725922,233,306,293.0,5
1.3.6.1.4.1.14519.5.2.1.6279.6001.297964221542942838344351735414,0,129.0,115.53424835205078,57.94520568847656,0.48134328358208955,0.5691342283352255,0.20994639742201654,204,277,269.0,5
1.3.6.1.4.1.14519.5.2.1.6279.6001.297964221542942838344351735414,1,141.0,63.5,89.0,0.5261194029850746,0.312807881773399,0.322463768115942,204,277,269.0,5
1.3.6.1.4.1.14519.5.2.1.6279.6001.297988578825170426663869669862,0,200.0,71.81818389892578,202.35064697265625,0.6920415224913494,0.32644629044966267,0.6444288120148288,221,315,290.0,5
1.3.6.1.4.1.14519.5.2.1.6279.6001.297988578825170426663869669862,1,142.0,144.9600067138672,258.6000061035156,0.4913494809688581,0.658909121426669,0.8235668984188396,221,315,290.0,5
1.3.6.1.4.1.14519.5.2.1.6279.6001.299476369290630280560355838785,0,175.0,61.5,66.5,0.5319148936170213,0.28211009174311924,0.18838526912181303,219,354,330.0,5
1.3.6.1.4.1.14519.5.2.1.6279.6001.299476369290630280560355838785,1,82.0,173.0,40.0,0.24924012158054712,0.7935779816513762,0.11331444759206799,219,354,330.0,5
1.3.6.1.4.1.14519.5.2.1.6279.6001.299767339686526858593516834230,0,90.0,170.80909729003906,98.6727294921875,0.3146853146853147,0.8670512552793861,0.33562152888499147,198,295,287.0,5
1.3.6.1.4.1.14519.5.2.1.6279.6001.299767339686526858593516834230,1,113.0,100.19999694824219,83.80000305175781,0.3951048951048951,0.508629426133209,0.2850340239855708,198,295,287.0,5
1.3.6.1.4.1.14519.5.2.1.6279.6001.299767339686526858593516834230,2,149.0,50.65625,253.0,0.5209790209790209,0.25713832487309646,0.8605442176870748,198,295,287.0,5
1.3.6.1.4.1.14519.5.2.1.6279.6001.299767339686526858593516834230,3,127.0,59.5,38.28571319580078,0.44405594405594406,0.3020304568527919,0.13022351427143122,198,295,287.0,5
1.3.6.1.4.1.14519.5.2.1.6279.6001.299767339686526858593516834230,4,77.0,19.5,84.28571319580078,0.2692307692307692,0.09898477157360407,0.2866860993054448,198,295,287.0,5
1.3.6.1.4.1.14519.5.2.1.6279.6001.299806338046301317870803017534,0,193.0,155.90322875976562,96.32257843017578,0.7338403041825095,0.8248848082527281,0.35807649974043043,190,270,264.0,5
1.3.6.1.4.1.14519.5.2.1.6279.6001.299806338046301317870803017534,1,213.0,157.23809814453125,176.38095092773438,0.8098859315589354,0.8319476092303241,0.6556912673893471,190,270,264.0,5
1.3.6.1.4.1.14519.5.2.1.6279.6001.299806338046301317870803017534,2,211.0,156.0,82.64705657958984,0.8022813688212928,0.8253968253968254,0.3072381285486611,190,270,264.0,5
1.3.6.1.4.1.14519.5.2.1.6279.6001.299806338046301317870803017534,3,144.0,113.28571319580078,221.5,0.5475285171102662,0.5993953079142899,0.8234200743494424,190,270,264.0,5
1.3.6.1.4.1.14519.5.2.1.6279.6001.299806338046301317870803017534,4,178.0,65.11111450195312,213.3333282470703,0.6768060836501901,0.3445032513330853,0.7930606998032353,190,270,264.0,5
1.3.6.1.4.1.14519.5.2.1.6279.6001.300136985030081433029390459071,0,71.0,78.35877990722656,250.83969116210938,0.2784313725490196,0.41680202078312,0.9023010473457171,189,279,256.0,5
1.3.6.1.4.1.14519.5.2.1.6279.6001.300136985030081433029390459071,1,99.0,30.310810089111328,99.39189147949219,0.38823529411764707,0.16122771323995388,0.3575247894945762,189,279,256.0,5
1.3.6.1.4.1.14519.5.2.1.6279.6001.300146276266881736689307479986,0,204.0,127.22222137451172,67.66666412353516,0.7816091954022989,0.6876876831054688,0.2460605968128551,186,276,262.0,5
1.3.6.1.4.1.14519.5.2.1.6279.6001.300146276266881736689307479986,1,133.0,62.5,54.22222137451172,0.5095785440613027,0.33783783783783783,0.19717171408913353,186,276,262.0,5
1.3.6.1.4.1.14519.5.2.1.6279.6001.300246184547502297539521283806,0,212.0,97.71428680419922,246.5,0.7210884353741497,0.49350649901110716,0.8355932203389831,199,296,295.0,5
1.3.6.1.4.1.14519.5.2.1.6279.6001.300246184547502297539521283806,1,95.0,37.0,69.19999694824219,0.3231292517006803,0.18686868686868688,0.23457626084149893,199,296,295.0,5
1.3.6.1.4.1.14519.5.2.1.6279.6001.300270516469599170290456821227,0,37.0,89.66666412353516,8.222222328186035,0.14122137404580154,0.4505862518770611,0.03513770225720528,200,235,263.0,5
1.3.6.1.4.1.14519.5.2.1.6279.6001.300270516469599170290456821227,1,140.0,51.5,56.5,0.5343511450381679,0.25879396984924624,0.24145299145299146,200,235,263.0,5
1.3.6.1.4.1.14519.5.2.1.6279.6001.301462380687644451483231621986,0,161.0,123.7744369506836,235.22557067871094,0.5669014084507042,0.5730298006976092,0.7612478015492263,217,310,285.0,5
1.3.6.1.4.1.14519.5.2.1.6279.6001.301462380687644451483231621986,1,179.0,110.21705627441406,216.91473388671875,0.6302816901408451,0.5102641494185837,0.701989430054106,217,310,285.0,5
1.3.6.1.4.1.14519.5.2.1.6279.6001.301462380687644451483231621986,2,210.0,152.01666259765625,205.3000030517578,0.7394366197183099,0.7037808453595197,0.6644013043746207,217,310,285.0,5
1.3.6.1.4.1.14519.5.2.1.6279.6001.301582691063019848479942618641,0,243.0,60.06779479980469,235.52542114257812,0.7063953488372093,0.24517467265226403,0.7406459784357803,246,319,345.0,5
1.3.6.1.4.1.14519.5.2.1.6279.6001.302403227435841351528721627052,0,65.0,127.70833587646484,247.0,0.23297491039426524,0.6322194845369546,0.9080882352941176,203,273,280.0,5
1.3.6.1.4.1.14519.5.2.1.6279.6001.302557165094691896097534021075,0,178.0,129.1226348876953,88.04717254638672,0.6846153846153846,0.6456131744384765,0.3452830295936734,201,256,261.0,5
1.3.6.1.4.1.14519.5.2.1.6279.6001.303421828981831854739626597495,0,76.0,156.5,246.22222900390625,0.26480836236933797,0.6894273127753304,0.8639376456277412,228,286,288.0,5
1.3.6.1.4.1.14519.5.2.1.6279.6001.304700823314998198591652152637,0,52.0,90.92500305175781,13.199999809265137,0.16938110749185667,0.49958792885581216,0.04536082408682177,183,292,308.0,5
1.3.6.1.4.1.14519.5.2.1.6279.6001.305858704835252413616501469037,0,46.0,191.0895538330078,198.9104461669922,0.16428571428571428,0.7406571853992551,0.5902387126616979,259,338,281.0,5
1.3.6.1.4.1.14519.5.2.1.6279.6001.305858704835252413616501469037,1,34.0,221.87179565429688,114.87179565429688,0.12142857142857143,0.859968200210453,0.34086586247565837,259,338,281.0,5
1.3.6.1.4.1.14519.5.2.1.6279.6001.305887072264491016857673607285,0,110.0,131.17391967773438,35.0,0.3806228373702422,0.5205314272925967,0.11254019292604502,253,312,290.0,5
1.3.6.1.4.1.14519.5.2.1.6279.6001.306948744223170422945185006551,0,78.0,88.0273208618164,265.1475524902344,0.291044776119403,0.456100108092313,0.917465579550984,194,290,269.0,5
1.3.6.1.4.1.14519.5.2.1.6279.6001.306948744223170422945185006551,1,182.0,105.4137954711914,249.29063415527344,0.6791044776119403,0.5461854687626497,0.8625973500182472,194,290,269.0,5
1.3.6.1.4.1.14519.5.2.1.6279.6001.307835307280028057486413359377,0,136.0,143.25,67.41666412353516,0.5112781954887218,0.6601382488479263,0.2340856393178304,218,289,267.0,5
1.3.6.1.4.1.14519.5.2.1.6279.6001.308655308958459380153492314021,0,134.0,174.09091186523438,100.90908813476562,0.4200626959247649,0.8250754116835752,0.35037877824571395,212,289,320.0,5
1.3.6.1.4.1.14519.5.2.1.6279.6001.308655308958459380153492314021,1,230.0,66.0,62.0,0.7210031347962382,0.3127962085308057,0.2152777777777778,212,289,320.0,5
1.3.6.1.4.1.14519.5.2.1.6279.6001.309672797925724868457151381131,0,102.0,177.6734619140625,183.57142639160156,0.3953488372093023,0.8795715936339727,0.697990214416736,203,264,259.0,5
1.3.6.1.4.1.14519.5.2.1.6279.6001.309901913847714156367981722205,0,71.0,89.8144302368164,78.0,0.27099236641221375,0.5103092627091841,0.2857142857142857,177,274,263.0,5
1.3.6.1.4.1.14519.5.2.1.6279.6001.309955999522338651429118207446,0,77.0,162.0,56.81538391113281,0.34684684684684686,0.7105263157894737,0.19865518850046437,229,287,223.0,5
1.3.6.1.4.1.14519.5.2.1.6279.6001.309955999522338651429118207446,1,147.0,211.47457885742188,92.06779479980469,0.6621621621621622,0.9275200827079907,0.32191536643288354,229,287,223.0,5
1.3.6.1.4.1.14519.5.2.1.6279.6001.309955999522338651429118207446,2,71.0,142.14634704589844,261.8536682128906,0.31981981981981983,0.6234488905521861,0.9155722664786385,229,287,223.0,5
1.3.6.1.4.1.14519.5.2.1.6279.6001.309955999522338651429118207446,3,117.0,134.76666259765625,217.86666870117188,0.527027027027027,0.5910818534984923,0.7617715688852164,229,287,223.0,5
1.3.6.1.4.1.14519.5.2.1.6279.6001.309955999522338651429118207446,4,112.0,62.625,234.75,0.5045045045045045,0.2746710526315789,0.8208041958041958,229,287,223.0,5
1.3.6.1.4.1.14519.5.2.1.6279.6001.309955999522338651429118207446,5,178.0,129.5,63.71428680419922,0.8018018018018018,0.5679824561403509,0.22277722658810917,229,287,223.0,5
1.3.6.1.4.1.14519.5.2.1.6279.6001.309955999522338651429118207446,6,141.0,114.5999984741211,241.39999389648438,0.6351351351351351,0.5026315722549171,0.8440559227149803,229,287,223.0,5
1.3.6.1.4.1.14519.5.2.1.6279.6001.310395752124284049604069960014,0,59.0,25.38888931274414,86.61111450195312,0.2565217391304348,0.14760982158572175,0.35496358402439804,173,245,231.0,5
1.3.6.1.4.1.14519.5.2.1.6279.6001.310395752124284049604069960014,1,139.0,74.34615325927734,18.346153259277344,0.6043478260869565,0.43224507708882176,0.07518915270195632,173,245,231.0,5
1.3.6.1.4.1.14519.5.2.1.6279.6001.310395752124284049604069960014,2,83.0,107.14286041259766,36.19047546386719,0.36086956521739133,0.6229236070499864,0.14832162075355404,173,245,231.0,5
1.3.6.1.4.1.14519.5.2.1.6279.6001.310548927038333190233889983845,0,208.0,150.38888549804688,95.38888549804688,0.8455284552845529,0.7265163550630284,0.3572617434383778,208,268,247.0,5
1.3.6.1.4.1.14519.5.2.1.6279.6001.311476128731958142981941696518,0,94.0,184.5,61.0,0.34686346863468637,0.8744075829383886,0.18654434250764526,212,328,272.0,5
1.3.6.1.4.1.14519.5.2.1.6279.6001.312127933722985204808706697221,0,155.0,35.45070266723633,146.84507751464844,0.6275303643724697,0.18856756737891664,0.5626248180637872,189,262,248.0,5
1.3.6.1.4.1.14519.5.2.1.6279.6001.312127933722985204808706697221,1,91.0,69.5,21.0,0.3684210526315789,0.3696808510638298,0.08045977011494253,189,262,248.0,5
1.3.6.1.4.1.14519.5.2.1.6279.6001.312127933722985204808706697221,2,60.0,95.25926208496094,28.592592239379883,0.242914979757085,0.5066982025795794,0.10955016183670453,189,262,248.0,5
1.3.6.1.4.1.14519.5.2.1.6279.6001.312127933722985204808706697221,3,141.0,81.27777862548828,44.11111068725586,0.5708502024291497,0.43232860971004405,0.16900808692435196,189,262,248.0,5
1.3.6.1.4.1.14519.5.2.1.6279.6001.312127933722985204808706697221,4,101.0,59.400001525878906,23.399999618530273,0.4089068825910931,0.3159574549248878,0.08965517095222326,189,262,248.0,5
1.3.6.1.4.1.14519.5.2.1.6279.6001.312704771348460502013249647868,0,103.0,173.18182373046875,252.18182373046875,0.3814814814814815,0.7185967789646006,0.8161224068947208,242,310,271.0,5
1.3.6.1.4.1.14519.5.2.1.6279.6001.312704771348460502013249647868,1,150.0,210.5,170.77777099609375,0.5555555555555556,0.8734439834024896,0.5526788705375202,242,310,271.0,5
1.3.6.1.4.1.14519.5.2.1.6279.6001.312704771348460502013249647868,2,188.0,154.46665954589844,244.13333129882812,0.6962962962962963,0.6409404960410724,0.7900755058214503,242,310,271.0,5
1.3.6.1.4.1.14519.5.2.1.6279.6001.313283554967554803238484128406,0,75.0,168.42784118652344,133.81443786621094,0.24916943521594684,0.7419728686630989,0.397075483282525,228,338,302.0,5
1.3.6.1.4.1.14519.5.2.1.6279.6001.313283554967554803238484128406,1,196.0,130.55294799804688,58.63529586791992,0.6511627906976745,0.5751231189341272,0.17399197586919857,228,338,302.0,5
1.3.6.1.4.1.14519.5.2.1.6279.6001.313283554967554803238484128406,2,235.0,137.51806640625,92.06024169921875,0.7807308970099668,0.6058064599394273,0.2731757913923405,228,338,302.0,5
1.3.6.1.4.1.14519.5.2.1.6279.6001.313334055029671473836954456733,0,69.0,99.26356506347656,207.0,0.23958333333333334,0.5576604778846997,0.7162629757785467,179,290,289.0,5
1.3.6.1.4.1.14519.5.2.1.6279.6001.313605260055394498989743099991,0,171.0,60.74074172973633,72.40740966796875,0.5588235294117647,0.2552132005451106,0.2129629696116728,239,341,307.0,5
1.3.6.1.4.1.14519.5.2.1.6279.6001.313835996725364342034830119490,0,212.0,138.12686157226562,50.67910385131836,0.7940074906367042,0.6640714498666617,0.17658224338438452,209,288,268.0,5
1.3.6.1.4.1.14519.5.2.1.6279.6001.314789075871001236641548593165,0,244.0,131.8378448486328,109.59459686279297,0.8442906574394463,0.5885618073599679,0.33110150109605124,225,332,290.0,5
1.3.6.1.4.1.14519.5.2.1.6279.6001.315187221221054114974341475212,0,82.0,155.1999969482422,47.79999923706055,0.2857142857142857,0.7355450092333753,0.15419354592600176,212,311,288.0,5
1.3.6.1.4.1.14519.5.2.1.6279.6001.315187221221054114974341475212,1,103.0,172.61538696289062,63.61538314819336,0.3588850174216028,0.818082402667728,0.2052109133812689,212,311,288.0,5
1.3.6.1.4.1.14519.5.2.1.6279.6001.315214756157389122376518747372,0,217.0,90.0,169.5,0.8509803921568627,0.4433497536945813,0.6595330739299611,204,258,256.0,5
1.3.6.1.4.1.14519.5.2.1.6279.6001.315770913282450940389971401304,0,93.0,169.2857208251953,192.5,0.34962406015037595,0.8178054146144701,0.6684027777777778,208,289,267.0,5
1.3.6.1.4.1.14519.5.2.1.6279.6001.316900421002460665752357657094,0,196.0,91.20378112792969,62.292015075683594,0.5429362880886427,0.3816057787779485,0.20490794432790657,240,305,362.0,5
1.3.6.1.4.1.14519.5.2.1.6279.6001.316900421002460665752357657094,1,328.0,132.15151977539062,200.93939208984375,0.9085872576177285,0.5529352291857348,0.6609848424008018,240,305,362.0,5
1.3.6.1.4.1.14519.5.2.1.6279.6001.316911475886263032009840828684,0,245.0,179.080810546875,266.0,0.7561728395061729,0.6941116687863372,0.7916666666666666,259,337,325.0,5
1.3.6.1.4.1.14519.5.2.1.6279.6001.317087518531899043292346860596,0,134.0,46.45070266723633,56.845069885253906,0.4652777777777778,0.23579036886921995,0.19875898561277588,198,287,289.0,5
1.3.6.1.4.1.14519.5.2.1.6279.6001.319066480138812986026181758474,0,104.0,154.2916717529297,81.0,0.45021645021645024,0.8524401754305507,0.30337078651685395,182,268,232.0,5
1.3.6.1.4.1.14519.5.2.1.6279.6001.319066480138812986026181758474,1,79.0,96.72222137451172,246.88888549804688,0.341991341991342,0.5343769136713354,0.9246774737754565,182,268,232.0,5
1.3.6.1.4.1.14519.5.2.1.6279.6001.320111824803959660037459294083,0,135.0,174.0,59.0,0.5113636363636364,0.8169014084507042,0.2027491408934708,214,292,265.0,5
1.3.6.1.4.1.14519.5.2.1.6279.6001.321465552859463184018938648244,0,179.0,170.37661743164062,128.93505859375,0.5966666666666667,0.7709349205051612,0.4132533929286859,222,313,301.0,5
1.3.6.1.4.1.14519.5.2.1.6279.6001.321935195060268166151738328001,0,111.0,214.04615783691406,99.75384521484375,0.4157303370786517,0.8701063326703824,0.3069349083533654,247,326,268.0,5
1.3.6.1.4.1.14519.5.2.1.6279.6001.321935195060268166151738328001,1,38.0,92.38461303710938,221.12820434570312,0.14232209737827714,0.3755472074679243,0.6803944749098557,247,326,268.0,5
1.3.6.1.4.1.14519.5.2.1.6279.6001.323302986710576400812869264321,0,125.0,149.0,65.75609588623047,0.4734848484848485,0.6260504201680672,0.22752974355097047,239,290,265.0,5
1.3.6.1.4.1.14519.5.2.1.6279.6001.323408652979949774528873200770,0,146.0,82.26329040527344,221.3949432373047,0.49491525423728816,0.4052378837698199,0.7768243622361568,204,286,296.0,5
1.3.6.1.4.1.14519.5.2.1.6279.6001.323408652979949774528873200770,1,240.0,127.46931457519531,223.98556518554688,0.8135593220338984,0.6279276580058882,0.7859142638089364,204,286,296.0,5
1.3.6.1.4.1.14519.5.2.1.6279.6001.323426705628838942177546503237,0,130.0,134.18182373046875,264.81817626953125,0.4659498207885305,0.5990259987967355,0.7720646538470299,225,344,280.0,5
1.3.6.1.4.1.14519.5.2.1.6279.6001.323535944958374186208096541480,0,222.0,106.95999908447266,104.5999984741211,0.844106463878327,0.5457142810432278,0.3992366353974088,197,263,264.0,5
1.3.6.1.4.1.14519.5.2.1.6279.6001.323541312620128092852212458228,0,70.0,167.23529052734375,44.764705657958984,0.2641509433962264,0.7851422090485622,0.15817917193625083,214,284,266.0,5
1.3.6.1.4.1.14519.5.2.1.6279.6001.323753921818102744511069914832,0,31.0,197.87428283691406,272.3857116699219,0.1225296442687747,0.8210551155058675,0.8034976745425424,242,340,254.0,5
1.3.6.1.4.1.14519.5.2.1.6279.6001.323753921818102744511069914832,1,45.0,171.82455444335938,263.4385986328125,0.17786561264822134,0.7129649561965119,0.777105010716261,242,340,254.0,5
1.3.6.1.4.1.14519.5.2.1.6279.6001.323859712968543712594665815359,0,217.0,164.14706420898438,67.38235473632812,0.7640845070422535,0.7394011901305603,0.24772924535414753,223,273,285.0,5
1.3.6.1.4.1.14519.5.2.1.6279.6001.323859712968543712594665815359,1,181.0,45.21052551269531,43.6315803527832,0.6373239436619719,0.20365101582295186,0.16041022188523235,223,273,285.0,5
1.3.6.1.4.1.14519.5.2.1.6279.6001.323899724653546164058849558431,0,96.0,202.242431640625,258.0,0.3764705882352941,0.8755083620806277,0.7794561933534743,232,332,256.0,5
1.3.6.1.4.1.14519.5.2.1.6279.6001.324290109423920971676288828329,0,148.0,110.83158111572266,64.90526580810547,0.46984126984126984,0.4598820793183513,0.19970851017878605,242,326,316.0,5
1.3.6.1.4.1.14519.5.2.1.6279.6001.324290109423920971676288828329,1,154.0,37.81159591674805,235.8115997314453,0.4888888888888889,0.15689458886617447,0.7255741530198317,242,326,316.0,5
1.3.6.1.4.1.14519.5.2.1.6279.6001.324290109423920971676288828329,2,140.0,30.39655113220215,120.39655303955078,0.4444444444444444,0.1261267681834114,0.37045093242938704,242,326,316.0,5
1.3.6.1.4.1.14519.5.2.1.6279.6001.324290109423920971676288828329,3,124.0,58.38461685180664,47.61538314819336,0.39365079365079364,0.24225982096185328,0.14650887122521034,242,326,316.0,5
1.3.6.1.4.1.14519.5.2.1.6279.6001.324567010179873305471925391582,0,240.0,114.83333587646484,75.09722137451172,0.7142857142857143,0.5172672787228146,0.22551718130484,223,334,337.0,5
1.3.6.1.4.1.14519.5.2.1.6279.6001.324567010179873305471925391582,1,305.0,140.0,127.0,0.9077380952380952,0.6306306306306306,0.3813813813813814,223,334,337.0,5
1.3.6.1.4.1.14519.5.2.1.6279.6001.324567010179873305471925391582,2,104.0,122.05000305175781,305.1000061035156,0.30952380952380953,0.5497747885214316,0.9162162345450919,223,334,337.0,5
1.3.6.1.4.1.14519.5.2.1.6279.6001.325164338773720548739146851679,0,184.0,136.41802978515625,44.434425354003906,0.7301587301587301,0.7578779432508681,0.1683122172500148,181,265,253.0,5
1.3.6.1.4.1.14519.5.2.1.6279.6001.325164338773720548739146851679,1,137.0,159.0,71.5,0.5436507936507936,0.8833333333333333,0.2708333333333333,181,265,253.0,5
1.3.6.1.4.1.14519.5.2.1.6279.6001.326057189095429101398977448288,0,192.0,178.74285888671875,106.81428527832031,0.6464646464646465,0.7771428647248642,0.32967371999481576,231,325,298.0,5
1.3.6.1.4.1.14519.5.2.1.6279.6001.326057189095429101398977448288,1,270.0,136.0,239.0,0.9090909090909091,0.591304347826087,0.7376543209876543,231,325,298.0,5
1.3.6.1.4.1.14519.5.2.1.6279.6001.326057189095429101398977448288,2,230.0,157.5,185.0,0.7744107744107744,0.6847826086956522,0.5709876543209876,231,325,298.0,5
1.3.6.1.4.1.14519.5.2.1.6279.6001.326057189095429101398977448288,3,251.0,135.34375,144.0,0.8451178451178452,0.5884510869565217,0.4444444444444444,231,325,298.0,5
1.3.6.1.4.1.14519.5.2.1.6279.6001.326057189095429101398977448288,4,258.0,169.0,112.0,0.8686868686868687,0.7347826086956522,0.345679012345679,231,325,298.0,5
1.3.6.1.4.1.14519.5.2.1.6279.6001.326057189095429101398977448288,5,268.0,105.5,124.71428680419922,0.9023569023569024,0.45869565217391306,0.38492063828456546,231,325,298.0,5
1.3.6.1.4.1.14519.5.2.1.6279.6001.328789598898469177563438457842,0,147.0,115.5,236.90196228027344,0.48514851485148514,0.5372093023255814,0.8169033182078395,216,291,304.0,5
1.3.6.1.4.1.14519.5.2.1.6279.6001.328789598898469177563438457842,1,183.0,35.80952453613281,217.92857360839844,0.6039603960396039,0.16655592807503633,0.7514778400289601,216,291,304.0,5
1.3.6.1.4.1.14519.5.2.1.6279.6001.328789598898469177563438457842,2,166.0,44.10256576538086,182.7179412841797,0.5478547854785478,0.20512821286223656,0.6300618664971713,216,291,304.0,5
1.3.6.1.4.1.14519.5.2.1.6279.6001.328789598898469177563438457842,3,155.0,56.33333206176758,220.77777099609375,0.5115511551155115,0.26201549796170964,0.7613026586072198,216,291,304.0,5
1.3.6.1.4.1.14519.5.2.1.6279.6001.328789598898469177563438457842,4,185.0,40.36666488647461,198.63333129882812,0.6105610561056105,0.18775192970453305,0.684942521720097,216,291,304.0,5
1.3.6.1.4.1.14519.5.2.1.6279.6001.328789598898469177563438457842,5,120.0,56.32143020629883,239.32142639160156,0.39603960396039606,0.26196014049441313,0.8252462979020744,216,291,304.0,5
1.3.6.1.4.1.14519.5.2.1.6279.6001.328789598898469177563438457842,6,100.0,48.3636360168457,50.3636360168457,0.33003300330033003,0.22494714426439863,0.17366771040291623,216,291,304.0,5
1.3.6.1.4.1.14519.5.2.1.6279.6001.328789598898469177563438457842,7,131.0,168.0,72.0,0.43234323432343236,0.7813953488372093,0.2482758620689655,216,291,304.0,5
1.3.6.1.4.1.14519.5.2.1.6279.6001.328789598898469177563438457842,8,186.0,22.157894134521484,191.84210205078125,0.6138613861386139,0.10305997271870458,0.6615244898302802,216,291,304.0,5
1.3.6.1.4.1.14519.5.2.1.6279.6001.328944769569002417592093467626,0,111.0,73.90908813476562,40.90909194946289,0.45121951219512196,0.38695857662180955,0.14404609841360172,192,285,247.0,5
1.3.6.1.4.1.14519.5.2.1.6279.6001.329404588567903628160652715124,0,247.0,95.22115325927734,199.22116088867188,0.7916666666666666,0.4000888792406611,0.6426489060924899,239,311,313.0,5
1.3.6.1.4.1.14519.5.2.1.6279.6001.329404588567903628160652715124,1,58.0,185.5,193.0,0.1858974358974359,0.7794117647058824,0.6225806451612903,239,311,313.0,5
1.3.6.1.4.1.14519.5.2.1.6279.6001.329624439086643515259182406526,0,84.0,202.77777099609375,51.66666793823242,0.3574468085106383,0.881642482591712,0.1710816819146769,231,303,236.0,5
1.3.6.1.4.1.14519.5.2.1.6279.6001.330544495001617450666819906758,0,181.0,86.15178680419922,124.24553680419922,0.5915032679738562,0.36046772721422266,0.3665060082719741,240,340,307.0,5
1.3.6.1.4.1.14519.5.2.1.6279.6001.332829333783605240302521201463,0,157.0,58.0,78.0,0.5709090909090909,0.27102803738317754,0.29770992366412213,215,263,276.0,5
1.3.6.1.4.1.14519.5.2.1.6279.6001.332829333783605240302521201463,1,87.0,135.0,32.0,0.31636363636363635,0.6308411214953271,0.12213740458015267,215,263,276.0,5
1.3.6.1.4.1.14519.5.2.1.6279.6001.332829333783605240302521201463,2,143.0,188.0,103.0,0.52,0.8785046728971962,0.3931297709923664,215,263,276.0,5
1.3.6.1.4.1.14519.5.2.1.6279.6001.332829333783605240302521201463,3,92.0,107.0,27.5,0.33454545454545453,0.5,0.1049618320610687,215,263,276.0,5
1.3.6.1.4.1.14519.5.2.1.6279.6001.332829333783605240302521201463,4,105.0,132.88888549804688,114.27777862548828,0.38181818181818183,0.620976100458163,0.43617472757819953,215,263,276.0,5
1.3.6.1.4.1.14519.5.2.1.6279.6001.333145094436144085379032922488,0,116.0,183.07843017578125,87.7450942993164,0.40559440559440557,0.9018641880580357,0.31115281666424255,204,283,287.0,5
1.3.6.1.4.1.14519.5.2.1.6279.6001.334105754605642100456249422350,0,96.0,121.38461303710938,23.384614944458008,0.3287671232876712,0.5672178179304176,0.09353845977783203,215,251,293.0,5
1.3.6.1.4.1.14519.5.2.1.6279.6001.334517907433161353885866806005,0,195.0,149.8790283203125,62.717742919921875,0.7169117647058824,0.7456668075637438,0.2177699406941732,202,289,273.0,5
1.3.6.1.4.1.14519.5.2.1.6279.6001.334517907433161353885866806005,1,139.0,69.5,40.5,0.5110294117647058,0.34577114427860695,0.140625,202,289,273.0,5
1.3.6.1.4.1.14519.5.2.1.6279.6001.334517907433161353885866806005,2,144.0,81.19999694824219,48.07500076293945,0.5294117647058824,0.40398008431961285,0.16692708598242867,202,289,273.0,5
1.3.6.1.4.1.14519.5.2.1.6279.6001.336225579776978874775723463327,0,66.0,157.2432403564453,233.7567596435547,0.21019108280254778,0.7382311753823724,0.6875198813045726,214,341,315.0,5
1.3.6.1.4.1.14519.5.2.1.6279.6001.336894364358709782463716339027,0,142.0,39.61538314819336,254.61538696289062,0.5089605734767025,0.16645118969829142,0.7956730842590332,239,321,280.0,5
1.3.6.1.4.1.14519.5.2.1.6279.6001.337005960787660957389988207064,0,175.0,40.0,94.80000305175781,0.5833333333333334,0.1834862385321101,0.2925926020115982,219,325,301.0,5
1.3.6.1.4.1.14519.5.2.1.6279.6001.337845202462615014431060697507,0,193.0,118.48192596435547,229.93975830078125,0.8212765957446808,0.5242563095767941,0.7768235077729096,227,297,236.0,5
1.3.6.1.4.1.14519.5.2.1.6279.6001.338104567770715523699587505022,0,156.0,180.86666870117188,41.46666717529297,0.5360824742268041,0.8296636178952839,0.15530586957038564,219,268,292.0,5
1.3.6.1.4.1.14519.5.2.1.6279.6001.338104567770715523699587505022,1,249.0,170.8000030517578,164.8000030517578,0.8556701030927835,0.7834862525309991,0.6172284758492802,219,268,292.0,5
1.3.6.1.4.1.14519.5.2.1.6279.6001.338114620394879648539943280992,0,143.0,124.35779571533203,73.85321044921875,0.5458015267175572,0.6377322857196515,0.223797607421875,196,331,263.0,5
1.3.6.1.4.1.14519.5.2.1.6279.6001.338447145504282422142824032832,0,94.0,124.15384674072266,264.5384521484375,0.31543624161073824,0.5669125421950806,0.9380796175476507,220,283,299.0,5
1.3.6.1.4.1.14519.5.2.1.6279.6001.338875090785618956575597613546,0,103.0,157.63333129882812,264.3666687011719,0.35034013605442177,0.719786900907891,0.8696271996749075,220,305,295.0,5
1.3.6.1.4.1.14519.5.2.1.6279.6001.338875090785618956575597613546,1,65.0,155.0,43.70833206176758,0.22108843537414966,0.7077625570776256,0.14377740809791967,220,305,295.0,5
1.3.6.1.4.1.14519.5.2.1.6279.6001.338875090785618956575597613546,2,147.0,63.0,59.0,0.5,0.2876712328767123,0.19407894736842105,220,305,295.0,5
1.3.6.1.4.1.14519.5.2.1.6279.6001.338875090785618956575597613546,3,94.0,129.0,28.5,0.3197278911564626,0.589041095890411,0.09375,220,305,295.0,5
1.3.6.1.4.1.14519.5.2.1.6279.6001.338875090785618956575597613546,4,83.0,158.0,26.571428298950195,0.282312925170068,0.7214611872146118,0.08740601414128353,220,305,295.0,5
1.3.6.1.4.1.14519.5.2.1.6279.6001.338875090785618956575597613546,5,118.0,184.5,246.5,0.4013605442176871,0.8424657534246576,0.8108552631578947,220,305,295.0,5
1.3.6.1.4.1.14519.5.2.1.6279.6001.339142594937666268384335506819,0,165.0,89.0,258.0,0.5769230769230769,0.4258373205741627,0.8927335640138409,210,290,287.0,5
1.3.6.1.4.1.14519.5.2.1.6279.6001.339546614783708685476232944897,0,163.0,69.47032165527344,58.15981674194336,0.7477064220183486,0.35264122667651493,0.2655699394609286,198,220,219.0,5
1.3.6.1.4.1.14519.5.2.1.6279.6001.339882192295517122002429068974,0,161.0,28.42424201965332,94.93939208984375,0.568904593639576,0.14881802104530534,0.3582618569428066,192,266,284.0,5
1.3.6.1.4.1.14519.5.2.1.6279.6001.340158437895922179455019686521,0,143.0,116.09091186523438,39.09090805053711,0.4831081081081081,0.6241446874474966,0.14478114092791522,187,271,297.0,5
1.3.6.1.4.1.14519.5.2.1.6279.6001.346115813056769250958550383763,0,194.0,90.11111450195312,53.27777862548828,0.7404580152671756,0.43956641220464937,0.1944444475382784,206,275,263.0,5
1.3.6.1.4.1.14519.5.2.1.6279.6001.362762275895885013176610377950,0,133.0,25.5,89.77777862548828,0.4618055555555556,0.11805555555555555,0.2779497790262795,217,324,289.0,5
1.3.6.1.4.1.14519.5.2.1.6279.6001.367204840301639918160517361062,0,171.0,165.9130401611328,67.0,0.6428571428571429,0.7245110924066935,0.20743034055727555,230,324,267.0,5
1.3.6.1.4.1.14519.5.2.1.6279.6001.387954549120924524005910602207,0,140.0,131.0,23.210525512695312,0.5447470817120622,0.5458333333333333,0.09321496189837475,241,250,258.0,5
1.3.6.1.4.1.14519.5.2.1.6279.6001.387954549120924524005910602207,1,78.0,122.3125,156.875,0.3035019455252918,0.5096354166666667,0.6300200803212851,241,250,258.0,5
1.3.6.1.4.1.14519.5.2.1.6279.6001.390513733720659266816639651938,0,250.0,104.0,112.29166412353516,0.8833922261484098,0.5360824742268041,0.41589505230938945,195,271,284.0,5
1.3.6.1.4.1.14519.5.2.1.6279.6001.392861216720727557882279374324,0,204.0,54.45161437988281,71.41935729980469,0.7611940298507462,0.2630512771975015,0.27259296679314765,208,263,269.0,5
1.3.6.1.4.1.14519.5.2.1.6279.6001.394470743585708729682444806008,0,205.0,163.0,175.0,0.80078125,0.8190954773869347,0.6481481481481481,200,271,257.0,5
1.3.6.1.4.1.14519.5.2.1.6279.6001.395623571499047043765181005112,0,170.0,76.0,87.0,0.7172995780590717,0.37438423645320196,0.32954545454545453,204,265,238.0,5
1.3.6.1.4.1.14519.5.2.1.6279.6001.397522780537301776672854630421,0,222.0,144.0,173.919189453125,0.8538461538461538,0.6824644549763034,0.6038860744900174,212,289,261.0,5
1.3.6.1.4.1.14519.5.2.1.6279.6001.397522780537301776672854630421,1,54.0,156.1666717529297,70.09722137451172,0.2076923076923077,0.740126406411989,0.24339312977261013,212,289,261.0,5
1.3.6.1.4.1.14519.5.2.1.6279.6001.401389720232123950202941034290,0,69.0,34.6315803527832,59.78947448730469,0.3165137614678899,0.1832358748824508,0.1966759029187654,190,305,219.0,5
1.3.6.1.4.1.14519.5.2.1.6279.6001.404364125369979066736354549484,0,112.0,153.89999389648438,245.9499969482422,0.3684210526315789,0.7772726964468908,0.8752668930542427,199,282,305.0,5
1.3.6.1.4.1.14519.5.2.1.6279.6001.404457313935200882843898832756,0,165.0,117.35877990722656,293.87786865234375,0.6297709923664122,0.4713204012338416,0.8007571352924898,250,368,263.0,5
1.3.6.1.4.1.14519.5.2.1.6279.6001.404768898286087278137462774930,0,82.0,199.01739501953125,249.6434783935547,0.3293172690763052,0.8767286124208425,0.7452044131150887,228,336,250.0,5
1.3.6.1.4.1.14519.5.2.1.6279.6001.413896555982844732694353377538,0,118.0,149.2820587158203,126.1025619506836,0.4154929577464789,0.6724417059271185,0.3880078829251803,223,326,285.0,5
1.3.6.1.4.1.14519.5.2.1.6279.6001.413896555982844732694353377538,1,90.0,58.11111068725586,294.27777099609375,0.31690140845070425,0.2617617598525039,0.9054700646033654,223,326,285.0,5
1.3.6.1.4.1.14519.5.2.1.6279.6001.416701701108520592702405866796,0,219.0,155.06060791015625,198.5757598876953,0.8358778625954199,0.7245822799540012,0.6754277547200521,215,295,263.0,5
1.3.6.1.4.1.14519.5.2.1.6279.6001.417815314896088956784723476543,0,226.0,143.81817626953125,63.181819915771484,0.8158844765342961,0.6947737984035326,0.22091545425094924,208,287,278.0,5
1.3.6.1.4.1.14519.5.2.1.6279.6001.419601611032172899567156073142,0,100.0,110.0,266.5,0.37735849056603776,0.541871921182266,0.9189655172413793,204,291,266.0,5
1.3.6.1.4.1.14519.5.2.1.6279.6001.430109407146633213496148200410,0,241.0,157.37391662597656,108.63478088378906,0.7901639344262295,0.7319717052371003,0.3609128933016248,216,302,306.0,5
1.3.6.1.4.1.14519.5.2.1.6279.6001.430109407146633213496148200410,1,174.0,166.36363220214844,251.09091186523438,0.5704918032786885,0.7737843358239462,0.8341890759642338,216,302,306.0,5
1.3.6.1.4.1.14519.5.2.1.6279.6001.430109407146633213496148200410,2,280.0,142.5,187.0,0.9180327868852459,0.6627906976744186,0.6212624584717608,216,302,306.0,5
1.3.6.1.4.1.14519.5.2.1.6279.6001.438308540025607517017949816111,0,153.0,64.89247131347656,75.89247131347656,0.534965034965035,0.2923084293399845,0.2653582913058621,223,287,287.0,5
1.3.6.1.4.1.14519.5.2.1.6279.6001.438308540025607517017949816111,1,128.0,135.5294189453125,36.431373596191406,0.44755244755244755,0.6104928781320383,0.1273824251615084,223,287,287.0,5
1.3.6.1.4.1.14519.5.2.1.6279.6001.439153572396640163898529626096,0,140.0,106.20454406738281,27.886363983154297,0.4878048780487805,0.5283808162556359,0.10523156220058225,202,266,288.0,5
1.3.6.1.4.1.14519.5.2.1.6279.6001.440226700369921575481834344455,0,260.0,114.34745788574219,62.415252685546875,0.8360128617363344,0.5245296233290926,0.18913712935014204,219,331,312.0,5
1.3.6.1.4.1.14519.5.2.1.6279.6001.443400977949406454649939526179,0,125.0,184.5,204.0,0.4045307443365696,0.8661971830985915,0.7034482758620689,214,291,310.0,5
1.3.6.1.4.1.14519.5.2.1.6279.6001.443400977949406454649939526179,1,165.0,85.64705657958984,69.0,0.5339805825242718,0.402098857181173,0.23793103448275862,214,291,310.0,5
1.3.6.1.4.1.14519.5.2.1.6279.6001.450501966058662668272378865145,0,240.0,133.71717834472656,205.0,0.8421052631578947,0.6428710497342623,0.6902356902356902,209,298,286.0,5
1.3.6.1.4.1.14519.5.2.1.6279.6001.450501966058662668272378865145,1,138.0,78.4000015258789,249.39999389648438,0.4842105263157895,0.3769230842590332,0.8397306191800821,209,298,286.0,5
1.3.6.1.4.1.14519.5.2.1.6279.6001.454273545863197752384437758130,0,209.0,73.72413635253906,243.41378784179688,0.7157534246575342,0.3110723052849749,0.7678668386176558,238,318,293.0,5
1.3.6.1.4.1.14519.5.2.1.6279.6001.454273545863197752384437758130,1,188.0,180.90908813476562,176.90908813476562,0.6438356164383562,0.7633294858006988,0.5580728332326992,238,318,293.0,5
1.3.6.1.4.1.14519.5.2.1.6279.6001.458525794434429386945463560826,0,273.0,167.5,126.5,0.883495145631068,0.6442307692307693,0.36988304093567254,261,343,310.0,5
1.3.6.1.4.1.14519.5.2.1.6279.6001.461155505515403114280165935891,0,141.0,154.5,74.5,0.47,0.5919540229885057,0.22238805970149253,262,336,301.0,5
1.3.6.1.4.1.14519.5.2.1.6279.6001.463214953282361219537913355115,0,99.0,135.96939086914062,231.7653045654297,0.3574007220216607,0.6265870546965006,0.8277332305908203,218,281,278.0,5
1.3.6.1.4.1.14519.5.2.1.6279.6001.466284753932369813717081722101,0,165.0,61.0,237.1999969482422,0.673469387755102,0.32275132275132273,0.850179200531334,190,280,246.0,5
1.3.6.1.4.1.14519.5.2.1.6279.6001.478062284228419671253422844986,0,105.0,194.5,77.21428680419922,0.39622641509433965,0.9261904761904762,0.27675371614408323,211,280,266.0,5
1.3.6.1.4.1.14519.5.2.1.6279.6001.479402560265137632920333093071,0,50.0,127.75,26.0,0.1694915254237288,0.5172064777327935,0.07854984894259819,248,332,296.0,5
1.3.6.1.4.1.14519.5.2.1.6279.6001.479402560265137632920333093071,1,119.0,130.5,37.5,0.4033898305084746,0.52834008097166,0.11329305135951662,248,332,296.0,5
1.3.6.1.4.1.14519.5.2.1.6279.6001.481278873893653517789960724156,0,66.0,135.14161682128906,44.858375549316406,0.25190839694656486,0.6560272661227624,0.1752280294895172,207,257,263.0,5
1.3.6.1.4.1.14519.5.2.1.6279.6001.481278873893653517789960724156,1,96.0,176.87554931640625,181.0,0.366412213740458,0.8586191714388652,0.70703125,207,257,263.0,5
1.3.6.1.4.1.14519.5.2.1.6279.6001.483655032093002252444764787700,0,61.0,131.89999389648438,281.29998779296875,0.21863799283154123,0.5968325515678026,0.9471380060369318,222,298,280.0,5
1.3.6.1.4.1.14519.5.2.1.6279.6001.486999111981013268988489262668,0,75.0,194.15383911132812,259.6346130371094,0.3191489361702128,0.812359159461624,0.862573465239566,240,302,236.0,5
1.3.6.1.4.1.14519.5.2.1.6279.6001.487268565754493433372433148666,0,146.0,96.97711181640625,276.38555908203125,0.5289855072463768,0.43293353489467074,0.8299866639100038,225,334,277.0,5
1.3.6.1.4.1.14519.5.2.1.6279.6001.487268565754493433372433148666,1,231.0,140.53012084960938,119.33333587646484,0.8369565217391305,0.6273666109357562,0.3583583659953899,225,334,277.0,5
1.3.6.1.4.1.14519.5.2.1.6279.6001.487745546557477250336016826588,0,253.0,100.72029876708984,209.58663940429688,0.8489932885906041,0.44964419092450825,0.640937735181336,225,328,299.0,5
1.3.6.1.4.1.14519.5.2.1.6279.6001.503980049263254396021509831276,0,169.0,143.5,50.5,0.7681818181818182,0.6293859649122807,0.184981684981685,229,274,221.0,5
1.3.6.1.4.1.14519.5.2.1.6279.6001.503980049263254396021509831276,1,153.0,78.19834899902344,48.0,0.6954545454545454,0.34297521490799754,0.17582417582417584,229,274,221.0,5
1.3.6.1.4.1.14519.5.2.1.6279.6001.503980049263254396021509831276,2,80.0,156.57142639160156,244.6734619140625,0.36363636363636365,0.6867167824193051,0.8962397872309982,229,274,221.0,5
1.3.6.1.4.1.14519.5.2.1.6279.6001.504845428620607044098514803031,0,59.0,134.0,252.17391967773438,0.20774647887323944,0.6767676767676768,0.9103751612914598,199,278,285.0,5
1.3.6.1.4.1.14519.5.2.1.6279.6001.504845428620607044098514803031,1,68.0,35.86666488647461,41.46666717529297,0.23943661971830985,0.18114477215391217,0.14969915947759194,199,278,285.0,5
1.3.6.1.4.1.14519.5.2.1.6279.6001.504845428620607044098514803031,2,134.0,64.0,29.0,0.47183098591549294,0.32323232323232326,0.10469314079422383,199,278,285.0,5
1.3.6.1.4.1.14519.5.2.1.6279.6001.511347030803753100045216493273,0,127.0,194.8096160888672,214.89378356933594,0.40836012861736337,0.8544281407406455,0.7092204078195905,229,304,312.0,5
1.3.6.1.4.1.14519.5.2.1.6279.6001.511347030803753100045216493273,1,142.0,81.8125,45.69791793823242,0.4565916398713826,0.3588267543859649,0.15081821101726872,229,304,312.0,5
1.3.6.1.4.1.14519.5.2.1.6279.6001.511347030803753100045216493273,2,121.0,145.94667053222656,68.65333557128906,0.3890675241157556,0.6401169760185376,0.22657866525177908,229,304,312.0,5
1.3.6.1.4.1.14519.5.2.1.6279.6001.513023675145166449943177283490,0,201.0,143.24490356445312,253.91836547851562,0.7913385826771654,0.6282671208967242,0.8492253026037312,229,300,255.0,5
1.3.6.1.4.1.14519.5.2.1.6279.6001.518487185634324801733841260431,0,116.0,38.130435943603516,260.5,0.4603174603174603,0.17817960721310053,0.8140625,215,321,253.0,5
1.3.6.1.4.1.14519.5.2.1.6279.6001.525937963993475482158828421281,0,186.0,184.84762573242188,303.0,0.643598615916955,0.7136973966502775,0.8301369863013699,260,366,290.0,5
1.3.6.1.4.1.14519.5.2.1.6279.6001.534006575256943390479252771547,0,243.0,103.74850463867188,257.59881591796875,0.759375,0.4377574035386999,0.7359966169084822,238,351,321.0,5
1.3.6.1.4.1.14519.5.2.1.6279.6001.534006575256943390479252771547,1,219.0,193.29006958007812,107.0687026977539,0.684375,0.8155699138399921,0.3059105791364397,238,351,321.0,5
1.3.6.1.4.1.14519.5.2.1.6279.6001.534006575256943390479252771547,2,105.0,121.41463470458984,325.9756164550781,0.328125,0.5122980367282272,0.9313589041573661,238,351,321.0,5
1.3.6.1.4.1.14519.5.2.1.6279.6001.534083630500464995109143618896,0,155.0,162.7857208251953,58.5,0.6150793650793651,0.757142887559048,0.1956521739130435,216,300,253.0,5
1.3.6.1.4.1.14519.5.2.1.6279.6001.534083630500464995109143618896,1,153.0,103.0,103.0,0.6071428571428571,0.4790697674418605,0.34448160535117056,216,300,253.0,5
1.3.6.1.4.1.14519.5.2.1.6279.6001.534083630500464995109143618896,2,129.0,69.5,259.71429443359375,0.5119047619047619,0.32325581395348835,0.8686096803799122,216,300,253.0,5
1.3.6.1.4.1.14519.5.2.1.6279.6001.550599855064600241623943717588,0,158.0,194.5,123.22222137451172,0.5163398692810458,0.8530701754385965,0.3624182981603286,229,341,307.0,5
1.3.6.1.4.1.14519.5.2.1.6279.6001.557875302364105947813979213632,0,92.0,186.0,133.243896484375,0.2848297213622291,0.7560975609756098,0.398933821809506,247,335,324.0,5
1.3.6.1.4.1.14519.5.2.1.6279.6001.557875302364105947813979213632,1,180.0,166.41378784179688,266.7241516113281,0.5572755417956656,0.6764788123650279,0.7985753042255334,247,335,324.0,5
1.3.6.1.4.1.14519.5.2.1.6279.6001.557875302364105947813979213632,2,124.0,176.5,118.78571319580078,0.38390092879256965,0.717479674796748,0.3556458478916191,247,335,324.0,5
1.3.6.1.4.1.14519.5.2.1.6279.6001.558286136379689377915919180358,0,241.0,92.09954833984375,79.17646789550781,0.8456140350877193,0.46049774169921875,0.2778121680544134,201,286,286.0,5
1.3.6.1.4.1.14519.5.2.1.6279.6001.561458563853929400124470098603,0,116.0,71.0,203.0,0.3682539682539683,0.3604060913705584,0.8023715415019763,198,254,316.0,5
1.3.6.1.4.1.14519.5.2.1.6279.6001.561458563853929400124470098603,1,128.0,59.79999923706055,30.075000762939453,0.40634920634920635,0.3035532956195967,0.11887352080213223,198,254,316.0,5
1.3.6.1.4.1.14519.5.2.1.6279.6001.566816709786169715745131047975,0,150.0,126.16666412353516,50.5,0.5535055350553506,0.5895638510445568,0.16237942122186494,215,312,272.0,5
1.3.6.1.4.1.14519.5.2.1.6279.6001.569096986145782511000054443951,0,162.0,165.0,209.2916717529297,0.5454545454545454,0.7971014492753623,0.7583031585251075,208,277,298.0,5
1.3.6.1.4.1.14519.5.2.1.6279.6001.569096986145782511000054443951,1,242.0,169.0,92.70833587646484,0.8148148148148148,0.8164251207729468,0.3358997676683509,208,277,298.0,5
1.3.6.1.4.1.14519.5.2.1.6279.6001.584871944187559733312703328980,0,177.0,152.76470947265625,203.76470947265625,0.7051792828685259,0.8347798331839139,0.7603160801218517,184,269,252.0,5
1.3.6.1.4.1.14519.5.2.1.6279.6001.592821488053137951302246128864,0,104.0,93.55696105957031,253.8480987548828,0.4126984126984127,0.48982702125429484,0.8875807648772126,192,287,253.0,5
1.3.6.1.4.1.14519.5.2.1.6279.6001.592821488053137951302246128864,1,202.0,95.0,211.5,0.8015873015873016,0.4973821989528796,0.7395104895104895,192,287,253.0,5
1.3.6.1.4.1.14519.5.2.1.6279.6001.603126300703296693942875967838,0,101.0,146.2716064453125,138.7283935546875,0.3543859649122807,0.5898048646988407,0.45336076325061275,249,307,286.0,5
1.3.6.1.4.1.14519.5.2.1.6279.6001.603126300703296693942875967838,1,102.0,227.91836547851562,236.75509643554688,0.35789473684210527,0.9190256672520791,0.7737094654756433,249,307,286.0,5
1.3.6.1.4.1.14519.5.2.1.6279.6001.603126300703296693942875967838,2,67.0,165.40541076660156,44.16216278076172,0.23508771929824562,0.6669573014782321,0.1443207934011821,249,307,286.0,5
1.3.6.1.4.1.14519.5.2.1.6279.6001.603126300703296693942875967838,3,118.0,182.0,274.0,0.41403508771929826,0.7338709677419355,0.8954248366013072,249,307,286.0,5
1.3.6.1.4.1.14519.5.2.1.6279.6001.603166427542096384265514998412,0,131.0,189.36842346191406,237.2105255126953,0.4746376811594203,0.7697903392760734,0.7506662199768839,247,317,277.0,5
1.3.6.1.4.1.14519.5.2.1.6279.6001.613212850444255764524630781782,0,85.0,115.04872131347656,97.24359130859375,0.302491103202847,0.6119612835823222,0.349797091038107,189,279,282.0,5
1.3.6.1.4.1.14519.5.2.1.6279.6001.614147706162329660656328811671,0,89.0,187.0959930419922,100.48799896240234,0.36475409836065575,0.8867108674975933,0.3316435609320209,212,304,245.0,5
1.3.6.1.4.1.14519.5.2.1.6279.6001.616033753016904899083676284739,0,95.0,214.2965087890625,83.93895721435547,0.42035398230088494,0.9080360541909428,0.32037769929143306,237,263,227.0,5
1.3.6.1.4.1.14519.5.2.1.6279.6001.616033753016904899083676284739,1,115.0,157.92453002929688,202.64151000976562,0.5088495575221239,0.6691717374122749,0.7734408778998688,237,263,227.0,5
1.3.6.1.4.1.14519.5.2.1.6279.6001.616033753016904899083676284739,2,121.0,182.6666717529297,111.22222137451172,0.5353982300884956,0.7740113209869902,0.4245122953225638,237,263,227.0,5
1.3.6.1.4.1.14519.5.2.1.6279.6001.616033753016904899083676284739,3,97.0,51.27586364746094,63.58620834350586,0.42920353982300885,0.21727060867568193,0.24269545169277046,237,263,227.0,5
1.3.6.1.4.1.14519.5.2.1.6279.6001.618434772073433276874225174904,0,236.0,116.0,152.0,0.9042145593869731,0.5979381443298969,0.5507246376811594,195,277,262.0,5
1.3.6.1.4.1.14519.5.2.1.6279.6001.621916089407825046337959219998,0,131.0,160.9326934814453,51.57692337036133,0.5303643724696356,0.7152564154730903,0.16584219733235153,226,312,248.0,5
1.3.6.1.4.1.14519.5.2.1.6279.6001.624425075947752229712087113746,0,50.0,32.027320861816406,64.85246276855469,0.17543859649122806,0.1703580896905128,0.23412441432691222,189,278,286.0,5
1.3.6.1.4.1.14519.5.2.1.6279.6001.625270601160880745954773142570,0,213.0,163.0693359375,50.87200164794922,0.6893203883495146,0.7247526041666666,0.1684503365826133,226,303,310.0,5
1.3.6.1.4.1.14519.5.2.1.6279.6001.627998298349675613581885874395,0,129.0,140.75,300.0,0.3932926829268293,0.5989361702127659,0.9036144578313253,236,333,329.0,5
1.3.6.1.4.1.14519.5.2.1.6279.6001.631047517458234322522264161877,0,145.0,204.5,90.0,0.4420731707317073,0.9008810572687225,0.27692307692307694,228,326,329.0,5
1.3.6.1.4.1.14519.5.2.1.6279.6001.640729228179368154416184318668,0,125.0,44.41379165649414,47.72413635253906,0.40584415584415584,0.18980252844655615,0.14684349646935096,235,326,309.0,5
1.3.6.1.4.1.14519.5.2.1.6279.6001.652347820272212119124022644822,0,194.0,166.47755432128906,60.922447204589844,0.6953405017921147,0.7144959412930861,0.18687867240671732,234,327,280.0,5
1.3.6.1.4.1.14519.5.2.1.6279.6001.655242448149322898770987310561,0,90.0,106.27848052978516,106.15505981445312,0.27439024390243905,0.5367600026756826,0.3538501993815104,199,301,329.0,5
1.3.6.1.4.1.14519.5.2.1.6279.6001.658611160253017715059194304729,0,211.0,194.36666870117188,93.36666870117188,0.7644927536231884,0.7042270605114923,0.28292929909446024,277,331,277.0,5
1.3.6.1.4.1.14519.5.2.1.6279.6001.658611160253017715059194304729,1,222.0,172.74073791503906,82.59259033203125,0.8043478260869565,0.6258722388226053,0.25028057676373106,277,331,277.0,5
1.3.6.1.4.1.14519.5.2.1.6279.6001.663019255629770796363333877035,0,180.0,50.0,96.16666412353516,0.7003891050583657,0.2840909090909091,0.36017477199825904,177,268,258.0,5
1.3.6.1.4.1.14519.5.2.1.6279.6001.669435869708883155232318480131,0,126.0,124.10857391357422,110.9085693359375,0.4827586206896552,0.6299927609826103,0.41694950878171994,198,267,262.0,5
1.3.6.1.4.1.14519.5.2.1.6279.6001.670107649586205629860363487713,0,121.0,182.0,92.0,0.4245614035087719,0.914572864321608,0.33948339483394835,200,272,286.0,5
1.3.6.1.4.1.14519.5.2.1.6279.6001.674809958213117379592437424616,0,195.0,106.88888549804688,241.27777099609375,0.7276119402985075,0.40797284541239265,0.7469900030838815,263,324,269.0,5
1.3.6.1.4.1.14519.5.2.1.6279.6001.674809958213117379592437424616,1,206.0,167.5,271.5,0.7686567164179104,0.6393129770992366,0.8405572755417957,263,324,269.0,5
1.3.6.1.4.1.14519.5.2.1.6279.6001.675543413149938600000570588203,0,108.0,164.5,261.79998779296875,0.36486486486486486,0.7152173913043478,0.8130434403508346,231,323,297.0,5
1.3.6.1.4.1.14519.5.2.1.6279.6001.675543413149938600000570588203,1,86.0,49.0,50.0,0.2905405405405405,0.21304347826086956,0.15527950310559005,231,323,297.0,5
1.3.6.1.4.1.14519.5.2.1.6279.6001.690929968028676628605553365896,0,237.0,119.24581146240234,231.2458038330078,0.8006756756756757,0.5031468838076049,0.7050176946128287,238,329,297.0,5
1.3.6.1.4.1.14519.5.2.1.6279.6001.692598144815688523679745963696,0,120.0,80.5,281.5,0.364741641337386,0.3726851851851852,0.8824451410658307,217,320,330.0,5
1.3.6.1.4.1.14519.5.2.1.6279.6001.692598144815688523679745963696,1,291.0,107.0,127.0,0.8844984802431611,0.49537037037037035,0.3981191222570533,217,320,330.0,5
1.3.6.1.4.1.14519.5.2.1.6279.6001.693480911433291675609148051914,0,67.0,121.40740966796875,65.25926208496094,0.25868725868725867,0.5493547948776867,0.2620853898994415,222,250,260.0,5
1.3.6.1.4.1.14519.5.2.1.6279.6001.693480911433291675609148051914,1,108.0,57.21739196777344,36.91304397583008,0.416988416988417,0.2589022260985223,0.14824515652943807,222,250,260.0,5
1.3.6.1.4.1.14519.5.2.1.6279.6001.712472578497712558367294720243,0,110.0,183.3541717529297,55.64583206176758,0.3728813559322034,0.6998250830264492,0.16660428761008256,263,335,296.0,5
1.3.6.1.4.1.14519.5.2.1.6279.6001.716498695101447665580610403574,0,216.0,137.5,70.5,0.7578947368421053,0.6336405529953917,0.2572992700729927,218,275,286.0,5
1.3.6.1.4.1.14519.5.2.1.6279.6001.724251104254976962355686318345,0,55.0,99.75609588623047,82.0,0.20446096654275092,0.4661499807767779,0.2808219178082192,215,293,270.0,5
1.3.6.1.4.1.14519.5.2.1.6279.6001.724251104254976962355686318345,1,184.0,134.5,236.5,0.6840148698884758,0.6285046728971962,0.809931506849315,215,293,270.0,5
1.3.6.1.4.1.14519.5.2.1.6279.6001.724562063158320418413995627171,0,131.0,74.90908813476562,128.36363220214844,0.409375,0.30954168650729597,0.39016301581200136,243,330,321.0,5
1.3.6.1.4.1.14519.5.2.1.6279.6001.725023183844147505748475581290,0,137.0,174.89361572265625,72.77872467041016,0.5591836734693878,0.7842763036890414,0.24178978295817327,224,302,246.0,5
1.3.6.1.4.1.14519.5.2.1.6279.6001.725236073737175770730904408416,0,144.0,163.5,41.0,0.5950413223140496,0.651394422310757,0.13141025641025642,252,313,243.0,5
1.3.6.1.4.1.14519.5.2.1.6279.6001.733642690503782454656013446707,0,212.0,109.21428680419922,52.5,0.726027397260274,0.587173584968813,0.17045454545454544,187,309,293.0,5
1.3.6.1.4.1.14519.5.2.1.6279.6001.741709061958490690246385302477,0,172.0,112.3159408569336,253.24058532714844,0.6120996441281139,0.49046262382940436,0.8357775093305229,230,304,282.0,5
1.3.6.1.4.1.14519.5.2.1.6279.6001.741709061958490690246385302477,1,203.0,166.90908813476562,51.09090805053711,0.7224199288256228,0.7288606468767058,0.16861685825259773,230,304,282.0,5
1.3.6.1.4.1.14519.5.2.1.6279.6001.747803439040091794717626507402,0,184.0,117.41874694824219,210.0,0.647887323943662,0.5699939172244767,0.7446808510638298,207,283,285.0,5
1.3.6.1.4.1.14519.5.2.1.6279.6001.750792629100457382099842515038,0,231.0,131.78688049316406,61.04917907714844,0.8191489361702128,0.7445586468540343,0.23754544387995502,178,258,283.0,5
1.3.6.1.4.1.14519.5.2.1.6279.6001.750792629100457382099842515038,1,142.0,152.0,162.0,0.5035460992907801,0.8587570621468926,0.6303501945525292,178,258,283.0,5
1.3.6.1.4.1.14519.5.2.1.6279.6001.752756872840730509471096155114,0,207.0,143.55555725097656,205.0,0.8214285714285714,0.6677002662836119,0.7269503546099291,216,283,253.0,5
1.3.6.1.4.1.14519.5.2.1.6279.6001.756684168227383088294595834066,0,102.0,154.0,38.5,0.44541484716157204,0.7264150943396226,0.13414634146341464,213,288,230.0,5
1.3.6.1.4.1.14519.5.2.1.6279.6001.765459236550358748053283544075,0,179.0,162.13558959960938,200.42372131347656,0.7131474103585658,0.6644901213098745,0.7007822423548131,245,287,252.0,5
1.3.6.1.4.1.14519.5.2.1.6279.6001.765459236550358748053283544075,1,114.0,96.0,236.5,0.4541832669322709,0.39344262295081966,0.8269230769230769,245,287,252.0,5
1.3.6.1.4.1.14519.5.2.1.6279.6001.765930210026773090100532964804,0,99.0,126.78695678710938,79.86521911621094,0.375,0.6853349015519425,0.27539730729727907,186,291,265.0,5
1.3.6.1.4.1.14519.5.2.1.6279.6001.765930210026773090100532964804,1,244.0,116.13333129882812,208.46665954589844,0.9242424242424242,0.6277477367504223,0.7188505501582705,186,291,265.0,5
1.3.6.1.4.1.14519.5.2.1.6279.6001.768276876111112560631432843476,0,140.0,148.5,208.5,0.5645161290322581,0.66,0.7867924528301887,226,266,249.0,5
1.3.6.1.4.1.14519.5.2.1.6279.6001.771741891125176943862272696845,0,218.0,128.89999389648438,249.9499969482422,0.7569444444444444,0.65431468982987,0.8222039373297441,198,305,289.0,5
1.3.6.1.4.1.14519.5.2.1.6279.6001.771831598853841017505646275338,0,286.0,170.32315063476562,191.0,0.9166666666666666,0.6867868977208291,0.6121794871794872,249,313,313.0,5
1.3.6.1.4.1.14519.5.2.1.6279.6001.774060103415303828812229821954,0,153.0,115.84615325927734,231.38461303710938,0.5930232558139535,0.5850815821175623,0.8062181638923671,199,288,259.0,5
1.3.6.1.4.1.14519.5.2.1.6279.6001.774060103415303828812229821954,1,109.0,131.40740966796875,38.74074172973633,0.42248062015503873,0.6636737862018623,0.13498516282138093,199,288,259.0,5
1.3.6.1.4.1.14519.5.2.1.6279.6001.776800177074349870648765614630,0,182.0,96.33333587646484,59.11111068725586,0.5669781931464174,0.4940171070587941,0.21732025987961712,196,273,322.0,5
1.3.6.1.4.1.14519.5.2.1.6279.6001.779493719385047675154892222907,0,206.0,119.06666564941406,250.06666564941406,0.7177700348432056,0.4409876505533854,0.7420375835294186,271,338,288.0,5
1.3.6.1.4.1.14519.5.2.1.6279.6001.779493719385047675154892222907,1,167.0,70.68701934814453,86.20610809326172,0.5818815331010453,0.26180377536349825,0.2558044750541891,271,338,288.0,5
1.3.6.1.4.1.14519.5.2.1.6279.6001.780558315515979171413904604168,0,82.0,179.86338806152344,56.86338806152344,0.3048327137546468,0.7719458715086843,0.19017855538971049,234,300,270.0,5
1.3.6.1.4.1.14519.5.2.1.6279.6001.792381786708289670758399079830,0,214.0,131.92857360839844,245.5,0.7535211267605634,0.6024135781205409,0.8644366197183099,220,285,285.0,5
1.3.6.1.4.1.14519.5.2.1.6279.6001.792381786708289670758399079830,1,188.0,128.0,256.756103515625,0.6619718309859155,0.5844748858447488,0.9040707870268486,220,285,285.0,5
1.3.6.1.4.1.14519.5.2.1.6279.6001.797637294244261543517154417124,0,44.0,69.0,253.0,0.1660377358490566,0.3026315789473684,0.9100719424460432,229,279,266.0,5
1.3.6.1.4.1.14519.5.2.1.6279.6001.799582546798528864710752164515,0,154.0,157.17391967773438,47.0,0.48125,0.6863489942259143,0.1394658753709199,230,338,321.0,5
1.3.6.1.4.1.14519.5.2.1.6279.6001.801945620899034889998809817499,0,225.0,69.57203674316406,238.42796325683594,0.7120253164556962,0.30920905219184025,0.7427662406755013,226,322,317.0,5
1.3.6.1.4.1.14519.5.2.1.6279.6001.803987517543436570820681016103,0,233.0,174.63157653808594,192.7894744873047,0.7491961414790996,0.7693020992867222,0.638375743335446,228,303,312.0,5
1.3.6.1.4.1.14519.5.2.1.6279.6001.803987517543436570820681016103,1,138.0,31.285715103149414,85.5,0.4437299035369775,0.13782253349405027,0.28311258278145696,228,303,312.0,5
1.3.6.1.4.1.14519.5.2.1.6279.6001.805925269324902055566754756843,0,90.0,214.05149841308594,118.2703857421875,0.2848101265822785,0.8631108806979272,0.3294439714267061,249,360,317.0,5
1.3.6.1.4.1.14519.5.2.1.6279.6001.822128649427327893802314908658,0,83.0,201.5,116.5,0.2881944444444444,0.8574468085106383,0.38576158940397354,236,303,289.0,5
1.3.6.1.4.1.14519.5.2.1.6279.6001.826812708000318290301835871780,0,114.0,44.7400016784668,91.37999725341797,0.475,0.2052293654975541,0.29572814645119083,219,310,241.0,5
1.3.6.1.4.1.14519.5.2.1.6279.6001.826812708000318290301835871780,1,104.0,46.90909194946289,79.09091186523438,0.43333333333333335,0.21517932086909583,0.2559576435768103,219,310,241.0,5
1.3.6.1.4.1.14519.5.2.1.6279.6001.826829446346820089862659555750,0,106.0,34.087135314941406,200.63485717773438,0.3521594684385382,0.18525617018989896,0.7542663803674224,185,267,302.0,5
1.3.6.1.4.1.14519.5.2.1.6279.6001.826829446346820089862659555750,1,79.0,151.5,167.5,0.26245847176079734,0.8233695652173914,0.6296992481203008,185,267,302.0,5
1.3.6.1.4.1.14519.5.2.1.6279.6001.826829446346820089862659555750,2,91.0,149.0,186.18055725097656,0.3023255813953488,0.8097826086956522,0.6999269069585585,185,267,302.0,5
1.3.6.1.4.1.14519.5.2.1.6279.6001.826829446346820089862659555750,3,240.0,68.0727310180664,95.34545135498047,0.7973421926910299,0.36996049466340436,0.358441546447295,185,267,302.0,5
1.3.6.1.4.1.14519.5.2.1.6279.6001.826829446346820089862659555750,4,64.0,81.89583587646484,161.1666717529297,0.21262458471760798,0.4450860645460046,0.6058897434320665,185,267,302.0,5
1.3.6.1.4.1.14519.5.2.1.6279.6001.832260670372728970918746541371,0,225.0,150.36666870117188,205.63333129882812,0.8426966292134831,0.6087719380614246,0.5858499467203081,248,352,268.0,5
1.3.6.1.4.1.14519.5.2.1.6279.6001.832260670372728970918746541371,1,91.0,194.8333282470703,55.599998474121094,0.3408239700374532,0.7887988997857097,0.15840455405732506,248,352,268.0,5
1.3.6.1.4.1.14519.5.2.1.6279.6001.837810280808122125183730411210,0,154.0,68.64935302734375,67.18181610107422,0.5365853658536586,0.30923131994298986,0.21395482834737012,223,315,288.0,5
1.3.6.1.4.1.14519.5.2.1.6279.6001.842317928015463083368074520378,0,102.0,174.2857208251953,40.5,0.36042402826855124,0.771175755863696,0.14944649446494465,227,272,284.0,5
1.3.6.1.4.1.14519.5.2.1.6279.6001.850739282072340578344345230132,0,89.0,35.21768569946289,88.54421997070312,0.36475409836065575,0.19457284916830325,0.33539477261629974,182,265,245.0,5
1.3.6.1.4.1.14519.5.2.1.6279.6001.861997885565255340442123234170,0,86.0,203.92105102539062,199.36842346191406,0.34959349593495936,0.9397283457391273,0.7094961689036088,218,282,247.0,5
1.3.6.1.4.1.14519.5.2.1.6279.6001.866845763956586959109892274084,0,167.0,89.0,62.75609588623047,0.6278195488721805,0.4810810810810811,0.2257413521087427,186,279,267.0,5
1.3.6.1.4.1.14519.5.2.1.6279.6001.868211851413924881662621747734,0,119.0,162.92857360839844,55.26785659790039,0.468503937007874,0.857518808465255,0.1854626060332228,191,299,255.0,5
1.3.6.1.4.1.14519.5.2.1.6279.6001.868211851413924881662621747734,1,151.0,159.5625,112.3125,0.594488188976378,0.8398026315789474,0.37688758389261745,191,299,255.0,5
1.3.6.1.4.1.14519.5.2.1.6279.6001.868211851413924881662621747734,2,178.0,139.75,127.25,0.7007874015748031,0.7355263157894737,0.42701342281879195,191,299,255.0,5
1.3.6.1.4.1.14519.5.2.1.6279.6001.877026508860018521147620598474,0,203.0,95.43055725097656,89.0,0.7302158273381295,0.4919100889225596,0.3296296296296296,195,271,279.0,5
1.3.6.1.4.1.14519.5.2.1.6279.6001.882070241245008756731854510592,0,239.0,125.02702331542969,221.0270233154297,0.8475177304964538,0.5897501099784419,0.7129903977917087,213,311,283.0,5
1.3.6.1.4.1.14519.5.2.1.6279.6001.882070241245008756731854510592,1,157.0,105.63529205322266,270.5529479980469,0.5567375886524822,0.4982796794963333,0.8727514451549899,213,311,283.0,5
1.3.6.1.4.1.14519.5.2.1.6279.6001.882070241245008756731854510592,2,167.0,70.0,230.65625,0.5921985815602837,0.330188679245283,0.7440524193548387,213,311,283.0,5
1.3.6.1.4.1.14519.5.2.1.6279.6001.882070241245008756731854510592,3,116.0,115.0,39.0,0.41134751773049644,0.5424528301886793,0.12580645161290321,213,311,283.0,5
1.3.6.1.4.1.14519.5.2.1.6279.6001.892375496445736188832556446335,0,228.0,94.76271057128906,233.86016845703125,0.7702702702702703,0.4534100984272204,0.7617595063746946,210,308,297.0,5
1.3.6.1.4.1.14519.5.2.1.6279.6001.897684031374557757145405000951,0,114.0,166.76356506347656,195.27906799316406,0.5135135135135135,0.6862698150760352,0.6710620893235878,244,292,223.0,5
1.3.6.1.4.1.14519.5.2.1.6279.6001.897684031374557757145405000951,1,134.0,122.0,40.810054779052734,0.6036036036036037,0.5020576131687243,0.14024073807234616,244,292,223.0,5
1.3.6.1.4.1.14519.5.2.1.6279.6001.897684031374557757145405000951,2,138.0,76.67500305175781,49.23749923706055,0.6216216216216216,0.3155349919825424,0.16920102830605,244,292,223.0,5
1.3.6.1.4.1.14519.5.2.1.6279.6001.897684031374557757145405000951,3,141.0,86.5,44.71052551269531,0.6351351351351351,0.3559670781893004,0.1536444175693997,244,292,223.0,5
1.3.6.1.4.1.14519.5.2.1.6279.6001.897684031374557757145405000951,4,116.0,179.67857360839844,58.67856979370117,0.5225225225225225,0.7394179983884709,0.2016445697378047,244,292,223.0,5
1.3.6.1.4.1.14519.5.2.1.6279.6001.898642529028521482602829374444,0,50.0,12.764705657958984,63.764705657958984,0.27932960893854747,0.07336037734459186,0.283398691813151,175,226,180.0,5
1.3.6.1.4.1.14519.5.2.1.6279.6001.898642529028521482602829374444,1,82.0,33.28571319580078,180.5,0.4581005586592179,0.19129720227471714,0.8022222222222222,175,226,180.0,5
1.3.6.1.4.1.14519.5.2.1.6279.6001.900182736599353600185270496549,0,181.0,139.88888549804688,193.27777099609375,0.6804511278195489,0.6823848073075457,0.6952437805614883,206,279,267.0,5
1.3.6.1.4.1.14519.5.2.1.6279.6001.900182736599353600185270496549,1,72.0,130.5,23.285715103149414,0.2706766917293233,0.6365853658536585,0.0837615651192425,206,279,267.0,5
1.3.6.1.4.1.14519.5.2.1.6279.6001.905371958588660410240398317235,0,227.0,157.01370239257812,267.4739685058594,0.7138364779874213,0.6797129973704681,0.8154694161764006,232,329,319.0,5
1.3.6.1.4.1.14519.5.2.1.6279.6001.908250781706513856628130123235,0,244.0,91.86206817626953,258.5,0.7625,0.4272654333779978,0.7953846153846154,216,326,321.0,5
1.3.6.1.4.1.14519.5.2.1.6279.6001.908250781706513856628130123235,1,129.0,29.586206436157227,81.27586364746094,0.403125,0.13761026249375455,0.25007958045372597,216,326,321.0,5
1.3.6.1.4.1.14519.5.2.1.6279.6001.908250781706513856628130123235,2,101.0,143.5,78.5,0.315625,0.6674418604651163,0.24153846153846154,216,326,321.0,5
1.3.6.1.4.1.14519.5.2.1.6279.6001.910435939545691201820711078950,0,186.0,39.24050521850586,174.6392364501953,0.6305084745762712,0.218002806769477,0.6127692507024397,181,286,296.0,5
1.3.6.1.4.1.14519.5.2.1.6279.6001.910435939545691201820711078950,1,195.0,32.828125,160.171875,0.6610169491525424,0.18237847222222223,0.5620065789473684,181,286,296.0,5
1.3.6.1.4.1.14519.5.2.1.6279.6001.910435939545691201820711078950,2,93.0,148.39654541015625,197.39654541015625,0.3152542372881356,0.8244252522786458,0.6926194575794956,181,286,296.0,5
1.3.6.1.4.1.14519.5.2.1.6279.6001.910435939545691201820711078950,3,189.0,145.0,79.91304016113281,0.6406779661016949,0.8055555555555556,0.28039663214432564,181,286,296.0,5
1.3.6.1.4.1.14519.5.2.1.6279.6001.910435939545691201820711078950,4,40.0,145.40541076660156,212.1621551513672,0.13559322033898305,0.8078078375922308,0.7444286145662007,181,286,296.0,5
1.3.6.1.4.1.14519.5.2.1.6279.6001.910435939545691201820711078950,5,132.0,122.5,30.5,0.44745762711864406,0.6805555555555556,0.10701754385964912,181,286,296.0,5
1.3.6.1.4.1.14519.5.2.1.6279.6001.910435939545691201820711078950,6,118.0,55.36666488647461,52.63333511352539,0.4,0.30759258270263673,0.18467836881938735,181,286,296.0,5
1.3.6.1.4.1.14519.5.2.1.6279.6001.910607280658963002048724648683,0,149.0,81.15789794921875,175.84210205078125,0.7563451776649747,0.4559432469057233,0.703368408203125,179,251,198.0,5
1.3.6.1.4.1.14519.5.2.1.6279.6001.922852847124879997825997808179,0,181.0,159.2752227783203,67.79816436767578,0.5419161676646707,0.7016529637811467,0.198821596386146,228,342,335.0,5
1.3.6.1.4.1.14519.5.2.1.6279.6001.922852847124879997825997808179,1,212.0,77.93243408203125,130.28378295898438,0.6347305389221557,0.3433146875860407,0.38206387964511546,228,342,335.0,5
1.3.6.1.4.1.14519.5.2.1.6279.6001.931383239747372227838946053237,0,99.0,125.5,67.5,0.4248927038626609,0.6033653846153846,0.23116438356164384,209,293,234.0,5
1.3.6.1.4.1.14519.5.2.1.6279.6001.931383239747372227838946053237,1,55.0,166.41378784179688,177.72413635253906,0.23605150214592274,0.8000662877009466,0.6086443025771886,209,293,234.0,5
1.3.6.1.4.1.14519.5.2.1.6279.6001.935683764293840351008008793409,0,130.0,160.92982482910156,211.4736785888672,0.4744525547445255,0.8252811529697516,0.7368420856754955,196,288,275.0,5
1.3.6.1.4.1.14519.5.2.1.6279.6001.935683764293840351008008793409,1,143.0,153.36666870117188,72.36666870117188,0.5218978102189781,0.7864957369290866,0.2521486714326546,196,288,275.0,5
1.3.6.1.4.1.14519.5.2.1.6279.6001.939152384493874708850321969356,0,101.0,174.60000610351562,285.0400085449219,0.3531468531468531,0.7829596686256306,0.8358944532109146,224,342,287.0,5
1.3.6.1.4.1.14519.5.2.1.6279.6001.943403138251347598519939390311,0,214.0,60.0,241.0,0.8359375,0.24896265560165975,0.7303030303030303,242,331,257.0,5
1.3.6.1.4.1.14519.5.2.1.6279.6001.944888107209008719031293531091,0,188.0,51.5,215.0,0.6245847176079734,0.21548117154811716,0.6379821958456974,240,338,302.0,5
1.3.6.1.4.1.14519.5.2.1.6279.6001.946129570505893110165820050204,0,93.0,54.171875,244.828125,0.3163265306122449,0.24963997695852536,0.8743861607142858,218,281,295.0,5
1.3.6.1.4.1.14519.5.2.1.6279.6001.948414623428298219623354433437,0,118.0,81.15806579589844,91.68386840820312,0.5566037735849056,0.3639375147798136,0.32512010073830894,224,283,213.0,5
1.3.6.1.4.1.14519.5.2.1.6279.6001.948414623428298219623354433437,1,58.0,139.82455444335938,50.0,0.27358490566037735,0.6270159392078896,0.1773049645390071,224,283,213.0,5
1.3.6.1.4.1.14519.5.2.1.6279.6001.952265563663939823135367733681,0,74.0,161.5,74.5,0.6324786324786325,0.8367875647668394,0.29446640316205536,194,254,118.0,5
1.3.6.1.4.1.14519.5.2.1.6279.6001.955688628308192728558382581802,0,212.0,173.9224090576172,241.4310302734375,0.7335640138408305,0.7834342750343116,0.7968020801103548,223,304,290.0,5
1.3.6.1.4.1.14519.5.2.1.6279.6001.955688628308192728558382581802,1,159.0,202.36666870117188,210.36666870117188,0.5501730103806228,0.9115615707259994,0.6942794346573329,223,304,290.0,5
1.3.6.1.4.1.14519.5.2.1.6279.6001.955688628308192728558382581802,2,161.0,189.90908813476562,114.09091186523438,0.5570934256055363,0.8554463429493947,0.3765376629215656,223,304,290.0,5
1.3.6.1.4.1.14519.5.2.1.6279.6001.955688628308192728558382581802,3,178.0,113.5,41.77777862548828,0.615916955017301,0.5112612612612613,0.1378804575098623,223,304,290.0,5
1.3.6.1.4.1.14519.5.2.1.6279.6001.955688628308192728558382581802,4,81.0,149.0,263.5,0.28027681660899656,0.6711711711711712,0.8696369636963697,223,304,290.0,5
1.3.6.1.4.1.14519.5.2.1.6279.6001.961063442349005937536597225349,0,227.0,112.5999984741211,95.5999984741211,0.8438661710037175,0.4811965746757312,0.28708708250486814,235,334,270.0,5
1.3.6.1.4.1.14519.5.2.1.6279.6001.964952370561266624992539111877,0,224.0,69.14534759521484,111.55813598632812,0.7777777777777778,0.3201173499778465,0.36338155044406556,217,308,289.0,5
1.3.6.1.4.1.14519.5.2.1.6279.6001.964952370561266624992539111877,1,218.0,147.03448486328125,132.6896514892578,0.7569444444444444,0.6807152077003762,0.43221384849921113,217,308,289.0,5
1.3.6.1.4.1.14519.5.2.1.6279.6001.964952370561266624992539111877,2,230.0,75.96295928955078,238.77777099609375,0.7986111111111112,0.3516803670812536,0.7777777556876018,217,308,289.0,5
1.3.6.1.4.1.14519.5.2.1.6279.6001.964952370561266624992539111877,3,227.0,106.0,243.5,0.7881944444444444,0.49074074074074076,0.7931596091205212,217,308,289.0,5
1.3.6.1.4.1.14519.5.2.1.6279.6001.970264865033574190975654369557,0,93.0,149.18182373046875,55.181819915771484,0.3907563025210084,0.7611317537268814,0.2013935033422317,197,275,239.0,5
1.3.6.1.4.1.14519.5.2.1.6279.6001.970428941353693253759289796610,0,206.0,209.2472381591797,65.47601318359375,0.7006802721088435,0.7926031748453776,0.1849604892191914,265,355,295.0,5
1.3.6.1.4.1.14519.5.2.1.6279.6001.970428941353693253759289796610,1,216.0,133.11538696289062,63.67307662963867,0.7346938775510204,0.5042249506170099,0.17986744810632393,265,355,295.0,5
1.3.6.1.4.1.14519.5.2.1.6279.6001.975426625618184773401026809852,0,142.0,188.16000366210938,201.74000549316406,0.6147186147186147,0.8792523535612587,0.7584210732825717,215,267,232.0,5
1.3.6.1.4.1.14519.5.2.1.6279.6001.979083010707182900091062408058,0,113.0,128.5,49.5,0.4200743494423792,0.6268292682926829,0.16282894736842105,206,305,270.0,5
1.3.6.1.4.1.14519.5.2.1.6279.6001.994459772950022352718462251777,0,84.0,89.36842346191406,19.210525512695312,0.2485207100591716,0.39196676956979853,0.050421326804974576,229,382,339.0,5
1.3.6.1.4.1.14519.5.2.1.6279.6001.994459772950022352718462251777,1,133.0,44.235294342041016,77.76470947265625,0.39349112426035504,0.19401444886860095,0.20410684900959647,229,382,339.0,5
1.3.6.1.4.1.14519.5.2.1.6279.6001.994459772950022352718462251777,2,225.0,182.0,142.5,0.665680473372781,0.7982456140350878,0.37401574803149606,229,382,339.0,5
1.3.6.1.4.1.14519.5.2.1.6279.6001.997611074084993415992563148335,0,74.0,119.6816177368164,114.28475189208984,0.2857142857142857,0.5895646193931843,0.4412538683092272,204,260,260.0,5
1.3.6.1.4.1.14519.5.2.1.6279.6001.997611074084993415992563148335,1,29.0,160.7142791748047,179.5,0.11196911196911197,0.7916959565261315,0.693050193050193,204,260,260.0,5
