source,seriesuid,png,grid,foreground_fraction,foreground_mean,foreground_std,image_p99,z_range,z_std,grad_p95,grad_p99,grad_max,edge_z_std,control_points,control_labels,anchor_labels,control_z_range,qc_badness,qc_bucket,qc_rank_worst
detector_top5,1.3.6.1.4.1.14519.5.2.1.6279.6001.153536305742006952753134773630,outputs/luna16_saliency_synthetic_detector_top5_minprob0.5/1.3.6.1.4.1.14519.5.2.1.6279.6001.153536305742006952753134773630/surface_1.3.6.1.4.1.14519.5.2.1.6279.6001.153536305742006952753134773630.png,outputs/luna16_saliency_synthetic_detector_top5_minprob0.5/1.3.6.1.4.1.14519.5.2.1.6279.6001.153536305742006952753134773630/surface_grid_float_1.3.6.1.4.1.14519.5.2.1.6279.6001.153536305742006952753134773630.npy,0.35011087402200747,0.4216481149196625,0.2428523600101471,0.929411768913269,284.5341491699219,74.63511657714844,5.962412691116331,13.852422914505002,100.60887145996094,40.925655364990234,33,25,8,135.24810791015625,0.9807421701961093,high_review,1
detector_top5,1.3.6.1.4.1.14519.5.2.1.6279.6001.331211682377519763144559212009,outputs/luna16_saliency_synthetic_detector_top5_minprob0.5/1.3.6.1.4.1.14519.5.2.1.6279.6001.331211682377519763144559212009/surface_1.3.6.1.4.1.14519.5.2.1.6279.6001.331211682377519763144559212009.png,outputs/luna16_saliency_synthetic_detector_top5_minprob0.5/1.3.6.1.4.1.14519.5.2.1.6279.6001.331211682377519763144559212009/surface_grid_float_1.3.6.1.4.1.14519.5.2.1.6279.6001.331211682377519763144559212009.npy,0.38433868289983397,0.37698161602020264,0.23566687107086182,0.9254902005195618,257.4156494140625,45.80836486816406,5.012636661529541,13.430771493911779,50.59560775756836,34.55741500854492,18,10,8,78.0,0.9087434827486685,high_review,2
detector_top5,1.3.6.1.4.1.14519.5.2.1.6279.6001.283733738239331719775105586296,outputs/luna16_saliency_synthetic_detector_top5_minprob0.5/1.3.6.1.4.1.14519.5.2.1.6279.6001.283733738239331719775105586296/surface_1.3.6.1.4.1.14519.5.2.1.6279.6001.283733738239331719775105586296.png,outputs/luna16_saliency_synthetic_detector_top5_minprob0.5/1.3.6.1.4.1.14519.5.2.1.6279.6001.283733738239331719775105586296/surface_grid_float_1.3.6.1.4.1.14519.5.2.1.6279.6001.283733738239331719775105586296.npy,0.4568940227356069,0.3566347658634186,0.2349865436553955,1.0,276.0,47.301849365234375,5.20544803142547,12.182483987808233,28.663904190063477,29.16727638244629,23,15,8,102.0,0.8902906893730166,high_review,3
detector_top5,1.3.6.1.4.1.14519.5.2.1.6279.6001.116703382344406837243058680403,outputs/luna16_saliency_synthetic_detector_top5_minprob0.5/1.3.6.1.4.1.14519.5.2.1.6279.6001.116703382344406837243058680403/surface_1.3.6.1.4.1.14519.5.2.1.6279.6001.116703382344406837243058680403.png,outputs/luna16_saliency_synthetic_detector_top5_minprob0.5/1.3.6.1.4.1.14519.5.2.1.6279.6001.116703382344406837243058680403/surface_grid_float_1.3.6.1.4.1.14519.5.2.1.6279.6001.116703382344406837243058680403.npy,0.5943282058759204,0.34223824739456177,0.25310593843460083,1.0,290.0,55.91830062866211,3.3248806476593007,8.584789810180697,36.23810958862305,21.34427833557129,18,10,8,140.0,0.788308757273357,high_review,4
detector_top5,1.3.6.1.4.1.14519.5.2.1.6279.6001.199975006921901879512837687266,outputs/luna16_saliency_synthetic_detector_top5_minprob0.5/1.3.6.1.4.1.14519.5.2.1.6279.6001.199975006921901879512837687266/surface_1.3.6.1.4.1.14519.5.2.1.6279.6001.199975006921901879512837687266.png,outputs/luna16_saliency_synthetic_detector_top5_minprob0.5/1.3.6.1.4.1.14519.5.2.1.6279.6001.199975006921901879512837687266/surface_grid_float_1.3.6.1.4.1.14519.5.2.1.6279.6001.199975006921901879512837687266.npy,0.34256151386209266,0.396752268075943,0.2447447031736374,1.0,258.86456298828125,76.23157501220703,4.219280815124506,7.741493000984282,111.28504943847656,46.2427864074707,33,25,8,139.00250244140625,0.7706980394228633,high_review,5
detector_top5,1.3.6.1.4.1.14519.5.2.1.6279.6001.253317247142837717905329340520,outputs/luna16_saliency_synthetic_detector_top5_minprob0.5/1.3.6.1.4.1.14519.5.2.1.6279.6001.253317247142837717905329340520/surface_1.3.6.1.4.1.14519.5.2.1.6279.6001.253317247142837717905329340520.png,outputs/luna16_saliency_synthetic_detector_top5_minprob0.5/1.3.6.1.4.1.14519.5.2.1.6279.6001.253317247142837717905329340520/surface_grid_float_1.3.6.1.4.1.14519.5.2.1.6279.6001.253317247142837717905329340520.npy,0.5726635031978543,0.33620262145996094,0.23893806338310242,1.0,182.34658813476562,41.68107223510742,4.335900616645808,8.693279581069941,13.01744270324707,27.713956832885742,33,25,8,179.31857299804688,0.6262959383964537,high_review,6
detector_top5,1.3.6.1.4.1.14519.5.2.1.6279.6001.300136985030081433029390459071,outputs/luna16_saliency_synthetic_detector_top5_minprob0.5/1.3.6.1.4.1.14519.5.2.1.6279.6001.300136985030081433029390459071/surface_1.3.6.1.4.1.14519.5.2.1.6279.6001.300136985030081433029390459071.png,outputs/luna16_saliency_synthetic_detector_top5_minprob0.5/1.3.6.1.4.1.14519.5.2.1.6279.6001.300136985030081433029390459071/surface_grid_float_1.3.6.1.4.1.14519.5.2.1.6279.6001.300136985030081433029390459071.npy,0.5052246306726593,0.38336002826690674,0.22722139954566956,0.929411768913269,187.57647705078125,43.49469757080078,3.641485571861267,8.24828500747673,21.922578811645508,29.674936294555664,33,25,8,182.18380737304688,0.6260203148523944,high_review,7
detector_top5,1.3.6.1.4.1.14519.5.2.1.6279.6001.307946352302138765071461362398,outputs/luna16_saliency_synthetic_detector_top5_minprob0.5/1.3.6.1.4.1.14519.5.2.1.6279.6001.307946352302138765071461362398/surface_1.3.6.1.4.1.14519.5.2.1.6279.6001.307946352302138765071461362398.png,outputs/luna16_saliency_synthetic_detector_top5_minprob0.5/1.3.6.1.4.1.14519.5.2.1.6279.6001.307946352302138765071461362398/surface_grid_float_1.3.6.1.4.1.14519.5.2.1.6279.6001.307946352302138765071461362398.npy,0.5941483936766956,0.3401241600513458,0.24240484833717346,1.0,203.17910766601562,31.454851150512695,3.0314664721488933,7.273644814491247,17.639331817626953,23.19674301147461,33,25,8,130.0,0.6083895083480404,high_review,8
detector_top5,1.3.6.1.4.1.14519.5.2.1.6279.6001.187108608022306504546286626125,outputs/luna16_saliency_synthetic_detector_top5_minprob0.5/1.3.6.1.4.1.14519.5.2.1.6279.6001.187108608022306504546286626125/surface_1.3.6.1.4.1.14519.5.2.1.6279.6001.187108608022306504546286626125.png,outputs/luna16_saliency_synthetic_detector_top5_minprob0.5/1.3.6.1.4.1.14519.5.2.1.6279.6001.187108608022306504546286626125/surface_grid_float_1.3.6.1.4.1.14519.5.2.1.6279.6001.187108608022306504546286626125.npy,0.4261281681434164,0.4035652279853821,0.2534288763999939,1.0,222.48843383789062,44.62057113647461,3.1928033232688904,5.779908156394966,41.45468521118164,28.227163314819336,33,25,8,102.05441284179688,0.6069383306768208,high_review,9
detector_top5,1.3.6.1.4.1.14519.5.2.1.6279.6001.137773550852881583165286615668,outputs/luna16_saliency_synthetic_detector_top5_minprob0.5/1.3.6.1.4.1.14519.5.2.1.6279.6001.137773550852881583165286615668/surface_1.3.6.1.4.1.14519.5.2.1.6279.6001.137773550852881583165286615668.png,outputs/luna16_saliency_synthetic_detector_top5_minprob0.5/1.3.6.1.4.1.14519.5.2.1.6279.6001.137773550852881583165286615668/surface_grid_float_1.3.6.1.4.1.14519.5.2.1.6279.6001.137773550852881583165286615668.npy,0.664013082785646,0.3213752806186676,0.2328462302684784,0.8627451062202454,205.50270080566406,27.045358657836914,2.4221683382987957,6.487201991081257,67.10697174072266,30.607891082763672,23,15,8,70.2026596069336,0.6051380968146859,high_review,10
detector_top5,1.3.6.1.4.1.14519.5.2.1.6279.6001.219254430927834326484477690403,outputs/luna16_saliency_synthetic_detector_top5_minprob0.5/1.3.6.1.4.1.14519.5.2.1.6279.6001.219254430927834326484477690403/surface_1.3.6.1.4.1.14519.5.2.1.6279.6001.219254430927834326484477690403.png,outputs/luna16_saliency_synthetic_detector_top5_minprob0.5/1.3.6.1.4.1.14519.5.2.1.6279.6001.219254430927834326484477690403/surface_grid_float_1.3.6.1.4.1.14519.5.2.1.6279.6001.219254430927834326484477690403.npy,0.3695764240914168,0.31377220153808594,0.24463967978954315,0.9643921589851311,229.8863983154297,54.88624954223633,2.665498435497284,4.707326464653015,30.09823226928711,34.52545166015625,33,25,8,226.253173828125,0.6010870170434315,high_review,11
detector_top5,1.3.6.1.4.1.14519.5.2.1.6279.6001.168605638657404145360275453085,outputs/luna16_saliency_synthetic_detector_top5_minprob0.5/1.3.6.1.4.1.14519.5.2.1.6279.6001.168605638657404145360275453085/surface_1.3.6.1.4.1.14519.5.2.1.6279.6001.168605638657404145360275453085.png,outputs/luna16_saliency_synthetic_detector_top5_minprob0.5/1.3.6.1.4.1.14519.5.2.1.6279.6001.168605638657404145360275453085/surface_grid_float_1.3.6.1.4.1.14519.5.2.1.6279.6001.168605638657404145360275453085.npy,0.7059199952378118,0.29306092858314514,0.23970036208629608,0.9333333373069763,231.54409790039062,51.029632568359375,2.8857370615005493,5.584125256538398,6.910220146179199,21.245534896850586,33,25,8,223.85025024414062,0.6006428873009154,high_review,12
detector_top5,1.3.6.1.4.1.14519.5.2.1.6279.6001.373433682859788429397781158572,outputs/luna16_saliency_synthetic_detector_top5_minprob0.5/1.3.6.1.4.1.14519.5.2.1.6279.6001.373433682859788429397781158572/surface_1.3.6.1.4.1.14519.5.2.1.6279.6001.373433682859788429397781158572.png,outputs/luna16_saliency_synthetic_detector_top5_minprob0.5/1.3.6.1.4.1.14519.5.2.1.6279.6001.373433682859788429397781158572/surface_grid_float_1.3.6.1.4.1.14519.5.2.1.6279.6001.373433682859788429397781158572.npy,0.33623124448367164,0.3392791152000427,0.22917257249355316,0.9098039269447327,206.10995483398438,44.96537780761719,2.6972249388694753,5.899729304313698,26.283084869384766,28.934097290039062,28,20,8,203.9620819091797,0.5926743247922942,high_review,13
detector_top5,1.3.6.1.4.1.14519.5.2.1.6279.6001.159996104466052855396410079250,outputs/luna16_saliency_synthetic_detector_top5_minprob0.5/1.3.6.1.4.1.14519.5.2.1.6279.6001.159996104466052855396410079250/surface_1.3.6.1.4.1.14519.5.2.1.6279.6001.159996104466052855396410079250.png,outputs/luna16_saliency_synthetic_detector_top5_minprob0.5/1.3.6.1.4.1.14519.5.2.1.6279.6001.159996104466052855396410079250/surface_grid_float_1.3.6.1.4.1.14519.5.2.1.6279.6001.159996104466052855396410079250.npy,0.613716570168183,0.3072540760040283,0.24031008780002594,0.886274516582489,251.98912048339844,54.11465072631836,2.116759753227234,2.8680740952491766,3.8912487030029297,32.49997329711914,28,20,8,251.6612091064453,0.578246253212293,high_review,14
detector_top5,1.3.6.1.4.1.14519.5.2.1.6279.6001.428038562098395445838061018440,outputs/luna16_saliency_synthetic_detector_top5_minprob0.5/1.3.6.1.4.1.14519.5.2.1.6279.6001.428038562098395445838061018440/surface_1.3.6.1.4.1.14519.5.2.1.6279.6001.428038562098395445838061018440.png,outputs/luna16_saliency_synthetic_detector_top5_minprob0.5/1.3.6.1.4.1.14519.5.2.1.6279.6001.428038562098395445838061018440/surface_grid_float_1.3.6.1.4.1.14519.5.2.1.6279.6001.428038562098395445838061018440.npy,0.6231772971986496,0.3204706311225891,0.24137479066848755,1.0,235.59715270996094,53.5543212890625,3.107757759094232,4.247278709411619,4.618429183959961,22.663103103637695,23,15,8,234.72743225097656,0.5704427338070339,high_review,15
detector_top5,1.3.6.1.4.1.14519.5.2.1.6279.6001.249450003033735700817635168066,outputs/luna16_saliency_synthetic_detector_top5_minprob0.5/1.3.6.1.4.1.14519.5.2.1.6279.6001.249450003033735700817635168066/surface_1.3.6.1.4.1.14519.5.2.1.6279.6001.249450003033735700817635168066.png,outputs/luna16_saliency_synthetic_detector_top5_minprob0.5/1.3.6.1.4.1.14519.5.2.1.6279.6001.249450003033735700817635168066/surface_grid_float_1.3.6.1.4.1.14519.5.2.1.6279.6001.249450003033735700817635168066.npy,0.5356578947368421,0.3639261722564697,0.24831652641296387,0.9490196108818054,210.93502807617188,43.084190368652344,2.572418749332424,5.60605054855348,29.68408203125,21.981773376464844,33,25,8,164.892822265625,0.5685882818645904,high_review,16
detector_top5,1.3.6.1.4.1.14519.5.2.1.6279.6001.168737928729363683423228050295,outputs/luna16_saliency_synthetic_detector_top5_minprob0.5/1.3.6.1.4.1.14519.5.2.1.6279.6001.168737928729363683423228050295/surface_1.3.6.1.4.1.14519.5.2.1.6279.6001.168737928729363683423228050295.png,outputs/luna16_saliency_synthetic_detector_top5_minprob0.5/1.3.6.1.4.1.14519.5.2.1.6279.6001.168737928729363683423228050295/surface_grid_float_1.3.6.1.4.1.14519.5.2.1.6279.6001.168737928729363683423228050295.npy,0.5336815241260608,0.4027300775051117,0.2281915843486786,0.95686274766922,221.82962036132812,44.93656539916992,2.441271257400512,5.601786842346192,8.65264892578125,13.689244270324707,28,20,8,220.63189697265625,0.5681901820288764,high_review,17
detector_top5,1.3.6.1.4.1.14519.5.2.1.6279.6001.246225645401227472829175288633,outputs/luna16_saliency_synthetic_detector_top5_minprob0.5/1.3.6.1.4.1.14519.5.2.1.6279.6001.246225645401227472829175288633/surface_1.3.6.1.4.1.14519.5.2.1.6279.6001.246225645401227472829175288633.png,outputs/luna16_saliency_synthetic_detector_top5_minprob0.5/1.3.6.1.4.1.14519.5.2.1.6279.6001.246225645401227472829175288633/surface_grid_float_1.3.6.1.4.1.14519.5.2.1.6279.6001.246225645401227472829175288633.npy,0.6656933190643632,0.3287546634674072,0.24423429369926453,0.9960784316062927,244.20628356933594,46.590816497802734,3.016822504997253,3.9860202312469437,5.217380523681641,17.274065017700195,28,20,8,243.3377227783203,0.5649778907034131,high_review,18
detector_top5,1.3.6.1.4.1.14519.5.2.1.6279.6001.219087313261026510628926082729,outputs/luna16_saliency_synthetic_detector_top5_minprob0.5/1.3.6.1.4.1.14519.5.2.1.6279.6001.219087313261026510628926082729/surface_1.3.6.1.4.1.14519.5.2.1.6279.6001.219087313261026510628926082729.png,outputs/luna16_saliency_synthetic_detector_top5_minprob0.5/1.3.6.1.4.1.14519.5.2.1.6279.6001.219087313261026510628926082729/surface_grid_float_1.3.6.1.4.1.14519.5.2.1.6279.6001.219087313261026510628926082729.npy,0.4623992673992674,0.4300159215927124,0.27121248841285706,1.0,193.25991821289062,33.35603332519531,2.6263668179512023,5.716079635620139,11.040924072265625,28.813222885131836,23,15,8,182.67860412597656,0.557611636945937,high_review,19
detector_top5,1.3.6.1.4.1.14519.5.2.1.6279.6001.138813197521718693188313387015,outputs/luna16_saliency_synthetic_detector_top5_minprob0.5/1.3.6.1.4.1.14519.5.2.1.6279.6001.138813197521718693188313387015/surface_1.3.6.1.4.1.14519.5.2.1.6279.6001.138813197521718693188313387015.png,outputs/luna16_saliency_synthetic_detector_top5_minprob0.5/1.3.6.1.4.1.14519.5.2.1.6279.6001.138813197521718693188313387015/surface_grid_float_1.3.6.1.4.1.14519.5.2.1.6279.6001.138813197521718693188313387015.npy,0.6022453987730061,0.2916223704814911,0.2258719950914383,0.8745098114013672,208.0653076171875,39.52207565307617,2.839589035511017,5.70813242435454,8.859532356262207,17.158781051635742,33,25,8,201.136962890625,0.5561501099851393,high_review,20
detector_top5,1.3.6.1.4.1.14519.5.2.1.6279.6001.100684836163890911914061745866,outputs/luna16_saliency_synthetic_detector_top5_minprob0.5/1.3.6.1.4.1.14519.5.2.1.6279.6001.100684836163890911914061745866/surface_1.3.6.1.4.1.14519.5.2.1.6279.6001.100684836163890911914061745866.png,outputs/luna16_saliency_synthetic_detector_top5_minprob0.5/1.3.6.1.4.1.14519.5.2.1.6279.6001.100684836163890911914061745866/surface_grid_float_1.3.6.1.4.1.14519.5.2.1.6279.6001.100684836163890911914061745866.npy,0.6419223300970873,0.31838491559028625,0.2301759123802185,0.886274516582489,175.97366333007812,21.6846981048584,2.745949673652648,8.038300533294723,39.010986328125,9.592792510986328,38,30,8,125.0,0.555755771573386,high_review,21
detector_top5,1.3.6.1.4.1.14519.5.2.1.6279.6001.215640837032688688030770057224,outputs/luna16_saliency_synthetic_detector_top5_minprob0.5/1.3.6.1.4.1.14519.5.2.1.6279.6001.215640837032688688030770057224/surface_1.3.6.1.4.1.14519.5.2.1.6279.6001.215640837032688688030770057224.png,outputs/luna16_saliency_synthetic_detector_top5_minprob0.5/1.3.6.1.4.1.14519.5.2.1.6279.6001.215640837032688688030770057224/surface_grid_float_1.3.6.1.4.1.14519.5.2.1.6279.6001.215640837032688688030770057224.npy,0.590864340032591,0.2912173271179199,0.23327848315238953,0.9176470637321472,189.36251831054688,40.00956726074219,3.3346821904182433,6.5059730768203705,17.24456214904785,16.957571029663086,38,30,8,102.0,0.5484668806658849,high_review,22
detector_top5,1.3.6.1.4.1.14519.5.2.1.6279.6001.627998298349675613581885874395,outputs/luna16_saliency_synthetic_detector_top5_minprob0.5/1.3.6.1.4.1.14519.5.2.1.6279.6001.627998298349675613581885874395/surface_1.3.6.1.4.1.14519.5.2.1.6279.6001.627998298349675613581885874395.png,outputs/luna16_saliency_synthetic_detector_top5_minprob0.5/1.3.6.1.4.1.14519.5.2.1.6279.6001.627998298349675613581885874395/surface_grid_float_1.3.6.1.4.1.14519.5.2.1.6279.6001.627998298349675613581885874395.npy,0.5757367537028554,0.3258931338787079,0.24333910644054413,1.0,218.83477783203125,42.3622932434082,2.6162699460983188,5.080370802879335,7.051290035247803,13.108672142028809,33,25,8,215.23046875,0.5462661363442739,high_review,23
detector_top5,1.3.6.1.4.1.14519.5.2.1.6279.6001.302403227435841351528721627052,outputs/luna16_saliency_synthetic_detector_top5_minprob0.5/1.3.6.1.4.1.14519.5.2.1.6279.6001.302403227435841351528721627052/surface_1.3.6.1.4.1.14519.5.2.1.6279.6001.302403227435841351528721627052.png,outputs/luna16_saliency_synthetic_detector_top5_minprob0.5/1.3.6.1.4.1.14519.5.2.1.6279.6001.302403227435841351528721627052/surface_grid_float_1.3.6.1.4.1.14519.5.2.1.6279.6001.302403227435841351528721627052.npy,0.42550388855807575,0.3531014919281006,0.2233429104089737,0.9607843160629272,214.29481506347656,51.89829635620117,2.3916489839553834,3.7028668975830077,4.555678844451904,35.10866928100586,33,25,8,212.8340606689453,0.5462632971021864,high_review,24
detector_top5,1.3.6.1.4.1.14519.5.2.1.6279.6001.249314567767437206995861966896,outputs/luna16_saliency_synthetic_detector_top5_minprob0.5/1.3.6.1.4.1.14519.5.2.1.6279.6001.249314567767437206995861966896/surface_1.3.6.1.4.1.14519.5.2.1.6279.6001.249314567767437206995861966896.png,outputs/luna16_saliency_synthetic_detector_top5_minprob0.5/1.3.6.1.4.1.14519.5.2.1.6279.6001.249314567767437206995861966896/surface_grid_float_1.3.6.1.4.1.14519.5.2.1.6279.6001.249314567767437206995861966896.npy,0.3353502188868043,0.36176449060440063,0.2512770891189575,1.0,186.76202392578125,35.250152587890625,2.891923856735228,6.55246348381041,13.357292175292969,13.133086204528809,33,25,8,181.4545440673828,0.5453998838939331,high_review,25
detector_top5,1.3.6.1.4.1.14519.5.2.1.6279.6001.339484970190920330170416228517,outputs/luna16_saliency_synthetic_detector_top5_minprob0.5/1.3.6.1.4.1.14519.5.2.1.6279.6001.339484970190920330170416228517/surface_1.3.6.1.4.1.14519.5.2.1.6279.6001.339484970190920330170416228517.png,outputs/luna16_saliency_synthetic_detector_top5_minprob0.5/1.3.6.1.4.1.14519.5.2.1.6279.6001.339484970190920330170416228517/surface_grid_float_1.3.6.1.4.1.14519.5.2.1.6279.6001.339484970190920330170416228517.npy,0.0003859620103106994,0.6581233143806458,0.08351884037256241,0.7947058945894241,86.26542663574219,14.304868698120117,1.6416399776935577,3.8567936539650014,29.35132598876953,11.785781860351562,33,25,8,30.030517578125,0.5436901771283984,high_review,26
detector_top5,1.3.6.1.4.1.14519.5.2.1.6279.6001.265453131727473342790950829556,outputs/luna16_saliency_synthetic_detector_top5_minprob0.5/1.3.6.1.4.1.14519.5.2.1.6279.6001.265453131727473342790950829556/surface_1.3.6.1.4.1.14519.5.2.1.6279.6001.265453131727473342790950829556.png,outputs/luna16_saliency_synthetic_detector_top5_minprob0.5/1.3.6.1.4.1.14519.5.2.1.6279.6001.265453131727473342790950829556/surface_grid_float_1.3.6.1.4.1.14519.5.2.1.6279.6001.265453131727473342790950829556.npy,0.5510204081632653,0.3084174394607544,0.24163095653057098,1.0,222.2969207763672,40.96751022338867,2.5169285297393804,5.055640697479256,51.01392364501953,8.5582275390625,33,25,8,155.62701416015625,0.5411823723051286,high_review,27
detector_top5,1.3.6.1.4.1.14519.5.2.1.6279.6001.338104567770715523699587505022,outputs/luna16_saliency_synthetic_detector_top5_minprob0.5/1.3.6.1.4.1.14519.5.2.1.6279.6001.338104567770715523699587505022/surface_1.3.6.1.4.1.14519.5.2.1.6279.6001.338104567770715523699587505022.png,outputs/luna16_saliency_synthetic_detector_top5_minprob0.5/1.3.6.1.4.1.14519.5.2.1.6279.6001.338104567770715523699587505022/surface_grid_float_1.3.6.1.4.1.14519.5.2.1.6279.6001.338104567770715523699587505022.npy,0.570299188986574,0.3285757303237915,0.24145089089870453,0.9882352948188782,209.82843017578125,47.0721549987793,2.7901627659797654,5.429508895874019,9.424504280090332,12.419109344482422,28,20,8,203.99191284179688,0.5401973379347058,high_review,28
detector_top5,1.3.6.1.4.1.14519.5.2.1.6279.6001.341557859428950960906150406596,outputs/luna16_saliency_synthetic_detector_top5_minprob0.5/1.3.6.1.4.1.14519.5.2.1.6279.6001.341557859428950960906150406596/surface_1.3.6.1.4.1.14519.5.2.1.6279.6001.341557859428950960906150406596.png,outputs/luna16_saliency_synthetic_detector_top5_minprob0.5/1.3.6.1.4.1.14519.5.2.1.6279.6001.341557859428950960906150406596/surface_grid_float_1.3.6.1.4.1.14519.5.2.1.6279.6001.341557859428950960906150406596.npy,0.4705748175182482,0.44632232189178467,0.24308206140995026,0.9921568632125854,237.2011260986328,52.85127258300781,2.4049893856048583,2.68262678861618,2.77032208442688,27.543643951416016,23,15,8,235.99459838867188,0.5370221114926867,high_review,29
detector_top5,1.3.6.1.4.1.14519.5.2.1.6279.6001.124822907934319930841506266464,outputs/luna16_saliency_synthetic_detector_top5_minprob0.5/1.3.6.1.4.1.14519.5.2.1.6279.6001.124822907934319930841506266464/surface_1.3.6.1.4.1.14519.5.2.1.6279.6001.124822907934319930841506266464.png,outputs/luna16_saliency_synthetic_detector_top5_minprob0.5/1.3.6.1.4.1.14519.5.2.1.6279.6001.124822907934319930841506266464/surface_grid_float_1.3.6.1.4.1.14519.5.2.1.6279.6001.124822907934319930841506266464.npy,0.6192003545685694,0.30543673038482666,0.23131759464740753,0.886274516582489,203.11143493652344,26.088592529296875,2.073851585388174,4.217375187873857,35.789554595947266,29.82554817199707,33,25,8,124.87410736083984,0.5313193098015261,high_review,30
detector_top5,1.3.6.1.4.1.14519.5.2.1.6279.6001.189483585244687808087477024767,outputs/luna16_saliency_synthetic_detector_top5_minprob0.5/1.3.6.1.4.1.14519.5.2.1.6279.6001.189483585244687808087477024767/surface_1.3.6.1.4.1.14519.5.2.1.6279.6001.189483585244687808087477024767.png,outputs/luna16_saliency_synthetic_detector_top5_minprob0.5/1.3.6.1.4.1.14519.5.2.1.6279.6001.189483585244687808087477024767/surface_grid_float_1.3.6.1.4.1.14519.5.2.1.6279.6001.189483585244687808087477024767.npy,0.5919188408896493,0.3210456669330597,0.22549889981746674,0.9686274528503418,201.71380615234375,44.02362823486328,2.2192835807800293,4.447050690650949,5.8779215812683105,26.833786010742188,33,25,8,198.55465698242188,0.5292318332195285,high_review,31
detector_top5,1.3.6.1.4.1.14519.5.2.1.6279.6001.622243923620914676263059698181,outputs/luna16_saliency_synthetic_detector_top5_minprob0.5/1.3.6.1.4.1.14519.5.2.1.6279.6001.622243923620914676263059698181/surface_1.3.6.1.4.1.14519.5.2.1.6279.6001.622243923620914676263059698181.png,outputs/luna16_saliency_synthetic_detector_top5_minprob0.5/1.3.6.1.4.1.14519.5.2.1.6279.6001.622243923620914676263059698181/surface_grid_float_1.3.6.1.4.1.14519.5.2.1.6279.6001.622243923620914676263059698181.npy,0.008775778850372971,0.7406274676322937,0.09697913378477097,1.0,83.3551025390625,14.957418441772461,1.357425487041473,3.814812917709338,30.86053466796875,9.743927001953125,33,25,8,27.023681640625,0.5215184318811419,high_review,32
detector_top5,1.3.6.1.4.1.14519.5.2.1.6279.6001.199261544234308780356714831537,outputs/luna16_saliency_synthetic_detector_top5_minprob0.5/1.3.6.1.4.1.14519.5.2.1.6279.6001.199261544234308780356714831537/surface_1.3.6.1.4.1.14519.5.2.1.6279.6001.199261544234308780356714831537.png,outputs/luna16_saliency_synthetic_detector_top5_minprob0.5/1.3.6.1.4.1.14519.5.2.1.6279.6001.199261544234308780356714831537/surface_grid_float_1.3.6.1.4.1.14519.5.2.1.6279.6001.199261544234308780356714831537.npy,0.6848622132047416,0.2784959375858307,0.2384168803691864,0.9647058844566345,239.2208709716797,49.13444900512695,1.9258546233177185,2.3723067808151215,3.2905774116516113,20.977420806884766,23,15,8,238.68429565429688,0.5164871457258859,high_review,33
detector_top5,1.3.6.1.4.1.14519.5.2.1.6279.6001.188059920088313909273628445208,outputs/luna16_saliency_synthetic_detector_top5_minprob0.5/1.3.6.1.4.1.14519.5.2.1.6279.6001.188059920088313909273628445208/surface_1.3.6.1.4.1.14519.5.2.1.6279.6001.188059920088313909273628445208.png,outputs/luna16_saliency_synthetic_detector_top5_minprob0.5/1.3.6.1.4.1.14519.5.2.1.6279.6001.188059920088313909273628445208/surface_grid_float_1.3.6.1.4.1.14519.5.2.1.6279.6001.188059920088313909273628445208.npy,0.3416327347974101,0.39270949363708496,0.23074939846992493,1.0,209.32972717285156,46.898441314697266,2.3915276169776907,3.0355338168144197,6.303957939147949,30.788738250732422,33,25,8,208.0935821533203,0.5131496058622927,high_review,34
detector_top5,1.3.6.1.4.1.14519.5.2.1.6279.6001.306112617218006614029386065035,outputs/luna16_saliency_synthetic_detector_top5_minprob0.5/1.3.6.1.4.1.14519.5.2.1.6279.6001.306112617218006614029386065035/surface_1.3.6.1.4.1.14519.5.2.1.6279.6001.306112617218006614029386065035.png,outputs/luna16_saliency_synthetic_detector_top5_minprob0.5/1.3.6.1.4.1.14519.5.2.1.6279.6001.306112617218006614029386065035/surface_grid_float_1.3.6.1.4.1.14519.5.2.1.6279.6001.306112617218006614029386065035.npy,0.5217970561483968,0.3195924460887909,0.2232917696237564,0.8588235378265381,163.8870391845703,33.87179183959961,2.937122344970703,6.352292060852026,18.7426700592041,19.906633377075195,48,40,8,115.0,0.5079507901933451,high_review,35
detector_top5,1.3.6.1.4.1.14519.5.2.1.6279.6001.313334055029671473836954456733,outputs/luna16_saliency_synthetic_detector_top5_minprob0.5/1.3.6.1.4.1.14519.5.2.1.6279.6001.313334055029671473836954456733/surface_1.3.6.1.4.1.14519.5.2.1.6279.6001.313334055029671473836954456733.png,outputs/luna16_saliency_synthetic_detector_top5_minprob0.5/1.3.6.1.4.1.14519.5.2.1.6279.6001.313334055029671473836954456733/surface_grid_float_1.3.6.1.4.1.14519.5.2.1.6279.6001.313334055029671473836954456733.npy,0.6563089963398189,0.38643908500671387,0.2529858946800232,1.0,182.3686065673828,37.46672439575195,2.462515771389007,5.5252396345137935,7.598513603210449,14.771028518676758,18,10,8,179.2239227294922,0.5025293744670002,high_review,36
detector_top5,1.3.6.1.4.1.14519.5.2.1.6279.6001.724562063158320418413995627171,outputs/luna16_saliency_synthetic_detector_top5_minprob0.5/1.3.6.1.4.1.14519.5.2.1.6279.6001.724562063158320418413995627171/surface_1.3.6.1.4.1.14519.5.2.1.6279.6001.724562063158320418413995627171.png,outputs/luna16_saliency_synthetic_detector_top5_minprob0.5/1.3.6.1.4.1.14519.5.2.1.6279.6001.724562063158320418413995627171/surface_grid_float_1.3.6.1.4.1.14519.5.2.1.6279.6001.724562063158320418413995627171.npy,0.38138171841875546,0.306230753660202,0.22975300252437592,0.8823529481887817,192.4205322265625,42.635536193847656,2.5844038844108588,5.001569471359253,7.116312026977539,12.511542320251465,33,25,8,188.31704711914062,0.498551398563385,high_review,37
detector_top5,1.3.6.1.4.1.14519.5.2.1.6279.6001.479402560265137632920333093071,outputs/luna16_saliency_synthetic_detector_top5_minprob0.5/1.3.6.1.4.1.14519.5.2.1.6279.6001.479402560265137632920333093071/surface_1.3.6.1.4.1.14519.5.2.1.6279.6001.479402560265137632920333093071.png,outputs/luna16_saliency_synthetic_detector_top5_minprob0.5/1.3.6.1.4.1.14519.5.2.1.6279.6001.479402560265137632920333093071/surface_grid_float_1.3.6.1.4.1.14519.5.2.1.6279.6001.479402560265137632920333093071.npy,0.5197969296541003,0.3414566218852997,0.23619620501995087,0.9137254953384399,220.62799072265625,33.713069915771484,2.2631185054779053,3.766906929016098,13.17614459991455,7.733658790588379,28,20,8,217.32049560546875,0.4979064341651064,high_review,38
detector_top5,1.3.6.1.4.1.14519.5.2.1.6279.6001.249530219848512542668813996730,outputs/luna16_saliency_synthetic_detector_top5_minprob0.5/1.3.6.1.4.1.14519.5.2.1.6279.6001.249530219848512542668813996730/surface_1.3.6.1.4.1.14519.5.2.1.6279.6001.249530219848512542668813996730.png,outputs/luna16_saliency_synthetic_detector_top5_minprob0.5/1.3.6.1.4.1.14519.5.2.1.6279.6001.249530219848512542668813996730/surface_grid_float_1.3.6.1.4.1.14519.5.2.1.6279.6001.249530219848512542668813996730.npy,0.5607545978372405,0.32730045914649963,0.2346091866493225,0.9803921580314636,203.2579345703125,45.950645446777344,1.879454731941223,3.2039886951446532,4.045952320098877,24.435089111328125,33,25,8,202.74472045898438,0.48918308316336734,high_review,39
detector_top5,1.3.6.1.4.1.14519.5.2.1.6279.6001.324567010179873305471925391582,outputs/luna16_saliency_synthetic_detector_top5_minprob0.5/1.3.6.1.4.1.14519.5.2.1.6279.6001.324567010179873305471925391582/surface_1.3.6.1.4.1.14519.5.2.1.6279.6001.324567010179873305471925391582.png,outputs/luna16_saliency_synthetic_detector_top5_minprob0.5/1.3.6.1.4.1.14519.5.2.1.6279.6001.324567010179873305471925391582/surface_grid_float_1.3.6.1.4.1.14519.5.2.1.6279.6001.324567010179873305471925391582.npy,0.5196960339410864,0.3344530165195465,0.22982199490070343,0.9058823585510254,203.1199951171875,45.527198791503906,1.7490948200225824,3.435190136432651,4.899930477142334,20.163429260253906,23,15,8,200.45486450195312,0.48639664986663406,high_review,40
detector_top5,1.3.6.1.4.1.14519.5.2.1.6279.6001.213854687290736562463866711534,outputs/luna16_saliency_synthetic_detector_top5_minprob0.5/1.3.6.1.4.1.14519.5.2.1.6279.6001.213854687290736562463866711534/surface_1.3.6.1.4.1.14519.5.2.1.6279.6001.213854687290736562463866711534.png,outputs/luna16_saliency_synthetic_detector_top5_minprob0.5/1.3.6.1.4.1.14519.5.2.1.6279.6001.213854687290736562463866711534/surface_grid_float_1.3.6.1.4.1.14519.5.2.1.6279.6001.213854687290736562463866711534.npy,0.33929961089494165,0.30880290269851685,0.22962310910224915,0.9019607901573181,199.19691467285156,44.85298156738281,2.5130958557128906,3.403952488899231,7.9457244873046875,19.17560386657715,33,25,8,197.48037719726562,0.4828403935519343,high_review,41
detector_top5,1.3.6.1.4.1.14519.5.2.1.6279.6001.170052181746004939527661217512,outputs/luna16_saliency_synthetic_detector_top5_minprob0.5/1.3.6.1.4.1.14519.5.2.1.6279.6001.170052181746004939527661217512/surface_1.3.6.1.4.1.14519.5.2.1.6279.6001.170052181746004939527661217512.png,outputs/luna16_saliency_synthetic_detector_top5_minprob0.5/1.3.6.1.4.1.14519.5.2.1.6279.6001.170052181746004939527661217512/surface_grid_float_1.3.6.1.4.1.14519.5.2.1.6279.6001.170052181746004939527661217512.npy,0.6322324628776241,0.3107791244983673,0.24171385169029236,1.0,216.85751342773438,47.97029113769531,1.6603478491306303,1.962538237571716,2.167043685913086,27.992216110229492,28,20,8,216.6228790283203,0.48251026086277427,high_review,42
detector_top5,1.3.6.1.4.1.14519.5.2.1.6279.6001.334166493392278943610545989413,outputs/luna16_saliency_synthetic_detector_top5_minprob0.5/1.3.6.1.4.1.14519.5.2.1.6279.6001.334166493392278943610545989413/surface_1.3.6.1.4.1.14519.5.2.1.6279.6001.334166493392278943610545989413.png,outputs/luna16_saliency_synthetic_detector_top5_minprob0.5/1.3.6.1.4.1.14519.5.2.1.6279.6001.334166493392278943610545989413/surface_grid_float_1.3.6.1.4.1.14519.5.2.1.6279.6001.334166493392278943610545989413.npy,0.5233055854625667,0.3246819078922272,0.24127554893493652,0.8784313797950745,209.206298828125,35.91535186767578,1.7940315425395963,2.3176908993721006,2.596442699432373,28.33795928955078,23,15,8,208.92477416992188,0.4811811345603731,high_review,43
detector_top5,1.3.6.1.4.1.14519.5.2.1.6279.6001.229664630348267553620068691756,outputs/luna16_saliency_synthetic_detector_top5_minprob0.5/1.3.6.1.4.1.14519.5.2.1.6279.6001.229664630348267553620068691756/surface_1.3.6.1.4.1.14519.5.2.1.6279.6001.229664630348267553620068691756.png,outputs/luna16_saliency_synthetic_detector_top5_minprob0.5/1.3.6.1.4.1.14519.5.2.1.6279.6001.229664630348267553620068691756/surface_grid_float_1.3.6.1.4.1.14519.5.2.1.6279.6001.229664630348267553620068691756.npy,0.5568587063453025,0.322297066450119,0.2296934872865677,0.9686274528503418,144.81759643554688,25.339181900024414,3.313357353210449,7.140164971351621,37.754417419433594,10.524982452392578,53,45,8,92.0,0.4789564597606658,high_review,44
detector_top5,1.3.6.1.4.1.14519.5.2.1.6279.6001.239358021703233250639913775427,outputs/luna16_saliency_synthetic_detector_top5_minprob0.5/1.3.6.1.4.1.14519.5.2.1.6279.6001.239358021703233250639913775427/surface_1.3.6.1.4.1.14519.5.2.1.6279.6001.239358021703233250639913775427.png,outputs/luna16_saliency_synthetic_detector_top5_minprob0.5/1.3.6.1.4.1.14519.5.2.1.6279.6001.239358021703233250639913775427/surface_grid_float_1.3.6.1.4.1.14519.5.2.1.6279.6001.239358021703233250639913775427.npy,0.3590941768511862,0.3460429310798645,0.23366041481494904,0.9372549057006836,196.53634643554688,45.81586837768555,2.332636392116544,2.8955174279212956,3.303652763366699,28.532337188720703,33,25,8,195.318359375,0.4778312939829297,high_review,45
detector_top5,1.3.6.1.4.1.14519.5.2.1.6279.6001.397522780537301776672854630421,outputs/luna16_saliency_synthetic_detector_top5_minprob0.5/1.3.6.1.4.1.14519.5.2.1.6279.6001.397522780537301776672854630421/surface_1.3.6.1.4.1.14519.5.2.1.6279.6001.397522780537301776672854630421.png,outputs/luna16_saliency_synthetic_detector_top5_minprob0.5/1.3.6.1.4.1.14519.5.2.1.6279.6001.397522780537301776672854630421/surface_grid_float_1.3.6.1.4.1.14519.5.2.1.6279.6001.397522780537301776672854630421.npy,0.35878435725011426,0.34110942482948303,0.240131214261055,0.9144705933332392,205.982421875,48.40156555175781,2.145013070106506,2.2775014472007755,3.720895767211914,28.383180618286133,33,25,8,204.70977783203125,0.47470281458165914,high_review,46
detector_top5,1.3.6.1.4.1.14519.5.2.1.6279.6001.194766721609772924944646251928,outputs/luna16_saliency_synthetic_detector_top5_minprob0.5/1.3.6.1.4.1.14519.5.2.1.6279.6001.194766721609772924944646251928/surface_1.3.6.1.4.1.14519.5.2.1.6279.6001.194766721609772924944646251928.png,outputs/luna16_saliency_synthetic_detector_top5_minprob0.5/1.3.6.1.4.1.14519.5.2.1.6279.6001.194766721609772924944646251928/surface_grid_float_1.3.6.1.4.1.14519.5.2.1.6279.6001.194766721609772924944646251928.npy,0.4185956591225447,0.37603822350502014,0.22703492641448975,1.0,187.43075561523438,36.252986907958984,2.0786079168319698,3.4522470259666473,5.046422004699707,25.863920211791992,33,25,8,186.01300048828125,0.4734273817194833,high_review,47
detector_top5,1.3.6.1.4.1.14519.5.2.1.6279.6001.458525794434429386945463560826,outputs/luna16_saliency_synthetic_detector_top5_minprob0.5/1.3.6.1.4.1.14519.5.2.1.6279.6001.458525794434429386945463560826/surface_1.3.6.1.4.1.14519.5.2.1.6279.6001.458525794434429386945463560826.png,outputs/luna16_saliency_synthetic_detector_top5_minprob0.5/1.3.6.1.4.1.14519.5.2.1.6279.6001.458525794434429386945463560826/surface_grid_float_1.3.6.1.4.1.14519.5.2.1.6279.6001.458525794434429386945463560826.npy,0.6142890653798465,0.31059321761131287,0.21217575669288635,0.8745098114013672,207.22476196289062,49.44267272949219,1.7366310238838196,2.5452882623672477,3.911120653152466,22.358015060424805,33,25,8,207.0817413330078,0.4714177290545569,high_review,48
detector_top5,1.3.6.1.4.1.14519.5.2.1.6279.6001.134370886216012873213579659366,outputs/luna16_saliency_synthetic_detector_top5_minprob0.5/1.3.6.1.4.1.14519.5.2.1.6279.6001.134370886216012873213579659366/surface_1.3.6.1.4.1.14519.5.2.1.6279.6001.134370886216012873213579659366.png,outputs/luna16_saliency_synthetic_detector_top5_minprob0.5/1.3.6.1.4.1.14519.5.2.1.6279.6001.134370886216012873213579659366/surface_grid_float_1.3.6.1.4.1.14519.5.2.1.6279.6001.134370886216012873213579659366.npy,0.6465037593984962,0.3332551121711731,0.24440692365169525,0.9176470637321472,169.65728759765625,32.41854476928711,2.2987947344779966,4.51582901954652,5.925632953643799,23.654499053955078,33,25,8,168.3800811767578,0.47080257003572284,high_review,49
detector_top5,1.3.6.1.4.1.14519.5.2.1.6279.6001.206097113343059612247503064658,outputs/luna16_saliency_synthetic_detector_top5_minprob0.5/1.3.6.1.4.1.14519.5.2.1.6279.6001.206097113343059612247503064658/surface_1.3.6.1.4.1.14519.5.2.1.6279.6001.206097113343059612247503064658.png,outputs/luna16_saliency_synthetic_detector_top5_minprob0.5/1.3.6.1.4.1.14519.5.2.1.6279.6001.206097113343059612247503064658/surface_grid_float_1.3.6.1.4.1.14519.5.2.1.6279.6001.206097113343059612247503064658.npy,0.49834630216696174,0.32271066308021545,0.25662025809288025,1.0,184.93597412109375,37.8930778503418,1.7321510910987852,2.698275575637813,5.171248435974121,35.937320709228516,28,20,8,183.8791961669922,0.4690356034914651,high_review,50
detector_top5,1.3.6.1.4.1.14519.5.2.1.6279.6001.225154811831720426832024114593,outputs/luna16_saliency_synthetic_detector_top5_minprob0.5/1.3.6.1.4.1.14519.5.2.1.6279.6001.225154811831720426832024114593/surface_1.3.6.1.4.1.14519.5.2.1.6279.6001.225154811831720426832024114593.png,outputs/luna16_saliency_synthetic_detector_top5_minprob0.5/1.3.6.1.4.1.14519.5.2.1.6279.6001.225154811831720426832024114593/surface_grid_float_1.3.6.1.4.1.14519.5.2.1.6279.6001.225154811831720426832024114593.npy,0.6032794074651593,0.34434211254119873,0.22630400955677032,1.0,196.70394897460938,38.4300651550293,2.2682437896728516,3.6238641715049744,4.149716377258301,14.547404289245605,33,25,8,195.55960083007812,0.46888340519004396,high_review,51
detector_top5,1.3.6.1.4.1.14519.5.2.1.6279.6001.450501966058662668272378865145,outputs/luna16_saliency_synthetic_detector_top5_minprob0.5/1.3.6.1.4.1.14519.5.2.1.6279.6001.450501966058662668272378865145/surface_1.3.6.1.4.1.14519.5.2.1.6279.6001.450501966058662668272378865145.png,outputs/luna16_saliency_synthetic_detector_top5_minprob0.5/1.3.6.1.4.1.14519.5.2.1.6279.6001.450501966058662668272378865145/surface_grid_float_1.3.6.1.4.1.14519.5.2.1.6279.6001.450501966058662668272378865145.npy,0.541408432612954,0.3384864032268524,0.23235762119293213,0.9254902005195618,196.6939239501953,46.50322723388672,1.9310379028320301,2.5655231475830083,2.712355613708496,28.47892951965332,23,15,8,196.34710693359375,0.4680754110548232,high_review,52
detector_top5,1.3.6.1.4.1.14519.5.2.1.6279.6001.174907798609768549012640380786,outputs/luna16_saliency_synthetic_detector_top5_minprob0.5/1.3.6.1.4.1.14519.5.2.1.6279.6001.174907798609768549012640380786/surface_1.3.6.1.4.1.14519.5.2.1.6279.6001.174907798609768549012640380786.png,outputs/luna16_saliency_synthetic_detector_top5_minprob0.5/1.3.6.1.4.1.14519.5.2.1.6279.6001.174907798609768549012640380786/surface_grid_float_1.3.6.1.4.1.14519.5.2.1.6279.6001.174907798609768549012640380786.npy,0.648414376321353,0.3434915542602539,0.24105069041252136,0.9490196108818054,166.9608917236328,30.208253860473633,2.1998797297477712,5.183128423690789,23.5794677734375,14.83790111541748,33,25,8,116.4111557006836,0.46673511917326166,high_review,53
detector_top5,1.3.6.1.4.1.14519.5.2.1.6279.6001.204303454658845815034433453512,outputs/luna16_saliency_synthetic_detector_top5_minprob0.5/1.3.6.1.4.1.14519.5.2.1.6279.6001.204303454658845815034433453512/surface_1.3.6.1.4.1.14519.5.2.1.6279.6001.204303454658845815034433453512.png,outputs/luna16_saliency_synthetic_detector_top5_minprob0.5/1.3.6.1.4.1.14519.5.2.1.6279.6001.204303454658845815034433453512/surface_grid_float_1.3.6.1.4.1.14519.5.2.1.6279.6001.204303454658845815034433453512.npy,0.6556599428939854,0.2952967584133148,0.22877760231494904,0.9764705896377563,207.76939392089844,42.1610221862793,2.1323055624961853,2.719271218776703,3.3215219974517822,17.233322143554688,33,25,8,207.3414306640625,0.46615673119492,high_review,54
detector_top5,1.3.6.1.4.1.14519.5.2.1.6279.6001.161633200801003804714818844696,outputs/luna16_saliency_synthetic_detector_top5_minprob0.5/1.3.6.1.4.1.14519.5.2.1.6279.6001.161633200801003804714818844696/surface_1.3.6.1.4.1.14519.5.2.1.6279.6001.161633200801003804714818844696.png,outputs/luna16_saliency_synthetic_detector_top5_minprob0.5/1.3.6.1.4.1.14519.5.2.1.6279.6001.161633200801003804714818844696/surface_grid_float_1.3.6.1.4.1.14519.5.2.1.6279.6001.161633200801003804714818844696.npy,0.3994856887298748,0.3471956253051758,0.23645339906215668,1.0,194.10894775390625,42.40999221801758,2.3294187307357785,2.619120810031891,12.14874267578125,28.480222702026367,23,15,8,193.01806640625,0.4653779210064146,high_review,55
detector_top5,1.3.6.1.4.1.14519.5.2.1.6279.6001.202187810895588720702176009630,outputs/luna16_saliency_synthetic_detector_top5_minprob0.5/1.3.6.1.4.1.14519.5.2.1.6279.6001.202187810895588720702176009630/surface_1.3.6.1.4.1.14519.5.2.1.6279.6001.202187810895588720702176009630.png,outputs/luna16_saliency_synthetic_detector_top5_minprob0.5/1.3.6.1.4.1.14519.5.2.1.6279.6001.202187810895588720702176009630/surface_grid_float_1.3.6.1.4.1.14519.5.2.1.6279.6001.202187810895588720702176009630.npy,0.5766051217858447,0.3451838195323944,0.22980420291423798,1.0,177.68777465820312,40.26455307006836,1.783263462781906,4.0145692253112735,7.584671497344971,20.68924331665039,33,25,8,166.5347442626953,0.46255946411556653,high_review,56
detector_top5,1.3.6.1.4.1.14519.5.2.1.6279.6001.305887072264491016857673607285,outputs/luna16_saliency_synthetic_detector_top5_minprob0.5/1.3.6.1.4.1.14519.5.2.1.6279.6001.305887072264491016857673607285/surface_1.3.6.1.4.1.14519.5.2.1.6279.6001.305887072264491016857673607285.png,outputs/luna16_saliency_synthetic_detector_top5_minprob0.5/1.3.6.1.4.1.14519.5.2.1.6279.6001.305887072264491016857673607285/surface_grid_float_1.3.6.1.4.1.14519.5.2.1.6279.6001.305887072264491016857673607285.npy,0.34762339110165197,0.3310742974281311,0.23405982553958893,0.9137254953384399,181.25469970703125,44.574100494384766,1.9320015609264374,3.869266378879528,9.279306411743164,19.248027801513672,33,25,8,176.55479431152344,0.46230061488687346,high_review,57
detector_top5,1.3.6.1.4.1.14519.5.2.1.6279.6001.970428941353693253759289796610,outputs/luna16_saliency_synthetic_detector_top5_minprob0.5/1.3.6.1.4.1.14519.5.2.1.6279.6001.970428941353693253759289796610/surface_1.3.6.1.4.1.14519.5.2.1.6279.6001.970428941353693253759289796610.png,outputs/luna16_saliency_synthetic_detector_top5_minprob0.5/1.3.6.1.4.1.14519.5.2.1.6279.6001.970428941353693253759289796610/surface_grid_float_1.3.6.1.4.1.14519.5.2.1.6279.6001.970428941353693253759289796610.npy,0.4185702896625033,0.40725308656692505,0.2380409836769104,1.0,195.51380920410156,47.353214263916016,1.5725007772445678,2.3277478456497183,2.561039686203003,28.8682804107666,28,20,8,195.1327362060547,0.45984051828914213,high_review,58
detector_top5,1.3.6.1.4.1.14519.5.2.1.6279.6001.259124675432205040899951626253,outputs/luna16_saliency_synthetic_detector_top5_minprob0.5/1.3.6.1.4.1.14519.5.2.1.6279.6001.259124675432205040899951626253/surface_1.3.6.1.4.1.14519.5.2.1.6279.6001.259124675432205040899951626253.png,outputs/luna16_saliency_synthetic_detector_top5_minprob0.5/1.3.6.1.4.1.14519.5.2.1.6279.6001.259124675432205040899951626253/surface_grid_float_1.3.6.1.4.1.14519.5.2.1.6279.6001.259124675432205040899951626253.npy,0.3152286902286902,0.3397418260574341,0.22888530790805817,0.9960784316062927,147.96983337402344,27.455768585205078,2.0187533497810364,5.101957249641413,11.615514755249023,17.550771713256836,28,20,8,144.0462646484375,0.4585461412336166,high_review,59
detector_top5,1.3.6.1.4.1.14519.5.2.1.6279.6001.249032660919473722154870746474,outputs/luna16_saliency_synthetic_detector_top5_minprob0.5/1.3.6.1.4.1.14519.5.2.1.6279.6001.249032660919473722154870746474/surface_1.3.6.1.4.1.14519.5.2.1.6279.6001.249032660919473722154870746474.png,outputs/luna16_saliency_synthetic_detector_top5_minprob0.5/1.3.6.1.4.1.14519.5.2.1.6279.6001.249032660919473722154870746474/surface_grid_float_1.3.6.1.4.1.14519.5.2.1.6279.6001.249032660919473722154870746474.npy,0.6033437283437283,0.3120821714401245,0.2284258008003235,0.9215686321258545,183.05560302734375,38.64806365966797,2.317362856864929,3.5519882369041436,3.9485867023468018,20.53776741027832,23,15,8,173.0,0.4572918019533157,high_review,60
detector_top5,1.3.6.1.4.1.14519.5.2.1.6279.6001.121824995088859376862458155637,outputs/luna16_saliency_synthetic_detector_top5_minprob0.5/1.3.6.1.4.1.14519.5.2.1.6279.6001.121824995088859376862458155637/surface_1.3.6.1.4.1.14519.5.2.1.6279.6001.121824995088859376862458155637.png,outputs/luna16_saliency_synthetic_detector_top5_minprob0.5/1.3.6.1.4.1.14519.5.2.1.6279.6001.121824995088859376862458155637/surface_grid_float_1.3.6.1.4.1.14519.5.2.1.6279.6001.121824995088859376862458155637.npy,0.5199199015784101,0.3513956367969513,0.23340950906276703,0.9725490212440491,172.3891143798828,40.099063873291016,1.8886846601963043,3.833655583858486,5.779921531677246,24.122770309448242,33,25,8,169.89419555664062,0.4559310143921108,high_review,61
detector_top5,1.3.6.1.4.1.14519.5.2.1.6279.6001.204566802718283633558802774757,outputs/luna16_saliency_synthetic_detector_top5_minprob0.5/1.3.6.1.4.1.14519.5.2.1.6279.6001.204566802718283633558802774757/surface_1.3.6.1.4.1.14519.5.2.1.6279.6001.204566802718283633558802774757.png,outputs/luna16_saliency_synthetic_detector_top5_minprob0.5/1.3.6.1.4.1.14519.5.2.1.6279.6001.204566802718283633558802774757/surface_grid_float_1.3.6.1.4.1.14519.5.2.1.6279.6001.204566802718283633558802774757.npy,0.4146988987978387,0.3585608899593353,0.21764551103115082,0.9215686321258545,148.4422149658203,27.40616798400879,1.679029762744897,5.043339490890502,37.525901794433594,24.94095230102539,33,25,8,146.66819763183594,0.4541282147831387,high_review,62
detector_top5,1.3.6.1.4.1.14519.5.2.1.6279.6001.237915456403882324748189195892,outputs/luna16_saliency_synthetic_detector_top5_minprob0.5/1.3.6.1.4.1.14519.5.2.1.6279.6001.237915456403882324748189195892/surface_1.3.6.1.4.1.14519.5.2.1.6279.6001.237915456403882324748189195892.png,outputs/luna16_saliency_synthetic_detector_top5_minprob0.5/1.3.6.1.4.1.14519.5.2.1.6279.6001.237915456403882324748189195892/surface_grid_float_1.3.6.1.4.1.14519.5.2.1.6279.6001.237915456403882324748189195892.npy,0.6679534683326153,0.31808409094810486,0.22508428990840912,0.8823529481887817,161.5723876953125,22.191160202026367,2.833980369567871,5.342795886993408,25.39988899230957,9.592470169067383,43,35,8,108.0,0.45088778981102834,high_review,63
detector_top5,1.3.6.1.4.1.14519.5.2.1.6279.6001.251215764736737018371915284679,outputs/luna16_saliency_synthetic_detector_top5_minprob0.5/1.3.6.1.4.1.14519.5.2.1.6279.6001.251215764736737018371915284679/surface_1.3.6.1.4.1.14519.5.2.1.6279.6001.251215764736737018371915284679.png,outputs/luna16_saliency_synthetic_detector_top5_minprob0.5/1.3.6.1.4.1.14519.5.2.1.6279.6001.251215764736737018371915284679/surface_grid_float_1.3.6.1.4.1.14519.5.2.1.6279.6001.251215764736737018371915284679.npy,0.6443125871538746,0.308563232421875,0.2318544238805771,0.9490196108818054,180.33407592773438,29.56407356262207,2.3501638054847693,4.016343684196465,6.930226802825928,12.833464622497559,23,15,8,178.4070281982422,0.4495659140110013,high_review,64
detector_top5,1.3.6.1.4.1.14519.5.2.1.6279.6001.191301539558980174217770205256,outputs/luna16_saliency_synthetic_detector_top5_minprob0.5/1.3.6.1.4.1.14519.5.2.1.6279.6001.191301539558980174217770205256/surface_1.3.6.1.4.1.14519.5.2.1.6279.6001.191301539558980174217770205256.png,outputs/luna16_saliency_synthetic_detector_top5_minprob0.5/1.3.6.1.4.1.14519.5.2.1.6279.6001.191301539558980174217770205256/surface_grid_float_1.3.6.1.4.1.14519.5.2.1.6279.6001.191301539558980174217770205256.npy,0.6637722815322932,0.3089209198951721,0.22553420066833496,0.8823529481887817,189.30703735351562,32.36305236816406,2.0495552659034724,3.2551868724823003,3.759350538253784,16.236316680908203,23,15,8,188.83023071289062,0.4492480388323466,high_review,65
detector_top5,1.3.6.1.4.1.14519.5.2.1.6279.6001.513023675145166449943177283490,outputs/luna16_saliency_synthetic_detector_top5_minprob0.5/1.3.6.1.4.1.14519.5.2.1.6279.6001.513023675145166449943177283490/surface_1.3.6.1.4.1.14519.5.2.1.6279.6001.513023675145166449943177283490.png,outputs/luna16_saliency_synthetic_detector_top5_minprob0.5/1.3.6.1.4.1.14519.5.2.1.6279.6001.513023675145166449943177283490/surface_grid_float_1.3.6.1.4.1.14519.5.2.1.6279.6001.513023675145166449943177283490.npy,0.47745269286754005,0.3883017897605896,0.21895936131477356,0.8745098114013672,176.47225952148438,36.28703308105469,2.008612215518951,4.23046357631682,5.573575973510742,11.190335273742676,23,15,8,170.34140014648438,0.4459017515447401,high_review,66
detector_top5,1.3.6.1.4.1.14519.5.2.1.6279.6001.534006575256943390479252771547,outputs/luna16_saliency_synthetic_detector_top5_minprob0.5/1.3.6.1.4.1.14519.5.2.1.6279.6001.534006575256943390479252771547/surface_1.3.6.1.4.1.14519.5.2.1.6279.6001.534006575256943390479252771547.png,outputs/luna16_saliency_synthetic_detector_top5_minprob0.5/1.3.6.1.4.1.14519.5.2.1.6279.6001.534006575256943390479252771547/surface_grid_float_1.3.6.1.4.1.14519.5.2.1.6279.6001.534006575256943390479252771547.npy,0.5639230050994757,0.3261593282222748,0.19616767764091492,0.8039215803146362,167.32196044921875,28.180355072021484,2.1631399750709535,4.29198475837708,5.778201580047607,14.675400733947754,33,25,8,165.99871826171875,0.4421576396438811,high_review,67
detector_top5,1.3.6.1.4.1.14519.5.2.1.6279.6001.262873069163227096134627700599,outputs/luna16_saliency_synthetic_detector_top5_minprob0.5/1.3.6.1.4.1.14519.5.2.1.6279.6001.262873069163227096134627700599/surface_1.3.6.1.4.1.14519.5.2.1.6279.6001.262873069163227096134627700599.png,outputs/luna16_saliency_synthetic_detector_top5_minprob0.5/1.3.6.1.4.1.14519.5.2.1.6279.6001.262873069163227096134627700599/surface_grid_float_1.3.6.1.4.1.14519.5.2.1.6279.6001.262873069163227096134627700599.npy,0.43116933039608496,0.3244512677192688,0.2434876710176468,0.9529411792755127,195.30703735351562,41.21390151977539,1.909913086891173,2.4840482234954835,9.493863105773926,16.799165725708008,33,25,8,184.852294921875,0.43736465501785277,high_review,68
detector_top5,1.3.6.1.4.1.14519.5.2.1.6279.6001.205993750485568250373835565680,outputs/luna16_saliency_synthetic_detector_top5_minprob0.5/1.3.6.1.4.1.14519.5.2.1.6279.6001.205993750485568250373835565680/surface_1.3.6.1.4.1.14519.5.2.1.6279.6001.205993750485568250373835565680.png,outputs/luna16_saliency_synthetic_detector_top5_minprob0.5/1.3.6.1.4.1.14519.5.2.1.6279.6001.205993750485568250373835565680/surface_grid_float_1.3.6.1.4.1.14519.5.2.1.6279.6001.205993750485568250373835565680.npy,0.6004619364375462,0.3141776919364929,0.24251343309879303,0.929411768913269,184.56423950195312,36.97540283203125,2.0615621566772457,3.20691602706908,3.8302624225616455,13.946854591369629,28,20,8,184.05001831054688,0.4348075568517045,high_review,69
detector_top5,1.3.6.1.4.1.14519.5.2.1.6279.6001.291539125579672469833850180824,outputs/luna16_saliency_synthetic_detector_top5_minprob0.5/1.3.6.1.4.1.14519.5.2.1.6279.6001.291539125579672469833850180824/surface_1.3.6.1.4.1.14519.5.2.1.6279.6001.291539125579672469833850180824.png,outputs/luna16_saliency_synthetic_detector_top5_minprob0.5/1.3.6.1.4.1.14519.5.2.1.6279.6001.291539125579672469833850180824/surface_grid_float_1.3.6.1.4.1.14519.5.2.1.6279.6001.291539125579672469833850180824.npy,0.6682515026676572,0.29526644945144653,0.22909480333328247,1.0,192.1494598388672,31.57275390625,2.183051609992982,2.751321525573731,2.977597713470459,14.386728286743164,23,15,8,191.72796630859375,0.43475925280253097,high_review,70
detector_top5,1.3.6.1.4.1.14519.5.2.1.6279.6001.102681962408431413578140925249,outputs/luna16_saliency_synthetic_detector_top5_minprob0.5/1.3.6.1.4.1.14519.5.2.1.6279.6001.102681962408431413578140925249/surface_1.3.6.1.4.1.14519.5.2.1.6279.6001.102681962408431413578140925249.png,outputs/luna16_saliency_synthetic_detector_top5_minprob0.5/1.3.6.1.4.1.14519.5.2.1.6279.6001.102681962408431413578140925249/surface_grid_float_1.3.6.1.4.1.14519.5.2.1.6279.6001.102681962408431413578140925249.npy,0.5686719214753123,0.30930832028388977,0.2267967164516449,0.9372549057006836,180.47723388671875,27.78341293334961,2.069536685943603,3.0029611587524423,3.389831304550171,19.184282302856445,33,25,8,178.73719787597656,0.4335159630245633,high_review,71
detector_top5,1.3.6.1.4.1.14519.5.2.1.6279.6001.296863826932699509516219450076,outputs/luna16_saliency_synthetic_detector_top5_minprob0.5/1.3.6.1.4.1.14519.5.2.1.6279.6001.296863826932699509516219450076/surface_1.3.6.1.4.1.14519.5.2.1.6279.6001.296863826932699509516219450076.png,outputs/luna16_saliency_synthetic_detector_top5_minprob0.5/1.3.6.1.4.1.14519.5.2.1.6279.6001.296863826932699509516219450076/surface_grid_float_1.3.6.1.4.1.14519.5.2.1.6279.6001.296863826932699509516219450076.npy,0.5487321593516283,0.3672976493835449,0.23719598352909088,0.9921568632125854,184.23260498046875,43.78397750854492,1.607077372074127,2.532562103271477,6.122472286224365,22.146936416625977,33,25,8,175.9623260498047,0.4322466189914277,high_review,72
detector_top5,1.3.6.1.4.1.14519.5.2.1.6279.6001.286647622786041008124419915089,outputs/luna16_saliency_synthetic_detector_top5_minprob0.5/1.3.6.1.4.1.14519.5.2.1.6279.6001.286647622786041008124419915089/surface_1.3.6.1.4.1.14519.5.2.1.6279.6001.286647622786041008124419915089.png,outputs/luna16_saliency_synthetic_detector_top5_minprob0.5/1.3.6.1.4.1.14519.5.2.1.6279.6001.286647622786041008124419915089/surface_grid_float_1.3.6.1.4.1.14519.5.2.1.6279.6001.286647622786041008124419915089.npy,0.60272036113091,0.3015304505825043,0.22862564027309418,0.95686274766922,187.72157287597656,41.84573745727539,1.7508777797222141,2.2448140311241156,2.5913078784942627,17.594192504882812,33,25,8,186.69482421875,0.41931191462675727,high_review,73
detector_top5,1.3.6.1.4.1.14519.5.2.1.6279.6001.188265424231150847356515802868,outputs/luna16_saliency_synthetic_detector_top5_minprob0.5/1.3.6.1.4.1.14519.5.2.1.6279.6001.188265424231150847356515802868/surface_1.3.6.1.4.1.14519.5.2.1.6279.6001.188265424231150847356515802868.png,outputs/luna16_saliency_synthetic_detector_top5_minprob0.5/1.3.6.1.4.1.14519.5.2.1.6279.6001.188265424231150847356515802868/surface_grid_float_1.3.6.1.4.1.14519.5.2.1.6279.6001.188265424231150847356515802868.npy,0.5639006564692947,0.3854401409626007,0.2417859137058258,1.0,193.66455078125,47.07986068725586,1.716000497341156,1.7993493199348451,1.8501808643341064,18.878549575805664,23,15,8,193.4553680419922,0.4187070632908079,high_review,74
detector_top5,1.3.6.1.4.1.14519.5.2.1.6279.6001.178680586845223339579041794709,outputs/luna16_saliency_synthetic_detector_top5_minprob0.5/1.3.6.1.4.1.14519.5.2.1.6279.6001.178680586845223339579041794709/surface_1.3.6.1.4.1.14519.5.2.1.6279.6001.178680586845223339579041794709.png,outputs/luna16_saliency_synthetic_detector_top5_minprob0.5/1.3.6.1.4.1.14519.5.2.1.6279.6001.178680586845223339579041794709/surface_grid_float_1.3.6.1.4.1.14519.5.2.1.6279.6001.178680586845223339579041794709.npy,0.47463293582408494,0.336626797914505,0.2274455726146698,0.8980392217636108,191.76336669921875,36.17933654785156,1.9071361482143396,2.285095779895782,2.647482395172119,13.72732925415039,23,15,8,191.43992614746094,0.4186636606825722,high_review,75
detector_top5,1.3.6.1.4.1.14519.5.2.1.6279.6001.328789598898469177563438457842,outputs/luna16_saliency_synthetic_detector_top5_minprob0.5/1.3.6.1.4.1.14519.5.2.1.6279.6001.328789598898469177563438457842/surface_1.3.6.1.4.1.14519.5.2.1.6279.6001.328789598898469177563438457842.png,outputs/luna16_saliency_synthetic_detector_top5_minprob0.5/1.3.6.1.4.1.14519.5.2.1.6279.6001.328789598898469177563438457842/surface_grid_float_1.3.6.1.4.1.14519.5.2.1.6279.6001.328789598898469177563438457842.npy,0.6561346569937635,0.33095425367355347,0.22888340055942535,0.9607843160629272,162.0374755859375,27.17727279663086,2.029158353805542,4.437526822090124,6.958832263946533,6.44438362121582,38,30,8,148.0,0.41750911646419026,high_review,76
detector_top5,1.3.6.1.4.1.14519.5.2.1.6279.6001.299767339686526858593516834230,outputs/luna16_saliency_synthetic_detector_top5_minprob0.5/1.3.6.1.4.1.14519.5.2.1.6279.6001.299767339686526858593516834230/surface_1.3.6.1.4.1.14519.5.2.1.6279.6001.299767339686526858593516834230.png,outputs/luna16_saliency_synthetic_detector_top5_minprob0.5/1.3.6.1.4.1.14519.5.2.1.6279.6001.299767339686526858593516834230/surface_grid_float_1.3.6.1.4.1.14519.5.2.1.6279.6001.299767339686526858593516834230.npy,0.6349255264509501,0.3617013990879059,0.2260354459285736,0.9882352948188782,161.52999877929688,28.04343605041504,2.2102035760879515,3.244490370750426,3.6846420764923096,22.538606643676758,28,20,8,160.87767028808594,0.41663716829617814,high_review,77
detector_top5,1.3.6.1.4.1.14519.5.2.1.6279.6001.333145094436144085379032922488,outputs/luna16_saliency_synthetic_detector_top5_minprob0.5/1.3.6.1.4.1.14519.5.2.1.6279.6001.333145094436144085379032922488/surface_1.3.6.1.4.1.14519.5.2.1.6279.6001.333145094436144085379032922488.png,outputs/luna16_saliency_synthetic_detector_top5_minprob0.5/1.3.6.1.4.1.14519.5.2.1.6279.6001.333145094436144085379032922488/surface_grid_float_1.3.6.1.4.1.14519.5.2.1.6279.6001.333145094436144085379032922488.npy,0.46637913115776347,0.380924791097641,0.23522703349590302,1.0,151.20162963867188,28.05394744873047,1.8710262179374693,3.98480097532273,6.235304832458496,19.280925750732422,18,10,8,133.36648559570312,0.4143932469924293,high_review,78
detector_top5,1.3.6.1.4.1.14519.5.2.1.6279.6001.187451715205085403623595258748,outputs/luna16_saliency_synthetic_detector_top5_minprob0.5/1.3.6.1.4.1.14519.5.2.1.6279.6001.187451715205085403623595258748/surface_1.3.6.1.4.1.14519.5.2.1.6279.6001.187451715205085403623595258748.png,outputs/luna16_saliency_synthetic_detector_top5_minprob0.5/1.3.6.1.4.1.14519.5.2.1.6279.6001.187451715205085403623595258748/surface_grid_float_1.3.6.1.4.1.14519.5.2.1.6279.6001.187451715205085403623595258748.npy,0.6343928854451,0.3253658711910248,0.24831320345401764,1.0,152.34756469726562,33.32471466064453,2.261566352844237,4.213988533020019,5.752175331115723,13.790099143981934,23,15,8,149.54786682128906,0.4109769285837809,high_review,79
detector_top5,1.3.6.1.4.1.14519.5.2.1.6279.6001.211956804948320236390242845468,outputs/luna16_saliency_synthetic_detector_top5_minprob0.5/1.3.6.1.4.1.14519.5.2.1.6279.6001.211956804948320236390242845468/surface_1.3.6.1.4.1.14519.5.2.1.6279.6001.211956804948320236390242845468.png,outputs/luna16_saliency_synthetic_detector_top5_minprob0.5/1.3.6.1.4.1.14519.5.2.1.6279.6001.211956804948320236390242845468/surface_grid_float_1.3.6.1.4.1.14519.5.2.1.6279.6001.211956804948320236390242845468.npy,0.5020624303232999,0.35608839988708496,0.24399355053901672,0.9686274528503418,164.31822204589844,41.54370880126953,2.000649046897889,2.8219137310981854,3.9026427268981934,22.2840633392334,33,25,8,162.11660766601562,0.4080412560966282,high_review,80
detector_top5,1.3.6.1.4.1.14519.5.2.1.6279.6001.287560874054243719452635194040,outputs/luna16_saliency_synthetic_detector_top5_minprob0.5/1.3.6.1.4.1.14519.5.2.1.6279.6001.287560874054243719452635194040/surface_1.3.6.1.4.1.14519.5.2.1.6279.6001.287560874054243719452635194040.png,outputs/luna16_saliency_synthetic_detector_top5_minprob0.5/1.3.6.1.4.1.14519.5.2.1.6279.6001.287560874054243719452635194040/surface_grid_float_1.3.6.1.4.1.14519.5.2.1.6279.6001.287560874054243719452635194040.npy,0.6807236544549977,0.3458324372768402,0.22387617826461792,0.9176470637321472,147.10140991210938,27.50808334350586,1.8697199940681453,4.126864681243918,6.275779724121094,15.602428436279297,23,15,8,137.2025909423828,0.4036470201492316,high_review,81
detector_top5,1.3.6.1.4.1.14519.5.2.1.6279.6001.313283554967554803238484128406,outputs/luna16_saliency_synthetic_detector_top5_minprob0.5/1.3.6.1.4.1.14519.5.2.1.6279.6001.313283554967554803238484128406/surface_1.3.6.1.4.1.14519.5.2.1.6279.6001.313283554967554803238484128406.png,outputs/luna16_saliency_synthetic_detector_top5_minprob0.5/1.3.6.1.4.1.14519.5.2.1.6279.6001.313283554967554803238484128406/surface_grid_float_1.3.6.1.4.1.14519.5.2.1.6279.6001.313283554967554803238484128406.npy,0.5004671441918406,0.3728512227535248,0.23220577836036682,1.0,162.48861694335938,28.092721939086914,1.8462239027023313,3.822745103836053,4.997400760650635,8.038893699645996,23,15,8,159.84457397460938,0.4033609229087827,high_review,82
detector_top5,1.3.6.1.4.1.14519.5.2.1.6279.6001.144883090372691745980459537053,outputs/luna16_saliency_synthetic_detector_top5_minprob0.5/1.3.6.1.4.1.14519.5.2.1.6279.6001.144883090372691745980459537053/surface_1.3.6.1.4.1.14519.5.2.1.6279.6001.144883090372691745980459537053.png,outputs/luna16_saliency_synthetic_detector_top5_minprob0.5/1.3.6.1.4.1.14519.5.2.1.6279.6001.144883090372691745980459537053/surface_grid_float_1.3.6.1.4.1.14519.5.2.1.6279.6001.144883090372691745980459537053.npy,0.39687837108953616,0.38516244292259216,0.22397935390472412,0.9215686321258545,144.71835327148438,29.041486740112305,2.07893750667572,4.345498762130737,31.891319274902344,14.284711837768555,23,15,8,103.11113739013672,0.40330602240032615,high_review,83
detector_top5,1.3.6.1.4.1.14519.5.2.1.6279.6001.135657246677982059395844827629,outputs/luna16_saliency_synthetic_detector_top5_minprob0.5/1.3.6.1.4.1.14519.5.2.1.6279.6001.135657246677982059395844827629/surface_1.3.6.1.4.1.14519.5.2.1.6279.6001.135657246677982059395844827629.png,outputs/luna16_saliency_synthetic_detector_top5_minprob0.5/1.3.6.1.4.1.14519.5.2.1.6279.6001.135657246677982059395844827629/surface_grid_float_1.3.6.1.4.1.14519.5.2.1.6279.6001.135657246677982059395844827629.npy,0.6284911842721174,0.3430006802082062,0.2374759018421173,0.9960784316062927,165.47613525390625,34.36106872558594,1.7795172691345211,3.0208552646636964,15.865436553955078,15.945119857788086,33,25,8,151.99789428710938,0.40185281638039483,high_review,84
detector_top5,1.3.6.1.4.1.14519.5.2.1.6279.6001.102133688497886810253331438797,outputs/luna16_saliency_synthetic_detector_top5_minprob0.5/1.3.6.1.4.1.14519.5.2.1.6279.6001.102133688497886810253331438797/surface_1.3.6.1.4.1.14519.5.2.1.6279.6001.102133688497886810253331438797.png,outputs/luna16_saliency_synthetic_detector_top5_minprob0.5/1.3.6.1.4.1.14519.5.2.1.6279.6001.102133688497886810253331438797/surface_grid_float_1.3.6.1.4.1.14519.5.2.1.6279.6001.102133688497886810253331438797.npy,0.46084496048394963,0.3660542666912079,0.2725003659725189,1.0,150.87039184570312,30.042587280273438,1.8398331642150811,4.073574218749989,31.619844436645508,12.67783260345459,18,10,8,113.2314224243164,0.40183084097968175,high_review,85
detector_top5,1.3.6.1.4.1.14519.5.2.1.6279.6001.837810280808122125183730411210,outputs/luna16_saliency_synthetic_detector_top5_minprob0.5/1.3.6.1.4.1.14519.5.2.1.6279.6001.837810280808122125183730411210/surface_1.3.6.1.4.1.14519.5.2.1.6279.6001.837810280808122125183730411210.png,outputs/luna16_saliency_synthetic_detector_top5_minprob0.5/1.3.6.1.4.1.14519.5.2.1.6279.6001.837810280808122125183730411210/surface_grid_float_1.3.6.1.4.1.14519.5.2.1.6279.6001.837810280808122125183730411210.npy,0.578233326215389,0.3537636995315552,0.21584294736385345,0.8627451062202454,148.79275512695312,28.730831146240234,1.8600935697555554,4.431465721130366,7.303562164306641,8.549880027770996,28,20,8,138.0,0.39993163024054623,high_review,86
detector_top5,1.3.6.1.4.1.14519.5.2.1.6279.6001.219909753224298157409438012179,outputs/luna16_saliency_synthetic_detector_top5_minprob0.5/1.3.6.1.4.1.14519.5.2.1.6279.6001.219909753224298157409438012179/surface_1.3.6.1.4.1.14519.5.2.1.6279.6001.219909753224298157409438012179.png,outputs/luna16_saliency_synthetic_detector_top5_minprob0.5/1.3.6.1.4.1.14519.5.2.1.6279.6001.219909753224298157409438012179/surface_grid_float_1.3.6.1.4.1.14519.5.2.1.6279.6001.219909753224298157409438012179.npy,0.6922692307692307,0.3366432189941406,0.24424323439598083,0.9529411792755127,156.9526824951172,29.06291389465332,1.8845333278179157,3.22833371639253,10.45203971862793,18.604816436767578,33,25,8,153.77090454101562,0.3997818521764547,high_review,87
detector_top5,1.3.6.1.4.1.14519.5.2.1.6279.6001.776800177074349870648765614630,outputs/luna16_saliency_synthetic_detector_top5_minprob0.5/1.3.6.1.4.1.14519.5.2.1.6279.6001.776800177074349870648765614630/surface_1.3.6.1.4.1.14519.5.2.1.6279.6001.776800177074349870648765614630.png,outputs/luna16_saliency_synthetic_detector_top5_minprob0.5/1.3.6.1.4.1.14519.5.2.1.6279.6001.776800177074349870648765614630/surface_grid_float_1.3.6.1.4.1.14519.5.2.1.6279.6001.776800177074349870648765614630.npy,0.04221798609553712,0.7469277381896973,0.12516149878501892,1.0,51.2049560546875,13.82060718536377,1.5644395470619161,2.9665115618705755,11.035155296325684,5.22392463684082,33,25,8,28.01739501953125,0.39924034882012466,high_review,88
detector_top5,1.3.6.1.4.1.14519.5.2.1.6279.6001.248360766706804179966476685510,outputs/luna16_saliency_synthetic_detector_top5_minprob0.5/1.3.6.1.4.1.14519.5.2.1.6279.6001.248360766706804179966476685510/surface_1.3.6.1.4.1.14519.5.2.1.6279.6001.248360766706804179966476685510.png,outputs/luna16_saliency_synthetic_detector_top5_minprob0.5/1.3.6.1.4.1.14519.5.2.1.6279.6001.248360766706804179966476685510/surface_grid_float_1.3.6.1.4.1.14519.5.2.1.6279.6001.248360766706804179966476685510.npy,0.5975750148544267,0.382254421710968,0.24111847579479218,1.0,140.03256225585938,17.942068099975586,2.2867692708969116,5.087821245193475,15.701201438903809,5.187944412231445,53,45,8,123.0,0.39755100647608427,high_review,89
detector_top5,1.3.6.1.4.1.14519.5.2.1.6279.6001.518487185634324801733841260431,outputs/luna16_saliency_synthetic_detector_top5_minprob0.5/1.3.6.1.4.1.14519.5.2.1.6279.6001.518487185634324801733841260431/surface_1.3.6.1.4.1.14519.5.2.1.6279.6001.518487185634324801733841260431.png,outputs/luna16_saliency_synthetic_detector_top5_minprob0.5/1.3.6.1.4.1.14519.5.2.1.6279.6001.518487185634324801733841260431/surface_grid_float_1.3.6.1.4.1.14519.5.2.1.6279.6001.518487185634324801733841260431.npy,0.2996450047091212,0.3654562830924988,0.24812768399715424,0.9450980424880981,134.3331298828125,24.26866912841797,1.7258691191673285,3.7090115308761598,11.943748474121094,14.554139137268066,33,25,8,118.71665954589844,0.3962757101704828,high_review,90
detector_top5,1.3.6.1.4.1.14519.5.2.1.6279.6001.169128136262002764211589185953,outputs/luna16_saliency_synthetic_detector_top5_minprob0.5/1.3.6.1.4.1.14519.5.2.1.6279.6001.169128136262002764211589185953/surface_1.3.6.1.4.1.14519.5.2.1.6279.6001.169128136262002764211589185953.png,outputs/luna16_saliency_synthetic_detector_top5_minprob0.5/1.3.6.1.4.1.14519.5.2.1.6279.6001.169128136262002764211589185953/surface_grid_float_1.3.6.1.4.1.14519.5.2.1.6279.6001.169128136262002764211589185953.npy,0.532739168512699,0.34625694155693054,0.2286982387304306,0.886274516582489,164.61300659179688,32.47096633911133,1.7619772195816032,2.709771184921254,3.028186082839966,17.835655212402344,23,15,8,163.04608154296875,0.39528293589485985,high_review,91
detector_top5,1.3.6.1.4.1.14519.5.2.1.6279.6001.724251104254976962355686318345,outputs/luna16_saliency_synthetic_detector_top5_minprob0.5/1.3.6.1.4.1.14519.5.2.1.6279.6001.724251104254976962355686318345/surface_1.3.6.1.4.1.14519.5.2.1.6279.6001.724251104254976962355686318345.png,outputs/luna16_saliency_synthetic_detector_top5_minprob0.5/1.3.6.1.4.1.14519.5.2.1.6279.6001.724251104254976962355686318345/surface_grid_float_1.3.6.1.4.1.14519.5.2.1.6279.6001.724251104254976962355686318345.npy,0.548408603857449,0.3782595992088318,0.22623665630817413,0.9490196108818054,158.7202911376953,33.895328521728516,2.1580495595932003,3.4422684097289986,4.434652328491211,11.536158561706543,33,25,8,158.2962646484375,0.3934377787695989,high_review,92
detector_top5,1.3.6.1.4.1.14519.5.2.1.6279.6001.183184435049555024219115904825,outputs/luna16_saliency_synthetic_detector_top5_minprob0.5/1.3.6.1.4.1.14519.5.2.1.6279.6001.183184435049555024219115904825/surface_1.3.6.1.4.1.14519.5.2.1.6279.6001.183184435049555024219115904825.png,outputs/luna16_saliency_synthetic_detector_top5_minprob0.5/1.3.6.1.4.1.14519.5.2.1.6279.6001.183184435049555024219115904825/surface_grid_float_1.3.6.1.4.1.14519.5.2.1.6279.6001.183184435049555024219115904825.npy,0.5214265689454924,0.3692651391029358,0.26214054226875305,1.0,148.37899780273438,34.90553283691406,1.7361808121204374,3.411047337055204,9.34633731842041,18.389570236206055,33,25,8,139.32815551757812,0.3904954614188936,high_review,93
detector_top5,1.3.6.1.4.1.14519.5.2.1.6279.6001.487268565754493433372433148666,outputs/luna16_saliency_synthetic_detector_top5_minprob0.5/1.3.6.1.4.1.14519.5.2.1.6279.6001.487268565754493433372433148666/surface_1.3.6.1.4.1.14519.5.2.1.6279.6001.487268565754493433372433148666.png,outputs/luna16_saliency_synthetic_detector_top5_minprob0.5/1.3.6.1.4.1.14519.5.2.1.6279.6001.487268565754493433372433148666/surface_grid_float_1.3.6.1.4.1.14519.5.2.1.6279.6001.487268565754493433372433148666.npy,0.13300066533599467,0.46035057306289673,0.2574235796928406,1.0,80.38339233398438,14.067157745361328,1.536857563257218,3.832867860794054,18.538965225219727,7.58085298538208,33,25,8,31.209075927734375,0.38980431615598105,high_review,94
detector_top5,1.3.6.1.4.1.14519.5.2.1.6279.6001.323541312620128092852212458228,outputs/luna16_saliency_synthetic_detector_top5_minprob0.5/1.3.6.1.4.1.14519.5.2.1.6279.6001.323541312620128092852212458228/surface_1.3.6.1.4.1.14519.5.2.1.6279.6001.323541312620128092852212458228.png,outputs/luna16_saliency_synthetic_detector_top5_minprob0.5/1.3.6.1.4.1.14519.5.2.1.6279.6001.323541312620128092852212458228/surface_grid_float_1.3.6.1.4.1.14519.5.2.1.6279.6001.323541312620128092852212458228.npy,0.5694846649993418,0.37058499455451965,0.22118942439556122,0.8784313797950745,142.4990234375,22.80344009399414,1.9373729526996613,3.758959710597992,5.169660568237305,17.582305908203125,33,25,8,141.3817596435547,0.38933895462089113,high_review,95
detector_top5,1.3.6.1.4.1.14519.5.2.1.6279.6001.148229375703208214308676934766,outputs/luna16_saliency_synthetic_detector_top5_minprob0.5/1.3.6.1.4.1.14519.5.2.1.6279.6001.148229375703208214308676934766/surface_1.3.6.1.4.1.14519.5.2.1.6279.6001.148229375703208214308676934766.png,outputs/luna16_saliency_synthetic_detector_top5_minprob0.5/1.3.6.1.4.1.14519.5.2.1.6279.6001.148229375703208214308676934766/surface_grid_float_1.3.6.1.4.1.14519.5.2.1.6279.6001.148229375703208214308676934766.npy,0.5804800844104457,0.3165908455848694,0.22356519103050232,0.8901960849761963,153.4837646484375,28.417652130126953,1.8458891034126286,2.793834457397458,5.6021809577941895,22.002958297729492,23,15,8,150.30709838867188,0.3885167710198295,high_review,96
detector_top5,1.3.6.1.4.1.14519.5.2.1.6279.6001.241083615484551649610616348856,outputs/luna16_saliency_synthetic_detector_top5_minprob0.5/1.3.6.1.4.1.14519.5.2.1.6279.6001.241083615484551649610616348856/surface_1.3.6.1.4.1.14519.5.2.1.6279.6001.241083615484551649610616348856.png,outputs/luna16_saliency_synthetic_detector_top5_minprob0.5/1.3.6.1.4.1.14519.5.2.1.6279.6001.241083615484551649610616348856/surface_grid_float_1.3.6.1.4.1.14519.5.2.1.6279.6001.241083615484551649610616348856.npy,0.3707912695279454,0.3753068745136261,0.20253059267997742,0.9411764740943909,175.7311248779297,42.48705291748047,1.6546539425849913,1.8512832736968996,9.767059326171875,17.462364196777344,33,25,8,174.57156372070312,0.3872289601114061,high_review,97
detector_top5,1.3.6.1.4.1.14519.5.2.1.6279.6001.214800939017429618305208626314,outputs/luna16_saliency_synthetic_detector_top5_minprob0.5/1.3.6.1.4.1.14519.5.2.1.6279.6001.214800939017429618305208626314/surface_1.3.6.1.4.1.14519.5.2.1.6279.6001.214800939017429618305208626314.png,outputs/luna16_saliency_synthetic_detector_top5_minprob0.5/1.3.6.1.4.1.14519.5.2.1.6279.6001.214800939017429618305208626314/surface_grid_float_1.3.6.1.4.1.14519.5.2.1.6279.6001.214800939017429618305208626314.npy,0.6510416666666666,0.2999415993690491,0.2301696240901947,0.9137254953384399,156.1285400390625,28.47567367553711,1.8544092774391174,2.5398836684226986,2.7991623878479004,22.779117584228516,33,25,8,155.6842041015625,0.387031004749404,high_review,98
detector_top5,1.3.6.1.4.1.14519.5.2.1.6279.6001.312127933722985204808706697221,outputs/luna16_saliency_synthetic_detector_top5_minprob0.5/1.3.6.1.4.1.14519.5.2.1.6279.6001.312127933722985204808706697221/surface_1.3.6.1.4.1.14519.5.2.1.6279.6001.312127933722985204808706697221.png,outputs/luna16_saliency_synthetic_detector_top5_minprob0.5/1.3.6.1.4.1.14519.5.2.1.6279.6001.312127933722985204808706697221/surface_grid_float_1.3.6.1.4.1.14519.5.2.1.6279.6001.312127933722985204808706697221.npy,0.4848741871642635,0.41404351592063904,0.23412708938121796,0.95686274766922,143.51710510253906,24.521892547607422,2.3976743817329393,4.129603438377381,26.29088020324707,10.011322021484375,33,25,8,106.50074005126953,0.3853306605921851,high_review,99
detector_top5,1.3.6.1.4.1.14519.5.2.1.6279.6001.692598144815688523679745963696,outputs/luna16_saliency_synthetic_detector_top5_minprob0.5/1.3.6.1.4.1.14519.5.2.1.6279.6001.692598144815688523679745963696/surface_1.3.6.1.4.1.14519.5.2.1.6279.6001.692598144815688523679745963696.png,outputs/luna16_saliency_synthetic_detector_top5_minprob0.5/1.3.6.1.4.1.14519.5.2.1.6279.6001.692598144815688523679745963696/surface_grid_float_1.3.6.1.4.1.14519.5.2.1.6279.6001.692598144815688523679745963696.npy,0.5654665898617511,0.33306431770324707,0.24967069923877716,0.9582352966070118,170.4696044921875,39.915863037109375,1.4574060380458835,2.0669899988174443,2.408423662185669,16.530759811401367,18,10,8,170.1119842529297,0.3828607292546166,high_review,100
detector_top5,1.3.6.1.4.1.14519.5.2.1.6279.6001.939216568327879462530496768794,outputs/luna16_saliency_synthetic_detector_top5_minprob0.5/1.3.6.1.4.1.14519.5.2.1.6279.6001.939216568327879462530496768794/surface_1.3.6.1.4.1.14519.5.2.1.6279.6001.939216568327879462530496768794.png,outputs/luna16_saliency_synthetic_detector_top5_minprob0.5/1.3.6.1.4.1.14519.5.2.1.6279.6001.939216568327879462530496768794/surface_grid_float_1.3.6.1.4.1.14519.5.2.1.6279.6001.939216568327879462530496768794.npy,0.05241661882144162,0.7010675668716431,0.12189430743455887,1.0,51.59124755859375,12.488786697387695,0.8398601710796356,2.491176462173461,5.849648952484131,5.805117130279541,33,25,8,30.997283935546875,0.3827214594228384,high_review,101
detector_top5,1.3.6.1.4.1.14519.5.2.1.6279.6001.125067060506283419853742462394,outputs/luna16_saliency_synthetic_detector_top5_minprob0.5/1.3.6.1.4.1.14519.5.2.1.6279.6001.125067060506283419853742462394/surface_1.3.6.1.4.1.14519.5.2.1.6279.6001.125067060506283419853742462394.png,outputs/luna16_saliency_synthetic_detector_top5_minprob0.5/1.3.6.1.4.1.14519.5.2.1.6279.6001.125067060506283419853742462394/surface_grid_float_1.3.6.1.4.1.14519.5.2.1.6279.6001.125067060506283419853742462394.npy,0.5890104363133408,0.31787577271461487,0.22385162115097046,0.8235294222831726,167.75643920898438,35.15671920776367,1.3258095562458039,1.8488660359382636,2.068450450897217,20.99911117553711,23,15,8,167.46890258789062,0.38172473792764877,high_review,102
detector_top5,1.3.6.1.4.1.14519.5.2.1.6279.6001.200513183558872708878454294671,outputs/luna16_saliency_synthetic_detector_top5_minprob0.5/1.3.6.1.4.1.14519.5.2.1.6279.6001.200513183558872708878454294671/surface_1.3.6.1.4.1.14519.5.2.1.6279.6001.200513183558872708878454294671.png,outputs/luna16_saliency_synthetic_detector_top5_minprob0.5/1.3.6.1.4.1.14519.5.2.1.6279.6001.200513183558872708878454294671/surface_grid_float_1.3.6.1.4.1.14519.5.2.1.6279.6001.200513183558872708878454294671.npy,0.27125721652373747,0.32595130801200867,0.24126523733139038,0.9899215692281734,124.46517944335938,27.181814193725586,1.6214672386646265,3.4358415985107222,6.846383094787598,11.296309471130371,33,25,8,119.06364440917969,0.38061599990224926,high_review,103
detector_top5,1.3.6.1.4.1.14519.5.2.1.6279.6001.252814707117018427472206147014,outputs/luna16_saliency_synthetic_detector_top5_minprob0.5/1.3.6.1.4.1.14519.5.2.1.6279.6001.252814707117018427472206147014/surface_1.3.6.1.4.1.14519.5.2.1.6279.6001.252814707117018427472206147014.png,outputs/luna16_saliency_synthetic_detector_top5_minprob0.5/1.3.6.1.4.1.14519.5.2.1.6279.6001.252814707117018427472206147014/surface_grid_float_1.3.6.1.4.1.14519.5.2.1.6279.6001.252814707117018427472206147014.npy,0.6086657791901061,0.3064292371273041,0.2373000830411911,0.9333333373069763,155.33236694335938,32.684654235839844,1.7862085103988647,2.565459060668945,2.8176069259643555,20.02850341796875,23,15,8,154.1991424560547,0.38035883543226456,high_review,104
detector_top5,1.3.6.1.4.1.14519.5.2.1.6279.6001.234400932423244218697302970157,outputs/luna16_saliency_synthetic_detector_top5_minprob0.5/1.3.6.1.4.1.14519.5.2.1.6279.6001.234400932423244218697302970157/surface_1.3.6.1.4.1.14519.5.2.1.6279.6001.234400932423244218697302970157.png,outputs/luna16_saliency_synthetic_detector_top5_minprob0.5/1.3.6.1.4.1.14519.5.2.1.6279.6001.234400932423244218697302970157/surface_grid_float_1.3.6.1.4.1.14519.5.2.1.6279.6001.234400932423244218697302970157.npy,0.5165684415517859,0.3938004672527313,0.1999969184398651,0.8784313797950745,169.97926330566406,33.76289367675781,1.4402160406112674,2.033611316680908,3.6861724853515625,16.06500816345215,33,25,8,169.7139434814453,0.38000867059760624,high_review,105
detector_top5,1.3.6.1.4.1.14519.5.2.1.6279.6001.266009527139315622265711325223,outputs/luna16_saliency_synthetic_detector_top5_minprob0.5/1.3.6.1.4.1.14519.5.2.1.6279.6001.266009527139315622265711325223/surface_1.3.6.1.4.1.14519.5.2.1.6279.6001.266009527139315622265711325223.png,outputs/luna16_saliency_synthetic_detector_top5_minprob0.5/1.3.6.1.4.1.14519.5.2.1.6279.6001.266009527139315622265711325223/surface_grid_float_1.3.6.1.4.1.14519.5.2.1.6279.6001.266009527139315622265711325223.npy,0.6074134330532757,0.3138478696346283,0.22414202988147736,0.9686274528503418,173.9306640625,34.23637771606445,1.4307333886623383,1.5480257296562194,1.7529067993164062,19.467586517333984,23,15,8,173.81423950195312,0.37958651536570653,high_review,106
detector_top5,1.3.6.1.4.1.14519.5.2.1.6279.6001.134519406153127654901640638633,outputs/luna16_saliency_synthetic_detector_top5_minprob0.5/1.3.6.1.4.1.14519.5.2.1.6279.6001.134519406153127654901640638633/surface_1.3.6.1.4.1.14519.5.2.1.6279.6001.134519406153127654901640638633.png,outputs/luna16_saliency_synthetic_detector_top5_minprob0.5/1.3.6.1.4.1.14519.5.2.1.6279.6001.134519406153127654901640638633/surface_grid_float_1.3.6.1.4.1.14519.5.2.1.6279.6001.134519406153127654901640638633.npy,0.6047797874514613,0.3118068277835846,0.21827375888824463,0.9450980424880981,170.62484741210938,33.29055404663086,1.8336224496364575,2.4761834740638755,6.2306132316589355,9.071720123291016,33,25,8,170.28286743164062,0.37881962796052304,high_review,107
detector_top5,1.3.6.1.4.1.14519.5.2.1.6279.6001.259227883564429312164962953756,outputs/luna16_saliency_synthetic_detector_top5_minprob0.5/1.3.6.1.4.1.14519.5.2.1.6279.6001.259227883564429312164962953756/surface_1.3.6.1.4.1.14519.5.2.1.6279.6001.259227883564429312164962953756.png,outputs/luna16_saliency_synthetic_detector_top5_minprob0.5/1.3.6.1.4.1.14519.5.2.1.6279.6001.259227883564429312164962953756/surface_grid_float_1.3.6.1.4.1.14519.5.2.1.6279.6001.259227883564429312164962953756.npy,0.5177506054699037,0.3635796308517456,0.24030332267284393,0.9529411792755127,133.87872314453125,18.07390785217285,1.7133717417716978,4.2295312309265105,14.123980522155762,12.766363143920898,23,15,8,129.6521759033203,0.37838683804406054,high_review,108
detector_top5,1.3.6.1.4.1.14519.5.2.1.6279.6001.108193664222196923321844991231,outputs/luna16_saliency_synthetic_detector_top5_minprob0.5/1.3.6.1.4.1.14519.5.2.1.6279.6001.108193664222196923321844991231/surface_1.3.6.1.4.1.14519.5.2.1.6279.6001.108193664222196923321844991231.png,outputs/luna16_saliency_synthetic_detector_top5_minprob0.5/1.3.6.1.4.1.14519.5.2.1.6279.6001.108193664222196923321844991231/surface_grid_float_1.3.6.1.4.1.14519.5.2.1.6279.6001.108193664222196923321844991231.npy,0.3287984236122757,0.3578663170337677,0.23607568442821503,1.0,146.3433837890625,35.04891586303711,2.1210917711257933,2.724472110271454,10.358664512634277,18.046049118041992,33,25,8,145.12814331054688,0.3778573208372788,high_review,109
detector_top5,1.3.6.1.4.1.14519.5.2.1.6279.6001.631047517458234322522264161877,outputs/luna16_saliency_synthetic_detector_top5_minprob0.5/1.3.6.1.4.1.14519.5.2.1.6279.6001.631047517458234322522264161877/surface_1.3.6.1.4.1.14519.5.2.1.6279.6001.631047517458234322522264161877.png,outputs/luna16_saliency_synthetic_detector_top5_minprob0.5/1.3.6.1.4.1.14519.5.2.1.6279.6001.631047517458234322522264161877/surface_grid_float_1.3.6.1.4.1.14519.5.2.1.6279.6001.631047517458234322522264161877.npy,0.5601388440426219,0.2993863523006439,0.250564843416214,1.0,142.72825622558594,24.547494888305664,1.3687969207763673,2.974467620849605,4.436625957489014,22.4698429107666,33,25,8,140.95669555664062,0.37704743991427936,high_review,110
detector_top5,1.3.6.1.4.1.14519.5.2.1.6279.6001.227796349777753378641347819780,outputs/luna16_saliency_synthetic_detector_top5_minprob0.5/1.3.6.1.4.1.14519.5.2.1.6279.6001.227796349777753378641347819780/surface_1.3.6.1.4.1.14519.5.2.1.6279.6001.227796349777753378641347819780.png,outputs/luna16_saliency_synthetic_detector_top5_minprob0.5/1.3.6.1.4.1.14519.5.2.1.6279.6001.227796349777753378641347819780/surface_grid_float_1.3.6.1.4.1.14519.5.2.1.6279.6001.227796349777753378641347819780.npy,0.5924251755142259,0.32265138626098633,0.22328273952007294,0.8784313797950745,148.21731567382812,31.148754119873047,1.6466619074344648,3.10910257101059,10.343257904052734,16.234548568725586,33,25,8,134.40887451171875,0.37637871118386584,high_review,111
detector_top5,1.3.6.1.4.1.14519.5.2.1.6279.6001.177888806135892723698313903329,outputs/luna16_saliency_synthetic_detector_top5_minprob0.5/1.3.6.1.4.1.14519.5.2.1.6279.6001.177888806135892723698313903329/surface_1.3.6.1.4.1.14519.5.2.1.6279.6001.177888806135892723698313903329.png,outputs/luna16_saliency_synthetic_detector_top5_minprob0.5/1.3.6.1.4.1.14519.5.2.1.6279.6001.177888806135892723698313903329/surface_grid_float_1.3.6.1.4.1.14519.5.2.1.6279.6001.177888806135892723698313903329.npy,0.5953883699402508,0.34135210514068604,0.23733682930469513,1.0,149.83389282226562,37.090049743652344,2.134595692157743,3.1876320338249196,3.8153538703918457,13.84957218170166,28,20,8,148.18490600585938,0.3761289427889718,high_review,112
detector_top5,1.3.6.1.4.1.14519.5.2.1.6279.6001.126631670596873065041988320084,outputs/luna16_saliency_synthetic_detector_top5_minprob0.5/1.3.6.1.4.1.14519.5.2.1.6279.6001.126631670596873065041988320084/surface_1.3.6.1.4.1.14519.5.2.1.6279.6001.126631670596873065041988320084.png,outputs/luna16_saliency_synthetic_detector_top5_minprob0.5/1.3.6.1.4.1.14519.5.2.1.6279.6001.126631670596873065041988320084/surface_grid_float_1.3.6.1.4.1.14519.5.2.1.6279.6001.126631670596873065041988320084.npy,0.5394725313239288,0.36692219972610474,0.23308208584785461,0.9058823585510254,172.99229431152344,39.77323532104492,1.4878219187259674,1.5874216270446777,1.6491217613220215,17.519041061401367,18,10,8,172.80030822753906,0.37487434168921574,high_review,113
detector_top5,1.3.6.1.4.1.14519.5.2.1.6279.6001.303421828981831854739626597495,outputs/luna16_saliency_synthetic_detector_top5_minprob0.5/1.3.6.1.4.1.14519.5.2.1.6279.6001.303421828981831854739626597495/surface_1.3.6.1.4.1.14519.5.2.1.6279.6001.303421828981831854739626597495.png,outputs/luna16_saliency_synthetic_detector_top5_minprob0.5/1.3.6.1.4.1.14519.5.2.1.6279.6001.303421828981831854739626597495/surface_grid_float_1.3.6.1.4.1.14519.5.2.1.6279.6001.303421828981831854739626597495.npy,0.6082995951417004,0.3291688561439514,0.26108023524284363,0.9960784316062927,168.4656982421875,38.53732681274414,1.5077664732933038,1.8372528624534608,1.9710667133331299,17.539155960083008,18,10,8,168.291259765625,0.3748696517441008,high_review,114
detector_top5,1.3.6.1.4.1.14519.5.2.1.6279.6001.226889213794065160713547677129,outputs/luna16_saliency_synthetic_detector_top5_minprob0.5/1.3.6.1.4.1.14519.5.2.1.6279.6001.226889213794065160713547677129/surface_1.3.6.1.4.1.14519.5.2.1.6279.6001.226889213794065160713547677129.png,outputs/luna16_saliency_synthetic_detector_top5_minprob0.5/1.3.6.1.4.1.14519.5.2.1.6279.6001.226889213794065160713547677129/surface_grid_float_1.3.6.1.4.1.14519.5.2.1.6279.6001.226889213794065160713547677129.npy,0.43512262262262263,0.35744285583496094,0.2222956418991089,0.8941176533699036,129.16183471679688,25.815662384033203,1.6293488502502447,3.9662600326538016,19.168752670288086,18.127321243286133,28,20,8,80.0,0.3745404616038003,high_review,115
detector_top5,1.3.6.1.4.1.14519.5.2.1.6279.6001.280072876841890439628529365478,outputs/luna16_saliency_synthetic_detector_top5_minprob0.5/1.3.6.1.4.1.14519.5.2.1.6279.6001.280072876841890439628529365478/surface_1.3.6.1.4.1.14519.5.2.1.6279.6001.280072876841890439628529365478.png,outputs/luna16_saliency_synthetic_detector_top5_minprob0.5/1.3.6.1.4.1.14519.5.2.1.6279.6001.280072876841890439628529365478/surface_grid_float_1.3.6.1.4.1.14519.5.2.1.6279.6001.280072876841890439628529365478.npy,0.678284081509888,0.34725502133369446,0.26641079783439636,1.0,159.85739135742188,30.959503173828125,2.352580964565277,2.952976691722874,3.1370739936828613,8.544257164001465,33,25,8,157.9515838623047,0.37400552448961477,high_review,116
detector_top5,1.3.6.1.4.1.14519.5.2.1.6279.6001.826829446346820089862659555750,outputs/luna16_saliency_synthetic_detector_top5_minprob0.5/1.3.6.1.4.1.14519.5.2.1.6279.6001.826829446346820089862659555750/surface_1.3.6.1.4.1.14519.5.2.1.6279.6001.826829446346820089862659555750.png,outputs/luna16_saliency_synthetic_detector_top5_minprob0.5/1.3.6.1.4.1.14519.5.2.1.6279.6001.826829446346820089862659555750/surface_grid_float_1.3.6.1.4.1.14519.5.2.1.6279.6001.826829446346820089862659555750.npy,0.6559570806761817,0.37068283557891846,0.2701639235019684,1.0,161.9021759033203,39.146484375,1.8238420367240904,2.0138490676879877,2.0776798725128174,19.5144100189209,33,25,8,160.92103576660156,0.37361778746710883,high_review,117
detector_top5,1.3.6.1.4.1.14519.5.2.1.6279.6001.311981398931043315779172047718,outputs/luna16_saliency_synthetic_detector_top5_minprob0.5/1.3.6.1.4.1.14519.5.2.1.6279.6001.311981398931043315779172047718/surface_1.3.6.1.4.1.14519.5.2.1.6279.6001.311981398931043315779172047718.png,outputs/luna16_saliency_synthetic_detector_top5_minprob0.5/1.3.6.1.4.1.14519.5.2.1.6279.6001.311981398931043315779172047718/surface_grid_float_1.3.6.1.4.1.14519.5.2.1.6279.6001.311981398931043315779172047718.npy,0.4455561839300474,0.3295780420303345,0.20830827951431274,0.8313725590705872,153.68212890625,33.887481689453125,1.9175716817378983,2.6726380133628838,3.251715660095215,16.760013580322266,33,25,8,148.87948608398438,0.3735604965342415,high_review,118
detector_top5,1.3.6.1.4.1.14519.5.2.1.6279.6001.296066944953051278419805374238,outputs/luna16_saliency_synthetic_detector_top5_minprob0.5/1.3.6.1.4.1.14519.5.2.1.6279.6001.296066944953051278419805374238/surface_1.3.6.1.4.1.14519.5.2.1.6279.6001.296066944953051278419805374238.png,outputs/luna16_saliency_synthetic_detector_top5_minprob0.5/1.3.6.1.4.1.14519.5.2.1.6279.6001.296066944953051278419805374238/surface_grid_float_1.3.6.1.4.1.14519.5.2.1.6279.6001.296066944953051278419805374238.npy,0.3335366755397811,0.33819127082824707,0.24708446860313416,1.0,145.23944091796875,33.75629806518555,2.05551278591156,2.90431456565857,6.396734714508057,15.228531837463379,28,20,8,143.6454315185547,0.372443967671336,high_review,119
detector_top5,1.3.6.1.4.1.14519.5.2.1.6279.6001.287966244644280690737019247886,outputs/luna16_saliency_synthetic_detector_top5_minprob0.5/1.3.6.1.4.1.14519.5.2.1.6279.6001.287966244644280690737019247886/surface_1.3.6.1.4.1.14519.5.2.1.6279.6001.287966244644280690737019247886.png,outputs/luna16_saliency_synthetic_detector_top5_minprob0.5/1.3.6.1.4.1.14519.5.2.1.6279.6001.287966244644280690737019247886/surface_grid_float_1.3.6.1.4.1.14519.5.2.1.6279.6001.287966244644280690737019247886.npy,0.5586619263089851,0.3515990376472473,0.20625288784503937,0.8588235378265381,134.00514221191406,31.05855941772461,1.682266491651534,3.746632635593412,6.515064239501953,16.19283676147461,33,25,8,128.17315673828125,0.3717249644464916,high_review,120
detector_top5,1.3.6.1.4.1.14519.5.2.1.6279.6001.128059192202504367870633619224,outputs/luna16_saliency_synthetic_detector_top5_minprob0.5/1.3.6.1.4.1.14519.5.2.1.6279.6001.128059192202504367870633619224/surface_1.3.6.1.4.1.14519.5.2.1.6279.6001.128059192202504367870633619224.png,outputs/luna16_saliency_synthetic_detector_top5_minprob0.5/1.3.6.1.4.1.14519.5.2.1.6279.6001.128059192202504367870633619224/surface_grid_float_1.3.6.1.4.1.14519.5.2.1.6279.6001.128059192202504367870633619224.npy,0.6307355376315368,0.34366321563720703,0.23372794687747955,0.95686274766922,138.09197998046875,32.411258697509766,2.005052375793457,3.634762153625487,4.694192409515381,14.40008544921875,23,15,8,136.3635711669922,0.3711963544633653,high_review,121
detector_top5,1.3.6.1.4.1.14519.5.2.1.6279.6001.297988578825170426663869669862,outputs/luna16_saliency_synthetic_detector_top5_minprob0.5/1.3.6.1.4.1.14519.5.2.1.6279.6001.297988578825170426663869669862/surface_1.3.6.1.4.1.14519.5.2.1.6279.6001.297988578825170426663869669862.png,outputs/luna16_saliency_synthetic_detector_top5_minprob0.5/1.3.6.1.4.1.14519.5.2.1.6279.6001.297988578825170426663869669862/surface_grid_float_1.3.6.1.4.1.14519.5.2.1.6279.6001.297988578825170426663869669862.npy,0.30751993104934283,0.3383338451385498,0.24426209926605225,1.0,146.95301818847656,35.13508224487305,1.4350255250930788,1.7854264783859255,4.379065990447998,21.64618682861328,23,15,8,145.8544921875,0.3708614538439516,high_review,122
detector_top5,1.3.6.1.4.1.14519.5.2.1.6279.6001.192256506776434538421891524301,outputs/luna16_saliency_synthetic_detector_top5_minprob0.5/1.3.6.1.4.1.14519.5.2.1.6279.6001.192256506776434538421891524301/surface_1.3.6.1.4.1.14519.5.2.1.6279.6001.192256506776434538421891524301.png,outputs/luna16_saliency_synthetic_detector_top5_minprob0.5/1.3.6.1.4.1.14519.5.2.1.6279.6001.192256506776434538421891524301/surface_grid_float_1.3.6.1.4.1.14519.5.2.1.6279.6001.192256506776434538421891524301.npy,0.5391858552631579,0.33727896213531494,0.24176444113254547,0.9921568632125854,167.54458618164062,36.50434875488281,1.3483592927455903,1.7324048256874087,1.8948231935501099,17.742219924926758,23,15,8,167.396240234375,0.37064027712874936,high_review,123
detector_top5,1.3.6.1.4.1.14519.5.2.1.6279.6001.443400977949406454649939526179,outputs/luna16_saliency_synthetic_detector_top5_minprob0.5/1.3.6.1.4.1.14519.5.2.1.6279.6001.443400977949406454649939526179/surface_1.3.6.1.4.1.14519.5.2.1.6279.6001.443400977949406454649939526179.png,outputs/luna16_saliency_synthetic_detector_top5_minprob0.5/1.3.6.1.4.1.14519.5.2.1.6279.6001.443400977949406454649939526179/surface_grid_float_1.3.6.1.4.1.14519.5.2.1.6279.6001.443400977949406454649939526179.npy,0.4843594437485949,0.3836226165294647,0.26447054743766785,1.0,157.79995727539062,30.523714065551758,1.6225368320941922,1.9712295913696283,3.949984550476074,21.427804946899414,33,25,8,156.36962890625,0.3697541608598497,high_review,124
detector_top5,1.3.6.1.4.1.14519.5.2.1.6279.6001.247816269490470394602288565775,outputs/luna16_saliency_synthetic_detector_top5_minprob0.5/1.3.6.1.4.1.14519.5.2.1.6279.6001.247816269490470394602288565775/surface_1.3.6.1.4.1.14519.5.2.1.6279.6001.247816269490470394602288565775.png,outputs/luna16_saliency_synthetic_detector_top5_minprob0.5/1.3.6.1.4.1.14519.5.2.1.6279.6001.247816269490470394602288565775/surface_grid_float_1.3.6.1.4.1.14519.5.2.1.6279.6001.247816269490470394602288565775.npy,0.502810675107788,0.39165741205215454,0.2383844405412674,0.8980392217636108,159.71641540527344,32.70008850097656,1.8351252317428588,2.354633417129516,2.892470359802246,14.814047813415527,23,15,8,159.47412109375,0.3697531344413757,high_review,125
detector_top5,1.3.6.1.4.1.14519.5.2.1.6279.6001.254473943359963613733707320244,outputs/luna16_saliency_synthetic_detector_top5_minprob0.5/1.3.6.1.4.1.14519.5.2.1.6279.6001.254473943359963613733707320244/surface_1.3.6.1.4.1.14519.5.2.1.6279.6001.254473943359963613733707320244.png,outputs/luna16_saliency_synthetic_detector_top5_minprob0.5/1.3.6.1.4.1.14519.5.2.1.6279.6001.254473943359963613733707320244/surface_grid_float_1.3.6.1.4.1.14519.5.2.1.6279.6001.254473943359963613733707320244.npy,0.6181426722421346,0.3198515474796295,0.22939422726631165,0.9882352948188782,150.72076416015625,20.589553833007812,1.6676126480102524,2.320636763572694,2.566819667816162,21.324527740478516,28,20,8,150.490966796875,0.36820821593072683,high_review,126
detector_top5,1.3.6.1.4.1.14519.5.2.1.6279.6001.188619674701053082195613114069,outputs/luna16_saliency_synthetic_detector_top5_minprob0.5/1.3.6.1.4.1.14519.5.2.1.6279.6001.188619674701053082195613114069/surface_1.3.6.1.4.1.14519.5.2.1.6279.6001.188619674701053082195613114069.png,outputs/luna16_saliency_synthetic_detector_top5_minprob0.5/1.3.6.1.4.1.14519.5.2.1.6279.6001.188619674701053082195613114069/surface_grid_float_1.3.6.1.4.1.14519.5.2.1.6279.6001.188619674701053082195613114069.npy,0.5355809438470729,0.3749425709247589,0.2544667720794678,1.0,152.78826904296875,32.594974517822266,1.9817807734012598,2.8197829031944295,3.3623642921447754,12.804291725158691,28,20,8,151.08621215820312,0.3676945837789112,high_review,127
detector_top5,1.3.6.1.4.1.14519.5.2.1.6279.6001.244204120220889433826451158706,outputs/luna16_saliency_synthetic_detector_top5_minprob0.5/1.3.6.1.4.1.14519.5.2.1.6279.6001.244204120220889433826451158706/surface_1.3.6.1.4.1.14519.5.2.1.6279.6001.244204120220889433826451158706.png,outputs/luna16_saliency_synthetic_detector_top5_minprob0.5/1.3.6.1.4.1.14519.5.2.1.6279.6001.244204120220889433826451158706/surface_grid_float_1.3.6.1.4.1.14519.5.2.1.6279.6001.244204120220889433826451158706.npy,0.48455150515967516,0.3827444911003113,0.23457103967666626,1.0,143.8048095703125,34.20701217651367,1.4882673859596247,3.4368034410476698,28.391944885253906,11.191429138183594,33,25,8,80.17484283447266,0.3676486283779144,high_review,128
detector_top5,1.3.6.1.4.1.14519.5.2.1.6279.6001.309955814083231537823157605135,outputs/luna16_saliency_synthetic_detector_top5_minprob0.5/1.3.6.1.4.1.14519.5.2.1.6279.6001.309955814083231537823157605135/surface_1.3.6.1.4.1.14519.5.2.1.6279.6001.309955814083231537823157605135.png,outputs/luna16_saliency_synthetic_detector_top5_minprob0.5/1.3.6.1.4.1.14519.5.2.1.6279.6001.309955814083231537823157605135/surface_grid_float_1.3.6.1.4.1.14519.5.2.1.6279.6001.309955814083231537823157605135.npy,0.5869789015215793,0.3043229877948761,0.2253771275281906,0.9019607901573181,156.8573760986328,23.991294860839844,1.785648727416992,2.3271165132522578,2.589233160018921,15.62398624420166,23,15,8,156.64102172851562,0.365962424993515,high_review,129
detector_top5,1.3.6.1.4.1.14519.5.2.1.6279.6001.329404588567903628160652715124,outputs/luna16_saliency_synthetic_detector_top5_minprob0.5/1.3.6.1.4.1.14519.5.2.1.6279.6001.329404588567903628160652715124/surface_1.3.6.1.4.1.14519.5.2.1.6279.6001.329404588567903628160652715124.png,outputs/luna16_saliency_synthetic_detector_top5_minprob0.5/1.3.6.1.4.1.14519.5.2.1.6279.6001.329404588567903628160652715124/surface_grid_float_1.3.6.1.4.1.14519.5.2.1.6279.6001.329404588567903628160652715124.npy,0.6212783704879656,0.30374133586883545,0.2348843365907669,0.9333333373069763,153.21978759765625,27.18558120727539,1.6832919359207132,3.018882789611819,3.567072629928589,8.838374137878418,18,10,8,152.44851684570312,0.36557362776862257,high_review,130
detector_top5,1.3.6.1.4.1.14519.5.2.1.6279.6001.204287915902811325371247860532,outputs/luna16_saliency_synthetic_detector_top5_minprob0.5/1.3.6.1.4.1.14519.5.2.1.6279.6001.204287915902811325371247860532/surface_1.3.6.1.4.1.14519.5.2.1.6279.6001.204287915902811325371247860532.png,outputs/luna16_saliency_synthetic_detector_top5_minprob0.5/1.3.6.1.4.1.14519.5.2.1.6279.6001.204287915902811325371247860532/surface_grid_float_1.3.6.1.4.1.14519.5.2.1.6279.6001.204287915902811325371247860532.npy,0.21240721526059542,0.48671072721481323,0.2543503940105438,1.0,116.38560485839844,27.16731071472168,1.228175014257431,1.4121615111827848,2.20878529548645,22.73516082763672,33,25,8,115.26109313964844,0.36548788147230166,high_review,131
detector_top5,1.3.6.1.4.1.14519.5.2.1.6279.6001.200725988589959521302320481687,outputs/luna16_saliency_synthetic_detector_top5_minprob0.5/1.3.6.1.4.1.14519.5.2.1.6279.6001.200725988589959521302320481687/surface_1.3.6.1.4.1.14519.5.2.1.6279.6001.200725988589959521302320481687.png,outputs/luna16_saliency_synthetic_detector_top5_minprob0.5/1.3.6.1.4.1.14519.5.2.1.6279.6001.200725988589959521302320481687/surface_grid_float_1.3.6.1.4.1.14519.5.2.1.6279.6001.200725988589959521302320481687.npy,0.4664971154269609,0.35115623474121094,0.22911064326763153,1.0,141.92669677734375,25.809490203857422,1.3888276040554037,2.95968360185623,4.321341037750244,17.9449405670166,18,10,8,126.90583038330078,0.36521264838907447,high_review,132
detector_top5,1.3.6.1.4.1.14519.5.2.1.6279.6001.302557165094691896097534021075,outputs/luna16_saliency_synthetic_detector_top5_minprob0.5/1.3.6.1.4.1.14519.5.2.1.6279.6001.302557165094691896097534021075/surface_1.3.6.1.4.1.14519.5.2.1.6279.6001.302557165094691896097534021075.png,outputs/luna16_saliency_synthetic_detector_top5_minprob0.5/1.3.6.1.4.1.14519.5.2.1.6279.6001.302557165094691896097534021075/surface_grid_float_1.3.6.1.4.1.14519.5.2.1.6279.6001.302557165094691896097534021075.npy,0.5896105410447762,0.3846650719642639,0.2582775354385376,0.9803921580314636,155.54705810546875,34.364376068115234,1.344304472208023,2.266719269752498,2.9650015830993652,16.676227569580078,18,10,8,155.0580596923828,0.3643049584229786,high_review,133
detector_top5,1.3.6.1.4.1.14519.5.2.1.6279.6001.137763212752154081977261297097,outputs/luna16_saliency_synthetic_detector_top5_minprob0.5/1.3.6.1.4.1.14519.5.2.1.6279.6001.137763212752154081977261297097/surface_1.3.6.1.4.1.14519.5.2.1.6279.6001.137763212752154081977261297097.png,outputs/luna16_saliency_synthetic_detector_top5_minprob0.5/1.3.6.1.4.1.14519.5.2.1.6279.6001.137763212752154081977261297097/surface_grid_float_1.3.6.1.4.1.14519.5.2.1.6279.6001.137763212752154081977261297097.npy,0.515911330049261,0.3667229115962982,0.2523929178714752,1.0,133.6953887939453,24.378589630126953,1.9749964296817748,4.059312605857851,10.412108421325684,8.824028968811035,33,25,8,129.62554931640625,0.3642139794296689,high_review,134
detector_top5,1.3.6.1.4.1.14519.5.2.1.6279.6001.202464973819273687476049035824,outputs/luna16_saliency_synthetic_detector_top5_minprob0.5/1.3.6.1.4.1.14519.5.2.1.6279.6001.202464973819273687476049035824/surface_1.3.6.1.4.1.14519.5.2.1.6279.6001.202464973819273687476049035824.png,outputs/luna16_saliency_synthetic_detector_top5_minprob0.5/1.3.6.1.4.1.14519.5.2.1.6279.6001.202464973819273687476049035824/surface_grid_float_1.3.6.1.4.1.14519.5.2.1.6279.6001.202464973819273687476049035824.npy,0.7089838791571464,0.3023679256439209,0.22313812375068665,0.929411768913269,144.357177734375,31.377782821655273,1.6267075002193436,2.8333379364013638,3.6014771461486816,16.97189712524414,33,25,8,143.6183624267578,0.3633107612609862,high_review,135
detector_top5,1.3.6.1.4.1.14519.5.2.1.6279.6001.297964221542942838344351735414,outputs/luna16_saliency_synthetic_detector_top5_minprob0.5/1.3.6.1.4.1.14519.5.2.1.6279.6001.297964221542942838344351735414/surface_1.3.6.1.4.1.14519.5.2.1.6279.6001.297964221542942838344351735414.png,outputs/luna16_saliency_synthetic_detector_top5_minprob0.5/1.3.6.1.4.1.14519.5.2.1.6279.6001.297964221542942838344351735414/surface_grid_float_1.3.6.1.4.1.14519.5.2.1.6279.6001.297964221542942838344351735414.npy,0.2911269200821123,0.3968319594860077,0.2353506237268448,1.0,139.3013916015625,32.586341857910156,1.7432568490505216,2.053254885673523,4.4689812660217285,15.249619483947754,33,25,8,133.01998901367188,0.36129643582355014,high_review,136
detector_top5,1.3.6.1.4.1.14519.5.2.1.6279.6001.765930210026773090100532964804,outputs/luna16_saliency_synthetic_detector_top5_minprob0.5/1.3.6.1.4.1.14519.5.2.1.6279.6001.765930210026773090100532964804/surface_1.3.6.1.4.1.14519.5.2.1.6279.6001.765930210026773090100532964804.png,outputs/luna16_saliency_synthetic_detector_top5_minprob0.5/1.3.6.1.4.1.14519.5.2.1.6279.6001.765930210026773090100532964804/surface_grid_float_1.3.6.1.4.1.14519.5.2.1.6279.6001.765930210026773090100532964804.npy,0.488545246277205,0.428830623626709,0.26184776425361633,1.0,150.27427673339844,33.651283264160156,1.5311499536037445,2.5534797310829163,6.78306770324707,15.122082710266113,23,15,8,145.56858825683594,0.36066614806652064,high_review,137
detector_top5,1.3.6.1.4.1.14519.5.2.1.6279.6001.334105754605642100456249422350,outputs/luna16_saliency_synthetic_detector_top5_minprob0.5/1.3.6.1.4.1.14519.5.2.1.6279.6001.334105754605642100456249422350/surface_1.3.6.1.4.1.14519.5.2.1.6279.6001.334105754605642100456249422350.png,outputs/luna16_saliency_synthetic_detector_top5_minprob0.5/1.3.6.1.4.1.14519.5.2.1.6279.6001.334105754605642100456249422350/surface_grid_float_1.3.6.1.4.1.14519.5.2.1.6279.6001.334105754605642100456249422350.npy,0.6126007597516909,0.3239307999610901,0.2306121587753296,0.9176470637321472,140.19082641601562,25.465179443359375,2.129146432876586,3.1191089439392097,4.234501361846924,14.522958755493164,23,15,8,139.6722412109375,0.359497887357076,high_review,138
detector_top5,1.3.6.1.4.1.14519.5.2.1.6279.6001.271220641987745483198036913951,outputs/luna16_saliency_synthetic_detector_top5_minprob0.5/1.3.6.1.4.1.14519.5.2.1.6279.6001.271220641987745483198036913951/surface_1.3.6.1.4.1.14519.5.2.1.6279.6001.271220641987745483198036913951.png,outputs/luna16_saliency_synthetic_detector_top5_minprob0.5/1.3.6.1.4.1.14519.5.2.1.6279.6001.271220641987745483198036913951/surface_grid_float_1.3.6.1.4.1.14519.5.2.1.6279.6001.271220641987745483198036913951.npy,0.12854355910504175,0.44861093163490295,0.25159916281700134,0.9803921580314636,75.46078491210938,10.64798355102539,1.0144915997982016,2.8801539134979257,7.594305038452148,9.033361434936523,33,25,8,40.224822998046875,0.3587932664347964,high_review,139
detector_top5,1.3.6.1.4.1.14519.5.2.1.6279.6001.148447286464082095534651426689,outputs/luna16_saliency_synthetic_detector_top5_minprob0.5/1.3.6.1.4.1.14519.5.2.1.6279.6001.148447286464082095534651426689/surface_1.3.6.1.4.1.14519.5.2.1.6279.6001.148447286464082095534651426689.png,outputs/luna16_saliency_synthetic_detector_top5_minprob0.5/1.3.6.1.4.1.14519.5.2.1.6279.6001.148447286464082095534651426689/surface_grid_float_1.3.6.1.4.1.14519.5.2.1.6279.6001.148447286464082095534651426689.npy,0.4750469363372589,0.39487841725349426,0.23600031435489655,1.0,117.87734985351562,22.064775466918945,1.541159397363659,3.99846461057663,8.46239185333252,18.923648834228516,33,25,8,116.11219787597656,0.35846874103811055,high_review,140
detector_top5,1.3.6.1.4.1.14519.5.2.1.6279.6001.944888107209008719031293531091,outputs/luna16_saliency_synthetic_detector_top5_minprob0.5/1.3.6.1.4.1.14519.5.2.1.6279.6001.944888107209008719031293531091/surface_1.3.6.1.4.1.14519.5.2.1.6279.6001.944888107209008719031293531091.png,outputs/luna16_saliency_synthetic_detector_top5_minprob0.5/1.3.6.1.4.1.14519.5.2.1.6279.6001.944888107209008719031293531091/surface_grid_float_1.3.6.1.4.1.14519.5.2.1.6279.6001.944888107209008719031293531091.npy,0.4635231755424063,0.3668503761291504,0.2299327254295349,0.9803921580314636,132.12274169921875,27.19913673400879,1.5029858887195593,3.531472773551929,14.033692359924316,14.152313232421875,23,15,8,109.0,0.3575983376661933,high_review,141
detector_top5,1.3.6.1.4.1.14519.5.2.1.6279.6001.922852847124879997825997808179,outputs/luna16_saliency_synthetic_detector_top5_minprob0.5/1.3.6.1.4.1.14519.5.2.1.6279.6001.922852847124879997825997808179/surface_1.3.6.1.4.1.14519.5.2.1.6279.6001.922852847124879997825997808179.png,outputs/luna16_saliency_synthetic_detector_top5_minprob0.5/1.3.6.1.4.1.14519.5.2.1.6279.6001.922852847124879997825997808179/surface_grid_float_1.3.6.1.4.1.14519.5.2.1.6279.6001.922852847124879997825997808179.npy,0.39417256591771827,0.34903737902641296,0.24246937036514282,1.0,129.96542358398438,20.918596267700195,1.8347825109958649,3.958325982093811,5.233755588531494,9.951029777526855,28,20,8,127.35952758789062,0.3574722182750702,high_review,142
detector_top5,1.3.6.1.4.1.14519.5.2.1.6279.6001.805925269324902055566754756843,outputs/luna16_saliency_synthetic_detector_top5_minprob0.5/1.3.6.1.4.1.14519.5.2.1.6279.6001.805925269324902055566754756843/surface_1.3.6.1.4.1.14519.5.2.1.6279.6001.805925269324902055566754756843.png,outputs/luna16_saliency_synthetic_detector_top5_minprob0.5/1.3.6.1.4.1.14519.5.2.1.6279.6001.805925269324902055566754756843/surface_grid_float_1.3.6.1.4.1.14519.5.2.1.6279.6001.805925269324902055566754756843.npy,0.5869701026327533,0.31346753239631653,0.22927019000053406,0.9843137264251709,151.27867126464844,34.34657287597656,1.4507006764411927,1.868125901222229,1.9883397817611694,22.153047561645508,23,15,8,150.47412109375,0.35740389039251536,high_review,143
detector_top5,1.3.6.1.4.1.14519.5.2.1.6279.6001.187966156856911682643615997798,outputs/luna16_saliency_synthetic_detector_top5_minprob0.5/1.3.6.1.4.1.14519.5.2.1.6279.6001.187966156856911682643615997798/surface_1.3.6.1.4.1.14519.5.2.1.6279.6001.187966156856911682643615997798.png,outputs/luna16_saliency_synthetic_detector_top5_minprob0.5/1.3.6.1.4.1.14519.5.2.1.6279.6001.187966156856911682643615997798/surface_grid_float_1.3.6.1.4.1.14519.5.2.1.6279.6001.187966156856911682643615997798.npy,0.5930767942850764,0.3227698504924774,0.23749519884586334,0.929411768913269,153.49632263183594,36.563602447509766,1.541308909654617,1.9104295372962947,4.903523921966553,17.92150115966797,33,25,8,152.4420166015625,0.35296564863787755,high_review,144
detector_top5,1.3.6.1.4.1.14519.5.2.1.6279.6001.177685820605315926524514718990,outputs/luna16_saliency_synthetic_detector_top5_minprob0.5/1.3.6.1.4.1.14519.5.2.1.6279.6001.177685820605315926524514718990/surface_1.3.6.1.4.1.14519.5.2.1.6279.6001.177685820605315926524514718990.png,outputs/luna16_saliency_synthetic_detector_top5_minprob0.5/1.3.6.1.4.1.14519.5.2.1.6279.6001.177685820605315926524514718990/surface_grid_float_1.3.6.1.4.1.14519.5.2.1.6279.6001.177685820605315926524514718990.npy,0.5730903560162235,0.3580252528190613,0.22553454339504242,1.0,126.9861831665039,24.912368774414062,1.4857178270816802,3.5138904595374885,4.768710613250732,15.626232147216797,28,20,8,124.27604675292969,0.35178531272411295,high_review,145
detector_top5,1.3.6.1.4.1.14519.5.2.1.6279.6001.964952370561266624992539111877,outputs/luna16_saliency_synthetic_detector_top5_minprob0.5/1.3.6.1.4.1.14519.5.2.1.6279.6001.964952370561266624992539111877/surface_1.3.6.1.4.1.14519.5.2.1.6279.6001.964952370561266624992539111877.png,outputs/luna16_saliency_synthetic_detector_top5_minprob0.5/1.3.6.1.4.1.14519.5.2.1.6279.6001.964952370561266624992539111877/surface_grid_float_1.3.6.1.4.1.14519.5.2.1.6279.6001.964952370561266624992539111877.npy,0.49842899036447424,0.3071928322315216,0.23740240931510925,0.9450980424880981,140.90087890625,30.329853057861328,1.912080705165863,3.039368283748624,3.862504005432129,11.456323623657227,33,25,8,140.06915283203125,0.35147434363100255,high_review,146
detector_top5,1.3.6.1.4.1.14519.5.2.1.6279.6001.779493719385047675154892222907,outputs/luna16_saliency_synthetic_detector_top5_minprob0.5/1.3.6.1.4.1.14519.5.2.1.6279.6001.779493719385047675154892222907/surface_1.3.6.1.4.1.14519.5.2.1.6279.6001.779493719385047675154892222907.png,outputs/luna16_saliency_synthetic_detector_top5_minprob0.5/1.3.6.1.4.1.14519.5.2.1.6279.6001.779493719385047675154892222907/surface_grid_float_1.3.6.1.4.1.14519.5.2.1.6279.6001.779493719385047675154892222907.npy,0.5675342256381144,0.338958203792572,0.22288137674331665,0.8784313797950745,135.4724578857422,32.670143127441406,1.4707488298416136,3.0272924256324765,5.598165035247803,15.490419387817383,33,25,8,133.48558044433594,0.35102935677369435,high_review,147
detector_top5,1.3.6.1.4.1.14519.5.2.1.6279.6001.336225579776978874775723463327,outputs/luna16_saliency_synthetic_detector_top5_minprob0.5/1.3.6.1.4.1.14519.5.2.1.6279.6001.336225579776978874775723463327/surface_1.3.6.1.4.1.14519.5.2.1.6279.6001.336225579776978874775723463327.png,outputs/luna16_saliency_synthetic_detector_top5_minprob0.5/1.3.6.1.4.1.14519.5.2.1.6279.6001.336225579776978874775723463327/surface_grid_float_1.3.6.1.4.1.14519.5.2.1.6279.6001.336225579776978874775723463327.npy,0.6269493244169156,0.3231259286403656,0.2360207438468933,1.0,151.71864318847656,29.730247497558594,1.6080185651779157,2.1667628741264364,2.3328025341033936,14.277386665344238,23,15,8,151.415283203125,0.3495948174609079,high_review,148
detector_top5,1.3.6.1.4.1.14519.5.2.1.6279.6001.288701997968615460794642979503,outputs/luna16_saliency_synthetic_detector_top5_minprob0.5/1.3.6.1.4.1.14519.5.2.1.6279.6001.288701997968615460794642979503/surface_1.3.6.1.4.1.14519.5.2.1.6279.6001.288701997968615460794642979503.png,outputs/luna16_saliency_synthetic_detector_top5_minprob0.5/1.3.6.1.4.1.14519.5.2.1.6279.6001.288701997968615460794642979503/surface_grid_float_1.3.6.1.4.1.14519.5.2.1.6279.6001.288701997968615460794642979503.npy,0.047930652414781984,0.6094866394996643,0.2210567146539688,1.0,46.81158447265625,12.559264183044434,0.8979333698749542,2.4156373882293702,6.125680923461914,11.898579597473145,33,25,8,32.03973388671875,0.34954077285867463,high_review,149
detector_top5,1.3.6.1.4.1.14519.5.2.1.6279.6001.292049618819567427252971059233,outputs/luna16_saliency_synthetic_detector_top5_minprob0.5/1.3.6.1.4.1.14519.5.2.1.6279.6001.292049618819567427252971059233/surface_1.3.6.1.4.1.14519.5.2.1.6279.6001.292049618819567427252971059233.png,outputs/luna16_saliency_synthetic_detector_top5_minprob0.5/1.3.6.1.4.1.14519.5.2.1.6279.6001.292049618819567427252971059233/surface_grid_float_1.3.6.1.4.1.14519.5.2.1.6279.6001.292049618819567427252971059233.npy,0.3045902966943974,0.35224947333335876,0.22776681184768677,0.8941176533699036,137.31434631347656,32.156280517578125,1.6079019844532008,1.8056308650970458,3.2598979473114014,18.14495277404785,23,15,8,136.17274475097656,0.34929668897328336,high_review,150
detector_top5,1.3.6.1.4.1.14519.5.2.1.6279.6001.675543413149938600000570588203,outputs/luna16_saliency_synthetic_detector_top5_minprob0.5/1.3.6.1.4.1.14519.5.2.1.6279.6001.675543413149938600000570588203/surface_1.3.6.1.4.1.14519.5.2.1.6279.6001.675543413149938600000570588203.png,outputs/luna16_saliency_synthetic_detector_top5_minprob0.5/1.3.6.1.4.1.14519.5.2.1.6279.6001.675543413149938600000570588203/surface_grid_float_1.3.6.1.4.1.14519.5.2.1.6279.6001.675543413149938600000570588203.npy,0.06115556270355032,0.6870042085647583,0.15143144130706787,1.0,46.30067443847656,13.17021369934082,0.6440865159034721,2.173341779708866,4.8707499504089355,7.657949447631836,33,25,8,27.0487060546875,0.34872395307710796,high_review,151
detector_top5,1.3.6.1.4.1.14519.5.2.1.6279.6001.725023183844147505748475581290,outputs/luna16_saliency_synthetic_detector_top5_minprob0.5/1.3.6.1.4.1.14519.5.2.1.6279.6001.725023183844147505748475581290/surface_1.3.6.1.4.1.14519.5.2.1.6279.6001.725023183844147505748475581290.png,outputs/luna16_saliency_synthetic_detector_top5_minprob0.5/1.3.6.1.4.1.14519.5.2.1.6279.6001.725023183844147505748475581290/surface_grid_float_1.3.6.1.4.1.14519.5.2.1.6279.6001.725023183844147505748475581290.npy,0.5279535241248817,0.3776594400405884,0.24081462621688843,0.9372549057006836,135.4462127685547,25.17459487915039,1.6655210494995114,2.7122625613212583,3.4083762168884277,18.568622589111328,33,25,8,135.0076446533203,0.3483751705408096,high_review,152
detector_top5,1.3.6.1.4.1.14519.5.2.1.6279.6001.191266041369462391833537519639,outputs/luna16_saliency_synthetic_detector_top5_minprob0.5/1.3.6.1.4.1.14519.5.2.1.6279.6001.191266041369462391833537519639/surface_1.3.6.1.4.1.14519.5.2.1.6279.6001.191266041369462391833537519639.png,outputs/luna16_saliency_synthetic_detector_top5_minprob0.5/1.3.6.1.4.1.14519.5.2.1.6279.6001.191266041369462391833537519639/surface_grid_float_1.3.6.1.4.1.14519.5.2.1.6279.6001.191266041369462391833537519639.npy,0.6224480777728679,0.3193170130252838,0.22393231093883514,1.0,143.47293090820312,26.670795440673828,1.817059993743894,2.824689311981202,3.2706310749053955,10.964754104614258,33,25,8,141.68377685546875,0.3482283511055841,high_review,153
detector_top5,1.3.6.1.4.1.14519.5.2.1.6279.6001.219428004988664846407984058588,outputs/luna16_saliency_synthetic_detector_top5_minprob0.5/1.3.6.1.4.1.14519.5.2.1.6279.6001.219428004988664846407984058588/surface_1.3.6.1.4.1.14519.5.2.1.6279.6001.219428004988664846407984058588.png,outputs/luna16_saliency_synthetic_detector_top5_minprob0.5/1.3.6.1.4.1.14519.5.2.1.6279.6001.219428004988664846407984058588/surface_grid_float_1.3.6.1.4.1.14519.5.2.1.6279.6001.219428004988664846407984058588.npy,0.5785136305276044,0.39086586236953735,0.2357793152332306,1.0,142.7178955078125,29.9783935546875,1.744859164953231,2.735304629802705,6.201023101806641,12.106701850891113,33,25,8,141.91522216796875,0.3468260799646377,high_review,154
detector_top5,1.3.6.1.4.1.14519.5.2.1.6279.6001.235364978775280910367690540811,outputs/luna16_saliency_synthetic_detector_top5_minprob0.5/1.3.6.1.4.1.14519.5.2.1.6279.6001.235364978775280910367690540811/surface_1.3.6.1.4.1.14519.5.2.1.6279.6001.235364978775280910367690540811.png,outputs/luna16_saliency_synthetic_detector_top5_minprob0.5/1.3.6.1.4.1.14519.5.2.1.6279.6001.235364978775280910367690540811/surface_grid_float_1.3.6.1.4.1.14519.5.2.1.6279.6001.235364978775280910367690540811.npy,0.5950278987999694,0.3300614655017853,0.23884612321853638,0.9176470637321472,157.5753173828125,36.951148986816406,1.4750630259513855,1.6476909947395326,1.6934291124343872,15.356391906738281,18,10,8,157.28244018554688,0.34618157416184747,high_review,155
detector_top5,1.3.6.1.4.1.14519.5.2.1.6279.6001.690929968028676628605553365896,outputs/luna16_saliency_synthetic_detector_top5_minprob0.5/1.3.6.1.4.1.14519.5.2.1.6279.6001.690929968028676628605553365896/surface_1.3.6.1.4.1.14519.5.2.1.6279.6001.690929968028676628605553365896.png,outputs/luna16_saliency_synthetic_detector_top5_minprob0.5/1.3.6.1.4.1.14519.5.2.1.6279.6001.690929968028676628605553365896/surface_grid_float_1.3.6.1.4.1.14519.5.2.1.6279.6001.690929968028676628605553365896.npy,0.5114045618247299,0.3236359655857086,0.22429563105106354,0.9176470637321472,136.52914428710938,28.100120544433594,1.5377735197544091,2.9331999111175557,3.6283464431762695,13.405265808105469,18,10,8,134.57164001464844,0.3453340507189433,high_review,156
detector_top5,1.3.6.1.4.1.14519.5.2.1.6279.6001.416701701108520592702405866796,outputs/luna16_saliency_synthetic_detector_top5_minprob0.5/1.3.6.1.4.1.14519.5.2.1.6279.6001.416701701108520592702405866796/surface_1.3.6.1.4.1.14519.5.2.1.6279.6001.416701701108520592702405866796.png,outputs/luna16_saliency_synthetic_detector_top5_minprob0.5/1.3.6.1.4.1.14519.5.2.1.6279.6001.416701701108520592702405866796/surface_grid_float_1.3.6.1.4.1.14519.5.2.1.6279.6001.416701701108520592702405866796.npy,0.5750571541190382,0.4119085669517517,0.22017072141170502,0.9215686321258545,144.04855346679688,31.66001319885254,1.6635582208633422,2.2819280052185067,2.4810261726379395,16.42107582092285,33,25,8,143.92193603515625,0.34503004220326744,high_review,157
detector_top5,1.3.6.1.4.1.14519.5.2.1.6279.6001.877026508860018521147620598474,outputs/luna16_saliency_synthetic_detector_top5_minprob0.5/1.3.6.1.4.1.14519.5.2.1.6279.6001.877026508860018521147620598474/surface_1.3.6.1.4.1.14519.5.2.1.6279.6001.877026508860018521147620598474.png,outputs/luna16_saliency_synthetic_detector_top5_minprob0.5/1.3.6.1.4.1.14519.5.2.1.6279.6001.877026508860018521147620598474/surface_grid_float_1.3.6.1.4.1.14519.5.2.1.6279.6001.877026508860018521147620598474.npy,0.5487557952502602,0.3655828535556793,0.27418893575668335,1.0,139.84703063964844,25.8243408203125,1.79919590950012,2.222899131774902,2.37579083442688,20.228681564331055,28,20,8,139.64463806152344,0.34471798405117454,high_review,158
detector_top5,1.3.6.1.4.1.14519.5.2.1.6279.6001.882070241245008756731854510592,outputs/luna16_saliency_synthetic_detector_top5_minprob0.5/1.3.6.1.4.1.14519.5.2.1.6279.6001.882070241245008756731854510592/surface_1.3.6.1.4.1.14519.5.2.1.6279.6001.882070241245008756731854510592.png,outputs/luna16_saliency_synthetic_detector_top5_minprob0.5/1.3.6.1.4.1.14519.5.2.1.6279.6001.882070241245008756731854510592/surface_grid_float_1.3.6.1.4.1.14519.5.2.1.6279.6001.882070241245008756731854510592.npy,0.2960161828419607,0.3713669180870056,0.23747773468494415,0.9686274528503418,125.48844909667969,27.398542404174805,1.6217786192893973,2.4662470293045047,3.062919855117798,13.170801162719727,33,25,8,123.9195556640625,0.34325116858741367,high_review,159
detector_top5,1.3.6.1.4.1.14519.5.2.1.6279.6001.301582691063019848479942618641,outputs/luna16_saliency_synthetic_detector_top5_minprob0.5/1.3.6.1.4.1.14519.5.2.1.6279.6001.301582691063019848479942618641/surface_1.3.6.1.4.1.14519.5.2.1.6279.6001.301582691063019848479942618641.png,outputs/luna16_saliency_synthetic_detector_top5_minprob0.5/1.3.6.1.4.1.14519.5.2.1.6279.6001.301582691063019848479942618641/surface_grid_float_1.3.6.1.4.1.14519.5.2.1.6279.6001.301582691063019848479942618641.npy,0.6695083721997095,0.26703593134880066,0.22404709458351135,0.8416470682621104,142.70086669921875,27.804059982299805,1.8395058274269092,2.4815712881088277,3.0842432975769043,13.682389259338379,33,25,8,138.12042236328125,0.34268722594049245,high_review,160
detector_top5,1.3.6.1.4.1.14519.5.2.1.6279.6001.397202838387416555106806022938,outputs/luna16_saliency_synthetic_detector_top5_minprob0.5/1.3.6.1.4.1.14519.5.2.1.6279.6001.397202838387416555106806022938/surface_1.3.6.1.4.1.14519.5.2.1.6279.6001.397202838387416555106806022938.png,outputs/luna16_saliency_synthetic_detector_top5_minprob0.5/1.3.6.1.4.1.14519.5.2.1.6279.6001.397202838387416555106806022938/surface_grid_float_1.3.6.1.4.1.14519.5.2.1.6279.6001.397202838387416555106806022938.npy,0.4263329893360853,0.49219003319740295,0.20473472774028778,1.0,138.5098419189453,26.5034122467041,1.739306485652923,2.840361573696137,3.2518367767333984,11.961491584777832,18,10,8,135.77308654785156,0.342641676153077,high_review,161
detector_top5,1.3.6.1.4.1.14519.5.2.1.6279.6001.259123825760999546551970425757,outputs/luna16_saliency_synthetic_detector_top5_minprob0.5/1.3.6.1.4.1.14519.5.2.1.6279.6001.259123825760999546551970425757/surface_1.3.6.1.4.1.14519.5.2.1.6279.6001.259123825760999546551970425757.png,outputs/luna16_saliency_synthetic_detector_top5_minprob0.5/1.3.6.1.4.1.14519.5.2.1.6279.6001.259123825760999546551970425757/surface_grid_float_1.3.6.1.4.1.14519.5.2.1.6279.6001.259123825760999546551970425757.npy,0.5234559029025432,0.3838881254196167,0.250100314617157,1.0,146.28958129882812,33.27385711669922,1.3971266388893127,2.264993877410888,2.646458625793457,13.724684715270996,23,15,8,145.4241943359375,0.3422650845209757,high_review,162
detector_top5,1.3.6.1.4.1.14519.5.2.1.6279.6001.931383239747372227838946053237,outputs/luna16_saliency_synthetic_detector_top5_minprob0.5/1.3.6.1.4.1.14519.5.2.1.6279.6001.931383239747372227838946053237/surface_1.3.6.1.4.1.14519.5.2.1.6279.6001.931383239747372227838946053237.png,outputs/luna16_saliency_synthetic_detector_top5_minprob0.5/1.3.6.1.4.1.14519.5.2.1.6279.6001.931383239747372227838946053237/surface_grid_float_1.3.6.1.4.1.14519.5.2.1.6279.6001.931383239747372227838946053237.npy,0.2949523980599964,0.44172531366348267,0.23183971643447876,1.0,133.89111328125,30.270328521728516,1.5252182960510252,1.6659916257858276,3.723754405975342,15.288098335266113,33,25,8,132.75421142578125,0.3385609286356167,high_review,163
detector_top5,1.3.6.1.4.1.14519.5.2.1.6279.6001.766881513533845439335142582269,outputs/luna16_saliency_synthetic_detector_top5_minprob0.5/1.3.6.1.4.1.14519.5.2.1.6279.6001.766881513533845439335142582269/surface_1.3.6.1.4.1.14519.5.2.1.6279.6001.766881513533845439335142582269.png,outputs/luna16_saliency_synthetic_detector_top5_minprob0.5/1.3.6.1.4.1.14519.5.2.1.6279.6001.766881513533845439335142582269/surface_grid_float_1.3.6.1.4.1.14519.5.2.1.6279.6001.766881513533845439335142582269.npy,0.05976763684273566,0.5210831761360168,0.24567462503910065,1.0,45.32386779785156,12.29380989074707,1.0797882080078125,2.488000297546393,5.7831130027771,10.127281188964844,33,25,8,30.0389404296875,0.33853192255958237,high_review,164
detector_top5,1.3.6.1.4.1.14519.5.2.1.6279.6001.286422846896797433168187085942,outputs/luna16_saliency_synthetic_detector_top5_minprob0.5/1.3.6.1.4.1.14519.5.2.1.6279.6001.286422846896797433168187085942/surface_1.3.6.1.4.1.14519.5.2.1.6279.6001.286422846896797433168187085942.png,outputs/luna16_saliency_synthetic_detector_top5_minprob0.5/1.3.6.1.4.1.14519.5.2.1.6279.6001.286422846896797433168187085942/surface_grid_float_1.3.6.1.4.1.14519.5.2.1.6279.6001.286422846896797433168187085942.npy,0.3596139143730887,0.3467091917991638,0.2206130176782608,0.9098039269447327,136.3673095703125,32.13121795654297,1.7392614543437956,2.081238248348236,2.8019046783447266,21.82306671142578,33,25,8,131.184326171875,0.3382117005374697,high_review,165
detector_top5,1.3.6.1.4.1.14519.5.2.1.6279.6001.203179378754043776171267611064,outputs/luna16_saliency_synthetic_detector_top5_minprob0.5/1.3.6.1.4.1.14519.5.2.1.6279.6001.203179378754043776171267611064/surface_1.3.6.1.4.1.14519.5.2.1.6279.6001.203179378754043776171267611064.png,outputs/luna16_saliency_synthetic_detector_top5_minprob0.5/1.3.6.1.4.1.14519.5.2.1.6279.6001.203179378754043776171267611064/surface_grid_float_1.3.6.1.4.1.14519.5.2.1.6279.6001.203179378754043776171267611064.npy,0.5762097551571236,0.3641134798526764,0.24446819722652435,1.0,118.26644897460938,26.985759735107422,1.6041039288043963,3.744063692092892,8.21988296508789,12.858391761779785,23,15,8,100.0,0.3380068629688686,high_review,166
detector_top5,1.3.6.1.4.1.14519.5.2.1.6279.6001.561423049201987049884663740668,outputs/luna16_saliency_synthetic_detector_top5_minprob0.5/1.3.6.1.4.1.14519.5.2.1.6279.6001.561423049201987049884663740668/surface_1.3.6.1.4.1.14519.5.2.1.6279.6001.561423049201987049884663740668.png,outputs/luna16_saliency_synthetic_detector_top5_minprob0.5/1.3.6.1.4.1.14519.5.2.1.6279.6001.561423049201987049884663740668/surface_grid_float_1.3.6.1.4.1.14519.5.2.1.6279.6001.561423049201987049884663740668.npy,0.5509260592793156,0.33079198002815247,0.23332281410694122,0.9960784316062927,159.5335693359375,36.08666229248047,1.2088338911533354,1.3631473553180693,1.5688151121139526,13.07277774810791,28,20,8,159.30014038085938,0.3358343201041222,high_review,167
detector_top5,1.3.6.1.4.1.14519.5.2.1.6279.6001.241717018262666382493757419144,outputs/luna16_saliency_synthetic_detector_top5_minprob0.5/1.3.6.1.4.1.14519.5.2.1.6279.6001.241717018262666382493757419144/surface_1.3.6.1.4.1.14519.5.2.1.6279.6001.241717018262666382493757419144.png,outputs/luna16_saliency_synthetic_detector_top5_minprob0.5/1.3.6.1.4.1.14519.5.2.1.6279.6001.241717018262666382493757419144/surface_grid_float_1.3.6.1.4.1.14519.5.2.1.6279.6001.241717018262666382493757419144.npy,0.4624727184544499,0.359161376953125,0.22500884532928467,0.8235294222831726,134.859619140625,28.249841690063477,2.0313184976577756,2.7571108388900747,3.271848678588867,11.644055366516113,23,15,8,134.2733154296875,0.3333550356600019,high_review,168
detector_top5,1.3.6.1.4.1.14519.5.2.1.6279.6001.316900421002460665752357657094,outputs/luna16_saliency_synthetic_detector_top5_minprob0.5/1.3.6.1.4.1.14519.5.2.1.6279.6001.316900421002460665752357657094/surface_1.3.6.1.4.1.14519.5.2.1.6279.6001.316900421002460665752357657094.png,outputs/luna16_saliency_synthetic_detector_top5_minprob0.5/1.3.6.1.4.1.14519.5.2.1.6279.6001.316900421002460665752357657094/surface_grid_float_1.3.6.1.4.1.14519.5.2.1.6279.6001.316900421002460665752357657094.npy,0.5277459016393443,0.3268963694572449,0.2450563758611679,0.9058823585510254,139.0452880859375,31.262847900390625,1.453797233104706,2.442580115795129,3.9831759929656982,12.41183853149414,28,20,8,136.70213317871094,0.33260141368707,high_review,169
detector_top5,1.3.6.1.4.1.14519.5.2.1.6279.6001.308655308958459380153492314021,outputs/luna16_saliency_synthetic_detector_top5_minprob0.5/1.3.6.1.4.1.14519.5.2.1.6279.6001.308655308958459380153492314021/surface_1.3.6.1.4.1.14519.5.2.1.6279.6001.308655308958459380153492314021.png,outputs/luna16_saliency_synthetic_detector_top5_minprob0.5/1.3.6.1.4.1.14519.5.2.1.6279.6001.308655308958459380153492314021/surface_grid_float_1.3.6.1.4.1.14519.5.2.1.6279.6001.308655308958459380153492314021.npy,0.6194750930338839,0.32711276412010193,0.2439052015542984,0.9843137264251709,147.87857055664062,33.32347869873047,1.4136210501193998,1.6514895176887514,2.5794880390167236,16.4598388671875,33,25,8,147.1820526123047,0.33258638949659136,high_review,170
detector_top5,1.3.6.1.4.1.14519.5.2.1.6279.6001.301462380687644451483231621986,outputs/luna16_saliency_synthetic_detector_top5_minprob0.5/1.3.6.1.4.1.14519.5.2.1.6279.6001.301462380687644451483231621986/surface_1.3.6.1.4.1.14519.5.2.1.6279.6001.301462380687644451483231621986.png,outputs/luna16_saliency_synthetic_detector_top5_minprob0.5/1.3.6.1.4.1.14519.5.2.1.6279.6001.301462380687644451483231621986/surface_grid_float_1.3.6.1.4.1.14519.5.2.1.6279.6001.301462380687644451483231621986.npy,0.2617362866062138,0.3449152112007141,0.22624418139457703,0.95686274766922,123.7125244140625,29.772968292236328,1.3378388583660124,1.461467032432556,4.152700901031494,14.120752334594727,33,25,8,122.48246765136719,0.33184740894910564,high_review,171
detector_top5,1.3.6.1.4.1.14519.5.2.1.6279.6001.463214953282361219537913355115,outputs/luna16_saliency_synthetic_detector_top5_minprob0.5/1.3.6.1.4.1.14519.5.2.1.6279.6001.463214953282361219537913355115/surface_1.3.6.1.4.1.14519.5.2.1.6279.6001.463214953282361219537913355115.png,outputs/luna16_saliency_synthetic_detector_top5_minprob0.5/1.3.6.1.4.1.14519.5.2.1.6279.6001.463214953282361219537913355115/surface_grid_float_1.3.6.1.4.1.14519.5.2.1.6279.6001.463214953282361219537913355115.npy,0.656061249142969,0.3770913779735565,0.2145143300294876,0.9176470637321472,122.46778106689453,23.39446258544922,2.1551460742950415,3.303800323009492,11.582696914672852,11.588885307312012,33,25,8,120.60309600830078,0.3289800565958023,high_review,172
detector_top5,1.3.6.1.4.1.14519.5.2.1.6279.6001.202283133206014258077705539227,outputs/luna16_saliency_synthetic_detector_top5_minprob0.5/1.3.6.1.4.1.14519.5.2.1.6279.6001.202283133206014258077705539227/surface_1.3.6.1.4.1.14519.5.2.1.6279.6001.202283133206014258077705539227.png,outputs/luna16_saliency_synthetic_detector_top5_minprob0.5/1.3.6.1.4.1.14519.5.2.1.6279.6001.202283133206014258077705539227/surface_grid_float_1.3.6.1.4.1.14519.5.2.1.6279.6001.202283133206014258077705539227.npy,0.5250949588818822,0.3362787067890167,0.23345862329006195,0.9098039269447327,126.2138671875,22.581642150878906,1.836678791046142,2.5730461740493746,2.8447160720825195,18.455238342285156,28,20,8,124.99534606933594,0.32855947129461494,high_review,173
detector_top5,1.3.6.1.4.1.14519.5.2.1.6279.6001.100621383016233746780170740405,outputs/luna16_saliency_synthetic_detector_top5_minprob0.5/1.3.6.1.4.1.14519.5.2.1.6279.6001.100621383016233746780170740405/surface_1.3.6.1.4.1.14519.5.2.1.6279.6001.100621383016233746780170740405.png,outputs/luna16_saliency_synthetic_detector_top5_minprob0.5/1.3.6.1.4.1.14519.5.2.1.6279.6001.100621383016233746780170740405/surface_grid_float_1.3.6.1.4.1.14519.5.2.1.6279.6001.100621383016233746780170740405.npy,0.5909498207885304,0.3946044445037842,0.2756630778312683,1.0,133.85055541992188,28.807415008544922,1.7821485340595251,2.150902333259583,2.348179817199707,18.14126205444336,28,20,8,133.29193115234375,0.3279252447075314,high_review,174
detector_top5,1.3.6.1.4.1.14519.5.2.1.6279.6001.190298296009658115773239776160,outputs/luna16_saliency_synthetic_detector_top5_minprob0.5/1.3.6.1.4.1.14519.5.2.1.6279.6001.190298296009658115773239776160/surface_1.3.6.1.4.1.14519.5.2.1.6279.6001.190298296009658115773239776160.png,outputs/luna16_saliency_synthetic_detector_top5_minprob0.5/1.3.6.1.4.1.14519.5.2.1.6279.6001.190298296009658115773239776160/surface_grid_float_1.3.6.1.4.1.14519.5.2.1.6279.6001.190298296009658115773239776160.npy,0.6431327160493827,0.29643934965133667,0.23577861487865448,0.9725490212440491,128.44003295898438,30.79745101928711,1.4188231408596041,2.974903228282932,4.185441970825195,11.019450187683105,18,10,8,122.92720031738281,0.32780148553053545,high_review,175
detector_top5,1.3.6.1.4.1.14519.5.2.1.6279.6001.179049373636438705059720603192,outputs/luna16_saliency_synthetic_detector_top5_minprob0.5/1.3.6.1.4.1.14519.5.2.1.6279.6001.179049373636438705059720603192/surface_1.3.6.1.4.1.14519.5.2.1.6279.6001.179049373636438705059720603192.png,outputs/luna16_saliency_synthetic_detector_top5_minprob0.5/1.3.6.1.4.1.14519.5.2.1.6279.6001.179049373636438705059720603192/surface_grid_float_1.3.6.1.4.1.14519.5.2.1.6279.6001.179049373636438705059720603192.npy,0.59651641470924,0.3536796271800995,0.2513855993747711,0.9529411792755127,133.17654418945312,30.667593002319336,1.7214863181114195,2.0876719641685506,2.2448456287384033,18.677600860595703,23,15,8,132.0877685546875,0.3260968455976911,high_review,176
detector_top5,1.3.6.1.4.1.14519.5.2.1.6279.6001.888615810685807330497715730842,outputs/luna16_saliency_synthetic_detector_top5_minprob0.5/1.3.6.1.4.1.14519.5.2.1.6279.6001.888615810685807330497715730842/surface_1.3.6.1.4.1.14519.5.2.1.6279.6001.888615810685807330497715730842.png,outputs/luna16_saliency_synthetic_detector_top5_minprob0.5/1.3.6.1.4.1.14519.5.2.1.6279.6001.888615810685807330497715730842/surface_grid_float_1.3.6.1.4.1.14519.5.2.1.6279.6001.888615810685807330497715730842.npy,0.12964064731080438,0.4843956530094147,0.26773983240127563,1.0,67.31596374511719,8.513802528381348,0.6185358941555021,2.0916349554061804,11.324932098388672,11.308515548706055,28,20,8,7.96856689453125,0.32599198623150594,high_review,177
detector_top5,1.3.6.1.4.1.14519.5.2.1.6279.6001.105495028985881418176186711228,outputs/luna16_saliency_synthetic_detector_top5_minprob0.5/1.3.6.1.4.1.14519.5.2.1.6279.6001.105495028985881418176186711228/surface_1.3.6.1.4.1.14519.5.2.1.6279.6001.105495028985881418176186711228.png,outputs/luna16_saliency_synthetic_detector_top5_minprob0.5/1.3.6.1.4.1.14519.5.2.1.6279.6001.105495028985881418176186711228/surface_grid_float_1.3.6.1.4.1.14519.5.2.1.6279.6001.105495028985881418176186711228.npy,0.5343537414965986,0.4172716736793518,0.2157832831144333,0.8941176533699036,113.24667358398438,13.579590797424316,1.4137063264846796,4.009555268287655,17.227401733398438,6.987746238708496,23,15,8,68.0,0.3245594389968447,high_review,178
detector_top5,1.3.6.1.4.1.14519.5.2.1.6279.6001.148935306123327835217659769212,outputs/luna16_saliency_synthetic_detector_top5_minprob0.5/1.3.6.1.4.1.14519.5.2.1.6279.6001.148935306123327835217659769212/surface_1.3.6.1.4.1.14519.5.2.1.6279.6001.148935306123327835217659769212.png,outputs/luna16_saliency_synthetic_detector_top5_minprob0.5/1.3.6.1.4.1.14519.5.2.1.6279.6001.148935306123327835217659769212/surface_grid_float_1.3.6.1.4.1.14519.5.2.1.6279.6001.148935306123327835217659769212.npy,0.6467576516191553,0.32833239436149597,0.22898106276988983,0.9607843160629272,106.2082748413086,24.266881942749023,1.8557890653610212,3.935978131294251,8.469449043273926,12.925207138061523,53,45,8,96.0,0.3238158178700341,high_review,179
detector_top5,1.3.6.1.4.1.14519.5.2.1.6279.6001.235217371152464582553341729176,outputs/luna16_saliency_synthetic_detector_top5_minprob0.5/1.3.6.1.4.1.14519.5.2.1.6279.6001.235217371152464582553341729176/surface_1.3.6.1.4.1.14519.5.2.1.6279.6001.235217371152464582553341729176.png,outputs/luna16_saliency_synthetic_detector_top5_minprob0.5/1.3.6.1.4.1.14519.5.2.1.6279.6001.235217371152464582553341729176/surface_grid_float_1.3.6.1.4.1.14519.5.2.1.6279.6001.235217371152464582553341729176.npy,0.5284986943265205,0.37047138810157776,0.233986958861351,0.8745098114013672,131.11758422851562,33.358253479003906,1.5738222956657397,2.5623939228057835,2.9592185020446777,12.337263107299805,18,10,8,128.70184326171875,0.32281726497014357,high_review,180
detector_top5,1.3.6.1.4.1.14519.5.2.1.6279.6001.216652640878960522552873394709,outputs/luna16_saliency_synthetic_detector_top5_minprob0.5/1.3.6.1.4.1.14519.5.2.1.6279.6001.216652640878960522552873394709/surface_1.3.6.1.4.1.14519.5.2.1.6279.6001.216652640878960522552873394709.png,outputs/luna16_saliency_synthetic_detector_top5_minprob0.5/1.3.6.1.4.1.14519.5.2.1.6279.6001.216652640878960522552873394709/surface_grid_float_1.3.6.1.4.1.14519.5.2.1.6279.6001.216652640878960522552873394709.npy,0.5929433062368361,0.35877564549446106,0.23389768600463867,0.9450980424880981,140.731201171875,32.73566436767578,1.2347626209259033,1.5299371337890613,1.6653032302856445,18.74831199645996,18,10,8,140.57432556152344,0.3221130315144856,high_review,181
detector_top5,1.3.6.1.4.1.14519.5.2.1.6279.6001.236698827306171960683086245994,outputs/luna16_saliency_synthetic_detector_top5_minprob0.5/1.3.6.1.4.1.14519.5.2.1.6279.6001.236698827306171960683086245994/surface_1.3.6.1.4.1.14519.5.2.1.6279.6001.236698827306171960683086245994.png,outputs/luna16_saliency_synthetic_detector_top5_minprob0.5/1.3.6.1.4.1.14519.5.2.1.6279.6001.236698827306171960683086245994/surface_grid_float_1.3.6.1.4.1.14519.5.2.1.6279.6001.236698827306171960683086245994.npy,0.6306399039286327,0.3913755714893341,0.2587067186832428,1.0,129.29684448242188,24.93165397644043,1.7851415276527403,2.253816788196565,3.069552421569824,17.50765037536621,33,25,8,128.9359588623047,0.3220151341729694,high_review,182
detector_top5,1.3.6.1.4.1.14519.5.2.1.6279.6001.315918264676377418120578391325,outputs/luna16_saliency_synthetic_detector_top5_minprob0.5/1.3.6.1.4.1.14519.5.2.1.6279.6001.315918264676377418120578391325/surface_1.3.6.1.4.1.14519.5.2.1.6279.6001.315918264676377418120578391325.png,outputs/luna16_saliency_synthetic_detector_top5_minprob0.5/1.3.6.1.4.1.14519.5.2.1.6279.6001.315918264676377418120578391325/surface_grid_float_1.3.6.1.4.1.14519.5.2.1.6279.6001.315918264676377418120578391325.npy,0.5258985733729898,0.3365216851234436,0.2316601425409317,0.9372549057006836,136.73617553710938,32.836360931396484,1.1750098824501034,1.6048704171180719,1.8857015371322632,20.61294174194336,18,10,8,134.0,0.321846275613043,high_review,183
detector_top5,1.3.6.1.4.1.14519.5.2.1.6279.6001.183056151780567460322586876100,outputs/luna16_saliency_synthetic_detector_top5_minprob0.5/1.3.6.1.4.1.14519.5.2.1.6279.6001.183056151780567460322586876100/surface_1.3.6.1.4.1.14519.5.2.1.6279.6001.183056151780567460322586876100.png,outputs/luna16_saliency_synthetic_detector_top5_minprob0.5/1.3.6.1.4.1.14519.5.2.1.6279.6001.183056151780567460322586876100/surface_grid_float_1.3.6.1.4.1.14519.5.2.1.6279.6001.183056151780567460322586876100.npy,0.594978450589733,0.3262142241001129,0.2202589213848114,0.9607843160629272,137.1009521484375,29.044919967651367,1.1709821343421936,1.4267083644866931,1.6805812120437622,21.83348274230957,23,15,8,136.15948486328125,0.319821688387129,high_review,184
detector_top5,1.3.6.1.4.1.14519.5.2.1.6279.6001.253322967203074795232627653819,outputs/luna16_saliency_synthetic_detector_top5_minprob0.5/1.3.6.1.4.1.14519.5.2.1.6279.6001.253322967203074795232627653819/surface_1.3.6.1.4.1.14519.5.2.1.6279.6001.253322967203074795232627653819.png,outputs/luna16_saliency_synthetic_detector_top5_minprob0.5/1.3.6.1.4.1.14519.5.2.1.6279.6001.253322967203074795232627653819/surface_grid_float_1.3.6.1.4.1.14519.5.2.1.6279.6001.253322967203074795232627653819.npy,0.6431697517577845,0.3349614441394806,0.2233048975467682,0.8705882430076599,137.76510620117188,29.078857421875,1.281668722629547,1.8271991515159607,2.1203508377075195,15.388399124145508,28,20,8,137.52142333984375,0.3186209273788664,high_review,185
detector_top5,1.3.6.1.4.1.14519.5.2.1.6279.6001.774060103415303828812229821954,outputs/luna16_saliency_synthetic_detector_top5_minprob0.5/1.3.6.1.4.1.14519.5.2.1.6279.6001.774060103415303828812229821954/surface_1.3.6.1.4.1.14519.5.2.1.6279.6001.774060103415303828812229821954.png,outputs/luna16_saliency_synthetic_detector_top5_minprob0.5/1.3.6.1.4.1.14519.5.2.1.6279.6001.774060103415303828812229821954/surface_grid_float_1.3.6.1.4.1.14519.5.2.1.6279.6001.774060103415303828812229821954.npy,0.1282104969290899,0.4775417149066925,0.2565806806087494,1.0,52.77616882324219,10.568601608276367,1.0352937817573544,2.6142508673667906,6.210076808929443,11.415441513061523,33,25,8,34.944183349609375,0.31849231409754036,high_review,186
detector_top5,1.3.6.1.4.1.14519.5.2.1.6279.6001.140239815496047437552471323962,outputs/luna16_saliency_synthetic_detector_top5_minprob0.5/1.3.6.1.4.1.14519.5.2.1.6279.6001.140239815496047437552471323962/surface_1.3.6.1.4.1.14519.5.2.1.6279.6001.140239815496047437552471323962.png,outputs/luna16_saliency_synthetic_detector_top5_minprob0.5/1.3.6.1.4.1.14519.5.2.1.6279.6001.140239815496047437552471323962/surface_grid_float_1.3.6.1.4.1.14519.5.2.1.6279.6001.140239815496047437552471323962.npy,0.5799448983469504,0.31732916831970215,0.25129538774490356,1.0,114.47210693359375,21.640066146850586,1.3975968956947327,3.2267945647239618,8.488027572631836,13.894152641296387,28,20,8,106.01658630371094,0.3184665765894782,high_review,187
detector_top5,1.3.6.1.4.1.14519.5.2.1.6279.6001.323899724653546164058849558431,outputs/luna16_saliency_synthetic_detector_top5_minprob0.5/1.3.6.1.4.1.14519.5.2.1.6279.6001.323899724653546164058849558431/surface_1.3.6.1.4.1.14519.5.2.1.6279.6001.323899724653546164058849558431.png,outputs/luna16_saliency_synthetic_detector_top5_minprob0.5/1.3.6.1.4.1.14519.5.2.1.6279.6001.323899724653546164058849558431/surface_grid_float_1.3.6.1.4.1.14519.5.2.1.6279.6001.323899724653546164058849558431.npy,0.4822393020357291,0.3932327330112457,0.213063046336174,0.9803921580314636,121.61346435546875,19.56830596923828,1.3969993829727172,2.80594127893448,12.497282028198242,13.968620300292969,23,15,8,42.97273254394531,0.31790872407224446,high_review,188
detector_top5,1.3.6.1.4.1.14519.5.2.1.6279.6001.323302986710576400812869264321,outputs/luna16_saliency_synthetic_detector_top5_minprob0.5/1.3.6.1.4.1.14519.5.2.1.6279.6001.323302986710576400812869264321/surface_1.3.6.1.4.1.14519.5.2.1.6279.6001.323302986710576400812869264321.png,outputs/luna16_saliency_synthetic_detector_top5_minprob0.5/1.3.6.1.4.1.14519.5.2.1.6279.6001.323302986710576400812869264321/surface_grid_float_1.3.6.1.4.1.14519.5.2.1.6279.6001.323302986710576400812869264321.npy,0.38114269225220027,0.3656420111656189,0.239338681101799,0.9019607901573181,125.358154296875,26.398832321166992,1.387710738182069,3.048047511577612,4.3819122314453125,7.755197525024414,18,10,8,117.41975402832031,0.31760545478661867,high_review,189
detector_top5,1.3.6.1.4.1.14519.5.2.1.6279.6001.299476369290630280560355838785,outputs/luna16_saliency_synthetic_detector_top5_minprob0.5/1.3.6.1.4.1.14519.5.2.1.6279.6001.299476369290630280560355838785/surface_1.3.6.1.4.1.14519.5.2.1.6279.6001.299476369290630280560355838785.png,outputs/luna16_saliency_synthetic_detector_top5_minprob0.5/1.3.6.1.4.1.14519.5.2.1.6279.6001.299476369290630280560355838785/surface_grid_float_1.3.6.1.4.1.14519.5.2.1.6279.6001.299476369290630280560355838785.npy,0.571537290715373,0.31504979729652405,0.21617208421230316,0.8980392217636108,135.3218994140625,29.234703063964844,1.4049356281757355,1.6561768352985382,1.7350057363510132,18.07662010192871,33,25,8,135.1929931640625,0.31539207097556854,high_review,190
detector_top5,1.3.6.1.4.1.14519.5.2.1.6279.6001.149041668385192796520281592139,outputs/luna16_saliency_synthetic_detector_top5_minprob0.5/1.3.6.1.4.1.14519.5.2.1.6279.6001.149041668385192796520281592139/surface_1.3.6.1.4.1.14519.5.2.1.6279.6001.149041668385192796520281592139.png,outputs/luna16_saliency_synthetic_detector_top5_minprob0.5/1.3.6.1.4.1.14519.5.2.1.6279.6001.149041668385192796520281592139/surface_grid_float_1.3.6.1.4.1.14519.5.2.1.6279.6001.149041668385192796520281592139.npy,0.08377038695235049,0.6029192805290222,0.22999538481235504,1.0,46.9713134765625,11.825369834899902,0.7514700829982747,1.7819778370857247,6.386100769042969,13.17222785949707,33,25,8,25.9637451171875,0.313147682494858,high_review,191
detector_top5,1.3.6.1.4.1.14519.5.2.1.6279.6001.229096941293122177107846044795,outputs/luna16_saliency_synthetic_detector_top5_minprob0.5/1.3.6.1.4.1.14519.5.2.1.6279.6001.229096941293122177107846044795/surface_1.3.6.1.4.1.14519.5.2.1.6279.6001.229096941293122177107846044795.png,outputs/luna16_saliency_synthetic_detector_top5_minprob0.5/1.3.6.1.4.1.14519.5.2.1.6279.6001.229096941293122177107846044795/surface_grid_float_1.3.6.1.4.1.14519.5.2.1.6279.6001.229096941293122177107846044795.npy,0.5975564971751413,0.32315871119499207,0.22691857814788818,0.9725490212440491,121.30680847167969,17.119035720825195,1.2921913385391235,3.3139736771583497,10.341971397399902,3.847942352294922,33,25,8,110.94583129882812,0.3101482074393164,high_review,192
detector_top5,1.3.6.1.4.1.14519.5.2.1.6279.6001.194488534645348916700259325236,outputs/luna16_saliency_synthetic_detector_top5_minprob0.5/1.3.6.1.4.1.14519.5.2.1.6279.6001.194488534645348916700259325236/surface_1.3.6.1.4.1.14519.5.2.1.6279.6001.194488534645348916700259325236.png,outputs/luna16_saliency_synthetic_detector_top5_minprob0.5/1.3.6.1.4.1.14519.5.2.1.6279.6001.194488534645348916700259325236/surface_grid_float_1.3.6.1.4.1.14519.5.2.1.6279.6001.194488534645348916700259325236.npy,0.6226075682683737,0.3251827657222748,0.23258818686008453,1.0,114.88707733154297,27.8895320892334,1.4033501863479596,2.75347273826599,3.5017075538635254,15.946555137634277,28,20,8,109.89140319824219,0.3095194335619608,high_review,193
detector_top5,1.3.6.1.4.1.14519.5.2.1.6279.6001.152684536713461901635595118048,outputs/luna16_saliency_synthetic_detector_top5_minprob0.5/1.3.6.1.4.1.14519.5.2.1.6279.6001.152684536713461901635595118048/surface_1.3.6.1.4.1.14519.5.2.1.6279.6001.152684536713461901635595118048.png,outputs/luna16_saliency_synthetic_detector_top5_minprob0.5/1.3.6.1.4.1.14519.5.2.1.6279.6001.152684536713461901635595118048/surface_grid_float_1.3.6.1.4.1.14519.5.2.1.6279.6001.152684536713461901635595118048.npy,0.648032606616944,0.31014692783355713,0.2184349000453949,0.8509804010391235,141.77432250976562,30.722484588623047,1.1367733001708984,1.251096919775009,1.3455427885055542,15.340263366699219,18,10,8,141.6426239013672,0.30791291925774683,high_review,194
detector_top5,1.3.6.1.4.1.14519.5.2.1.6279.6001.267519732763035023633235877753,outputs/luna16_saliency_synthetic_detector_top5_minprob0.5/1.3.6.1.4.1.14519.5.2.1.6279.6001.267519732763035023633235877753/surface_1.3.6.1.4.1.14519.5.2.1.6279.6001.267519732763035023633235877753.png,outputs/luna16_saliency_synthetic_detector_top5_minprob0.5/1.3.6.1.4.1.14519.5.2.1.6279.6001.267519732763035023633235877753/surface_grid_float_1.3.6.1.4.1.14519.5.2.1.6279.6001.267519732763035023633235877753.npy,0.5379113018597997,0.3293963074684143,0.21441422402858734,0.9333333373069763,135.72084045410156,30.8021183013916,1.3361618518829346,1.598194360733032,1.6739449501037598,15.10157585144043,28,20,8,135.46739196777344,0.3077062890264723,high_review,195
detector_top5,1.3.6.1.4.1.14519.5.2.1.6279.6001.115386642382564804180764325545,outputs/luna16_saliency_synthetic_detector_top5_minprob0.5/1.3.6.1.4.1.14519.5.2.1.6279.6001.115386642382564804180764325545/surface_1.3.6.1.4.1.14519.5.2.1.6279.6001.115386642382564804180764325545.png,outputs/luna16_saliency_synthetic_detector_top5_minprob0.5/1.3.6.1.4.1.14519.5.2.1.6279.6001.115386642382564804180764325545/surface_grid_float_1.3.6.1.4.1.14519.5.2.1.6279.6001.115386642382564804180764325545.npy,0.6161002998412605,0.327486515045166,0.2427455633878708,1.0,128.67543029785156,29.94556999206543,1.463303804397583,1.803128880262374,2.0070040225982666,16.832124710083008,33,25,8,128.35328674316406,0.3059576384822527,high_review,196
detector_top5,1.3.6.1.4.1.14519.5.2.1.6279.6001.743969234977916254223533321294,outputs/luna16_saliency_synthetic_detector_top5_minprob0.5/1.3.6.1.4.1.14519.5.2.1.6279.6001.743969234977916254223533321294/surface_1.3.6.1.4.1.14519.5.2.1.6279.6001.743969234977916254223533321294.png,outputs/luna16_saliency_synthetic_detector_top5_minprob0.5/1.3.6.1.4.1.14519.5.2.1.6279.6001.743969234977916254223533321294/surface_grid_float_1.3.6.1.4.1.14519.5.2.1.6279.6001.743969234977916254223533321294.npy,0.5866687192118226,0.36746376752853394,0.22388821840286255,0.9137254953384399,126.07068634033203,20.29503059387207,1.667648065090179,2.2632682800292967,3.2000882625579834,12.434656143188477,23,15,8,125.70146942138672,0.3056484281751845,high_review,197
detector_top5,1.3.6.1.4.1.14519.5.2.1.6279.6001.986011151772797848993829243183,outputs/luna16_saliency_synthetic_detector_top5_minprob0.5/1.3.6.1.4.1.14519.5.2.1.6279.6001.986011151772797848993829243183/surface_1.3.6.1.4.1.14519.5.2.1.6279.6001.986011151772797848993829243183.png,outputs/luna16_saliency_synthetic_detector_top5_minprob0.5/1.3.6.1.4.1.14519.5.2.1.6279.6001.986011151772797848993829243183/surface_grid_float_1.3.6.1.4.1.14519.5.2.1.6279.6001.986011151772797848993829243183.npy,0.5588779077585048,0.35593682527542114,0.22900499403476715,0.886274516582489,121.03070068359375,18.185710906982422,1.5999367237091064,2.8333311319351204,3.6373214721679688,8.099674224853516,33,25,8,120.58526611328125,0.30471704448593995,high_review,198
detector_top5,1.3.6.1.4.1.14519.5.2.1.6279.6001.226152078193253087875725735761,outputs/luna16_saliency_synthetic_detector_top5_minprob0.5/1.3.6.1.4.1.14519.5.2.1.6279.6001.226152078193253087875725735761/surface_1.3.6.1.4.1.14519.5.2.1.6279.6001.226152078193253087875725735761.png,outputs/luna16_saliency_synthetic_detector_top5_minprob0.5/1.3.6.1.4.1.14519.5.2.1.6279.6001.226152078193253087875725735761/surface_grid_float_1.3.6.1.4.1.14519.5.2.1.6279.6001.226152078193253087875725735761.npy,0.2584362139917695,0.40589627623558044,0.23412780463695526,1.0,102.99095153808594,21.26212501525879,0.9622151702642434,1.720529850721357,6.226296424865723,12.975340843200684,33,25,8,101.8453369140625,0.3044237356143933,high_review,199
detector_top5,1.3.6.1.4.1.14519.5.2.1.6279.6001.174449669706458092793093760291,outputs/luna16_saliency_synthetic_detector_top5_minprob0.5/1.3.6.1.4.1.14519.5.2.1.6279.6001.174449669706458092793093760291/surface_1.3.6.1.4.1.14519.5.2.1.6279.6001.174449669706458092793093760291.png,outputs/luna16_saliency_synthetic_detector_top5_minprob0.5/1.3.6.1.4.1.14519.5.2.1.6279.6001.174449669706458092793093760291/surface_grid_float_1.3.6.1.4.1.14519.5.2.1.6279.6001.174449669706458092793093760291.npy,0.5134030891878425,0.3709717094898224,0.23502573370933533,0.9882352948188782,106.6029052734375,9.549720764160156,1.115292263031006,3.570445079803458,9.85744571685791,8.298491477966309,33,25,8,104.27476501464844,0.3032259533564247,high_review,200
detector_top5,1.3.6.1.4.1.14519.5.2.1.6279.6001.814122498113547115932318256859,outputs/luna16_saliency_synthetic_detector_top5_minprob0.5/1.3.6.1.4.1.14519.5.2.1.6279.6001.814122498113547115932318256859/surface_1.3.6.1.4.1.14519.5.2.1.6279.6001.814122498113547115932318256859.png,outputs/luna16_saliency_synthetic_detector_top5_minprob0.5/1.3.6.1.4.1.14519.5.2.1.6279.6001.814122498113547115932318256859/surface_grid_float_1.3.6.1.4.1.14519.5.2.1.6279.6001.814122498113547115932318256859.npy,0.05544690341396466,0.7104894518852234,0.14937642216682434,1.0,36.04310607910156,10.772706031799316,0.5746712505817413,0.7939464753866197,7.556750297546387,11.551619529724121,28,20,8,0.0829925537109375,0.30318834745698503,high_review,201
detector_top5,1.3.6.1.4.1.14519.5.2.1.6279.6001.270951128717816232360812849541,outputs/luna16_saliency_synthetic_detector_top5_minprob0.5/1.3.6.1.4.1.14519.5.2.1.6279.6001.270951128717816232360812849541/surface_1.3.6.1.4.1.14519.5.2.1.6279.6001.270951128717816232360812849541.png,outputs/luna16_saliency_synthetic_detector_top5_minprob0.5/1.3.6.1.4.1.14519.5.2.1.6279.6001.270951128717816232360812849541/surface_grid_float_1.3.6.1.4.1.14519.5.2.1.6279.6001.270951128717816232360812849541.npy,0.42381685263562907,0.34476301074028015,0.24764959514141083,1.0,125.34870910644531,27.794172286987305,1.4442494690418235,2.023941893577575,2.2045321464538574,14.974780082702637,33,25,8,124.78091430664062,0.30291006105740864,high_review,202
detector_top5,1.3.6.1.4.1.14519.5.2.1.6279.6001.246589849815292078281051154201,outputs/luna16_saliency_synthetic_detector_top5_minprob0.5/1.3.6.1.4.1.14519.5.2.1.6279.6001.246589849815292078281051154201/surface_1.3.6.1.4.1.14519.5.2.1.6279.6001.246589849815292078281051154201.png,outputs/luna16_saliency_synthetic_detector_top5_minprob0.5/1.3.6.1.4.1.14519.5.2.1.6279.6001.246589849815292078281051154201/surface_grid_float_1.3.6.1.4.1.14519.5.2.1.6279.6001.246589849815292078281051154201.npy,0.6086561926466733,0.31293797492980957,0.2160971611738205,0.8313725590705872,138.0624542236328,28.655231475830078,1.0535325407981873,1.2888340115547186,1.3774466514587402,15.067203521728516,28,20,8,137.9498291015625,0.30225178521209295,high_review,203
detector_top5,1.3.6.1.4.1.14519.5.2.1.6279.6001.173106154739244262091404659845,outputs/luna16_saliency_synthetic_detector_top5_minprob0.5/1.3.6.1.4.1.14519.5.2.1.6279.6001.173106154739244262091404659845/surface_1.3.6.1.4.1.14519.5.2.1.6279.6001.173106154739244262091404659845.png,outputs/luna16_saliency_synthetic_detector_top5_minprob0.5/1.3.6.1.4.1.14519.5.2.1.6279.6001.173106154739244262091404659845/surface_grid_float_1.3.6.1.4.1.14519.5.2.1.6279.6001.173106154739244262091404659845.npy,0.4827758100485373,0.3251921832561493,0.24235929548740387,0.9176470637321472,131.71127319335938,25.08944320678711,1.3655313432216645,2.0436744427680975,2.6496827602386475,8.791582107543945,33,25,8,131.21319580078125,0.30036587106651735,high_review,204
detector_top5,1.3.6.1.4.1.14519.5.2.1.6279.6001.206028343897359374907954580114,outputs/luna16_saliency_synthetic_detector_top5_minprob0.5/1.3.6.1.4.1.14519.5.2.1.6279.6001.206028343897359374907954580114/surface_1.3.6.1.4.1.14519.5.2.1.6279.6001.206028343897359374907954580114.png,outputs/luna16_saliency_synthetic_detector_top5_minprob0.5/1.3.6.1.4.1.14519.5.2.1.6279.6001.206028343897359374907954580114/surface_grid_float_1.3.6.1.4.1.14519.5.2.1.6279.6001.206028343897359374907954580114.npy,0.12347679184668217,0.5122368931770325,0.25447988510131836,1.0,57.22267150878906,11.18121337890625,0.960408166050911,2.1873999118805023,4.985307216644287,3.822916269302368,33,25,8,40.008453369140625,0.2989303192555361,moderate_review,205
detector_top5,1.3.6.1.4.1.14519.5.2.1.6279.6001.208737629504245244513001631764,outputs/luna16_saliency_synthetic_detector_top5_minprob0.5/1.3.6.1.4.1.14519.5.2.1.6279.6001.208737629504245244513001631764/surface_1.3.6.1.4.1.14519.5.2.1.6279.6001.208737629504245244513001631764.png,outputs/luna16_saliency_synthetic_detector_top5_minprob0.5/1.3.6.1.4.1.14519.5.2.1.6279.6001.208737629504245244513001631764/surface_grid_float_1.3.6.1.4.1.14519.5.2.1.6279.6001.208737629504245244513001631764.npy,0.43534158616301266,0.43444395065307617,0.2240513414144516,1.0,121.03365325927734,19.498001098632812,1.319492441415786,2.4221466064453123,3.4226691722869873,11.011873245239258,28,20,8,120.63258361816406,0.2988579830593533,moderate_review,206
detector_top5,1.3.6.1.4.1.14519.5.2.1.6279.6001.197063290812663596858124411210,outputs/luna16_saliency_synthetic_detector_top5_minprob0.5/1.3.6.1.4.1.14519.5.2.1.6279.6001.197063290812663596858124411210/surface_1.3.6.1.4.1.14519.5.2.1.6279.6001.197063290812663596858124411210.png,outputs/luna16_saliency_synthetic_detector_top5_minprob0.5/1.3.6.1.4.1.14519.5.2.1.6279.6001.197063290812663596858124411210/surface_grid_float_1.3.6.1.4.1.14519.5.2.1.6279.6001.197063290812663596858124411210.npy,0.5766308243727598,0.33057859539985657,0.23034076392650604,0.9098039269447327,133.5069122314453,33.52659225463867,1.2999627768993378,1.5593718695640557,3.115084409713745,13.244729042053223,33,25,8,133.23458862304688,0.29872540767722655,moderate_review,207
detector_top5,1.3.6.1.4.1.14519.5.2.1.6279.6001.323408652979949774528873200770,outputs/luna16_saliency_synthetic_detector_top5_minprob0.5/1.3.6.1.4.1.14519.5.2.1.6279.6001.323408652979949774528873200770/surface_1.3.6.1.4.1.14519.5.2.1.6279.6001.323408652979949774528873200770.png,outputs/luna16_saliency_synthetic_detector_top5_minprob0.5/1.3.6.1.4.1.14519.5.2.1.6279.6001.323408652979949774528873200770/surface_grid_float_1.3.6.1.4.1.14519.5.2.1.6279.6001.323408652979949774528873200770.npy,0.56588509529686,0.37333449721336365,0.26036909222602844,1.0,112.46186828613281,22.9507999420166,1.5999524652957915,2.867928743362426,4.552379131317139,10.65627670288086,33,25,8,110.36846923828125,0.29715492433971824,moderate_review,208
detector_top5,1.3.6.1.4.1.14519.5.2.1.6279.6001.168833925301530155818375859047,outputs/luna16_saliency_synthetic_detector_top5_minprob0.5/1.3.6.1.4.1.14519.5.2.1.6279.6001.168833925301530155818375859047/surface_1.3.6.1.4.1.14519.5.2.1.6279.6001.168833925301530155818375859047.png,outputs/luna16_saliency_synthetic_detector_top5_minprob0.5/1.3.6.1.4.1.14519.5.2.1.6279.6001.168833925301530155818375859047/surface_grid_float_1.3.6.1.4.1.14519.5.2.1.6279.6001.168833925301530155818375859047.npy,0.11589331384727804,0.49466943740844727,0.2368788868188858,0.9921568632125854,54.864471435546875,10.153059959411621,0.7783271282911305,1.9077888262271987,15.575517654418945,6.297847747802734,33,25,8,22.050537109375,0.2964449169601937,moderate_review,209
detector_top5,1.3.6.1.4.1.14519.5.2.1.6279.6001.156016499715048493339281864474,outputs/luna16_saliency_synthetic_detector_top5_minprob0.5/1.3.6.1.4.1.14519.5.2.1.6279.6001.156016499715048493339281864474/surface_1.3.6.1.4.1.14519.5.2.1.6279.6001.156016499715048493339281864474.png,outputs/luna16_saliency_synthetic_detector_top5_minprob0.5/1.3.6.1.4.1.14519.5.2.1.6279.6001.156016499715048493339281864474/surface_grid_float_1.3.6.1.4.1.14519.5.2.1.6279.6001.156016499715048493339281864474.npy,0.5237134069314,0.3087208569049835,0.2391795516014099,0.8627451062202454,131.00486755371094,30.796220779418945,1.3347089946269972,1.582110707759857,1.8034672737121582,13.260209083557129,33,25,8,130.8789825439453,0.2952718984524409,moderate_review,210
detector_top5,1.3.6.1.4.1.14519.5.2.1.6279.6001.252358625003143649770119512644,outputs/luna16_saliency_synthetic_detector_top5_minprob0.5/1.3.6.1.4.1.14519.5.2.1.6279.6001.252358625003143649770119512644/surface_1.3.6.1.4.1.14519.5.2.1.6279.6001.252358625003143649770119512644.png,outputs/luna16_saliency_synthetic_detector_top5_minprob0.5/1.3.6.1.4.1.14519.5.2.1.6279.6001.252358625003143649770119512644/surface_grid_float_1.3.6.1.4.1.14519.5.2.1.6279.6001.252358625003143649770119512644.npy,0.6468091511137869,0.3161170780658722,0.23163555562496185,0.9960784316062927,131.70428466796875,30.89160919189453,1.1231592416763305,1.1923703694343568,1.220090389251709,17.87919807434082,33,25,8,131.63601684570312,0.2950098034726249,moderate_review,211
detector_top5,1.3.6.1.4.1.14519.5.2.1.6279.6001.438308540025607517017949816111,outputs/luna16_saliency_synthetic_detector_top5_minprob0.5/1.3.6.1.4.1.14519.5.2.1.6279.6001.438308540025607517017949816111/surface_1.3.6.1.4.1.14519.5.2.1.6279.6001.438308540025607517017949816111.png,outputs/luna16_saliency_synthetic_detector_top5_minprob0.5/1.3.6.1.4.1.14519.5.2.1.6279.6001.438308540025607517017949816111/surface_grid_float_1.3.6.1.4.1.14519.5.2.1.6279.6001.438308540025607517017949816111.npy,0.5590850142966516,0.340864360332489,0.21804781258106232,0.8666666746139526,123.6537857055664,26.29845428466797,1.246803641319275,1.775644302368164,4.606143474578857,15.860408782958984,33,25,8,123.42897033691406,0.2946043247646756,moderate_review,212
detector_top5,1.3.6.1.4.1.14519.5.2.1.6279.6001.265960756233787099041040311282,outputs/luna16_saliency_synthetic_detector_top5_minprob0.5/1.3.6.1.4.1.14519.5.2.1.6279.6001.265960756233787099041040311282/surface_1.3.6.1.4.1.14519.5.2.1.6279.6001.265960756233787099041040311282.png,outputs/luna16_saliency_synthetic_detector_top5_minprob0.5/1.3.6.1.4.1.14519.5.2.1.6279.6001.265960756233787099041040311282/surface_grid_float_1.3.6.1.4.1.14519.5.2.1.6279.6001.265960756233787099041040311282.npy,0.6839349898421628,0.3017248511314392,0.2259010523557663,0.929411768913269,131.1311798095703,24.452138900756836,1.1596755743026732,1.4016005110740666,2.074069023132324,15.060821533203125,28,20,8,130.62611389160156,0.2940684739775128,moderate_review,213
detector_top5,1.3.6.1.4.1.14519.5.2.1.6279.6001.198016798894102791158686961192,outputs/luna16_saliency_synthetic_detector_top5_minprob0.5/1.3.6.1.4.1.14519.5.2.1.6279.6001.198016798894102791158686961192/surface_1.3.6.1.4.1.14519.5.2.1.6279.6001.198016798894102791158686961192.png,outputs/luna16_saliency_synthetic_detector_top5_minprob0.5/1.3.6.1.4.1.14519.5.2.1.6279.6001.198016798894102791158686961192/surface_grid_float_1.3.6.1.4.1.14519.5.2.1.6279.6001.198016798894102791158686961192.npy,0.222266736108329,0.34435516595840454,0.2505759596824646,0.9394901996850956,74.01736450195312,16.203706741333008,0.9945267200469965,2.3918782806396472,19.561140060424805,11.029403686523438,33,25,8,26.038177490234375,0.2926188450686897,moderate_review,214
detector_top5,1.3.6.1.4.1.14519.5.2.1.6279.6001.227968442353440630355230778531,outputs/luna16_saliency_synthetic_detector_top5_minprob0.5/1.3.6.1.4.1.14519.5.2.1.6279.6001.227968442353440630355230778531/surface_1.3.6.1.4.1.14519.5.2.1.6279.6001.227968442353440630355230778531.png,outputs/luna16_saliency_synthetic_detector_top5_minprob0.5/1.3.6.1.4.1.14519.5.2.1.6279.6001.227968442353440630355230778531/surface_grid_float_1.3.6.1.4.1.14519.5.2.1.6279.6001.227968442353440630355230778531.npy,0.5362995974698103,0.3820474445819855,0.2581966817378998,1.0,123.01605987548828,22.248676300048828,1.4025397837162015,1.7301410734653473,3.2879650592803955,15.990376472473145,28,20,8,122.2559814453125,0.2924651686019367,moderate_review,215
detector_top5,1.3.6.1.4.1.14519.5.2.1.6279.6001.225515255547637437801620523312,outputs/luna16_saliency_synthetic_detector_top5_minprob0.5/1.3.6.1.4.1.14519.5.2.1.6279.6001.225515255547637437801620523312/surface_1.3.6.1.4.1.14519.5.2.1.6279.6001.225515255547637437801620523312.png,outputs/luna16_saliency_synthetic_detector_top5_minprob0.5/1.3.6.1.4.1.14519.5.2.1.6279.6001.225515255547637437801620523312/surface_grid_float_1.3.6.1.4.1.14519.5.2.1.6279.6001.225515255547637437801620523312.npy,0.15314471950627556,0.45916980504989624,0.2494637370109558,0.9790980404615405,54.7044677734375,8.701268196105957,1.0401146233081817,2.516409149169921,5.2227044105529785,5.899880409240723,33,25,8,34.98236083984375,0.2922659644953947,moderate_review,216
detector_top5,1.3.6.1.4.1.14519.5.2.1.6279.6001.244447966386688625240438849169,outputs/luna16_saliency_synthetic_detector_top5_minprob0.5/1.3.6.1.4.1.14519.5.2.1.6279.6001.244447966386688625240438849169/surface_1.3.6.1.4.1.14519.5.2.1.6279.6001.244447966386688625240438849169.png,outputs/luna16_saliency_synthetic_detector_top5_minprob0.5/1.3.6.1.4.1.14519.5.2.1.6279.6001.244447966386688625240438849169/surface_grid_float_1.3.6.1.4.1.14519.5.2.1.6279.6001.244447966386688625240438849169.npy,0.45686444885799404,0.3844437599182129,0.23862521350383759,1.0,122.86544036865234,28.593488693237305,1.4229258537292475,1.9131548273563381,2.0719573497772217,13.451624870300293,28,20,8,122.70775604248047,0.29206287848022244,moderate_review,217
detector_top5,1.3.6.1.4.1.14519.5.2.1.6279.6001.832260670372728970918746541371,outputs/luna16_saliency_synthetic_detector_top5_minprob0.5/1.3.6.1.4.1.14519.5.2.1.6279.6001.832260670372728970918746541371/surface_1.3.6.1.4.1.14519.5.2.1.6279.6001.832260670372728970918746541371.png,outputs/luna16_saliency_synthetic_detector_top5_minprob0.5/1.3.6.1.4.1.14519.5.2.1.6279.6001.832260670372728970918746541371/surface_grid_float_1.3.6.1.4.1.14519.5.2.1.6279.6001.832260670372728970918746541371.npy,0.6303037939882697,0.30294227600097656,0.22581465542316437,0.9137254953384399,134.16290283203125,28.70187759399414,1.2178310751914978,1.5281189978122713,1.6213221549987793,9.99621868133545,28,20,8,134.04779052734375,0.2916622272796101,moderate_review,218
detector_top5,1.3.6.1.4.1.14519.5.2.1.6279.6001.259543921154154401875872845498,outputs/luna16_saliency_synthetic_detector_top5_minprob0.5/1.3.6.1.4.1.14519.5.2.1.6279.6001.259543921154154401875872845498/surface_1.3.6.1.4.1.14519.5.2.1.6279.6001.259543921154154401875872845498.png,outputs/luna16_saliency_synthetic_detector_top5_minprob0.5/1.3.6.1.4.1.14519.5.2.1.6279.6001.259543921154154401875872845498/surface_grid_float_1.3.6.1.4.1.14519.5.2.1.6279.6001.259543921154154401875872845498.npy,0.5874379077144054,0.339878112077713,0.22114044427871704,1.0,121.59713745117188,25.476131439208984,1.2691924571990967,2.031420111656187,2.333686590194702,12.237804412841797,28,20,8,121.37654113769531,0.29079962001906495,moderate_review,219
detector_top5,1.3.6.1.4.1.14519.5.2.1.6279.6001.792381786708289670758399079830,outputs/luna16_saliency_synthetic_detector_top5_minprob0.5/1.3.6.1.4.1.14519.5.2.1.6279.6001.792381786708289670758399079830/surface_1.3.6.1.4.1.14519.5.2.1.6279.6001.792381786708289670758399079830.png,outputs/luna16_saliency_synthetic_detector_top5_minprob0.5/1.3.6.1.4.1.14519.5.2.1.6279.6001.792381786708289670758399079830/surface_grid_float_1.3.6.1.4.1.14519.5.2.1.6279.6001.792381786708289670758399079830.npy,0.10885167464114832,0.5297542214393616,0.25592315196990967,1.0,52.528350830078125,9.004223823547363,0.9221932202577588,1.804640361070633,5.657197952270508,4.903741836547852,33,25,8,39.023040771484375,0.29038270935900096,moderate_review,220
detector_top5,1.3.6.1.4.1.14519.5.2.1.6279.6001.143412474064515942785157561636,outputs/luna16_saliency_synthetic_detector_top5_minprob0.5/1.3.6.1.4.1.14519.5.2.1.6279.6001.143412474064515942785157561636/surface_1.3.6.1.4.1.14519.5.2.1.6279.6001.143412474064515942785157561636.png,outputs/luna16_saliency_synthetic_detector_top5_minprob0.5/1.3.6.1.4.1.14519.5.2.1.6279.6001.143412474064515942785157561636/surface_grid_float_1.3.6.1.4.1.14519.5.2.1.6279.6001.143412474064515942785157561636.npy,0.5400830897061086,0.3580667972564697,0.23048368096351624,0.95729412019253,126.7112808227539,24.81879997253418,1.3706268668174744,1.6603551030158996,1.7424060106277466,12.808399200439453,18,10,8,126.55302429199219,0.28945923046271005,moderate_review,221
detector_top5,1.3.6.1.4.1.14519.5.2.1.6279.6001.566816709786169715745131047975,outputs/luna16_saliency_synthetic_detector_top5_minprob0.5/1.3.6.1.4.1.14519.5.2.1.6279.6001.566816709786169715745131047975/surface_1.3.6.1.4.1.14519.5.2.1.6279.6001.566816709786169715745131047975.png,outputs/luna16_saliency_synthetic_detector_top5_minprob0.5/1.3.6.1.4.1.14519.5.2.1.6279.6001.566816709786169715745131047975/surface_grid_float_1.3.6.1.4.1.14519.5.2.1.6279.6001.566816709786169715745131047975.npy,0.5086911150864639,0.36201390624046326,0.24739131331443787,1.0,122.9190902709961,22.43653106689453,1.515011805295944,2.0486074304580697,2.2556586265563965,9.522294998168945,23,15,8,122.50296783447266,0.2874840289168888,moderate_review,222
detector_top5,1.3.6.1.4.1.14519.5.2.1.6279.6001.272123398257168239653655006815,outputs/luna16_saliency_synthetic_detector_top5_minprob0.5/1.3.6.1.4.1.14519.5.2.1.6279.6001.272123398257168239653655006815/surface_1.3.6.1.4.1.14519.5.2.1.6279.6001.272123398257168239653655006815.png,outputs/luna16_saliency_synthetic_detector_top5_minprob0.5/1.3.6.1.4.1.14519.5.2.1.6279.6001.272123398257168239653655006815/surface_grid_float_1.3.6.1.4.1.14519.5.2.1.6279.6001.272123398257168239653655006815.npy,0.3829937747594793,0.3279210925102234,0.21701686084270477,0.8705882430076599,115.62303161621094,25.367582321166992,1.3014612197875977,2.080976271629339,3.8041961193084717,14.336265563964844,33,25,8,111.731201171875,0.28699270876248695,moderate_review,223
detector_top5,1.3.6.1.4.1.14519.5.2.1.6279.6001.188209889686363159853715266493,outputs/luna16_saliency_synthetic_detector_top5_minprob0.5/1.3.6.1.4.1.14519.5.2.1.6279.6001.188209889686363159853715266493/surface_1.3.6.1.4.1.14519.5.2.1.6279.6001.188209889686363159853715266493.png,outputs/luna16_saliency_synthetic_detector_top5_minprob0.5/1.3.6.1.4.1.14519.5.2.1.6279.6001.188209889686363159853715266493/surface_grid_float_1.3.6.1.4.1.14519.5.2.1.6279.6001.188209889686363159853715266493.npy,0.5743094347358172,0.31863275170326233,0.2400665283203125,1.0,120.58893585205078,27.483421325683594,1.1518378436565397,1.9413487517833716,2.3255794048309326,12.39124584197998,28,20,8,120.34970092773438,0.28675812417798574,moderate_review,224
detector_top5,1.3.6.1.4.1.14519.5.2.1.6279.6001.244681063194071446501270815660,outputs/luna16_saliency_synthetic_detector_top5_minprob0.5/1.3.6.1.4.1.14519.5.2.1.6279.6001.244681063194071446501270815660/surface_1.3.6.1.4.1.14519.5.2.1.6279.6001.244681063194071446501270815660.png,outputs/luna16_saliency_synthetic_detector_top5_minprob0.5/1.3.6.1.4.1.14519.5.2.1.6279.6001.244681063194071446501270815660/surface_grid_float_1.3.6.1.4.1.14519.5.2.1.6279.6001.244681063194071446501270815660.npy,0.4484380546680866,0.35758039355278015,0.22275356948375702,0.8823529481887817,117.55355072021484,25.24835777282715,1.1757565736770617,2.117807121276834,11.229700088500977,11.918519020080566,23,15,8,112.26824951171875,0.28594239599439764,moderate_review,225
detector_top5,1.3.6.1.4.1.14519.5.2.1.6279.6001.227885601428639043345478571594,outputs/luna16_saliency_synthetic_detector_top5_minprob0.5/1.3.6.1.4.1.14519.5.2.1.6279.6001.227885601428639043345478571594/surface_1.3.6.1.4.1.14519.5.2.1.6279.6001.227885601428639043345478571594.png,outputs/luna16_saliency_synthetic_detector_top5_minprob0.5/1.3.6.1.4.1.14519.5.2.1.6279.6001.227885601428639043345478571594/surface_grid_float_1.3.6.1.4.1.14519.5.2.1.6279.6001.227885601428639043345478571594.npy,0.5813225087073092,0.3160417675971985,0.22418144345283508,0.9254902005195618,124.71602630615234,27.286455154418945,0.9839784175157545,1.387507346868515,1.4870693683624268,16.218088150024414,23,15,8,124.57054138183594,0.2855254601385859,moderate_review,226
detector_top5,1.3.6.1.4.1.14519.5.2.1.6279.6001.671278273674156798801285503514,outputs/luna16_saliency_synthetic_detector_top5_minprob0.5/1.3.6.1.4.1.14519.5.2.1.6279.6001.671278273674156798801285503514/surface_1.3.6.1.4.1.14519.5.2.1.6279.6001.671278273674156798801285503514.png,outputs/luna16_saliency_synthetic_detector_top5_minprob0.5/1.3.6.1.4.1.14519.5.2.1.6279.6001.671278273674156798801285503514/surface_grid_float_1.3.6.1.4.1.14519.5.2.1.6279.6001.671278273674156798801285503514.npy,0.1497967479674797,0.4109080135822296,0.26631295680999756,1.0,50.136932373046875,11.964553833007812,0.8436802953481675,2.1234576439857484,6.508828163146973,10.610464096069336,33,25,8,34.12579345703125,0.2852459506813242,moderate_review,227
detector_top5,1.3.6.1.4.1.14519.5.2.1.6279.6001.205852555362702089950453265567,outputs/luna16_saliency_synthetic_detector_top5_minprob0.5/1.3.6.1.4.1.14519.5.2.1.6279.6001.205852555362702089950453265567/surface_1.3.6.1.4.1.14519.5.2.1.6279.6001.205852555362702089950453265567.png,outputs/luna16_saliency_synthetic_detector_top5_minprob0.5/1.3.6.1.4.1.14519.5.2.1.6279.6001.205852555362702089950453265567/surface_grid_float_1.3.6.1.4.1.14519.5.2.1.6279.6001.205852555362702089950453265567.npy,0.6694758672699849,0.34061312675476074,0.2376130223274231,0.9960784316062927,110.61012268066406,26.129928588867188,1.4812224805355056,2.4621612238883976,2.849703073501587,12.127776145935059,23,15,8,109.9751205444336,0.2851656548420588,moderate_review,228
detector_top5,1.3.6.1.4.1.14519.5.2.1.6279.6001.177086402277715068525592995222,outputs/luna16_saliency_synthetic_detector_top5_minprob0.5/1.3.6.1.4.1.14519.5.2.1.6279.6001.177086402277715068525592995222/surface_1.3.6.1.4.1.14519.5.2.1.6279.6001.177086402277715068525592995222.png,outputs/luna16_saliency_synthetic_detector_top5_minprob0.5/1.3.6.1.4.1.14519.5.2.1.6279.6001.177086402277715068525592995222/surface_grid_float_1.3.6.1.4.1.14519.5.2.1.6279.6001.177086402277715068525592995222.npy,0.28742137538901946,0.3424704074859619,0.22659803926944733,0.9960784316062927,100.90121459960938,23.194042205810547,1.0785142660140992,1.7909716987609832,4.757619380950928,11.805974960327148,33,25,8,99.3924560546875,0.28389255593743395,moderate_review,229
detector_top5,1.3.6.1.4.1.14519.5.2.1.6279.6001.314789075871001236641548593165,outputs/luna16_saliency_synthetic_detector_top5_minprob0.5/1.3.6.1.4.1.14519.5.2.1.6279.6001.314789075871001236641548593165/surface_1.3.6.1.4.1.14519.5.2.1.6279.6001.314789075871001236641548593165.png,outputs/luna16_saliency_synthetic_detector_top5_minprob0.5/1.3.6.1.4.1.14519.5.2.1.6279.6001.314789075871001236641548593165/surface_grid_float_1.3.6.1.4.1.14519.5.2.1.6279.6001.314789075871001236641548593165.npy,0.5798527443105757,0.3087271749973297,0.23010431230068207,0.9215686321258545,118.20448303222656,18.072772979736328,1.5651129901409153,2.2121815299987717,3.054409980773926,8.902520179748535,23,15,8,117.73379516601562,0.28315629579755974,moderate_review,230
detector_top5,1.3.6.1.4.1.14519.5.2.1.6279.6001.745109871503276594185453478952,outputs/luna16_saliency_synthetic_detector_top5_minprob0.5/1.3.6.1.4.1.14519.5.2.1.6279.6001.745109871503276594185453478952/surface_1.3.6.1.4.1.14519.5.2.1.6279.6001.745109871503276594185453478952.png,outputs/luna16_saliency_synthetic_detector_top5_minprob0.5/1.3.6.1.4.1.14519.5.2.1.6279.6001.745109871503276594185453478952/surface_grid_float_1.3.6.1.4.1.14519.5.2.1.6279.6001.745109871503276594185453478952.npy,0.6294004463942122,0.3087434768676758,0.25609150528907776,1.0,110.66094207763672,26.205713272094727,1.0591696739196774,2.039341049194336,3.490665912628174,16.6235408782959,23,15,8,109.94326782226562,0.2825563368903266,moderate_review,231
detector_top5,1.3.6.1.4.1.14519.5.2.1.6279.6001.317613170669207528926259976488,outputs/luna16_saliency_synthetic_detector_top5_minprob0.5/1.3.6.1.4.1.14519.5.2.1.6279.6001.317613170669207528926259976488/surface_1.3.6.1.4.1.14519.5.2.1.6279.6001.317613170669207528926259976488.png,outputs/luna16_saliency_synthetic_detector_top5_minprob0.5/1.3.6.1.4.1.14519.5.2.1.6279.6001.317613170669207528926259976488/surface_grid_float_1.3.6.1.4.1.14519.5.2.1.6279.6001.317613170669207528926259976488.npy,0.14226048962282337,0.44737544655799866,0.2637564539909363,1.0,50.319549560546875,9.99674129486084,0.9440423965454096,2.247391884326933,6.172455310821533,5.629580497741699,33,25,8,35.11810302734375,0.2825061429920242,moderate_review,232
detector_top5,1.3.6.1.4.1.14519.5.2.1.6279.6001.195557219224169985110295082004,outputs/luna16_saliency_synthetic_detector_top5_minprob0.5/1.3.6.1.4.1.14519.5.2.1.6279.6001.195557219224169985110295082004/surface_1.3.6.1.4.1.14519.5.2.1.6279.6001.195557219224169985110295082004.png,outputs/luna16_saliency_synthetic_detector_top5_minprob0.5/1.3.6.1.4.1.14519.5.2.1.6279.6001.195557219224169985110295082004/surface_grid_float_1.3.6.1.4.1.14519.5.2.1.6279.6001.195557219224169985110295082004.npy,0.6167871676346253,0.3292126953601837,0.2542153298854828,1.0,117.56448364257812,24.287866592407227,1.238753479719162,1.4421673727035522,1.593656063079834,19.350175857543945,23,15,8,117.44185638427734,0.28220621804661217,moderate_review,233
detector_top5,1.3.6.1.4.1.14519.5.2.1.6279.6001.316393351033132458296975008261,outputs/luna16_saliency_synthetic_detector_top5_minprob0.5/1.3.6.1.4.1.14519.5.2.1.6279.6001.316393351033132458296975008261/surface_1.3.6.1.4.1.14519.5.2.1.6279.6001.316393351033132458296975008261.png,outputs/luna16_saliency_synthetic_detector_top5_minprob0.5/1.3.6.1.4.1.14519.5.2.1.6279.6001.316393351033132458296975008261/surface_grid_float_1.3.6.1.4.1.14519.5.2.1.6279.6001.316393351033132458296975008261.npy,0.546159970396618,0.36000654101371765,0.2578635513782501,1.0,103.02118682861328,23.504350662231445,1.245712041854855,2.628233270645142,4.665084362030029,14.117433547973633,33,25,8,100.03282928466797,0.28192105071809553,moderate_review,234
detector_top5,1.3.6.1.4.1.14519.5.2.1.6279.6001.185226274332527104841463955058,outputs/luna16_saliency_synthetic_detector_top5_minprob0.5/1.3.6.1.4.1.14519.5.2.1.6279.6001.185226274332527104841463955058/surface_1.3.6.1.4.1.14519.5.2.1.6279.6001.185226274332527104841463955058.png,outputs/luna16_saliency_synthetic_detector_top5_minprob0.5/1.3.6.1.4.1.14519.5.2.1.6279.6001.185226274332527104841463955058/surface_grid_float_1.3.6.1.4.1.14519.5.2.1.6279.6001.185226274332527104841463955058.npy,0.4034034034034034,0.38145554065704346,0.23793119192123413,1.0,116.59558868408203,24.608989715576172,1.1425538301467897,1.8124336099624554,2.0887858867645264,14.89186954498291,23,15,8,116.47370910644531,0.2817920328723057,moderate_review,235
detector_top5,1.3.6.1.4.1.14519.5.2.1.6279.6001.226564372605239604660221582288,outputs/luna16_saliency_synthetic_detector_top5_minprob0.5/1.3.6.1.4.1.14519.5.2.1.6279.6001.226564372605239604660221582288/surface_1.3.6.1.4.1.14519.5.2.1.6279.6001.226564372605239604660221582288.png,outputs/luna16_saliency_synthetic_detector_top5_minprob0.5/1.3.6.1.4.1.14519.5.2.1.6279.6001.226564372605239604660221582288/surface_grid_float_1.3.6.1.4.1.14519.5.2.1.6279.6001.226564372605239604660221582288.npy,0.5437377903190797,0.3445689082145691,0.2325604259967804,0.9607843160629272,108.66987609863281,28.35764503479004,1.4987219989299774,2.5224606084823606,6.256972789764404,10.862459182739258,33,25,8,106.08998107910156,0.2809290766027238,moderate_review,236
detector_top5,1.3.6.1.4.1.14519.5.2.1.6279.6001.131939324905446238286154504249,outputs/luna16_saliency_synthetic_detector_top5_minprob0.5/1.3.6.1.4.1.14519.5.2.1.6279.6001.131939324905446238286154504249/surface_1.3.6.1.4.1.14519.5.2.1.6279.6001.131939324905446238286154504249.png,outputs/luna16_saliency_synthetic_detector_top5_minprob0.5/1.3.6.1.4.1.14519.5.2.1.6279.6001.131939324905446238286154504249/surface_grid_float_1.3.6.1.4.1.14519.5.2.1.6279.6001.131939324905446238286154504249.npy,0.25172910662824205,0.3787636160850525,0.2588402032852173,0.9921568632125854,96.46681213378906,23.78209114074707,0.8260562688112261,0.9167162317037592,2.4759535789489746,16.265504837036133,33,25,8,95.26481628417969,0.28057986969105236,moderate_review,237
detector_top5,1.3.6.1.4.1.14519.5.2.1.6279.6001.247060297988514823071467295949,outputs/luna16_saliency_synthetic_detector_top5_minprob0.5/1.3.6.1.4.1.14519.5.2.1.6279.6001.247060297988514823071467295949/surface_1.3.6.1.4.1.14519.5.2.1.6279.6001.247060297988514823071467295949.png,outputs/luna16_saliency_synthetic_detector_top5_minprob0.5/1.3.6.1.4.1.14519.5.2.1.6279.6001.247060297988514823071467295949/surface_grid_float_1.3.6.1.4.1.14519.5.2.1.6279.6001.247060297988514823071467295949.npy,0.11051452504443958,0.5035796165466309,0.256842702627182,1.0,49.12760925292969,9.354959487915039,0.8002323150634759,1.6819285607337937,4.32313346862793,4.952255725860596,33,25,8,23.038818359375,0.2801910611327801,moderate_review,238
detector_top5,1.3.6.1.4.1.14519.5.2.1.6279.6001.257840703452266097926250569223,outputs/luna16_saliency_synthetic_detector_top5_minprob0.5/1.3.6.1.4.1.14519.5.2.1.6279.6001.257840703452266097926250569223/surface_1.3.6.1.4.1.14519.5.2.1.6279.6001.257840703452266097926250569223.png,outputs/luna16_saliency_synthetic_detector_top5_minprob0.5/1.3.6.1.4.1.14519.5.2.1.6279.6001.257840703452266097926250569223/surface_grid_float_1.3.6.1.4.1.14519.5.2.1.6279.6001.257840703452266097926250569223.npy,0.6126003414332933,0.3742571175098419,0.2204856127500534,0.8980392217636108,114.91825866699219,19.244956970214844,1.5724503517150856,2.204142348766326,5.736417770385742,10.073163986206055,28,20,8,113.85979461669922,0.2800395104328791,moderate_review,239
detector_top5,1.3.6.1.4.1.14519.5.2.1.6279.6001.100225287222365663678666836860,outputs/luna16_saliency_synthetic_detector_top5_minprob0.5/1.3.6.1.4.1.14519.5.2.1.6279.6001.100225287222365663678666836860/surface_1.3.6.1.4.1.14519.5.2.1.6279.6001.100225287222365663678666836860.png,outputs/luna16_saliency_synthetic_detector_top5_minprob0.5/1.3.6.1.4.1.14519.5.2.1.6279.6001.100225287222365663678666836860/surface_grid_float_1.3.6.1.4.1.14519.5.2.1.6279.6001.100225287222365663678666836860.npy,0.09570410518920004,0.5026203989982605,0.26557308435440063,1.0,44.444854736328125,10.434000015258789,0.9181245028972618,1.624126585721971,6.883333206176758,5.162142276763916,33,25,8,24.06658935546875,0.2795819226391226,moderate_review,240
detector_top5,1.3.6.1.4.1.14519.5.2.1.6279.6001.149893110752986700464921264055,outputs/luna16_saliency_synthetic_detector_top5_minprob0.5/1.3.6.1.4.1.14519.5.2.1.6279.6001.149893110752986700464921264055/surface_1.3.6.1.4.1.14519.5.2.1.6279.6001.149893110752986700464921264055.png,outputs/luna16_saliency_synthetic_detector_top5_minprob0.5/1.3.6.1.4.1.14519.5.2.1.6279.6001.149893110752986700464921264055/surface_grid_float_1.3.6.1.4.1.14519.5.2.1.6279.6001.149893110752986700464921264055.npy,0.44806615185762105,0.37453484535217285,0.2311706393957138,0.9490196108818054,122.26716613769531,27.95431137084961,1.2594064474105835,1.684676671028138,1.8182244300842285,11.222899436950684,33,25,8,121.50286865234375,0.2792586868868934,moderate_review,241
detector_top5,1.3.6.1.4.1.14519.5.2.1.6279.6001.160586340600816116143631200450,outputs/luna16_saliency_synthetic_detector_top5_minprob0.5/1.3.6.1.4.1.14519.5.2.1.6279.6001.160586340600816116143631200450/surface_1.3.6.1.4.1.14519.5.2.1.6279.6001.160586340600816116143631200450.png,outputs/luna16_saliency_synthetic_detector_top5_minprob0.5/1.3.6.1.4.1.14519.5.2.1.6279.6001.160586340600816116143631200450/surface_grid_float_1.3.6.1.4.1.14519.5.2.1.6279.6001.160586340600816116143631200450.npy,0.6296623261973074,0.3297885060310364,0.2561019957065582,1.0,125.61470794677734,29.736312866210938,1.0991052508354187,1.188360538482666,1.215671181678772,14.750093460083008,18,10,8,125.45830535888672,0.27778664819929333,moderate_review,242
detector_top5,1.3.6.1.4.1.14519.5.2.1.6279.6001.283878926524838648426928238498,outputs/luna16_saliency_synthetic_detector_top5_minprob0.5/1.3.6.1.4.1.14519.5.2.1.6279.6001.283878926524838648426928238498/surface_1.3.6.1.4.1.14519.5.2.1.6279.6001.283878926524838648426928238498.png,outputs/luna16_saliency_synthetic_detector_top5_minprob0.5/1.3.6.1.4.1.14519.5.2.1.6279.6001.283878926524838648426928238498/surface_grid_float_1.3.6.1.4.1.14519.5.2.1.6279.6001.283878926524838648426928238498.npy,0.12106082320126978,0.5071412920951843,0.25796622037887573,1.0,45.467803955078125,10.580660820007324,0.5964680433273312,1.5135365438461366,9.593132972717285,11.496013641357422,33,25,8,34.99607849121094,0.27755485329677343,moderate_review,243
detector_top5,1.3.6.1.4.1.14519.5.2.1.6279.6001.213140617640021803112060161074,outputs/luna16_saliency_synthetic_detector_top5_minprob0.5/1.3.6.1.4.1.14519.5.2.1.6279.6001.213140617640021803112060161074/surface_1.3.6.1.4.1.14519.5.2.1.6279.6001.213140617640021803112060161074.png,outputs/luna16_saliency_synthetic_detector_top5_minprob0.5/1.3.6.1.4.1.14519.5.2.1.6279.6001.213140617640021803112060161074/surface_grid_float_1.3.6.1.4.1.14519.5.2.1.6279.6001.213140617640021803112060161074.npy,0.609150533663906,0.360569030046463,0.2603980302810669,1.0,120.88231658935547,27.368671417236328,1.3379826545715332,1.7736260771751406,2.1482365131378174,10.239702224731445,33,25,8,120.63055419921875,0.2774342037969165,moderate_review,244
detector_top5,1.3.6.1.4.1.14519.5.2.1.6279.6001.503980049263254396021509831276,outputs/luna16_saliency_synthetic_detector_top5_minprob0.5/1.3.6.1.4.1.14519.5.2.1.6279.6001.503980049263254396021509831276/surface_1.3.6.1.4.1.14519.5.2.1.6279.6001.503980049263254396021509831276.png,outputs/luna16_saliency_synthetic_detector_top5_minprob0.5/1.3.6.1.4.1.14519.5.2.1.6279.6001.503980049263254396021509831276/surface_grid_float_1.3.6.1.4.1.14519.5.2.1.6279.6001.503980049263254396021509831276.npy,0.3940012112325885,0.42196574807167053,0.222040057182312,1.0,105.77400970458984,20.590423583984375,1.3430121839046478,2.3754482030868536,2.9006102085113525,13.16637897491455,23,15,8,99.5577163696289,0.2768120822111766,moderate_review,245
detector_top5,1.3.6.1.4.1.14519.5.2.1.6279.6001.273525289046256012743471155680,outputs/luna16_saliency_synthetic_detector_top5_minprob0.5/1.3.6.1.4.1.14519.5.2.1.6279.6001.273525289046256012743471155680/surface_1.3.6.1.4.1.14519.5.2.1.6279.6001.273525289046256012743471155680.png,outputs/luna16_saliency_synthetic_detector_top5_minprob0.5/1.3.6.1.4.1.14519.5.2.1.6279.6001.273525289046256012743471155680/surface_grid_float_1.3.6.1.4.1.14519.5.2.1.6279.6001.273525289046256012743471155680.npy,0.4479186161537845,0.36768975853919983,0.22275805473327637,0.9644705903530212,107.29020690917969,20.286474227905273,1.1356143057346344,2.2219848155975335,11.826602935791016,14.06852912902832,33,25,8,93.41679382324219,0.2767399540477329,moderate_review,246
detector_top5,1.3.6.1.4.1.14519.5.2.1.6279.6001.106164978370116976238911317774,outputs/luna16_saliency_synthetic_detector_top5_minprob0.5/1.3.6.1.4.1.14519.5.2.1.6279.6001.106164978370116976238911317774/surface_1.3.6.1.4.1.14519.5.2.1.6279.6001.106164978370116976238911317774.png,outputs/luna16_saliency_synthetic_detector_top5_minprob0.5/1.3.6.1.4.1.14519.5.2.1.6279.6001.106164978370116976238911317774/surface_grid_float_1.3.6.1.4.1.14519.5.2.1.6279.6001.106164978370116976238911317774.npy,0.6097256431308156,0.4007686674594879,0.24465346336364746,0.9450980424880981,120.18743133544922,27.05358123779297,1.1872185051441193,1.3437829387187958,1.3857742547988892,15.618797302246094,23,15,8,119.95245361328125,0.27533431217008164,moderate_review,247
detector_top5,1.3.6.1.4.1.14519.5.2.1.6279.6001.855232435861303786204450738044,outputs/luna16_saliency_synthetic_detector_top5_minprob0.5/1.3.6.1.4.1.14519.5.2.1.6279.6001.855232435861303786204450738044/surface_1.3.6.1.4.1.14519.5.2.1.6279.6001.855232435861303786204450738044.png,outputs/luna16_saliency_synthetic_detector_top5_minprob0.5/1.3.6.1.4.1.14519.5.2.1.6279.6001.855232435861303786204450738044/surface_grid_float_1.3.6.1.4.1.14519.5.2.1.6279.6001.855232435861303786204450738044.npy,0.6276408847245372,0.3325279951095581,0.24848626554012299,0.9490196108818054,123.61251068115234,26.292217254638672,0.9763413310050963,1.0621557188034056,1.1011221408843994,16.614015579223633,18,10,8,123.45388793945312,0.274805557319853,moderate_review,248
detector_top5,1.3.6.1.4.1.14519.5.2.1.6279.6001.290135156874098366424871975734,outputs/luna16_saliency_synthetic_detector_top5_minprob0.5/1.3.6.1.4.1.14519.5.2.1.6279.6001.290135156874098366424871975734/surface_1.3.6.1.4.1.14519.5.2.1.6279.6001.290135156874098366424871975734.png,outputs/luna16_saliency_synthetic_detector_top5_minprob0.5/1.3.6.1.4.1.14519.5.2.1.6279.6001.290135156874098366424871975734/surface_grid_float_1.3.6.1.4.1.14519.5.2.1.6279.6001.290135156874098366424871975734.npy,0.5419480609900439,0.36898669600486755,0.23377889394760132,0.9647058844566345,115.81088256835938,20.53472137451172,1.4730018556118005,2.2976385378837545,8.228655815124512,5.741670608520508,33,25,8,111.7621078491211,0.27470656176937935,moderate_review,249
detector_top5,1.3.6.1.4.1.14519.5.2.1.6279.6001.232011770495640253949434620907,outputs/luna16_saliency_synthetic_detector_top5_minprob0.5/1.3.6.1.4.1.14519.5.2.1.6279.6001.232011770495640253949434620907/surface_1.3.6.1.4.1.14519.5.2.1.6279.6001.232011770495640253949434620907.png,outputs/luna16_saliency_synthetic_detector_top5_minprob0.5/1.3.6.1.4.1.14519.5.2.1.6279.6001.232011770495640253949434620907/surface_grid_float_1.3.6.1.4.1.14519.5.2.1.6279.6001.232011770495640253949434620907.npy,0.5934397163120567,0.3273071348667145,0.21812720596790314,0.9647058844566345,108.59822082519531,20.203962326049805,1.3068412780761722,2.2961927080154436,2.856412172317505,11.081686019897461,23,15,8,106.85198211669922,0.27450878488222763,moderate_review,250
detector_top5,1.3.6.1.4.1.14519.5.2.1.6279.6001.162718361851587451505896742103,outputs/luna16_saliency_synthetic_detector_top5_minprob0.5/1.3.6.1.4.1.14519.5.2.1.6279.6001.162718361851587451505896742103/surface_1.3.6.1.4.1.14519.5.2.1.6279.6001.162718361851587451505896742103.png,outputs/luna16_saliency_synthetic_detector_top5_minprob0.5/1.3.6.1.4.1.14519.5.2.1.6279.6001.162718361851587451505896742103/surface_grid_float_1.3.6.1.4.1.14519.5.2.1.6279.6001.162718361851587451505896742103.npy,0.5435815949587136,0.371639609336853,0.2330322116613388,1.0,118.10548400878906,20.132492065429688,1.2755100309848786,1.6415739309787756,2.290154457092285,12.545796394348145,33,25,8,117.8594741821289,0.27396923882034085,moderate_review,251
detector_top5,1.3.6.1.4.1.14519.5.2.1.6279.6001.309955999522338651429118207446,outputs/luna16_saliency_synthetic_detector_top5_minprob0.5/1.3.6.1.4.1.14519.5.2.1.6279.6001.309955999522338651429118207446/surface_1.3.6.1.4.1.14519.5.2.1.6279.6001.309955999522338651429118207446.png,outputs/luna16_saliency_synthetic_detector_top5_minprob0.5/1.3.6.1.4.1.14519.5.2.1.6279.6001.309955999522338651429118207446/surface_grid_float_1.3.6.1.4.1.14519.5.2.1.6279.6001.309955999522338651429118207446.npy,0.570835171857645,0.3790102005004883,0.21195149421691895,0.9725490212440491,96.29850006103516,15.064888000488281,1.3937695026397692,2.9225115060806255,5.389462471008301,11.21965217590332,33,25,8,95.37905883789062,0.27310540567504027,moderate_review,252
detector_top5,1.3.6.1.4.1.14519.5.2.1.6279.6001.233433352108264931671753343044,outputs/luna16_saliency_synthetic_detector_top5_minprob0.5/1.3.6.1.4.1.14519.5.2.1.6279.6001.233433352108264931671753343044/surface_1.3.6.1.4.1.14519.5.2.1.6279.6001.233433352108264931671753343044.png,outputs/luna16_saliency_synthetic_detector_top5_minprob0.5/1.3.6.1.4.1.14519.5.2.1.6279.6001.233433352108264931671753343044/surface_grid_float_1.3.6.1.4.1.14519.5.2.1.6279.6001.233433352108264931671753343044.npy,0.4909066660200296,0.3539043366909027,0.21810606122016907,0.9411764740943909,104.88167572021484,19.37175941467285,1.1380342543125148,2.495304534435254,5.122252941131592,10.536897659301758,23,15,8,104.0458755493164,0.27307725703186403,moderate_review,253
detector_top5,1.3.6.1.4.1.14519.5.2.1.6279.6001.223650122819238796121876338881,outputs/luna16_saliency_synthetic_detector_top5_minprob0.5/1.3.6.1.4.1.14519.5.2.1.6279.6001.223650122819238796121876338881/surface_1.3.6.1.4.1.14519.5.2.1.6279.6001.223650122819238796121876338881.png,outputs/luna16_saliency_synthetic_detector_top5_minprob0.5/1.3.6.1.4.1.14519.5.2.1.6279.6001.223650122819238796121876338881/surface_grid_float_1.3.6.1.4.1.14519.5.2.1.6279.6001.223650122819238796121876338881.npy,0.5388890927101295,0.37101519107818604,0.23358047008514404,0.9490196108818054,106.81946563720703,22.880298614501953,1.4898313760757438,2.5844636845588718,3.1060173511505127,7.808542251586914,23,15,8,100.0,0.27291866938008214,moderate_review,254
detector_top5,1.3.6.1.4.1.14519.5.2.1.6279.6001.317087518531899043292346860596,outputs/luna16_saliency_synthetic_detector_top5_minprob0.5/1.3.6.1.4.1.14519.5.2.1.6279.6001.317087518531899043292346860596/surface_1.3.6.1.4.1.14519.5.2.1.6279.6001.317087518531899043292346860596.png,outputs/luna16_saliency_synthetic_detector_top5_minprob0.5/1.3.6.1.4.1.14519.5.2.1.6279.6001.317087518531899043292346860596/surface_grid_float_1.3.6.1.4.1.14519.5.2.1.6279.6001.317087518531899043292346860596.npy,0.5175799809946151,0.34369754791259766,0.23830963671207428,1.0,121.25648498535156,27.84330177307129,1.1822949647903442,1.3655710518360138,1.4139107465744019,13.343998908996582,18,10,8,121.04301452636719,0.27271460410621434,moderate_review,255
detector_top5,1.3.6.1.4.1.14519.5.2.1.6279.6001.254957696184671649675053562027,outputs/luna16_saliency_synthetic_detector_top5_minprob0.5/1.3.6.1.4.1.14519.5.2.1.6279.6001.254957696184671649675053562027/surface_1.3.6.1.4.1.14519.5.2.1.6279.6001.254957696184671649675053562027.png,outputs/luna16_saliency_synthetic_detector_top5_minprob0.5/1.3.6.1.4.1.14519.5.2.1.6279.6001.254957696184671649675053562027/surface_grid_float_1.3.6.1.4.1.14519.5.2.1.6279.6001.254957696184671649675053562027.npy,0.13365202275600505,0.4394034743309021,0.254787415266037,1.0,48.142242431640625,9.83655071258545,0.655467301607132,1.6515212476253343,5.057399272918701,8.6713285446167,33,25,8,32.05865478515625,0.27267974270419526,moderate_review,256
detector_top5,1.3.6.1.4.1.14519.5.2.1.6279.6001.168037818448885856452592057286,outputs/luna16_saliency_synthetic_detector_top5_minprob0.5/1.3.6.1.4.1.14519.5.2.1.6279.6001.168037818448885856452592057286/surface_1.3.6.1.4.1.14519.5.2.1.6279.6001.168037818448885856452592057286.png,outputs/luna16_saliency_synthetic_detector_top5_minprob0.5/1.3.6.1.4.1.14519.5.2.1.6279.6001.168037818448885856452592057286/surface_grid_float_1.3.6.1.4.1.14519.5.2.1.6279.6001.168037818448885856452592057286.npy,0.46908333333333335,0.3029841184616089,0.22905199229717255,0.9098039269447327,116.11959838867188,19.68020248413086,1.193206250667573,2.0915582799911485,2.4420418739318848,7.109945297241211,18,10,8,115.90496826171875,0.2720792908191681,moderate_review,257
detector_top5,1.3.6.1.4.1.14519.5.2.1.6279.6001.752756872840730509471096155114,outputs/luna16_saliency_synthetic_detector_top5_minprob0.5/1.3.6.1.4.1.14519.5.2.1.6279.6001.752756872840730509471096155114/surface_1.3.6.1.4.1.14519.5.2.1.6279.6001.752756872840730509471096155114.png,outputs/luna16_saliency_synthetic_detector_top5_minprob0.5/1.3.6.1.4.1.14519.5.2.1.6279.6001.752756872840730509471096155114/surface_grid_float_1.3.6.1.4.1.14519.5.2.1.6279.6001.752756872840730509471096155114.npy,0.469948305195655,0.37555912137031555,0.22796425223350525,0.8980392217636108,100.51689147949219,19.815937042236328,1.158333218097683,3.0306579780578535,15.137788772583008,5.6505303382873535,23,15,8,80.84715270996094,0.2710046258926389,moderate_review,258
detector_top5,1.3.6.1.4.1.14519.5.2.1.6279.6001.172243743899615313644757844726,outputs/luna16_saliency_synthetic_detector_top5_minprob0.5/1.3.6.1.4.1.14519.5.2.1.6279.6001.172243743899615313644757844726/surface_1.3.6.1.4.1.14519.5.2.1.6279.6001.172243743899615313644757844726.png,outputs/luna16_saliency_synthetic_detector_top5_minprob0.5/1.3.6.1.4.1.14519.5.2.1.6279.6001.172243743899615313644757844726/surface_grid_float_1.3.6.1.4.1.14519.5.2.1.6279.6001.172243743899615313644757844726.npy,0.09821604157887344,0.6082054376602173,0.1965263932943344,1.0,48.976348876953125,8.135723114013672,0.4068497762084008,0.6841648942232134,16.679153442382812,10.382783889770508,33,25,8,12.09759521484375,0.2708383990653785,moderate_review,259
detector_top5,1.3.6.1.4.1.14519.5.2.1.6279.6001.153181766344026020914478182395,outputs/luna16_saliency_synthetic_detector_top5_minprob0.5/1.3.6.1.4.1.14519.5.2.1.6279.6001.153181766344026020914478182395/surface_1.3.6.1.4.1.14519.5.2.1.6279.6001.153181766344026020914478182395.png,outputs/luna16_saliency_synthetic_detector_top5_minprob0.5/1.3.6.1.4.1.14519.5.2.1.6279.6001.153181766344026020914478182395/surface_grid_float_1.3.6.1.4.1.14519.5.2.1.6279.6001.153181766344026020914478182395.npy,0.09364632237871674,0.5877097249031067,0.2088651955127716,1.0,39.040313720703125,10.952058792114258,0.5397043198347088,1.0673489475250244,8.10222339630127,11.604887962341309,33,25,8,13.989227294921875,0.2693641136601604,moderate_review,260
detector_top5,1.3.6.1.4.1.14519.5.2.1.6279.6001.313756547848086902190878548835,outputs/luna16_saliency_synthetic_detector_top5_minprob0.5/1.3.6.1.4.1.14519.5.2.1.6279.6001.313756547848086902190878548835/surface_1.3.6.1.4.1.14519.5.2.1.6279.6001.313756547848086902190878548835.png,outputs/luna16_saliency_synthetic_detector_top5_minprob0.5/1.3.6.1.4.1.14519.5.2.1.6279.6001.313756547848086902190878548835/surface_grid_float_1.3.6.1.4.1.14519.5.2.1.6279.6001.313756547848086902190878548835.npy,0.6514856683963429,0.3141385316848755,0.22426679730415344,0.9607843160629272,116.50933837890625,24.622007369995117,1.1940622687339781,1.3719218063354488,1.431663990020752,15.175564765930176,18,10,8,115.0,0.2690633620791965,moderate_review,261
detector_top5,1.3.6.1.4.1.14519.5.2.1.6279.6001.413896555982844732694353377538,outputs/luna16_saliency_synthetic_detector_top5_minprob0.5/1.3.6.1.4.1.14519.5.2.1.6279.6001.413896555982844732694353377538/surface_1.3.6.1.4.1.14519.5.2.1.6279.6001.413896555982844732694353377538.png,outputs/luna16_saliency_synthetic_detector_top5_minprob0.5/1.3.6.1.4.1.14519.5.2.1.6279.6001.413896555982844732694353377538/surface_grid_float_1.3.6.1.4.1.14519.5.2.1.6279.6001.413896555982844732694353377538.npy,0.5351453960218988,0.33260324597358704,0.22782355546951294,0.8980392217636108,112.1721420288086,24.735013961791992,0.9912141352891918,1.7059054493904109,2.0292205810546875,13.680374145507812,23,15,8,111.9539566040039,0.26853156496418845,moderate_review,262
detector_top5,1.3.6.1.4.1.14519.5.2.1.6279.6001.286627485198831346082954437212,outputs/luna16_saliency_synthetic_detector_top5_minprob0.5/1.3.6.1.4.1.14519.5.2.1.6279.6001.286627485198831346082954437212/surface_1.3.6.1.4.1.14519.5.2.1.6279.6001.286627485198831346082954437212.png,outputs/luna16_saliency_synthetic_detector_top5_minprob0.5/1.3.6.1.4.1.14519.5.2.1.6279.6001.286627485198831346082954437212/surface_grid_float_1.3.6.1.4.1.14519.5.2.1.6279.6001.286627485198831346082954437212.npy,0.10008928571428571,0.6228822469711304,0.21079792082309723,1.0,36.02601623535156,9.263625144958496,0.5636497288942337,1.3911296665668513,3.521249532699585,10.52670955657959,33,25,8,18.00830078125,0.2679760607417479,moderate_review,263
detector_top5,1.3.6.1.4.1.14519.5.2.1.6279.6001.217754016294471278921686508169,outputs/luna16_saliency_synthetic_detector_top5_minprob0.5/1.3.6.1.4.1.14519.5.2.1.6279.6001.217754016294471278921686508169/surface_1.3.6.1.4.1.14519.5.2.1.6279.6001.217754016294471278921686508169.png,outputs/luna16_saliency_synthetic_detector_top5_minprob0.5/1.3.6.1.4.1.14519.5.2.1.6279.6001.217754016294471278921686508169/surface_grid_float_1.3.6.1.4.1.14519.5.2.1.6279.6001.217754016294471278921686508169.npy,0.5703090588753487,0.41376152634620667,0.26583999395370483,1.0,110.39835357666016,27.906822204589844,1.1566923201084136,1.47580080628395,13.449856758117676,17.243181228637695,33,25,8,106.67498779296875,0.2665894606577025,moderate_review,264
detector_top5,1.3.6.1.4.1.14519.5.2.1.6279.6001.336102335330125765000317290445,outputs/luna16_saliency_synthetic_detector_top5_minprob0.5/1.3.6.1.4.1.14519.5.2.1.6279.6001.336102335330125765000317290445/surface_1.3.6.1.4.1.14519.5.2.1.6279.6001.336102335330125765000317290445.png,outputs/luna16_saliency_synthetic_detector_top5_minprob0.5/1.3.6.1.4.1.14519.5.2.1.6279.6001.336102335330125765000317290445/surface_grid_float_1.3.6.1.4.1.14519.5.2.1.6279.6001.336102335330125765000317290445.npy,0.11133760434867015,0.5087229609489441,0.27111607789993286,1.0,38.31468200683594,9.427641868591309,0.7615758240222924,1.4376096951961514,2.9401845932006836,10.367356300354004,33,25,8,18.033660888671875,0.2664031755577132,moderate_review,265
detector_top5,1.3.6.1.4.1.14519.5.2.1.6279.6001.868211851413924881662621747734,outputs/luna16_saliency_synthetic_detector_top5_minprob0.5/1.3.6.1.4.1.14519.5.2.1.6279.6001.868211851413924881662621747734/surface_1.3.6.1.4.1.14519.5.2.1.6279.6001.868211851413924881662621747734.png,outputs/luna16_saliency_synthetic_detector_top5_minprob0.5/1.3.6.1.4.1.14519.5.2.1.6279.6001.868211851413924881662621747734/surface_grid_float_1.3.6.1.4.1.14519.5.2.1.6279.6001.868211851413924881662621747734.npy,0.5953352361274055,0.40681108832359314,0.2187347710132599,1.0,109.13900756835938,23.677322387695312,1.135116386413574,2.1386388587951615,3.008976936340332,9.14876937866211,33,25,8,108.03091430664062,0.26638811033036963,moderate_review,266
detector_top5,1.3.6.1.4.1.14519.5.2.1.6279.6001.174935793360491516757154875981,outputs/luna16_saliency_synthetic_detector_top5_minprob0.5/1.3.6.1.4.1.14519.5.2.1.6279.6001.174935793360491516757154875981/surface_1.3.6.1.4.1.14519.5.2.1.6279.6001.174935793360491516757154875981.png,outputs/luna16_saliency_synthetic_detector_top5_minprob0.5/1.3.6.1.4.1.14519.5.2.1.6279.6001.174935793360491516757154875981/surface_grid_float_1.3.6.1.4.1.14519.5.2.1.6279.6001.174935793360491516757154875981.npy,0.6395242120516845,0.29841673374176025,0.2298569679260254,0.9137254953384399,104.87045288085938,13.015052795410156,1.2802131056785595,2.150012748241425,2.7025153636932373,12.044132232666016,23,15,8,103.89232635498047,0.2660492088768217,moderate_review,267
detector_top5,1.3.6.1.4.1.14519.5.2.1.6279.6001.129567032250534530765928856531,outputs/luna16_saliency_synthetic_detector_top5_minprob0.5/1.3.6.1.4.1.14519.5.2.1.6279.6001.129567032250534530765928856531/surface_1.3.6.1.4.1.14519.5.2.1.6279.6001.129567032250534530765928856531.png,outputs/luna16_saliency_synthetic_detector_top5_minprob0.5/1.3.6.1.4.1.14519.5.2.1.6279.6001.129567032250534530765928856531/surface_grid_float_1.3.6.1.4.1.14519.5.2.1.6279.6001.129567032250534530765928856531.npy,0.5945708855207369,0.3741737902164459,0.2071068435907364,0.9333333373069763,118.64842224121094,26.4007625579834,0.9962748289108276,1.2364686346054083,1.3082329034805298,13.674721717834473,18,10,8,118.58360290527344,0.2652296999242571,moderate_review,268
detector_top5,1.3.6.1.4.1.14519.5.2.1.6279.6001.258220324170977900491673635112,outputs/luna16_saliency_synthetic_detector_top5_minprob0.5/1.3.6.1.4.1.14519.5.2.1.6279.6001.258220324170977900491673635112/surface_1.3.6.1.4.1.14519.5.2.1.6279.6001.258220324170977900491673635112.png,outputs/luna16_saliency_synthetic_detector_top5_minprob0.5/1.3.6.1.4.1.14519.5.2.1.6279.6001.258220324170977900491673635112/surface_grid_float_1.3.6.1.4.1.14519.5.2.1.6279.6001.258220324170977900491673635112.npy,0.48552608153818766,0.43285611271858215,0.235221266746521,1.0,116.41448974609375,19.99753761291504,1.6464493334293362,2.0791071248054505,2.3281917572021484,3.7256810665130615,28,20,8,116.25038146972656,0.2646766545799043,moderate_review,269
detector_top5,1.3.6.1.4.1.14519.5.2.1.6279.6001.199171741859530285887752432478,outputs/luna16_saliency_synthetic_detector_top5_minprob0.5/1.3.6.1.4.1.14519.5.2.1.6279.6001.199171741859530285887752432478/surface_1.3.6.1.4.1.14519.5.2.1.6279.6001.199171741859530285887752432478.png,outputs/luna16_saliency_synthetic_detector_top5_minprob0.5/1.3.6.1.4.1.14519.5.2.1.6279.6001.199171741859530285887752432478/surface_grid_float_1.3.6.1.4.1.14519.5.2.1.6279.6001.199171741859530285887752432478.npy,0.5345288753799392,0.3550112545490265,0.2205653041601181,0.9333333373069763,104.81428527832031,18.928638458251953,1.1098576068878179,2.0760436010360697,2.566629409790039,12.332265853881836,18,10,8,101.20518493652344,0.26437681872579777,moderate_review,270
detector_top5,1.3.6.1.4.1.14519.5.2.1.6279.6001.132817748896065918417924920957,outputs/luna16_saliency_synthetic_detector_top5_minprob0.5/1.3.6.1.4.1.14519.5.2.1.6279.6001.132817748896065918417924920957/surface_1.3.6.1.4.1.14519.5.2.1.6279.6001.132817748896065918417924920957.png,outputs/luna16_saliency_synthetic_detector_top5_minprob0.5/1.3.6.1.4.1.14519.5.2.1.6279.6001.132817748896065918417924920957/surface_grid_float_1.3.6.1.4.1.14519.5.2.1.6279.6001.132817748896065918417924920957.npy,0.5969017094017094,0.34212619066238403,0.24066591262817383,0.9803921580314636,103.71928405761719,21.78533172607422,1.0759924471378326,2.16830630302428,12.001782417297363,11.65560245513916,33,25,8,103.61800384521484,0.2638160013092885,moderate_review,271
detector_top5,1.3.6.1.4.1.14519.5.2.1.6279.6001.324649110927013926557500550446,outputs/luna16_saliency_synthetic_detector_top5_minprob0.5/1.3.6.1.4.1.14519.5.2.1.6279.6001.324649110927013926557500550446/surface_1.3.6.1.4.1.14519.5.2.1.6279.6001.324649110927013926557500550446.png,outputs/luna16_saliency_synthetic_detector_top5_minprob0.5/1.3.6.1.4.1.14519.5.2.1.6279.6001.324649110927013926557500550446/surface_grid_float_1.3.6.1.4.1.14519.5.2.1.6279.6001.324649110927013926557500550446.npy,0.12809002143367468,0.43645888566970825,0.2593926787376404,0.9843137264251709,47.00456237792969,9.522408485412598,0.7502609670162202,1.5746677827835096,8.472067832946777,4.9784369468688965,33,25,8,20.0247802734375,0.2634498660332191,moderate_review,272
detector_top5,1.3.6.1.4.1.14519.5.2.1.6279.6001.969607480572818589276327766720,outputs/luna16_saliency_synthetic_detector_top5_minprob0.5/1.3.6.1.4.1.14519.5.2.1.6279.6001.969607480572818589276327766720/surface_1.3.6.1.4.1.14519.5.2.1.6279.6001.969607480572818589276327766720.png,outputs/luna16_saliency_synthetic_detector_top5_minprob0.5/1.3.6.1.4.1.14519.5.2.1.6279.6001.969607480572818589276327766720/surface_grid_float_1.3.6.1.4.1.14519.5.2.1.6279.6001.969607480572818589276327766720.npy,0.5907795907795907,0.32764407992362976,0.2312481850385666,0.9490196108818054,108.09562683105469,18.65949058532715,1.477608859539032,2.062957227230072,2.763141393661499,9.453235626220703,33,25,8,107.2030029296875,0.26305528514915044,moderate_review,273
detector_top5,1.3.6.1.4.1.14519.5.2.1.6279.6001.250863365157630276148828903732,outputs/luna16_saliency_synthetic_detector_top5_minprob0.5/1.3.6.1.4.1.14519.5.2.1.6279.6001.250863365157630276148828903732/surface_1.3.6.1.4.1.14519.5.2.1.6279.6001.250863365157630276148828903732.png,outputs/luna16_saliency_synthetic_detector_top5_minprob0.5/1.3.6.1.4.1.14519.5.2.1.6279.6001.250863365157630276148828903732/surface_grid_float_1.3.6.1.4.1.14519.5.2.1.6279.6001.250863365157630276148828903732.npy,0.5597147950089126,0.34041547775268555,0.22565191984176636,1.0,105.79582977294922,16.829307556152344,1.0308172523975376,1.8848660171031957,5.0086669921875,13.209819793701172,33,25,8,104.67283630371094,0.26222751856512494,moderate_review,274
detector_top5,1.3.6.1.4.1.14519.5.2.1.6279.6001.275755514659958628040305922764,outputs/luna16_saliency_synthetic_detector_top5_minprob0.5/1.3.6.1.4.1.14519.5.2.1.6279.6001.275755514659958628040305922764/surface_1.3.6.1.4.1.14519.5.2.1.6279.6001.275755514659958628040305922764.png,outputs/luna16_saliency_synthetic_detector_top5_minprob0.5/1.3.6.1.4.1.14519.5.2.1.6279.6001.275755514659958628040305922764/surface_grid_float_1.3.6.1.4.1.14519.5.2.1.6279.6001.275755514659958628040305922764.npy,0.6013665752351097,0.34698906540870667,0.22789205610752106,0.9647058844566345,101.86326599121094,24.070003509521484,1.0321673989295959,2.2711672592162926,3.4977335929870605,10.819511413574219,33,25,8,97.62271881103516,0.2619504864586719,moderate_review,275
detector_top5,1.3.6.1.4.1.14519.5.2.1.6279.6001.309672797925724868457151381131,outputs/luna16_saliency_synthetic_detector_top5_minprob0.5/1.3.6.1.4.1.14519.5.2.1.6279.6001.309672797925724868457151381131/surface_1.3.6.1.4.1.14519.5.2.1.6279.6001.309672797925724868457151381131.png,outputs/luna16_saliency_synthetic_detector_top5_minprob0.5/1.3.6.1.4.1.14519.5.2.1.6279.6001.309672797925724868457151381131/surface_grid_float_1.3.6.1.4.1.14519.5.2.1.6279.6001.309672797925724868457151381131.npy,0.606508434094641,0.34909382462501526,0.25051480531692505,0.9411764740943909,106.79605865478516,18.117828369140625,1.285923314094543,1.7477816188335418,2.274160146713257,13.851705551147461,28,20,8,106.4423828125,0.26120844754775363,moderate_review,276
detector_top5,1.3.6.1.4.1.14519.5.2.1.6279.6001.299806338046301317870803017534,outputs/luna16_saliency_synthetic_detector_top5_minprob0.5/1.3.6.1.4.1.14519.5.2.1.6279.6001.299806338046301317870803017534/surface_1.3.6.1.4.1.14519.5.2.1.6279.6001.299806338046301317870803017534.png,outputs/luna16_saliency_synthetic_detector_top5_minprob0.5/1.3.6.1.4.1.14519.5.2.1.6279.6001.299806338046301317870803017534/surface_grid_float_1.3.6.1.4.1.14519.5.2.1.6279.6001.299806338046301317870803017534.npy,0.5496686159844054,0.3612193465232849,0.23969662189483643,1.0,112.27869415283203,25.79859733581543,1.0178558230400085,1.2700708997249612,1.3973854780197144,15.338541984558105,18,10,8,112.14301300048828,0.2593189327677091,moderate_review,277
detector_top5,1.3.6.1.4.1.14519.5.2.1.6279.6001.897684031374557757145405000951,outputs/luna16_saliency_synthetic_detector_top5_minprob0.5/1.3.6.1.4.1.14519.5.2.1.6279.6001.897684031374557757145405000951/surface_1.3.6.1.4.1.14519.5.2.1.6279.6001.897684031374557757145405000951.png,outputs/luna16_saliency_synthetic_detector_top5_minprob0.5/1.3.6.1.4.1.14519.5.2.1.6279.6001.897684031374557757145405000951/surface_grid_float_1.3.6.1.4.1.14519.5.2.1.6279.6001.897684031374557757145405000951.npy,0.4669604760835392,0.38609570264816284,0.2319025993347168,1.0,103.6609115600586,16.290117263793945,1.184519809484479,1.85577758193016,4.59475564956665,13.359210968017578,33,25,8,102.58578491210938,0.25812864887581927,moderate_review,278
detector_top5,1.3.6.1.4.1.14519.5.2.1.6279.6001.117040183261056772902616195387,outputs/luna16_saliency_synthetic_detector_top5_minprob0.5/1.3.6.1.4.1.14519.5.2.1.6279.6001.117040183261056772902616195387/surface_1.3.6.1.4.1.14519.5.2.1.6279.6001.117040183261056772902616195387.png,outputs/luna16_saliency_synthetic_detector_top5_minprob0.5/1.3.6.1.4.1.14519.5.2.1.6279.6001.117040183261056772902616195387/surface_grid_float_1.3.6.1.4.1.14519.5.2.1.6279.6001.117040183261056772902616195387.npy,0.3797523021412351,0.4141339659690857,0.22947360575199127,0.9607843160629272,95.55201721191406,18.06842613220215,1.1929974555969238,2.151751041412353,11.216960906982422,15.39804744720459,33,25,8,74.79700469970703,0.25802377647823754,moderate_review,279
detector_top5,1.3.6.1.4.1.14519.5.2.1.6279.6001.486999111981013268988489262668,outputs/luna16_saliency_synthetic_detector_top5_minprob0.5/1.3.6.1.4.1.14519.5.2.1.6279.6001.486999111981013268988489262668/surface_1.3.6.1.4.1.14519.5.2.1.6279.6001.486999111981013268988489262668.png,outputs/luna16_saliency_synthetic_detector_top5_minprob0.5/1.3.6.1.4.1.14519.5.2.1.6279.6001.486999111981013268988489262668/surface_grid_float_1.3.6.1.4.1.14519.5.2.1.6279.6001.486999111981013268988489262668.npy,0.1706401766004415,0.42761144042015076,0.24686674773693085,1.0,47.486724853515625,9.005769729614258,0.7010920256376268,1.8479205143451696,7.842627048492432,9.421005249023438,33,25,8,20.028564453125,0.2580090517298238,moderate_review,280
detector_top5,1.3.6.1.4.1.14519.5.2.1.6279.6001.109002525524522225658609808059,outputs/luna16_saliency_synthetic_detector_top5_minprob0.5/1.3.6.1.4.1.14519.5.2.1.6279.6001.109002525524522225658609808059/surface_1.3.6.1.4.1.14519.5.2.1.6279.6001.109002525524522225658609808059.png,outputs/luna16_saliency_synthetic_detector_top5_minprob0.5/1.3.6.1.4.1.14519.5.2.1.6279.6001.109002525524522225658609808059/surface_grid_float_1.3.6.1.4.1.14519.5.2.1.6279.6001.109002525524522225658609808059.npy,0.4160848142353408,0.41419363021850586,0.22208289802074432,1.0,91.91289520263672,15.650200843811035,1.4220319032669078,2.9945462322235104,6.088873863220215,6.572150230407715,18,10,8,81.32342529296875,0.25762932392756144,moderate_review,281
detector_top5,1.3.6.1.4.1.14519.5.2.1.6279.6001.308153138776443962077214577161,outputs/luna16_saliency_synthetic_detector_top5_minprob0.5/1.3.6.1.4.1.14519.5.2.1.6279.6001.308153138776443962077214577161/surface_1.3.6.1.4.1.14519.5.2.1.6279.6001.308153138776443962077214577161.png,outputs/luna16_saliency_synthetic_detector_top5_minprob0.5/1.3.6.1.4.1.14519.5.2.1.6279.6001.308153138776443962077214577161/surface_grid_float_1.3.6.1.4.1.14519.5.2.1.6279.6001.308153138776443962077214577161.npy,0.6508312577202681,0.35255157947540283,0.23188845813274384,0.9137254953384399,109.20352935791016,20.945850372314453,1.2073560595512385,1.4415897488594056,1.5049501657485962,14.274483680725098,23,15,8,108.85367584228516,0.25697464957502153,moderate_review,282
detector_top5,1.3.6.1.4.1.14519.5.2.1.6279.6001.161067514225109999586362698069,outputs/luna16_saliency_synthetic_detector_top5_minprob0.5/1.3.6.1.4.1.14519.5.2.1.6279.6001.161067514225109999586362698069/surface_1.3.6.1.4.1.14519.5.2.1.6279.6001.161067514225109999586362698069.png,outputs/luna16_saliency_synthetic_detector_top5_minprob0.5/1.3.6.1.4.1.14519.5.2.1.6279.6001.161067514225109999586362698069/surface_grid_float_1.3.6.1.4.1.14519.5.2.1.6279.6001.161067514225109999586362698069.npy,0.58595499949551,0.38797247409820557,0.24246849119663239,0.9686274528503418,106.98612976074219,24.75666618347168,1.2820866703987108,1.5673920440673828,1.6459461450576782,14.137228012084961,18,10,8,106.72736358642578,0.2567480398390028,moderate_review,283
detector_top5,1.3.6.1.4.1.14519.5.2.1.6279.6001.183982839679953938397312236359,outputs/luna16_saliency_synthetic_detector_top5_minprob0.5/1.3.6.1.4.1.14519.5.2.1.6279.6001.183982839679953938397312236359/surface_1.3.6.1.4.1.14519.5.2.1.6279.6001.183982839679953938397312236359.png,outputs/luna16_saliency_synthetic_detector_top5_minprob0.5/1.3.6.1.4.1.14519.5.2.1.6279.6001.183982839679953938397312236359/surface_grid_float_1.3.6.1.4.1.14519.5.2.1.6279.6001.183982839679953938397312236359.npy,0.2926917989417989,0.34226444363594055,0.25437644124031067,1.0,94.11215209960938,23.23865509033203,0.9715730458497999,1.1053155732154847,8.783219337463379,14.312992095947266,33,25,8,92.54808044433594,0.254567246593081,moderate_review,284
detector_top5,1.3.6.1.4.1.14519.5.2.1.6279.6001.106630482085576298661469304872,outputs/luna16_saliency_synthetic_detector_top5_minprob0.5/1.3.6.1.4.1.14519.5.2.1.6279.6001.106630482085576298661469304872/surface_1.3.6.1.4.1.14519.5.2.1.6279.6001.106630482085576298661469304872.png,outputs/luna16_saliency_synthetic_detector_top5_minprob0.5/1.3.6.1.4.1.14519.5.2.1.6279.6001.106630482085576298661469304872/surface_grid_float_1.3.6.1.4.1.14519.5.2.1.6279.6001.106630482085576298661469304872.npy,0.5813229571984436,0.37476274371147156,0.26311516761779785,1.0,104.16313171386719,20.361827850341797,1.3014495849609373,1.5419768726825713,1.6032530069351196,15.606619834899902,23,15,8,104.02561950683594,0.2545459031144778,moderate_review,285
detector_top5,1.3.6.1.4.1.14519.5.2.1.6279.6001.669435869708883155232318480131,outputs/luna16_saliency_synthetic_detector_top5_minprob0.5/1.3.6.1.4.1.14519.5.2.1.6279.6001.669435869708883155232318480131/surface_1.3.6.1.4.1.14519.5.2.1.6279.6001.669435869708883155232318480131.png,outputs/luna16_saliency_synthetic_detector_top5_minprob0.5/1.3.6.1.4.1.14519.5.2.1.6279.6001.669435869708883155232318480131/surface_grid_float_1.3.6.1.4.1.14519.5.2.1.6279.6001.669435869708883155232318480131.npy,0.524722884273446,0.37689852714538574,0.25547441840171814,1.0,92.78628540039062,18.697206497192383,1.2535340189933777,2.6618216991424535,3.5532920360565186,8.58180046081543,23,15,8,90.29367065429688,0.25356912766562556,moderate_review,286
detector_top5,1.3.6.1.4.1.14519.5.2.1.6279.6001.142485715518010940961688015191,outputs/luna16_saliency_synthetic_detector_top5_minprob0.5/1.3.6.1.4.1.14519.5.2.1.6279.6001.142485715518010940961688015191/surface_1.3.6.1.4.1.14519.5.2.1.6279.6001.142485715518010940961688015191.png,outputs/luna16_saliency_synthetic_detector_top5_minprob0.5/1.3.6.1.4.1.14519.5.2.1.6279.6001.142485715518010940961688015191/surface_grid_float_1.3.6.1.4.1.14519.5.2.1.6279.6001.142485715518010940961688015191.npy,0.6056012999604004,0.3408258259296417,0.2294522225856781,0.9215686321258545,103.53353881835938,21.963409423828125,0.9380950927734363,1.902191314697263,6.240721225738525,10.768357276916504,33,25,8,100.19791412353516,0.2535513203091091,moderate_review,287
detector_top5,1.3.6.1.4.1.14519.5.2.1.6279.6001.139258777898746693365877042411,outputs/luna16_saliency_synthetic_detector_top5_minprob0.5/1.3.6.1.4.1.14519.5.2.1.6279.6001.139258777898746693365877042411/surface_1.3.6.1.4.1.14519.5.2.1.6279.6001.139258777898746693365877042411.png,outputs/luna16_saliency_synthetic_detector_top5_minprob0.5/1.3.6.1.4.1.14519.5.2.1.6279.6001.139258777898746693365877042411/surface_grid_float_1.3.6.1.4.1.14519.5.2.1.6279.6001.139258777898746693365877042411.npy,0.634266945143612,0.3206874132156372,0.2509976625442505,1.0,116.92310333251953,26.55588150024414,1.1145058751106263,1.2120978784561156,1.2680106163024902,9.895809173583984,18,10,8,116.77705383300781,0.2532254622936249,moderate_review,288
detector_top5,1.3.6.1.4.1.14519.5.2.1.6279.6001.398955972049286139436103068984,outputs/luna16_saliency_synthetic_detector_top5_minprob0.5/1.3.6.1.4.1.14519.5.2.1.6279.6001.398955972049286139436103068984/surface_1.3.6.1.4.1.14519.5.2.1.6279.6001.398955972049286139436103068984.png,outputs/luna16_saliency_synthetic_detector_top5_minprob0.5/1.3.6.1.4.1.14519.5.2.1.6279.6001.398955972049286139436103068984/surface_grid_float_1.3.6.1.4.1.14519.5.2.1.6279.6001.398955972049286139436103068984.npy,0.41443317638536764,0.4396023154258728,0.2183387130498886,0.9686274528503418,90.15320587158203,11.455056190490723,1.3267095386981964,2.9449501633644104,18.297054290771484,5.721952438354492,18,10,8,22.0,0.25131929788324564,moderate_review,289
detector_top5,1.3.6.1.4.1.14519.5.2.1.6279.6001.246178337114401749164850220976,outputs/luna16_saliency_synthetic_detector_top5_minprob0.5/1.3.6.1.4.1.14519.5.2.1.6279.6001.246178337114401749164850220976/surface_1.3.6.1.4.1.14519.5.2.1.6279.6001.246178337114401749164850220976.png,outputs/luna16_saliency_synthetic_detector_top5_minprob0.5/1.3.6.1.4.1.14519.5.2.1.6279.6001.246178337114401749164850220976/surface_grid_float_1.3.6.1.4.1.14519.5.2.1.6279.6001.246178337114401749164850220976.npy,0.16302916061046513,0.4070360064506531,0.2542966604232788,0.9450980424880981,46.514678955078125,8.540583610534668,0.47079658210277436,1.637618939876554,3.326249361038208,7.721963882446289,33,25,8,24.01318359375,0.25065343251135913,moderate_review,290
detector_top5,1.3.6.1.4.1.14519.5.2.1.6279.6001.130438550890816550994739120843,outputs/luna16_saliency_synthetic_detector_top5_minprob0.5/1.3.6.1.4.1.14519.5.2.1.6279.6001.130438550890816550994739120843/surface_1.3.6.1.4.1.14519.5.2.1.6279.6001.130438550890816550994739120843.png,outputs/luna16_saliency_synthetic_detector_top5_minprob0.5/1.3.6.1.4.1.14519.5.2.1.6279.6001.130438550890816550994739120843/surface_grid_float_1.3.6.1.4.1.14519.5.2.1.6279.6001.130438550890816550994739120843.npy,0.5392054418423586,0.3515203893184662,0.23725488781929016,0.9372549057006836,101.66667175292969,18.622159957885742,1.3950975537300077,2.1666263389587437,2.4272351264953613,6.63254976272583,18,10,8,101.2857666015625,0.24918224256303584,moderate_review,291
detector_top5,1.3.6.1.4.1.14519.5.2.1.6279.6001.207341668080525761926965850679,outputs/luna16_saliency_synthetic_detector_top5_minprob0.5/1.3.6.1.4.1.14519.5.2.1.6279.6001.207341668080525761926965850679/surface_1.3.6.1.4.1.14519.5.2.1.6279.6001.207341668080525761926965850679.png,outputs/luna16_saliency_synthetic_detector_top5_minprob0.5/1.3.6.1.4.1.14519.5.2.1.6279.6001.207341668080525761926965850679/surface_grid_float_1.3.6.1.4.1.14519.5.2.1.6279.6001.207341668080525761926965850679.npy,0.10681799075241698,0.6026604771614075,0.23947544395923615,1.0,36.15960693359375,9.138219833374023,0.5675776004791254,0.7575342297554019,8.303424835205078,12.0524320602417,33,25,8,6.991790771484375,0.2487363689462203,moderate_review,292
detector_top5,1.3.6.1.4.1.14519.5.2.1.6279.6001.888291896309937415860209787179,outputs/luna16_saliency_synthetic_detector_top5_minprob0.5/1.3.6.1.4.1.14519.5.2.1.6279.6001.888291896309937415860209787179/surface_1.3.6.1.4.1.14519.5.2.1.6279.6001.888291896309937415860209787179.png,outputs/luna16_saliency_synthetic_detector_top5_minprob0.5/1.3.6.1.4.1.14519.5.2.1.6279.6001.888291896309937415860209787179/surface_grid_float_1.3.6.1.4.1.14519.5.2.1.6279.6001.888291896309937415860209787179.npy,0.6008823015549473,0.34058499336242676,0.2396753579378128,1.0,103.88900756835938,19.5778751373291,1.1716288149356837,1.630612754821777,2.652517318725586,11.894716262817383,18,10,8,103.5141372680664,0.24849943139817982,moderate_review,293
detector_top5,1.3.6.1.4.1.14519.5.2.1.6279.6001.935683764293840351008008793409,outputs/luna16_saliency_synthetic_detector_top5_minprob0.5/1.3.6.1.4.1.14519.5.2.1.6279.6001.935683764293840351008008793409/surface_1.3.6.1.4.1.14519.5.2.1.6279.6001.935683764293840351008008793409.png,outputs/luna16_saliency_synthetic_detector_top5_minprob0.5/1.3.6.1.4.1.14519.5.2.1.6279.6001.935683764293840351008008793409/surface_grid_float_1.3.6.1.4.1.14519.5.2.1.6279.6001.935683764293840351008008793409.npy,0.489671910430839,0.450533926486969,0.26618435978889465,1.0,106.57103729248047,21.17039680480957,1.3995056629180904,1.7740473842620847,2.154229164123535,7.801361083984375,33,25,8,106.13811492919922,0.24817617497973968,moderate_review,294
detector_top5,1.3.6.1.4.1.14519.5.2.1.6279.6001.150097650621090951325113116280,outputs/luna16_saliency_synthetic_detector_top5_minprob0.5/1.3.6.1.4.1.14519.5.2.1.6279.6001.150097650621090951325113116280/surface_1.3.6.1.4.1.14519.5.2.1.6279.6001.150097650621090951325113116280.png,outputs/luna16_saliency_synthetic_detector_top5_minprob0.5/1.3.6.1.4.1.14519.5.2.1.6279.6001.150097650621090951325113116280/surface_grid_float_1.3.6.1.4.1.14519.5.2.1.6279.6001.150097650621090951325113116280.npy,0.5686590670466477,0.34534725546836853,0.23824793100357056,0.9764705896377563,108.30461120605469,21.254810333251953,1.285045379400251,1.8898000526428227,2.161500930786133,4.389863014221191,18,10,8,106.7911148071289,0.2469569380654229,moderate_review,295
detector_top5,1.3.6.1.4.1.14519.5.2.1.6279.6001.330643702676971528301859647742,outputs/luna16_saliency_synthetic_detector_top5_minprob0.5/1.3.6.1.4.1.14519.5.2.1.6279.6001.330643702676971528301859647742/surface_1.3.6.1.4.1.14519.5.2.1.6279.6001.330643702676971528301859647742.png,outputs/luna16_saliency_synthetic_detector_top5_minprob0.5/1.3.6.1.4.1.14519.5.2.1.6279.6001.330643702676971528301859647742/surface_grid_float_1.3.6.1.4.1.14519.5.2.1.6279.6001.330643702676971528301859647742.npy,0.5993630573248407,0.31757014989852905,0.23003996908664703,0.8980392217636108,93.81812286376953,15.689990043640137,1.0200805604457857,2.200868992805484,3.0248448848724365,11.036331176757812,28,20,8,89.0,0.24691478828324218,moderate_review,296
detector_top5,1.3.6.1.4.1.14519.5.2.1.6279.6001.136830368929967292376608088362,outputs/luna16_saliency_synthetic_detector_top5_minprob0.5/1.3.6.1.4.1.14519.5.2.1.6279.6001.136830368929967292376608088362/surface_1.3.6.1.4.1.14519.5.2.1.6279.6001.136830368929967292376608088362.png,outputs/luna16_saliency_synthetic_detector_top5_minprob0.5/1.3.6.1.4.1.14519.5.2.1.6279.6001.136830368929967292376608088362/surface_grid_float_1.3.6.1.4.1.14519.5.2.1.6279.6001.136830368929967292376608088362.npy,0.27726718797603334,0.3766551613807678,0.25193288922309875,0.9866274517774588,79.06179809570312,12.976417541503906,0.8859507888555527,1.9361407458782196,6.4172139167785645,6.866137981414795,23,15,8,75.79275512695312,0.2466735771431672,moderate_review,297
detector_top5,1.3.6.1.4.1.14519.5.2.1.6279.6001.799582546798528864710752164515,outputs/luna16_saliency_synthetic_detector_top5_minprob0.5/1.3.6.1.4.1.14519.5.2.1.6279.6001.799582546798528864710752164515/surface_1.3.6.1.4.1.14519.5.2.1.6279.6001.799582546798528864710752164515.png,outputs/luna16_saliency_synthetic_detector_top5_minprob0.5/1.3.6.1.4.1.14519.5.2.1.6279.6001.799582546798528864710752164515/surface_grid_float_1.3.6.1.4.1.14519.5.2.1.6279.6001.799582546798528864710752164515.npy,0.6207100591715976,0.3188210129737854,0.2409844845533371,1.0,102.01646423339844,19.49662208557129,1.3523276150226593,2.028263216018677,2.4048287868499756,6.687889099121094,23,15,8,101.64065551757812,0.24573731264538234,moderate_review,298
detector_top5,1.3.6.1.4.1.14519.5.2.1.6279.6001.346115813056769250958550383763,outputs/luna16_saliency_synthetic_detector_top5_minprob0.5/1.3.6.1.4.1.14519.5.2.1.6279.6001.346115813056769250958550383763/surface_1.3.6.1.4.1.14519.5.2.1.6279.6001.346115813056769250958550383763.png,outputs/luna16_saliency_synthetic_detector_top5_minprob0.5/1.3.6.1.4.1.14519.5.2.1.6279.6001.346115813056769250958550383763/surface_grid_float_1.3.6.1.4.1.14519.5.2.1.6279.6001.346115813056769250958550383763.npy,0.2935216240070609,0.369961142539978,0.2443830370903015,0.9960784316062927,84.01701354980469,16.773963928222656,0.9453534960746763,1.602647238969803,5.077395439147949,11.347731590270996,33,25,8,82.82415771484375,0.24559831210739946,moderate_review,299
detector_top5,1.3.6.1.4.1.14519.5.2.1.6279.6001.217697417596902141600884006982,outputs/luna16_saliency_synthetic_detector_top5_minprob0.5/1.3.6.1.4.1.14519.5.2.1.6279.6001.217697417596902141600884006982/surface_1.3.6.1.4.1.14519.5.2.1.6279.6001.217697417596902141600884006982.png,outputs/luna16_saliency_synthetic_detector_top5_minprob0.5/1.3.6.1.4.1.14519.5.2.1.6279.6001.217697417596902141600884006982/surface_grid_float_1.3.6.1.4.1.14519.5.2.1.6279.6001.217697417596902141600884006982.npy,0.5988299875786353,0.39037254452705383,0.23210769891738892,1.0,103.73741912841797,27.337677001953125,1.0707636415958404,1.364286592006684,1.5722935199737549,13.919638633728027,28,20,8,103.61433410644531,0.2447568266047372,moderate_review,300
detector_top5,1.3.6.1.4.1.14519.5.2.1.6279.6001.179943248049071805421192715219,outputs/luna16_saliency_synthetic_detector_top5_minprob0.5/1.3.6.1.4.1.14519.5.2.1.6279.6001.179943248049071805421192715219/surface_1.3.6.1.4.1.14519.5.2.1.6279.6001.179943248049071805421192715219.png,outputs/luna16_saliency_synthetic_detector_top5_minprob0.5/1.3.6.1.4.1.14519.5.2.1.6279.6001.179943248049071805421192715219/surface_grid_float_1.3.6.1.4.1.14519.5.2.1.6279.6001.179943248049071805421192715219.npy,0.1820932454614499,0.35840925574302673,0.24007481336593628,0.9176470637321472,50.92338562011719,13.047924995422363,0.6673407137393947,1.2662561833858488,6.497256755828857,11.317867279052734,33,25,8,49.75836181640625,0.24395752792328165,moderate_review,301
detector_top5,1.3.6.1.4.1.14519.5.2.1.6279.6001.177252583002664900748714851615,outputs/luna16_saliency_synthetic_detector_top5_minprob0.5/1.3.6.1.4.1.14519.5.2.1.6279.6001.177252583002664900748714851615/surface_1.3.6.1.4.1.14519.5.2.1.6279.6001.177252583002664900748714851615.png,outputs/luna16_saliency_synthetic_detector_top5_minprob0.5/1.3.6.1.4.1.14519.5.2.1.6279.6001.177252583002664900748714851615/surface_grid_float_1.3.6.1.4.1.14519.5.2.1.6279.6001.177252583002664900748714851615.npy,0.3254151291512915,0.3900209963321686,0.25879019498825073,1.0,89.87759399414062,18.09996223449707,1.4654565215110777,2.1782826519012453,4.700181007385254,6.624186038970947,33,25,8,83.85942077636719,0.24391338059504059,moderate_review,302
detector_top5,1.3.6.1.4.1.14519.5.2.1.6279.6001.243094273518213382155770295147,outputs/luna16_saliency_synthetic_detector_top5_minprob0.5/1.3.6.1.4.1.14519.5.2.1.6279.6001.243094273518213382155770295147/surface_1.3.6.1.4.1.14519.5.2.1.6279.6001.243094273518213382155770295147.png,outputs/luna16_saliency_synthetic_detector_top5_minprob0.5/1.3.6.1.4.1.14519.5.2.1.6279.6001.243094273518213382155770295147/surface_grid_float_1.3.6.1.4.1.14519.5.2.1.6279.6001.243094273518213382155770295147.npy,0.6174638487208008,0.37176313996315,0.2649511694908142,1.0,102.17134094238281,20.7645263671875,1.1154940485954281,1.6490481460094437,10.706243515014648,10.818103790283203,33,25,8,98.47355651855469,0.24379724326266178,moderate_review,303
detector_top5,1.3.6.1.4.1.14519.5.2.1.6279.6001.296738183013079390785739615169,outputs/luna16_saliency_synthetic_detector_top5_minprob0.5/1.3.6.1.4.1.14519.5.2.1.6279.6001.296738183013079390785739615169/surface_1.3.6.1.4.1.14519.5.2.1.6279.6001.296738183013079390785739615169.png,outputs/luna16_saliency_synthetic_detector_top5_minprob0.5/1.3.6.1.4.1.14519.5.2.1.6279.6001.296738183013079390785739615169/surface_grid_float_1.3.6.1.4.1.14519.5.2.1.6279.6001.296738183013079390785739615169.npy,0.6876840400471143,0.31219446659088135,0.23096129298210144,0.9647058844566345,97.70172882080078,21.784204483032227,1.2688751518726349,1.8168916106224071,2.0131683349609375,11.27047061920166,33,25,8,96.0,0.2423884532848994,moderate_review,304
detector_top5,1.3.6.1.4.1.14519.5.2.1.6279.6001.124663713663969377020085460568,outputs/luna16_saliency_synthetic_detector_top5_minprob0.5/1.3.6.1.4.1.14519.5.2.1.6279.6001.124663713663969377020085460568/surface_1.3.6.1.4.1.14519.5.2.1.6279.6001.124663713663969377020085460568.png,outputs/luna16_saliency_synthetic_detector_top5_minprob0.5/1.3.6.1.4.1.14519.5.2.1.6279.6001.124663713663969377020085460568/surface_grid_float_1.3.6.1.4.1.14519.5.2.1.6279.6001.124663713663969377020085460568.npy,0.40920473474610863,0.3632147014141083,0.19854184985160828,0.8235294222831726,99.04811096191406,24.67435646057129,1.0597849607467626,1.8465080118179333,4.1699934005737305,8.847517013549805,33,25,8,97.2823715209961,0.24086564928425686,moderate_review,305
detector_top5,1.3.6.1.4.1.14519.5.2.1.6279.6001.261678072503577216586082745513,outputs/luna16_saliency_synthetic_detector_top5_minprob0.5/1.3.6.1.4.1.14519.5.2.1.6279.6001.261678072503577216586082745513/surface_1.3.6.1.4.1.14519.5.2.1.6279.6001.261678072503577216586082745513.png,outputs/luna16_saliency_synthetic_detector_top5_minprob0.5/1.3.6.1.4.1.14519.5.2.1.6279.6001.261678072503577216586082745513/surface_grid_float_1.3.6.1.4.1.14519.5.2.1.6279.6001.261678072503577216586082745513.npy,0.6042680036917858,0.29282793402671814,0.23084455728530884,0.8705882430076599,95.08193969726562,21.061046600341797,1.0025284826755518,2.3499980378150935,3.6114661693573,5.288590431213379,28,20,8,92.17631530761719,0.24072226381036968,moderate_review,306
detector_top5,1.3.6.1.4.1.14519.5.2.1.6279.6001.305858704835252413616501469037,outputs/luna16_saliency_synthetic_detector_top5_minprob0.5/1.3.6.1.4.1.14519.5.2.1.6279.6001.305858704835252413616501469037/surface_1.3.6.1.4.1.14519.5.2.1.6279.6001.305858704835252413616501469037.png,outputs/luna16_saliency_synthetic_detector_top5_minprob0.5/1.3.6.1.4.1.14519.5.2.1.6279.6001.305858704835252413616501469037/surface_grid_float_1.3.6.1.4.1.14519.5.2.1.6279.6001.305858704835252413616501469037.npy,0.6206963514655822,0.32293185591697693,0.22817035019397736,1.0,100.50221252441406,21.234081268310547,0.9994841337203978,1.5992873585224145,1.8686898946762085,11.161688804626465,28,20,8,100.33012390136719,0.24028606119553245,moderate_review,307
detector_top5,1.3.6.1.4.1.14519.5.2.1.6279.6001.230416590143922549745658357505,outputs/luna16_saliency_synthetic_detector_top5_minprob0.5/1.3.6.1.4.1.14519.5.2.1.6279.6001.230416590143922549745658357505/surface_1.3.6.1.4.1.14519.5.2.1.6279.6001.230416590143922549745658357505.png,outputs/luna16_saliency_synthetic_detector_top5_minprob0.5/1.3.6.1.4.1.14519.5.2.1.6279.6001.230416590143922549745658357505/surface_grid_float_1.3.6.1.4.1.14519.5.2.1.6279.6001.230416590143922549745658357505.npy,0.5241841162044897,0.41198915243148804,0.22356672585010529,0.9843137264251709,97.16665649414062,17.07781982421875,1.2103421866893767,1.710238105058669,3.126605987548828,11.807644844055176,23,15,8,96.6477279663086,0.23949078140656152,moderate_review,308
detector_top5,1.3.6.1.4.1.14519.5.2.1.6279.6001.326057189095429101398977448288,outputs/luna16_saliency_synthetic_detector_top5_minprob0.5/1.3.6.1.4.1.14519.5.2.1.6279.6001.326057189095429101398977448288/surface_1.3.6.1.4.1.14519.5.2.1.6279.6001.326057189095429101398977448288.png,outputs/luna16_saliency_synthetic_detector_top5_minprob0.5/1.3.6.1.4.1.14519.5.2.1.6279.6001.326057189095429101398977448288/surface_grid_float_1.3.6.1.4.1.14519.5.2.1.6279.6001.326057189095429101398977448288.npy,0.3193872793872794,0.3551114797592163,0.2529936730861664,1.0,82.96307373046875,16.97844123840332,0.9366066515445712,1.9077490663528267,12.60615062713623,11.830205917358398,33,25,8,78.52413940429688,0.23928659123165366,moderate_review,309
detector_top5,1.3.6.1.4.1.14519.5.2.1.6279.6001.897161587681142256575045076919,outputs/luna16_saliency_synthetic_detector_top5_minprob0.5/1.3.6.1.4.1.14519.5.2.1.6279.6001.897161587681142256575045076919/surface_1.3.6.1.4.1.14519.5.2.1.6279.6001.897161587681142256575045076919.png,outputs/luna16_saliency_synthetic_detector_top5_minprob0.5/1.3.6.1.4.1.14519.5.2.1.6279.6001.897161587681142256575045076919/surface_grid_float_1.3.6.1.4.1.14519.5.2.1.6279.6001.897161587681142256575045076919.npy,0.11392384482814685,0.5909591913223267,0.2056056559085846,1.0,34.050506591796875,8.920578956604004,0.526805117726326,0.7039126038551329,7.569667339324951,11.779963493347168,33,25,8,0.043731689453125,0.23894657918539983,moderate_review,310
detector_top5,1.3.6.1.4.1.14519.5.2.1.6279.6001.174168737938619557573021395302,outputs/luna16_saliency_synthetic_detector_top5_minprob0.5/1.3.6.1.4.1.14519.5.2.1.6279.6001.174168737938619557573021395302/surface_1.3.6.1.4.1.14519.5.2.1.6279.6001.174168737938619557573021395302.png,outputs/luna16_saliency_synthetic_detector_top5_minprob0.5/1.3.6.1.4.1.14519.5.2.1.6279.6001.174168737938619557573021395302/surface_grid_float_1.3.6.1.4.1.14519.5.2.1.6279.6001.174168737938619557573021395302.npy,0.5367092874858532,0.3379698395729065,0.2188940793275833,0.9647058844566345,103.95967102050781,23.134387969970703,0.7322106420993804,1.2099016165733303,1.502557396888733,12.888542175292969,18,10,8,103.5379867553711,0.23820437169869732,moderate_review,311
detector_top5,1.3.6.1.4.1.14519.5.2.1.6279.6001.176030616406569931557298712518,outputs/luna16_saliency_synthetic_detector_top5_minprob0.5/1.3.6.1.4.1.14519.5.2.1.6279.6001.176030616406569931557298712518/surface_1.3.6.1.4.1.14519.5.2.1.6279.6001.176030616406569931557298712518.png,outputs/luna16_saliency_synthetic_detector_top5_minprob0.5/1.3.6.1.4.1.14519.5.2.1.6279.6001.176030616406569931557298712518/surface_grid_float_1.3.6.1.4.1.14519.5.2.1.6279.6001.176030616406569931557298712518.npy,0.614446176946177,0.37048038840293884,0.22218026220798492,0.9232156908512047,95.40408325195312,16.636104583740234,1.2117840886116025,2.172288713455199,6.551788806915283,6.188427925109863,33,25,8,94.37974548339844,0.23792752887937754,moderate_review,312
detector_top5,1.3.6.1.4.1.14519.5.2.1.6279.6001.472487466001405705666001578363,outputs/luna16_saliency_synthetic_detector_top5_minprob0.5/1.3.6.1.4.1.14519.5.2.1.6279.6001.472487466001405705666001578363/surface_1.3.6.1.4.1.14519.5.2.1.6279.6001.472487466001405705666001578363.png,outputs/luna16_saliency_synthetic_detector_top5_minprob0.5/1.3.6.1.4.1.14519.5.2.1.6279.6001.472487466001405705666001578363/surface_grid_float_1.3.6.1.4.1.14519.5.2.1.6279.6001.472487466001405705666001578363.npy,0.506739425639994,0.3280712068080902,0.23368708789348602,1.0,102.88458251953125,24.91493034362793,0.8714793443679807,1.3797871851921082,3.063180446624756,10.546879768371582,28,20,8,95.0,0.23630543035136328,moderate_review,313
detector_top5,1.3.6.1.4.1.14519.5.2.1.6279.6001.231002159523969307155990628066,outputs/luna16_saliency_synthetic_detector_top5_minprob0.5/1.3.6.1.4.1.14519.5.2.1.6279.6001.231002159523969307155990628066/surface_1.3.6.1.4.1.14519.5.2.1.6279.6001.231002159523969307155990628066.png,outputs/luna16_saliency_synthetic_detector_top5_minprob0.5/1.3.6.1.4.1.14519.5.2.1.6279.6001.231002159523969307155990628066/surface_grid_float_1.3.6.1.4.1.14519.5.2.1.6279.6001.231002159523969307155990628066.npy,0.6212315130830489,0.33350974321365356,0.24127012491226196,1.0,92.58605194091797,15.840516090393066,1.2011569738388062,1.8237934231758117,2.0347719192504883,12.220377922058105,28,20,8,92.34764862060547,0.23618028464582227,moderate_review,314
detector_top5,1.3.6.1.4.1.14519.5.2.1.6279.6001.481278873893653517789960724156,outputs/luna16_saliency_synthetic_detector_top5_minprob0.5/1.3.6.1.4.1.14519.5.2.1.6279.6001.481278873893653517789960724156/surface_1.3.6.1.4.1.14519.5.2.1.6279.6001.481278873893653517789960724156.png,outputs/luna16_saliency_synthetic_detector_top5_minprob0.5/1.3.6.1.4.1.14519.5.2.1.6279.6001.481278873893653517789960724156/surface_grid_float_1.3.6.1.4.1.14519.5.2.1.6279.6001.481278873893653517789960724156.npy,0.5446530949829884,0.42095765471458435,0.2360416054725647,1.0,85.99977111816406,15.428879737854004,1.2443092942237854,2.291260905265807,3.1070868968963623,10.750706672668457,33,25,8,85.13343811035156,0.23596123829417753,moderate_review,315
detector_top5,1.3.6.1.4.1.14519.5.2.1.6279.6001.119515474430718803379832249911,outputs/luna16_saliency_synthetic_detector_top5_minprob0.5/1.3.6.1.4.1.14519.5.2.1.6279.6001.119515474430718803379832249911/surface_1.3.6.1.4.1.14519.5.2.1.6279.6001.119515474430718803379832249911.png,outputs/luna16_saliency_synthetic_detector_top5_minprob0.5/1.3.6.1.4.1.14519.5.2.1.6279.6001.119515474430718803379832249911/surface_grid_float_1.3.6.1.4.1.14519.5.2.1.6279.6001.119515474430718803379832249911.npy,0.2310305452469312,0.3720017075538635,0.2609042823314667,1.0,62.47618103027344,9.083365440368652,0.5563718318939213,1.8354234337806747,16.22861099243164,3.3938090801239014,33,25,8,46.355987548828125,0.23471401492622238,moderate_review,316
detector_top5,1.3.6.1.4.1.14519.5.2.1.6279.6001.245391706475696258069508046497,outputs/luna16_saliency_synthetic_detector_top5_minprob0.5/1.3.6.1.4.1.14519.5.2.1.6279.6001.245391706475696258069508046497/surface_1.3.6.1.4.1.14519.5.2.1.6279.6001.245391706475696258069508046497.png,outputs/luna16_saliency_synthetic_detector_top5_minprob0.5/1.3.6.1.4.1.14519.5.2.1.6279.6001.245391706475696258069508046497/surface_grid_float_1.3.6.1.4.1.14519.5.2.1.6279.6001.245391706475696258069508046497.npy,0.619992927409503,0.3381047546863556,0.23425625264644623,0.9372549057006836,88.05537414550781,17.22408676147461,1.001232349872589,2.2307104563713067,6.177653789520264,9.465149879455566,18,10,8,72.11334228515625,0.234713936999109,moderate_review,317
detector_top5,1.3.6.1.4.1.14519.5.2.1.6279.6001.167661207884826429102690781600,outputs/luna16_saliency_synthetic_detector_top5_minprob0.5/1.3.6.1.4.1.14519.5.2.1.6279.6001.167661207884826429102690781600/surface_1.3.6.1.4.1.14519.5.2.1.6279.6001.167661207884826429102690781600.png,outputs/luna16_saliency_synthetic_detector_top5_minprob0.5/1.3.6.1.4.1.14519.5.2.1.6279.6001.167661207884826429102690781600/surface_grid_float_1.3.6.1.4.1.14519.5.2.1.6279.6001.167661207884826429102690781600.npy,0.5182820913670314,0.3686542809009552,0.23748554289340973,1.0,90.36028289794922,16.796525955200195,1.080793917179107,1.9182303392887115,2.322810411453247,11.281039237976074,23,15,8,89.02973175048828,0.23321635775963467,moderate_review,318
detector_top5,1.3.6.1.4.1.14519.5.2.1.6279.6001.454273545863197752384437758130,outputs/luna16_saliency_synthetic_detector_top5_minprob0.5/1.3.6.1.4.1.14519.5.2.1.6279.6001.454273545863197752384437758130/surface_1.3.6.1.4.1.14519.5.2.1.6279.6001.454273545863197752384437758130.png,outputs/luna16_saliency_synthetic_detector_top5_minprob0.5/1.3.6.1.4.1.14519.5.2.1.6279.6001.454273545863197752384437758130/surface_grid_float_1.3.6.1.4.1.14519.5.2.1.6279.6001.454273545863197752384437758130.npy,0.2592754082765181,0.3509750962257385,0.25244173407554626,1.0,71.67036437988281,14.116284370422363,0.8460117727518082,1.3198297154903411,3.522270441055298,9.447193145751953,33,25,8,65.86988830566406,0.23188188515262004,moderate_review,319
detector_top5,1.3.6.1.4.1.14519.5.2.1.6279.6001.340158437895922179455019686521,outputs/luna16_saliency_synthetic_detector_top5_minprob0.5/1.3.6.1.4.1.14519.5.2.1.6279.6001.340158437895922179455019686521/surface_1.3.6.1.4.1.14519.5.2.1.6279.6001.340158437895922179455019686521.png,outputs/luna16_saliency_synthetic_detector_top5_minprob0.5/1.3.6.1.4.1.14519.5.2.1.6279.6001.340158437895922179455019686521/surface_grid_float_1.3.6.1.4.1.14519.5.2.1.6279.6001.340158437895922179455019686521.npy,0.6065078832606507,0.3337852954864502,0.24129453301429749,0.9764705896377563,93.51124572753906,19.23925018310547,1.2945892095565794,1.5646582031249987,1.6840683221817017,12.701702117919922,28,20,8,93.37449645996094,0.23101782701280377,moderate_review,320
detector_top5,1.3.6.1.4.1.14519.5.2.1.6279.6001.712472578497712558367294720243,outputs/luna16_saliency_synthetic_detector_top5_minprob0.5/1.3.6.1.4.1.14519.5.2.1.6279.6001.712472578497712558367294720243/surface_1.3.6.1.4.1.14519.5.2.1.6279.6001.712472578497712558367294720243.png,outputs/luna16_saliency_synthetic_detector_top5_minprob0.5/1.3.6.1.4.1.14519.5.2.1.6279.6001.712472578497712558367294720243/surface_grid_float_1.3.6.1.4.1.14519.5.2.1.6279.6001.712472578497712558367294720243.npy,0.49734975313546337,0.34521493315696716,0.22191601991653442,0.8627451062202454,91.26820373535156,13.297133445739746,0.9203957676887514,1.8584099054336636,2.3225505352020264,10.198498725891113,18,10,8,90.80221557617188,0.23052930055724277,moderate_review,321
detector_top5,1.3.6.1.4.1.14519.5.2.1.6279.6001.292057261351416339496913597985,outputs/luna16_saliency_synthetic_detector_top5_minprob0.5/1.3.6.1.4.1.14519.5.2.1.6279.6001.292057261351416339496913597985/surface_1.3.6.1.4.1.14519.5.2.1.6279.6001.292057261351416339496913597985.png,outputs/luna16_saliency_synthetic_detector_top5_minprob0.5/1.3.6.1.4.1.14519.5.2.1.6279.6001.292057261351416339496913597985/surface_grid_float_1.3.6.1.4.1.14519.5.2.1.6279.6001.292057261351416339496913597985.npy,0.5991391016240291,0.29943975806236267,0.21797236800193787,0.9098039269447327,88.26553344726562,18.35413360595703,0.9601078152656538,2.248405804634093,3.2871317863464355,6.887199878692627,28,20,8,86.77093505859375,0.2298662851704491,moderate_review,322
detector_top5,1.3.6.1.4.1.14519.5.2.1.6279.6001.118140393257625250121502185026,outputs/luna16_saliency_synthetic_detector_top5_minprob0.5/1.3.6.1.4.1.14519.5.2.1.6279.6001.118140393257625250121502185026/surface_1.3.6.1.4.1.14519.5.2.1.6279.6001.118140393257625250121502185026.png,outputs/luna16_saliency_synthetic_detector_top5_minprob0.5/1.3.6.1.4.1.14519.5.2.1.6279.6001.118140393257625250121502185026/surface_grid_float_1.3.6.1.4.1.14519.5.2.1.6279.6001.118140393257625250121502185026.npy,0.618852677618946,0.302998811006546,0.2318229079246521,0.9526274538040093,93.65609741210938,14.420145034790039,1.1225698828697204,1.572974121570586,3.3922207355499268,11.935012817382812,28,20,8,93.38961791992188,0.22980497003926165,moderate_review,323
detector_top5,1.3.6.1.4.1.14519.5.2.1.6279.6001.153732973534937692357111055819,outputs/luna16_saliency_synthetic_detector_top5_minprob0.5/1.3.6.1.4.1.14519.5.2.1.6279.6001.153732973534937692357111055819/surface_1.3.6.1.4.1.14519.5.2.1.6279.6001.153732973534937692357111055819.png,outputs/luna16_saliency_synthetic_detector_top5_minprob0.5/1.3.6.1.4.1.14519.5.2.1.6279.6001.153732973534937692357111055819/surface_grid_float_1.3.6.1.4.1.14519.5.2.1.6279.6001.153732973534937692357111055819.npy,0.21404219836821717,0.35473498702049255,0.23489393293857574,0.8313725590705872,51.23046875,7.177102565765381,0.5871068656444547,1.8191794252395654,8.278291702270508,5.206512928009033,33,25,8,34.02606201171875,0.229219698430448,moderate_review,324
detector_top5,1.3.6.1.4.1.14519.5.2.1.6279.6001.300146276266881736689307479986,outputs/luna16_saliency_synthetic_detector_top5_minprob0.5/1.3.6.1.4.1.14519.5.2.1.6279.6001.300146276266881736689307479986/surface_1.3.6.1.4.1.14519.5.2.1.6279.6001.300146276266881736689307479986.png,outputs/luna16_saliency_synthetic_detector_top5_minprob0.5/1.3.6.1.4.1.14519.5.2.1.6279.6001.300146276266881736689307479986/surface_grid_float_1.3.6.1.4.1.14519.5.2.1.6279.6001.300146276266881736689307479986.npy,0.5053179055633473,0.3823980987071991,0.23984044790267944,1.0,89.37530517578125,20.996829986572266,1.148745208978653,1.8233858287334446,2.079705238342285,11.255447387695312,23,15,8,89.08151245117188,0.22867252212762834,moderate_review,325
detector_top5,1.3.6.1.4.1.14519.5.2.1.6279.6001.470912100568074901744259213968,outputs/luna16_saliency_synthetic_detector_top5_minprob0.5/1.3.6.1.4.1.14519.5.2.1.6279.6001.470912100568074901744259213968/surface_1.3.6.1.4.1.14519.5.2.1.6279.6001.470912100568074901744259213968.png,outputs/luna16_saliency_synthetic_detector_top5_minprob0.5/1.3.6.1.4.1.14519.5.2.1.6279.6001.470912100568074901744259213968/surface_grid_float_1.3.6.1.4.1.14519.5.2.1.6279.6001.470912100568074901744259213968.npy,0.5942508675854045,0.3925419747829437,0.2586473226547241,1.0,79.767578125,17.14824867248535,1.057392656803131,2.606500744819641,4.483587741851807,7.288108825683594,23,15,8,76.91935729980469,0.22733678327666387,moderate_review,326
detector_top5,1.3.6.1.4.1.14519.5.2.1.6279.6001.225227615446398900698431118292,outputs/luna16_saliency_synthetic_detector_top5_minprob0.5/1.3.6.1.4.1.14519.5.2.1.6279.6001.225227615446398900698431118292/surface_1.3.6.1.4.1.14519.5.2.1.6279.6001.225227615446398900698431118292.png,outputs/luna16_saliency_synthetic_detector_top5_minprob0.5/1.3.6.1.4.1.14519.5.2.1.6279.6001.225227615446398900698431118292/surface_grid_float_1.3.6.1.4.1.14519.5.2.1.6279.6001.225227615446398900698431118292.npy,0.6549956602197731,0.35085010528564453,0.21057146787643433,0.9176470637321472,89.48238372802734,14.275480270385742,1.149861443042755,2.004579753875731,3.3190813064575195,7.709822177886963,23,15,8,88.82183837890625,0.22640763700273298,moderate_review,327
detector_top5,1.3.6.1.4.1.14519.5.2.1.6279.6001.161821150841552408667852639317,outputs/luna16_saliency_synthetic_detector_top5_minprob0.5/1.3.6.1.4.1.14519.5.2.1.6279.6001.161821150841552408667852639317/surface_1.3.6.1.4.1.14519.5.2.1.6279.6001.161821150841552408667852639317.png,outputs/luna16_saliency_synthetic_detector_top5_minprob0.5/1.3.6.1.4.1.14519.5.2.1.6279.6001.161821150841552408667852639317/surface_grid_float_1.3.6.1.4.1.14519.5.2.1.6279.6001.161821150841552408667852639317.npy,0.13259972978738535,0.5628778338432312,0.22935108840465546,1.0,34.54150390625,8.355183601379395,0.5120596319437027,0.6738964813947677,9.173770904541016,10.960366249084473,33,25,8,4.08673095703125,0.2263711628971161,moderate_review,328
detector_top5,1.3.6.1.4.1.14519.5.2.1.6279.6001.111017101339429664883879536171,outputs/luna16_saliency_synthetic_detector_top5_minprob0.5/1.3.6.1.4.1.14519.5.2.1.6279.6001.111017101339429664883879536171/surface_1.3.6.1.4.1.14519.5.2.1.6279.6001.111017101339429664883879536171.png,outputs/luna16_saliency_synthetic_detector_top5_minprob0.5/1.3.6.1.4.1.14519.5.2.1.6279.6001.111017101339429664883879536171/surface_grid_float_1.3.6.1.4.1.14519.5.2.1.6279.6001.111017101339429664883879536171.npy,0.456431775990099,0.4108828008174896,0.22503933310508728,0.9490196108818054,86.12036895751953,20.641244888305664,1.1642184734344465,2.22951456785202,3.19437837600708,6.738979816436768,33,25,8,85.66876220703125,0.22539489600128595,moderate_review,329
detector_top5,1.3.6.1.4.1.14519.5.2.1.6279.6001.265775376735520890308424143898,outputs/luna16_saliency_synthetic_detector_top5_minprob0.5/1.3.6.1.4.1.14519.5.2.1.6279.6001.265775376735520890308424143898/surface_1.3.6.1.4.1.14519.5.2.1.6279.6001.265775376735520890308424143898.png,outputs/luna16_saliency_synthetic_detector_top5_minprob0.5/1.3.6.1.4.1.14519.5.2.1.6279.6001.265775376735520890308424143898/surface_grid_float_1.3.6.1.4.1.14519.5.2.1.6279.6001.265775376735520890308424143898.npy,0.5898266406566307,0.37489378452301025,0.25717756152153015,0.9686274528503418,84.10049438476562,16.49010467529297,1.0464613199234007,2.5459853601455604,4.583377361297607,3.878051519393921,28,20,8,80.56558990478516,0.22516494371096268,moderate_review,330
detector_top5,1.3.6.1.4.1.14519.5.2.1.6279.6001.143622857676008763729469324839,outputs/luna16_saliency_synthetic_detector_top5_minprob0.5/1.3.6.1.4.1.14519.5.2.1.6279.6001.143622857676008763729469324839/surface_1.3.6.1.4.1.14519.5.2.1.6279.6001.143622857676008763729469324839.png,outputs/luna16_saliency_synthetic_detector_top5_minprob0.5/1.3.6.1.4.1.14519.5.2.1.6279.6001.143622857676008763729469324839/surface_grid_float_1.3.6.1.4.1.14519.5.2.1.6279.6001.143622857676008763729469324839.npy,0.13480887823633686,0.4778648912906647,0.25763264298439026,1.0,35.02093505859375,7.113737106323242,0.41708871722221375,0.8466514825820901,2.345127820968628,8.113022804260254,33,25,8,13.99493408203125,0.2247630644336635,moderate_review,331
detector_top5,1.3.6.1.4.1.14519.5.2.1.6279.6001.128023902651233986592378348912,outputs/luna16_saliency_synthetic_detector_top5_minprob0.5/1.3.6.1.4.1.14519.5.2.1.6279.6001.128023902651233986592378348912/surface_1.3.6.1.4.1.14519.5.2.1.6279.6001.128023902651233986592378348912.png,outputs/luna16_saliency_synthetic_detector_top5_minprob0.5/1.3.6.1.4.1.14519.5.2.1.6279.6001.128023902651233986592378348912/surface_grid_float_1.3.6.1.4.1.14519.5.2.1.6279.6001.128023902651233986592378348912.npy,0.6274465364005763,0.3048190772533417,0.24635012447834015,0.9176470637321472,96.83960723876953,21.609600067138672,1.049372911453247,1.2173597931861877,1.2739390134811401,11.83944034576416,23,15,8,96.59889221191406,0.2242300066285663,moderate_review,332
detector_top5,1.3.6.1.4.1.14519.5.2.1.6279.6001.339882192295517122002429068974,outputs/luna16_saliency_synthetic_detector_top5_minprob0.5/1.3.6.1.4.1.14519.5.2.1.6279.6001.339882192295517122002429068974/surface_1.3.6.1.4.1.14519.5.2.1.6279.6001.339882192295517122002429068974.png,outputs/luna16_saliency_synthetic_detector_top5_minprob0.5/1.3.6.1.4.1.14519.5.2.1.6279.6001.339882192295517122002429068974/surface_grid_float_1.3.6.1.4.1.14519.5.2.1.6279.6001.339882192295517122002429068974.npy,0.5712719298245614,0.383431077003479,0.27751123905181885,1.0,82.68617248535156,17.312908172607422,1.2975368857383722,2.4591375255584733,3.603780508041382,5.345748424530029,28,20,8,79.69247436523438,0.2234638541857402,moderate_review,333
detector_top5,1.3.6.1.4.1.14519.5.2.1.6279.6001.332829333783605240302521201463,outputs/luna16_saliency_synthetic_detector_top5_minprob0.5/1.3.6.1.4.1.14519.5.2.1.6279.6001.332829333783605240302521201463/surface_1.3.6.1.4.1.14519.5.2.1.6279.6001.332829333783605240302521201463.png,outputs/luna16_saliency_synthetic_detector_top5_minprob0.5/1.3.6.1.4.1.14519.5.2.1.6279.6001.332829333783605240302521201463/surface_grid_float_1.3.6.1.4.1.14519.5.2.1.6279.6001.332829333783605240302521201463.npy,0.5239543726235741,0.37746715545654297,0.21717014908790588,0.9087843191623608,99.62543487548828,24.509716033935547,1.0588347434997558,1.2086704874038685,1.335693359375,9.115287780761719,18,10,8,98.0,0.2225587011496226,moderate_review,334
detector_top5,1.3.6.1.4.1.14519.5.2.1.6279.6001.461155505515403114280165935891,outputs/luna16_saliency_synthetic_detector_top5_minprob0.5/1.3.6.1.4.1.14519.5.2.1.6279.6001.461155505515403114280165935891/surface_1.3.6.1.4.1.14519.5.2.1.6279.6001.461155505515403114280165935891.png,outputs/luna16_saliency_synthetic_detector_top5_minprob0.5/1.3.6.1.4.1.14519.5.2.1.6279.6001.461155505515403114280165935891/surface_grid_float_1.3.6.1.4.1.14519.5.2.1.6279.6001.461155505515403114280165935891.npy,0.45926481279534714,0.3768315315246582,0.22221839427947998,0.9058823585510254,89.86715698242188,18.06627655029297,0.9250434756278989,1.7504874265193948,2.164184093475342,8.528095245361328,18,10,8,87.69844055175781,0.22124454053375459,moderate_review,335
detector_top5,1.3.6.1.4.1.14519.5.2.1.6279.6001.228511122591230092662900221600,outputs/luna16_saliency_synthetic_detector_top5_minprob0.5/1.3.6.1.4.1.14519.5.2.1.6279.6001.228511122591230092662900221600/surface_1.3.6.1.4.1.14519.5.2.1.6279.6001.228511122591230092662900221600.png,outputs/luna16_saliency_synthetic_detector_top5_minprob0.5/1.3.6.1.4.1.14519.5.2.1.6279.6001.228511122591230092662900221600/surface_grid_float_1.3.6.1.4.1.14519.5.2.1.6279.6001.228511122591230092662900221600.npy,0.4918732272783327,0.3773554861545563,0.24104221165180206,1.0,85.828369140625,9.154472351074219,0.6266795486211785,2.151066036224366,28.28547477722168,5.286664009094238,33,25,8,74.06231689453125,0.21932740523020428,moderate_review,336
detector_top5,1.3.6.1.4.1.14519.5.2.1.6279.6001.175318131822744218104175746898,outputs/luna16_saliency_synthetic_detector_top5_minprob0.5/1.3.6.1.4.1.14519.5.2.1.6279.6001.175318131822744218104175746898/surface_1.3.6.1.4.1.14519.5.2.1.6279.6001.175318131822744218104175746898.png,outputs/luna16_saliency_synthetic_detector_top5_minprob0.5/1.3.6.1.4.1.14519.5.2.1.6279.6001.175318131822744218104175746898/surface_grid_float_1.3.6.1.4.1.14519.5.2.1.6279.6001.175318131822744218104175746898.npy,0.5936565803864382,0.3806532323360443,0.24639207124710083,0.9803921580314636,94.26689147949219,20.6920223236084,1.125265300273895,1.3656996500492093,1.4445974826812744,9.016973495483398,23,15,8,93.3638687133789,0.21812019417948195,moderate_review,337
detector_top5,1.3.6.1.4.1.14519.5.2.1.6279.6001.306520140119968755187868602181,outputs/luna16_saliency_synthetic_detector_top5_minprob0.5/1.3.6.1.4.1.14519.5.2.1.6279.6001.306520140119968755187868602181/surface_1.3.6.1.4.1.14519.5.2.1.6279.6001.306520140119968755187868602181.png,outputs/luna16_saliency_synthetic_detector_top5_minprob0.5/1.3.6.1.4.1.14519.5.2.1.6279.6001.306520140119968755187868602181/surface_grid_float_1.3.6.1.4.1.14519.5.2.1.6279.6001.306520140119968755187868602181.npy,0.14375968992248062,0.5266764760017395,0.24417676031589508,1.0,33.05006408691406,8.382783889770508,0.4798046559095379,0.7260155832767491,7.427006244659424,10.359703063964844,23,15,8,0.0167999267578125,0.21773707576610807,moderate_review,338
detector_top5,1.3.6.1.4.1.14519.5.2.1.6279.6001.701514276942509393419164159551,outputs/luna16_saliency_synthetic_detector_top5_minprob0.5/1.3.6.1.4.1.14519.5.2.1.6279.6001.701514276942509393419164159551/surface_1.3.6.1.4.1.14519.5.2.1.6279.6001.701514276942509393419164159551.png,outputs/luna16_saliency_synthetic_detector_top5_minprob0.5/1.3.6.1.4.1.14519.5.2.1.6279.6001.701514276942509393419164159551/surface_grid_float_1.3.6.1.4.1.14519.5.2.1.6279.6001.701514276942509393419164159551.npy,0.11854141257345603,0.5293911099433899,0.21372514963150024,1.0,28.176910400390625,7.597128868103027,0.3955687969923019,0.7407126808166542,4.062472343444824,7.182119369506836,23,15,8,9.034286499023438,0.21740521298207988,moderate_review,339
detector_top5,1.3.6.1.4.1.14519.5.2.1.6279.6001.257515388956260258681136624817,outputs/luna16_saliency_synthetic_detector_top5_minprob0.5/1.3.6.1.4.1.14519.5.2.1.6279.6001.257515388956260258681136624817/surface_1.3.6.1.4.1.14519.5.2.1.6279.6001.257515388956260258681136624817.png,outputs/luna16_saliency_synthetic_detector_top5_minprob0.5/1.3.6.1.4.1.14519.5.2.1.6279.6001.257515388956260258681136624817/surface_grid_float_1.3.6.1.4.1.14519.5.2.1.6279.6001.257515388956260258681136624817.npy,0.19519946808510638,0.43956780433654785,0.2799980342388153,1.0,42.19798278808594,6.707668781280518,0.5456929147243509,1.4112454450130252,15.36645793914795,7.223418235778809,33,25,8,24.022064208984375,0.21717682199633087,moderate_review,340
detector_top5,1.3.6.1.4.1.14519.5.2.1.6279.6001.112767175295249119452142211437,outputs/luna16_saliency_synthetic_detector_top5_minprob0.5/1.3.6.1.4.1.14519.5.2.1.6279.6001.112767175295249119452142211437/surface_1.3.6.1.4.1.14519.5.2.1.6279.6001.112767175295249119452142211437.png,outputs/luna16_saliency_synthetic_detector_top5_minprob0.5/1.3.6.1.4.1.14519.5.2.1.6279.6001.112767175295249119452142211437/surface_grid_float_1.3.6.1.4.1.14519.5.2.1.6279.6001.112767175295249119452142211437.npy,0.44563400070249387,0.3873370885848999,0.2324952632188797,0.9803921580314636,83.64539337158203,14.589207649230957,1.3954915761947635,2.180020136833189,2.780357837677002,5.540472507476807,33,25,8,83.31222534179688,0.2171217541853586,moderate_review,341
detector_top5,1.3.6.1.4.1.14519.5.2.1.6279.6001.337845202462615014431060697507,outputs/luna16_saliency_synthetic_detector_top5_minprob0.5/1.3.6.1.4.1.14519.5.2.1.6279.6001.337845202462615014431060697507/surface_1.3.6.1.4.1.14519.5.2.1.6279.6001.337845202462615014431060697507.png,outputs/luna16_saliency_synthetic_detector_top5_minprob0.5/1.3.6.1.4.1.14519.5.2.1.6279.6001.337845202462615014431060697507/surface_grid_float_1.3.6.1.4.1.14519.5.2.1.6279.6001.337845202462615014431060697507.npy,0.5628235363918184,0.3650115132331848,0.22468814253807068,0.9803921580314636,97.84098815917969,23.812870025634766,1.0127924799919128,1.150484538078307,1.2439297437667847,8.707199096679688,23,15,8,97.57838439941406,0.21693218106693687,moderate_review,342
detector_top5,1.3.6.1.4.1.14519.5.2.1.6279.6001.200558451375970945040979397866,outputs/luna16_saliency_synthetic_detector_top5_minprob0.5/1.3.6.1.4.1.14519.5.2.1.6279.6001.200558451375970945040979397866/surface_1.3.6.1.4.1.14519.5.2.1.6279.6001.200558451375970945040979397866.png,outputs/luna16_saliency_synthetic_detector_top5_minprob0.5/1.3.6.1.4.1.14519.5.2.1.6279.6001.200558451375970945040979397866/surface_grid_float_1.3.6.1.4.1.14519.5.2.1.6279.6001.200558451375970945040979397866.npy,0.5357386340850455,0.3230033218860626,0.226934552192688,0.9098039269447327,78.30665588378906,14.755654335021973,0.9975977241992946,2.293329553604135,4.54803466796875,7.5808234214782715,33,25,8,74.0,0.21615725401772418,moderate_review,343
detector_top5,1.3.6.1.4.1.14519.5.2.1.6279.6001.750792629100457382099842515038,outputs/luna16_saliency_synthetic_detector_top5_minprob0.5/1.3.6.1.4.1.14519.5.2.1.6279.6001.750792629100457382099842515038/surface_1.3.6.1.4.1.14519.5.2.1.6279.6001.750792629100457382099842515038.png,outputs/luna16_saliency_synthetic_detector_top5_minprob0.5/1.3.6.1.4.1.14519.5.2.1.6279.6001.750792629100457382099842515038/surface_grid_float_1.3.6.1.4.1.14519.5.2.1.6279.6001.750792629100457382099842515038.npy,0.630715965508231,0.3561122715473175,0.24404174089431763,0.946509807109835,89.43246459960938,21.356487274169922,1.0233385264873502,1.2045632433891293,1.2503358125686646,13.153639793395996,23,15,8,89.2254638671875,0.2144213156196806,moderate_review,344
detector_top5,1.3.6.1.4.1.14519.5.2.1.6279.6001.323859712968543712594665815359,outputs/luna16_saliency_synthetic_detector_top5_minprob0.5/1.3.6.1.4.1.14519.5.2.1.6279.6001.323859712968543712594665815359/surface_1.3.6.1.4.1.14519.5.2.1.6279.6001.323859712968543712594665815359.png,outputs/luna16_saliency_synthetic_detector_top5_minprob0.5/1.3.6.1.4.1.14519.5.2.1.6279.6001.323859712968543712594665815359/surface_grid_float_1.3.6.1.4.1.14519.5.2.1.6279.6001.323859712968543712594665815359.npy,0.5686197210860888,0.3149977922439575,0.2490188181400299,1.0,96.57173156738281,20.7628116607666,1.0396391510963439,1.3229205322265625,1.4014354944229126,6.09528112411499,28,20,8,96.44754028320312,0.21418557107713487,moderate_review,345
detector_top5,1.3.6.1.4.1.14519.5.2.1.6279.6001.300246184547502297539521283806,outputs/luna16_saliency_synthetic_detector_top5_minprob0.5/1.3.6.1.4.1.14519.5.2.1.6279.6001.300246184547502297539521283806/surface_1.3.6.1.4.1.14519.5.2.1.6279.6001.300246184547502297539521283806.png,outputs/luna16_saliency_synthetic_detector_top5_minprob0.5/1.3.6.1.4.1.14519.5.2.1.6279.6001.300246184547502297539521283806/surface_grid_float_1.3.6.1.4.1.14519.5.2.1.6279.6001.300246184547502297539521283806.npy,0.5223244601385305,0.3437100052833557,0.2203177958726883,1.0,96.13555145263672,23.06444549560547,0.786357194185257,0.8313503301143647,0.8641922473907471,12.286886215209961,23,15,8,96.07742309570312,0.21247062058051425,moderate_review,346
detector_top5,1.3.6.1.4.1.14519.5.2.1.6279.6001.141430002307216644912805017227,outputs/luna16_saliency_synthetic_detector_top5_minprob0.5/1.3.6.1.4.1.14519.5.2.1.6279.6001.141430002307216644912805017227/surface_1.3.6.1.4.1.14519.5.2.1.6279.6001.141430002307216644912805017227.png,outputs/luna16_saliency_synthetic_detector_top5_minprob0.5/1.3.6.1.4.1.14519.5.2.1.6279.6001.141430002307216644912805017227/surface_grid_float_1.3.6.1.4.1.14519.5.2.1.6279.6001.141430002307216644912805017227.npy,0.642351760916627,0.3047744333744049,0.22066420316696167,0.8901960849761963,83.95516204833984,18.922250747680664,1.1838301420211792,1.7036942660808563,2.0449516773223877,9.336379051208496,33,25,8,81.70353698730469,0.21178360706567764,moderate_review,347
detector_top5,1.3.6.1.4.1.14519.5.2.1.6279.6001.188484197846284733942365679565,outputs/luna16_saliency_synthetic_detector_top5_minprob0.5/1.3.6.1.4.1.14519.5.2.1.6279.6001.188484197846284733942365679565/surface_1.3.6.1.4.1.14519.5.2.1.6279.6001.188484197846284733942365679565.png,outputs/luna16_saliency_synthetic_detector_top5_minprob0.5/1.3.6.1.4.1.14519.5.2.1.6279.6001.188484197846284733942365679565/surface_grid_float_1.3.6.1.4.1.14519.5.2.1.6279.6001.188484197846284733942365679565.npy,0.5850949891623103,0.3449420630931854,0.21644017100334167,0.9176470637321472,88.36849212646484,14.40225601196289,0.9371984511613848,1.656059688329702,1.9436008930206299,6.622542858123779,18,10,8,88.15534973144531,0.21167937276760754,moderate_review,348
detector_top5,1.3.6.1.4.1.14519.5.2.1.6279.6001.167237290696350215427953159586,outputs/luna16_saliency_synthetic_detector_top5_minprob0.5/1.3.6.1.4.1.14519.5.2.1.6279.6001.167237290696350215427953159586/surface_1.3.6.1.4.1.14519.5.2.1.6279.6001.167237290696350215427953159586.png,outputs/luna16_saliency_synthetic_detector_top5_minprob0.5/1.3.6.1.4.1.14519.5.2.1.6279.6001.167237290696350215427953159586/surface_grid_float_1.3.6.1.4.1.14519.5.2.1.6279.6001.167237290696350215427953159586.npy,0.3633459969044604,0.4442315697669983,0.2065228521823883,1.0,93.60426330566406,22.43470001220703,0.760728931427002,1.014079607725143,1.1317344903945923,11.18503475189209,18,10,8,93.0748519897461,0.21128512652317682,moderate_review,349
detector_top5,1.3.6.1.4.1.14519.5.2.1.6279.6001.478062284228419671253422844986,outputs/luna16_saliency_synthetic_detector_top5_minprob0.5/1.3.6.1.4.1.14519.5.2.1.6279.6001.478062284228419671253422844986/surface_1.3.6.1.4.1.14519.5.2.1.6279.6001.478062284228419671253422844986.png,outputs/luna16_saliency_synthetic_detector_top5_minprob0.5/1.3.6.1.4.1.14519.5.2.1.6279.6001.478062284228419671253422844986/surface_grid_float_1.3.6.1.4.1.14519.5.2.1.6279.6001.478062284228419671253422844986.npy,0.14813811780636424,0.47053447365760803,0.2659600079059601,1.0,33.62852478027344,8.16075611114502,0.4587226599454879,0.5857025134563443,3.9027581214904785,9.81822395324707,33,25,8,3.9959716796875,0.21078653912359807,moderate_review,350
detector_top5,1.3.6.1.4.1.14519.5.2.1.6279.6001.765459236550358748053283544075,outputs/luna16_saliency_synthetic_detector_top5_minprob0.5/1.3.6.1.4.1.14519.5.2.1.6279.6001.765459236550358748053283544075/surface_1.3.6.1.4.1.14519.5.2.1.6279.6001.765459236550358748053283544075.png,outputs/luna16_saliency_synthetic_detector_top5_minprob0.5/1.3.6.1.4.1.14519.5.2.1.6279.6001.765459236550358748053283544075/surface_grid_float_1.3.6.1.4.1.14519.5.2.1.6279.6001.765459236550358748053283544075.npy,0.44549527127924343,0.36397579312324524,0.21274931728839874,0.8892549085617003,89.4047622680664,18.60230255126953,1.0571700692176824,1.3560378932952881,1.4249954223632812,9.366987228393555,28,20,8,89.19336700439453,0.21050460108651056,moderate_review,351
detector_top5,1.3.6.1.4.1.14519.5.2.1.6279.6001.184412674007117333405073397832,outputs/luna16_saliency_synthetic_detector_top5_minprob0.5/1.3.6.1.4.1.14519.5.2.1.6279.6001.184412674007117333405073397832/surface_1.3.6.1.4.1.14519.5.2.1.6279.6001.184412674007117333405073397832.png,outputs/luna16_saliency_synthetic_detector_top5_minprob0.5/1.3.6.1.4.1.14519.5.2.1.6279.6001.184412674007117333405073397832/surface_grid_float_1.3.6.1.4.1.14519.5.2.1.6279.6001.184412674007117333405073397832.npy,0.6637965257149115,0.3355891704559326,0.23721034824848175,0.8745098114013672,90.77059936523438,22.607280731201172,0.8010371923446655,0.9613241255283356,1.0078668594360352,12.744491577148438,23,15,8,90.67230224609375,0.2084451484349039,moderate_review,352
detector_top5,1.3.6.1.4.1.14519.5.2.1.6279.6001.262736997975960398949912434623,outputs/luna16_saliency_synthetic_detector_top5_minprob0.5/1.3.6.1.4.1.14519.5.2.1.6279.6001.262736997975960398949912434623/surface_1.3.6.1.4.1.14519.5.2.1.6279.6001.262736997975960398949912434623.png,outputs/luna16_saliency_synthetic_detector_top5_minprob0.5/1.3.6.1.4.1.14519.5.2.1.6279.6001.262736997975960398949912434623/surface_grid_float_1.3.6.1.4.1.14519.5.2.1.6279.6001.262736997975960398949912434623.npy,0.5853534470425535,0.32964298129081726,0.23069632053375244,0.9137254953384399,88.61891174316406,21.255908966064453,0.7487594246864319,1.0162887811660766,1.1347006559371948,11.979570388793945,18,10,8,88.48413848876953,0.2048081172042423,moderate_review,353
detector_top5,1.3.6.1.4.1.14519.5.2.1.6279.6001.276556509002726404418399209377,outputs/luna16_saliency_synthetic_detector_top5_minprob0.5/1.3.6.1.4.1.14519.5.2.1.6279.6001.276556509002726404418399209377/surface_1.3.6.1.4.1.14519.5.2.1.6279.6001.276556509002726404418399209377.png,outputs/luna16_saliency_synthetic_detector_top5_minprob0.5/1.3.6.1.4.1.14519.5.2.1.6279.6001.276556509002726404418399209377/surface_grid_float_1.3.6.1.4.1.14519.5.2.1.6279.6001.276556509002726404418399209377.npy,0.6465646806226516,0.3236613869667053,0.23834839463233948,1.0,76.56121063232422,7.679349422454834,0.7382368981838228,2.2904625272750834,12.299671173095703,3.422156572341919,33,25,8,65.38276672363281,0.2039206859217749,moderate_review,354
detector_top5,1.3.6.1.4.1.14519.5.2.1.6279.6001.161002239822118346732951898613,outputs/luna16_saliency_synthetic_detector_top5_minprob0.5/1.3.6.1.4.1.14519.5.2.1.6279.6001.161002239822118346732951898613/surface_1.3.6.1.4.1.14519.5.2.1.6279.6001.161002239822118346732951898613.png,outputs/luna16_saliency_synthetic_detector_top5_minprob0.5/1.3.6.1.4.1.14519.5.2.1.6279.6001.161002239822118346732951898613/surface_grid_float_1.3.6.1.4.1.14519.5.2.1.6279.6001.161002239822118346732951898613.npy,0.4289027438932562,0.3740761876106262,0.2362249344587326,0.9725490212440491,88.515380859375,21.434823989868164,0.8733598560094831,1.0654881000518803,1.156354308128357,10.95308780670166,33,25,8,88.311767578125,0.2038304728931851,moderate_review,355
detector_top5,1.3.6.1.4.1.14519.5.2.1.6279.6001.192419869605596446455526220766,outputs/luna16_saliency_synthetic_detector_top5_minprob0.5/1.3.6.1.4.1.14519.5.2.1.6279.6001.192419869605596446455526220766/surface_1.3.6.1.4.1.14519.5.2.1.6279.6001.192419869605596446455526220766.png,outputs/luna16_saliency_synthetic_detector_top5_minprob0.5/1.3.6.1.4.1.14519.5.2.1.6279.6001.192419869605596446455526220766/surface_grid_float_1.3.6.1.4.1.14519.5.2.1.6279.6001.192419869605596446455526220766.npy,0.6133412824589295,0.36622437834739685,0.22203943133354187,1.0,75.32765197753906,13.395755767822266,1.0149801611900329,1.6244895184040062,2.100745439529419,13.145512580871582,23,15,8,74.51900482177734,0.2034930223610666,moderate_review,356
detector_top5,1.3.6.1.4.1.14519.5.2.1.6279.6001.328944769569002417592093467626,outputs/luna16_saliency_synthetic_detector_top5_minprob0.5/1.3.6.1.4.1.14519.5.2.1.6279.6001.328944769569002417592093467626/surface_1.3.6.1.4.1.14519.5.2.1.6279.6001.328944769569002417592093467626.png,outputs/luna16_saliency_synthetic_detector_top5_minprob0.5/1.3.6.1.4.1.14519.5.2.1.6279.6001.328944769569002417592093467626/surface_grid_float_1.3.6.1.4.1.14519.5.2.1.6279.6001.328944769569002417592093467626.npy,0.5725877192982456,0.3984338939189911,0.218552365899086,0.9450980424880981,79.2489013671875,18.911951065063477,0.8305306971073149,1.4473228442668908,2.115847110748291,12.595352172851562,23,15,8,79.02854919433594,0.20349085910187825,moderate_review,357
detector_top5,1.3.6.1.4.1.14519.5.2.1.6279.6001.134996872583497382954024478441,outputs/luna16_saliency_synthetic_detector_top5_minprob0.5/1.3.6.1.4.1.14519.5.2.1.6279.6001.134996872583497382954024478441/surface_1.3.6.1.4.1.14519.5.2.1.6279.6001.134996872583497382954024478441.png,outputs/luna16_saliency_synthetic_detector_top5_minprob0.5/1.3.6.1.4.1.14519.5.2.1.6279.6001.134996872583497382954024478441/surface_grid_float_1.3.6.1.4.1.14519.5.2.1.6279.6001.134996872583497382954024478441.npy,0.3685753708175233,0.435556560754776,0.2078486680984497,0.9882352948188782,75.72659301757812,16.357221603393555,1.0281781077384948,1.8773897290229777,2.2928154468536377,8.801761627197266,33,25,8,75.28678131103516,0.20209215051598012,moderate_review,358
detector_top5,1.3.6.1.4.1.14519.5.2.1.6279.6001.310395752124284049604069960014,outputs/luna16_saliency_synthetic_detector_top5_minprob0.5/1.3.6.1.4.1.14519.5.2.1.6279.6001.310395752124284049604069960014/surface_1.3.6.1.4.1.14519.5.2.1.6279.6001.310395752124284049604069960014.png,outputs/luna16_saliency_synthetic_detector_top5_minprob0.5/1.3.6.1.4.1.14519.5.2.1.6279.6001.310395752124284049604069960014/surface_grid_float_1.3.6.1.4.1.14519.5.2.1.6279.6001.310395752124284049604069960014.npy,0.6248672879556447,0.3986869752407074,0.2422892153263092,1.0,80.20413208007812,13.232762336730957,1.1800366163253784,1.5766774892806985,2.472118616104126,8.949891090393066,18,10,8,79.8602294921875,0.20086252501275798,moderate_review,359
detector_top5,1.3.6.1.4.1.14519.5.2.1.6279.6001.151764021165118974848436095034,outputs/luna16_saliency_synthetic_detector_top5_minprob0.5/1.3.6.1.4.1.14519.5.2.1.6279.6001.151764021165118974848436095034/surface_1.3.6.1.4.1.14519.5.2.1.6279.6001.151764021165118974848436095034.png,outputs/luna16_saliency_synthetic_detector_top5_minprob0.5/1.3.6.1.4.1.14519.5.2.1.6279.6001.151764021165118974848436095034/surface_grid_float_1.3.6.1.4.1.14519.5.2.1.6279.6001.151764021165118974848436095034.npy,0.5563817980022198,0.3262658715248108,0.24343101680278778,0.9725490212440491,76.82897186279297,13.044036865234375,0.7659405201673508,1.8486866247653968,4.0983567237854,7.567038536071777,28,20,8,69.79064178466797,0.2003245263722208,moderate_review,360
detector_top5,1.3.6.1.4.1.14519.5.2.1.6279.6001.436403998650924660479049012235,outputs/luna16_saliency_synthetic_detector_top5_minprob0.5/1.3.6.1.4.1.14519.5.2.1.6279.6001.436403998650924660479049012235/surface_1.3.6.1.4.1.14519.5.2.1.6279.6001.436403998650924660479049012235.png,outputs/luna16_saliency_synthetic_detector_top5_minprob0.5/1.3.6.1.4.1.14519.5.2.1.6279.6001.436403998650924660479049012235/surface_grid_float_1.3.6.1.4.1.14519.5.2.1.6279.6001.436403998650924660479049012235.npy,0.49125666864256073,0.3461371064186096,0.21794630587100983,0.9450980424880981,87.54247283935547,20.19651222229004,0.7085271626710892,0.907346785068512,1.0279000997543335,12.106980323791504,18,10,8,87.47471618652344,0.2000289256705178,moderate_review,361
detector_top5,1.3.6.1.4.1.14519.5.2.1.6279.6001.203425588524695836343069893813,outputs/luna16_saliency_synthetic_detector_top5_minprob0.5/1.3.6.1.4.1.14519.5.2.1.6279.6001.203425588524695836343069893813/surface_1.3.6.1.4.1.14519.5.2.1.6279.6001.203425588524695836343069893813.png,outputs/luna16_saliency_synthetic_detector_top5_minprob0.5/1.3.6.1.4.1.14519.5.2.1.6279.6001.203425588524695836343069893813/surface_grid_float_1.3.6.1.4.1.14519.5.2.1.6279.6001.203425588524695836343069893813.npy,0.1671600481347774,0.45510241389274597,0.24379535019397736,1.0,26.704605102539062,4.725397109985352,0.35210445523262046,1.3478167200088498,2.9020612239837646,4.125492572784424,33,25,8,18.094192504882812,0.19858991053843114,moderate_review,362
detector_top5,1.3.6.1.4.1.14519.5.2.1.6279.6001.265133389948279331857097127422,outputs/luna16_saliency_synthetic_detector_top5_minprob0.5/1.3.6.1.4.1.14519.5.2.1.6279.6001.265133389948279331857097127422/surface_1.3.6.1.4.1.14519.5.2.1.6279.6001.265133389948279331857097127422.png,outputs/luna16_saliency_synthetic_detector_top5_minprob0.5/1.3.6.1.4.1.14519.5.2.1.6279.6001.265133389948279331857097127422/surface_grid_float_1.3.6.1.4.1.14519.5.2.1.6279.6001.265133389948279331857097127422.npy,0.34014838967261113,0.3755129873752594,0.24342583119869232,1.0,77.05287170410156,14.721620559692383,0.8316736906766892,1.7167571973800637,25.080799102783203,5.180735111236572,18,10,8,42.20640563964844,0.19706640506885875,moderate_review,363
detector_top5,1.3.6.1.4.1.14519.5.2.1.6279.6001.217589936421986638139451480826,outputs/luna16_saliency_synthetic_detector_top5_minprob0.5/1.3.6.1.4.1.14519.5.2.1.6279.6001.217589936421986638139451480826/surface_1.3.6.1.4.1.14519.5.2.1.6279.6001.217589936421986638139451480826.png,outputs/luna16_saliency_synthetic_detector_top5_minprob0.5/1.3.6.1.4.1.14519.5.2.1.6279.6001.217589936421986638139451480826/surface_grid_float_1.3.6.1.4.1.14519.5.2.1.6279.6001.217589936421986638139451480826.npy,0.5956946182728411,0.4028768539428711,0.24484197795391083,0.9960784316062927,84.56797790527344,14.962923049926758,0.7460500985383988,0.875189362168311,3.0114917755126953,13.128474235534668,33,25,8,84.05548095703125,0.19637669789724876,moderate_review,364
detector_top5,1.3.6.1.4.1.14519.5.2.1.6279.6001.222087811960706096424718056430,outputs/luna16_saliency_synthetic_detector_top5_minprob0.5/1.3.6.1.4.1.14519.5.2.1.6279.6001.222087811960706096424718056430/surface_1.3.6.1.4.1.14519.5.2.1.6279.6001.222087811960706096424718056430.png,outputs/luna16_saliency_synthetic_detector_top5_minprob0.5/1.3.6.1.4.1.14519.5.2.1.6279.6001.222087811960706096424718056430/surface_grid_float_1.3.6.1.4.1.14519.5.2.1.6279.6001.222087811960706096424718056430.npy,0.5955800358192815,0.34249624609947205,0.24024847149848938,0.9647058844566345,84.56197357177734,18.33867645263672,0.9722648411989212,1.0777266561985017,1.1270402669906616,10.259593963623047,23,15,8,84.4148178100586,0.1960675200025241,moderate_review,365
detector_top5,1.3.6.1.4.1.14519.5.2.1.6279.6001.280972147860943609388015648430,outputs/luna16_saliency_synthetic_detector_top5_minprob0.5/1.3.6.1.4.1.14519.5.2.1.6279.6001.280972147860943609388015648430/surface_1.3.6.1.4.1.14519.5.2.1.6279.6001.280972147860943609388015648430.png,outputs/luna16_saliency_synthetic_detector_top5_minprob0.5/1.3.6.1.4.1.14519.5.2.1.6279.6001.280972147860943609388015648430/surface_grid_float_1.3.6.1.4.1.14519.5.2.1.6279.6001.280972147860943609388015648430.npy,0.6542224193588132,0.30872631072998047,0.21779832243919373,0.8549019694328308,82.02256774902344,17.339632034301758,0.8333819776773452,0.9714868700504303,1.7238185405731201,12.874423027038574,28,20,8,81.91996002197266,0.19445871463219322,moderate_review,366
detector_top5,1.3.6.1.4.1.14519.5.2.1.6279.6001.161073793312426102774780216551,outputs/luna16_saliency_synthetic_detector_top5_minprob0.5/1.3.6.1.4.1.14519.5.2.1.6279.6001.161073793312426102774780216551/surface_1.3.6.1.4.1.14519.5.2.1.6279.6001.161073793312426102774780216551.png,outputs/luna16_saliency_synthetic_detector_top5_minprob0.5/1.3.6.1.4.1.14519.5.2.1.6279.6001.161073793312426102774780216551/surface_grid_float_1.3.6.1.4.1.14519.5.2.1.6279.6001.161073793312426102774780216551.npy,0.46920871257957597,0.3077235817909241,0.22343219816684723,0.8784313797950745,84.24642944335938,15.144851684570312,0.9075834870338437,1.423402457237243,1.5980381965637207,4.778165817260742,18,10,8,84.07139587402344,0.19373093571662903,moderate_review,367
detector_top5,1.3.6.1.4.1.14519.5.2.1.6279.6001.206539885154775002929031534291,outputs/luna16_saliency_synthetic_detector_top5_minprob0.5/1.3.6.1.4.1.14519.5.2.1.6279.6001.206539885154775002929031534291/surface_1.3.6.1.4.1.14519.5.2.1.6279.6001.206539885154775002929031534291.png,outputs/luna16_saliency_synthetic_detector_top5_minprob0.5/1.3.6.1.4.1.14519.5.2.1.6279.6001.206539885154775002929031534291/surface_grid_float_1.3.6.1.4.1.14519.5.2.1.6279.6001.206539885154775002929031534291.npy,0.6198560860016183,0.31901559233665466,0.22525222599506378,0.9686274528503418,78.49317932128906,10.574325561523438,0.964550498127937,1.3059638547897336,3.915743827819824,10.334824562072754,23,15,8,77.66155242919922,0.1929671579837799,moderate_review,368
detector_top5,1.3.6.1.4.1.14519.5.2.1.6279.6001.100530488926682752765845212286,outputs/luna16_saliency_synthetic_detector_top5_minprob0.5/1.3.6.1.4.1.14519.5.2.1.6279.6001.100530488926682752765845212286/surface_1.3.6.1.4.1.14519.5.2.1.6279.6001.100530488926682752765845212286.png,outputs/luna16_saliency_synthetic_detector_top5_minprob0.5/1.3.6.1.4.1.14519.5.2.1.6279.6001.100530488926682752765845212286/surface_grid_float_1.3.6.1.4.1.14519.5.2.1.6279.6001.100530488926682752765845212286.npy,0.5147104142119098,0.3423645496368408,0.22186462581157684,0.9843137264251709,63.73631286621094,12.728338241577148,0.917155301570892,2.4763411140441898,3.343508243560791,5.399559497833252,18,10,8,52.0,0.19251644263797338,moderate_review,369
detector_top5,1.3.6.1.4.1.14519.5.2.1.6279.6001.125356649712550043958727288500,outputs/luna16_saliency_synthetic_detector_top5_minprob0.5/1.3.6.1.4.1.14519.5.2.1.6279.6001.125356649712550043958727288500/surface_1.3.6.1.4.1.14519.5.2.1.6279.6001.125356649712550043958727288500.png,outputs/luna16_saliency_synthetic_detector_top5_minprob0.5/1.3.6.1.4.1.14519.5.2.1.6279.6001.125356649712550043958727288500/surface_grid_float_1.3.6.1.4.1.14519.5.2.1.6279.6001.125356649712550043958727288500.npy,0.5827228506124362,0.3513425886631012,0.2295088917016983,1.0,72.66281127929688,15.190207481384277,0.8480947762727736,1.5006661033630384,3.1031177043914795,11.79714298248291,33,25,8,72.15867614746094,0.1923405418607924,moderate_review,370
detector_top5,1.3.6.1.4.1.14519.5.2.1.6279.6001.143813757344903170810482790787,outputs/luna16_saliency_synthetic_detector_top5_minprob0.5/1.3.6.1.4.1.14519.5.2.1.6279.6001.143813757344903170810482790787/surface_1.3.6.1.4.1.14519.5.2.1.6279.6001.143813757344903170810482790787.png,outputs/luna16_saliency_synthetic_detector_top5_minprob0.5/1.3.6.1.4.1.14519.5.2.1.6279.6001.143813757344903170810482790787/surface_grid_float_1.3.6.1.4.1.14519.5.2.1.6279.6001.143813757344903170810482790787.npy,0.6461748096903948,0.30698612332344055,0.23715345561504364,0.9921568632125854,83.56201934814453,19.23122215270996,0.7435775399208068,0.975477637052536,1.2245240211486816,10.61766242980957,23,15,8,82.0,0.19212916675806047,moderate_review,371
detector_top5,1.3.6.1.4.1.14519.5.2.1.6279.6001.133378195429627807109985347209,outputs/luna16_saliency_synthetic_detector_top5_minprob0.5/1.3.6.1.4.1.14519.5.2.1.6279.6001.133378195429627807109985347209/surface_1.3.6.1.4.1.14519.5.2.1.6279.6001.133378195429627807109985347209.png,outputs/luna16_saliency_synthetic_detector_top5_minprob0.5/1.3.6.1.4.1.14519.5.2.1.6279.6001.133378195429627807109985347209/surface_grid_float_1.3.6.1.4.1.14519.5.2.1.6279.6001.133378195429627807109985347209.npy,0.5921300115492493,0.3522970378398895,0.24518153071403503,1.0,79.1706314086914,18.046602249145508,0.7973554819822307,1.0055615794658643,1.0891797542572021,13.265751838684082,23,15,8,78.87118530273438,0.191597348262204,moderate_review,372
detector_top5,1.3.6.1.4.1.14519.5.2.1.6279.6001.179162671133894061547290922949,outputs/luna16_saliency_synthetic_detector_top5_minprob0.5/1.3.6.1.4.1.14519.5.2.1.6279.6001.179162671133894061547290922949/surface_1.3.6.1.4.1.14519.5.2.1.6279.6001.179162671133894061547290922949.png,outputs/luna16_saliency_synthetic_detector_top5_minprob0.5/1.3.6.1.4.1.14519.5.2.1.6279.6001.179162671133894061547290922949/surface_grid_float_1.3.6.1.4.1.14519.5.2.1.6279.6001.179162671133894061547290922949.npy,0.5791394595742422,0.3401140570640564,0.23325638473033905,0.886274516582489,85.77532958984375,16.46649742126465,0.743872952461242,0.9654615229368209,1.0606530904769897,8.843568801879883,23,15,8,85.6886215209961,0.19157510345313283,moderate_review,373
detector_top5,1.3.6.1.4.1.14519.5.2.1.6279.6001.557875302364105947813979213632,outputs/luna16_saliency_synthetic_detector_top5_minprob0.5/1.3.6.1.4.1.14519.5.2.1.6279.6001.557875302364105947813979213632/surface_1.3.6.1.4.1.14519.5.2.1.6279.6001.557875302364105947813979213632.png,outputs/luna16_saliency_synthetic_detector_top5_minprob0.5/1.3.6.1.4.1.14519.5.2.1.6279.6001.557875302364105947813979213632/surface_grid_float_1.3.6.1.4.1.14519.5.2.1.6279.6001.557875302364105947813979213632.npy,0.5100489455556227,0.3876132071018219,0.22786341607570648,1.0,86.8577880859375,19.741594314575195,0.7672523975372316,0.8745413064956665,0.9021380543708801,9.22189998626709,18,10,8,86.75597381591797,0.1914923304186927,moderate_review,374
detector_top5,1.3.6.1.4.1.14519.5.2.1.6279.6001.240969450540588211676803094518,outputs/luna16_saliency_synthetic_detector_top5_minprob0.5/1.3.6.1.4.1.14519.5.2.1.6279.6001.240969450540588211676803094518/surface_1.3.6.1.4.1.14519.5.2.1.6279.6001.240969450540588211676803094518.png,outputs/luna16_saliency_synthetic_detector_top5_minprob0.5/1.3.6.1.4.1.14519.5.2.1.6279.6001.240969450540588211676803094518/surface_grid_float_1.3.6.1.4.1.14519.5.2.1.6279.6001.240969450540588211676803094518.npy,0.5863494771193355,0.37233248353004456,0.24544520676136017,1.0,84.48392486572266,19.618473052978516,0.7660146385431289,0.8782498216629031,0.9228833913803101,10.893887519836426,18,10,8,84.38081359863281,0.191362675025728,moderate_review,375
detector_top5,1.3.6.1.4.1.14519.5.2.1.6279.6001.338875090785618956575597613546,outputs/luna16_saliency_synthetic_detector_top5_minprob0.5/1.3.6.1.4.1.14519.5.2.1.6279.6001.338875090785618956575597613546/surface_1.3.6.1.4.1.14519.5.2.1.6279.6001.338875090785618956575597613546.png,outputs/luna16_saliency_synthetic_detector_top5_minprob0.5/1.3.6.1.4.1.14519.5.2.1.6279.6001.338875090785618956575597613546/surface_grid_float_1.3.6.1.4.1.14519.5.2.1.6279.6001.338875090785618956575597613546.npy,0.6079135618479881,0.34525927901268005,0.22082632780075073,0.8823529481887817,82.31245422363281,14.616929054260254,0.8929351001977918,1.1509624516963957,1.2261871099472046,8.25902271270752,33,25,8,82.1550064086914,0.19006968106296326,moderate_review,376
detector_top5,1.3.6.1.4.1.14519.5.2.1.6279.6001.172573195301625265149778785969,outputs/luna16_saliency_synthetic_detector_top5_minprob0.5/1.3.6.1.4.1.14519.5.2.1.6279.6001.172573195301625265149778785969/surface_1.3.6.1.4.1.14519.5.2.1.6279.6001.172573195301625265149778785969.png,outputs/luna16_saliency_synthetic_detector_top5_minprob0.5/1.3.6.1.4.1.14519.5.2.1.6279.6001.172573195301625265149778785969/surface_grid_float_1.3.6.1.4.1.14519.5.2.1.6279.6001.172573195301625265149778785969.npy,0.629855079249877,0.2705647945404053,0.22046995162963867,0.9215686321258545,74.74121856689453,14.342992782592773,0.9339267909526825,1.3604712784290314,1.5143765211105347,11.014087677001953,33,25,8,74.43974304199219,0.18985858635769948,moderate_review,377
detector_top5,1.3.6.1.4.1.14519.5.2.1.6279.6001.227707494413800460340110762069,outputs/luna16_saliency_synthetic_detector_top5_minprob0.5/1.3.6.1.4.1.14519.5.2.1.6279.6001.227707494413800460340110762069/surface_1.3.6.1.4.1.14519.5.2.1.6279.6001.227707494413800460340110762069.png,outputs/luna16_saliency_synthetic_detector_top5_minprob0.5/1.3.6.1.4.1.14519.5.2.1.6279.6001.227707494413800460340110762069/surface_grid_float_1.3.6.1.4.1.14519.5.2.1.6279.6001.227707494413800460340110762069.npy,0.49969435454872346,0.37554243206977844,0.2239709049463272,0.8823529481887817,83.7998275756836,20.39056968688965,0.8401245355606078,0.9613370543718337,0.9935960173606873,9.590751647949219,18,10,8,83.0,0.18981927236384816,moderate_review,378
detector_top5,1.3.6.1.4.1.14519.5.2.1.6279.6001.300392272203629213913702120739,outputs/luna16_saliency_synthetic_detector_top5_minprob0.5/1.3.6.1.4.1.14519.5.2.1.6279.6001.300392272203629213913702120739/surface_1.3.6.1.4.1.14519.5.2.1.6279.6001.300392272203629213913702120739.png,outputs/luna16_saliency_synthetic_detector_top5_minprob0.5/1.3.6.1.4.1.14519.5.2.1.6279.6001.300392272203629213913702120739/surface_grid_float_1.3.6.1.4.1.14519.5.2.1.6279.6001.300392272203629213913702120739.npy,0.6065098291975508,0.33205646276474,0.24745716154575348,0.9450980424880981,78.85926055908203,15.972764015197754,0.9261016190052028,1.2224112057685852,1.3225690126419067,9.115182876586914,33,25,8,78.20526123046875,0.18836039905283186,moderate_review,379
detector_top5,1.3.6.1.4.1.14519.5.2.1.6279.6001.183843376225716802567192412456,outputs/luna16_saliency_synthetic_detector_top5_minprob0.5/1.3.6.1.4.1.14519.5.2.1.6279.6001.183843376225716802567192412456/surface_1.3.6.1.4.1.14519.5.2.1.6279.6001.183843376225716802567192412456.png,outputs/luna16_saliency_synthetic_detector_top5_minprob0.5/1.3.6.1.4.1.14519.5.2.1.6279.6001.183843376225716802567192412456/surface_grid_float_1.3.6.1.4.1.14519.5.2.1.6279.6001.183843376225716802567192412456.npy,0.44744744744744747,0.35617566108703613,0.22743722796440125,0.9019607901573181,79.3544921875,15.853653907775879,0.8751496106386175,1.4120900404453283,1.9767167568206787,6.050385475158691,33,25,8,78.83396911621094,0.18806548924843472,moderate_review,380
detector_top5,1.3.6.1.4.1.14519.5.2.1.6279.6001.616033753016904899083676284739,outputs/luna16_saliency_synthetic_detector_top5_minprob0.5/1.3.6.1.4.1.14519.5.2.1.6279.6001.616033753016904899083676284739/surface_1.3.6.1.4.1.14519.5.2.1.6279.6001.616033753016904899083676284739.png,outputs/luna16_saliency_synthetic_detector_top5_minprob0.5/1.3.6.1.4.1.14519.5.2.1.6279.6001.616033753016904899083676284739/surface_grid_float_1.3.6.1.4.1.14519.5.2.1.6279.6001.616033753016904899083676284739.npy,0.5545555181209992,0.41149604320526123,0.20097613334655762,0.8235294222831726,78.57991027832031,13.425100326538086,1.0877904891967773,1.2463501691818233,1.3253177404403687,8.537827491760254,33,25,8,77.85432434082031,0.187329972187678,moderate_review,381
detector_top5,1.3.6.1.4.1.14519.5.2.1.6279.6001.137375498893536422914241295628,outputs/luna16_saliency_synthetic_detector_top5_minprob0.5/1.3.6.1.4.1.14519.5.2.1.6279.6001.137375498893536422914241295628/surface_1.3.6.1.4.1.14519.5.2.1.6279.6001.137375498893536422914241295628.png,outputs/luna16_saliency_synthetic_detector_top5_minprob0.5/1.3.6.1.4.1.14519.5.2.1.6279.6001.137375498893536422914241295628/surface_grid_float_1.3.6.1.4.1.14519.5.2.1.6279.6001.137375498893536422914241295628.npy,0.6290547610742937,0.32534822821617126,0.23156201839447021,0.9176470637321472,84.0372085571289,16.260339736938477,0.6737149208784103,0.7989568263292313,0.9029842019081116,10.483373641967773,18,10,8,83.95614624023438,0.18732710492279794,moderate_review,382
detector_top5,1.3.6.1.4.1.14519.5.2.1.6279.6001.205615524269596458818376243313,outputs/luna16_saliency_synthetic_detector_top5_minprob0.5/1.3.6.1.4.1.14519.5.2.1.6279.6001.205615524269596458818376243313/surface_1.3.6.1.4.1.14519.5.2.1.6279.6001.205615524269596458818376243313.png,outputs/luna16_saliency_synthetic_detector_top5_minprob0.5/1.3.6.1.4.1.14519.5.2.1.6279.6001.205615524269596458818376243313/surface_grid_float_1.3.6.1.4.1.14519.5.2.1.6279.6001.205615524269596458818376243313.npy,0.4939302389453447,0.33326324820518494,0.23501792550086975,1.0,65.76432800292969,10.0742826461792,0.69577281177044,2.0907970523834223,6.594776153564453,6.3788862228393555,23,15,8,48.0,0.1865064276271396,moderate_review,383
detector_top5,1.3.6.1.4.1.14519.5.2.1.6279.6001.238522526736091851696274044574,outputs/luna16_saliency_synthetic_detector_top5_minprob0.5/1.3.6.1.4.1.14519.5.2.1.6279.6001.238522526736091851696274044574/surface_1.3.6.1.4.1.14519.5.2.1.6279.6001.238522526736091851696274044574.png,outputs/luna16_saliency_synthetic_detector_top5_minprob0.5/1.3.6.1.4.1.14519.5.2.1.6279.6001.238522526736091851696274044574/surface_grid_float_1.3.6.1.4.1.14519.5.2.1.6279.6001.238522526736091851696274044574.npy,0.4168016412914372,0.35646432638168335,0.2506006956100464,0.9529411792755127,71.53558349609375,12.546184539794922,0.9146222472190857,2.04794543981552,4.767540454864502,2.5075695514678955,18,10,8,63.794952392578125,0.18623671246899495,moderate_review,384
detector_top5,1.3.6.1.4.1.14519.5.2.1.6279.6001.257383535269991165447822992959,outputs/luna16_saliency_synthetic_detector_top5_minprob0.5/1.3.6.1.4.1.14519.5.2.1.6279.6001.257383535269991165447822992959/surface_1.3.6.1.4.1.14519.5.2.1.6279.6001.257383535269991165447822992959.png,outputs/luna16_saliency_synthetic_detector_top5_minprob0.5/1.3.6.1.4.1.14519.5.2.1.6279.6001.257383535269991165447822992959/surface_grid_float_1.3.6.1.4.1.14519.5.2.1.6279.6001.257383535269991165447822992959.npy,0.5676629753073146,0.36350226402282715,0.2357303947210312,0.8588235378265381,74.53549194335938,15.678533554077148,0.7676159143447876,1.425511974096295,2.7634904384613037,8.636897087097168,33,25,8,72.85076904296875,0.1861842837664815,moderate_review,385
detector_top5,1.3.6.1.4.1.14519.5.2.1.6279.6001.122914038048856168343065566972,outputs/luna16_saliency_synthetic_detector_top5_minprob0.5/1.3.6.1.4.1.14519.5.2.1.6279.6001.122914038048856168343065566972/surface_1.3.6.1.4.1.14519.5.2.1.6279.6001.122914038048856168343065566972.png,outputs/luna16_saliency_synthetic_detector_top5_minprob0.5/1.3.6.1.4.1.14519.5.2.1.6279.6001.122914038048856168343065566972/surface_grid_float_1.3.6.1.4.1.14519.5.2.1.6279.6001.122914038048856168343065566972.npy,0.5618910694843807,0.35347241163253784,0.22197040915489197,1.0,75.97569274902344,14.275629043579102,0.7341288924217223,1.2678509461879726,1.5740966796875,9.48045825958252,33,25,8,75.83885955810547,0.1857293679886394,moderate_review,386
detector_top5,1.3.6.1.4.1.14519.5.2.1.6279.6001.164988920331211858091402361989,outputs/luna16_saliency_synthetic_detector_top5_minprob0.5/1.3.6.1.4.1.14519.5.2.1.6279.6001.164988920331211858091402361989/surface_1.3.6.1.4.1.14519.5.2.1.6279.6001.164988920331211858091402361989.png,outputs/luna16_saliency_synthetic_detector_top5_minprob0.5/1.3.6.1.4.1.14519.5.2.1.6279.6001.164988920331211858091402361989/surface_grid_float_1.3.6.1.4.1.14519.5.2.1.6279.6001.164988920331211858091402361989.npy,0.6126889503938684,0.31926050782203674,0.23442086577415466,0.9019607901573181,82.88338470458984,14.443009376525879,0.6428555607795715,0.9320386385917668,12.434897422790527,8.762486457824707,23,15,8,75.1245346069336,0.18557232579390207,moderate_review,387
detector_top5,1.3.6.1.4.1.14519.5.2.1.6279.6001.244442540088515471945035689377,outputs/luna16_saliency_synthetic_detector_top5_minprob0.5/1.3.6.1.4.1.14519.5.2.1.6279.6001.244442540088515471945035689377/surface_1.3.6.1.4.1.14519.5.2.1.6279.6001.244442540088515471945035689377.png,outputs/luna16_saliency_synthetic_detector_top5_minprob0.5/1.3.6.1.4.1.14519.5.2.1.6279.6001.244442540088515471945035689377/surface_grid_float_1.3.6.1.4.1.14519.5.2.1.6279.6001.244442540088515471945035689377.npy,0.6023597175771089,0.31867092847824097,0.23663029074668884,0.8823529481887817,84.45701599121094,20.76219940185547,0.8234890222549438,0.8990448176860807,0.976714015007019,7.96211051940918,18,10,8,84.36679077148438,0.1854266167812877,moderate_review,388
detector_top5,1.3.6.1.4.1.14519.5.2.1.6279.6001.203741923654363010377298352671,outputs/luna16_saliency_synthetic_detector_top5_minprob0.5/1.3.6.1.4.1.14519.5.2.1.6279.6001.203741923654363010377298352671/surface_1.3.6.1.4.1.14519.5.2.1.6279.6001.203741923654363010377298352671.png,outputs/luna16_saliency_synthetic_detector_top5_minprob0.5/1.3.6.1.4.1.14519.5.2.1.6279.6001.203741923654363010377298352671/surface_grid_float_1.3.6.1.4.1.14519.5.2.1.6279.6001.203741923654363010377298352671.npy,0.4697657258808338,0.3413405120372772,0.24256373941898346,0.8901960849761963,78.40260314941406,19.374923706054688,0.6667337775230407,1.2082657837867732,1.478518009185791,8.26209831237793,18,10,8,78.02839660644531,0.1852791972345776,moderate_review,389
detector_top5,1.3.6.1.4.1.14519.5.2.1.6279.6001.146987333806092287055399155268,outputs/luna16_saliency_synthetic_detector_top5_minprob0.5/1.3.6.1.4.1.14519.5.2.1.6279.6001.146987333806092287055399155268/surface_1.3.6.1.4.1.14519.5.2.1.6279.6001.146987333806092287055399155268.png,outputs/luna16_saliency_synthetic_detector_top5_minprob0.5/1.3.6.1.4.1.14519.5.2.1.6279.6001.146987333806092287055399155268/surface_grid_float_1.3.6.1.4.1.14519.5.2.1.6279.6001.146987333806092287055399155268.npy,0.6079159188557133,0.33452895283699036,0.25349462032318115,1.0,84.32769775390625,21.1916561126709,0.7701211214065551,0.8484018832445145,0.8775405287742615,8.580794334411621,18,10,8,83.8499984741211,0.18506665127476055,moderate_review,390
detector_top5,1.3.6.1.4.1.14519.5.2.1.6279.6001.569096986145782511000054443951,outputs/luna16_saliency_synthetic_detector_top5_minprob0.5/1.3.6.1.4.1.14519.5.2.1.6279.6001.569096986145782511000054443951/surface_1.3.6.1.4.1.14519.5.2.1.6279.6001.569096986145782511000054443951.png,outputs/luna16_saliency_synthetic_detector_top5_minprob0.5/1.3.6.1.4.1.14519.5.2.1.6279.6001.569096986145782511000054443951/surface_grid_float_1.3.6.1.4.1.14519.5.2.1.6279.6001.569096986145782511000054443951.npy,0.5703276867536795,0.3029731810092926,0.2379615753889084,0.9529411792755127,79.68641662597656,17.781719207763672,0.7981841564178467,0.9212911635637282,0.9528245329856873,10.932342529296875,18,10,8,79.62765502929688,0.18474352379308806,moderate_review,391
detector_top5,1.3.6.1.4.1.14519.5.2.1.6279.6001.126704785377921920210612476953,outputs/luna16_saliency_synthetic_detector_top5_minprob0.5/1.3.6.1.4.1.14519.5.2.1.6279.6001.126704785377921920210612476953/surface_1.3.6.1.4.1.14519.5.2.1.6279.6001.126704785377921920210612476953.png,outputs/luna16_saliency_synthetic_detector_top5_minprob0.5/1.3.6.1.4.1.14519.5.2.1.6279.6001.126704785377921920210612476953/surface_grid_float_1.3.6.1.4.1.14519.5.2.1.6279.6001.126704785377921920210612476953.npy,0.5602346570397112,0.3401249647140503,0.23180542886257172,0.9907450985908486,74.61505126953125,13.602130889892578,0.9768778055906291,1.3527556872367874,1.4677860736846924,8.516530990600586,28,20,8,74.23876953125,0.18386671382321254,moderate_review,392
detector_top5,1.3.6.1.4.1.14519.5.2.1.6279.6001.111258527162678142285870245028,outputs/luna16_saliency_synthetic_detector_top5_minprob0.5/1.3.6.1.4.1.14519.5.2.1.6279.6001.111258527162678142285870245028/surface_1.3.6.1.4.1.14519.5.2.1.6279.6001.111258527162678142285870245028.png,outputs/luna16_saliency_synthetic_detector_top5_minprob0.5/1.3.6.1.4.1.14519.5.2.1.6279.6001.111258527162678142285870245028/surface_grid_float_1.3.6.1.4.1.14519.5.2.1.6279.6001.111258527162678142285870245028.npy,0.4715773115773116,0.32018032670021057,0.24244651198387146,0.9882352948188782,77.83648681640625,17.42412757873535,0.9276744216680526,1.272955929040909,1.380100131034851,6.8972907066345215,23,15,8,77.55986022949219,0.18324346857998106,moderate_review,393
detector_top5,1.3.6.1.4.1.14519.5.2.1.6279.6001.159665703190517688573100822213,outputs/luna16_saliency_synthetic_detector_top5_minprob0.5/1.3.6.1.4.1.14519.5.2.1.6279.6001.159665703190517688573100822213/surface_1.3.6.1.4.1.14519.5.2.1.6279.6001.159665703190517688573100822213.png,outputs/luna16_saliency_synthetic_detector_top5_minprob0.5/1.3.6.1.4.1.14519.5.2.1.6279.6001.159665703190517688573100822213/surface_grid_float_1.3.6.1.4.1.14519.5.2.1.6279.6001.159665703190517688573100822213.npy,0.599737899702953,0.3660665452480316,0.22499330341815948,0.9756078445911361,65.94944763183594,13.574397087097168,1.2004584670066833,1.920381313562393,2.0609207153320312,6.065638065338135,28,20,8,61.0,0.1810063811606831,moderate_review,394
detector_top5,1.3.6.1.4.1.14519.5.2.1.6279.6001.264251211689085893915477907261,outputs/luna16_saliency_synthetic_detector_top5_minprob0.5/1.3.6.1.4.1.14519.5.2.1.6279.6001.264251211689085893915477907261/surface_1.3.6.1.4.1.14519.5.2.1.6279.6001.264251211689085893915477907261.png,outputs/luna16_saliency_synthetic_detector_top5_minprob0.5/1.3.6.1.4.1.14519.5.2.1.6279.6001.264251211689085893915477907261/surface_grid_float_1.3.6.1.4.1.14519.5.2.1.6279.6001.264251211689085893915477907261.npy,0.5306249207757637,0.3206682503223419,0.22878491878509521,0.9215686321258545,80.12489318847656,16.913888931274414,0.7780793607234955,0.8972807163000107,0.985166609287262,8.564584732055664,18,10,8,79.0,0.1794923206521405,moderate_review,395
detector_top5,1.3.6.1.4.1.14519.5.2.1.6279.6001.147325126373007278009743173696,outputs/luna16_saliency_synthetic_detector_top5_minprob0.5/1.3.6.1.4.1.14519.5.2.1.6279.6001.147325126373007278009743173696/surface_1.3.6.1.4.1.14519.5.2.1.6279.6001.147325126373007278009743173696.png,outputs/luna16_saliency_synthetic_detector_top5_minprob0.5/1.3.6.1.4.1.14519.5.2.1.6279.6001.147325126373007278009743173696/surface_grid_float_1.3.6.1.4.1.14519.5.2.1.6279.6001.147325126373007278009743173696.npy,0.5409033298767139,0.3345547616481781,0.22816823422908783,0.9019607901573181,78.44282531738281,16.299312591552734,0.9059169322252272,1.1174404275417325,1.1765469312667847,6.0772294998168945,18,10,8,78.37918090820312,0.17776620946592755,moderate_review,396
detector_top5,1.3.6.1.4.1.14519.5.2.1.6279.6001.965620538050807352935663552285,outputs/luna16_saliency_synthetic_detector_top5_minprob0.5/1.3.6.1.4.1.14519.5.2.1.6279.6001.965620538050807352935663552285/surface_1.3.6.1.4.1.14519.5.2.1.6279.6001.965620538050807352935663552285.png,outputs/luna16_saliency_synthetic_detector_top5_minprob0.5/1.3.6.1.4.1.14519.5.2.1.6279.6001.965620538050807352935663552285/surface_grid_float_1.3.6.1.4.1.14519.5.2.1.6279.6001.965620538050807352935663552285.npy,0.5060140919026511,0.3283807337284088,0.21629920601844788,0.8769803994893925,81.07275390625,19.379138946533203,0.6783393919467926,0.8163774490356448,0.8562981486320496,8.07121467590332,33,25,8,80.99722290039062,0.17754861259460453,moderate_review,397
detector_top5,1.3.6.1.4.1.14519.5.2.1.6279.6001.170921541362033046216100409521,outputs/luna16_saliency_synthetic_detector_top5_minprob0.5/1.3.6.1.4.1.14519.5.2.1.6279.6001.170921541362033046216100409521/surface_1.3.6.1.4.1.14519.5.2.1.6279.6001.170921541362033046216100409521.png,outputs/luna16_saliency_synthetic_detector_top5_minprob0.5/1.3.6.1.4.1.14519.5.2.1.6279.6001.170921541362033046216100409521/surface_grid_float_1.3.6.1.4.1.14519.5.2.1.6279.6001.170921541362033046216100409521.npy,0.2673940089960762,0.3553835451602936,0.2398255467414856,1.0,48.980865478515625,8.151546478271484,0.6332060396671292,1.281028013229366,10.597891807556152,4.3913726806640625,33,25,8,40.8758544921875,0.17702764558225187,moderate_review,398
detector_top5,1.3.6.1.4.1.14519.5.2.1.6279.6001.113586291551175790743673929831,outputs/luna16_saliency_synthetic_detector_top5_minprob0.5/1.3.6.1.4.1.14519.5.2.1.6279.6001.113586291551175790743673929831/surface_1.3.6.1.4.1.14519.5.2.1.6279.6001.113586291551175790743673929831.png,outputs/luna16_saliency_synthetic_detector_top5_minprob0.5/1.3.6.1.4.1.14519.5.2.1.6279.6001.113586291551175790743673929831/surface_grid_float_1.3.6.1.4.1.14519.5.2.1.6279.6001.113586291551175790743673929831.npy,0.5427431940350269,0.35689064860343933,0.20990267395973206,0.9333333373069763,81.12959289550781,18.367055892944336,0.69545718729496,0.7630495983362198,0.7831745743751526,8.500300407409668,18,10,8,81.02095794677734,0.17699703257017665,moderate_review,399
detector_top5,1.3.6.1.4.1.14519.5.2.1.6279.6001.147250707071097813243473865421,outputs/luna16_saliency_synthetic_detector_top5_minprob0.5/1.3.6.1.4.1.14519.5.2.1.6279.6001.147250707071097813243473865421/surface_1.3.6.1.4.1.14519.5.2.1.6279.6001.147250707071097813243473865421.png,outputs/luna16_saliency_synthetic_detector_top5_minprob0.5/1.3.6.1.4.1.14519.5.2.1.6279.6001.147250707071097813243473865421/surface_grid_float_1.3.6.1.4.1.14519.5.2.1.6279.6001.147250707071097813243473865421.npy,0.4464891041162228,0.35329943895339966,0.2213539183139801,0.9333333373069763,76.33644104003906,17.79015350341797,0.8543614715337751,0.9756316661834721,1.0622868537902832,8.479433059692383,18,10,8,76.21780395507812,0.1753395362959968,moderate_review,400
detector_top5,1.3.6.1.4.1.14519.5.2.1.6279.6001.154677396354641150280013275227,outputs/luna16_saliency_synthetic_detector_top5_minprob0.5/1.3.6.1.4.1.14519.5.2.1.6279.6001.154677396354641150280013275227/surface_1.3.6.1.4.1.14519.5.2.1.6279.6001.154677396354641150280013275227.png,outputs/luna16_saliency_synthetic_detector_top5_minprob0.5/1.3.6.1.4.1.14519.5.2.1.6279.6001.154677396354641150280013275227/surface_grid_float_1.3.6.1.4.1.14519.5.2.1.6279.6001.154677396354641150280013275227.npy,0.4259746287128713,0.387787789106369,0.26214370131492615,1.0,70.11245727539062,17.448728561401367,0.8873272866010665,1.4143100678920744,1.7646489143371582,6.804961681365967,23,15,8,69.36105346679688,0.17440553456544874,moderate_review,401
detector_top5,1.3.6.1.4.1.14519.5.2.1.6279.6001.149463915556499304732434215056,outputs/luna16_saliency_synthetic_detector_top5_minprob0.5/1.3.6.1.4.1.14519.5.2.1.6279.6001.149463915556499304732434215056/surface_1.3.6.1.4.1.14519.5.2.1.6279.6001.149463915556499304732434215056.png,outputs/luna16_saliency_synthetic_detector_top5_minprob0.5/1.3.6.1.4.1.14519.5.2.1.6279.6001.149463915556499304732434215056/surface_grid_float_1.3.6.1.4.1.14519.5.2.1.6279.6001.149463915556499304732434215056.npy,0.6265007276255155,0.32671916484832764,0.22224153578281403,0.8941176533699036,73.27055358886719,16.75689697265625,0.675712305307388,0.9654527378082279,1.038252353668213,10.268017768859863,23,15,8,73.04447174072266,0.17389898871315854,moderate_review,402
detector_top5,1.3.6.1.4.1.14519.5.2.1.6279.6001.212346425055214308006918165305,outputs/luna16_saliency_synthetic_detector_top5_minprob0.5/1.3.6.1.4.1.14519.5.2.1.6279.6001.212346425055214308006918165305/surface_1.3.6.1.4.1.14519.5.2.1.6279.6001.212346425055214308006918165305.png,outputs/luna16_saliency_synthetic_detector_top5_minprob0.5/1.3.6.1.4.1.14519.5.2.1.6279.6001.212346425055214308006918165305/surface_grid_float_1.3.6.1.4.1.14519.5.2.1.6279.6001.212346425055214308006918165305.npy,0.6141516245487365,0.37438514828681946,0.23109719157218933,1.0,73.74457550048828,14.679240226745605,0.6659418165683741,0.9154163938760761,1.5127615928649902,10.4247465133667,23,15,8,73.45755004882812,0.17353622101346652,moderate_review,403
detector_top5,1.3.6.1.4.1.14519.5.2.1.6279.6001.230078008964732806419498631442,outputs/luna16_saliency_synthetic_detector_top5_minprob0.5/1.3.6.1.4.1.14519.5.2.1.6279.6001.230078008964732806419498631442/surface_1.3.6.1.4.1.14519.5.2.1.6279.6001.230078008964732806419498631442.png,outputs/luna16_saliency_synthetic_detector_top5_minprob0.5/1.3.6.1.4.1.14519.5.2.1.6279.6001.230078008964732806419498631442/surface_grid_float_1.3.6.1.4.1.14519.5.2.1.6279.6001.230078008964732806419498631442.npy,0.5692510887413437,0.32326212525367737,0.24074764549732208,0.9490196108818054,67.45433044433594,13.615781784057617,0.6964611381292343,1.3582358300685826,2.601020336151123,9.055514335632324,23,15,8,66.0,0.17329432416624474,moderate_review,404
detector_top5,1.3.6.1.4.1.14519.5.2.1.6279.6001.307921770358136677021532761235,outputs/luna16_saliency_synthetic_detector_top5_minprob0.5/1.3.6.1.4.1.14519.5.2.1.6279.6001.307921770358136677021532761235/surface_1.3.6.1.4.1.14519.5.2.1.6279.6001.307921770358136677021532761235.png,outputs/luna16_saliency_synthetic_detector_top5_minprob0.5/1.3.6.1.4.1.14519.5.2.1.6279.6001.307921770358136677021532761235/surface_grid_float_1.3.6.1.4.1.14519.5.2.1.6279.6001.307921770358136677021532761235.npy,0.5770336329848588,0.3861658573150635,0.2220730036497116,0.9176470637321472,74.4482650756836,16.515674591064453,0.6851381659507751,0.9420921075344085,1.0399872064590454,9.419382095336914,23,15,8,74.31263732910156,0.17327516523069805,moderate_review,405
detector_top5,1.3.6.1.4.1.14519.5.2.1.6279.6001.237428977311365557972720635401,outputs/luna16_saliency_synthetic_detector_top5_minprob0.5/1.3.6.1.4.1.14519.5.2.1.6279.6001.237428977311365557972720635401/surface_1.3.6.1.4.1.14519.5.2.1.6279.6001.237428977311365557972720635401.png,outputs/luna16_saliency_synthetic_detector_top5_minprob0.5/1.3.6.1.4.1.14519.5.2.1.6279.6001.237428977311365557972720635401/surface_grid_float_1.3.6.1.4.1.14519.5.2.1.6279.6001.237428977311365557972720635401.npy,0.5986038394415357,0.407878577709198,0.24571943283081055,1.0,75.92842102050781,17.162994384765625,0.7377811253070831,0.8132518315315248,0.8298529386520386,9.845038414001465,18,10,8,75.84945678710938,0.17282278645568425,moderate_review,406
detector_top5,1.3.6.1.4.1.14519.5.2.1.6279.6001.652347820272212119124022644822,outputs/luna16_saliency_synthetic_detector_top5_minprob0.5/1.3.6.1.4.1.14519.5.2.1.6279.6001.652347820272212119124022644822/surface_1.3.6.1.4.1.14519.5.2.1.6279.6001.652347820272212119124022644822.png,outputs/luna16_saliency_synthetic_detector_top5_minprob0.5/1.3.6.1.4.1.14519.5.2.1.6279.6001.652347820272212119124022644822/surface_grid_float_1.3.6.1.4.1.14519.5.2.1.6279.6001.652347820272212119124022644822.npy,0.5468909276248726,0.349460244178772,0.2543164789676666,0.9764705896377563,76.7522964477539,17.488094329833984,0.6026908338069914,0.6688111114501953,0.6906371116638184,11.07751750946045,18,10,8,76.50918579101562,0.17260153299967446,moderate_review,407
detector_top5,1.3.6.1.4.1.14519.5.2.1.6279.6001.283569726884265181140892667131,outputs/luna16_saliency_synthetic_detector_top5_minprob0.5/1.3.6.1.4.1.14519.5.2.1.6279.6001.283569726884265181140892667131/surface_1.3.6.1.4.1.14519.5.2.1.6279.6001.283569726884265181140892667131.png,outputs/luna16_saliency_synthetic_detector_top5_minprob0.5/1.3.6.1.4.1.14519.5.2.1.6279.6001.283569726884265181140892667131/surface_grid_float_1.3.6.1.4.1.14519.5.2.1.6279.6001.283569726884265181140892667131.npy,0.5736010918307662,0.3533635139465332,0.2362685352563858,0.929411768913269,71.39129638671875,13.25505542755127,0.8311329126358029,1.1615429449081451,1.3362863063812256,7.817081928253174,28,20,8,70.84904479980469,0.17120307549900488,moderate_review,408
detector_top5,1.3.6.1.4.1.14519.5.2.1.6279.6001.194246472548954252250399902051,outputs/luna16_saliency_synthetic_detector_top5_minprob0.5/1.3.6.1.4.1.14519.5.2.1.6279.6001.194246472548954252250399902051/surface_1.3.6.1.4.1.14519.5.2.1.6279.6001.194246472548954252250399902051.png,outputs/luna16_saliency_synthetic_detector_top5_minprob0.5/1.3.6.1.4.1.14519.5.2.1.6279.6001.194246472548954252250399902051/surface_grid_float_1.3.6.1.4.1.14519.5.2.1.6279.6001.194246472548954252250399902051.npy,0.4292810947605211,0.32765457034111023,0.23145554959774017,0.9019607901573181,65.34854125976562,16.64751625061035,0.69734970331192,1.532459545135483,2.7796664237976074,6.175692081451416,18,10,8,56.36016845703125,0.16861178196801035,moderate_review,409
detector_top5,1.3.6.1.4.1.14519.5.2.1.6279.6001.224465398054769500989828256685,outputs/luna16_saliency_synthetic_detector_top5_minprob0.5/1.3.6.1.4.1.14519.5.2.1.6279.6001.224465398054769500989828256685/surface_1.3.6.1.4.1.14519.5.2.1.6279.6001.224465398054769500989828256685.png,outputs/luna16_saliency_synthetic_detector_top5_minprob0.5/1.3.6.1.4.1.14519.5.2.1.6279.6001.224465398054769500989828256685/surface_grid_float_1.3.6.1.4.1.14519.5.2.1.6279.6001.224465398054769500989828256685.npy,0.5540405020703933,0.4111891984939575,0.24517373740673065,0.9705098056793339,72.35892486572266,13.436125755310059,0.7234065622091294,0.970444785952567,1.2177115678787231,8.484676361083984,33,25,8,72.25492858886719,0.16856638804607918,moderate_review,410
detector_top5,1.3.6.1.4.1.14519.5.2.1.6279.6001.124154461048929153767743874565,outputs/luna16_saliency_synthetic_detector_top5_minprob0.5/1.3.6.1.4.1.14519.5.2.1.6279.6001.124154461048929153767743874565/surface_1.3.6.1.4.1.14519.5.2.1.6279.6001.124154461048929153767743874565.png,outputs/luna16_saliency_synthetic_detector_top5_minprob0.5/1.3.6.1.4.1.14519.5.2.1.6279.6001.124154461048929153767743874565/surface_grid_float_1.3.6.1.4.1.14519.5.2.1.6279.6001.124154461048929153767743874565.npy,0.1546560694825679,0.4315650761127472,0.23507548868656158,0.9607843160629272,23.754714965820312,5.598552227020264,0.31299522221088405,0.3794530016183854,0.40002959966659546,2.6155357360839844,13,5,8,0.0,0.1684121864468126,moderate_review,411
detector_top5,1.3.6.1.4.1.14519.5.2.1.6279.6001.197987940182806628828566429132,outputs/luna16_saliency_synthetic_detector_top5_minprob0.5/1.3.6.1.4.1.14519.5.2.1.6279.6001.197987940182806628828566429132/surface_1.3.6.1.4.1.14519.5.2.1.6279.6001.197987940182806628828566429132.png,outputs/luna16_saliency_synthetic_detector_top5_minprob0.5/1.3.6.1.4.1.14519.5.2.1.6279.6001.197987940182806628828566429132/surface_grid_float_1.3.6.1.4.1.14519.5.2.1.6279.6001.197987940182806628828566429132.npy,0.6075164845406463,0.3637107014656067,0.2522957921028137,1.0,54.75810241699219,11.23388957977295,0.7944397509098052,2.1856657981872547,5.121788501739502,5.033674716949463,18,10,8,31.0,0.16801942178938117,moderate_review,412
detector_top5,1.3.6.1.4.1.14519.5.2.1.6279.6001.254929810944557499537650429296,outputs/luna16_saliency_synthetic_detector_top5_minprob0.5/1.3.6.1.4.1.14519.5.2.1.6279.6001.254929810944557499537650429296/surface_1.3.6.1.4.1.14519.5.2.1.6279.6001.254929810944557499537650429296.png,outputs/luna16_saliency_synthetic_detector_top5_minprob0.5/1.3.6.1.4.1.14519.5.2.1.6279.6001.254929810944557499537650429296/surface_grid_float_1.3.6.1.4.1.14519.5.2.1.6279.6001.254929810944557499537650429296.npy,0.5364109868319997,0.38872262835502625,0.22195200622081757,0.9215686321258545,74.11701965332031,13.721321105957031,0.6852317929267883,0.7694901943206788,0.7951392531394958,9.541913986206055,18,10,8,74.07066345214844,0.16781732522116766,moderate_review,413
detector_top5,1.3.6.1.4.1.14519.5.2.1.6279.6001.141511313712034597336182402384,outputs/luna16_saliency_synthetic_detector_top5_minprob0.5/1.3.6.1.4.1.14519.5.2.1.6279.6001.141511313712034597336182402384/surface_1.3.6.1.4.1.14519.5.2.1.6279.6001.141511313712034597336182402384.png,outputs/luna16_saliency_synthetic_detector_top5_minprob0.5/1.3.6.1.4.1.14519.5.2.1.6279.6001.141511313712034597336182402384/surface_grid_float_1.3.6.1.4.1.14519.5.2.1.6279.6001.141511313712034597336182402384.npy,0.6435683804104857,0.3143361806869507,0.24361301958560944,0.9607843160629272,69.34798431396484,14.074811935424805,0.7625439763069153,1.0887423992156982,1.2972848415374756,8.758837699890137,33,25,8,69.23192596435547,0.16770632961061266,moderate_review,414
detector_top5,1.3.6.1.4.1.14519.5.2.1.6279.6001.278010349511857248000260557753,outputs/luna16_saliency_synthetic_detector_top5_minprob0.5/1.3.6.1.4.1.14519.5.2.1.6279.6001.278010349511857248000260557753/surface_1.3.6.1.4.1.14519.5.2.1.6279.6001.278010349511857248000260557753.png,outputs/luna16_saliency_synthetic_detector_top5_minprob0.5/1.3.6.1.4.1.14519.5.2.1.6279.6001.278010349511857248000260557753/surface_grid_float_1.3.6.1.4.1.14519.5.2.1.6279.6001.278010349511857248000260557753.npy,0.5823255688120553,0.3398924767971039,0.21685850620269775,0.9529411792755127,70.31137084960938,12.797154426574707,0.8597832918167114,1.2016366124153137,1.3467626571655273,5.902681350708008,18,10,8,70.04176330566406,0.16635178612338172,moderate_review,415
detector_top5,1.3.6.1.4.1.14519.5.2.1.6279.6001.321935195060268166151738328001,outputs/luna16_saliency_synthetic_detector_top5_minprob0.5/1.3.6.1.4.1.14519.5.2.1.6279.6001.321935195060268166151738328001/surface_1.3.6.1.4.1.14519.5.2.1.6279.6001.321935195060268166151738328001.png,outputs/luna16_saliency_synthetic_detector_top5_minprob0.5/1.3.6.1.4.1.14519.5.2.1.6279.6001.321935195060268166151738328001/surface_grid_float_1.3.6.1.4.1.14519.5.2.1.6279.6001.321935195060268166151738328001.npy,0.6037604629790616,0.32102498412132263,0.23445338010787964,1.0,76.49433135986328,17.232807159423828,0.5899223208427429,0.6356090533733367,0.6686561107635498,8.790727615356445,18,10,8,76.35932922363281,0.16609377412398657,moderate_review,416
detector_top5,1.3.6.1.4.1.14519.5.2.1.6279.6001.252697338970999211181671881792,outputs/luna16_saliency_synthetic_detector_top5_minprob0.5/1.3.6.1.4.1.14519.5.2.1.6279.6001.252697338970999211181671881792/surface_1.3.6.1.4.1.14519.5.2.1.6279.6001.252697338970999211181671881792.png,outputs/luna16_saliency_synthetic_detector_top5_minprob0.5/1.3.6.1.4.1.14519.5.2.1.6279.6001.252697338970999211181671881792/surface_grid_float_1.3.6.1.4.1.14519.5.2.1.6279.6001.252697338970999211181671881792.npy,0.512349928637394,0.36223044991493225,0.21729998290538788,0.929411768913269,68.9623031616211,14.017385482788086,0.8482678055763244,1.199178681373596,1.3095542192459106,6.762507915496826,18,10,8,68.68865966796875,0.16594032774501374,moderate_review,417
detector_top5,1.3.6.1.4.1.14519.5.2.1.6279.6001.232071262560365924176679652948,outputs/luna16_saliency_synthetic_detector_top5_minprob0.5/1.3.6.1.4.1.14519.5.2.1.6279.6001.232071262560365924176679652948/surface_1.3.6.1.4.1.14519.5.2.1.6279.6001.232071262560365924176679652948.png,outputs/luna16_saliency_synthetic_detector_top5_minprob0.5/1.3.6.1.4.1.14519.5.2.1.6279.6001.232071262560365924176679652948/surface_grid_float_1.3.6.1.4.1.14519.5.2.1.6279.6001.232071262560365924176679652948.npy,0.41462765451814676,0.4449642300605774,0.2483949214220047,1.0,75.10293579101562,17.63037109375,0.6894059062004088,0.7673468732833861,0.7877151966094971,7.963598728179932,18,10,8,74.97691345214844,0.16588885191281635,moderate_review,418
detector_top5,1.3.6.1.4.1.14519.5.2.1.6279.6001.603126300703296693942875967838,outputs/luna16_saliency_synthetic_detector_top5_minprob0.5/1.3.6.1.4.1.14519.5.2.1.6279.6001.603126300703296693942875967838/surface_1.3.6.1.4.1.14519.5.2.1.6279.6001.603126300703296693942875967838.png,outputs/luna16_saliency_synthetic_detector_top5_minprob0.5/1.3.6.1.4.1.14519.5.2.1.6279.6001.603126300703296693942875967838/surface_grid_float_1.3.6.1.4.1.14519.5.2.1.6279.6001.603126300703296693942875967838.npy,0.5751344138770064,0.32639336585998535,0.24384577572345734,1.0,62.54795455932617,9.93883228302002,0.8294266402721382,1.5095481109619147,18.119321823120117,6.895182132720947,33,25,8,53.395111083984375,0.16485566122266984,moderate_review,419
detector_top5,1.3.6.1.4.1.14519.5.2.1.6279.6001.167500254299688235071950909530,outputs/luna16_saliency_synthetic_detector_top5_minprob0.5/1.3.6.1.4.1.14519.5.2.1.6279.6001.167500254299688235071950909530/surface_1.3.6.1.4.1.14519.5.2.1.6279.6001.167500254299688235071950909530.png,outputs/luna16_saliency_synthetic_detector_top5_minprob0.5/1.3.6.1.4.1.14519.5.2.1.6279.6001.167500254299688235071950909530/surface_grid_float_1.3.6.1.4.1.14519.5.2.1.6279.6001.167500254299688235071950909530.npy,0.6378998465871362,0.2936011254787445,0.22439156472682953,0.886274516582489,70.69425201416016,13.275978088378906,0.7845945507287979,0.9559349030256272,1.0101970434188843,7.433206081390381,23,15,8,70.0,0.16302003618412547,moderate_review,420
detector_top5,1.3.6.1.4.1.14519.5.2.1.6279.6001.295420274214095686326263147663,outputs/luna16_saliency_synthetic_detector_top5_minprob0.5/1.3.6.1.4.1.14519.5.2.1.6279.6001.295420274214095686326263147663/surface_1.3.6.1.4.1.14519.5.2.1.6279.6001.295420274214095686326263147663.png,outputs/luna16_saliency_synthetic_detector_top5_minprob0.5/1.3.6.1.4.1.14519.5.2.1.6279.6001.295420274214095686326263147663/surface_grid_float_1.3.6.1.4.1.14519.5.2.1.6279.6001.295420274214095686326263147663.npy,0.5536077601265953,0.3701568841934204,0.23359495401382446,0.9647058844566345,69.35612487792969,12.901350021362305,1.004355013370514,1.3303219747543331,1.4601686000823975,3.282711982727051,18,10,8,69.23016357421875,0.16279811622301738,moderate_review,421
detector_top5,1.3.6.1.4.1.14519.5.2.1.6279.6001.109882169963817627559804568094,outputs/luna16_saliency_synthetic_detector_top5_minprob0.5/1.3.6.1.4.1.14519.5.2.1.6279.6001.109882169963817627559804568094/surface_1.3.6.1.4.1.14519.5.2.1.6279.6001.109882169963817627559804568094.png,outputs/luna16_saliency_synthetic_detector_top5_minprob0.5/1.3.6.1.4.1.14519.5.2.1.6279.6001.109882169963817627559804568094/surface_grid_float_1.3.6.1.4.1.14519.5.2.1.6279.6001.109882169963817627559804568094.npy,0.6031664262655402,0.32652270793914795,0.23010846972465515,1.0,68.65129089355469,17.744840621948242,0.6271159499883652,1.0359219491481781,1.2590492963790894,7.341341495513916,18,10,8,67.0,0.16181056884262296,moderate_review,422
detector_top5,1.3.6.1.4.1.14519.5.2.1.6279.6001.910435939545691201820711078950,outputs/luna16_saliency_synthetic_detector_top5_minprob0.5/1.3.6.1.4.1.14519.5.2.1.6279.6001.910435939545691201820711078950/surface_1.3.6.1.4.1.14519.5.2.1.6279.6001.910435939545691201820711078950.png,outputs/luna16_saliency_synthetic_detector_top5_minprob0.5/1.3.6.1.4.1.14519.5.2.1.6279.6001.910435939545691201820711078950/surface_grid_float_1.3.6.1.4.1.14519.5.2.1.6279.6001.910435939545691201820711078950.npy,0.6368272611366534,0.35532116889953613,0.22673402726650238,0.9098039269447327,62.33746337890625,11.335684776306152,0.9233897030353546,1.3150047838687895,2.0320167541503906,7.167586326599121,33,25,8,61.441162109375,0.1592738854289055,moderate_review,423
detector_top5,1.3.6.1.4.1.14519.5.2.1.6279.6001.242624386080831911167122628616,outputs/luna16_saliency_synthetic_detector_top5_minprob0.5/1.3.6.1.4.1.14519.5.2.1.6279.6001.242624386080831911167122628616/surface_1.3.6.1.4.1.14519.5.2.1.6279.6001.242624386080831911167122628616.png,outputs/luna16_saliency_synthetic_detector_top5_minprob0.5/1.3.6.1.4.1.14519.5.2.1.6279.6001.242624386080831911167122628616/surface_grid_float_1.3.6.1.4.1.14519.5.2.1.6279.6001.242624386080831911167122628616.npy,0.5659627124236924,0.3197707235813141,0.23846517503261566,1.0,61.12223815917969,12.776159286499023,0.9322867244482036,1.4986561810970296,1.69743812084198,5.317605972290039,18,10,8,59.0,0.15864698452552156,moderate_review,424
detector_top5,1.3.6.1.4.1.14519.5.2.1.6279.6001.183924380327950237519832859527,outputs/luna16_saliency_synthetic_detector_top5_minprob0.5/1.3.6.1.4.1.14519.5.2.1.6279.6001.183924380327950237519832859527/surface_1.3.6.1.4.1.14519.5.2.1.6279.6001.183924380327950237519832859527.png,outputs/luna16_saliency_synthetic_detector_top5_minprob0.5/1.3.6.1.4.1.14519.5.2.1.6279.6001.183924380327950237519832859527/surface_grid_float_1.3.6.1.4.1.14519.5.2.1.6279.6001.183924380327950237519832859527.npy,0.49834633832056696,0.3855595886707306,0.19837744534015656,0.8313725590705872,67.5217056274414,13.842345237731934,0.7815240979194644,1.0946674776077265,1.1940639019012451,5.57417106628418,18,10,8,66.88485717773438,0.15857452451785406,moderate_review,425
detector_top5,1.3.6.1.4.1.14519.5.2.1.6279.6001.320967206808467952819309001585,outputs/luna16_saliency_synthetic_detector_top5_minprob0.5/1.3.6.1.4.1.14519.5.2.1.6279.6001.320967206808467952819309001585/surface_1.3.6.1.4.1.14519.5.2.1.6279.6001.320967206808467952819309001585.png,outputs/luna16_saliency_synthetic_detector_top5_minprob0.5/1.3.6.1.4.1.14519.5.2.1.6279.6001.320967206808467952819309001585/surface_grid_float_1.3.6.1.4.1.14519.5.2.1.6279.6001.320967206808467952819309001585.npy,0.5619638242894057,0.36174076795578003,0.22545036673545837,0.9019607901573181,54.243019104003906,10.964314460754395,1.0258983314037298,1.766060972213746,2.455418586730957,6.724353313446045,33,25,8,53.57582473754883,0.15832986836963234,moderate_review,426
detector_top5,1.3.6.1.4.1.14519.5.2.1.6279.6001.337005960787660957389988207064,outputs/luna16_saliency_synthetic_detector_top5_minprob0.5/1.3.6.1.4.1.14519.5.2.1.6279.6001.337005960787660957389988207064/surface_1.3.6.1.4.1.14519.5.2.1.6279.6001.337005960787660957389988207064.png,outputs/luna16_saliency_synthetic_detector_top5_minprob0.5/1.3.6.1.4.1.14519.5.2.1.6279.6001.337005960787660957389988207064/surface_grid_float_1.3.6.1.4.1.14519.5.2.1.6279.6001.337005960787660957389988207064.npy,0.5336845802599227,0.35208016633987427,0.2345806062221527,0.9647058844566345,67.69837188720703,13.8241605758667,0.729430550336838,0.9325283360481258,1.032956838607788,6.987585067749023,33,25,8,67.0,0.1563344367106755,moderate_review,427
detector_top5,1.3.6.1.4.1.14519.5.2.1.6279.6001.334517907433161353885866806005,outputs/luna16_saliency_synthetic_detector_top5_minprob0.5/1.3.6.1.4.1.14519.5.2.1.6279.6001.334517907433161353885866806005/surface_1.3.6.1.4.1.14519.5.2.1.6279.6001.334517907433161353885866806005.png,outputs/luna16_saliency_synthetic_detector_top5_minprob0.5/1.3.6.1.4.1.14519.5.2.1.6279.6001.334517907433161353885866806005/surface_grid_float_1.3.6.1.4.1.14519.5.2.1.6279.6001.334517907433161353885866806005.npy,0.5728699167494604,0.37785619497299194,0.22367550432682037,0.8901960849761963,61.05717468261719,12.760699272155762,0.8410843789577478,1.2265669798851007,1.367483139038086,7.290553569793701,28,20,8,60.654449462890625,0.1547601973560121,moderate_review,428
detector_top5,1.3.6.1.4.1.14519.5.2.1.6279.6001.212608679077007918190529579976,outputs/luna16_saliency_synthetic_detector_top5_minprob0.5/1.3.6.1.4.1.14519.5.2.1.6279.6001.212608679077007918190529579976/surface_1.3.6.1.4.1.14519.5.2.1.6279.6001.212608679077007918190529579976.png,outputs/luna16_saliency_synthetic_detector_top5_minprob0.5/1.3.6.1.4.1.14519.5.2.1.6279.6001.212608679077007918190529579976/surface_grid_float_1.3.6.1.4.1.14519.5.2.1.6279.6001.212608679077007918190529579976.npy,0.39255478087649404,0.47360849380493164,0.20549510419368744,0.9137254953384399,70.21438598632812,16.389564514160156,0.6506786346435547,0.7072105991840363,0.7551877498626709,7.380411624908447,18,10,8,70.10955047607422,0.15464120934142006,moderate_review,429
detector_top5,1.3.6.1.4.1.14519.5.2.1.6279.6001.222052723822248889877676736332,outputs/luna16_saliency_synthetic_detector_top5_minprob0.5/1.3.6.1.4.1.14519.5.2.1.6279.6001.222052723822248889877676736332/surface_1.3.6.1.4.1.14519.5.2.1.6279.6001.222052723822248889877676736332.png,outputs/luna16_saliency_synthetic_detector_top5_minprob0.5/1.3.6.1.4.1.14519.5.2.1.6279.6001.222052723822248889877676736332/surface_grid_float_1.3.6.1.4.1.14519.5.2.1.6279.6001.222052723822248889877676736332.npy,0.5856134684967554,0.3417413830757141,0.22724364697933197,1.0,69.14592742919922,16.591060638427734,0.5201376795768736,0.7300970822572708,0.8033541440963745,7.871860980987549,18,10,8,69.08645629882812,0.15463914925191138,moderate_review,430
detector_top5,1.3.6.1.4.1.14519.5.2.1.6279.6001.463588161905537526756964393219,outputs/luna16_saliency_synthetic_detector_top5_minprob0.5/1.3.6.1.4.1.14519.5.2.1.6279.6001.463588161905537526756964393219/surface_1.3.6.1.4.1.14519.5.2.1.6279.6001.463588161905537526756964393219.png,outputs/luna16_saliency_synthetic_detector_top5_minprob0.5/1.3.6.1.4.1.14519.5.2.1.6279.6001.463588161905537526756964393219/surface_grid_float_1.3.6.1.4.1.14519.5.2.1.6279.6001.463588161905537526756964393219.npy,0.5701970443349754,0.3381122350692749,0.22633181512355804,0.8980392217636108,57.171112060546875,11.769859313964844,0.9483769237995148,1.6519887089729306,6.259814262390137,4.302661895751953,28,20,8,51.0,0.1544063189162148,moderate_review,431
detector_top5,1.3.6.1.4.1.14519.5.2.1.6279.6001.725236073737175770730904408416,outputs/luna16_saliency_synthetic_detector_top5_minprob0.5/1.3.6.1.4.1.14519.5.2.1.6279.6001.725236073737175770730904408416/surface_1.3.6.1.4.1.14519.5.2.1.6279.6001.725236073737175770730904408416.png,outputs/luna16_saliency_synthetic_detector_top5_minprob0.5/1.3.6.1.4.1.14519.5.2.1.6279.6001.725236073737175770730904408416/surface_grid_float_1.3.6.1.4.1.14519.5.2.1.6279.6001.725236073737175770730904408416.npy,0.5522085298443126,0.3185514211654663,0.22184444963932037,0.8705882430076599,68.16663360595703,15.047819137573242,0.5473168194293976,0.711788222193718,0.7986677885055542,8.132316589355469,18,10,8,68.07255554199219,0.1530365173187521,moderate_review,432
detector_top5,1.3.6.1.4.1.14519.5.2.1.6279.6001.328695385904874796172316226975,outputs/luna16_saliency_synthetic_detector_top5_minprob0.5/1.3.6.1.4.1.14519.5.2.1.6279.6001.328695385904874796172316226975/surface_1.3.6.1.4.1.14519.5.2.1.6279.6001.328695385904874796172316226975.png,outputs/luna16_saliency_synthetic_detector_top5_minprob0.5/1.3.6.1.4.1.14519.5.2.1.6279.6001.328695385904874796172316226975/surface_grid_float_1.3.6.1.4.1.14519.5.2.1.6279.6001.328695385904874796172316226975.npy,0.4193413729128015,0.342456191778183,0.2290610373020172,0.8745098114013672,57.21553039550781,10.13291072845459,0.6326047092676161,1.5755692243576045,2.9483742713928223,4.575925827026367,18,10,8,54.28330993652344,0.15279501811663307,moderate_review,433
detector_top5,1.3.6.1.4.1.14519.5.2.1.6279.6001.325164338773720548739146851679,outputs/luna16_saliency_synthetic_detector_top5_minprob0.5/1.3.6.1.4.1.14519.5.2.1.6279.6001.325164338773720548739146851679/surface_1.3.6.1.4.1.14519.5.2.1.6279.6001.325164338773720548739146851679.png,outputs/luna16_saliency_synthetic_detector_top5_minprob0.5/1.3.6.1.4.1.14519.5.2.1.6279.6001.325164338773720548739146851679/surface_grid_float_1.3.6.1.4.1.14519.5.2.1.6279.6001.325164338773720548739146851679.npy,0.5568852288126759,0.3716578781604767,0.22531020641326904,0.9529411792755127,67.04210662841797,16.00321388244629,0.6243618726730347,0.7288938164710999,0.7422916293144226,8.556755065917969,18,10,8,66.84393310546875,0.15261867013242508,moderate_review,434
detector_top5,1.3.6.1.4.1.14519.5.2.1.6279.6001.293757615532132808762625441831,outputs/luna16_saliency_synthetic_detector_top5_minprob0.5/1.3.6.1.4.1.14519.5.2.1.6279.6001.293757615532132808762625441831/surface_1.3.6.1.4.1.14519.5.2.1.6279.6001.293757615532132808762625441831.png,outputs/luna16_saliency_synthetic_detector_top5_minprob0.5/1.3.6.1.4.1.14519.5.2.1.6279.6001.293757615532132808762625441831/surface_grid_float_1.3.6.1.4.1.14519.5.2.1.6279.6001.293757615532132808762625441831.npy,0.5487654320987654,0.33951613306999207,0.2207188606262207,0.9843137264251709,60.671905517578125,11.379610061645508,0.6418298780918122,1.442405738830566,2.124497652053833,3.658989906311035,28,20,8,59.12037658691406,0.15252310337490504,moderate_review,435
detector_top5,1.3.6.1.4.1.14519.5.2.1.6279.6001.119209873306155771318545953948,outputs/luna16_saliency_synthetic_detector_top5_minprob0.5/1.3.6.1.4.1.14519.5.2.1.6279.6001.119209873306155771318545953948/surface_1.3.6.1.4.1.14519.5.2.1.6279.6001.119209873306155771318545953948.png,outputs/luna16_saliency_synthetic_detector_top5_minprob0.5/1.3.6.1.4.1.14519.5.2.1.6279.6001.119209873306155771318545953948/surface_grid_float_1.3.6.1.4.1.14519.5.2.1.6279.6001.119209873306155771318545953948.npy,0.6312443960548226,0.3168782591819763,0.23165448009967804,0.929411768913269,59.234886169433594,14.132997512817383,0.6559209078550339,1.214136105775832,1.6874998807907104,7.0904541015625,28,20,8,59.06999969482422,0.15090545812580317,moderate_review,436
detector_top5,1.3.6.1.4.1.14519.5.2.1.6279.6001.286217539434358186648717203667,outputs/luna16_saliency_synthetic_detector_top5_minprob0.5/1.3.6.1.4.1.14519.5.2.1.6279.6001.286217539434358186648717203667/surface_1.3.6.1.4.1.14519.5.2.1.6279.6001.286217539434358186648717203667.png,outputs/luna16_saliency_synthetic_detector_top5_minprob0.5/1.3.6.1.4.1.14519.5.2.1.6279.6001.286217539434358186648717203667/surface_grid_float_1.3.6.1.4.1.14519.5.2.1.6279.6001.286217539434358186648717203667.npy,0.3839837873976266,0.38261616230010986,0.24622990190982819,0.9607843160629272,63.294403076171875,13.024002075195312,0.8091662496328353,1.1661388111114501,1.534593105316162,4.515772819519043,28,20,8,63.20854187011719,0.1505098868370056,moderate_review,437
detector_top5,1.3.6.1.4.1.14519.5.2.1.6279.6001.275849601663847251574860892603,outputs/luna16_saliency_synthetic_detector_top5_minprob0.5/1.3.6.1.4.1.14519.5.2.1.6279.6001.275849601663847251574860892603/surface_1.3.6.1.4.1.14519.5.2.1.6279.6001.275849601663847251574860892603.png,outputs/luna16_saliency_synthetic_detector_top5_minprob0.5/1.3.6.1.4.1.14519.5.2.1.6279.6001.275849601663847251574860892603/surface_grid_float_1.3.6.1.4.1.14519.5.2.1.6279.6001.275849601663847251574860892603.npy,0.6548504344919787,0.38121217489242554,0.2421296089887619,0.9058823585510254,61.84691619873047,13.217633247375488,0.6950194239616393,0.9664062160253525,1.0679121017456055,8.149027824401855,23,15,8,61.743438720703125,0.15017933086620439,moderate_review,438
detector_top5,1.3.6.1.4.1.14519.5.2.1.6279.6001.250397690690072950000431855143,outputs/luna16_saliency_synthetic_detector_top5_minprob0.5/1.3.6.1.4.1.14519.5.2.1.6279.6001.250397690690072950000431855143/surface_1.3.6.1.4.1.14519.5.2.1.6279.6001.250397690690072950000431855143.png,outputs/luna16_saliency_synthetic_detector_top5_minprob0.5/1.3.6.1.4.1.14519.5.2.1.6279.6001.250397690690072950000431855143/surface_grid_float_1.3.6.1.4.1.14519.5.2.1.6279.6001.250397690690072950000431855143.npy,0.550109287834796,0.3459400534629822,0.23193205893039703,0.9450980424880981,55.232322692871094,10.362832069396973,0.6494418978691101,1.454077905416484,8.917024612426758,6.265693187713623,33,25,8,47.706016540527344,0.14959997095664326,moderate_review,439
detector_top5,1.3.6.1.4.1.14519.5.2.1.6279.6001.226456162308124493341905600418,outputs/luna16_saliency_synthetic_detector_top5_minprob0.5/1.3.6.1.4.1.14519.5.2.1.6279.6001.226456162308124493341905600418/surface_1.3.6.1.4.1.14519.5.2.1.6279.6001.226456162308124493341905600418.png,outputs/luna16_saliency_synthetic_detector_top5_minprob0.5/1.3.6.1.4.1.14519.5.2.1.6279.6001.226456162308124493341905600418/surface_grid_float_1.3.6.1.4.1.14519.5.2.1.6279.6001.226456162308124493341905600418.npy,0.5779761904761904,0.35599640011787415,0.23425471782684326,0.9490196108818054,63.30564880371094,14.935049057006836,0.5926681131124496,0.9016189539432529,1.050402045249939,7.009134292602539,18,10,8,62.90763854980469,0.14813383727471036,moderate_review,440
detector_top5,1.3.6.1.4.1.14519.5.2.1.6279.6001.182192086929819295877506541021,outputs/luna16_saliency_synthetic_detector_top5_minprob0.5/1.3.6.1.4.1.14519.5.2.1.6279.6001.182192086929819295877506541021/surface_1.3.6.1.4.1.14519.5.2.1.6279.6001.182192086929819295877506541021.png,outputs/luna16_saliency_synthetic_detector_top5_minprob0.5/1.3.6.1.4.1.14519.5.2.1.6279.6001.182192086929819295877506541021/surface_grid_float_1.3.6.1.4.1.14519.5.2.1.6279.6001.182192086929819295877506541021.npy,0.542544699872286,0.3317546248435974,0.2263776808977127,0.9529411792755127,60.62152099609375,10.602065086364746,0.7414123684167854,1.0485512936115269,1.1875643730163574,6.882102966308594,33,25,8,60.43133544921875,0.14778596928252113,moderate_review,441
detector_top5,1.3.6.1.4.1.14519.5.2.1.6279.6001.908250781706513856628130123235,outputs/luna16_saliency_synthetic_detector_top5_minprob0.5/1.3.6.1.4.1.14519.5.2.1.6279.6001.908250781706513856628130123235/surface_1.3.6.1.4.1.14519.5.2.1.6279.6001.908250781706513856628130123235.png,outputs/luna16_saliency_synthetic_detector_top5_minprob0.5/1.3.6.1.4.1.14519.5.2.1.6279.6001.908250781706513856628130123235/surface_grid_float_1.3.6.1.4.1.14519.5.2.1.6279.6001.908250781706513856628130123235.npy,0.5839865939559191,0.2994689345359802,0.23024536669254303,0.8980392217636108,50.700225830078125,9.832478523254395,0.6189722865819931,1.6348025262355808,3.1341209411621094,6.371042251586914,28,20,8,46.0,0.1477023238407241,moderate_review,442
detector_top5,1.3.6.1.4.1.14519.5.2.1.6279.6001.145283812746259413053188838096,outputs/luna16_saliency_synthetic_detector_top5_minprob0.5/1.3.6.1.4.1.14519.5.2.1.6279.6001.145283812746259413053188838096/surface_1.3.6.1.4.1.14519.5.2.1.6279.6001.145283812746259413053188838096.png,outputs/luna16_saliency_synthetic_detector_top5_minprob0.5/1.3.6.1.4.1.14519.5.2.1.6279.6001.145283812746259413053188838096/surface_grid_float_1.3.6.1.4.1.14519.5.2.1.6279.6001.145283812746259413053188838096.npy,0.16324992463069038,0.440073162317276,0.2563451826572418,0.9019607901573181,17.500701904296875,4.174187183380127,0.23603585883975028,0.2719713470339775,0.286363422870636,1.57447350025177,13,5,8,0.0,0.1475401357012029,moderate_review,443
detector_top5,1.3.6.1.4.1.14519.5.2.1.6279.6001.686193079844756926365065559979,outputs/luna16_saliency_synthetic_detector_top5_minprob0.5/1.3.6.1.4.1.14519.5.2.1.6279.6001.686193079844756926365065559979/surface_1.3.6.1.4.1.14519.5.2.1.6279.6001.686193079844756926365065559979.png,outputs/luna16_saliency_synthetic_detector_top5_minprob0.5/1.3.6.1.4.1.14519.5.2.1.6279.6001.686193079844756926365065559979/surface_grid_float_1.3.6.1.4.1.14519.5.2.1.6279.6001.686193079844756926365065559979.npy,0.6446491877361799,0.33137524127960205,0.23237232863903046,0.921803926229482,47.123260498046875,8.218480110168457,0.6785538971424082,1.9433926236629477,4.396886348724365,4.671567916870117,18,10,8,35.0,0.14722180824412237,moderate_review,444
detector_top5,1.3.6.1.4.1.14519.5.2.1.6279.6001.511347030803753100045216493273,outputs/luna16_saliency_synthetic_detector_top5_minprob0.5/1.3.6.1.4.1.14519.5.2.1.6279.6001.511347030803753100045216493273/surface_1.3.6.1.4.1.14519.5.2.1.6279.6001.511347030803753100045216493273.png,outputs/luna16_saliency_synthetic_detector_top5_minprob0.5/1.3.6.1.4.1.14519.5.2.1.6279.6001.511347030803753100045216493273/surface_grid_float_1.3.6.1.4.1.14519.5.2.1.6279.6001.511347030803753100045216493273.npy,0.5639220868765801,0.3527660667896271,0.23673434555530548,0.8941176533699036,54.097373962402344,9.622761726379395,0.6714591830968857,1.293651497364063,3.9302749633789062,7.634641170501709,33,25,8,52.691314697265625,0.1459377041260407,moderate_review,445
detector_top5,1.3.6.1.4.1.14519.5.2.1.6279.6001.129650136453746261130135157590,outputs/luna16_saliency_synthetic_detector_top5_minprob0.5/1.3.6.1.4.1.14519.5.2.1.6279.6001.129650136453746261130135157590/surface_1.3.6.1.4.1.14519.5.2.1.6279.6001.129650136453746261130135157590.png,outputs/luna16_saliency_synthetic_detector_top5_minprob0.5/1.3.6.1.4.1.14519.5.2.1.6279.6001.129650136453746261130135157590/surface_grid_float_1.3.6.1.4.1.14519.5.2.1.6279.6001.129650136453746261130135157590.npy,0.5558620361673543,0.29299023747444153,0.21686719357967377,0.9450980424880981,61.47296142578125,12.779253005981445,0.6325102567672729,0.8728913211822505,0.9460079669952393,7.4419779777526855,18,10,8,60.0,0.14517940418455333,moderate_review,446
detector_top5,1.3.6.1.4.1.14519.5.2.1.6279.6001.614147706162329660656328811671,outputs/luna16_saliency_synthetic_detector_top5_minprob0.5/1.3.6.1.4.1.14519.5.2.1.6279.6001.614147706162329660656328811671/surface_1.3.6.1.4.1.14519.5.2.1.6279.6001.614147706162329660656328811671.png,outputs/luna16_saliency_synthetic_detector_top5_minprob0.5/1.3.6.1.4.1.14519.5.2.1.6279.6001.614147706162329660656328811671/surface_grid_float_1.3.6.1.4.1.14519.5.2.1.6279.6001.614147706162329660656328811671.npy,0.5588226166832175,0.37460795044898987,0.23307907581329346,1.0,55.00440216064453,11.0432710647583,0.6282076716423033,1.4145083868503558,2.0997984409332275,4.977885723114014,23,15,8,52.37615966796875,0.14517122348017156,moderate_review,447
detector_top5,1.3.6.1.4.1.14519.5.2.1.6279.6001.387954549120924524005910602207,outputs/luna16_saliency_synthetic_detector_top5_minprob0.5/1.3.6.1.4.1.14519.5.2.1.6279.6001.387954549120924524005910602207/surface_1.3.6.1.4.1.14519.5.2.1.6279.6001.387954549120924524005910602207.png,outputs/luna16_saliency_synthetic_detector_top5_minprob0.5/1.3.6.1.4.1.14519.5.2.1.6279.6001.387954549120924524005910602207/surface_grid_float_1.3.6.1.4.1.14519.5.2.1.6279.6001.387954549120924524005910602207.npy,0.5654937759336099,0.367123544216156,0.2429008185863495,1.0,61.77562713623047,13.471516609191895,0.6372357219457626,1.0416354131698613,1.5501511096954346,4.630797386169434,18,10,8,61.477752685546875,0.14449910181363426,moderate_review,448
detector_top5,1.3.6.1.4.1.14519.5.2.1.6279.6001.866845763956586959109892274084,outputs/luna16_saliency_synthetic_detector_top5_minprob0.5/1.3.6.1.4.1.14519.5.2.1.6279.6001.866845763956586959109892274084/surface_1.3.6.1.4.1.14519.5.2.1.6279.6001.866845763956586959109892274084.png,outputs/luna16_saliency_synthetic_detector_top5_minprob0.5/1.3.6.1.4.1.14519.5.2.1.6279.6001.866845763956586959109892274084/surface_grid_float_1.3.6.1.4.1.14519.5.2.1.6279.6001.866845763956586959109892274084.npy,0.5236250818977146,0.41417399048805237,0.26470085978507996,1.0,52.54863739013672,10.265840530395508,0.6907190889120094,1.4580232787132263,1.973924160003662,5.7363386154174805,18,10,8,51.11076354980469,0.1440691798236635,moderate_review,449
detector_top5,1.3.6.1.4.1.14519.5.2.1.6279.6001.312704771348460502013249647868,outputs/luna16_saliency_synthetic_detector_top5_minprob0.5/1.3.6.1.4.1.14519.5.2.1.6279.6001.312704771348460502013249647868/surface_1.3.6.1.4.1.14519.5.2.1.6279.6001.312704771348460502013249647868.png,outputs/luna16_saliency_synthetic_detector_top5_minprob0.5/1.3.6.1.4.1.14519.5.2.1.6279.6001.312704771348460502013249647868/surface_grid_float_1.3.6.1.4.1.14519.5.2.1.6279.6001.312704771348460502013249647868.npy,0.538256464942682,0.3741399049758911,0.22431842982769012,0.9803921580314636,54.90789794921875,11.674839973449707,0.5966510355472567,1.4016046082973466,2.7113149166107178,4.527107238769531,33,25,8,52.86700439453125,0.14362153980599504,moderate_review,450
detector_top5,1.3.6.1.4.1.14519.5.2.1.6279.6001.248425363469507808613979846863,outputs/luna16_saliency_synthetic_detector_top5_minprob0.5/1.3.6.1.4.1.14519.5.2.1.6279.6001.248425363469507808613979846863/surface_1.3.6.1.4.1.14519.5.2.1.6279.6001.248425363469507808613979846863.png,outputs/luna16_saliency_synthetic_detector_top5_minprob0.5/1.3.6.1.4.1.14519.5.2.1.6279.6001.248425363469507808613979846863/surface_grid_float_1.3.6.1.4.1.14519.5.2.1.6279.6001.248425363469507808613979846863.npy,0.5654790333365174,0.3150483965873718,0.22336575388908386,0.95686274766922,65.49615478515625,17.0286922454834,0.4848000630736351,0.5420277869701385,0.5731921195983887,7.981031894683838,18,10,8,65.0,0.1431567180169953,moderate_review,451
detector_top5,1.3.6.1.4.1.14519.5.2.1.6279.6001.123697637451437522065941162930,outputs/luna16_saliency_synthetic_detector_top5_minprob0.5/1.3.6.1.4.1.14519.5.2.1.6279.6001.123697637451437522065941162930/surface_1.3.6.1.4.1.14519.5.2.1.6279.6001.123697637451437522065941162930.png,outputs/luna16_saliency_synthetic_detector_top5_minprob0.5/1.3.6.1.4.1.14519.5.2.1.6279.6001.123697637451437522065941162930/surface_grid_float_1.3.6.1.4.1.14519.5.2.1.6279.6001.123697637451437522065941162930.npy,0.3426523297491039,0.3730490505695343,0.2525489628314972,1.0,59.87590026855469,14.389594078063965,0.7865133315324778,0.9286420130729672,0.9867192506790161,4.768486499786377,18,10,8,59.12593078613281,0.14244773288743653,moderate_review,452
detector_top5,1.3.6.1.4.1.14519.5.2.1.6279.6001.106719103982792863757268101375,outputs/luna16_saliency_synthetic_detector_top5_minprob0.5/1.3.6.1.4.1.14519.5.2.1.6279.6001.106719103982792863757268101375/surface_1.3.6.1.4.1.14519.5.2.1.6279.6001.106719103982792863757268101375.png,outputs/luna16_saliency_synthetic_detector_top5_minprob0.5/1.3.6.1.4.1.14519.5.2.1.6279.6001.106719103982792863757268101375/surface_grid_float_1.3.6.1.4.1.14519.5.2.1.6279.6001.106719103982792863757268101375.npy,0.5877207643879881,0.37789610028266907,0.2568534016609192,1.0,60.79747009277344,14.416085243225098,0.5614409983158112,0.7260112833976747,0.798969566822052,8.687409400939941,18,10,8,60.61005401611328,0.14241480954753027,moderate_review,453
detector_top5,1.3.6.1.4.1.14519.5.2.1.6279.6001.955688628308192728558382581802,outputs/luna16_saliency_synthetic_detector_top5_minprob0.5/1.3.6.1.4.1.14519.5.2.1.6279.6001.955688628308192728558382581802/surface_1.3.6.1.4.1.14519.5.2.1.6279.6001.955688628308192728558382581802.png,outputs/luna16_saliency_synthetic_detector_top5_minprob0.5/1.3.6.1.4.1.14519.5.2.1.6279.6001.955688628308192728558382581802/surface_grid_float_1.3.6.1.4.1.14519.5.2.1.6279.6001.955688628308192728558382581802.npy,0.5351958933207458,0.340799480676651,0.24508824944496155,1.0,52.83869934082031,10.2360200881958,0.6302181333303446,1.3880191600322698,1.9301917552947998,5.2663254737854,28,20,8,52.32989501953125,0.14140801919963616,moderate_review,454
detector_top5,1.3.6.1.4.1.14519.5.2.1.6279.6001.156821379677057223126714881626,outputs/luna16_saliency_synthetic_detector_top5_minprob0.5/1.3.6.1.4.1.14519.5.2.1.6279.6001.156821379677057223126714881626/surface_1.3.6.1.4.1.14519.5.2.1.6279.6001.156821379677057223126714881626.png,outputs/luna16_saliency_synthetic_detector_top5_minprob0.5/1.3.6.1.4.1.14519.5.2.1.6279.6001.156821379677057223126714881626/surface_grid_float_1.3.6.1.4.1.14519.5.2.1.6279.6001.156821379677057223126714881626.npy,0.6211110426043529,0.31750965118408203,0.2249748557806015,0.9098039269447327,62.26109313964844,13.252721786499023,0.5330622136592866,0.602942830324173,0.623716413974762,8.620827674865723,28,20,8,62.19749450683594,0.14101416830884084,moderate_review,455
detector_top5,1.3.6.1.4.1.14519.5.2.1.6279.6001.141069661700670042960678408762,outputs/luna16_saliency_synthetic_detector_top5_minprob0.5/1.3.6.1.4.1.14519.5.2.1.6279.6001.141069661700670042960678408762/surface_1.3.6.1.4.1.14519.5.2.1.6279.6001.141069661700670042960678408762.png,outputs/luna16_saliency_synthetic_detector_top5_minprob0.5/1.3.6.1.4.1.14519.5.2.1.6279.6001.141069661700670042960678408762/surface_grid_float_1.3.6.1.4.1.14519.5.2.1.6279.6001.141069661700670042960678408762.npy,0.6179693961952026,0.38827088475227356,0.24456831812858582,1.0,62.71428680419922,14.692485809326172,0.6189185351133345,0.6662112742662426,0.690255880355835,7.264933109283447,18,10,8,62.632789611816406,0.14065444536672697,moderate_review,456
detector_top5,1.3.6.1.4.1.14519.5.2.1.6279.6001.534083630500464995109143618896,outputs/luna16_saliency_synthetic_detector_top5_minprob0.5/1.3.6.1.4.1.14519.5.2.1.6279.6001.534083630500464995109143618896/surface_1.3.6.1.4.1.14519.5.2.1.6279.6001.534083630500464995109143618896.png,outputs/luna16_saliency_synthetic_detector_top5_minprob0.5/1.3.6.1.4.1.14519.5.2.1.6279.6001.534083630500464995109143618896/surface_grid_float_1.3.6.1.4.1.14519.5.2.1.6279.6001.534083630500464995109143618896.npy,0.44935185185185184,0.3467711806297302,0.22703559696674347,0.8509804010391235,64.90354919433594,14.972526550292969,0.4910338923335074,0.5166654205322265,0.5289517045021057,7.4448394775390625,18,10,8,64.83694458007812,0.14021663233439127,moderate_review,457
detector_top5,1.3.6.1.4.1.14519.5.2.1.6279.6001.979083010707182900091062408058,outputs/luna16_saliency_synthetic_detector_top5_minprob0.5/1.3.6.1.4.1.14519.5.2.1.6279.6001.979083010707182900091062408058/surface_1.3.6.1.4.1.14519.5.2.1.6279.6001.979083010707182900091062408058.png,outputs/luna16_saliency_synthetic_detector_top5_minprob0.5/1.3.6.1.4.1.14519.5.2.1.6279.6001.979083010707182900091062408058/surface_grid_float_1.3.6.1.4.1.14519.5.2.1.6279.6001.979083010707182900091062408058.npy,0.5752665923921694,0.3329567611217499,0.21594543755054474,0.9215686321258545,56.44733428955078,13.76062297821045,0.5565790414810168,0.9107050961256027,1.164966344833374,7.900338649749756,23,15,8,56.31087112426758,0.1389563514769077,moderate_review,458
detector_top5,1.3.6.1.4.1.14519.5.2.1.6279.6001.114218724025049818743426522343,outputs/luna16_saliency_synthetic_detector_top5_minprob0.5/1.3.6.1.4.1.14519.5.2.1.6279.6001.114218724025049818743426522343/surface_1.3.6.1.4.1.14519.5.2.1.6279.6001.114218724025049818743426522343.png,outputs/luna16_saliency_synthetic_detector_top5_minprob0.5/1.3.6.1.4.1.14519.5.2.1.6279.6001.114218724025049818743426522343/surface_grid_float_1.3.6.1.4.1.14519.5.2.1.6279.6001.114218724025049818743426522343.npy,0.5719494963307352,0.3441103994846344,0.23370681703090668,1.0,60.43988800048828,12.896620750427246,0.6962320566177366,0.8678795385360709,1.5355242490768433,5.266596794128418,28,20,8,59.53639221191406,0.13847308125495905,moderate_review,459
detector_top5,1.3.6.1.4.1.14519.5.2.1.6279.6001.193721075067404532739943086458,outputs/luna16_saliency_synthetic_detector_top5_minprob0.5/1.3.6.1.4.1.14519.5.2.1.6279.6001.193721075067404532739943086458/surface_1.3.6.1.4.1.14519.5.2.1.6279.6001.193721075067404532739943086458.png,outputs/luna16_saliency_synthetic_detector_top5_minprob0.5/1.3.6.1.4.1.14519.5.2.1.6279.6001.193721075067404532739943086458/surface_grid_float_1.3.6.1.4.1.14519.5.2.1.6279.6001.193721075067404532739943086458.npy,0.5921245021092082,0.3365526497364044,0.22838377952575684,0.9360392194986434,60.63835906982422,11.909850120544434,0.7008527517318726,0.9058202505111694,1.1930358409881592,4.34643030166626,23,15,8,59.0,0.13789727330207824,moderate_review,460
detector_top5,1.3.6.1.4.1.14519.5.2.1.6279.6001.123654356399290048011621921476,outputs/luna16_saliency_synthetic_detector_top5_minprob0.5/1.3.6.1.4.1.14519.5.2.1.6279.6001.123654356399290048011621921476/surface_1.3.6.1.4.1.14519.5.2.1.6279.6001.123654356399290048011621921476.png,outputs/luna16_saliency_synthetic_detector_top5_minprob0.5/1.3.6.1.4.1.14519.5.2.1.6279.6001.123654356399290048011621921476/surface_grid_float_1.3.6.1.4.1.14519.5.2.1.6279.6001.123654356399290048011621921476.npy,0.6004350880985839,0.3389493227005005,0.23288410902023315,1.0,62.78459167480469,14.246021270751953,0.4317863270640372,0.5511827731132506,0.5878013968467712,7.2644829750061035,18,10,8,62.75660705566406,0.13731976481808555,moderate_review,461
detector_top5,1.3.6.1.4.1.14519.5.2.1.6279.6001.315214756157389122376518747372,outputs/luna16_saliency_synthetic_detector_top5_minprob0.5/1.3.6.1.4.1.14519.5.2.1.6279.6001.315214756157389122376518747372/surface_1.3.6.1.4.1.14519.5.2.1.6279.6001.315214756157389122376518747372.png,outputs/luna16_saliency_synthetic_detector_top5_minprob0.5/1.3.6.1.4.1.14519.5.2.1.6279.6001.315214756157389122376518747372/surface_grid_float_1.3.6.1.4.1.14519.5.2.1.6279.6001.315214756157389122376518747372.npy,0.4236966104271166,0.39982396364212036,0.24329258501529694,0.9686274528503418,54.18499755859375,11.157781600952148,0.6260221719741819,1.1664439940452613,1.5245370864868164,5.05037260055542,23,15,8,53.79046630859375,0.13652469930913724,moderate_review,462
detector_top5,1.3.6.1.4.1.14519.5.2.1.6279.6001.100398138793540579077826395208,outputs/luna16_saliency_synthetic_detector_top5_minprob0.5/1.3.6.1.4.1.14519.5.2.1.6279.6001.100398138793540579077826395208/surface_1.3.6.1.4.1.14519.5.2.1.6279.6001.100398138793540579077826395208.png,outputs/luna16_saliency_synthetic_detector_top5_minprob0.5/1.3.6.1.4.1.14519.5.2.1.6279.6001.100398138793540579077826395208/surface_grid_float_1.3.6.1.4.1.14519.5.2.1.6279.6001.100398138793540579077826395208.npy,0.5874217212381464,0.37218305468559265,0.21821771562099457,0.9137254953384399,53.08514404296875,9.065065383911133,0.6844068646430962,1.0881907320022584,1.2378116846084595,6.879845142364502,18,10,8,52.78233337402344,0.13640950679249234,moderate_review,463
detector_top5,1.3.6.1.4.1.14519.5.2.1.6279.6001.188376349804761988217597754952,outputs/luna16_saliency_synthetic_detector_top5_minprob0.5/1.3.6.1.4.1.14519.5.2.1.6279.6001.188376349804761988217597754952/surface_1.3.6.1.4.1.14519.5.2.1.6279.6001.188376349804761988217597754952.png,outputs/luna16_saliency_synthetic_detector_top5_minprob0.5/1.3.6.1.4.1.14519.5.2.1.6279.6001.188376349804761988217597754952/surface_grid_float_1.3.6.1.4.1.14519.5.2.1.6279.6001.188376349804761988217597754952.npy,0.5525896179058642,0.36073097586631775,0.21793019771575928,0.9058823585510254,59.496253967285156,12.73444938659668,0.5140801459550857,0.5859060090780259,0.60469651222229,8.035965919494629,18,10,8,59.41767883300781,0.13459530559447075,moderate_review,464
detector_top5,1.3.6.1.4.1.14519.5.2.1.6279.6001.277445975068759205899107114231,outputs/luna16_saliency_synthetic_detector_top5_minprob0.5/1.3.6.1.4.1.14519.5.2.1.6279.6001.277445975068759205899107114231/surface_1.3.6.1.4.1.14519.5.2.1.6279.6001.277445975068759205899107114231.png,outputs/luna16_saliency_synthetic_detector_top5_minprob0.5/1.3.6.1.4.1.14519.5.2.1.6279.6001.277445975068759205899107114231/surface_grid_float_1.3.6.1.4.1.14519.5.2.1.6279.6001.277445975068759205899107114231.npy,0.5655362512529235,0.35057154297828674,0.22673699259757996,0.9529411792755127,56.262290954589844,13.087980270385742,0.5929399281740187,0.8077646386623366,0.8788875341415405,7.061384201049805,23,15,8,56.138458251953125,0.13369538897540828,moderate_review,465
detector_top5,1.3.6.1.4.1.14519.5.2.1.6279.6001.780558315515979171413904604168,outputs/luna16_saliency_synthetic_detector_top5_minprob0.5/1.3.6.1.4.1.14519.5.2.1.6279.6001.780558315515979171413904604168/surface_1.3.6.1.4.1.14519.5.2.1.6279.6001.780558315515979171413904604168.png,outputs/luna16_saliency_synthetic_detector_top5_minprob0.5/1.3.6.1.4.1.14519.5.2.1.6279.6001.780558315515979171413904604168/surface_grid_float_1.3.6.1.4.1.14519.5.2.1.6279.6001.780558315515979171413904604168.npy,0.5065669515669515,0.3646557629108429,0.22475183010101318,0.9450980424880981,48.55155944824219,7.702742099761963,0.5261430531740189,1.284572073221206,5.773113250732422,6.387803554534912,18,10,8,41.69842529296875,0.13365154695378406,moderate_review,466
detector_top5,1.3.6.1.4.1.14519.5.2.1.6279.6001.674809958213117379592437424616,outputs/luna16_saliency_synthetic_detector_top5_minprob0.5/1.3.6.1.4.1.14519.5.2.1.6279.6001.674809958213117379592437424616/surface_1.3.6.1.4.1.14519.5.2.1.6279.6001.674809958213117379592437424616.png,outputs/luna16_saliency_synthetic_detector_top5_minprob0.5/1.3.6.1.4.1.14519.5.2.1.6279.6001.674809958213117379592437424616/surface_grid_float_1.3.6.1.4.1.14519.5.2.1.6279.6001.674809958213117379592437424616.npy,0.5847767920011266,0.3362763226032257,0.2156597226858139,0.9019607901573181,54.840850830078125,10.755919456481934,0.583836558461189,0.9565301901102065,1.1024577617645264,6.072266101837158,18,10,8,53.74793243408203,0.13359124842418565,moderate_review,467
detector_top5,1.3.6.1.4.1.14519.5.2.1.6279.6001.300270516469599170290456821227,outputs/luna16_saliency_synthetic_detector_top5_minprob0.5/1.3.6.1.4.1.14519.5.2.1.6279.6001.300270516469599170290456821227/surface_1.3.6.1.4.1.14519.5.2.1.6279.6001.300270516469599170290456821227.png,outputs/luna16_saliency_synthetic_detector_top5_minprob0.5/1.3.6.1.4.1.14519.5.2.1.6279.6001.300270516469599170290456821227/surface_grid_float_1.3.6.1.4.1.14519.5.2.1.6279.6001.300270516469599170290456821227.npy,0.7075106382978723,0.34795400500297546,0.2338193655014038,0.9529411792755127,47.45123291015625,7.701936721801758,0.7129789441823959,1.3602647626400008,1.7913908958435059,5.72745418548584,18,10,8,46.41558837890625,0.13262100703054008,moderate_review,468
detector_top5,1.3.6.1.4.1.14519.5.2.1.6279.6001.167919147233131417984739058859,outputs/luna16_saliency_synthetic_detector_top5_minprob0.5/1.3.6.1.4.1.14519.5.2.1.6279.6001.167919147233131417984739058859/surface_1.3.6.1.4.1.14519.5.2.1.6279.6001.167919147233131417984739058859.png,outputs/luna16_saliency_synthetic_detector_top5_minprob0.5/1.3.6.1.4.1.14519.5.2.1.6279.6001.167919147233131417984739058859/surface_grid_float_1.3.6.1.4.1.14519.5.2.1.6279.6001.167919147233131417984739058859.npy,0.1807072085734506,0.4117252230644226,0.24922499060630798,1.0,14.982513427734375,3.592952251434326,0.1967074103653431,0.21142414227128026,0.2654096484184265,1.3633508682250977,13,5,8,0.0,0.13108198653511302,moderate_review,469
detector_top5,1.3.6.1.4.1.14519.5.2.1.6279.6001.104780906131535625872840889059,outputs/luna16_saliency_synthetic_detector_top5_minprob0.5/1.3.6.1.4.1.14519.5.2.1.6279.6001.104780906131535625872840889059/surface_1.3.6.1.4.1.14519.5.2.1.6279.6001.104780906131535625872840889059.png,outputs/luna16_saliency_synthetic_detector_top5_minprob0.5/1.3.6.1.4.1.14519.5.2.1.6279.6001.104780906131535625872840889059/surface_grid_float_1.3.6.1.4.1.14519.5.2.1.6279.6001.104780906131535625872840889059.npy,0.32680715780859,0.36367473006248474,0.23993268609046936,0.9386666703224205,46.80937194824219,9.29306411743164,0.5271676540374756,0.926683460474015,5.130739688873291,5.304396629333496,23,15,8,20.01580810546875,0.1308567244739487,moderate_review,470
detector_top5,1.3.6.1.4.1.14519.5.2.1.6279.6001.161855583909753609742728521805,outputs/luna16_saliency_synthetic_detector_top5_minprob0.5/1.3.6.1.4.1.14519.5.2.1.6279.6001.161855583909753609742728521805/surface_1.3.6.1.4.1.14519.5.2.1.6279.6001.161855583909753609742728521805.png,outputs/luna16_saliency_synthetic_detector_top5_minprob0.5/1.3.6.1.4.1.14519.5.2.1.6279.6001.161855583909753609742728521805/surface_grid_float_1.3.6.1.4.1.14519.5.2.1.6279.6001.161855583909753609742728521805.npy,0.582842261904762,0.38583454489707947,0.22165068984031677,0.9215686321258545,55.35493469238281,11.034396171569824,0.4692074060440063,0.8490403431653976,1.0285724401474,5.580286979675293,33,25,8,55.23542022705078,0.13013007251487838,moderate_review,471
detector_top5,1.3.6.1.4.1.14519.5.2.1.6279.6001.202811684116768680758082619196,outputs/luna16_saliency_synthetic_detector_top5_minprob0.5/1.3.6.1.4.1.14519.5.2.1.6279.6001.202811684116768680758082619196/surface_1.3.6.1.4.1.14519.5.2.1.6279.6001.202811684116768680758082619196.png,outputs/luna16_saliency_synthetic_detector_top5_minprob0.5/1.3.6.1.4.1.14519.5.2.1.6279.6001.202811684116768680758082619196/surface_grid_float_1.3.6.1.4.1.14519.5.2.1.6279.6001.202811684116768680758082619196.npy,0.5659428291007238,0.34784653782844543,0.22594402730464935,0.9137254953384399,58.257301330566406,13.176412582397461,0.5279485940933225,0.5811139798164368,0.6017271280288696,6.662623405456543,28,20,8,58.03495788574219,0.12933475140200723,moderate_review,472
detector_top5,1.3.6.1.4.1.14519.5.2.1.6279.6001.385151742584074711135621089321,outputs/luna16_saliency_synthetic_detector_top5_minprob0.5/1.3.6.1.4.1.14519.5.2.1.6279.6001.385151742584074711135621089321/surface_1.3.6.1.4.1.14519.5.2.1.6279.6001.385151742584074711135621089321.png,outputs/luna16_saliency_synthetic_detector_top5_minprob0.5/1.3.6.1.4.1.14519.5.2.1.6279.6001.385151742584074711135621089321/surface_grid_float_1.3.6.1.4.1.14519.5.2.1.6279.6001.385151742584074711135621089321.npy,0.5820727389765047,0.3367895483970642,0.22178909182548523,0.9725490212440491,59.329627990722656,14.283698081970215,0.4479610845446586,0.5342968982458115,0.6158977150917053,6.4103498458862305,23,15,8,59.24900817871094,0.12915684214499262,moderate_review,473
detector_top5,1.3.6.1.4.1.14519.5.2.1.6279.6001.295298571102631191572192562523,outputs/luna16_saliency_synthetic_detector_top5_minprob0.5/1.3.6.1.4.1.14519.5.2.1.6279.6001.295298571102631191572192562523/surface_1.3.6.1.4.1.14519.5.2.1.6279.6001.295298571102631191572192562523.png,outputs/luna16_saliency_synthetic_detector_top5_minprob0.5/1.3.6.1.4.1.14519.5.2.1.6279.6001.295298571102631191572192562523/surface_grid_float_1.3.6.1.4.1.14519.5.2.1.6279.6001.295298571102631191572192562523.npy,0.5723585568145154,0.3636511564254761,0.23278146982192993,0.9725490212440491,55.652320861816406,13.446447372436523,0.5653311491012571,0.7191662502288825,0.796910285949707,6.359615325927734,18,10,8,55.568817138671875,0.12846133411195543,moderate_review,474
detector_top5,1.3.6.1.4.1.14519.5.2.1.6279.6001.146429221666426688999739595820,outputs/luna16_saliency_synthetic_detector_top5_minprob0.5/1.3.6.1.4.1.14519.5.2.1.6279.6001.146429221666426688999739595820/surface_1.3.6.1.4.1.14519.5.2.1.6279.6001.146429221666426688999739595820.png,outputs/luna16_saliency_synthetic_detector_top5_minprob0.5/1.3.6.1.4.1.14519.5.2.1.6279.6001.146429221666426688999739595820/surface_grid_float_1.3.6.1.4.1.14519.5.2.1.6279.6001.146429221666426688999739595820.npy,0.5855384744623656,0.29460522532463074,0.2241770476102829,0.8627451062202454,53.726173400878906,9.809616088867188,0.519616803526878,0.9825922769308094,1.1979910135269165,3.5716681480407715,18,10,8,53.19132995605469,0.12695843097170195,moderate_review,475
detector_top5,1.3.6.1.4.1.14519.5.2.1.6279.6001.150684298696437181894923266019,outputs/luna16_saliency_synthetic_detector_top5_minprob0.5/1.3.6.1.4.1.14519.5.2.1.6279.6001.150684298696437181894923266019/surface_1.3.6.1.4.1.14519.5.2.1.6279.6001.150684298696437181894923266019.png,outputs/luna16_saliency_synthetic_detector_top5_minprob0.5/1.3.6.1.4.1.14519.5.2.1.6279.6001.150684298696437181894923266019/surface_grid_float_1.3.6.1.4.1.14519.5.2.1.6279.6001.150684298696437181894923266019.npy,0.5450836820083682,0.3182126581668854,0.21831992268562317,0.9176470637321472,56.41320037841797,12.016139030456543,0.3963772013783455,0.44240422278642655,0.5459549427032471,8.507522583007812,28,20,8,56.376502990722656,0.1261997330543068,moderate_review,476
detector_top5,1.3.6.1.4.1.14519.5.2.1.6279.6001.154837327827713479309898027966,outputs/luna16_saliency_synthetic_detector_top5_minprob0.5/1.3.6.1.4.1.14519.5.2.1.6279.6001.154837327827713479309898027966/surface_1.3.6.1.4.1.14519.5.2.1.6279.6001.154837327827713479309898027966.png,outputs/luna16_saliency_synthetic_detector_top5_minprob0.5/1.3.6.1.4.1.14519.5.2.1.6279.6001.154837327827713479309898027966/surface_grid_float_1.3.6.1.4.1.14519.5.2.1.6279.6001.154837327827713479309898027966.npy,0.5625332694559778,0.3579612970352173,0.2299734205007553,0.9882352948188782,58.29949188232422,12.67735767364502,0.43527921885251997,0.5442436176538461,0.5864898562431335,5.505252361297607,33,25,8,58.23095703125,0.12572702246970596,moderate_review,477
detector_top5,1.3.6.1.4.1.14519.5.2.1.6279.6001.162207236104936931957809623059,outputs/luna16_saliency_synthetic_detector_top5_minprob0.5/1.3.6.1.4.1.14519.5.2.1.6279.6001.162207236104936931957809623059/surface_1.3.6.1.4.1.14519.5.2.1.6279.6001.162207236104936931957809623059.png,outputs/luna16_saliency_synthetic_detector_top5_minprob0.5/1.3.6.1.4.1.14519.5.2.1.6279.6001.162207236104936931957809623059/surface_grid_float_1.3.6.1.4.1.14519.5.2.1.6279.6001.162207236104936931957809623059.npy,0.5636148721255104,0.30252039432525635,0.2217271327972412,0.9098039269447327,58.359840393066406,13.320693016052246,0.38017941266298294,0.5399011313915254,0.6117228865623474,5.299030780792236,18,10,8,58.31996154785156,0.12523905855417253,moderate_review,478
detector_top5,1.3.6.1.4.1.14519.5.2.1.6279.6001.274052674198758621258447180130,outputs/luna16_saliency_synthetic_detector_top5_minprob0.5/1.3.6.1.4.1.14519.5.2.1.6279.6001.274052674198758621258447180130/surface_1.3.6.1.4.1.14519.5.2.1.6279.6001.274052674198758621258447180130.png,outputs/luna16_saliency_synthetic_detector_top5_minprob0.5/1.3.6.1.4.1.14519.5.2.1.6279.6001.274052674198758621258447180130/surface_grid_float_1.3.6.1.4.1.14519.5.2.1.6279.6001.274052674198758621258447180130.npy,0.5545448251990308,0.37361273169517517,0.24022167921066284,1.0,50.211822509765625,9.029186248779297,0.5622186660766608,0.8927126502990713,1.0119059085845947,6.511224746704102,18,10,8,49.601287841796875,0.12493713868459061,moderate_review,479
detector_top5,1.3.6.1.4.1.14519.5.2.1.6279.6001.233001470265230594739708503198,outputs/luna16_saliency_synthetic_detector_top5_minprob0.5/1.3.6.1.4.1.14519.5.2.1.6279.6001.233001470265230594739708503198/surface_1.3.6.1.4.1.14519.5.2.1.6279.6001.233001470265230594739708503198.png,outputs/luna16_saliency_synthetic_detector_top5_minprob0.5/1.3.6.1.4.1.14519.5.2.1.6279.6001.233001470265230594739708503198/surface_grid_float_1.3.6.1.4.1.14519.5.2.1.6279.6001.233001470265230594739708503198.npy,0.6231000133835535,0.3046160042285919,0.2350485473871231,0.929411768913269,51.9395751953125,12.497235298156738,0.660026806592941,0.7290980374813079,0.7633604407310486,7.191827297210693,23,15,8,51.0,0.12442073822153937,moderate_review,480
detector_top5,1.3.6.1.4.1.14519.5.2.1.6279.6001.176869045992276345870480098568,outputs/luna16_saliency_synthetic_detector_top5_minprob0.5/1.3.6.1.4.1.14519.5.2.1.6279.6001.176869045992276345870480098568/surface_1.3.6.1.4.1.14519.5.2.1.6279.6001.176869045992276345870480098568.png,outputs/luna16_saliency_synthetic_detector_top5_minprob0.5/1.3.6.1.4.1.14519.5.2.1.6279.6001.176869045992276345870480098568/surface_grid_float_1.3.6.1.4.1.14519.5.2.1.6279.6001.176869045992276345870480098568.npy,0.4858499348352262,0.43857282400131226,0.22781120240688324,1.0,53.038116455078125,11.749323844909668,0.5908809930086133,0.6915358477830886,0.7180652022361755,6.510559558868408,18,10,8,52.97102355957031,0.12361084632277489,moderate_review,481
detector_top5,1.3.6.1.4.1.14519.5.2.1.6279.6001.401389720232123950202941034290,outputs/luna16_saliency_synthetic_detector_top5_minprob0.5/1.3.6.1.4.1.14519.5.2.1.6279.6001.401389720232123950202941034290/surface_1.3.6.1.4.1.14519.5.2.1.6279.6001.401389720232123950202941034290.png,outputs/luna16_saliency_synthetic_detector_top5_minprob0.5/1.3.6.1.4.1.14519.5.2.1.6279.6001.401389720232123950202941034290/surface_grid_float_1.3.6.1.4.1.14519.5.2.1.6279.6001.401389720232123950202941034290.npy,0.5720621225194132,0.3663424849510193,0.230361208319664,1.0,52.56608581542969,13.691128730773926,0.48590267598628983,0.5423064023256302,0.5571343302726746,8.403190612792969,18,10,8,52.0,0.12255309201280275,moderate_review,482
detector_top5,1.3.6.1.4.1.14519.5.2.1.6279.6001.771741891125176943862272696845,outputs/luna16_saliency_synthetic_detector_top5_minprob0.5/1.3.6.1.4.1.14519.5.2.1.6279.6001.771741891125176943862272696845/surface_1.3.6.1.4.1.14519.5.2.1.6279.6001.771741891125176943862272696845.png,outputs/luna16_saliency_synthetic_detector_top5_minprob0.5/1.3.6.1.4.1.14519.5.2.1.6279.6001.771741891125176943862272696845/surface_grid_float_1.3.6.1.4.1.14519.5.2.1.6279.6001.771741891125176943862272696845.npy,0.3827786057294254,0.36174216866493225,0.24727575480937958,0.9215686321258545,52.387542724609375,11.868959426879883,0.4818915903568267,0.7620601588487627,0.9232317805290222,5.135367393493652,23,15,8,52.204132080078125,0.12158630351424217,moderate_review,483
detector_top5,1.3.6.1.4.1.14519.5.2.1.6279.6001.121993590721161347818774929286,outputs/luna16_saliency_synthetic_detector_top5_minprob0.5/1.3.6.1.4.1.14519.5.2.1.6279.6001.121993590721161347818774929286/surface_1.3.6.1.4.1.14519.5.2.1.6279.6001.121993590721161347818774929286.png,outputs/luna16_saliency_synthetic_detector_top5_minprob0.5/1.3.6.1.4.1.14519.5.2.1.6279.6001.121993590721161347818774929286/surface_grid_float_1.3.6.1.4.1.14519.5.2.1.6279.6001.121993590721161347818774929286.npy,0.5744571218255429,0.36449798941612244,0.2264455109834671,0.9327451020479145,50.17707824707031,10.326498031616211,0.4473419845104216,0.7548705613613131,1.1570687294006348,6.873810768127441,28,20,8,49.731361389160156,0.12154971562623978,moderate_review,484
detector_top5,1.3.6.1.4.1.14519.5.2.1.6279.6001.100953483028192176989979435275,outputs/luna16_saliency_synthetic_detector_top5_minprob0.5/1.3.6.1.4.1.14519.5.2.1.6279.6001.100953483028192176989979435275/surface_1.3.6.1.4.1.14519.5.2.1.6279.6001.100953483028192176989979435275.png,outputs/luna16_saliency_synthetic_detector_top5_minprob0.5/1.3.6.1.4.1.14519.5.2.1.6279.6001.100953483028192176989979435275/surface_grid_float_1.3.6.1.4.1.14519.5.2.1.6279.6001.100953483028192176989979435275.npy,0.5495422038764035,0.38624927401542664,0.22741498053073883,0.9215686321258545,54.403907775878906,12.996750831604004,0.4919504225254059,0.5229225301742554,0.5514898300170898,6.825239658355713,28,20,8,54.332733154296875,0.12152805477248298,moderate_review,485
detector_top5,1.3.6.1.4.1.14519.5.2.1.6279.6001.323426705628838942177546503237,outputs/luna16_saliency_synthetic_detector_top5_minprob0.5/1.3.6.1.4.1.14519.5.2.1.6279.6001.323426705628838942177546503237/surface_1.3.6.1.4.1.14519.5.2.1.6279.6001.323426705628838942177546503237.png,outputs/luna16_saliency_synthetic_detector_top5_minprob0.5/1.3.6.1.4.1.14519.5.2.1.6279.6001.323426705628838942177546503237/surface_grid_float_1.3.6.1.4.1.14519.5.2.1.6279.6001.323426705628838942177546503237.npy,0.5423514211886304,0.32348570227622986,0.22731977701187134,1.0,51.473419189453125,13.8944091796875,0.48087092339992527,0.6021401631832123,1.1806944608688354,7.726949214935303,23,15,8,48.0,0.12102423513333004,moderate_review,486
detector_top5,1.3.6.1.4.1.14519.5.2.1.6279.6001.242761658169703141430370511586,outputs/luna16_saliency_synthetic_detector_top5_minprob0.5/1.3.6.1.4.1.14519.5.2.1.6279.6001.242761658169703141430370511586/surface_1.3.6.1.4.1.14519.5.2.1.6279.6001.242761658169703141430370511586.png,outputs/luna16_saliency_synthetic_detector_top5_minprob0.5/1.3.6.1.4.1.14519.5.2.1.6279.6001.242761658169703141430370511586/surface_grid_float_1.3.6.1.4.1.14519.5.2.1.6279.6001.242761658169703141430370511586.npy,0.49606837606837606,0.356489896774292,0.24439357221126556,1.0,48.96369934082031,12.230234146118164,0.5653315424919133,0.8892055964469899,1.008811593055725,4.8491997718811035,18,10,8,48.27093505859375,0.11905833295451268,moderate_review,487
detector_top5,1.3.6.1.4.1.14519.5.2.1.6279.6001.121391737347333465796214915391,outputs/luna16_saliency_synthetic_detector_top5_minprob0.5/1.3.6.1.4.1.14519.5.2.1.6279.6001.121391737347333465796214915391/surface_1.3.6.1.4.1.14519.5.2.1.6279.6001.121391737347333465796214915391.png,outputs/luna16_saliency_synthetic_detector_top5_minprob0.5/1.3.6.1.4.1.14519.5.2.1.6279.6001.121391737347333465796214915391/surface_grid_float_1.3.6.1.4.1.14519.5.2.1.6279.6001.121391737347333465796214915391.npy,0.5896163333234271,0.3545960783958435,0.2521030008792877,1.0,48.64008331298828,11.785919189453125,0.5155543446540832,0.644419412612915,0.6807883381843567,8.015069007873535,33,25,8,48.58100128173828,0.11821065236197577,moderate_review,488
detector_top5,1.3.6.1.4.1.14519.5.2.1.6279.6001.440226700369921575481834344455,outputs/luna16_saliency_synthetic_detector_top5_minprob0.5/1.3.6.1.4.1.14519.5.2.1.6279.6001.440226700369921575481834344455/surface_1.3.6.1.4.1.14519.5.2.1.6279.6001.440226700369921575481834344455.png,outputs/luna16_saliency_synthetic_detector_top5_minprob0.5/1.3.6.1.4.1.14519.5.2.1.6279.6001.440226700369921575481834344455/surface_grid_float_1.3.6.1.4.1.14519.5.2.1.6279.6001.440226700369921575481834344455.npy,0.4455986425526632,0.3724057972431183,0.23937080800533295,0.9921568632125854,52.312774658203125,12.849791526794434,0.5026244640350341,0.5993291831016541,0.6553975939750671,5.7977752685546875,23,15,8,52.19696044921875,0.11805177829795413,moderate_review,489
detector_top5,1.3.6.1.4.1.14519.5.2.1.6279.6001.163217526257871051722166468085,outputs/luna16_saliency_synthetic_detector_top5_minprob0.5/1.3.6.1.4.1.14519.5.2.1.6279.6001.163217526257871051722166468085/surface_1.3.6.1.4.1.14519.5.2.1.6279.6001.163217526257871051722166468085.png,outputs/luna16_saliency_synthetic_detector_top5_minprob0.5/1.3.6.1.4.1.14519.5.2.1.6279.6001.163217526257871051722166468085/surface_grid_float_1.3.6.1.4.1.14519.5.2.1.6279.6001.163217526257871051722166468085.npy,0.6254798215582529,0.3334619700908661,0.2213738113641739,0.9058823585510254,45.44927215576172,8.31059741973877,0.6285263329744337,1.182140153646469,1.6153841018676758,2.9670324325561523,18,10,8,43.0,0.11780639694134394,moderate_review,490
detector_top5,1.3.6.1.4.1.14519.5.2.1.6279.6001.110678335949765929063942738609,outputs/luna16_saliency_synthetic_detector_top5_minprob0.5/1.3.6.1.4.1.14519.5.2.1.6279.6001.110678335949765929063942738609/surface_1.3.6.1.4.1.14519.5.2.1.6279.6001.110678335949765929063942738609.png,outputs/luna16_saliency_synthetic_detector_top5_minprob0.5/1.3.6.1.4.1.14519.5.2.1.6279.6001.110678335949765929063942738609/surface_grid_float_1.3.6.1.4.1.14519.5.2.1.6279.6001.110678335949765929063942738609.npy,0.6640615106286748,0.31179654598236084,0.2416643500328064,0.9880392163991814,43.531097412109375,8.285045623779297,0.6040175497531889,0.9422123861312869,1.1994900703430176,7.311089515686035,23,15,8,42.97413635253906,0.11706506619453431,moderate_review,491
detector_top5,1.3.6.1.4.1.14519.5.2.1.6279.6001.154703816225841204080664115280,outputs/luna16_saliency_synthetic_detector_top5_minprob0.5/1.3.6.1.4.1.14519.5.2.1.6279.6001.154703816225841204080664115280/surface_1.3.6.1.4.1.14519.5.2.1.6279.6001.154703816225841204080664115280.png,outputs/luna16_saliency_synthetic_detector_top5_minprob0.5/1.3.6.1.4.1.14519.5.2.1.6279.6001.154703816225841204080664115280/surface_grid_float_1.3.6.1.4.1.14519.5.2.1.6279.6001.154703816225841204080664115280.npy,0.5642468130947393,0.3196065127849579,0.22426441311836243,0.8705882430076599,47.002174377441406,9.176624298095703,0.6248374581336975,0.94289781153202,1.1102865934371948,4.5853705406188965,33,25,8,46.950469970703125,0.1168136039541827,moderate_review,492
detector_top5,1.3.6.1.4.1.14519.5.2.1.6279.6001.238019241099704094018548301753,outputs/luna16_saliency_synthetic_detector_top5_minprob0.5/1.3.6.1.4.1.14519.5.2.1.6279.6001.238019241099704094018548301753/surface_1.3.6.1.4.1.14519.5.2.1.6279.6001.238019241099704094018548301753.png,outputs/luna16_saliency_synthetic_detector_top5_minprob0.5/1.3.6.1.4.1.14519.5.2.1.6279.6001.238019241099704094018548301753/surface_grid_float_1.3.6.1.4.1.14519.5.2.1.6279.6001.238019241099704094018548301753.npy,0.6122714461227144,0.336934357881546,0.2413414716720581,1.0,41.23243713378906,7.827436447143555,0.5807913839817047,1.324565085172653,1.6255065202713013,3.452632188796997,18,10,8,38.0,0.11613019708659911,moderate_review,493
detector_top5,1.3.6.1.4.1.14519.5.2.1.6279.6001.564534197011295112247542153557,outputs/luna16_saliency_synthetic_detector_top5_minprob0.5/1.3.6.1.4.1.14519.5.2.1.6279.6001.564534197011295112247542153557/surface_1.3.6.1.4.1.14519.5.2.1.6279.6001.564534197011295112247542153557.png,outputs/luna16_saliency_synthetic_detector_top5_minprob0.5/1.3.6.1.4.1.14519.5.2.1.6279.6001.564534197011295112247542153557/surface_grid_float_1.3.6.1.4.1.14519.5.2.1.6279.6001.564534197011295112247542153557.npy,0.18814215245414656,0.4281809628009796,0.24751435220241547,0.9058823585510254,9.219619750976562,2.2251639366149902,0.15572123602032661,0.16980125904083218,0.23148271441459656,1.1474419832229614,13,5,8,0.0,0.11550014036097857,moderate_review,494
detector_top5,1.3.6.1.4.1.14519.5.2.1.6279.6001.997611074084993415992563148335,outputs/luna16_saliency_synthetic_detector_top5_minprob0.5/1.3.6.1.4.1.14519.5.2.1.6279.6001.997611074084993415992563148335/surface_1.3.6.1.4.1.14519.5.2.1.6279.6001.997611074084993415992563148335.png,outputs/luna16_saliency_synthetic_detector_top5_minprob0.5/1.3.6.1.4.1.14519.5.2.1.6279.6001.997611074084993415992563148335/surface_grid_float_1.3.6.1.4.1.14519.5.2.1.6279.6001.997611074084993415992563148335.npy,0.5140082956259426,0.38196277618408203,0.22899426519870758,0.9176470637321472,47.055511474609375,10.50052547454834,0.6192111164331434,0.8492297875881196,0.9195895195007324,5.123826503753662,18,10,8,46.61369323730469,0.11528902720477847,moderate_review,495
detector_top5,1.3.6.1.4.1.14519.5.2.1.6279.6001.174692377730646477496286081479,outputs/luna16_saliency_synthetic_detector_top5_minprob0.5/1.3.6.1.4.1.14519.5.2.1.6279.6001.174692377730646477496286081479/surface_1.3.6.1.4.1.14519.5.2.1.6279.6001.174692377730646477496286081479.png,outputs/luna16_saliency_synthetic_detector_top5_minprob0.5/1.3.6.1.4.1.14519.5.2.1.6279.6001.174692377730646477496286081479/surface_grid_float_1.3.6.1.4.1.14519.5.2.1.6279.6001.174692377730646477496286081479.npy,0.5129934430616887,0.3624214231967926,0.21439118683338165,0.8941176533699036,51.49195861816406,12.956670761108398,0.41563687026500706,0.5796577465534213,0.6631503701210022,5.243256568908691,18,10,8,51.0,0.11486134469111761,moderate_review,496
detector_top5,1.3.6.1.4.1.14519.5.2.1.6279.6001.336894364358709782463716339027,outputs/luna16_saliency_synthetic_detector_top5_minprob0.5/1.3.6.1.4.1.14519.5.2.1.6279.6001.336894364358709782463716339027/surface_1.3.6.1.4.1.14519.5.2.1.6279.6001.336894364358709782463716339027.png,outputs/luna16_saliency_synthetic_detector_top5_minprob0.5/1.3.6.1.4.1.14519.5.2.1.6279.6001.336894364358709782463716339027/surface_grid_float_1.3.6.1.4.1.14519.5.2.1.6279.6001.336894364358709782463716339027.npy,0.5925781097251007,0.30205318331718445,0.22393450140953064,0.8705882430076599,51.24473571777344,11.462575912475586,0.3570764869451522,0.40867238163948055,0.42416083812713623,7.129315376281738,18,10,8,51.223541259765625,0.113510987370544,moderate_review,497
detector_top5,1.3.6.1.4.1.14519.5.2.1.6279.6001.176362912420491262783064585333,outputs/luna16_saliency_synthetic_detector_top5_minprob0.5/1.3.6.1.4.1.14519.5.2.1.6279.6001.176362912420491262783064585333/surface_1.3.6.1.4.1.14519.5.2.1.6279.6001.176362912420491262783064585333.png,outputs/luna16_saliency_synthetic_detector_top5_minprob0.5/1.3.6.1.4.1.14519.5.2.1.6279.6001.176362912420491262783064585333/surface_grid_float_1.3.6.1.4.1.14519.5.2.1.6279.6001.176362912420491262783064585333.npy,0.5363463579591736,0.3625284433364868,0.21849128603935242,0.8588235378265381,51.60803985595703,12.475353240966797,0.45893365889787674,0.5372012108564377,0.5584799647331238,5.09759521484375,18,10,8,51.0,0.11345742545194094,moderate_review,498
detector_top5,1.3.6.1.4.1.14519.5.2.1.6279.6001.625270601160880745954773142570,outputs/luna16_saliency_synthetic_detector_top5_minprob0.5/1.3.6.1.4.1.14519.5.2.1.6279.6001.625270601160880745954773142570/surface_1.3.6.1.4.1.14519.5.2.1.6279.6001.625270601160880745954773142570.png,outputs/luna16_saliency_synthetic_detector_top5_minprob0.5/1.3.6.1.4.1.14519.5.2.1.6279.6001.625270601160880745954773142570/surface_grid_float_1.3.6.1.4.1.14519.5.2.1.6279.6001.625270601160880745954773142570.npy,0.5472122433482286,0.3443758487701416,0.26762738823890686,1.0,47.13096618652344,7.841222763061523,0.5520177364349362,0.8415932822227474,0.9408757090568542,3.863534927368164,23,15,8,46.68885803222656,0.11238504194948407,moderate_review,499
detector_top5,1.3.6.1.4.1.14519.5.2.1.6279.6001.741709061958490690246385302477,outputs/luna16_saliency_synthetic_detector_top5_minprob0.5/1.3.6.1.4.1.14519.5.2.1.6279.6001.741709061958490690246385302477/surface_1.3.6.1.4.1.14519.5.2.1.6279.6001.741709061958490690246385302477.png,outputs/luna16_saliency_synthetic_detector_top5_minprob0.5/1.3.6.1.4.1.14519.5.2.1.6279.6001.741709061958490690246385302477/surface_grid_float_1.3.6.1.4.1.14519.5.2.1.6279.6001.741709061958490690246385302477.npy,0.5218964530892448,0.3624846935272217,0.2238759696483612,0.8941176533699036,48.3060302734375,9.4574556350708,0.5126047730445868,0.6700483226776123,0.7155153751373291,4.948881149291992,23,15,8,48.24212646484375,0.11160901380115085,moderate_review,500
detector_top5,1.3.6.1.4.1.14519.5.2.1.6279.6001.156579001330474859527530187095,outputs/luna16_saliency_synthetic_detector_top5_minprob0.5/1.3.6.1.4.1.14519.5.2.1.6279.6001.156579001330474859527530187095/surface_1.3.6.1.4.1.14519.5.2.1.6279.6001.156579001330474859527530187095.png,outputs/luna16_saliency_synthetic_detector_top5_minprob0.5/1.3.6.1.4.1.14519.5.2.1.6279.6001.156579001330474859527530187095/surface_grid_float_1.3.6.1.4.1.14519.5.2.1.6279.6001.156579001330474859527530187095.npy,0.19845971563981044,0.42592498660087585,0.2512706518173218,0.9960784316062927,9.62298583984375,2.344460964202881,0.17653219550848007,0.19170318752527238,0.2590910494327545,1.2814052104949951,13,5,8,0.0,0.11123142069908702,moderate_review,501
detector_top5,1.3.6.1.4.1.14519.5.2.1.6279.6001.334022941831199910030220864961,outputs/luna16_saliency_synthetic_detector_top5_minprob0.5/1.3.6.1.4.1.14519.5.2.1.6279.6001.334022941831199910030220864961/surface_1.3.6.1.4.1.14519.5.2.1.6279.6001.334022941831199910030220864961.png,outputs/luna16_saliency_synthetic_detector_top5_minprob0.5/1.3.6.1.4.1.14519.5.2.1.6279.6001.334022941831199910030220864961/surface_grid_float_1.3.6.1.4.1.14519.5.2.1.6279.6001.334022941831199910030220864961.npy,0.19489688552188553,0.38366103172302246,0.25517475605010986,0.9098039269447327,8.900787353515625,2.146514892578125,0.13320376724004748,0.14537248000502587,0.19607502222061157,1.1588138341903687,13,5,8,0.0,0.11040131297345099,moderate_review,502
detector_top5,1.3.6.1.4.1.14519.5.2.1.6279.6001.113679818447732724990336702075,outputs/luna16_saliency_synthetic_detector_top5_minprob0.5/1.3.6.1.4.1.14519.5.2.1.6279.6001.113679818447732724990336702075/surface_1.3.6.1.4.1.14519.5.2.1.6279.6001.113679818447732724990336702075.png,outputs/luna16_saliency_synthetic_detector_top5_minprob0.5/1.3.6.1.4.1.14519.5.2.1.6279.6001.113679818447732724990336702075/surface_grid_float_1.3.6.1.4.1.14519.5.2.1.6279.6001.113679818447732724990336702075.npy,0.6085530439142607,0.37635305523872375,0.23988470435142517,1.0,44.95729064941406,11.458353996276855,0.5205285251140594,0.6548314929008481,0.7407128214836121,6.998566150665283,18,10,8,44.0,0.1101261317597495,moderate_review,503
detector_top5,1.3.6.1.4.1.14519.5.2.1.6279.6001.272190966764020277652079081128,outputs/luna16_saliency_synthetic_detector_top5_minprob0.5/1.3.6.1.4.1.14519.5.2.1.6279.6001.272190966764020277652079081128/surface_1.3.6.1.4.1.14519.5.2.1.6279.6001.272190966764020277652079081128.png,outputs/luna16_saliency_synthetic_detector_top5_minprob0.5/1.3.6.1.4.1.14519.5.2.1.6279.6001.272190966764020277652079081128/surface_grid_float_1.3.6.1.4.1.14519.5.2.1.6279.6001.272190966764020277652079081128.npy,0.36223759362237595,0.3992393910884857,0.23053239285945892,1.0,44.07804870605469,8.578751564025879,0.5831253886222839,0.9201004076004031,3.9475696086883545,3.898742437362671,33,25,8,41.13706970214844,0.10973029882113139,moderate_review,504
detector_top5,1.3.6.1.4.1.14519.5.2.1.6279.6001.339039410276356623209709113755,outputs/luna16_saliency_synthetic_detector_top5_minprob0.5/1.3.6.1.4.1.14519.5.2.1.6279.6001.339039410276356623209709113755/surface_1.3.6.1.4.1.14519.5.2.1.6279.6001.339039410276356623209709113755.png,outputs/luna16_saliency_synthetic_detector_top5_minprob0.5/1.3.6.1.4.1.14519.5.2.1.6279.6001.339039410276356623209709113755/surface_grid_float_1.3.6.1.4.1.14519.5.2.1.6279.6001.339039410276356623209709113755.npy,0.5859062776304156,0.3391968011856079,0.23817187547683716,1.0,45.66355895996094,9.1674165725708,0.5606048583984374,0.6445494675636292,0.6809214353561401,6.427513122558594,23,15,8,45.0,0.10972577812141841,moderate_review,505
detector_top5,1.3.6.1.4.1.14519.5.2.1.6279.6001.199670099218798685977406484591,outputs/luna16_saliency_synthetic_detector_top5_minprob0.5/1.3.6.1.4.1.14519.5.2.1.6279.6001.199670099218798685977406484591/surface_1.3.6.1.4.1.14519.5.2.1.6279.6001.199670099218798685977406484591.png,outputs/luna16_saliency_synthetic_detector_top5_minprob0.5/1.3.6.1.4.1.14519.5.2.1.6279.6001.199670099218798685977406484591/surface_grid_float_1.3.6.1.4.1.14519.5.2.1.6279.6001.199670099218798685977406484591.npy,0.6255506607929515,0.3334982097148895,0.23682941496372223,0.9411764740943909,47.181610107421875,7.907639980316162,0.6608770340681074,0.8726473873853682,0.9728291034698486,2.120659112930298,23,15,8,46.82160949707031,0.10952801427377594,moderate_review,506
detector_top5,1.3.6.1.4.1.14519.5.2.1.6279.6001.270390050141765094612147226290,outputs/luna16_saliency_synthetic_detector_top5_minprob0.5/1.3.6.1.4.1.14519.5.2.1.6279.6001.270390050141765094612147226290/surface_1.3.6.1.4.1.14519.5.2.1.6279.6001.270390050141765094612147226290.png,outputs/luna16_saliency_synthetic_detector_top5_minprob0.5/1.3.6.1.4.1.14519.5.2.1.6279.6001.270390050141765094612147226290/surface_grid_float_1.3.6.1.4.1.14519.5.2.1.6279.6001.270390050141765094612147226290.npy,0.5314593301435406,0.38422727584838867,0.22562101483345032,0.9450980424880981,49.248329162597656,11.856005668640137,0.3749580979347229,0.4636377239227295,0.4961967170238495,5.979557991027832,18,10,8,49.203834533691406,0.10927758696873985,moderate_review,507
detector_top5,1.3.6.1.4.1.14519.5.2.1.6279.6001.223098610241551815995595311693,outputs/luna16_saliency_synthetic_detector_top5_minprob0.5/1.3.6.1.4.1.14519.5.2.1.6279.6001.223098610241551815995595311693/surface_1.3.6.1.4.1.14519.5.2.1.6279.6001.223098610241551815995595311693.png,outputs/luna16_saliency_synthetic_detector_top5_minprob0.5/1.3.6.1.4.1.14519.5.2.1.6279.6001.223098610241551815995595311693/surface_grid_float_1.3.6.1.4.1.14519.5.2.1.6279.6001.223098610241551815995595311693.npy,0.5495647360740703,0.3193921446800232,0.2251676619052887,0.9450980424880981,50.83818817138672,12.144479751586914,0.3696335166692733,0.41645131796598434,0.44577208161354065,5.373121738433838,18,10,8,50.7653923034668,0.10916412368781035,moderate_review,508
detector_top5,1.3.6.1.4.1.14519.5.2.1.6279.6001.108231420525711026834210228428,outputs/luna16_saliency_synthetic_detector_top5_minprob0.5/1.3.6.1.4.1.14519.5.2.1.6279.6001.108231420525711026834210228428/surface_1.3.6.1.4.1.14519.5.2.1.6279.6001.108231420525711026834210228428.png,outputs/luna16_saliency_synthetic_detector_top5_minprob0.5/1.3.6.1.4.1.14519.5.2.1.6279.6001.108231420525711026834210228428/surface_grid_float_1.3.6.1.4.1.14519.5.2.1.6279.6001.108231420525711026834210228428.npy,0.4137127578304049,0.3481895327568054,0.22068177163600922,0.9411764740943909,44.51580810546875,8.925431251525879,0.4293176114559175,0.591426838040352,0.631430447101593,7.482667922973633,23,15,8,44.423980712890625,0.10856396959026655,moderate_review,509
detector_top5,1.3.6.1.4.1.14519.5.2.1.6279.6001.553241901808946577644850294647,outputs/luna16_saliency_synthetic_detector_top5_minprob0.5/1.3.6.1.4.1.14519.5.2.1.6279.6001.553241901808946577644850294647/surface_1.3.6.1.4.1.14519.5.2.1.6279.6001.553241901808946577644850294647.png,outputs/luna16_saliency_synthetic_detector_top5_minprob0.5/1.3.6.1.4.1.14519.5.2.1.6279.6001.553241901808946577644850294647/surface_grid_float_1.3.6.1.4.1.14519.5.2.1.6279.6001.553241901808946577644850294647.npy,0.5480126096491228,0.33438026905059814,0.22373934090137482,0.8823529481887817,43.7431640625,10.53355884552002,0.48806415945291526,0.7615707224607478,0.8604576587677002,4.9905853271484375,23,15,8,43.0,0.10684258472720785,moderate_review,510
detector_top5,1.3.6.1.4.1.14519.5.2.1.6279.6001.252709517998555732486024866345,outputs/luna16_saliency_synthetic_detector_top5_minprob0.5/1.3.6.1.4.1.14519.5.2.1.6279.6001.252709517998555732486024866345/surface_1.3.6.1.4.1.14519.5.2.1.6279.6001.252709517998555732486024866345.png,outputs/luna16_saliency_synthetic_detector_top5_minprob0.5/1.3.6.1.4.1.14519.5.2.1.6279.6001.252709517998555732486024866345/surface_grid_float_1.3.6.1.4.1.14519.5.2.1.6279.6001.252709517998555732486024866345.npy,0.49179877713909126,0.35564035177230835,0.24278229475021362,1.0,47.14892578125,12.259587287902832,0.4849777966737747,0.5568928569555283,0.5761258602142334,5.183490753173828,18,10,8,47.0,0.10680719701780214,moderate_review,511
detector_top5,1.3.6.1.4.1.14519.5.2.1.6279.6001.927394449308471452920270961822,outputs/luna16_saliency_synthetic_detector_top5_minprob0.5/1.3.6.1.4.1.14519.5.2.1.6279.6001.927394449308471452920270961822/surface_1.3.6.1.4.1.14519.5.2.1.6279.6001.927394449308471452920270961822.png,outputs/luna16_saliency_synthetic_detector_top5_minprob0.5/1.3.6.1.4.1.14519.5.2.1.6279.6001.927394449308471452920270961822/surface_grid_float_1.3.6.1.4.1.14519.5.2.1.6279.6001.927394449308471452920270961822.npy,0.19239722326142078,0.435153067111969,0.27814218401908875,1.0,5.8998260498046875,1.319539189338684,0.13188297674059865,0.15362285152077676,0.21312201023101807,0.8330546617507935,13,5,8,0.0,0.10635169110853529,moderate_review,512
detector_top5,1.3.6.1.4.1.14519.5.2.1.6279.6001.338114620394879648539943280992,outputs/luna16_saliency_synthetic_detector_top5_minprob0.5/1.3.6.1.4.1.14519.5.2.1.6279.6001.338114620394879648539943280992/surface_1.3.6.1.4.1.14519.5.2.1.6279.6001.338114620394879648539943280992.png,outputs/luna16_saliency_synthetic_detector_top5_minprob0.5/1.3.6.1.4.1.14519.5.2.1.6279.6001.338114620394879648539943280992/surface_grid_float_1.3.6.1.4.1.14519.5.2.1.6279.6001.338114620394879648539943280992.npy,0.5722763425611936,0.36538180708885193,0.23014944791793823,0.9921568632125854,42.71101379394531,8.223101615905762,0.5102381855249405,0.8159457594156265,0.9234320521354675,4.566958427429199,18,10,8,42.461204528808594,0.10581219227777587,moderate_review,513
detector_top5,1.3.6.1.4.1.14519.5.2.1.6279.6001.957384617596077920906744920611,outputs/luna16_saliency_synthetic_detector_top5_minprob0.5/1.3.6.1.4.1.14519.5.2.1.6279.6001.957384617596077920906744920611/surface_1.3.6.1.4.1.14519.5.2.1.6279.6001.957384617596077920906744920611.png,outputs/luna16_saliency_synthetic_detector_top5_minprob0.5/1.3.6.1.4.1.14519.5.2.1.6279.6001.957384617596077920906744920611/surface_grid_float_1.3.6.1.4.1.14519.5.2.1.6279.6001.957384617596077920906744920611.npy,0.5512362246601774,0.3120039701461792,0.22627048194408417,0.9019607901573181,47.01683807373047,10.89252758026123,0.3841475248336792,0.4387097507715225,0.6341527104377747,6.323036193847656,18,10,8,46.0,0.10557388085458014,moderate_review,514
detector_top5,1.3.6.1.4.1.14519.5.2.1.6279.6001.330425234131526435132846006585,outputs/luna16_saliency_synthetic_detector_top5_minprob0.5/1.3.6.1.4.1.14519.5.2.1.6279.6001.330425234131526435132846006585/surface_1.3.6.1.4.1.14519.5.2.1.6279.6001.330425234131526435132846006585.png,outputs/luna16_saliency_synthetic_detector_top5_minprob0.5/1.3.6.1.4.1.14519.5.2.1.6279.6001.330425234131526435132846006585/surface_grid_float_1.3.6.1.4.1.14519.5.2.1.6279.6001.330425234131526435132846006585.npy,0.20659115720524018,0.44499093294143677,0.24716418981552124,0.929411768913269,8.725494384765625,1.9017539024353027,0.1595682144165039,0.18514974474906926,0.25415515899658203,1.3636032342910767,13,5,8,0.0,0.10507512256171801,moderate_review,515
detector_top5,1.3.6.1.4.1.14519.5.2.1.6279.6001.218476624578721885561483687176,outputs/luna16_saliency_synthetic_detector_top5_minprob0.5/1.3.6.1.4.1.14519.5.2.1.6279.6001.218476624578721885561483687176/surface_1.3.6.1.4.1.14519.5.2.1.6279.6001.218476624578721885561483687176.png,outputs/luna16_saliency_synthetic_detector_top5_minprob0.5/1.3.6.1.4.1.14519.5.2.1.6279.6001.218476624578721885561483687176/surface_grid_float_1.3.6.1.4.1.14519.5.2.1.6279.6001.218476624578721885561483687176.npy,0.5730933425637476,0.3319811522960663,0.2193244993686676,0.929411768913269,43.26507568359375,8.659443855285645,0.5668366432189934,0.8219155085086814,0.970352292060852,3.6462562084198,23,15,8,42.1143798828125,0.1048687163021829,moderate_review,516
detector_top5,1.3.6.1.4.1.14519.5.2.1.6279.6001.292994770358625142596171316474,outputs/luna16_saliency_synthetic_detector_top5_minprob0.5/1.3.6.1.4.1.14519.5.2.1.6279.6001.292994770358625142596171316474/surface_1.3.6.1.4.1.14519.5.2.1.6279.6001.292994770358625142596171316474.png,outputs/luna16_saliency_synthetic_detector_top5_minprob0.5/1.3.6.1.4.1.14519.5.2.1.6279.6001.292994770358625142596171316474/surface_grid_float_1.3.6.1.4.1.14519.5.2.1.6279.6001.292994770358625142596171316474.npy,0.4350580431177446,0.39110690355300903,0.25437790155410767,1.0,40.40534973144531,10.249528884887695,0.41696967631578435,0.7116506618261343,1.004233479499817,5.601243019104004,18,10,8,39.118064880371094,0.1011389761163129,moderate_review,517
detector_top5,1.3.6.1.4.1.14519.5.2.1.6279.6001.390513733720659266816639651938,outputs/luna16_saliency_synthetic_detector_top5_minprob0.5/1.3.6.1.4.1.14519.5.2.1.6279.6001.390513733720659266816639651938/surface_1.3.6.1.4.1.14519.5.2.1.6279.6001.390513733720659266816639651938.png,outputs/luna16_saliency_synthetic_detector_top5_minprob0.5/1.3.6.1.4.1.14519.5.2.1.6279.6001.390513733720659266816639651938/surface_grid_float_1.3.6.1.4.1.14519.5.2.1.6279.6001.390513733720659266816639651938.npy,0.2116945784842464,0.4082890748977661,0.26453226804733276,1.0,8.063858032226562,1.8746637105941772,0.17598853111267088,0.19527229070663452,0.2613051235675812,1.2239385843276978,13,5,8,0.0,0.10104946506654501,moderate_review,518
detector_top5,1.3.6.1.4.1.14519.5.2.1.6279.6001.219349715895470349269596532320,outputs/luna16_saliency_synthetic_detector_top5_minprob0.5/1.3.6.1.4.1.14519.5.2.1.6279.6001.219349715895470349269596532320/surface_1.3.6.1.4.1.14519.5.2.1.6279.6001.219349715895470349269596532320.png,outputs/luna16_saliency_synthetic_detector_top5_minprob0.5/1.3.6.1.4.1.14519.5.2.1.6279.6001.219349715895470349269596532320/surface_grid_float_1.3.6.1.4.1.14519.5.2.1.6279.6001.219349715895470349269596532320.npy,0.5460284227889862,0.32949143648147583,0.2305583655834198,0.9686274528503418,44.59337615966797,10.513595581054688,0.45131973922252655,0.5386305576562881,0.5622267723083496,4.735174655914307,18,10,8,44.49513244628906,0.10100382067561149,moderate_review,519
detector_top5,1.3.6.1.4.1.14519.5.2.1.6279.6001.116492508532884962903000261147,outputs/luna16_saliency_synthetic_detector_top5_minprob0.5/1.3.6.1.4.1.14519.5.2.1.6279.6001.116492508532884962903000261147/surface_1.3.6.1.4.1.14519.5.2.1.6279.6001.116492508532884962903000261147.png,outputs/luna16_saliency_synthetic_detector_top5_minprob0.5/1.3.6.1.4.1.14519.5.2.1.6279.6001.116492508532884962903000261147/surface_grid_float_1.3.6.1.4.1.14519.5.2.1.6279.6001.116492508532884962903000261147.npy,0.22608497377821693,0.4432124197483063,0.2501535415649414,0.9607843160629272,12.112274169921875,2.9895496368408203,0.18982988297939296,0.22038242936134303,0.9460024237632751,1.429643988609314,18,10,8,4.60943603515625,0.10078416955117823,moderate_review,520
detector_top5,1.3.6.1.4.1.14519.5.2.1.6279.6001.114914167428485563471327801935,outputs/luna16_saliency_synthetic_detector_top5_minprob0.5/1.3.6.1.4.1.14519.5.2.1.6279.6001.114914167428485563471327801935/surface_1.3.6.1.4.1.14519.5.2.1.6279.6001.114914167428485563471327801935.png,outputs/luna16_saliency_synthetic_detector_top5_minprob0.5/1.3.6.1.4.1.14519.5.2.1.6279.6001.114914167428485563471327801935/surface_grid_float_1.3.6.1.4.1.14519.5.2.1.6279.6001.114914167428485563471327801935.npy,0.2412267369203229,0.39533907175064087,0.26541867852211,0.9529411792755127,15.353271484375,3.6904830932617188,0.19112013354897492,0.3111505162715912,0.368681937456131,1.5931426286697388,18,10,8,13.471755981445312,0.10061976857928287,moderate_review,521
detector_top5,1.3.6.1.4.1.14519.5.2.1.6279.6001.307835307280028057486413359377,outputs/luna16_saliency_synthetic_detector_top5_minprob0.5/1.3.6.1.4.1.14519.5.2.1.6279.6001.307835307280028057486413359377/surface_1.3.6.1.4.1.14519.5.2.1.6279.6001.307835307280028057486413359377.png,outputs/luna16_saliency_synthetic_detector_top5_minprob0.5/1.3.6.1.4.1.14519.5.2.1.6279.6001.307835307280028057486413359377/surface_grid_float_1.3.6.1.4.1.14519.5.2.1.6279.6001.307835307280028057486413359377.npy,0.5768705755372845,0.39244624972343445,0.22173450887203217,0.9529411792755127,44.79747009277344,10.42258071899414,0.41595861017704006,0.47099097579717636,0.48538336157798767,5.059607982635498,18,10,8,44.711669921875,0.10003575272328323,moderate_review,522
detector_top5,1.3.6.1.4.1.14519.5.2.1.6279.6001.624425075947752229712087113746,outputs/luna16_saliency_synthetic_detector_top5_minprob0.5/1.3.6.1.4.1.14519.5.2.1.6279.6001.624425075947752229712087113746/surface_1.3.6.1.4.1.14519.5.2.1.6279.6001.624425075947752229712087113746.png,outputs/luna16_saliency_synthetic_detector_top5_minprob0.5/1.3.6.1.4.1.14519.5.2.1.6279.6001.624425075947752229712087113746/surface_grid_float_1.3.6.1.4.1.14519.5.2.1.6279.6001.624425075947752229712087113746.npy,0.4901031555707815,0.4867834746837616,0.2232307642698288,0.8745098114013672,34.90332794189453,8.826388359069824,0.4956042811274528,1.0604882729053358,1.593434453010559,4.476738452911377,23,15,8,33.7037467956543,0.09993516909678735,good_or_low_review,523
detector_top5,1.3.6.1.4.1.14519.5.2.1.6279.6001.208511362832825683639135205368,outputs/luna16_saliency_synthetic_detector_top5_minprob0.5/1.3.6.1.4.1.14519.5.2.1.6279.6001.208511362832825683639135205368/surface_1.3.6.1.4.1.14519.5.2.1.6279.6001.208511362832825683639135205368.png,outputs/luna16_saliency_synthetic_detector_top5_minprob0.5/1.3.6.1.4.1.14519.5.2.1.6279.6001.208511362832825683639135205368/surface_grid_float_1.3.6.1.4.1.14519.5.2.1.6279.6001.208511362832825683639135205368.npy,0.43392756463607807,0.30126771330833435,0.2445237785577774,0.9215686321258545,40.23603820800781,7.065341949462891,0.4215190976858138,0.7795404100418071,4.029351711273193,3.687835454940796,33,25,8,38.61796569824219,0.09864146588113566,good_or_low_review,524
detector_top5,1.3.6.1.4.1.14519.5.2.1.6279.6001.159521777966998275980367008904,outputs/luna16_saliency_synthetic_detector_top5_minprob0.5/1.3.6.1.4.1.14519.5.2.1.6279.6001.159521777966998275980367008904/surface_1.3.6.1.4.1.14519.5.2.1.6279.6001.159521777966998275980367008904.png,outputs/luna16_saliency_synthetic_detector_top5_minprob0.5/1.3.6.1.4.1.14519.5.2.1.6279.6001.159521777966998275980367008904/surface_grid_float_1.3.6.1.4.1.14519.5.2.1.6279.6001.159521777966998275980367008904.npy,0.6801370672338414,0.33986225724220276,0.2292676717042923,0.8823529481887817,42.0628547668457,9.361588478088379,0.460468079149723,0.5388374865055084,0.5598183274269104,5.430352210998535,18,10,8,41.87388610839844,0.09833733189768261,good_or_low_review,525
detector_top5,1.3.6.1.4.1.14519.5.2.1.6279.6001.797637294244261543517154417124,outputs/luna16_saliency_synthetic_detector_top5_minprob0.5/1.3.6.1.4.1.14519.5.2.1.6279.6001.797637294244261543517154417124/surface_1.3.6.1.4.1.14519.5.2.1.6279.6001.797637294244261543517154417124.png,outputs/luna16_saliency_synthetic_detector_top5_minprob0.5/1.3.6.1.4.1.14519.5.2.1.6279.6001.797637294244261543517154417124/surface_grid_float_1.3.6.1.4.1.14519.5.2.1.6279.6001.797637294244261543517154417124.npy,0.2758447981718865,0.5293771028518677,0.23052792251110077,1.0,23.06283187866211,5.363152980804443,0.3191773444414139,0.36304296255111695,0.3731875419616699,2.9469194412231445,18,10,8,14.059074401855469,0.09825245292165807,good_or_low_review,526
detector_top5,1.3.6.1.4.1.14519.5.2.1.6279.6001.487745546557477250336016826588,outputs/luna16_saliency_synthetic_detector_top5_minprob0.5/1.3.6.1.4.1.14519.5.2.1.6279.6001.487745546557477250336016826588/surface_1.3.6.1.4.1.14519.5.2.1.6279.6001.487745546557477250336016826588.png,outputs/luna16_saliency_synthetic_detector_top5_minprob0.5/1.3.6.1.4.1.14519.5.2.1.6279.6001.487745546557477250336016826588/surface_grid_float_1.3.6.1.4.1.14519.5.2.1.6279.6001.487745546557477250336016826588.npy,0.21260162601626018,0.40690386295318604,0.23137475550174713,0.9019607901573181,7.3909759521484375,1.6148464679718018,0.13648924306035043,0.15749267354607582,0.2129090428352356,1.2073891162872314,13,5,8,0.0,0.09823951694718278,good_or_low_review,527
detector_top5,1.3.6.1.4.1.14519.5.2.1.6279.6001.693480911433291675609148051914,outputs/luna16_saliency_synthetic_detector_top5_minprob0.5/1.3.6.1.4.1.14519.5.2.1.6279.6001.693480911433291675609148051914/surface_1.3.6.1.4.1.14519.5.2.1.6279.6001.693480911433291675609148051914.png,outputs/luna16_saliency_synthetic_detector_top5_minprob0.5/1.3.6.1.4.1.14519.5.2.1.6279.6001.693480911433291675609148051914/surface_grid_float_1.3.6.1.4.1.14519.5.2.1.6279.6001.693480911433291675609148051914.npy,0.5641261261261261,0.3544134199619293,0.22226209938526154,0.8588235378265381,40.39826202392578,7.952833652496338,0.5117716372013087,0.7350153827667237,0.8041755557060242,3.960911273956299,18,10,8,40.29682922363281,0.09818292324278088,good_or_low_review,528
detector_top5,1.3.6.1.4.1.14519.5.2.1.6279.6001.140527383975300992150799777603,outputs/luna16_saliency_synthetic_detector_top5_minprob0.5/1.3.6.1.4.1.14519.5.2.1.6279.6001.140527383975300992150799777603/surface_1.3.6.1.4.1.14519.5.2.1.6279.6001.140527383975300992150799777603.png,outputs/luna16_saliency_synthetic_detector_top5_minprob0.5/1.3.6.1.4.1.14519.5.2.1.6279.6001.140527383975300992150799777603/surface_grid_float_1.3.6.1.4.1.14519.5.2.1.6279.6001.140527383975300992150799777603.npy,0.4845733472667158,0.38889482617378235,0.2400025576353073,1.0,37.9854736328125,7.488173484802246,0.5519632220268246,0.9497673821449274,1.1532983779907227,2.3430702686309814,18,10,8,36.0,0.09700896700488194,good_or_low_review,529
detector_top5,1.3.6.1.4.1.14519.5.2.1.6279.6001.199220738144407033276946096708,outputs/luna16_saliency_synthetic_detector_top5_minprob0.5/1.3.6.1.4.1.14519.5.2.1.6279.6001.199220738144407033276946096708/surface_1.3.6.1.4.1.14519.5.2.1.6279.6001.199220738144407033276946096708.png,outputs/luna16_saliency_synthetic_detector_top5_minprob0.5/1.3.6.1.4.1.14519.5.2.1.6279.6001.199220738144407033276946096708/surface_grid_float_1.3.6.1.4.1.14519.5.2.1.6279.6001.199220738144407033276946096708.npy,0.5817070847282327,0.34965261816978455,0.22723890841007233,0.9372549057006836,41.40087127685547,9.285975456237793,0.43637882471084594,0.6020266819000247,0.7116153836250305,3.600278615951538,23,15,8,41.30949401855469,0.09506287173165216,good_or_low_review,530
detector_top5,1.3.6.1.4.1.14519.5.2.1.6279.6001.139713436241461669335487719526,outputs/luna16_saliency_synthetic_detector_top5_minprob0.5/1.3.6.1.4.1.14519.5.2.1.6279.6001.139713436241461669335487719526/surface_1.3.6.1.4.1.14519.5.2.1.6279.6001.139713436241461669335487719526.png,outputs/luna16_saliency_synthetic_detector_top5_minprob0.5/1.3.6.1.4.1.14519.5.2.1.6279.6001.139713436241461669335487719526/surface_grid_float_1.3.6.1.4.1.14519.5.2.1.6279.6001.139713436241461669335487719526.npy,0.5606587615283267,0.35296377539634705,0.23592141270637512,0.9882352948188782,40.745880126953125,9.234685897827148,0.29997585564851764,0.415684602856636,0.4710421860218048,6.162220001220703,18,10,8,40.70153045654297,0.09407416052222252,good_or_low_review,531
detector_top5,1.3.6.1.4.1.14519.5.2.1.6279.6001.663019255629770796363333877035,outputs/luna16_saliency_synthetic_detector_top5_minprob0.5/1.3.6.1.4.1.14519.5.2.1.6279.6001.663019255629770796363333877035/surface_1.3.6.1.4.1.14519.5.2.1.6279.6001.663019255629770796363333877035.png,outputs/luna16_saliency_synthetic_detector_top5_minprob0.5/1.3.6.1.4.1.14519.5.2.1.6279.6001.663019255629770796363333877035/surface_grid_float_1.3.6.1.4.1.14519.5.2.1.6279.6001.663019255629770796363333877035.npy,0.5831857660848301,0.37102416157722473,0.24928107857704163,0.95686274766922,33.317291259765625,6.774711608886719,0.43678508698940277,1.03887683749199,2.2978196144104004,3.1475865840911865,18,10,8,29.802825927734375,0.09368976074457169,good_or_low_review,532
detector_top5,1.3.6.1.4.1.14519.5.2.1.6279.6001.275007193025729362844652516689,outputs/luna16_saliency_synthetic_detector_top5_minprob0.5/1.3.6.1.4.1.14519.5.2.1.6279.6001.275007193025729362844652516689/surface_1.3.6.1.4.1.14519.5.2.1.6279.6001.275007193025729362844652516689.png,outputs/luna16_saliency_synthetic_detector_top5_minprob0.5/1.3.6.1.4.1.14519.5.2.1.6279.6001.275007193025729362844652516689/surface_grid_float_1.3.6.1.4.1.14519.5.2.1.6279.6001.275007193025729362844652516689.npy,0.620735095092243,0.33267733454704285,0.23310154676437378,0.9215686321258545,39.30714797973633,8.068909645080566,0.46345533430576324,0.5210052907466888,0.5450731515884399,4.820289134979248,23,15,8,39.16045379638672,0.09185382565524843,good_or_low_review,533
detector_top5,1.3.6.1.4.1.14519.5.2.1.6279.6001.803987517543436570820681016103,outputs/luna16_saliency_synthetic_detector_top5_minprob0.5/1.3.6.1.4.1.14519.5.2.1.6279.6001.803987517543436570820681016103/surface_1.3.6.1.4.1.14519.5.2.1.6279.6001.803987517543436570820681016103.png,outputs/luna16_saliency_synthetic_detector_top5_minprob0.5/1.3.6.1.4.1.14519.5.2.1.6279.6001.803987517543436570820681016103/surface_grid_float_1.3.6.1.4.1.14519.5.2.1.6279.6001.803987517543436570820681016103.npy,0.42788489375253314,0.33351215720176697,0.2678264379501343,1.0,40.660003662109375,7.871751308441162,0.4129213824868199,0.5288824278116226,0.561606764793396,3.66626238822937,18,10,8,40.60894775390625,0.09178039535615179,good_or_low_review,534
detector_top5,1.3.6.1.4.1.14519.5.2.1.6279.6001.205523326998654833765855998037,outputs/luna16_saliency_synthetic_detector_top5_minprob0.5/1.3.6.1.4.1.14519.5.2.1.6279.6001.205523326998654833765855998037/surface_1.3.6.1.4.1.14519.5.2.1.6279.6001.205523326998654833765855998037.png,outputs/luna16_saliency_synthetic_detector_top5_minprob0.5/1.3.6.1.4.1.14519.5.2.1.6279.6001.205523326998654833765855998037/surface_grid_float_1.3.6.1.4.1.14519.5.2.1.6279.6001.205523326998654833765855998037.npy,0.5783184705203054,0.340801477432251,0.21686995029449463,0.8980392217636108,40.80780792236328,8.807814598083496,0.3411974549293518,0.4124092158675194,0.44198018312454224,5.056273937225342,23,15,8,40.77918243408203,0.09162145398490958,good_or_low_review,535
detector_top5,1.3.6.1.4.1.14519.5.2.1.6279.6001.465032801496479029639448332481,outputs/luna16_saliency_synthetic_detector_top5_minprob0.5/1.3.6.1.4.1.14519.5.2.1.6279.6001.465032801496479029639448332481/surface_1.3.6.1.4.1.14519.5.2.1.6279.6001.465032801496479029639448332481.png,outputs/luna16_saliency_synthetic_detector_top5_minprob0.5/1.3.6.1.4.1.14519.5.2.1.6279.6001.465032801496479029639448332481/surface_grid_float_1.3.6.1.4.1.14519.5.2.1.6279.6001.465032801496479029639448332481.npy,0.23448134481344812,0.5096949338912964,0.2631039023399353,1.0,8.132553100585938,1.7873741388320923,0.1793586529791355,0.2097824580967426,0.27986469864845276,1.323189616203308,13,5,8,0.0,0.08879881038648725,good_or_low_review,536
detector_top5,1.3.6.1.4.1.14519.5.2.1.6279.6001.199282854229880908602362094937,outputs/luna16_saliency_synthetic_detector_top5_minprob0.5/1.3.6.1.4.1.14519.5.2.1.6279.6001.199282854229880908602362094937/surface_1.3.6.1.4.1.14519.5.2.1.6279.6001.199282854229880908602362094937.png,outputs/luna16_saliency_synthetic_detector_top5_minprob0.5/1.3.6.1.4.1.14519.5.2.1.6279.6001.199282854229880908602362094937/surface_grid_float_1.3.6.1.4.1.14519.5.2.1.6279.6001.199282854229880908602362094937.npy,0.6195255474452555,0.3344128429889679,0.2323339432477951,0.8794117718935013,37.41261291503906,9.429669380187988,0.36556599140167234,0.39704364806413645,0.4054078161716461,5.631772518157959,18,10,8,37.0,0.08678071434067355,good_or_low_review,537
detector_top5,1.3.6.1.4.1.14519.5.2.1.6279.6001.272961322147784625028175033640,outputs/luna16_saliency_synthetic_detector_top5_minprob0.5/1.3.6.1.4.1.14519.5.2.1.6279.6001.272961322147784625028175033640/surface_1.3.6.1.4.1.14519.5.2.1.6279.6001.272961322147784625028175033640.png,outputs/luna16_saliency_synthetic_detector_top5_minprob0.5/1.3.6.1.4.1.14519.5.2.1.6279.6001.272961322147784625028175033640/surface_grid_float_1.3.6.1.4.1.14519.5.2.1.6279.6001.272961322147784625028175033640.npy,0.45310387017837594,0.40370017290115356,0.20315149426460266,0.8039215803146362,36.17063903808594,6.025627136230469,0.42827580124139786,0.5447186768054961,0.5897912383079529,4.095880031585693,28,20,8,36.10924530029297,0.08572791432672075,good_or_low_review,538
detector_top5,1.3.6.1.4.1.14519.5.2.1.6279.6001.267957701183569638795986183786,outputs/luna16_saliency_synthetic_detector_top5_minprob0.5/1.3.6.1.4.1.14519.5.2.1.6279.6001.267957701183569638795986183786/surface_1.3.6.1.4.1.14519.5.2.1.6279.6001.267957701183569638795986183786.png,outputs/luna16_saliency_synthetic_detector_top5_minprob0.5/1.3.6.1.4.1.14519.5.2.1.6279.6001.267957701183569638795986183786/surface_grid_float_1.3.6.1.4.1.14519.5.2.1.6279.6001.267957701183569638795986183786.npy,0.667420481706196,0.3638519048690796,0.24350570142269135,1.0,31.86821746826172,5.3690409660339355,0.348125876486301,0.9148779124021534,4.42218542098999,1.9686490297317505,18,10,8,25.26458740234375,0.0849348087741269,good_or_low_review,539
detector_top5,1.3.6.1.4.1.14519.5.2.1.6279.6001.114195693932194925962391697338,outputs/luna16_saliency_synthetic_detector_top5_minprob0.5/1.3.6.1.4.1.14519.5.2.1.6279.6001.114195693932194925962391697338/surface_1.3.6.1.4.1.14519.5.2.1.6279.6001.114195693932194925962391697338.png,outputs/luna16_saliency_synthetic_detector_top5_minprob0.5/1.3.6.1.4.1.14519.5.2.1.6279.6001.114195693932194925962391697338/surface_grid_float_1.3.6.1.4.1.14519.5.2.1.6279.6001.114195693932194925962391697338.npy,0.6617211168427086,0.30920201539993286,0.24015505611896515,1.0,37.83232116699219,8.648979187011719,0.33883678317070004,0.38164695620536804,0.39810431003570557,4.581663608551025,18,10,8,37.806861877441406,0.08468475198348363,good_or_low_review,540
detector_top5,1.3.6.1.4.1.14519.5.2.1.6279.6001.173931884906244951746140865701,outputs/luna16_saliency_synthetic_detector_top5_minprob0.5/1.3.6.1.4.1.14519.5.2.1.6279.6001.173931884906244951746140865701/surface_1.3.6.1.4.1.14519.5.2.1.6279.6001.173931884906244951746140865701.png,outputs/luna16_saliency_synthetic_detector_top5_minprob0.5/1.3.6.1.4.1.14519.5.2.1.6279.6001.173931884906244951746140865701/surface_grid_float_1.3.6.1.4.1.14519.5.2.1.6279.6001.173931884906244951746140865701.npy,0.5889755766621438,0.3686140477657318,0.23146286606788635,0.9215686321258545,31.745391845703125,6.399701118469238,0.40680304169654763,0.8345908749103529,7.594727039337158,2.9739601612091064,18,10,8,12.805747985839844,0.08455551301505826,good_or_low_review,541
detector_top5,1.3.6.1.4.1.14519.5.2.1.6279.6001.295462530340364058116953738925,outputs/luna16_saliency_synthetic_detector_top5_minprob0.5/1.3.6.1.4.1.14519.5.2.1.6279.6001.295462530340364058116953738925/surface_1.3.6.1.4.1.14519.5.2.1.6279.6001.295462530340364058116953738925.png,outputs/luna16_saliency_synthetic_detector_top5_minprob0.5/1.3.6.1.4.1.14519.5.2.1.6279.6001.295462530340364058116953738925/surface_grid_float_1.3.6.1.4.1.14519.5.2.1.6279.6001.295462530340364058116953738925.npy,0.5705920338137309,0.3466319441795349,0.22616076469421387,0.9450980424880981,35.00331115722656,5.958066463470459,0.297295022010803,0.4193919301033027,1.2864558696746826,6.044497966766357,18,10,8,30.0,0.08435282753573525,good_or_low_review,542
detector_top5,1.3.6.1.4.1.14519.5.2.1.6279.6001.122621219961396951727742490470,outputs/luna16_saliency_synthetic_detector_top5_minprob0.5/1.3.6.1.4.1.14519.5.2.1.6279.6001.122621219961396951727742490470/surface_1.3.6.1.4.1.14519.5.2.1.6279.6001.122621219961396951727742490470.png,outputs/luna16_saliency_synthetic_detector_top5_minprob0.5/1.3.6.1.4.1.14519.5.2.1.6279.6001.122621219961396951727742490470/surface_grid_float_1.3.6.1.4.1.14519.5.2.1.6279.6001.122621219961396951727742490470.npy,0.6045557228915662,0.3144952058792114,0.23651957511901855,0.9882352948188782,37.39722442626953,8.513514518737793,0.34145106673240666,0.3978494012355806,0.6255201697349548,4.471407890319824,18,10,8,36.0,0.0842006513926718,good_or_low_review,543
detector_top5,1.3.6.1.4.1.14519.5.2.1.6279.6001.101228986346984399347858840086,outputs/luna16_saliency_synthetic_detector_top5_minprob0.5/1.3.6.1.4.1.14519.5.2.1.6279.6001.101228986346984399347858840086/surface_1.3.6.1.4.1.14519.5.2.1.6279.6001.101228986346984399347858840086.png,outputs/luna16_saliency_synthetic_detector_top5_minprob0.5/1.3.6.1.4.1.14519.5.2.1.6279.6001.101228986346984399347858840086/surface_grid_float_1.3.6.1.4.1.14519.5.2.1.6279.6001.101228986346984399347858840086.npy,0.23582905982905983,0.3855022192001343,0.2512325048446655,1.0,6.6310577392578125,1.8727549314498901,0.1355656787753105,0.1656318114697934,0.22191590070724487,1.2032939195632935,13,5,8,0.0,0.08393524097131248,good_or_low_review,544
detector_top5,1.3.6.1.4.1.14519.5.2.1.6279.6001.198698492013538481395497694975,outputs/luna16_saliency_synthetic_detector_top5_minprob0.5/1.3.6.1.4.1.14519.5.2.1.6279.6001.198698492013538481395497694975/surface_1.3.6.1.4.1.14519.5.2.1.6279.6001.198698492013538481395497694975.png,outputs/luna16_saliency_synthetic_detector_top5_minprob0.5/1.3.6.1.4.1.14519.5.2.1.6279.6001.198698492013538481395497694975/surface_grid_float_1.3.6.1.4.1.14519.5.2.1.6279.6001.198698492013538481395497694975.npy,0.5203940362087327,0.3142271041870117,0.2271328866481781,0.8313725590705872,31.40576171875,6.517414569854736,0.3230217680335047,0.9009592187404591,2.3911359310150146,1.8366410732269287,18,10,8,29.0853271484375,0.0834531373673014,good_or_low_review,545
detector_top5,1.3.6.1.4.1.14519.5.2.1.6279.6001.246758220302211646532176593724,outputs/luna16_saliency_synthetic_detector_top5_minprob0.5/1.3.6.1.4.1.14519.5.2.1.6279.6001.246758220302211646532176593724/surface_1.3.6.1.4.1.14519.5.2.1.6279.6001.246758220302211646532176593724.png,outputs/luna16_saliency_synthetic_detector_top5_minprob0.5/1.3.6.1.4.1.14519.5.2.1.6279.6001.246758220302211646532176593724/surface_grid_float_1.3.6.1.4.1.14519.5.2.1.6279.6001.246758220302211646532176593724.npy,0.5240817378142059,0.3458324372768402,0.25294941663742065,1.0,31.645187377929688,6.919287204742432,0.4129493534564972,0.7674949765205383,0.9600605964660645,3.406785726547241,18,10,8,30.0,0.08333746320671503,good_or_low_review,546
detector_top5,1.3.6.1.4.1.14519.5.2.1.6279.6001.259018373683540453277752706262,outputs/luna16_saliency_synthetic_detector_top5_minprob0.5/1.3.6.1.4.1.14519.5.2.1.6279.6001.259018373683540453277752706262/surface_1.3.6.1.4.1.14519.5.2.1.6279.6001.259018373683540453277752706262.png,outputs/luna16_saliency_synthetic_detector_top5_minprob0.5/1.3.6.1.4.1.14519.5.2.1.6279.6001.259018373683540453277752706262/surface_grid_float_1.3.6.1.4.1.14519.5.2.1.6279.6001.259018373683540453277752706262.npy,0.45861053686650377,0.47392356395721436,0.23160779476165771,0.8980392217636108,35.70086669921875,7.638694763183594,0.28138514459133157,0.41302075803279886,0.4526803493499756,5.0041961669921875,18,10,8,35.59113311767578,0.08301250316633119,good_or_low_review,547
detector_top5,1.3.6.1.4.1.14519.5.2.1.6279.6001.669518152156802508672627785405,outputs/luna16_saliency_synthetic_detector_top5_minprob0.5/1.3.6.1.4.1.14519.5.2.1.6279.6001.669518152156802508672627785405/surface_1.3.6.1.4.1.14519.5.2.1.6279.6001.669518152156802508672627785405.png,outputs/luna16_saliency_synthetic_detector_top5_minprob0.5/1.3.6.1.4.1.14519.5.2.1.6279.6001.669518152156802508672627785405/surface_grid_float_1.3.6.1.4.1.14519.5.2.1.6279.6001.669518152156802508672627785405.npy,0.5572435289334599,0.3393450677394867,0.2288578897714615,0.9176470637321472,36.788124084472656,8.837178230285645,0.29535113275051117,0.44867033958435065,0.5309919714927673,3.626847743988037,18,10,8,36.730133056640625,0.08283331198162502,good_or_low_review,548
detector_top5,1.3.6.1.4.1.14519.5.2.1.6279.6001.319009811633846643966578282371,outputs/luna16_saliency_synthetic_detector_top5_minprob0.5/1.3.6.1.4.1.14519.5.2.1.6279.6001.319009811633846643966578282371/surface_1.3.6.1.4.1.14519.5.2.1.6279.6001.319009811633846643966578282371.png,outputs/luna16_saliency_synthetic_detector_top5_minprob0.5/1.3.6.1.4.1.14519.5.2.1.6279.6001.319009811633846643966578282371/surface_grid_float_1.3.6.1.4.1.14519.5.2.1.6279.6001.319009811633846643966578282371.npy,0.5940519323671497,0.3632986843585968,0.24048909544944763,1.0,33.329254150390625,8.280503273010254,0.3780087068676949,0.474091672301293,0.5218886137008667,5.693939685821533,18,10,8,33.0,0.08242470638818211,good_or_low_review,549
detector_top5,1.3.6.1.4.1.14519.5.2.1.6279.6001.127965161564033605177803085629,outputs/luna16_saliency_synthetic_detector_top5_minprob0.5/1.3.6.1.4.1.14519.5.2.1.6279.6001.127965161564033605177803085629/surface_1.3.6.1.4.1.14519.5.2.1.6279.6001.127965161564033605177803085629.png,outputs/luna16_saliency_synthetic_detector_top5_minprob0.5/1.3.6.1.4.1.14519.5.2.1.6279.6001.127965161564033605177803085629/surface_grid_float_1.3.6.1.4.1.14519.5.2.1.6279.6001.127965161564033605177803085629.npy,0.46750375108584064,0.4435368776321411,0.23588131368160248,1.0,32.99395751953125,6.510605335235596,0.5061815559864044,0.7749098169803619,0.9027984738349915,1.7912667989730835,18,10,8,32.79896545410156,0.08221781659523646,good_or_low_review,550
detector_top5,1.3.6.1.4.1.14519.5.2.1.6279.6001.247769845138587733933485039556,outputs/luna16_saliency_synthetic_detector_top5_minprob0.5/1.3.6.1.4.1.14519.5.2.1.6279.6001.247769845138587733933485039556/surface_1.3.6.1.4.1.14519.5.2.1.6279.6001.247769845138587733933485039556.png,outputs/luna16_saliency_synthetic_detector_top5_minprob0.5/1.3.6.1.4.1.14519.5.2.1.6279.6001.247769845138587733933485039556/surface_grid_float_1.3.6.1.4.1.14519.5.2.1.6279.6001.247769845138587733933485039556.npy,0.6115299898339546,0.305614173412323,0.2136993408203125,0.8705882430076599,33.844215393066406,7.377847671508789,0.308261828124523,0.5636099427938468,2.4707882404327393,3.781787872314453,28,20,8,31.183269500732422,0.08171929698851375,good_or_low_review,551
detector_top5,1.3.6.1.4.1.14519.5.2.1.6279.6001.292194861362266467652267941663,outputs/luna16_saliency_synthetic_detector_top5_minprob0.5/1.3.6.1.4.1.14519.5.2.1.6279.6001.292194861362266467652267941663/surface_1.3.6.1.4.1.14519.5.2.1.6279.6001.292194861362266467652267941663.png,outputs/luna16_saliency_synthetic_detector_top5_minprob0.5/1.3.6.1.4.1.14519.5.2.1.6279.6001.292194861362266467652267941663/surface_grid_float_1.3.6.1.4.1.14519.5.2.1.6279.6001.292194861362266467652267941663.npy,0.5924667036625971,0.34054699540138245,0.24239373207092285,0.9529411792755127,32.92971420288086,6.865108013153076,0.2884540542960164,0.5175826686620729,0.8569432497024536,4.626469135284424,23,15,8,32.79552459716797,0.08069137958751789,good_or_low_review,552
detector_top5,1.3.6.1.4.1.14519.5.2.1.6279.6001.270215889102603268207599305185,outputs/luna16_saliency_synthetic_detector_top5_minprob0.5/1.3.6.1.4.1.14519.5.2.1.6279.6001.270215889102603268207599305185/surface_1.3.6.1.4.1.14519.5.2.1.6279.6001.270215889102603268207599305185.png,outputs/luna16_saliency_synthetic_detector_top5_minprob0.5/1.3.6.1.4.1.14519.5.2.1.6279.6001.270215889102603268207599305185/surface_grid_float_1.3.6.1.4.1.14519.5.2.1.6279.6001.270215889102603268207599305185.npy,0.587803151000177,0.32534199953079224,0.22657595574855804,1.0,31.012771606445312,7.934202671051025,0.35237864255905144,0.6745370984077448,0.9771425127983093,3.8554930686950684,33,25,8,29.641494750976562,0.08049182800451912,good_or_low_review,553
detector_top5,1.3.6.1.4.1.14519.5.2.1.6279.6001.885292267869246639232975687131,outputs/luna16_saliency_synthetic_detector_top5_minprob0.5/1.3.6.1.4.1.14519.5.2.1.6279.6001.885292267869246639232975687131/surface_1.3.6.1.4.1.14519.5.2.1.6279.6001.885292267869246639232975687131.png,outputs/luna16_saliency_synthetic_detector_top5_minprob0.5/1.3.6.1.4.1.14519.5.2.1.6279.6001.885292267869246639232975687131/surface_grid_float_1.3.6.1.4.1.14519.5.2.1.6279.6001.885292267869246639232975687131.npy,0.249120294599018,0.41872093081474304,0.2618400454521179,1.0,7.8751220703125,2.0977399349212646,0.1717943541705608,0.20582238361239433,0.28619804978370667,1.3491464853286743,13,5,8,0.0,0.07994352420304132,good_or_low_review,554
detector_top5,1.3.6.1.4.1.14519.5.2.1.6279.6001.822128649427327893802314908658,outputs/luna16_saliency_synthetic_detector_top5_minprob0.5/1.3.6.1.4.1.14519.5.2.1.6279.6001.822128649427327893802314908658/surface_1.3.6.1.4.1.14519.5.2.1.6279.6001.822128649427327893802314908658.png,outputs/luna16_saliency_synthetic_detector_top5_minprob0.5/1.3.6.1.4.1.14519.5.2.1.6279.6001.822128649427327893802314908658/surface_grid_float_1.3.6.1.4.1.14519.5.2.1.6279.6001.822128649427327893802314908658.npy,0.5412261565139564,0.3426555395126343,0.23426488041877747,0.9960784316062927,32.596458435058594,5.114992618560791,0.39503162801265707,0.6824058473110197,0.8266827464103699,2.273627996444702,18,10,8,32.47340393066406,0.07985211280319424,good_or_low_review,555
detector_top5,1.3.6.1.4.1.14519.5.2.1.6279.6001.300271604576987336866436407488,outputs/luna16_saliency_synthetic_detector_top5_minprob0.5/1.3.6.1.4.1.14519.5.2.1.6279.6001.300271604576987336866436407488/surface_1.3.6.1.4.1.14519.5.2.1.6279.6001.300271604576987336866436407488.png,outputs/luna16_saliency_synthetic_detector_top5_minprob0.5/1.3.6.1.4.1.14519.5.2.1.6279.6001.300271604576987336866436407488/surface_grid_float_1.3.6.1.4.1.14519.5.2.1.6279.6001.300271604576987336866436407488.npy,0.5383299798792757,0.32841411232948303,0.24185889959335327,0.9333333373069763,35.83892822265625,8.533356666564941,0.32404841184616084,0.4024167907238007,0.9956212043762207,3.587200403213501,18,10,8,34.0,0.07977560721106,good_or_low_review,556
detector_top5,1.3.6.1.4.1.14519.5.2.1.6279.6001.193408384740507320589857096592,outputs/luna16_saliency_synthetic_detector_top5_minprob0.5/1.3.6.1.4.1.14519.5.2.1.6279.6001.193408384740507320589857096592/surface_1.3.6.1.4.1.14519.5.2.1.6279.6001.193408384740507320589857096592.png,outputs/luna16_saliency_synthetic_detector_top5_minprob0.5/1.3.6.1.4.1.14519.5.2.1.6279.6001.193408384740507320589857096592/surface_grid_float_1.3.6.1.4.1.14519.5.2.1.6279.6001.193408384740507320589857096592.npy,0.23882579136191553,0.38967257738113403,0.2681267559528351,1.0,5.66802978515625,1.5384160280227661,0.12782175838947296,0.15251068025827408,0.22091397643089294,0.9226228594779968,13,5,8,0.0,0.07960042895916673,good_or_low_review,557
detector_top5,1.3.6.1.4.1.14519.5.2.1.6279.6001.939152384493874708850321969356,outputs/luna16_saliency_synthetic_detector_top5_minprob0.5/1.3.6.1.4.1.14519.5.2.1.6279.6001.939152384493874708850321969356/surface_1.3.6.1.4.1.14519.5.2.1.6279.6001.939152384493874708850321969356.png,outputs/luna16_saliency_synthetic_detector_top5_minprob0.5/1.3.6.1.4.1.14519.5.2.1.6279.6001.939152384493874708850321969356/surface_grid_float_1.3.6.1.4.1.14519.5.2.1.6279.6001.939152384493874708850321969356.npy,0.49737625313283207,0.37097498774528503,0.2285560816526413,0.9176470637321472,28.6322021484375,4.0895233154296875,0.32499388605356205,0.7148116898536667,1.2794129848480225,4.106415748596191,18,10,8,27.080093383789062,0.07829005593988625,good_or_low_review,558
detector_top5,1.3.6.1.4.1.14519.5.2.1.6279.6001.163901773171373940247829492387,outputs/luna16_saliency_synthetic_detector_top5_minprob0.5/1.3.6.1.4.1.14519.5.2.1.6279.6001.163901773171373940247829492387/surface_1.3.6.1.4.1.14519.5.2.1.6279.6001.163901773171373940247829492387.png,outputs/luna16_saliency_synthetic_detector_top5_minprob0.5/1.3.6.1.4.1.14519.5.2.1.6279.6001.163901773171373940247829492387/surface_grid_float_1.3.6.1.4.1.14519.5.2.1.6279.6001.163901773171373940247829492387.npy,0.5727896731892225,0.33857420086860657,0.2373685985803604,1.0,32.52265167236328,6.059032917022705,0.40584703981876374,0.5395105183124556,0.5953882932662964,3.397197723388672,28,20,8,32.39418029785156,0.07793906327750952,good_or_low_review,559
detector_top5,1.3.6.1.4.1.14519.5.2.1.6279.6001.108197895896446896160048741492,outputs/luna16_saliency_synthetic_detector_top5_minprob0.5/1.3.6.1.4.1.14519.5.2.1.6279.6001.108197895896446896160048741492/surface_1.3.6.1.4.1.14519.5.2.1.6279.6001.108197895896446896160048741492.png,outputs/luna16_saliency_synthetic_detector_top5_minprob0.5/1.3.6.1.4.1.14519.5.2.1.6279.6001.108197895896446896160048741492/surface_grid_float_1.3.6.1.4.1.14519.5.2.1.6279.6001.108197895896446896160048741492.npy,0.591443278943279,0.41996249556541443,0.23578110337257385,1.0,31.878009796142578,7.873189449310303,0.34633512794971466,0.5129321962594986,0.8494171500205994,4.041927814483643,23,15,8,31.339370727539062,0.07750004402465291,good_or_low_review,560
detector_top5,1.3.6.1.4.1.14519.5.2.1.6279.6001.230675342744370103160629638194,outputs/luna16_saliency_synthetic_detector_top5_minprob0.5/1.3.6.1.4.1.14519.5.2.1.6279.6001.230675342744370103160629638194/surface_1.3.6.1.4.1.14519.5.2.1.6279.6001.230675342744370103160629638194.png,outputs/luna16_saliency_synthetic_detector_top5_minprob0.5/1.3.6.1.4.1.14519.5.2.1.6279.6001.230675342744370103160629638194/surface_grid_float_1.3.6.1.4.1.14519.5.2.1.6279.6001.230675342744370103160629638194.npy,0.6778219909533041,0.3270210027694702,0.2292577624320984,1.0,33.15843200683594,7.089960098266602,0.29207537323236465,0.35522853881120664,0.6096400022506714,5.202206134796143,18,10,8,30.0,0.07748136758638753,good_or_low_review,561
detector_top5,1.3.6.1.4.1.14519.5.2.1.6279.6001.216882370221919561230873289517,outputs/luna16_saliency_synthetic_detector_top5_minprob0.5/1.3.6.1.4.1.14519.5.2.1.6279.6001.216882370221919561230873289517/surface_1.3.6.1.4.1.14519.5.2.1.6279.6001.216882370221919561230873289517.png,outputs/luna16_saliency_synthetic_detector_top5_minprob0.5/1.3.6.1.4.1.14519.5.2.1.6279.6001.216882370221919561230873289517/surface_grid_float_1.3.6.1.4.1.14519.5.2.1.6279.6001.216882370221919561230873289517.npy,0.5222476387249114,0.30670860409736633,0.22794657945632935,0.9098039269447327,34.38978576660156,7.431821346282959,0.28678873032331464,0.32242700070142744,0.3431714177131653,4.092501163482666,18,10,8,34.31889343261719,0.07608356666200691,good_or_low_review,562
detector_top5,1.3.6.1.4.1.14519.5.2.1.6279.6001.107351566259572521472765997306,outputs/luna16_saliency_synthetic_detector_top5_minprob0.5/1.3.6.1.4.1.14519.5.2.1.6279.6001.107351566259572521472765997306/surface_1.3.6.1.4.1.14519.5.2.1.6279.6001.107351566259572521472765997306.png,outputs/luna16_saliency_synthetic_detector_top5_minprob0.5/1.3.6.1.4.1.14519.5.2.1.6279.6001.107351566259572521472765997306/surface_grid_float_1.3.6.1.4.1.14519.5.2.1.6279.6001.107351566259572521472765997306.npy,0.6011605217212694,0.35425812005996704,0.24295540153980255,0.95686274766922,29.174354553222656,4.440931797027588,0.3280829668045044,0.5583325666189205,1.0470705032348633,4.3389058113098145,33,25,8,29.108566284179688,0.07501591416796051,good_or_low_review,563
detector_top5,1.3.6.1.4.1.14519.5.2.1.6279.6001.768276876111112560631432843476,outputs/luna16_saliency_synthetic_detector_top5_minprob0.5/1.3.6.1.4.1.14519.5.2.1.6279.6001.768276876111112560631432843476/surface_1.3.6.1.4.1.14519.5.2.1.6279.6001.768276876111112560631432843476.png,outputs/luna16_saliency_synthetic_detector_top5_minprob0.5/1.3.6.1.4.1.14519.5.2.1.6279.6001.768276876111112560631432843476/surface_grid_float_1.3.6.1.4.1.14519.5.2.1.6279.6001.768276876111112560631432843476.npy,0.5067203406746956,0.3618268370628357,0.2249484360218048,0.9529411792755127,30.93426513671875,6.048846244812012,0.3707519620656967,0.44290561079978935,0.4926202595233917,4.318624973297119,28,20,8,30.88690185546875,0.0744412212702963,good_or_low_review,564
detector_top5,1.3.6.1.4.1.14519.5.2.1.6279.6001.324290109423920971676288828329,outputs/luna16_saliency_synthetic_detector_top5_minprob0.5/1.3.6.1.4.1.14519.5.2.1.6279.6001.324290109423920971676288828329/surface_1.3.6.1.4.1.14519.5.2.1.6279.6001.324290109423920971676288828329.png,outputs/luna16_saliency_synthetic_detector_top5_minprob0.5/1.3.6.1.4.1.14519.5.2.1.6279.6001.324290109423920971676288828329/surface_grid_float_1.3.6.1.4.1.14519.5.2.1.6279.6001.324290109423920971676288828329.npy,0.5617806621710693,0.36003726720809937,0.23764155805110931,0.9019607901573181,29.768051147460938,5.81497049331665,0.2990264892578125,0.5269223582744597,0.6527189612388611,3.7174713611602783,28,20,8,29.730331420898438,0.07368213679658042,good_or_low_review,565
detector_top5,1.3.6.1.4.1.14519.5.2.1.6279.6001.153985109349433321657655488650,outputs/luna16_saliency_synthetic_detector_top5_minprob0.5/1.3.6.1.4.1.14519.5.2.1.6279.6001.153985109349433321657655488650/surface_1.3.6.1.4.1.14519.5.2.1.6279.6001.153985109349433321657655488650.png,outputs/luna16_saliency_synthetic_detector_top5_minprob0.5/1.3.6.1.4.1.14519.5.2.1.6279.6001.153985109349433321657655488650/surface_grid_float_1.3.6.1.4.1.14519.5.2.1.6279.6001.153985109349433321657655488650.npy,0.247724814687805,0.3843976855278015,0.24174894392490387,0.9647058844566345,5.092803955078125,1.4004098176956177,0.09848750457167624,0.12076607801020146,0.1684393286705017,0.9695205092430115,13,5,8,0.0,0.07270844198818294,good_or_low_review,566
detector_top5,1.3.6.1.4.1.14519.5.2.1.6279.6001.129007566048223160327836686225,outputs/luna16_saliency_synthetic_detector_top5_minprob0.5/1.3.6.1.4.1.14519.5.2.1.6279.6001.129007566048223160327836686225/surface_1.3.6.1.4.1.14519.5.2.1.6279.6001.129007566048223160327836686225.png,outputs/luna16_saliency_synthetic_detector_top5_minprob0.5/1.3.6.1.4.1.14519.5.2.1.6279.6001.129007566048223160327836686225/surface_grid_float_1.3.6.1.4.1.14519.5.2.1.6279.6001.129007566048223160327836686225.npy,0.6229543820938435,0.3449096977710724,0.2362845540046692,0.95686274766922,31.907760620117188,6.3594536781311035,0.3272722423076627,0.37434018194675434,0.3951251804828644,3.144005537033081,28,20,8,31.8751220703125,0.0713964854631159,good_or_low_review,567
detector_top5,1.3.6.1.4.1.14519.5.2.1.6279.6001.184019785706727365023450012318,outputs/luna16_saliency_synthetic_detector_top5_minprob0.5/1.3.6.1.4.1.14519.5.2.1.6279.6001.184019785706727365023450012318/surface_1.3.6.1.4.1.14519.5.2.1.6279.6001.184019785706727365023450012318.png,outputs/luna16_saliency_synthetic_detector_top5_minprob0.5/1.3.6.1.4.1.14519.5.2.1.6279.6001.184019785706727365023450012318/surface_grid_float_1.3.6.1.4.1.14519.5.2.1.6279.6001.184019785706727365023450012318.npy,0.35357396617876935,0.5396527051925659,0.2172461599111557,0.9176470637321472,28.58877182006836,6.3879241943359375,0.2892642885446549,0.43133063375949837,0.4780901372432709,4.672961235046387,13,5,8,0.0,0.07097223034633529,good_or_low_review,568
detector_top5,1.3.6.1.4.1.14519.5.2.1.6279.6001.226383054119800793308721198594,outputs/luna16_saliency_synthetic_detector_top5_minprob0.5/1.3.6.1.4.1.14519.5.2.1.6279.6001.226383054119800793308721198594/surface_1.3.6.1.4.1.14519.5.2.1.6279.6001.226383054119800793308721198594.png,outputs/luna16_saliency_synthetic_detector_top5_minprob0.5/1.3.6.1.4.1.14519.5.2.1.6279.6001.226383054119800793308721198594/surface_grid_float_1.3.6.1.4.1.14519.5.2.1.6279.6001.226383054119800793308721198594.npy,0.6096431583839705,0.368492066860199,0.2674008011817932,1.0,29.453811645507812,5.23578405380249,0.3719045460224148,0.47533053755760196,2.298907518386841,3.3473565578460693,23,15,8,28.770599365234375,0.07078817233112122,good_or_low_review,569
detector_top5,1.3.6.1.4.1.14519.5.2.1.6279.6001.228934821089041845791238006047,outputs/luna16_saliency_synthetic_detector_top5_minprob0.5/1.3.6.1.4.1.14519.5.2.1.6279.6001.228934821089041845791238006047/surface_1.3.6.1.4.1.14519.5.2.1.6279.6001.228934821089041845791238006047.png,outputs/luna16_saliency_synthetic_detector_top5_minprob0.5/1.3.6.1.4.1.14519.5.2.1.6279.6001.228934821089041845791238006047/surface_grid_float_1.3.6.1.4.1.14519.5.2.1.6279.6001.228934821089041845791238006047.npy,0.5404504061038642,0.3111006021499634,0.22737804055213928,0.9137254953384399,30.409530639648438,5.610820293426514,0.231496000289917,0.28590860784053806,1.1416590213775635,5.049148082733154,23,15,8,29.0,0.07048013837403722,good_or_low_review,570
detector_top5,1.3.6.1.4.1.14519.5.2.1.6279.6001.142154819868944114554521645782,outputs/luna16_saliency_synthetic_detector_top5_minprob0.5/1.3.6.1.4.1.14519.5.2.1.6279.6001.142154819868944114554521645782/surface_1.3.6.1.4.1.14519.5.2.1.6279.6001.142154819868944114554521645782.png,outputs/luna16_saliency_synthetic_detector_top5_minprob0.5/1.3.6.1.4.1.14519.5.2.1.6279.6001.142154819868944114554521645782/surface_grid_float_1.3.6.1.4.1.14519.5.2.1.6279.6001.142154819868944114554521645782.npy,0.2603382433169667,0.3644563555717468,0.24894209206104279,0.929411768913269,6.4007568359375,1.7046257257461548,0.14312419593334197,0.1742872454226017,0.24241748452186584,1.1848382949829102,13,5,8,0.0,0.06976480894458668,good_or_low_review,571
detector_top5,1.3.6.1.4.1.14519.5.2.1.6279.6001.240630002689062442926543993263,outputs/luna16_saliency_synthetic_detector_top5_minprob0.5/1.3.6.1.4.1.14519.5.2.1.6279.6001.240630002689062442926543993263/surface_1.3.6.1.4.1.14519.5.2.1.6279.6001.240630002689062442926543993263.png,outputs/luna16_saliency_synthetic_detector_top5_minprob0.5/1.3.6.1.4.1.14519.5.2.1.6279.6001.240630002689062442926543993263/surface_grid_float_1.3.6.1.4.1.14519.5.2.1.6279.6001.240630002689062442926543993263.npy,0.6316335350043215,0.33500877022743225,0.23563545942306519,0.8941176533699036,26.299179077148438,4.982603073120117,0.3109181821346281,0.6983877825736999,5.978937149047852,2.059514045715332,23,15,8,16.898406982421875,0.06936029648515912,good_or_low_review,572
detector_top5,1.3.6.1.4.1.14519.5.2.1.6279.6001.112740418331256326754121315800,outputs/luna16_saliency_synthetic_detector_top5_minprob0.5/1.3.6.1.4.1.14519.5.2.1.6279.6001.112740418331256326754121315800/surface_1.3.6.1.4.1.14519.5.2.1.6279.6001.112740418331256326754121315800.png,outputs/luna16_saliency_synthetic_detector_top5_minprob0.5/1.3.6.1.4.1.14519.5.2.1.6279.6001.112740418331256326754121315800/surface_grid_float_1.3.6.1.4.1.14519.5.2.1.6279.6001.112740418331256326754121315800.npy,0.34138221491316034,0.36575043201446533,0.2185330092906952,0.9019607901573181,28.638702392578125,6.641386032104492,0.2740193843841552,0.3115133202075958,0.32467880845069885,2.7338647842407227,18,10,8,28.534255981445312,0.06807627395766647,good_or_low_review,573
detector_top5,1.3.6.1.4.1.14519.5.2.1.6279.6001.319066480138812986026181758474,outputs/luna16_saliency_synthetic_detector_top5_minprob0.5/1.3.6.1.4.1.14519.5.2.1.6279.6001.319066480138812986026181758474/surface_1.3.6.1.4.1.14519.5.2.1.6279.6001.319066480138812986026181758474.png,outputs/luna16_saliency_synthetic_detector_top5_minprob0.5/1.3.6.1.4.1.14519.5.2.1.6279.6001.319066480138812986026181758474/surface_grid_float_1.3.6.1.4.1.14519.5.2.1.6279.6001.319066480138812986026181758474.npy,0.5557036247334755,0.41630032658576965,0.20917686820030212,0.9960784316062927,26.44763946533203,6.729684829711914,0.26952267438173294,0.5199149250984192,0.8061534762382507,3.75042986869812,18,10,8,25.66303253173828,0.06801113545894623,good_or_low_review,574
detector_top5,1.3.6.1.4.1.14519.5.2.1.6279.6001.417815314896088956784723476543,outputs/luna16_saliency_synthetic_detector_top5_minprob0.5/1.3.6.1.4.1.14519.5.2.1.6279.6001.417815314896088956784723476543/surface_1.3.6.1.4.1.14519.5.2.1.6279.6001.417815314896088956784723476543.png,outputs/luna16_saliency_synthetic_detector_top5_minprob0.5/1.3.6.1.4.1.14519.5.2.1.6279.6001.417815314896088956784723476543/surface_grid_float_1.3.6.1.4.1.14519.5.2.1.6279.6001.417815314896088956784723476543.npy,0.5963883677298312,0.36527448892593384,0.26001793146133423,1.0,22.010086059570312,3.2561891078948975,0.24879392981529236,0.7525547325611155,1.3791487216949463,3.129850149154663,23,15,8,19.0,0.06621534129646102,good_or_low_review,575
detector_top5,1.3.6.1.4.1.14519.5.2.1.6279.6001.216252660192313507027754194207,outputs/luna16_saliency_synthetic_detector_top5_minprob0.5/1.3.6.1.4.1.14519.5.2.1.6279.6001.216252660192313507027754194207/surface_1.3.6.1.4.1.14519.5.2.1.6279.6001.216252660192313507027754194207.png,outputs/luna16_saliency_synthetic_detector_top5_minprob0.5/1.3.6.1.4.1.14519.5.2.1.6279.6001.216252660192313507027754194207/surface_grid_float_1.3.6.1.4.1.14519.5.2.1.6279.6001.216252660192313507027754194207.npy,0.5530059938245444,0.4232988655567169,0.24208959937095642,1.0,26.6727294921875,5.206353664398193,0.3365306407213211,0.4503009468317032,0.48357608914375305,2.6867995262145996,23,15,8,26.608917236328125,0.06393424317240715,good_or_low_review,576
detector_top5,1.3.6.1.4.1.14519.5.2.1.6279.6001.145510611155363050427743946446,outputs/luna16_saliency_synthetic_detector_top5_minprob0.5/1.3.6.1.4.1.14519.5.2.1.6279.6001.145510611155363050427743946446/surface_1.3.6.1.4.1.14519.5.2.1.6279.6001.145510611155363050427743946446.png,outputs/luna16_saliency_synthetic_detector_top5_minprob0.5/1.3.6.1.4.1.14519.5.2.1.6279.6001.145510611155363050427743946446/surface_grid_float_1.3.6.1.4.1.14519.5.2.1.6279.6001.145510611155363050427743946446.npy,0.27802299458173646,0.3512836992740631,0.24814845621585846,0.9215686321258545,7.9117431640625,2.0313117504119873,0.13741172775626181,0.16535843819379803,0.22864659130573273,1.3831424713134766,13,5,8,0.0,0.06235035907070182,good_or_low_review,577
detector_top5,1.3.6.1.4.1.14519.5.2.1.6279.6001.221945191226273284587353530424,outputs/luna16_saliency_synthetic_detector_top5_minprob0.5/1.3.6.1.4.1.14519.5.2.1.6279.6001.221945191226273284587353530424/surface_1.3.6.1.4.1.14519.5.2.1.6279.6001.221945191226273284587353530424.png,outputs/luna16_saliency_synthetic_detector_top5_minprob0.5/1.3.6.1.4.1.14519.5.2.1.6279.6001.221945191226273284587353530424/surface_grid_float_1.3.6.1.4.1.14519.5.2.1.6279.6001.221945191226273284587353530424.npy,0.6135262915129152,0.3307475745677948,0.2454332560300827,1.0,28.150146484375,6.616506576538086,0.27469174414873115,0.3150141483545306,0.7984104156494141,2.466769218444824,18,10,8,27.0,0.06184904463224941,good_or_low_review,578
detector_top5,1.3.6.1.4.1.14519.5.2.1.6279.6001.310548927038333190233889983845,outputs/luna16_saliency_synthetic_detector_top5_minprob0.5/1.3.6.1.4.1.14519.5.2.1.6279.6001.310548927038333190233889983845/surface_1.3.6.1.4.1.14519.5.2.1.6279.6001.310548927038333190233889983845.png,outputs/luna16_saliency_synthetic_detector_top5_minprob0.5/1.3.6.1.4.1.14519.5.2.1.6279.6001.310548927038333190233889983845/surface_grid_float_1.3.6.1.4.1.14519.5.2.1.6279.6001.310548927038333190233889983845.npy,0.28413820321469574,0.3981802463531494,0.23421084880828857,0.8823529481887817,9.690414428710938,2.328813314437866,0.1273107789456844,0.14422838270664215,0.1974916309118271,1.2315109968185425,18,10,8,9.18951416015625,0.060849545748503986,good_or_low_review,579
detector_top5,1.3.6.1.4.1.14519.5.2.1.6279.6001.294188507421106424248264912111,outputs/luna16_saliency_synthetic_detector_top5_minprob0.5/1.3.6.1.4.1.14519.5.2.1.6279.6001.294188507421106424248264912111/surface_1.3.6.1.4.1.14519.5.2.1.6279.6001.294188507421106424248264912111.png,outputs/luna16_saliency_synthetic_detector_top5_minprob0.5/1.3.6.1.4.1.14519.5.2.1.6279.6001.294188507421106424248264912111/surface_grid_float_1.3.6.1.4.1.14519.5.2.1.6279.6001.294188507421106424248264912111.npy,0.6249845719827206,0.33886709809303284,0.2351713329553604,0.9882352948188782,22.960800170898438,5.591670036315918,0.357485893368721,0.5606835901737214,0.6716222763061523,2.311091423034668,23,15,8,22.0,0.060224266707897184,good_or_low_review,580
detector_top5,1.3.6.1.4.1.14519.5.2.1.6279.6001.561458563853929400124470098603,outputs/luna16_saliency_synthetic_detector_top5_minprob0.5/1.3.6.1.4.1.14519.5.2.1.6279.6001.561458563853929400124470098603/surface_1.3.6.1.4.1.14519.5.2.1.6279.6001.561458563853929400124470098603.png,outputs/luna16_saliency_synthetic_detector_top5_minprob0.5/1.3.6.1.4.1.14519.5.2.1.6279.6001.561458563853929400124470098603/surface_grid_float_1.3.6.1.4.1.14519.5.2.1.6279.6001.561458563853929400124470098603.npy,0.5954624990058061,0.33709487318992615,0.24164921045303345,0.9372549057006836,23.18463897705078,5.190220832824707,0.3179295673966407,0.5151563805341657,5.795373916625977,2.3064160346984863,33,25,8,21.694839477539062,0.059221125343772905,good_or_low_review,581
detector_top5,1.3.6.1.4.1.14519.5.2.1.6279.6001.943403138251347598519939390311,outputs/luna16_saliency_synthetic_detector_top5_minprob0.5/1.3.6.1.4.1.14519.5.2.1.6279.6001.943403138251347598519939390311/surface_1.3.6.1.4.1.14519.5.2.1.6279.6001.943403138251347598519939390311.png,outputs/luna16_saliency_synthetic_detector_top5_minprob0.5/1.3.6.1.4.1.14519.5.2.1.6279.6001.943403138251347598519939390311/surface_grid_float_1.3.6.1.4.1.14519.5.2.1.6279.6001.943403138251347598519939390311.npy,0.373386432298819,0.48087868094444275,0.20126383006572723,1.0,26.022613525390625,5.650218963623047,0.28247365802526464,0.3571389892697338,0.39583414793014526,2.1470906734466553,18,10,8,25.0,0.05885650482806896,good_or_low_review,582
detector_top5,1.3.6.1.4.1.14519.5.2.1.6279.6001.162351539386551708034407968929,outputs/luna16_saliency_synthetic_detector_top5_minprob0.5/1.3.6.1.4.1.14519.5.2.1.6279.6001.162351539386551708034407968929/surface_1.3.6.1.4.1.14519.5.2.1.6279.6001.162351539386551708034407968929.png,outputs/luna16_saliency_synthetic_detector_top5_minprob0.5/1.3.6.1.4.1.14519.5.2.1.6279.6001.162351539386551708034407968929/surface_grid_float_1.3.6.1.4.1.14519.5.2.1.6279.6001.162351539386551708034407968929.npy,0.5960081025390284,0.3568912744522095,0.2456192970275879,0.9882352948188782,23.881637573242188,4.721434116363525,0.2925837114453316,0.3302231341600418,0.5112509727478027,3.7408676147460938,23,15,8,23.684982299804688,0.05802246245741843,good_or_low_review,583
detector_top5,1.3.6.1.4.1.14519.5.2.1.6279.6001.168985655485163461062675655739,outputs/luna16_saliency_synthetic_detector_top5_minprob0.5/1.3.6.1.4.1.14519.5.2.1.6279.6001.168985655485163461062675655739/surface_1.3.6.1.4.1.14519.5.2.1.6279.6001.168985655485163461062675655739.png,outputs/luna16_saliency_synthetic_detector_top5_minprob0.5/1.3.6.1.4.1.14519.5.2.1.6279.6001.168985655485163461062675655739/surface_grid_float_1.3.6.1.4.1.14519.5.2.1.6279.6001.168985655485163461062675655739.npy,0.5106842218864667,0.331160306930542,0.2157180905342102,0.8666666746139526,26.508773803710938,6.143104076385498,0.18942805752158165,0.20059476852416988,0.21244747936725616,3.3382089138031006,18,10,8,26.497695922851562,0.05761737475925021,good_or_low_review,584
detector_top5,1.3.6.1.4.1.14519.5.2.1.6279.6001.292576688635952269497781991202,outputs/luna16_saliency_synthetic_detector_top5_minprob0.5/1.3.6.1.4.1.14519.5.2.1.6279.6001.292576688635952269497781991202/surface_1.3.6.1.4.1.14519.5.2.1.6279.6001.292576688635952269497781991202.png,outputs/luna16_saliency_synthetic_detector_top5_minprob0.5/1.3.6.1.4.1.14519.5.2.1.6279.6001.292576688635952269497781991202/surface_grid_float_1.3.6.1.4.1.14519.5.2.1.6279.6001.292576688635952269497781991202.npy,0.6680524344569289,0.3558443784713745,0.26638543605804443,1.0,25.282821655273438,6.1758832931518555,0.2583577185869217,0.2989136639237406,0.3203088939189911,2.474463939666748,18,10,8,25.0,0.056604254764649614,good_or_low_review,585
detector_top5,1.3.6.1.4.1.14519.5.2.1.6279.6001.449254134266555649028108149727,outputs/luna16_saliency_synthetic_detector_top5_minprob0.5/1.3.6.1.4.1.14519.5.2.1.6279.6001.449254134266555649028108149727/surface_1.3.6.1.4.1.14519.5.2.1.6279.6001.449254134266555649028108149727.png,outputs/luna16_saliency_synthetic_detector_top5_minprob0.5/1.3.6.1.4.1.14519.5.2.1.6279.6001.449254134266555649028108149727/surface_grid_float_1.3.6.1.4.1.14519.5.2.1.6279.6001.449254134266555649028108149727.npy,0.6225487115021999,0.33945026993751526,0.22666798532009125,0.9764705896377563,24.123428344726562,4.610422134399414,0.2828939124941825,0.3995726257562638,0.4361633360385895,1.7932559251785278,18,10,8,24.062973022460938,0.05617790584762891,good_or_low_review,586
detector_top5,1.3.6.1.4.1.14519.5.2.1.6279.6001.269075535958871753309238331179,outputs/luna16_saliency_synthetic_detector_top5_minprob0.5/1.3.6.1.4.1.14519.5.2.1.6279.6001.269075535958871753309238331179/surface_1.3.6.1.4.1.14519.5.2.1.6279.6001.269075535958871753309238331179.png,outputs/luna16_saliency_synthetic_detector_top5_minprob0.5/1.3.6.1.4.1.14519.5.2.1.6279.6001.269075535958871753309238331179/surface_grid_float_1.3.6.1.4.1.14519.5.2.1.6279.6001.269075535958871753309238331179.npy,0.6664614647993297,0.304531455039978,0.24075479805469513,0.9490196108818054,24.077117919921875,4.084463596343994,0.3026896983385086,0.37957850217819217,0.40970152616500854,1.97268807888031,33,25,8,24.004989624023438,0.05589963621828291,good_or_low_review,587
detector_top5,1.3.6.1.4.1.14519.5.2.1.6279.6001.117383608379722740629083782428,outputs/luna16_saliency_synthetic_detector_top5_minprob0.5/1.3.6.1.4.1.14519.5.2.1.6279.6001.117383608379722740629083782428/surface_1.3.6.1.4.1.14519.5.2.1.6279.6001.117383608379722740629083782428.png,outputs/luna16_saliency_synthetic_detector_top5_minprob0.5/1.3.6.1.4.1.14519.5.2.1.6279.6001.117383608379722740629083782428/surface_grid_float_1.3.6.1.4.1.14519.5.2.1.6279.6001.117383608379722740629083782428.npy,0.28584942084942083,0.4136572778224945,0.2543276250362396,1.0,6.552459716796875,1.839224100112915,0.140059033036232,0.17043237462639813,0.22829368710517883,1.1526368856430054,13,5,8,0.0,0.05525262653521324,good_or_low_review,588
detector_top5,1.3.6.1.4.1.14519.5.2.1.6279.6001.558286136379689377915919180358,outputs/luna16_saliency_synthetic_detector_top5_minprob0.5/1.3.6.1.4.1.14519.5.2.1.6279.6001.558286136379689377915919180358/surface_1.3.6.1.4.1.14519.5.2.1.6279.6001.558286136379689377915919180358.png,outputs/luna16_saliency_synthetic_detector_top5_minprob0.5/1.3.6.1.4.1.14519.5.2.1.6279.6001.558286136379689377915919180358/surface_grid_float_1.3.6.1.4.1.14519.5.2.1.6279.6001.558286136379689377915919180358.npy,0.2857217409456215,0.3670578896999359,0.2607094943523407,0.9951372551918038,6.245635986328125,1.7535324096679688,0.13344329968094826,0.1620126157999039,0.22487512230873108,1.1095242500305176,13,5,8,0.0,0.05446581497441536,good_or_low_review,589
detector_top5,1.3.6.1.4.1.14519.5.2.1.6279.6001.143782059748737055784173697516,outputs/luna16_saliency_synthetic_detector_top5_minprob0.5/1.3.6.1.4.1.14519.5.2.1.6279.6001.143782059748737055784173697516/surface_1.3.6.1.4.1.14519.5.2.1.6279.6001.143782059748737055784173697516.png,outputs/luna16_saliency_synthetic_detector_top5_minprob0.5/1.3.6.1.4.1.14519.5.2.1.6279.6001.143782059748737055784173697516/surface_grid_float_1.3.6.1.4.1.14519.5.2.1.6279.6001.143782059748737055784173697516.npy,0.4507456140350877,0.35452157258987427,0.2217528373003006,0.9882352948188782,21.067459106445312,4.663518905639648,0.23104468435049053,0.319009230136871,0.3449397385120392,3.3555915355682373,18,10,8,20.45477294921875,0.05213957882722217,good_or_low_review,590
detector_top5,1.3.6.1.4.1.14519.5.2.1.6279.6001.151669338315069779994664893123,outputs/luna16_saliency_synthetic_detector_top5_minprob0.5/1.3.6.1.4.1.14519.5.2.1.6279.6001.151669338315069779994664893123/surface_1.3.6.1.4.1.14519.5.2.1.6279.6001.151669338315069779994664893123.png,outputs/luna16_saliency_synthetic_detector_top5_minprob0.5/1.3.6.1.4.1.14519.5.2.1.6279.6001.151669338315069779994664893123/surface_grid_float_1.3.6.1.4.1.14519.5.2.1.6279.6001.151669338315069779994664893123.npy,0.6458073945758674,0.3416748344898224,0.23939886689186096,0.9843137264251709,21.482925415039062,5.525187015533447,0.19929953068494796,0.2982261323928833,0.34756606817245483,2.9409971237182617,18,10,8,21.0,0.05128720882733663,good_or_low_review,591
detector_top5,1.3.6.1.4.1.14519.5.2.1.6279.6001.245349763807614756148761326488,outputs/luna16_saliency_synthetic_detector_top5_minprob0.5/1.3.6.1.4.1.14519.5.2.1.6279.6001.245349763807614756148761326488/surface_1.3.6.1.4.1.14519.5.2.1.6279.6001.245349763807614756148761326488.png,outputs/luna16_saliency_synthetic_detector_top5_minprob0.5/1.3.6.1.4.1.14519.5.2.1.6279.6001.245349763807614756148761326488/surface_grid_float_1.3.6.1.4.1.14519.5.2.1.6279.6001.245349763807614756148761326488.npy,0.595623470068986,0.3340800702571869,0.2421789914369583,1.0,22.398269653320312,4.9663825035095215,0.20269125998020163,0.264775584936142,1.2902746200561523,2.6194725036621094,18,10,8,21.0,0.051094766978422794,good_or_low_review,592
detector_top5,1.3.6.1.4.1.14519.5.2.1.6279.6001.905371958588660410240398317235,outputs/luna16_saliency_synthetic_detector_top5_minprob0.5/1.3.6.1.4.1.14519.5.2.1.6279.6001.905371958588660410240398317235/surface_1.3.6.1.4.1.14519.5.2.1.6279.6001.905371958588660410240398317235.png,outputs/luna16_saliency_synthetic_detector_top5_minprob0.5/1.3.6.1.4.1.14519.5.2.1.6279.6001.905371958588660410240398317235/surface_grid_float_1.3.6.1.4.1.14519.5.2.1.6279.6001.905371958588660410240398317235.npy,0.4747536945812808,0.3334622383117676,0.24300844967365265,0.9725490212440491,22.376556396484375,5.586902618408203,0.1788899376988411,0.2002965116500854,0.23273807764053345,2.9968769550323486,18,10,8,22.265167236328125,0.04996288257704841,good_or_low_review,593
detector_top5,1.3.6.1.4.1.14519.5.2.1.6279.6001.170706757615202213033480003264,outputs/luna16_saliency_synthetic_detector_top5_minprob0.5/1.3.6.1.4.1.14519.5.2.1.6279.6001.170706757615202213033480003264/surface_1.3.6.1.4.1.14519.5.2.1.6279.6001.170706757615202213033480003264.png,outputs/luna16_saliency_synthetic_detector_top5_minprob0.5/1.3.6.1.4.1.14519.5.2.1.6279.6001.170706757615202213033480003264/surface_grid_float_1.3.6.1.4.1.14519.5.2.1.6279.6001.170706757615202213033480003264.npy,0.49229140654687586,0.3423847258090973,0.2244577556848526,0.9137254953384399,21.473770141601562,5.525554180145264,0.20245289877057066,0.21028553783893586,0.21477599442005157,3.055121660232544,23,15,8,20.979705810546875,0.04888734228279855,good_or_low_review,594
detector_top5,1.3.6.1.4.1.14519.5.2.1.6279.6001.306140003699110313373771452136,outputs/luna16_saliency_synthetic_detector_top5_minprob0.5/1.3.6.1.4.1.14519.5.2.1.6279.6001.306140003699110313373771452136/surface_1.3.6.1.4.1.14519.5.2.1.6279.6001.306140003699110313373771452136.png,outputs/luna16_saliency_synthetic_detector_top5_minprob0.5/1.3.6.1.4.1.14519.5.2.1.6279.6001.306140003699110313373771452136/surface_grid_float_1.3.6.1.4.1.14519.5.2.1.6279.6001.306140003699110313373771452136.npy,0.43106625939243964,0.3998497426509857,0.229733407497406,0.8570588320493813,21.248586654663086,3.86307692527771,0.23330733180046068,0.28949047446250914,0.30462342500686646,2.084380865097046,18,10,8,21.189006805419922,0.04873098280297385,good_or_low_review,595
detector_top5,1.3.6.1.4.1.14519.5.2.1.6279.6001.321465552859463184018938648244,outputs/luna16_saliency_synthetic_detector_top5_minprob0.5/1.3.6.1.4.1.14519.5.2.1.6279.6001.321465552859463184018938648244/surface_1.3.6.1.4.1.14519.5.2.1.6279.6001.321465552859463184018938648244.png,outputs/luna16_saliency_synthetic_detector_top5_minprob0.5/1.3.6.1.4.1.14519.5.2.1.6279.6001.321465552859463184018938648244/surface_grid_float_1.3.6.1.4.1.14519.5.2.1.6279.6001.321465552859463184018938648244.npy,0.5890251273637855,0.31234243512153625,0.23661869764328003,0.9176470637321472,20.348403930664062,4.217678546905518,0.23090240731835365,0.3192657202482223,0.3493550717830658,1.443995714187622,18,10,8,20.258926391601562,0.04670085752341482,good_or_low_review,596
detector_top5,1.3.6.1.4.1.14519.5.2.1.6279.6001.121805476976020513950614465787,outputs/luna16_saliency_synthetic_detector_top5_minprob0.5/1.3.6.1.4.1.14519.5.2.1.6279.6001.121805476976020513950614465787/surface_1.3.6.1.4.1.14519.5.2.1.6279.6001.121805476976020513950614465787.png,outputs/luna16_saliency_synthetic_detector_top5_minprob0.5/1.3.6.1.4.1.14519.5.2.1.6279.6001.121805476976020513950614465787/surface_grid_float_1.3.6.1.4.1.14519.5.2.1.6279.6001.121805476976020513950614465787.npy,0.29986623450120903,0.37760278582572937,0.2329401969909668,0.8784313797950745,6.593109130859375,1.787017583847046,0.11417197585105893,0.13910062223672867,0.19064940512180328,1.2130028009414673,13,5,8,0.0,0.04650496166437986,good_or_low_review,597
detector_top5,1.3.6.1.4.1.14519.5.2.1.6279.6001.170825539570536865106681134236,outputs/luna16_saliency_synthetic_detector_top5_minprob0.5/1.3.6.1.4.1.14519.5.2.1.6279.6001.170825539570536865106681134236/surface_1.3.6.1.4.1.14519.5.2.1.6279.6001.170825539570536865106681134236.png,outputs/luna16_saliency_synthetic_detector_top5_minprob0.5/1.3.6.1.4.1.14519.5.2.1.6279.6001.170825539570536865106681134236/surface_grid_float_1.3.6.1.4.1.14519.5.2.1.6279.6001.170825539570536865106681134236.npy,0.5797984399020668,0.34434476494789124,0.24877524375915527,0.9411764740943909,20.24005126953125,5.010622024536133,0.20233181715011594,0.2212721145153049,0.24100326001644135,2.357116222381592,18,10,8,20.0,0.04560961826774809,good_or_low_review,598
detector_top5,1.3.6.1.4.1.14519.5.2.1.6279.6001.640729228179368154416184318668,outputs/luna16_saliency_synthetic_detector_top5_minprob0.5/1.3.6.1.4.1.14519.5.2.1.6279.6001.640729228179368154416184318668/surface_1.3.6.1.4.1.14519.5.2.1.6279.6001.640729228179368154416184318668.png,outputs/luna16_saliency_synthetic_detector_top5_minprob0.5/1.3.6.1.4.1.14519.5.2.1.6279.6001.640729228179368154416184318668/surface_grid_float_1.3.6.1.4.1.14519.5.2.1.6279.6001.640729228179368154416184318668.npy,0.6125701605534526,0.30533188581466675,0.23341873288154602,0.947921571731572,20.311721801757812,4.662724018096924,0.14099425673484803,0.18154016822576524,0.19980965554714203,2.5214195251464844,18,10,8,20.29405975341797,0.04490222921669483,good_or_low_review,599
detector_top5,1.3.6.1.4.1.14519.5.2.1.6279.6001.237215747217294006286437405216,outputs/luna16_saliency_synthetic_detector_top5_minprob0.5/1.3.6.1.4.1.14519.5.2.1.6279.6001.237215747217294006286437405216/surface_1.3.6.1.4.1.14519.5.2.1.6279.6001.237215747217294006286437405216.png,outputs/luna16_saliency_synthetic_detector_top5_minprob0.5/1.3.6.1.4.1.14519.5.2.1.6279.6001.237215747217294006286437405216/surface_grid_float_1.3.6.1.4.1.14519.5.2.1.6279.6001.237215747217294006286437405216.npy,0.4805897435897436,0.34425318241119385,0.23583605885505676,0.9921568632125854,19.1197509765625,4.191465377807617,0.17231117337942126,0.28769836753606787,1.298828125,1.8282727003097534,18,10,8,17.0,0.04456003087659677,good_or_low_review,600
detector_top5,1.3.6.1.4.1.14519.5.2.1.6279.6001.281489753704424911132261151767,outputs/luna16_saliency_synthetic_detector_top5_minprob0.5/1.3.6.1.4.1.14519.5.2.1.6279.6001.281489753704424911132261151767/surface_1.3.6.1.4.1.14519.5.2.1.6279.6001.281489753704424911132261151767.png,outputs/luna16_saliency_synthetic_detector_top5_minprob0.5/1.3.6.1.4.1.14519.5.2.1.6279.6001.281489753704424911132261151767/surface_grid_float_1.3.6.1.4.1.14519.5.2.1.6279.6001.281489753704424911132261151767.npy,0.36639234296469836,0.5004138946533203,0.23949949443340302,0.9805098050832702,16.442617416381836,3.7821154594421387,0.25866633653640747,0.39068629741668687,0.4741939902305603,2.372249126434326,13,5,8,0.0,0.044396616008546615,good_or_low_review,601
detector_top5,1.3.6.1.4.1.14519.5.2.1.6279.6001.330544495001617450666819906758,outputs/luna16_saliency_synthetic_detector_top5_minprob0.5/1.3.6.1.4.1.14519.5.2.1.6279.6001.330544495001617450666819906758/surface_1.3.6.1.4.1.14519.5.2.1.6279.6001.330544495001617450666819906758.png,outputs/luna16_saliency_synthetic_detector_top5_minprob0.5/1.3.6.1.4.1.14519.5.2.1.6279.6001.330544495001617450666819906758/surface_grid_float_1.3.6.1.4.1.14519.5.2.1.6279.6001.330544495001617450666819906758.npy,0.5605269607843137,0.2997859716415405,0.22238589823246002,0.8352941274642944,19.858184814453125,4.052289962768555,0.16558655127882957,0.20232632800936695,0.6693899035453796,1.9811874628067017,23,15,8,19.508941650390625,0.04356940333727333,good_or_low_review,602
detector_top5,1.3.6.1.4.1.14519.5.2.1.6279.6001.194440094986948071643661798326,outputs/luna16_saliency_synthetic_detector_top5_minprob0.5/1.3.6.1.4.1.14519.5.2.1.6279.6001.194440094986948071643661798326/surface_1.3.6.1.4.1.14519.5.2.1.6279.6001.194440094986948071643661798326.png,outputs/luna16_saliency_synthetic_detector_top5_minprob0.5/1.3.6.1.4.1.14519.5.2.1.6279.6001.194440094986948071643661798326/surface_grid_float_1.3.6.1.4.1.14519.5.2.1.6279.6001.194440094986948071643661798326.npy,0.40910219622558214,0.3880849778652191,0.2461654096841812,0.9333333373069763,15.973182678222656,2.812103271484375,0.16632930785417555,0.390829287171366,1.1499176025390625,1.7569493055343628,18,10,8,13.470123291015625,0.042251181535588433,good_or_low_review,603
detector_top5,1.3.6.1.4.1.14519.5.2.1.6279.6001.227962600322799211676960828223,outputs/luna16_saliency_synthetic_detector_top5_minprob0.5/1.3.6.1.4.1.14519.5.2.1.6279.6001.227962600322799211676960828223/surface_1.3.6.1.4.1.14519.5.2.1.6279.6001.227962600322799211676960828223.png,outputs/luna16_saliency_synthetic_detector_top5_minprob0.5/1.3.6.1.4.1.14519.5.2.1.6279.6001.227962600322799211676960828223/surface_grid_float_1.3.6.1.4.1.14519.5.2.1.6279.6001.227962600322799211676960828223.npy,0.3062094643286092,0.3832434117794037,0.27028408646583557,1.0,5.82183837890625,1.62217378616333,0.12600555270910263,0.15336138084530815,0.20365682244300842,1.0164128541946411,13,5,8,0.0,0.04158576386254138,good_or_low_review,604
detector_top5,1.3.6.1.4.1.14519.5.2.1.6279.6001.414288023902112119945238126594,outputs/luna16_saliency_synthetic_detector_top5_minprob0.5/1.3.6.1.4.1.14519.5.2.1.6279.6001.414288023902112119945238126594/surface_1.3.6.1.4.1.14519.5.2.1.6279.6001.414288023902112119945238126594.png,outputs/luna16_saliency_synthetic_detector_top5_minprob0.5/1.3.6.1.4.1.14519.5.2.1.6279.6001.414288023902112119945238126594/surface_grid_float_1.3.6.1.4.1.14519.5.2.1.6279.6001.414288023902112119945238126594.npy,0.6210012820913725,0.318279504776001,0.24547027051448822,0.9843137264251709,18.955398559570312,4.5214972496032715,0.18814550936222071,0.21602154999971393,0.2456841915845871,1.5368257761001587,18,10,8,18.855850219726562,0.041488145823942287,good_or_low_review,605
detector_top5,1.3.6.1.4.1.14519.5.2.1.6279.6001.196251645377731223510086726530,outputs/luna16_saliency_synthetic_detector_top5_minprob0.5/1.3.6.1.4.1.14519.5.2.1.6279.6001.196251645377731223510086726530/surface_1.3.6.1.4.1.14519.5.2.1.6279.6001.196251645377731223510086726530.png,outputs/luna16_saliency_synthetic_detector_top5_minprob0.5/1.3.6.1.4.1.14519.5.2.1.6279.6001.196251645377731223510086726530/surface_grid_float_1.3.6.1.4.1.14519.5.2.1.6279.6001.196251645377731223510086726530.npy,0.5429244753675233,0.3245543837547302,0.2396366149187088,0.9137254953384399,17.220489501953125,3.8130171298980713,0.20534783229231834,0.2574262991547583,0.2724446654319763,2.0145463943481445,18,10,8,17.197372436523438,0.04090037457644939,good_or_low_review,606
detector_top5,1.3.6.1.4.1.14519.5.2.1.6279.6001.279300249795483097365868125932,outputs/luna16_saliency_synthetic_detector_top5_minprob0.5/1.3.6.1.4.1.14519.5.2.1.6279.6001.279300249795483097365868125932/surface_1.3.6.1.4.1.14519.5.2.1.6279.6001.279300249795483097365868125932.png,outputs/luna16_saliency_synthetic_detector_top5_minprob0.5/1.3.6.1.4.1.14519.5.2.1.6279.6001.279300249795483097365868125932/surface_grid_float_1.3.6.1.4.1.14519.5.2.1.6279.6001.279300249795483097365868125932.npy,0.4184657967576117,0.40592536330223083,0.23633630573749542,1.0,14.27374267578125,2.7236328125,0.19534824565052986,0.40988010972738237,1.759128451347351,1.898979663848877,18,10,8,7.0,0.04030592922667662,good_or_low_review,607
detector_top5,1.3.6.1.4.1.14519.5.2.1.6279.6001.201890795870532056891161597218,outputs/luna16_saliency_synthetic_detector_top5_minprob0.5/1.3.6.1.4.1.14519.5.2.1.6279.6001.201890795870532056891161597218/surface_1.3.6.1.4.1.14519.5.2.1.6279.6001.201890795870532056891161597218.png,outputs/luna16_saliency_synthetic_detector_top5_minprob0.5/1.3.6.1.4.1.14519.5.2.1.6279.6001.201890795870532056891161597218/surface_grid_float_1.3.6.1.4.1.14519.5.2.1.6279.6001.201890795870532056891161597218.npy,0.5799940898345154,0.3488089442253113,0.22960832715034485,0.9882352948188782,18.595977783203125,4.202658653259277,0.17355013191699978,0.18961476683616643,0.1944662183523178,1.3658738136291504,18,10,8,18.57763671875,0.039717014451821644,good_or_low_review,608
detector_top5,1.3.6.1.4.1.14519.5.2.1.6279.6001.254254303842550572473665729969,outputs/luna16_saliency_synthetic_detector_top5_minprob0.5/1.3.6.1.4.1.14519.5.2.1.6279.6001.254254303842550572473665729969/surface_1.3.6.1.4.1.14519.5.2.1.6279.6001.254254303842550572473665729969.png,outputs/luna16_saliency_synthetic_detector_top5_minprob0.5/1.3.6.1.4.1.14519.5.2.1.6279.6001.254254303842550572473665729969/surface_grid_float_1.3.6.1.4.1.14519.5.2.1.6279.6001.254254303842550572473665729969.npy,0.30745317564801805,0.32872626185417175,0.21468718349933624,0.8196078538894653,5.44989013671875,1.3220899105072021,0.099369365721941,0.12270311862230306,0.1772124469280243,1.0019053220748901,13,5,8,0.0,0.0393031711160866,good_or_low_review,609
detector_top5,1.3.6.1.4.1.14519.5.2.1.6279.6001.231834776365874788440767645596,outputs/luna16_saliency_synthetic_detector_top5_minprob0.5/1.3.6.1.4.1.14519.5.2.1.6279.6001.231834776365874788440767645596/surface_1.3.6.1.4.1.14519.5.2.1.6279.6001.231834776365874788440767645596.png,outputs/luna16_saliency_synthetic_detector_top5_minprob0.5/1.3.6.1.4.1.14519.5.2.1.6279.6001.231834776365874788440767645596/surface_grid_float_1.3.6.1.4.1.14519.5.2.1.6279.6001.231834776365874788440767645596.npy,0.6119965227470299,0.33425968885421753,0.23073092103004456,0.9686274528503418,16.81188201904297,4.043150424957275,0.15143960192799563,0.1797641953825951,0.19828292727470398,2.576547622680664,18,10,8,16.79460906982422,0.03913839061028427,good_or_low_review,610
detector_top5,1.3.6.1.4.1.14519.5.2.1.6279.6001.138904664700896606480369521124,outputs/luna16_saliency_synthetic_detector_top5_minprob0.5/1.3.6.1.4.1.14519.5.2.1.6279.6001.138904664700896606480369521124/surface_1.3.6.1.4.1.14519.5.2.1.6279.6001.138904664700896606480369521124.png,outputs/luna16_saliency_synthetic_detector_top5_minprob0.5/1.3.6.1.4.1.14519.5.2.1.6279.6001.138904664700896606480369521124/surface_grid_float_1.3.6.1.4.1.14519.5.2.1.6279.6001.138904664700896606480369521124.npy,0.5816545696933788,0.30730605125427246,0.2229132503271103,0.8627451062202454,14.690261840820312,2.732407569885254,0.14540541395545,0.3437993216514583,0.7478121519088745,1.5976743698120117,33,25,8,13.756561279296875,0.038348136872715405,good_or_low_review,611
detector_top5,1.3.6.1.4.1.14519.5.2.1.6279.6001.221017801605543296514746423389,outputs/luna16_saliency_synthetic_detector_top5_minprob0.5/1.3.6.1.4.1.14519.5.2.1.6279.6001.221017801605543296514746423389/surface_1.3.6.1.4.1.14519.5.2.1.6279.6001.221017801605543296514746423389.png,outputs/luna16_saliency_synthetic_detector_top5_minprob0.5/1.3.6.1.4.1.14519.5.2.1.6279.6001.221017801605543296514746423389/surface_grid_float_1.3.6.1.4.1.14519.5.2.1.6279.6001.221017801605543296514746423389.npy,0.5494972490988427,0.470448762178421,0.21451978385448456,0.9333333373069763,13.390640258789062,2.216254711151123,0.17407872155308715,0.4120063087344155,1.415585994720459,1.2965457439422607,18,10,8,12.6241455078125,0.03755913579099703,good_or_low_review,612
detector_top5,1.3.6.1.4.1.14519.5.2.1.6279.6001.233652865358649579816568545171,outputs/luna16_saliency_synthetic_detector_top5_minprob0.5/1.3.6.1.4.1.14519.5.2.1.6279.6001.233652865358649579816568545171/surface_1.3.6.1.4.1.14519.5.2.1.6279.6001.233652865358649579816568545171.png,outputs/luna16_saliency_synthetic_detector_top5_minprob0.5/1.3.6.1.4.1.14519.5.2.1.6279.6001.233652865358649579816568545171/surface_grid_float_1.3.6.1.4.1.14519.5.2.1.6279.6001.233652865358649579816568545171.npy,0.6183160415003991,0.3835834860801697,0.25896915793418884,1.0,14.85150146484375,3.3767101764678955,0.19133863896131514,0.2415160258114337,0.2608110010623932,2.250640630722046,23,15,8,14.47955322265625,0.03699940683957603,good_or_low_review,613
detector_top5,1.3.6.1.4.1.14519.5.2.1.6279.6001.144943344795414353192059796098,outputs/luna16_saliency_synthetic_detector_top5_minprob0.5/1.3.6.1.4.1.14519.5.2.1.6279.6001.144943344795414353192059796098/surface_1.3.6.1.4.1.14519.5.2.1.6279.6001.144943344795414353192059796098.png,outputs/luna16_saliency_synthetic_detector_top5_minprob0.5/1.3.6.1.4.1.14519.5.2.1.6279.6001.144943344795414353192059796098/surface_grid_float_1.3.6.1.4.1.14519.5.2.1.6279.6001.144943344795414353192059796098.npy,0.5743683409436834,0.3372538685798645,0.22940197587013245,0.9372549057006836,14.292137145996094,3.1207871437072754,0.1680282495915889,0.28221406102180485,0.332159161567688,1.8002344369888306,18,10,8,13.1824951171875,0.03628717137840059,good_or_low_review,614
detector_top5,1.3.6.1.4.1.14519.5.2.1.6279.6001.106379658920626694402549886949,outputs/luna16_saliency_synthetic_detector_top5_minprob0.5/1.3.6.1.4.1.14519.5.2.1.6279.6001.106379658920626694402549886949/surface_1.3.6.1.4.1.14519.5.2.1.6279.6001.106379658920626694402549886949.png,outputs/luna16_saliency_synthetic_detector_top5_minprob0.5/1.3.6.1.4.1.14519.5.2.1.6279.6001.106379658920626694402549886949/surface_grid_float_1.3.6.1.4.1.14519.5.2.1.6279.6001.106379658920626694402549886949.npy,0.4684069240025919,0.4215388000011444,0.22357751429080963,0.9490196108818054,11.350265502929688,2.413339614868164,0.2160871133208272,0.45722868680954004,0.9815608263015747,1.1560931205749512,18,10,8,7.0,0.03520306559933557,good_or_low_review,615
detector_top5,1.3.6.1.4.1.14519.5.2.1.6279.6001.245546033414728092794968890929,outputs/luna16_saliency_synthetic_detector_top5_minprob0.5/1.3.6.1.4.1.14519.5.2.1.6279.6001.245546033414728092794968890929/surface_1.3.6.1.4.1.14519.5.2.1.6279.6001.245546033414728092794968890929.png,outputs/luna16_saliency_synthetic_detector_top5_minprob0.5/1.3.6.1.4.1.14519.5.2.1.6279.6001.245546033414728092794968890929/surface_grid_float_1.3.6.1.4.1.14519.5.2.1.6279.6001.245546033414728092794968890929.npy,0.5582114906267063,0.35200822353363037,0.2369888871908188,0.9215686321258545,13.324081420898438,1.8260854482650757,0.13885174840688702,0.27740675181150454,1.1256444454193115,1.8716912269592285,13,5,8,3.0,0.034688318760196374,good_or_low_review,616
detector_top5,1.3.6.1.4.1.14519.5.2.1.6279.6001.340012777775661021262977442176,outputs/luna16_saliency_synthetic_detector_top5_minprob0.5/1.3.6.1.4.1.14519.5.2.1.6279.6001.340012777775661021262977442176/surface_1.3.6.1.4.1.14519.5.2.1.6279.6001.340012777775661021262977442176.png,outputs/luna16_saliency_synthetic_detector_top5_minprob0.5/1.3.6.1.4.1.14519.5.2.1.6279.6001.340012777775661021262977442176/surface_grid_float_1.3.6.1.4.1.14519.5.2.1.6279.6001.340012777775661021262977442176.npy,0.3199409703006825,0.4020761251449585,0.2311868816614151,0.9686274528503418,6.0974273681640625,1.7531582117080688,0.12883202955126755,0.15632706567645072,0.2157771736383438,1.0834370851516724,13,5,8,0.0,0.03443641728384732,good_or_low_review,617
detector_top5,1.3.6.1.4.1.14519.5.2.1.6279.6001.107109359065300889765026303943,outputs/luna16_saliency_synthetic_detector_top5_minprob0.5/1.3.6.1.4.1.14519.5.2.1.6279.6001.107109359065300889765026303943/surface_1.3.6.1.4.1.14519.5.2.1.6279.6001.107109359065300889765026303943.png,outputs/luna16_saliency_synthetic_detector_top5_minprob0.5/1.3.6.1.4.1.14519.5.2.1.6279.6001.107109359065300889765026303943/surface_grid_float_1.3.6.1.4.1.14519.5.2.1.6279.6001.107109359065300889765026303943.npy,0.6246895502246723,0.3674764931201935,0.2452368140220642,1.0,13.931472778320312,3.5776870250701904,0.1259553045034408,0.22850292801857028,0.33940404653549194,1.8263938426971436,18,10,8,12.861351013183594,0.03413286212152906,good_or_low_review,618
detector_top5,1.3.6.1.4.1.14519.5.2.1.6279.6001.128881800399702510818644205032,outputs/luna16_saliency_synthetic_detector_top5_minprob0.5/1.3.6.1.4.1.14519.5.2.1.6279.6001.128881800399702510818644205032/surface_1.3.6.1.4.1.14519.5.2.1.6279.6001.128881800399702510818644205032.png,outputs/luna16_saliency_synthetic_detector_top5_minprob0.5/1.3.6.1.4.1.14519.5.2.1.6279.6001.128881800399702510818644205032/surface_grid_float_1.3.6.1.4.1.14519.5.2.1.6279.6001.128881800399702510818644205032.npy,0.4717371484676345,0.4262525141239166,0.21891045570373535,1.0,14.556350708007812,3.7886459827423096,0.14912937209010124,0.16818939074873926,0.1996527910232544,1.958631992340088,23,15,8,14.510971069335938,0.03365878177434206,good_or_low_review,619
detector_top5,1.3.6.1.4.1.14519.5.2.1.6279.6001.619372068417051974713149104919,outputs/luna16_saliency_synthetic_detector_top5_minprob0.5/1.3.6.1.4.1.14519.5.2.1.6279.6001.619372068417051974713149104919/surface_1.3.6.1.4.1.14519.5.2.1.6279.6001.619372068417051974713149104919.png,outputs/luna16_saliency_synthetic_detector_top5_minprob0.5/1.3.6.1.4.1.14519.5.2.1.6279.6001.619372068417051974713149104919/surface_grid_float_1.3.6.1.4.1.14519.5.2.1.6279.6001.619372068417051974713149104919.npy,0.5623288012351213,0.31996020674705505,0.23756805062294006,1.0,12.780258178710938,2.785212993621826,0.1400065153837204,0.2633293390274046,0.6569153666496277,1.6963562965393066,13,5,8,5.0,0.032969991127649936,good_or_low_review,620
detector_top5,1.3.6.1.4.1.14519.5.2.1.6279.6001.211051626197585058967163339846,outputs/luna16_saliency_synthetic_detector_top5_minprob0.5/1.3.6.1.4.1.14519.5.2.1.6279.6001.211051626197585058967163339846/surface_1.3.6.1.4.1.14519.5.2.1.6279.6001.211051626197585058967163339846.png,outputs/luna16_saliency_synthetic_detector_top5_minprob0.5/1.3.6.1.4.1.14519.5.2.1.6279.6001.211051626197585058967163339846/surface_grid_float_1.3.6.1.4.1.14519.5.2.1.6279.6001.211051626197585058967163339846.npy,0.7156842178868611,0.2950185537338257,0.23650817573070526,0.9058823585510254,14.324264526367188,3.2794108390808105,0.12731179371476173,0.1489516019821167,0.16820305585861206,1.8105535507202148,18,10,8,14.3017578125,0.03236577460500929,good_or_low_review,621
detector_top5,1.3.6.1.4.1.14519.5.2.1.6279.6001.733642690503782454656013446707,outputs/luna16_saliency_synthetic_detector_top5_minprob0.5/1.3.6.1.4.1.14519.5.2.1.6279.6001.733642690503782454656013446707/surface_1.3.6.1.4.1.14519.5.2.1.6279.6001.733642690503782454656013446707.png,outputs/luna16_saliency_synthetic_detector_top5_minprob0.5/1.3.6.1.4.1.14519.5.2.1.6279.6001.733642690503782454656013446707/surface_grid_float_1.3.6.1.4.1.14519.5.2.1.6279.6001.733642690503782454656013446707.npy,0.46311198795493486,0.37705326080322266,0.22480863332748413,0.9098039269447327,13.099044799804688,2.857027769088745,0.16641918718814847,0.21785862296819689,0.23682600259780884,1.7369463443756104,18,10,8,12.9371337890625,0.03222738078733285,good_or_low_review,622
detector_top5,1.3.6.1.4.1.14519.5.2.1.6279.6001.842980983137518332429408284002,outputs/luna16_saliency_synthetic_detector_top5_minprob0.5/1.3.6.1.4.1.14519.5.2.1.6279.6001.842980983137518332429408284002/surface_1.3.6.1.4.1.14519.5.2.1.6279.6001.842980983137518332429408284002.png,outputs/luna16_saliency_synthetic_detector_top5_minprob0.5/1.3.6.1.4.1.14519.5.2.1.6279.6001.842980983137518332429408284002/surface_grid_float_1.3.6.1.4.1.14519.5.2.1.6279.6001.842980983137518332429408284002.npy,0.5360196056081158,0.39245694875717163,0.25341057777404785,1.0,13.363853454589844,3.3747189044952393,0.12934362888336182,0.14353269681334496,0.16000469028949738,2.054957151412964,18,10,8,13.0,0.031145641442967782,good_or_low_review,623
detector_top5,1.3.6.1.4.1.14519.5.2.1.6279.6001.504845428620607044098514803031,outputs/luna16_saliency_synthetic_detector_top5_minprob0.5/1.3.6.1.4.1.14519.5.2.1.6279.6001.504845428620607044098514803031/surface_1.3.6.1.4.1.14519.5.2.1.6279.6001.504845428620607044098514803031.png,outputs/luna16_saliency_synthetic_detector_top5_minprob0.5/1.3.6.1.4.1.14519.5.2.1.6279.6001.504845428620607044098514803031/surface_grid_float_1.3.6.1.4.1.14519.5.2.1.6279.6001.504845428620607044098514803031.npy,0.6338527168215177,0.31301331520080566,0.23645706474781036,0.886274516582489,13.302677154541016,3.07973313331604,0.13140412643551827,0.16517927929759027,0.18240471184253693,1.7253810167312622,23,15,8,13.288902282714844,0.030960687007009983,good_or_low_review,624
detector_top5,1.3.6.1.4.1.14519.5.2.1.6279.6001.294120933998772507043263238704,outputs/luna16_saliency_synthetic_detector_top5_minprob0.5/1.3.6.1.4.1.14519.5.2.1.6279.6001.294120933998772507043263238704/surface_1.3.6.1.4.1.14519.5.2.1.6279.6001.294120933998772507043263238704.png,outputs/luna16_saliency_synthetic_detector_top5_minprob0.5/1.3.6.1.4.1.14519.5.2.1.6279.6001.294120933998772507043263238704/surface_grid_float_1.3.6.1.4.1.14519.5.2.1.6279.6001.294120933998772507043263238704.npy,0.4327301439370405,0.41178932785987854,0.20005711913108826,0.8666666746139526,12.505615234375,2.872981071472168,0.14036091044545174,0.19709100872278199,0.2180723398923874,1.714311122894287,18,10,8,12.0,0.03056500259207354,good_or_low_review,625
detector_top5,1.3.6.1.4.1.14519.5.2.1.6279.6001.826812708000318290301835871780,outputs/luna16_saliency_synthetic_detector_top5_minprob0.5/1.3.6.1.4.1.14519.5.2.1.6279.6001.826812708000318290301835871780/surface_1.3.6.1.4.1.14519.5.2.1.6279.6001.826812708000318290301835871780.png,outputs/luna16_saliency_synthetic_detector_top5_minprob0.5/1.3.6.1.4.1.14519.5.2.1.6279.6001.826812708000318290301835871780/surface_grid_float_1.3.6.1.4.1.14519.5.2.1.6279.6001.826812708000318290301835871780.npy,0.5752688172043011,0.3267818093299866,0.2122858762741089,0.8666666746139526,11.945663452148438,2.4553349018096924,0.12703198119997972,0.28779227256774903,1.8596352338790894,0.8882594108581543,18,10,8,9.483474731445312,0.03051711706585354,good_or_low_review,626
detector_top5,1.3.6.1.4.1.14519.5.2.1.6279.6001.975426625618184773401026809852,outputs/luna16_saliency_synthetic_detector_top5_minprob0.5/1.3.6.1.4.1.14519.5.2.1.6279.6001.975426625618184773401026809852/surface_1.3.6.1.4.1.14519.5.2.1.6279.6001.975426625618184773401026809852.png,outputs/luna16_saliency_synthetic_detector_top5_minprob0.5/1.3.6.1.4.1.14519.5.2.1.6279.6001.975426625618184773401026809852/surface_grid_float_1.3.6.1.4.1.14519.5.2.1.6279.6001.975426625618184773401026809852.npy,0.5081090497343437,0.408986359834671,0.2527405619621277,1.0,14.04437255859375,3.218712329864502,0.1246243119239807,0.13591094851493835,0.15453338623046875,1.1260498762130737,23,15,8,14.008895874023438,0.02998694911135567,good_or_low_review,627
detector_top5,1.3.6.1.4.1.14519.5.2.1.6279.6001.282512043257574309474415322775,outputs/luna16_saliency_synthetic_detector_top5_minprob0.5/1.3.6.1.4.1.14519.5.2.1.6279.6001.282512043257574309474415322775/surface_1.3.6.1.4.1.14519.5.2.1.6279.6001.282512043257574309474415322775.png,outputs/luna16_saliency_synthetic_detector_top5_minprob0.5/1.3.6.1.4.1.14519.5.2.1.6279.6001.282512043257574309474415322775/surface_grid_float_1.3.6.1.4.1.14519.5.2.1.6279.6001.282512043257574309474415322775.npy,0.5376775271512113,0.35480716824531555,0.24015899002552032,1.0,12.791656494140625,3.3158936500549316,0.12881517112255095,0.14451066911220545,0.16504889726638794,1.9292211532592773,18,10,8,12.6583251953125,0.02994190568195449,good_or_low_review,628
detector_top5,1.3.6.1.4.1.14519.5.2.1.6279.6001.314836406260772370397541392345,outputs/luna16_saliency_synthetic_detector_top5_minprob0.5/1.3.6.1.4.1.14519.5.2.1.6279.6001.314836406260772370397541392345/surface_1.3.6.1.4.1.14519.5.2.1.6279.6001.314836406260772370397541392345.png,outputs/luna16_saliency_synthetic_detector_top5_minprob0.5/1.3.6.1.4.1.14519.5.2.1.6279.6001.314836406260772370397541392345/surface_grid_float_1.3.6.1.4.1.14519.5.2.1.6279.6001.314836406260772370397541392345.npy,0.3508118179398456,0.40085652470588684,0.25734272599220276,1.0,11.604736328125,2.084355354309082,0.15843242853879927,0.1935681873559951,0.3511371910572052,1.9198952913284302,13,5,8,3.0,0.02941470681495136,good_or_low_review,629
detector_top5,1.3.6.1.4.1.14519.5.2.1.6279.6001.910607280658963002048724648683,outputs/luna16_saliency_synthetic_detector_top5_minprob0.5/1.3.6.1.4.1.14519.5.2.1.6279.6001.910607280658963002048724648683/surface_1.3.6.1.4.1.14519.5.2.1.6279.6001.910607280658963002048724648683.png,outputs/luna16_saliency_synthetic_detector_top5_minprob0.5/1.3.6.1.4.1.14519.5.2.1.6279.6001.910607280658963002048724648683/surface_grid_float_1.3.6.1.4.1.14519.5.2.1.6279.6001.910607280658963002048724648683.npy,0.3210621202341472,0.47775062918663025,0.2512972056865692,1.0,3.9245452880859375,1.0686239004135132,0.09610533118247985,0.11647920817136764,0.16217650473117828,0.6963621377944946,13,5,8,0.0,0.028118687770711703,good_or_low_review,630
detector_top5,1.3.6.1.4.1.14519.5.2.1.6279.6001.803808126682275425758092691689,outputs/luna16_saliency_synthetic_detector_top5_minprob0.5/1.3.6.1.4.1.14519.5.2.1.6279.6001.803808126682275425758092691689/surface_1.3.6.1.4.1.14519.5.2.1.6279.6001.803808126682275425758092691689.png,outputs/luna16_saliency_synthetic_detector_top5_minprob0.5/1.3.6.1.4.1.14519.5.2.1.6279.6001.803808126682275425758092691689/surface_grid_float_1.3.6.1.4.1.14519.5.2.1.6279.6001.803808126682275425758092691689.npy,0.6150326797385621,0.42170578241348267,0.232150137424469,1.0,11.266242980957031,2.851480007171631,0.1389450944960117,0.16939928874373436,0.177937850356102,1.1862653493881226,18,10,8,11.229812622070312,0.02649519551810291,good_or_low_review,631
detector_top5,1.3.6.1.4.1.14519.5.2.1.6279.6001.293593766328917170359373773080,outputs/luna16_saliency_synthetic_detector_top5_minprob0.5/1.3.6.1.4.1.14519.5.2.1.6279.6001.293593766328917170359373773080/surface_1.3.6.1.4.1.14519.5.2.1.6279.6001.293593766328917170359373773080.png,outputs/luna16_saliency_synthetic_detector_top5_minprob0.5/1.3.6.1.4.1.14519.5.2.1.6279.6001.293593766328917170359373773080/surface_grid_float_1.3.6.1.4.1.14519.5.2.1.6279.6001.293593766328917170359373773080.npy,0.44878611415871944,0.33899274468421936,0.21753773093223572,0.8313725590705872,11.571807861328125,2.842020273208618,0.10769495032727695,0.12570555210113524,0.1679563969373703,1.5207524299621582,18,10,8,11.561508178710938,0.026436962842941284,good_or_low_review,632
detector_top5,1.3.6.1.4.1.14519.5.2.1.6279.6001.980362852713685276785310240144,outputs/luna16_saliency_synthetic_detector_top5_minprob0.5/1.3.6.1.4.1.14519.5.2.1.6279.6001.980362852713685276785310240144/surface_1.3.6.1.4.1.14519.5.2.1.6279.6001.980362852713685276785310240144.png,outputs/luna16_saliency_synthetic_detector_top5_minprob0.5/1.3.6.1.4.1.14519.5.2.1.6279.6001.980362852713685276785310240144/surface_grid_float_1.3.6.1.4.1.14519.5.2.1.6279.6001.980362852713685276785310240144.npy,0.3364285714285714,0.37287473678588867,0.23886041343212128,0.929411768913269,6.6306304931640625,1.8299083709716797,0.1336874514818191,0.16207782343029975,0.2196306586265564,1.1280341148376465,13,5,8,0.0,0.026175230043082413,good_or_low_review,633
detector_top5,1.3.6.1.4.1.14519.5.2.1.6279.6001.153646219551578201092527860224,outputs/luna16_saliency_synthetic_detector_top5_minprob0.5/1.3.6.1.4.1.14519.5.2.1.6279.6001.153646219551578201092527860224/surface_1.3.6.1.4.1.14519.5.2.1.6279.6001.153646219551578201092527860224.png,outputs/luna16_saliency_synthetic_detector_top5_minprob0.5/1.3.6.1.4.1.14519.5.2.1.6279.6001.153646219551578201092527860224/surface_grid_float_1.3.6.1.4.1.14519.5.2.1.6279.6001.153646219551578201092527860224.npy,0.529787719698699,0.3331942558288574,0.2223682701587677,1.0,10.33367919921875,1.9300538301467896,0.10277101248502718,0.18673071295022958,1.1240417957305908,1.4421366453170776,18,10,8,6.1613616943359375,0.026029468154576088,good_or_low_review,634
detector_top5,1.3.6.1.4.1.14519.5.2.1.6279.6001.279953669991076107785464313394,outputs/luna16_saliency_synthetic_detector_top5_minprob0.5/1.3.6.1.4.1.14519.5.2.1.6279.6001.279953669991076107785464313394/surface_1.3.6.1.4.1.14519.5.2.1.6279.6001.279953669991076107785464313394.png,outputs/luna16_saliency_synthetic_detector_top5_minprob0.5/1.3.6.1.4.1.14519.5.2.1.6279.6001.279953669991076107785464313394/surface_grid_float_1.3.6.1.4.1.14519.5.2.1.6279.6001.279953669991076107785464313394.npy,0.5620349259639716,0.339272141456604,0.22566023468971252,0.9254902005195618,10.015670776367188,1.9853346347808838,0.11198875680565834,0.1904355138540268,0.7732153534889221,1.3661459684371948,13,5,8,3.0,0.025441729972759883,good_or_low_review,635
detector_top5,1.3.6.1.4.1.14519.5.2.1.6279.6001.338447145504282422142824032832,outputs/luna16_saliency_synthetic_detector_top5_minprob0.5/1.3.6.1.4.1.14519.5.2.1.6279.6001.338447145504282422142824032832/surface_1.3.6.1.4.1.14519.5.2.1.6279.6001.338447145504282422142824032832.png,outputs/luna16_saliency_synthetic_detector_top5_minprob0.5/1.3.6.1.4.1.14519.5.2.1.6279.6001.338447145504282422142824032832/surface_grid_float_1.3.6.1.4.1.14519.5.2.1.6279.6001.338447145504282422142824032832.npy,0.4025056215868937,0.5030125975608826,0.22974012792110443,0.9098039269447327,9.958728790283203,2.215693235397339,0.11343150511384009,0.14012912854552267,0.15305288136005402,1.7562626600265503,13,5,8,0.0,0.024704561084674462,good_or_low_review,636
detector_top5,1.3.6.1.4.1.14519.5.2.1.6279.6001.898642529028521482602829374444,outputs/luna16_saliency_synthetic_detector_top5_minprob0.5/1.3.6.1.4.1.14519.5.2.1.6279.6001.898642529028521482602829374444/surface_1.3.6.1.4.1.14519.5.2.1.6279.6001.898642529028521482602829374444.png,outputs/luna16_saliency_synthetic_detector_top5_minprob0.5/1.3.6.1.4.1.14519.5.2.1.6279.6001.898642529028521482602829374444/surface_grid_float_1.3.6.1.4.1.14519.5.2.1.6279.6001.898642529028521482602829374444.npy,0.5482932996207333,0.4495166540145874,0.24465201795101166,1.0,9.588035583496094,2.455504894256592,0.11791524216532705,0.17636151954531692,0.33275938034057617,1.1246165037155151,18,10,8,9.0,0.02377005267822081,good_or_low_review,637
detector_top5,1.3.6.1.4.1.14519.5.2.1.6279.6001.264090899378396711987322794314,outputs/luna16_saliency_synthetic_detector_top5_minprob0.5/1.3.6.1.4.1.14519.5.2.1.6279.6001.264090899378396711987322794314/surface_1.3.6.1.4.1.14519.5.2.1.6279.6001.264090899378396711987322794314.png,outputs/luna16_saliency_synthetic_detector_top5_minprob0.5/1.3.6.1.4.1.14519.5.2.1.6279.6001.264090899378396711987322794314/surface_grid_float_1.3.6.1.4.1.14519.5.2.1.6279.6001.264090899378396711987322794314.npy,0.3474716315963424,0.36239662766456604,0.2378825843334198,0.9764705896377563,7.9847564697265625,2.006725788116455,0.1392702206969261,0.1681151390075684,0.22276604175567627,1.4017032384872437,13,5,8,0.0,0.022911059650245705,good_or_low_review,638
detector_top5,1.3.6.1.4.1.14519.5.2.1.6279.6001.230491296081537726468075344411,outputs/luna16_saliency_synthetic_detector_top5_minprob0.5/1.3.6.1.4.1.14519.5.2.1.6279.6001.230491296081537726468075344411/surface_1.3.6.1.4.1.14519.5.2.1.6279.6001.230491296081537726468075344411.png,outputs/luna16_saliency_synthetic_detector_top5_minprob0.5/1.3.6.1.4.1.14519.5.2.1.6279.6001.230491296081537726468075344411/surface_grid_float_1.3.6.1.4.1.14519.5.2.1.6279.6001.230491296081537726468075344411.npy,0.46941841143236956,0.35270053148269653,0.2294764667749405,1.0,9.206802368164062,2.122539520263672,0.1018180012702942,0.15132275700569128,0.6058099269866943,1.1501648426055908,23,15,8,6.4914398193359375,0.02244027519623438,good_or_low_review,639
detector_top5,1.3.6.1.4.1.14519.5.2.1.6279.6001.202476538079060560282495099956,outputs/luna16_saliency_synthetic_detector_top5_minprob0.5/1.3.6.1.4.1.14519.5.2.1.6279.6001.202476538079060560282495099956/surface_1.3.6.1.4.1.14519.5.2.1.6279.6001.202476538079060560282495099956.png,outputs/luna16_saliency_synthetic_detector_top5_minprob0.5/1.3.6.1.4.1.14519.5.2.1.6279.6001.202476538079060560282495099956/surface_grid_float_1.3.6.1.4.1.14519.5.2.1.6279.6001.202476538079060560282495099956.npy,0.34150920169877513,0.34826529026031494,0.2562025487422943,0.9686274528503418,6.260833740234375,1.7492870092391968,0.12479677014052865,0.15182304158806798,0.20807123184204102,1.1160547733306885,13,5,8,0.0,0.02232142061010236,good_or_low_review,640
detector_top5,1.3.6.1.4.1.14519.5.2.1.6279.6001.250481236093201801255751845296,outputs/luna16_saliency_synthetic_detector_top5_minprob0.5/1.3.6.1.4.1.14519.5.2.1.6279.6001.250481236093201801255751845296/surface_1.3.6.1.4.1.14519.5.2.1.6279.6001.250481236093201801255751845296.png,outputs/luna16_saliency_synthetic_detector_top5_minprob0.5/1.3.6.1.4.1.14519.5.2.1.6279.6001.250481236093201801255751845296/surface_grid_float_1.3.6.1.4.1.14519.5.2.1.6279.6001.250481236093201801255751845296.npy,0.5212137958753046,0.31757065653800964,0.2152986377477646,0.8666666746139526,8.611572265625,1.3788279294967651,0.0935848988592624,0.18202085986733438,0.5352932214736938,0.9565891027450562,13,5,8,4.0,0.021938999800384044,good_or_low_review,641
detector_top5,1.3.6.1.4.1.14519.5.2.1.6279.6001.162845309248822193437735868939,outputs/luna16_saliency_synthetic_detector_top5_minprob0.5/1.3.6.1.4.1.14519.5.2.1.6279.6001.162845309248822193437735868939/surface_1.3.6.1.4.1.14519.5.2.1.6279.6001.162845309248822193437735868939.png,outputs/luna16_saliency_synthetic_detector_top5_minprob0.5/1.3.6.1.4.1.14519.5.2.1.6279.6001.162845309248822193437735868939/surface_grid_float_1.3.6.1.4.1.14519.5.2.1.6279.6001.162845309248822193437735868939.npy,0.5823339729239954,0.2943403720855713,0.23348331451416016,0.929411768913269,8.7440185546875,2.043503522872925,0.1060635793954134,0.1555989505350589,0.2240646630525589,0.9613598585128784,18,10,8,6.2853851318359375,0.021377688015003993,good_or_low_review,642
detector_top5,1.3.6.1.4.1.14519.5.2.1.6279.6001.244590453955380448651329424024,outputs/luna16_saliency_synthetic_detector_top5_minprob0.5/1.3.6.1.4.1.14519.5.2.1.6279.6001.244590453955380448651329424024/surface_1.3.6.1.4.1.14519.5.2.1.6279.6001.244590453955380448651329424024.png,outputs/luna16_saliency_synthetic_detector_top5_minprob0.5/1.3.6.1.4.1.14519.5.2.1.6279.6001.244590453955380448651329424024/surface_grid_float_1.3.6.1.4.1.14519.5.2.1.6279.6001.244590453955380448651329424024.npy,0.5461554936817306,0.320980042219162,0.22268831729888916,0.9607843160629272,8.777297973632812,1.6865119934082031,0.09209988266229627,0.12280442699790002,0.13193155825138092,0.9731193780899048,18,10,8,8.763534545898438,0.020475450272858145,good_or_low_review,643
detector_top5,1.3.6.1.4.1.14519.5.2.1.6279.6001.592821488053137951302246128864,outputs/luna16_saliency_synthetic_detector_top5_minprob0.5/1.3.6.1.4.1.14519.5.2.1.6279.6001.592821488053137951302246128864/surface_1.3.6.1.4.1.14519.5.2.1.6279.6001.592821488053137951302246128864.png,outputs/luna16_saliency_synthetic_detector_top5_minprob0.5/1.3.6.1.4.1.14519.5.2.1.6279.6001.592821488053137951302246128864/surface_grid_float_1.3.6.1.4.1.14519.5.2.1.6279.6001.592821488053137951302246128864.npy,0.5471835075493612,0.37955304980278015,0.21982641518115997,0.886274516582489,7.0044708251953125,1.4275614023208618,0.10089016705751408,0.22544714719057085,0.5470691323280334,0.9122597575187683,13,5,8,4.0,0.020464776363306573,good_or_low_review,644
detector_top5,1.3.6.1.4.1.14519.5.2.1.6279.6001.329326052298830421573852261436,outputs/luna16_saliency_synthetic_detector_top5_minprob0.5/1.3.6.1.4.1.14519.5.2.1.6279.6001.329326052298830421573852261436/surface_1.3.6.1.4.1.14519.5.2.1.6279.6001.329326052298830421573852261436.png,outputs/luna16_saliency_synthetic_detector_top5_minprob0.5/1.3.6.1.4.1.14519.5.2.1.6279.6001.329326052298830421573852261436/surface_grid_float_1.3.6.1.4.1.14519.5.2.1.6279.6001.329326052298830421573852261436.npy,0.5599657714586624,0.3274719715118408,0.23007766902446747,0.8666666746139526,8.801498413085938,2.171520709991455,0.09211200103163719,0.102761569544673,0.1404007226228714,1.1264026165008545,18,10,8,8.60272216796875,0.020255128033707537,good_or_low_review,645
detector_top5,1.3.6.1.4.1.14519.5.2.1.6279.6001.707218743153927597786179232739,outputs/luna16_saliency_synthetic_detector_top5_minprob0.5/1.3.6.1.4.1.14519.5.2.1.6279.6001.707218743153927597786179232739/surface_1.3.6.1.4.1.14519.5.2.1.6279.6001.707218743153927597786179232739.png,outputs/luna16_saliency_synthetic_detector_top5_minprob0.5/1.3.6.1.4.1.14519.5.2.1.6279.6001.707218743153927597786179232739/surface_grid_float_1.3.6.1.4.1.14519.5.2.1.6279.6001.707218743153927597786179232739.npy,0.42969058591178405,0.39590901136398315,0.21763570606708527,0.9019607901573181,7.7892913818359375,1.4594143629074097,0.10050560310482977,0.15293576747179022,0.4024653136730194,0.826927125453949,13,5,8,3.0,0.019407841161555712,good_or_low_review,646
detector_top5,1.3.6.1.4.1.14519.5.2.1.6279.6001.213022585153512920098588556742,outputs/luna16_saliency_synthetic_detector_top5_minprob0.5/1.3.6.1.4.1.14519.5.2.1.6279.6001.213022585153512920098588556742/surface_1.3.6.1.4.1.14519.5.2.1.6279.6001.213022585153512920098588556742.png,outputs/luna16_saliency_synthetic_detector_top5_minprob0.5/1.3.6.1.4.1.14519.5.2.1.6279.6001.213022585153512920098588556742/surface_grid_float_1.3.6.1.4.1.14519.5.2.1.6279.6001.213022585153512920098588556742.npy,0.38388625592417064,0.4953281879425049,0.22493085265159607,0.9137254953384399,7.80108642578125,1.791492223739624,0.08486347310245036,0.11735944405198097,0.1269679069519043,1.207845687866211,13,5,8,0.0,0.01920669555978642,good_or_low_review,647
detector_top5,1.3.6.1.4.1.14519.5.2.1.6279.6001.255999614855292116767517149228,outputs/luna16_saliency_synthetic_detector_top5_minprob0.5/1.3.6.1.4.1.14519.5.2.1.6279.6001.255999614855292116767517149228/surface_1.3.6.1.4.1.14519.5.2.1.6279.6001.255999614855292116767517149228.png,outputs/luna16_saliency_synthetic_detector_top5_minprob0.5/1.3.6.1.4.1.14519.5.2.1.6279.6001.255999614855292116767517149228/surface_grid_float_1.3.6.1.4.1.14519.5.2.1.6279.6001.255999614855292116767517149228.npy,0.5589154704944178,0.38703668117523193,0.2394067794084549,0.9803921580314636,7.135162353515625,1.7323861122131348,0.09266454279422755,0.1681043095886709,0.9428150057792664,0.9335834980010986,18,10,8,5.39385986328125,0.019009696539077497,good_or_low_review,648
detector_top5,1.3.6.1.4.1.14519.5.2.1.6279.6001.185154482385982570363528682299,outputs/luna16_saliency_synthetic_detector_top5_minprob0.5/1.3.6.1.4.1.14519.5.2.1.6279.6001.185154482385982570363528682299/surface_1.3.6.1.4.1.14519.5.2.1.6279.6001.185154482385982570363528682299.png,outputs/luna16_saliency_synthetic_detector_top5_minprob0.5/1.3.6.1.4.1.14519.5.2.1.6279.6001.185154482385982570363528682299/surface_grid_float_1.3.6.1.4.1.14519.5.2.1.6279.6001.185154482385982570363528682299.npy,0.6381965944272446,0.33225017786026,0.2435789704322815,0.9764705896377563,6.7891082763671875,1.723857045173645,0.13579961657524106,0.16202862694859504,0.220427006483078,1.1490706205368042,13,5,8,0.0,0.018729529536929395,good_or_low_review,649
detector_top5,1.3.6.1.4.1.14519.5.2.1.6279.6001.173556680294801532247454313511,outputs/luna16_saliency_synthetic_detector_top5_minprob0.5/1.3.6.1.4.1.14519.5.2.1.6279.6001.173556680294801532247454313511/surface_1.3.6.1.4.1.14519.5.2.1.6279.6001.173556680294801532247454313511.png,outputs/luna16_saliency_synthetic_detector_top5_minprob0.5/1.3.6.1.4.1.14519.5.2.1.6279.6001.173556680294801532247454313511/surface_grid_float_1.3.6.1.4.1.14519.5.2.1.6279.6001.173556680294801532247454313511.npy,0.3452991452991453,0.4011154770851135,0.24400077760219574,1.0,5.72869873046875,1.415820837020874,0.1124154545366764,0.134070778042078,0.1830904185771942,0.9652757048606873,13,5,8,0.0,0.01840121436682557,good_or_low_review,650
detector_top5,1.3.6.1.4.1.14519.5.2.1.6279.6001.122763913896761494371822656720,outputs/luna16_saliency_synthetic_detector_top5_minprob0.5/1.3.6.1.4.1.14519.5.2.1.6279.6001.122763913896761494371822656720/surface_1.3.6.1.4.1.14519.5.2.1.6279.6001.122763913896761494371822656720.png,outputs/luna16_saliency_synthetic_detector_top5_minprob0.5/1.3.6.1.4.1.14519.5.2.1.6279.6001.122763913896761494371822656720/surface_grid_float_1.3.6.1.4.1.14519.5.2.1.6279.6001.122763913896761494371822656720.npy,0.6439438613043991,0.3455711305141449,0.23039855062961578,0.9058823585510254,7.296173095703125,1.4093831777572632,0.11403728313744069,0.138715654015541,0.24677294492721558,0.9165461659431458,13,5,8,3.0,0.01835852737095621,good_or_low_review,651
detector_top5,1.3.6.1.4.1.14519.5.2.1.6279.6001.268030488196493755113553009785,outputs/luna16_saliency_synthetic_detector_top5_minprob0.5/1.3.6.1.4.1.14519.5.2.1.6279.6001.268030488196493755113553009785/surface_1.3.6.1.4.1.14519.5.2.1.6279.6001.268030488196493755113553009785.png,outputs/luna16_saliency_synthetic_detector_top5_minprob0.5/1.3.6.1.4.1.14519.5.2.1.6279.6001.268030488196493755113553009785/surface_grid_float_1.3.6.1.4.1.14519.5.2.1.6279.6001.268030488196493755113553009785.npy,0.3617559629131573,0.35890936851501465,0.24539236724376678,0.9490196108818054,6.7386016845703125,1.80484139919281,0.12752602994441986,0.15225978195667267,0.20687834918498993,1.15093195438385,13,5,8,0.0,0.018356422831614812,good_or_low_review,652
detector_top5,1.3.6.1.4.1.14519.5.2.1.6279.6001.300693623747082239407271583452,outputs/luna16_saliency_synthetic_detector_top5_minprob0.5/1.3.6.1.4.1.14519.5.2.1.6279.6001.300693623747082239407271583452/surface_1.3.6.1.4.1.14519.5.2.1.6279.6001.300693623747082239407271583452.png,outputs/luna16_saliency_synthetic_detector_top5_minprob0.5/1.3.6.1.4.1.14519.5.2.1.6279.6001.300693623747082239407271583452/surface_grid_float_1.3.6.1.4.1.14519.5.2.1.6279.6001.300693623747082239407271583452.npy,0.5805335968379447,0.3422864079475403,0.24662478268146515,1.0,6.388397216796875,1.85154390335083,0.13434881418943403,0.1632822842895985,0.21893608570098877,1.150131344795227,13,5,8,0.0,0.018101644656227694,good_or_low_review,653
detector_top5,1.3.6.1.4.1.14519.5.2.1.6279.6001.140253591510022414496468423138,outputs/luna16_saliency_synthetic_detector_top5_minprob0.5/1.3.6.1.4.1.14519.5.2.1.6279.6001.140253591510022414496468423138/surface_1.3.6.1.4.1.14519.5.2.1.6279.6001.140253591510022414496468423138.png,outputs/luna16_saliency_synthetic_detector_top5_minprob0.5/1.3.6.1.4.1.14519.5.2.1.6279.6001.140253591510022414496468423138/surface_grid_float_1.3.6.1.4.1.14519.5.2.1.6279.6001.140253591510022414496468423138.npy,0.5470355731225296,0.35092321038246155,0.23877336084842682,0.9686274528503418,7.110809326171875,1.6833833456039429,0.09727245979011058,0.11692622989416122,0.15132789313793182,1.2190961837768555,13,5,8,1.0,0.018068238404393196,good_or_low_review,654
detector_top5,1.3.6.1.4.1.14519.5.2.1.6279.6001.310626494937915759224334597176,outputs/luna16_saliency_synthetic_detector_top5_minprob0.5/1.3.6.1.4.1.14519.5.2.1.6279.6001.310626494937915759224334597176/surface_1.3.6.1.4.1.14519.5.2.1.6279.6001.310626494937915759224334597176.png,outputs/luna16_saliency_synthetic_detector_top5_minprob0.5/1.3.6.1.4.1.14519.5.2.1.6279.6001.310626494937915759224334597176/surface_grid_float_1.3.6.1.4.1.14519.5.2.1.6279.6001.310626494937915759224334597176.npy,0.44203415349261066,0.345755010843277,0.24897679686546326,0.9450980424880981,6.0260467529296875,1.5999038219451904,0.14471432119607908,0.17680399999022484,0.24185533821582794,1.222241759300232,13,5,8,0.0,0.018063624053034518,good_or_low_review,655
detector_top5,1.3.6.1.4.1.14519.5.2.1.6279.6001.286061375572911414226912429210,outputs/luna16_saliency_synthetic_detector_top5_minprob0.5/1.3.6.1.4.1.14519.5.2.1.6279.6001.286061375572911414226912429210/surface_1.3.6.1.4.1.14519.5.2.1.6279.6001.286061375572911414226912429210.png,outputs/luna16_saliency_synthetic_detector_top5_minprob0.5/1.3.6.1.4.1.14519.5.2.1.6279.6001.286061375572911414226912429210/surface_grid_float_1.3.6.1.4.1.14519.5.2.1.6279.6001.286061375572911414226912429210.npy,0.47270629918015905,0.3546714186668396,0.24036921560764313,1.0,6.4457244873046875,1.554341197013855,0.13714881613850594,0.1628756746649742,0.2244461476802826,1.0867432355880737,13,5,8,0.0,0.018044129353430537,good_or_low_review,656
detector_top5,1.3.6.1.4.1.14519.5.2.1.6279.6001.163931625580639955914619627409,outputs/luna16_saliency_synthetic_detector_top5_minprob0.5/1.3.6.1.4.1.14519.5.2.1.6279.6001.163931625580639955914619627409/surface_1.3.6.1.4.1.14519.5.2.1.6279.6001.163931625580639955914619627409.png,outputs/luna16_saliency_synthetic_detector_top5_minprob0.5/1.3.6.1.4.1.14519.5.2.1.6279.6001.163931625580639955914619627409/surface_grid_float_1.3.6.1.4.1.14519.5.2.1.6279.6001.163931625580639955914619627409.npy,0.5406741573033708,0.3335392475128174,0.22996389865875244,0.9058823585510254,6.5379791259765625,1.7803118228912354,0.12784945070743559,0.15154309377074243,0.2112979143857956,1.0932068824768066,13,5,8,0.0,0.017872273317476116,good_or_low_review,657
detector_top5,1.3.6.1.4.1.14519.5.2.1.6279.6001.129055977637338639741695800950,outputs/luna16_saliency_synthetic_detector_top5_minprob0.5/1.3.6.1.4.1.14519.5.2.1.6279.6001.129055977637338639741695800950/surface_1.3.6.1.4.1.14519.5.2.1.6279.6001.129055977637338639741695800950.png,outputs/luna16_saliency_synthetic_detector_top5_minprob0.5/1.3.6.1.4.1.14519.5.2.1.6279.6001.129055977637338639741695800950/surface_grid_float_1.3.6.1.4.1.14519.5.2.1.6279.6001.129055977637338639741695800950.npy,0.5059974216691889,0.29624903202056885,0.23401646316051483,0.9215686321258545,6.744171142578125,1.7969273328781128,0.11362196579575537,0.13515348881483077,0.18702104687690735,1.121959924697876,13,5,8,0.0,0.017788134179181524,good_or_low_review,658
detector_top5,1.3.6.1.4.1.14519.5.2.1.6279.6001.316911475886263032009840828684,outputs/luna16_saliency_synthetic_detector_top5_minprob0.5/1.3.6.1.4.1.14519.5.2.1.6279.6001.316911475886263032009840828684/surface_1.3.6.1.4.1.14519.5.2.1.6279.6001.316911475886263032009840828684.png,outputs/luna16_saliency_synthetic_detector_top5_minprob0.5/1.3.6.1.4.1.14519.5.2.1.6279.6001.316911475886263032009840828684/surface_grid_float_1.3.6.1.4.1.14519.5.2.1.6279.6001.316911475886263032009840828684.npy,0.42173160867522885,0.30171725153923035,0.23080803453922272,0.8941176533699036,6.76934814453125,1.8778305053710938,0.10975548475980755,0.13029109060764307,0.18560399115085602,1.1162906885147095,13,5,8,0.0,0.017671625600258506,good_or_low_review,659
detector_top5,1.3.6.1.4.1.14519.5.2.1.6279.6001.275766318636944297772360944907,outputs/luna16_saliency_synthetic_detector_top5_minprob0.5/1.3.6.1.4.1.14519.5.2.1.6279.6001.275766318636944297772360944907/surface_1.3.6.1.4.1.14519.5.2.1.6279.6001.275766318636944297772360944907.png,outputs/luna16_saliency_synthetic_detector_top5_minprob0.5/1.3.6.1.4.1.14519.5.2.1.6279.6001.275766318636944297772360944907/surface_grid_float_1.3.6.1.4.1.14519.5.2.1.6279.6001.275766318636944297772360944907.npy,0.6183977455716586,0.3435308039188385,0.21945127844810486,0.95686274766922,7.119224548339844,1.8499207496643066,0.07503496780991557,0.08931249573826788,0.09711148589849472,1.282399296760559,18,10,8,7.0,0.017394525334404574,good_or_low_review,660
detector_top5,1.3.6.1.4.1.14519.5.2.1.6279.6001.126264578931778258890371755354,outputs/luna16_saliency_synthetic_detector_top5_minprob0.5/1.3.6.1.4.1.14519.5.2.1.6279.6001.126264578931778258890371755354/surface_1.3.6.1.4.1.14519.5.2.1.6279.6001.126264578931778258890371755354.png,outputs/luna16_saliency_synthetic_detector_top5_minprob0.5/1.3.6.1.4.1.14519.5.2.1.6279.6001.126264578931778258890371755354/surface_grid_float_1.3.6.1.4.1.14519.5.2.1.6279.6001.126264578931778258890371755354.npy,0.41044237007238266,0.31203514337539673,0.22717876732349396,0.8666666746139526,6.290374755859375,1.7167407274246216,0.1226480811834335,0.1485150277614592,0.20964889228343964,1.0932708978652954,13,5,8,0.0,0.017368899643421167,good_or_low_review,661
detector_top5,1.3.6.1.4.1.14519.5.2.1.6279.6001.133132722052053001903031735878,outputs/luna16_saliency_synthetic_detector_top5_minprob0.5/1.3.6.1.4.1.14519.5.2.1.6279.6001.133132722052053001903031735878/surface_1.3.6.1.4.1.14519.5.2.1.6279.6001.133132722052053001903031735878.png,outputs/luna16_saliency_synthetic_detector_top5_minprob0.5/1.3.6.1.4.1.14519.5.2.1.6279.6001.133132722052053001903031735878/surface_grid_float_1.3.6.1.4.1.14519.5.2.1.6279.6001.133132722052053001903031735878.npy,0.6172352440628143,0.37669289112091064,0.24065817892551422,1.0,7.17779541015625,1.8124831914901733,0.08248679563403126,0.10155946731567383,0.13779059052467346,1.0463488101959229,18,10,8,6.8412628173828125,0.017334995947943792,good_or_low_review,662
detector_top5,1.3.6.1.4.1.14519.5.2.1.6279.6001.106419850406056634877579573537,outputs/luna16_saliency_synthetic_detector_top5_minprob0.5/1.3.6.1.4.1.14519.5.2.1.6279.6001.106419850406056634877579573537/surface_1.3.6.1.4.1.14519.5.2.1.6279.6001.106419850406056634877579573537.png,outputs/luna16_saliency_synthetic_detector_top5_minprob0.5/1.3.6.1.4.1.14519.5.2.1.6279.6001.106419850406056634877579573537/surface_grid_float_1.3.6.1.4.1.14519.5.2.1.6279.6001.106419850406056634877579573537.npy,0.5335573333333333,0.32704687118530273,0.22807687520980835,0.9215686321258545,7.2294921875,1.7216747999191284,0.08253915458917618,0.10918018773198125,0.12777204811573029,0.8567736148834229,18,10,8,5.0,0.017228500644200374,good_or_low_review,663
detector_top5,1.3.6.1.4.1.14519.5.2.1.6279.6001.171667800241622018839592854574,outputs/luna16_saliency_synthetic_detector_top5_minprob0.5/1.3.6.1.4.1.14519.5.2.1.6279.6001.171667800241622018839592854574/surface_1.3.6.1.4.1.14519.5.2.1.6279.6001.171667800241622018839592854574.png,outputs/luna16_saliency_synthetic_detector_top5_minprob0.5/1.3.6.1.4.1.14519.5.2.1.6279.6001.171667800241622018839592854574/surface_grid_float_1.3.6.1.4.1.14519.5.2.1.6279.6001.171667800241622018839592854574.npy,0.34596720214190096,0.35982078313827515,0.23797962069511414,1.0,5.209228515625,1.387520670890808,0.1060084506869316,0.12976666644215584,0.17910201847553253,1.0471794605255127,13,5,8,0.0,0.017206568906054535,good_or_low_review,664
detector_top5,1.3.6.1.4.1.14519.5.2.1.6279.6001.892375496445736188832556446335,outputs/luna16_saliency_synthetic_detector_top5_minprob0.5/1.3.6.1.4.1.14519.5.2.1.6279.6001.892375496445736188832556446335/surface_1.3.6.1.4.1.14519.5.2.1.6279.6001.892375496445736188832556446335.png,outputs/luna16_saliency_synthetic_detector_top5_minprob0.5/1.3.6.1.4.1.14519.5.2.1.6279.6001.892375496445736188832556446335/surface_grid_float_1.3.6.1.4.1.14519.5.2.1.6279.6001.892375496445736188832556446335.npy,0.44281076066790354,0.3387337923049927,0.25114765763282776,1.0,6.1855010986328125,1.773386001586914,0.12144048996269703,0.14770692124962806,0.20140308141708374,1.1083632707595825,13,5,8,0.0,0.017203405625787045,good_or_low_review,665
detector_top5,1.3.6.1.4.1.14519.5.2.1.6279.6001.164790817284381538042494285101,outputs/luna16_saliency_synthetic_detector_top5_minprob0.5/1.3.6.1.4.1.14519.5.2.1.6279.6001.164790817284381538042494285101/surface_1.3.6.1.4.1.14519.5.2.1.6279.6001.164790817284381538042494285101.png,outputs/luna16_saliency_synthetic_detector_top5_minprob0.5/1.3.6.1.4.1.14519.5.2.1.6279.6001.164790817284381538042494285101/surface_grid_float_1.3.6.1.4.1.14519.5.2.1.6279.6001.164790817284381538042494285101.npy,0.475802518200047,0.33679500222206116,0.2313719242811203,0.8901960849761963,6.144134521484375,1.6543859243392944,0.1260445892810821,0.15181127071380618,0.2086596041917801,1.0744072198867798,13,5,8,0.0,0.017182133923636544,good_or_low_review,666
detector_top5,1.3.6.1.4.1.14519.5.2.1.6279.6001.139595277234735528205899724196,outputs/luna16_saliency_synthetic_detector_top5_minprob0.5/1.3.6.1.4.1.14519.5.2.1.6279.6001.139595277234735528205899724196/surface_1.3.6.1.4.1.14519.5.2.1.6279.6001.139595277234735528205899724196.png,outputs/luna16_saliency_synthetic_detector_top5_minprob0.5/1.3.6.1.4.1.14519.5.2.1.6279.6001.139595277234735528205899724196/surface_grid_float_1.3.6.1.4.1.14519.5.2.1.6279.6001.139595277234735528205899724196.npy,0.3270583096746014,0.40681108832359314,0.2398824542760849,0.8705882430076599,1.566986083984375,0.3790655732154846,0.026719143241643907,0.030920552164316186,0.04490560293197632,0.21165598928928375,13,5,8,0.0,0.017119144009901027,good_or_low_review,667
detector_top5,1.3.6.1.4.1.14519.5.2.1.6279.6001.801945620899034889998809817499,outputs/luna16_saliency_synthetic_detector_top5_minprob0.5/1.3.6.1.4.1.14519.5.2.1.6279.6001.801945620899034889998809817499/surface_1.3.6.1.4.1.14519.5.2.1.6279.6001.801945620899034889998809817499.png,outputs/luna16_saliency_synthetic_detector_top5_minprob0.5/1.3.6.1.4.1.14519.5.2.1.6279.6001.801945620899034889998809817499/surface_grid_float_1.3.6.1.4.1.14519.5.2.1.6279.6001.801945620899034889998809817499.npy,0.4773676688836366,0.321721613407135,0.24319468438625336,1.0,6.35003662109375,1.7538427114486694,0.1120945785194635,0.1352685736119747,0.1860162317752838,1.1130257844924927,13,5,8,0.0,0.017114842209054362,good_or_low_review,668
detector_top5,1.3.6.1.4.1.14519.5.2.1.6279.6001.313835996725364342034830119490,outputs/luna16_saliency_synthetic_detector_top5_minprob0.5/1.3.6.1.4.1.14519.5.2.1.6279.6001.313835996725364342034830119490/surface_1.3.6.1.4.1.14519.5.2.1.6279.6001.313835996725364342034830119490.png,outputs/luna16_saliency_synthetic_detector_top5_minprob0.5/1.3.6.1.4.1.14519.5.2.1.6279.6001.313835996725364342034830119490/surface_grid_float_1.3.6.1.4.1.14519.5.2.1.6279.6001.313835996725364342034830119490.npy,0.37647860180754916,0.3692878484725952,0.2515292763710022,0.9882352948188782,6.1281585693359375,1.7084777355194092,0.11949371024966236,0.14278204753994933,0.19814248383045197,1.0324252843856812,13,5,8,0.0,0.016791337451504334,good_or_low_review,669
detector_top5,1.3.6.1.4.1.14519.5.2.1.6279.6001.272042302501586336192628818865,outputs/luna16_saliency_synthetic_detector_top5_minprob0.5/1.3.6.1.4.1.14519.5.2.1.6279.6001.272042302501586336192628818865/surface_1.3.6.1.4.1.14519.5.2.1.6279.6001.272042302501586336192628818865.png,outputs/luna16_saliency_synthetic_detector_top5_minprob0.5/1.3.6.1.4.1.14519.5.2.1.6279.6001.272042302501586336192628818865/surface_grid_float_1.3.6.1.4.1.14519.5.2.1.6279.6001.272042302501586336192628818865.npy,0.40713008965391057,0.33304983377456665,0.2354225069284439,0.9244705927371899,6.3939056396484375,1.6599332094192505,0.10536893457174301,0.12514279037714005,0.17216891050338745,1.0511198043823242,13,5,8,0.0,0.016746614898244538,good_or_low_review,670
detector_top5,1.3.6.1.4.1.14519.5.2.1.6279.6001.255409701134762680010928250229,outputs/luna16_saliency_synthetic_detector_top5_minprob0.5/1.3.6.1.4.1.14519.5.2.1.6279.6001.255409701134762680010928250229/surface_1.3.6.1.4.1.14519.5.2.1.6279.6001.255409701134762680010928250229.png,outputs/luna16_saliency_synthetic_detector_top5_minprob0.5/1.3.6.1.4.1.14519.5.2.1.6279.6001.255409701134762680010928250229/surface_grid_float_1.3.6.1.4.1.14519.5.2.1.6279.6001.255409701134762680010928250229.npy,0.4428231292517007,0.3365309536457062,0.2380870282649994,0.9607843160629272,5.902740478515625,1.5767592191696167,0.1182628341019153,0.14298813089728357,0.19481579959392548,1.062570571899414,13,5,8,0.0,0.0164888126619988,good_or_low_review,671
detector_top5,1.3.6.1.4.1.14519.5.2.1.6279.6001.160124400349792614505500125883,outputs/luna16_saliency_synthetic_detector_top5_minprob0.5/1.3.6.1.4.1.14519.5.2.1.6279.6001.160124400349792614505500125883/surface_1.3.6.1.4.1.14519.5.2.1.6279.6001.160124400349792614505500125883.png,outputs/luna16_saliency_synthetic_detector_top5_minprob0.5/1.3.6.1.4.1.14519.5.2.1.6279.6001.160124400349792614505500125883/surface_grid_float_1.3.6.1.4.1.14519.5.2.1.6279.6001.160124400349792614505500125883.npy,0.4201667370198396,0.3572711944580078,0.2463337481021881,0.9372549057006836,5.6949615478515625,1.4417990446090698,0.1277153305709362,0.15620441660284995,0.2243805080652237,1.0131785869598389,13,5,8,0.0,0.016429243048859964,good_or_low_review,672
detector_top5,1.3.6.1.4.1.14519.5.2.1.6279.6001.191617711875409989053242965150,outputs/luna16_saliency_synthetic_detector_top5_minprob0.5/1.3.6.1.4.1.14519.5.2.1.6279.6001.191617711875409989053242965150/surface_1.3.6.1.4.1.14519.5.2.1.6279.6001.191617711875409989053242965150.png,outputs/luna16_saliency_synthetic_detector_top5_minprob0.5/1.3.6.1.4.1.14519.5.2.1.6279.6001.191617711875409989053242965150/surface_grid_float_1.3.6.1.4.1.14519.5.2.1.6279.6001.191617711875409989053242965150.npy,0.6434162162162163,0.3287721276283264,0.2432292103767395,1.0,5.7592620849609375,1.5982484817504883,0.13270719423890112,0.15890678346157075,0.2209346890449524,0.9276127219200134,13,5,8,0.0,0.01642733524971538,good_or_low_review,673
detector_top5,1.3.6.1.4.1.14519.5.2.1.6279.6001.229171189693734694696158152904,outputs/luna16_saliency_synthetic_detector_top5_minprob0.5/1.3.6.1.4.1.14519.5.2.1.6279.6001.229171189693734694696158152904/surface_1.3.6.1.4.1.14519.5.2.1.6279.6001.229171189693734694696158152904.png,outputs/luna16_saliency_synthetic_detector_top5_minprob0.5/1.3.6.1.4.1.14519.5.2.1.6279.6001.229171189693734694696158152904/surface_grid_float_1.3.6.1.4.1.14519.5.2.1.6279.6001.229171189693734694696158152904.npy,0.6165909399159094,0.3109770119190216,0.23980043828487396,0.9333333373069763,6.1944580078125,1.5039968490600586,0.10571840815246104,0.12715359032154083,0.17388978600502014,0.9405786395072937,13,5,8,1.0,0.016228879143794377,good_or_low_review,674
detector_top5,1.3.6.1.4.1.14519.5.2.1.6279.6001.145474881373882284343459153872,outputs/luna16_saliency_synthetic_detector_top5_minprob0.5/1.3.6.1.4.1.14519.5.2.1.6279.6001.145474881373882284343459153872/surface_1.3.6.1.4.1.14519.5.2.1.6279.6001.145474881373882284343459153872.png,outputs/luna16_saliency_synthetic_detector_top5_minprob0.5/1.3.6.1.4.1.14519.5.2.1.6279.6001.145474881373882284343459153872/surface_grid_float_1.3.6.1.4.1.14519.5.2.1.6279.6001.145474881373882284343459153872.npy,0.5179299859081806,0.32713770866394043,0.2447870373725891,0.9607843160629272,5.762664794921875,1.6151340007781982,0.11943326815962788,0.14446645006537437,0.19885292649269104,1.0293960571289062,13,5,8,0.0,0.016225981620450813,good_or_low_review,675
detector_top5,1.3.6.1.4.1.14519.5.2.1.6279.6001.272344603176687884771013620823,outputs/luna16_saliency_synthetic_detector_top5_minprob0.5/1.3.6.1.4.1.14519.5.2.1.6279.6001.272344603176687884771013620823/surface_1.3.6.1.4.1.14519.5.2.1.6279.6001.272344603176687884771013620823.png,outputs/luna16_saliency_synthetic_detector_top5_minprob0.5/1.3.6.1.4.1.14519.5.2.1.6279.6001.272344603176687884771013620823/surface_grid_float_1.3.6.1.4.1.14519.5.2.1.6279.6001.272344603176687884771013620823.npy,0.41524553458695984,0.3890684247016907,0.2242109775543213,0.8745098114013672,5.7840118408203125,1.6863895654678345,0.11311876028776169,0.13925650715827942,0.18241603672504425,1.0816805362701416,13,5,8,0.0,0.016221449474493662,good_or_low_review,676
detector_top5,1.3.6.1.4.1.14519.5.2.1.6279.6001.179683407589764683292800449011,outputs/luna16_saliency_synthetic_detector_top5_minprob0.5/1.3.6.1.4.1.14519.5.2.1.6279.6001.179683407589764683292800449011/surface_1.3.6.1.4.1.14519.5.2.1.6279.6001.179683407589764683292800449011.png,outputs/luna16_saliency_synthetic_detector_top5_minprob0.5/1.3.6.1.4.1.14519.5.2.1.6279.6001.179683407589764683292800449011/surface_grid_float_1.3.6.1.4.1.14519.5.2.1.6279.6001.179683407589764683292800449011.npy,0.6068303354399611,0.34088993072509766,0.2549493908882141,1.0,5.760467529296875,1.4259412288665771,0.12081964798271645,0.14404243990778925,0.19751274585723877,0.9816814661026001,13,5,8,0.0,0.016103566781845356,good_or_low_review,677
detector_top5,1.3.6.1.4.1.14519.5.2.1.6279.6001.390009458146468860187238398197,outputs/luna16_saliency_synthetic_detector_top5_minprob0.5/1.3.6.1.4.1.14519.5.2.1.6279.6001.390009458146468860187238398197/surface_1.3.6.1.4.1.14519.5.2.1.6279.6001.390009458146468860187238398197.png,outputs/luna16_saliency_synthetic_detector_top5_minprob0.5/1.3.6.1.4.1.14519.5.2.1.6279.6001.390009458146468860187238398197/surface_grid_float_1.3.6.1.4.1.14519.5.2.1.6279.6001.390009458146468860187238398197.npy,0.42800217641787225,0.31510940194129944,0.23135340213775635,1.0,5.6736602783203125,1.4965800046920776,0.11550596244633193,0.1408077347278593,0.20210669934749603,1.0088311433792114,13,5,8,0.0,0.0159221794909901,good_or_low_review,678
detector_top5,1.3.6.1.4.1.14519.5.2.1.6279.6001.141345499716190654505508410197,outputs/luna16_saliency_synthetic_detector_top5_minprob0.5/1.3.6.1.4.1.14519.5.2.1.6279.6001.141345499716190654505508410197/surface_1.3.6.1.4.1.14519.5.2.1.6279.6001.141345499716190654505508410197.png,outputs/luna16_saliency_synthetic_detector_top5_minprob0.5/1.3.6.1.4.1.14519.5.2.1.6279.6001.141345499716190654505508410197/surface_grid_float_1.3.6.1.4.1.14519.5.2.1.6279.6001.141345499716190654505508410197.npy,0.5837014708175251,0.323649138212204,0.23188714683055878,0.9140392208099434,5.800140380859375,1.6535371541976929,0.11285477206110942,0.13347272276878355,0.19053663313388824,0.9790477156639099,13,5,8,0.0,0.015846743908193378,good_or_low_review,679
detector_top5,1.3.6.1.4.1.14519.5.2.1.6279.6001.111780708132595903430640048766,outputs/luna16_saliency_synthetic_detector_top5_minprob0.5/1.3.6.1.4.1.14519.5.2.1.6279.6001.111780708132595903430640048766/surface_1.3.6.1.4.1.14519.5.2.1.6279.6001.111780708132595903430640048766.png,outputs/luna16_saliency_synthetic_detector_top5_minprob0.5/1.3.6.1.4.1.14519.5.2.1.6279.6001.111780708132595903430640048766/surface_grid_float_1.3.6.1.4.1.14519.5.2.1.6279.6001.111780708132595903430640048766.npy,0.6073307396804424,0.2944600284099579,0.23247995972633362,0.9843137264251709,6.0886383056640625,1.5381540060043335,0.09491098821163173,0.11341488301753998,0.15506677329540253,1.0247091054916382,13,5,8,0.0,0.015827308345503277,good_or_low_review,680
detector_top5,1.3.6.1.4.1.14519.5.2.1.6279.6001.771831598853841017505646275338,outputs/luna16_saliency_synthetic_detector_top5_minprob0.5/1.3.6.1.4.1.14519.5.2.1.6279.6001.771831598853841017505646275338/surface_1.3.6.1.4.1.14519.5.2.1.6279.6001.771831598853841017505646275338.png,outputs/luna16_saliency_synthetic_detector_top5_minprob0.5/1.3.6.1.4.1.14519.5.2.1.6279.6001.771831598853841017505646275338/surface_grid_float_1.3.6.1.4.1.14519.5.2.1.6279.6001.771831598853841017505646275338.npy,0.5727959762372172,0.322164922952652,0.2287943959236145,0.8885882419347626,5.4855499267578125,1.3794926404953003,0.07456401139497756,0.1491475176811218,0.3814544975757599,0.9529621601104736,13,5,8,3.0,0.01573470243083106,good_or_low_review,681
detector_top5,1.3.6.1.4.1.14519.5.2.1.6279.6001.716498695101447665580610403574,outputs/luna16_saliency_synthetic_detector_top5_minprob0.5/1.3.6.1.4.1.14519.5.2.1.6279.6001.716498695101447665580610403574/surface_1.3.6.1.4.1.14519.5.2.1.6279.6001.716498695101447665580610403574.png,outputs/luna16_saliency_synthetic_detector_top5_minprob0.5/1.3.6.1.4.1.14519.5.2.1.6279.6001.716498695101447665580610403574/surface_grid_float_1.3.6.1.4.1.14519.5.2.1.6279.6001.716498695101447665580610403574.npy,0.5081567973311093,0.3033931255340576,0.23942501842975616,0.9411764740943909,5.68206787109375,1.5372586250305176,0.11671137437224374,0.13931234210729615,0.20181535184383392,0.9267511963844299,13,5,8,0.0,0.01570893048478498,good_or_low_review,682
detector_top5,1.3.6.1.4.1.14519.5.2.1.6279.6001.256542095129414948017808425649,outputs/luna16_saliency_synthetic_detector_top5_minprob0.5/1.3.6.1.4.1.14519.5.2.1.6279.6001.256542095129414948017808425649/surface_1.3.6.1.4.1.14519.5.2.1.6279.6001.256542095129414948017808425649.png,outputs/luna16_saliency_synthetic_detector_top5_minprob0.5/1.3.6.1.4.1.14519.5.2.1.6279.6001.256542095129414948017808425649/surface_grid_float_1.3.6.1.4.1.14519.5.2.1.6279.6001.256542095129414948017808425649.npy,0.4819339242546334,0.3036065101623535,0.20841245353221893,0.7960784435272217,6.1211090087890625,1.4769450426101685,0.08791223689913753,0.12249082759022713,0.3293909430503845,0.8231403231620789,13,5,8,2.0,0.015705773893826536,good_or_low_review,683
detector_top5,1.3.6.1.4.1.14519.5.2.1.6279.6001.315187221221054114974341475212,outputs/luna16_saliency_synthetic_detector_top5_minprob0.5/1.3.6.1.4.1.14519.5.2.1.6279.6001.315187221221054114974341475212/surface_1.3.6.1.4.1.14519.5.2.1.6279.6001.315187221221054114974341475212.png,outputs/luna16_saliency_synthetic_detector_top5_minprob0.5/1.3.6.1.4.1.14519.5.2.1.6279.6001.315187221221054114974341475212/surface_grid_float_1.3.6.1.4.1.14519.5.2.1.6279.6001.315187221221054114974341475212.npy,0.6011193350724989,0.32180652022361755,0.22235198318958282,0.8509804010391235,6.530540466308594,1.5622825622558594,0.06520747281610964,0.09582297809422018,0.138435497879982,0.8735741972923279,18,10,8,6.509849548339844,0.015700199447323877,good_or_low_review,684
detector_top5,1.3.6.1.4.1.14519.5.2.1.6279.6001.173101104804533997398137418032,outputs/luna16_saliency_synthetic_detector_top5_minprob0.5/1.3.6.1.4.1.14519.5.2.1.6279.6001.173101104804533997398137418032/surface_1.3.6.1.4.1.14519.5.2.1.6279.6001.173101104804533997398137418032.png,outputs/luna16_saliency_synthetic_detector_top5_minprob0.5/1.3.6.1.4.1.14519.5.2.1.6279.6001.173101104804533997398137418032/surface_grid_float_1.3.6.1.4.1.14519.5.2.1.6279.6001.173101104804533997398137418032.npy,0.5794985628503941,0.3616887331008911,0.22244198620319366,0.9607843160629272,6.468391418457031,1.6100934743881226,0.06683537773787973,0.08258356370031829,0.10063773393630981,1.0717304944992065,18,10,8,6.2207489013671875,0.015639782596213948,good_or_low_review,685
detector_top5,1.3.6.1.4.1.14519.5.2.1.6279.6001.194632613233275988184244485809,outputs/luna16_saliency_synthetic_detector_top5_minprob0.5/1.3.6.1.4.1.14519.5.2.1.6279.6001.194632613233275988184244485809/surface_1.3.6.1.4.1.14519.5.2.1.6279.6001.194632613233275988184244485809.png,outputs/luna16_saliency_synthetic_detector_top5_minprob0.5/1.3.6.1.4.1.14519.5.2.1.6279.6001.194632613233275988184244485809/surface_grid_float_1.3.6.1.4.1.14519.5.2.1.6279.6001.194632613233275988184244485809.npy,0.3703937937431487,0.3887292742729187,0.2611946165561676,1.0,5.268310546875,1.489911675453186,0.12254124321043491,0.14989039152860642,0.20348022878170013,0.9869521856307983,13,5,8,0.0,0.015470456403162745,good_or_low_review,686
detector_top5,1.3.6.1.4.1.14519.5.2.1.6279.6001.297433269262659217151107535012,outputs/luna16_saliency_synthetic_detector_top5_minprob0.5/1.3.6.1.4.1.14519.5.2.1.6279.6001.297433269262659217151107535012/surface_1.3.6.1.4.1.14519.5.2.1.6279.6001.297433269262659217151107535012.png,outputs/luna16_saliency_synthetic_detector_top5_minprob0.5/1.3.6.1.4.1.14519.5.2.1.6279.6001.297433269262659217151107535012/surface_grid_float_1.3.6.1.4.1.14519.5.2.1.6279.6001.297433269262659217151107535012.npy,0.38873460686134254,0.33809879422187805,0.22583766281604767,0.9450980424880981,5.565765380859375,1.6046626567840576,0.10678278505802148,0.12914637878537177,0.18491564691066742,0.9493162631988525,13,5,8,0.0,0.015260258694324227,good_or_low_review,687
detector_top5,1.3.6.1.4.1.14519.5.2.1.6279.6001.280125803152924778388346920341,outputs/luna16_saliency_synthetic_detector_top5_minprob0.5/1.3.6.1.4.1.14519.5.2.1.6279.6001.280125803152924778388346920341/surface_1.3.6.1.4.1.14519.5.2.1.6279.6001.280125803152924778388346920341.png,outputs/luna16_saliency_synthetic_detector_top5_minprob0.5/1.3.6.1.4.1.14519.5.2.1.6279.6001.280125803152924778388346920341/surface_grid_float_1.3.6.1.4.1.14519.5.2.1.6279.6001.280125803152924778388346920341.npy,0.36326473730663816,0.36035922169685364,0.21841572225093842,0.8705882430076599,5.3907928466796875,1.4355757236480713,0.10571969300508499,0.12869487702846524,0.17758958041667938,0.9970182776451111,13,5,8,0.0,0.015061097227864795,good_or_low_review,688
detector_top5,1.3.6.1.4.1.14519.5.2.1.6279.6001.139577698050713461261415990027,outputs/luna16_saliency_synthetic_detector_top5_minprob0.5/1.3.6.1.4.1.14519.5.2.1.6279.6001.139577698050713461261415990027/surface_1.3.6.1.4.1.14519.5.2.1.6279.6001.139577698050713461261415990027.png,outputs/luna16_saliency_synthetic_detector_top5_minprob0.5/1.3.6.1.4.1.14519.5.2.1.6279.6001.139577698050713461261415990027/surface_grid_float_1.3.6.1.4.1.14519.5.2.1.6279.6001.139577698050713461261415990027.npy,0.4232512036250354,0.3345170021057129,0.23987364768981934,1.0,5.8229522705078125,1.5153013467788696,0.09070223569869992,0.10693115368485451,0.14907030761241913,0.9313709139823914,13,5,8,0.0,0.014982568203575082,good_or_low_review,689
detector_top5,1.3.6.1.4.1.14519.5.2.1.6279.6001.172845185165807139298420209778,outputs/luna16_saliency_synthetic_detector_top5_minprob0.5/1.3.6.1.4.1.14519.5.2.1.6279.6001.172845185165807139298420209778/surface_1.3.6.1.4.1.14519.5.2.1.6279.6001.172845185165807139298420209778.png,outputs/luna16_saliency_synthetic_detector_top5_minprob0.5/1.3.6.1.4.1.14519.5.2.1.6279.6001.172845185165807139298420209778/surface_grid_float_1.3.6.1.4.1.14519.5.2.1.6279.6001.172845185165807139298420209778.npy,0.5083090875730649,0.37869763374328613,0.2363922894001007,1.0,6.0119171142578125,1.3449609279632568,0.08028878904879089,0.09481576338410382,0.13302023708820343,0.9409624338150024,13,5,8,1.0,0.014955362389319472,good_or_low_review,690
detector_top5,1.3.6.1.4.1.14519.5.2.1.6279.6001.265780642925621389994857727416,outputs/luna16_saliency_synthetic_detector_top5_minprob0.5/1.3.6.1.4.1.14519.5.2.1.6279.6001.265780642925621389994857727416/surface_1.3.6.1.4.1.14519.5.2.1.6279.6001.265780642925621389994857727416.png,outputs/luna16_saliency_synthetic_detector_top5_minprob0.5/1.3.6.1.4.1.14519.5.2.1.6279.6001.265780642925621389994857727416/surface_grid_float_1.3.6.1.4.1.14519.5.2.1.6279.6001.265780642925621389994857727416.npy,0.3491622948045355,0.3489859700202942,0.2471778839826584,1.0,4.791656494140625,1.3272442817687988,0.1132730297744274,0.13763755023479463,0.18687225878238678,1.0530099868774414,13,5,8,0.0,0.014933931540128434,good_or_low_review,691
detector_top5,1.3.6.1.4.1.14519.5.2.1.6279.6001.266581250778073944645044950856,outputs/luna16_saliency_synthetic_detector_top5_minprob0.5/1.3.6.1.4.1.14519.5.2.1.6279.6001.266581250778073944645044950856/surface_1.3.6.1.4.1.14519.5.2.1.6279.6001.266581250778073944645044950856.png,outputs/luna16_saliency_synthetic_detector_top5_minprob0.5/1.3.6.1.4.1.14519.5.2.1.6279.6001.266581250778073944645044950856/surface_grid_float_1.3.6.1.4.1.14519.5.2.1.6279.6001.266581250778073944645044950856.npy,0.5833808275390402,0.3393646478652954,0.23410837352275848,0.8745098114013672,5.6549072265625,1.4157978296279907,0.10263881459832191,0.11994286626577377,0.17411556839942932,0.8515409827232361,13,5,8,1.0,0.014915444660517904,good_or_low_review,692
detector_top5,1.3.6.1.4.1.14519.5.2.1.6279.6001.710845873679853791427022019413,outputs/luna16_saliency_synthetic_detector_top5_minprob0.5/1.3.6.1.4.1.14519.5.2.1.6279.6001.710845873679853791427022019413/surface_1.3.6.1.4.1.14519.5.2.1.6279.6001.710845873679853791427022019413.png,outputs/luna16_saliency_synthetic_detector_top5_minprob0.5/1.3.6.1.4.1.14519.5.2.1.6279.6001.710845873679853791427022019413/surface_grid_float_1.3.6.1.4.1.14519.5.2.1.6279.6001.710845873679853791427022019413.npy,0.6241484530229918,0.31719183921813965,0.2409021556377411,0.9803921580314636,5.302978515625,1.3952727317810059,0.10725448168814182,0.1287014672160149,0.1847548633813858,0.8960988521575928,13,5,8,0.0,0.01469067232509454,good_or_low_review,693
detector_top5,1.3.6.1.4.1.14519.5.2.1.6279.6001.336198008634390022174744544656,outputs/luna16_saliency_synthetic_detector_top5_minprob0.5/1.3.6.1.4.1.14519.5.2.1.6279.6001.336198008634390022174744544656/surface_1.3.6.1.4.1.14519.5.2.1.6279.6001.336198008634390022174744544656.png,outputs/luna16_saliency_synthetic_detector_top5_minprob0.5/1.3.6.1.4.1.14519.5.2.1.6279.6001.336198008634390022174744544656/surface_grid_float_1.3.6.1.4.1.14519.5.2.1.6279.6001.336198008634390022174744544656.npy,0.6331172839506173,0.33591076731681824,0.22209319472312927,0.9058823585510254,5.576812744140625,1.4580398797988892,0.09695841446518898,0.11360230818390847,0.16033466160297394,0.8791756629943848,13,5,8,0.0,0.014656480847961373,good_or_low_review,694
detector_top5,1.3.6.1.4.1.14519.5.2.1.6279.6001.339546614783708685476232944897,outputs/luna16_saliency_synthetic_detector_top5_minprob0.5/1.3.6.1.4.1.14519.5.2.1.6279.6001.339546614783708685476232944897/surface_1.3.6.1.4.1.14519.5.2.1.6279.6001.339546614783708685476232944897.png,outputs/luna16_saliency_synthetic_detector_top5_minprob0.5/1.3.6.1.4.1.14519.5.2.1.6279.6001.339546614783708685476232944897/surface_grid_float_1.3.6.1.4.1.14519.5.2.1.6279.6001.339546614783708685476232944897.npy,0.34550045913682276,0.44332095980644226,0.22706997394561768,1.0,4.15338134765625,1.12107253074646,0.10022295191884037,0.12218487329781035,0.18085028231143951,0.6585648059844971,13,5,8,0.0,0.014622491999190116,good_or_low_review,695
detector_top5,1.3.6.1.4.1.14519.5.2.1.6279.6001.100332161840553388986847034053,outputs/luna16_saliency_synthetic_detector_top5_minprob0.5/1.3.6.1.4.1.14519.5.2.1.6279.6001.100332161840553388986847034053/surface_1.3.6.1.4.1.14519.5.2.1.6279.6001.100332161840553388986847034053.png,outputs/luna16_saliency_synthetic_detector_top5_minprob0.5/1.3.6.1.4.1.14519.5.2.1.6279.6001.100332161840553388986847034053/surface_grid_float_1.3.6.1.4.1.14519.5.2.1.6279.6001.100332161840553388986847034053.npy,0.4729465509365007,0.3505896329879761,0.2219003587961197,0.9176470637321472,5.2317962646484375,1.3011236190795898,0.10836595296859736,0.12953638494014746,0.18095020949840546,0.8981263041496277,13,5,8,0.0,0.01460158822072877,good_or_low_review,696
detector_top5,1.3.6.1.4.1.14519.5.2.1.6279.6001.664409965623578819357819577077,outputs/luna16_saliency_synthetic_detector_top5_minprob0.5/1.3.6.1.4.1.14519.5.2.1.6279.6001.664409965623578819357819577077/surface_1.3.6.1.4.1.14519.5.2.1.6279.6001.664409965623578819357819577077.png,outputs/luna16_saliency_synthetic_detector_top5_minprob0.5/1.3.6.1.4.1.14519.5.2.1.6279.6001.664409965623578819357819577077/surface_grid_float_1.3.6.1.4.1.14519.5.2.1.6279.6001.664409965623578819357819577077.npy,0.45474786624335134,0.3251489996910095,0.24453295767307281,0.9921568632125854,5.37908935546875,1.4841068983078003,0.10087597742676734,0.12088883385062216,0.1738242506980896,0.8905084729194641,13,5,8,0.0,0.014570721658898722,good_or_low_review,697
detector_top5,1.3.6.1.4.1.14519.5.2.1.6279.6001.430109407146633213496148200410,outputs/luna16_saliency_synthetic_detector_top5_minprob0.5/1.3.6.1.4.1.14519.5.2.1.6279.6001.430109407146633213496148200410/surface_1.3.6.1.4.1.14519.5.2.1.6279.6001.430109407146633213496148200410.png,outputs/luna16_saliency_synthetic_detector_top5_minprob0.5/1.3.6.1.4.1.14519.5.2.1.6279.6001.430109407146633213496148200410/surface_grid_float_1.3.6.1.4.1.14519.5.2.1.6279.6001.430109407146633213496148200410.npy,0.6036147902869757,0.32664650678634644,0.23453909158706665,0.9686274528503418,5.4517059326171875,1.4864124059677124,0.09627645462751387,0.11434862084686757,0.15663683414459229,0.9240331649780273,13,5,8,0.0,0.014570042213052513,good_or_low_review,698
detector_top5,1.3.6.1.4.1.14519.5.2.1.6279.6001.613212850444255764524630781782,outputs/luna16_saliency_synthetic_detector_top5_minprob0.5/1.3.6.1.4.1.14519.5.2.1.6279.6001.613212850444255764524630781782/surface_1.3.6.1.4.1.14519.5.2.1.6279.6001.613212850444255764524630781782.png,outputs/luna16_saliency_synthetic_detector_top5_minprob0.5/1.3.6.1.4.1.14519.5.2.1.6279.6001.613212850444255764524630781782/surface_grid_float_1.3.6.1.4.1.14519.5.2.1.6279.6001.613212850444255764524630781782.npy,0.637594583831143,0.3224441409111023,0.2299899458885193,0.8784313797950745,5.1762847900390625,1.4611140489578247,0.10653642565011978,0.12919812798500058,0.17470136284828186,0.9277551770210266,13,5,8,0.0,0.014564763327439624,good_or_low_review,699
detector_top5,1.3.6.1.4.1.14519.5.2.1.6279.6001.210426531621179400035178209430,outputs/luna16_saliency_synthetic_detector_top5_minprob0.5/1.3.6.1.4.1.14519.5.2.1.6279.6001.210426531621179400035178209430/surface_1.3.6.1.4.1.14519.5.2.1.6279.6001.210426531621179400035178209430.png,outputs/luna16_saliency_synthetic_detector_top5_minprob0.5/1.3.6.1.4.1.14519.5.2.1.6279.6001.210426531621179400035178209430/surface_grid_float_1.3.6.1.4.1.14519.5.2.1.6279.6001.210426531621179400035178209430.npy,0.41846472651918637,0.4245051443576813,0.20399649441242218,0.9098039269447327,5.3694610595703125,1.3701359033584595,0.10383263230323792,0.1224983090162277,0.17069688439369202,0.8699315190315247,13,5,8,0.0,0.01455723218984074,good_or_low_review,700
detector_top5,1.3.6.1.4.1.14519.5.2.1.6279.6001.277662902666135640561346462196,outputs/luna16_saliency_synthetic_detector_top5_minprob0.5/1.3.6.1.4.1.14519.5.2.1.6279.6001.277662902666135640561346462196/surface_1.3.6.1.4.1.14519.5.2.1.6279.6001.277662902666135640561346462196.png,outputs/luna16_saliency_synthetic_detector_top5_minprob0.5/1.3.6.1.4.1.14519.5.2.1.6279.6001.277662902666135640561346462196/surface_grid_float_1.3.6.1.4.1.14519.5.2.1.6279.6001.277662902666135640561346462196.npy,0.4180059523809524,0.3363393545150757,0.234834685921669,0.9960784316062927,5.1325225830078125,1.3753736019134521,0.10136887878179551,0.1240642175078392,0.17078159749507904,1.010634422302246,13,5,8,0.0,0.014521985102030965,good_or_low_review,701
detector_top5,1.3.6.1.4.1.14519.5.2.1.6279.6001.193808128386712859512130599234,outputs/luna16_saliency_synthetic_detector_top5_minprob0.5/1.3.6.1.4.1.14519.5.2.1.6279.6001.193808128386712859512130599234/surface_1.3.6.1.4.1.14519.5.2.1.6279.6001.193808128386712859512130599234.png,outputs/luna16_saliency_synthetic_detector_top5_minprob0.5/1.3.6.1.4.1.14519.5.2.1.6279.6001.193808128386712859512130599234/surface_grid_float_1.3.6.1.4.1.14519.5.2.1.6279.6001.193808128386712859512130599234.npy,0.3891505231270524,0.33086860179901123,0.23872873187065125,0.9686274528503418,5.3801727294921875,1.3810876607894897,0.09624563343822956,0.11601003706455233,0.16546982526779175,0.9292881488800049,13,5,8,0.0,0.014512340436379115,good_or_low_review,702
detector_top5,1.3.6.1.4.1.14519.5.2.1.6279.6001.271307051432838466826189754230,outputs/luna16_saliency_synthetic_detector_top5_minprob0.5/1.3.6.1.4.1.14519.5.2.1.6279.6001.271307051432838466826189754230/surface_1.3.6.1.4.1.14519.5.2.1.6279.6001.271307051432838466826189754230.png,outputs/luna16_saliency_synthetic_detector_top5_minprob0.5/1.3.6.1.4.1.14519.5.2.1.6279.6001.271307051432838466826189754230/surface_grid_float_1.3.6.1.4.1.14519.5.2.1.6279.6001.271307051432838466826189754230.npy,0.5690470826762785,0.3405372202396393,0.24777071177959442,0.9960784316062927,5.6007080078125,1.6626263856887817,0.07788676396012306,0.09962651804089549,0.13997849822044373,0.9826200604438782,23,15,8,5.0,0.01450690902190076,good_or_low_review,703
detector_top5,1.3.6.1.4.1.14519.5.2.1.6279.6001.948414623428298219623354433437,outputs/luna16_saliency_synthetic_detector_top5_minprob0.5/1.3.6.1.4.1.14519.5.2.1.6279.6001.948414623428298219623354433437/surface_1.3.6.1.4.1.14519.5.2.1.6279.6001.948414623428298219623354433437.png,outputs/luna16_saliency_synthetic_detector_top5_minprob0.5/1.3.6.1.4.1.14519.5.2.1.6279.6001.948414623428298219623354433437/surface_grid_float_1.3.6.1.4.1.14519.5.2.1.6279.6001.948414623428298219623354433437.npy,0.4418696365471984,0.5091761946678162,0.18078458309173584,0.9019607901573181,1.7607498168945312,0.44050517678260803,0.03577381279319524,0.04356626354157924,0.06337188929319382,0.2956027090549469,13,5,8,0.0,0.014506174297548007,good_or_low_review,704
detector_top5,1.3.6.1.4.1.14519.5.2.1.6279.6001.306558074682524259000586270818,outputs/luna16_saliency_synthetic_detector_top5_minprob0.5/1.3.6.1.4.1.14519.5.2.1.6279.6001.306558074682524259000586270818/surface_1.3.6.1.4.1.14519.5.2.1.6279.6001.306558074682524259000586270818.png,outputs/luna16_saliency_synthetic_detector_top5_minprob0.5/1.3.6.1.4.1.14519.5.2.1.6279.6001.306558074682524259000586270818/surface_grid_float_1.3.6.1.4.1.14519.5.2.1.6279.6001.306558074682524259000586270818.npy,0.5136347886347886,0.3237163722515106,0.2267371565103531,0.911921573877338,5.2881622314453125,1.4002572298049927,0.1112334869801998,0.13105262577533722,0.19209077954292297,0.790353000164032,13,5,8,0.0,0.014501522492700154,good_or_low_review,705
detector_top5,1.3.6.1.4.1.14519.5.2.1.6279.6001.100620385482151095585000946543,outputs/luna16_saliency_synthetic_detector_top5_minprob0.5/1.3.6.1.4.1.14519.5.2.1.6279.6001.100620385482151095585000946543/surface_1.3.6.1.4.1.14519.5.2.1.6279.6001.100620385482151095585000946543.png,outputs/luna16_saliency_synthetic_detector_top5_minprob0.5/1.3.6.1.4.1.14519.5.2.1.6279.6001.100620385482151095585000946543/surface_grid_float_1.3.6.1.4.1.14519.5.2.1.6279.6001.100620385482151095585000946543.npy,0.5903495343793851,0.3223465383052826,0.2387523502111435,0.9960784316062927,5.2342529296875,1.5262722969055176,0.09782994650304314,0.11954741038382054,0.15948426723480225,0.9656544923782349,13,5,8,0.0,0.014456076066278748,good_or_low_review,706
detector_top5,1.3.6.1.4.1.14519.5.2.1.6279.6001.269689294231892620436462818860,outputs/luna16_saliency_synthetic_detector_top5_minprob0.5/1.3.6.1.4.1.14519.5.2.1.6279.6001.269689294231892620436462818860/surface_1.3.6.1.4.1.14519.5.2.1.6279.6001.269689294231892620436462818860.png,outputs/luna16_saliency_synthetic_detector_top5_minprob0.5/1.3.6.1.4.1.14519.5.2.1.6279.6001.269689294231892620436462818860/surface_grid_float_1.3.6.1.4.1.14519.5.2.1.6279.6001.269689294231892620436462818860.npy,0.6011423908608731,0.34760186076164246,0.24430200457572937,1.0,6.1241607666015625,1.4358925819396973,0.06960600689053531,0.09005287587642673,0.13783833384513855,0.6921360492706299,18,10,8,5.0,0.014446600996785696,good_or_low_review,707
detector_top5,1.3.6.1.4.1.14519.5.2.1.6279.6001.268589491017129166376960414534,outputs/luna16_saliency_synthetic_detector_top5_minprob0.5/1.3.6.1.4.1.14519.5.2.1.6279.6001.268589491017129166376960414534/surface_1.3.6.1.4.1.14519.5.2.1.6279.6001.268589491017129166376960414534.png,outputs/luna16_saliency_synthetic_detector_top5_minprob0.5/1.3.6.1.4.1.14519.5.2.1.6279.6001.268589491017129166376960414534/surface_grid_float_1.3.6.1.4.1.14519.5.2.1.6279.6001.268589491017129166376960414534.npy,0.5975417439703155,0.3081378638744354,0.2389858216047287,0.95686274766922,5.248016357421875,1.4928219318389893,0.09906838275492183,0.12010589905083176,0.16324833035469055,0.9281237721443176,13,5,8,0.0,0.014412368171993227,good_or_low_review,708
detector_top5,1.3.6.1.4.1.14519.5.2.1.6279.6001.215086589927307766627151367533,outputs/luna16_saliency_synthetic_detector_top5_minprob0.5/1.3.6.1.4.1.14519.5.2.1.6279.6001.215086589927307766627151367533/surface_1.3.6.1.4.1.14519.5.2.1.6279.6001.215086589927307766627151367533.png,outputs/luna16_saliency_synthetic_detector_top5_minprob0.5/1.3.6.1.4.1.14519.5.2.1.6279.6001.215086589927307766627151367533/surface_grid_float_1.3.6.1.4.1.14519.5.2.1.6279.6001.215086589927307766627151367533.npy,0.6038051055237729,0.30123868584632874,0.22026653587818146,0.886274516582489,5.3827667236328125,1.444504737854004,0.09155482091009616,0.11078845754265787,0.1561545729637146,0.9518718719482422,13,5,8,0.0,0.01441020242555274,good_or_low_review,709
detector_top5,1.3.6.1.4.1.14519.5.2.1.6279.6001.171177995014336749670107905732,outputs/luna16_saliency_synthetic_detector_top5_minprob0.5/1.3.6.1.4.1.14519.5.2.1.6279.6001.171177995014336749670107905732/surface_1.3.6.1.4.1.14519.5.2.1.6279.6001.171177995014336749670107905732.png,outputs/luna16_saliency_synthetic_detector_top5_minprob0.5/1.3.6.1.4.1.14519.5.2.1.6279.6001.171177995014336749670107905732/surface_grid_float_1.3.6.1.4.1.14519.5.2.1.6279.6001.171177995014336749670107905732.npy,0.6012341695571509,0.32392048835754395,0.21938101947307587,0.8823529481887817,5.7239990234375,1.1809052228927612,0.07870664820075034,0.09365501083433632,0.1300039142370224,0.915313184261322,13,5,8,1.0,0.014383677995784416,good_or_low_review,710
detector_top5,1.3.6.1.4.1.14519.5.2.1.6279.6001.994459772950022352718462251777,outputs/luna16_saliency_synthetic_detector_top5_minprob0.5/1.3.6.1.4.1.14519.5.2.1.6279.6001.994459772950022352718462251777/surface_1.3.6.1.4.1.14519.5.2.1.6279.6001.994459772950022352718462251777.png,outputs/luna16_saliency_synthetic_detector_top5_minprob0.5/1.3.6.1.4.1.14519.5.2.1.6279.6001.994459772950022352718462251777/surface_grid_float_1.3.6.1.4.1.14519.5.2.1.6279.6001.994459772950022352718462251777.npy,0.62509430942637,0.28981393575668335,0.23805184662342072,0.9882352948188782,5.4296417236328125,1.430732011795044,0.08086755797266958,0.09884974800050252,0.12856480479240417,1.0178717374801636,13,5,8,0.0,0.014276832507136792,good_or_low_review,711
detector_top5,1.3.6.1.4.1.14519.5.2.1.6279.6001.621916089407825046337959219998,outputs/luna16_saliency_synthetic_detector_top5_minprob0.5/1.3.6.1.4.1.14519.5.2.1.6279.6001.621916089407825046337959219998/surface_1.3.6.1.4.1.14519.5.2.1.6279.6001.621916089407825046337959219998.png,outputs/luna16_saliency_synthetic_detector_top5_minprob0.5/1.3.6.1.4.1.14519.5.2.1.6279.6001.621916089407825046337959219998/surface_grid_float_1.3.6.1.4.1.14519.5.2.1.6279.6001.621916089407825046337959219998.npy,0.5117426820966644,0.3707786798477173,0.22362086176872253,0.9019607901573181,5.9549102783203125,1.5276867151260376,0.0666175376623869,0.07934943430125713,0.11048093438148499,0.8569166660308838,18,10,8,4.740203857421875,0.014209592750751312,good_or_low_review,712
detector_top5,1.3.6.1.4.1.14519.5.2.1.6279.6001.200841000324240313648595016964,outputs/luna16_saliency_synthetic_detector_top5_minprob0.5/1.3.6.1.4.1.14519.5.2.1.6279.6001.200841000324240313648595016964/surface_1.3.6.1.4.1.14519.5.2.1.6279.6001.200841000324240313648595016964.png,outputs/luna16_saliency_synthetic_detector_top5_minprob0.5/1.3.6.1.4.1.14519.5.2.1.6279.6001.200841000324240313648595016964/surface_grid_float_1.3.6.1.4.1.14519.5.2.1.6279.6001.200841000324240313648595016964.npy,0.45830848468419627,0.32216373085975647,0.24005535244941711,1.0,5.4222564697265625,1.4635984897613525,0.09176447317004205,0.1083816691488028,0.1533866822719574,0.8614034056663513,13,5,8,0.0,0.014202773981044692,good_or_low_review,713
detector_top5,1.3.6.1.4.1.14519.5.2.1.6279.6001.249404938669582150398726875826,outputs/luna16_saliency_synthetic_detector_top5_minprob0.5/1.3.6.1.4.1.14519.5.2.1.6279.6001.249404938669582150398726875826/surface_1.3.6.1.4.1.14519.5.2.1.6279.6001.249404938669582150398726875826.png,outputs/luna16_saliency_synthetic_detector_top5_minprob0.5/1.3.6.1.4.1.14519.5.2.1.6279.6001.249404938669582150398726875826/surface_grid_float_1.3.6.1.4.1.14519.5.2.1.6279.6001.249404938669582150398726875826.npy,0.6076578073089701,0.3672937750816345,0.2391771674156189,1.0,5.133575439453125,1.4350045919418335,0.09423004537820816,0.11416708678007133,0.15296003222465515,0.9299066662788391,13,5,8,0.0,0.014047430927554769,good_or_low_review,714
detector_top5,1.3.6.1.4.1.14519.5.2.1.6279.6001.129982010889624423230394257528,outputs/luna16_saliency_synthetic_detector_top5_minprob0.5/1.3.6.1.4.1.14519.5.2.1.6279.6001.129982010889624423230394257528/surface_1.3.6.1.4.1.14519.5.2.1.6279.6001.129982010889624423230394257528.png,outputs/luna16_saliency_synthetic_detector_top5_minprob0.5/1.3.6.1.4.1.14519.5.2.1.6279.6001.129982010889624423230394257528/surface_grid_float_1.3.6.1.4.1.14519.5.2.1.6279.6001.129982010889624423230394257528.npy,0.4206850434653392,0.37872231006622314,0.22671020030975342,0.9725490212440491,4.9239044189453125,1.4044253826141357,0.09943056851625443,0.12197125509381287,0.16997605562210083,0.9252567291259766,13,5,8,0.0,0.013921771082447632,good_or_low_review,715
detector_top5,1.3.6.1.4.1.14519.5.2.1.6279.6001.220596530836092324070084384692,outputs/luna16_saliency_synthetic_detector_top5_minprob0.5/1.3.6.1.4.1.14519.5.2.1.6279.6001.220596530836092324070084384692/surface_1.3.6.1.4.1.14519.5.2.1.6279.6001.220596530836092324070084384692.png,outputs/luna16_saliency_synthetic_detector_top5_minprob0.5/1.3.6.1.4.1.14519.5.2.1.6279.6001.220596530836092324070084384692/surface_grid_float_1.3.6.1.4.1.14519.5.2.1.6279.6001.220596530836092324070084384692.npy,0.5161949615675123,0.3781748414039612,0.24049046635627747,1.0,5.166168212890625,1.3268781900405884,0.08974526822566986,0.10790933221578598,0.14530862867832184,0.9023172855377197,13,5,8,0.0,0.013852709844708442,good_or_low_review,716
detector_top5,1.3.6.1.4.1.14519.5.2.1.6279.6001.232058316950007760548968840196,outputs/luna16_saliency_synthetic_detector_top5_minprob0.5/1.3.6.1.4.1.14519.5.2.1.6279.6001.232058316950007760548968840196/surface_1.3.6.1.4.1.14519.5.2.1.6279.6001.232058316950007760548968840196.png,outputs/luna16_saliency_synthetic_detector_top5_minprob0.5/1.3.6.1.4.1.14519.5.2.1.6279.6001.232058316950007760548968840196/surface_grid_float_1.3.6.1.4.1.14519.5.2.1.6279.6001.232058316950007760548968840196.npy,0.5261613014884043,0.30523577332496643,0.23144815862178802,1.0,5.241119384765625,1.2945798635482788,0.08607877343893051,0.10249902755022035,0.13966742157936096,0.8715619444847107,13,5,8,0.0,0.01374697412219312,good_or_low_review,717
detector_top5,1.3.6.1.4.1.14519.5.2.1.6279.6001.277452631455527999380186898011,outputs/luna16_saliency_synthetic_detector_top5_minprob0.5/1.3.6.1.4.1.14519.5.2.1.6279.6001.277452631455527999380186898011/surface_1.3.6.1.4.1.14519.5.2.1.6279.6001.277452631455527999380186898011.png,outputs/luna16_saliency_synthetic_detector_top5_minprob0.5/1.3.6.1.4.1.14519.5.2.1.6279.6001.277452631455527999380186898011/surface_grid_float_1.3.6.1.4.1.14519.5.2.1.6279.6001.277452631455527999380186898011.npy,0.5697887904240093,0.3359316885471344,0.2447376400232315,1.0,4.9336090087890625,1.334781527519226,0.0964340329170227,0.11705948531627654,0.16370436549186707,0.8807151317596436,13,5,8,0.0,0.013691610978047053,good_or_low_review,718
detector_top5,1.3.6.1.4.1.14519.5.2.1.6279.6001.125124219978170516876304987559,outputs/luna16_saliency_synthetic_detector_top5_minprob0.5/1.3.6.1.4.1.14519.5.2.1.6279.6001.125124219978170516876304987559/surface_1.3.6.1.4.1.14519.5.2.1.6279.6001.125124219978170516876304987559.png,outputs/luna16_saliency_synthetic_detector_top5_minprob0.5/1.3.6.1.4.1.14519.5.2.1.6279.6001.125124219978170516876304987559/surface_grid_float_1.3.6.1.4.1.14519.5.2.1.6279.6001.125124219978170516876304987559.npy,0.41948084968679933,0.35578685998916626,0.22888697683811188,1.0,5.1754608154296875,1.4520236253738403,0.08595976792275906,0.1031036227941513,0.14503678679466248,0.8701947331428528,13,5,8,0.0,0.01365264278319147,good_or_low_review,719
detector_top5,1.3.6.1.4.1.14519.5.2.1.6279.6001.747803439040091794717626507402,outputs/luna16_saliency_synthetic_detector_top5_minprob0.5/1.3.6.1.4.1.14519.5.2.1.6279.6001.747803439040091794717626507402/surface_1.3.6.1.4.1.14519.5.2.1.6279.6001.747803439040091794717626507402.png,outputs/luna16_saliency_synthetic_detector_top5_minprob0.5/1.3.6.1.4.1.14519.5.2.1.6279.6001.747803439040091794717626507402/surface_grid_float_1.3.6.1.4.1.14519.5.2.1.6279.6001.747803439040091794717626507402.npy,0.5475836875437429,0.3541640639305115,0.22878621518611908,0.9333333373069763,4.8409271240234375,1.3476098775863647,0.10159865766763687,0.12268325239419932,0.17242658138275146,0.8314345479011536,13,5,8,0.0,0.013596341773867605,good_or_low_review,720
detector_top5,1.3.6.1.4.1.14519.5.2.1.6279.6001.194465340552956447447896167830,outputs/luna16_saliency_synthetic_detector_top5_minprob0.5/1.3.6.1.4.1.14519.5.2.1.6279.6001.194465340552956447447896167830/surface_1.3.6.1.4.1.14519.5.2.1.6279.6001.194465340552956447447896167830.png,outputs/luna16_saliency_synthetic_detector_top5_minprob0.5/1.3.6.1.4.1.14519.5.2.1.6279.6001.194465340552956447447896167830/surface_grid_float_1.3.6.1.4.1.14519.5.2.1.6279.6001.194465340552956447447896167830.npy,0.5215778010809067,0.3035472631454468,0.21857836842536926,0.8509804010391235,4.9022216796875,1.2730597257614136,0.09438752681016922,0.11486566171050076,0.1631924957036972,0.8876786828041077,13,5,8,0.0,0.013588958612581095,good_or_low_review,721
detector_top5,1.3.6.1.4.1.14519.5.2.1.6279.6001.900182736599353600185270496549,outputs/luna16_saliency_synthetic_detector_top5_minprob0.5/1.3.6.1.4.1.14519.5.2.1.6279.6001.900182736599353600185270496549/surface_1.3.6.1.4.1.14519.5.2.1.6279.6001.900182736599353600185270496549.png,outputs/luna16_saliency_synthetic_detector_top5_minprob0.5/1.3.6.1.4.1.14519.5.2.1.6279.6001.900182736599353600185270496549/surface_grid_float_1.3.6.1.4.1.14519.5.2.1.6279.6001.900182736599353600185270496549.npy,0.5742422660681351,0.3216037154197693,0.23436065018177032,0.9098039269447327,4.842987060546875,1.3664062023162842,0.09953451938927171,0.11991576261818404,0.16840574145317078,0.8347074389457703,13,5,8,0.0,0.01352402339933647,good_or_low_review,722
detector_top5,1.3.6.1.4.1.14519.5.2.1.6279.6001.313605260055394498989743099991,outputs/luna16_saliency_synthetic_detector_top5_minprob0.5/1.3.6.1.4.1.14519.5.2.1.6279.6001.313605260055394498989743099991/surface_1.3.6.1.4.1.14519.5.2.1.6279.6001.313605260055394498989743099991.png,outputs/luna16_saliency_synthetic_detector_top5_minprob0.5/1.3.6.1.4.1.14519.5.2.1.6279.6001.313605260055394498989743099991/surface_grid_float_1.3.6.1.4.1.14519.5.2.1.6279.6001.313605260055394498989743099991.npy,0.5403624584350728,0.3410964906215668,0.23820626735687256,0.9529411792755127,5.1205596923828125,1.382702112197876,0.08203434720635414,0.0983508121967316,0.13455556333065033,0.8752717971801758,13,5,8,0.0,0.013429838958051471,good_or_low_review,723
detector_top5,1.3.6.1.4.1.14519.5.2.1.6279.6001.259453428008507791234730686014,outputs/luna16_saliency_synthetic_detector_top5_minprob0.5/1.3.6.1.4.1.14519.5.2.1.6279.6001.259453428008507791234730686014/surface_1.3.6.1.4.1.14519.5.2.1.6279.6001.259453428008507791234730686014.png,outputs/luna16_saliency_synthetic_detector_top5_minprob0.5/1.3.6.1.4.1.14519.5.2.1.6279.6001.259453428008507791234730686014/surface_grid_float_1.3.6.1.4.1.14519.5.2.1.6279.6001.259453428008507791234730686014.npy,0.6702503912363067,0.3079144358634949,0.23059150576591492,0.886274516582489,4.8784027099609375,1.3534220457077026,0.0958046592772007,0.115648195669055,0.1590050309896469,0.8202286958694458,13,5,8,0.0,0.013422847488605314,good_or_low_review,724
detector_top5,1.3.6.1.4.1.14519.5.2.1.6279.6001.188385286346390202873004762827,outputs/luna16_saliency_synthetic_detector_top5_minprob0.5/1.3.6.1.4.1.14519.5.2.1.6279.6001.188385286346390202873004762827/surface_1.3.6.1.4.1.14519.5.2.1.6279.6001.188385286346390202873004762827.png,outputs/luna16_saliency_synthetic_detector_top5_minprob0.5/1.3.6.1.4.1.14519.5.2.1.6279.6001.188385286346390202873004762827/surface_grid_float_1.3.6.1.4.1.14519.5.2.1.6279.6001.188385286346390202873004762827.npy,0.5382342657342657,0.4236854910850525,0.19198378920555115,0.9647058844566345,3.4091110229492188,0.9655325412750244,0.06533624045550816,0.07870608888566495,0.10744257271289825,0.603581964969635,13,5,8,0.0,0.013392433024197823,good_or_low_review,725
detector_top5,1.3.6.1.4.1.14519.5.2.1.6279.6001.339142594937666268384335506819,outputs/luna16_saliency_synthetic_detector_top5_minprob0.5/1.3.6.1.4.1.14519.5.2.1.6279.6001.339142594937666268384335506819/surface_1.3.6.1.4.1.14519.5.2.1.6279.6001.339142594937666268384335506819.png,outputs/luna16_saliency_synthetic_detector_top5_minprob0.5/1.3.6.1.4.1.14519.5.2.1.6279.6001.339142594937666268384335506819/surface_grid_float_1.3.6.1.4.1.14519.5.2.1.6279.6001.339142594937666268384335506819.npy,0.5918062397372742,0.3706793785095215,0.2224663347005844,0.8745098114013672,4.96112060546875,1.2881335020065308,0.09410301223397255,0.1124052844196558,0.15477247536182404,0.7731898427009583,13,5,8,0.0,0.013358892525484164,good_or_low_review,726
detector_top5,1.3.6.1.4.1.14519.5.2.1.6279.6001.272348349298439120568330857680,outputs/luna16_saliency_synthetic_detector_top5_minprob0.5/1.3.6.1.4.1.14519.5.2.1.6279.6001.272348349298439120568330857680/surface_1.3.6.1.4.1.14519.5.2.1.6279.6001.272348349298439120568330857680.png,outputs/luna16_saliency_synthetic_detector_top5_minprob0.5/1.3.6.1.4.1.14519.5.2.1.6279.6001.272348349298439120568330857680/surface_grid_float_1.3.6.1.4.1.14519.5.2.1.6279.6001.272348349298439120568330857680.npy,0.6272216957060581,0.330748051404953,0.25452229380607605,1.0,4.892120361328125,1.4017618894577026,0.08982718586921691,0.10903999269008642,0.14765864610671997,0.8613488674163818,13,5,8,0.0,0.013338842310508095,good_or_low_review,727
detector_top5,1.3.6.1.4.1.14519.5.2.1.6279.6001.367204840301639918160517361062,outputs/luna16_saliency_synthetic_detector_top5_minprob0.5/1.3.6.1.4.1.14519.5.2.1.6279.6001.367204840301639918160517361062/surface_1.3.6.1.4.1.14519.5.2.1.6279.6001.367204840301639918160517361062.png,outputs/luna16_saliency_synthetic_detector_top5_minprob0.5/1.3.6.1.4.1.14519.5.2.1.6279.6001.367204840301639918160517361062/surface_grid_float_1.3.6.1.4.1.14519.5.2.1.6279.6001.367204840301639918160517361062.npy,0.46390230810520666,0.33291110396385193,0.21494758129119873,0.8588235378265381,5.0188140869140625,1.3722963333129883,0.08552041687071328,0.10238557949662208,0.14105677604675293,0.8546740412712097,13,5,8,0.0,0.013335533177024787,good_or_low_review,728
detector_top5,1.3.6.1.4.1.14519.5.2.1.6279.6001.885168397833922082085837240429,outputs/luna16_saliency_synthetic_detector_top5_minprob0.5/1.3.6.1.4.1.14519.5.2.1.6279.6001.885168397833922082085837240429/surface_1.3.6.1.4.1.14519.5.2.1.6279.6001.885168397833922082085837240429.png,outputs/luna16_saliency_synthetic_detector_top5_minprob0.5/1.3.6.1.4.1.14519.5.2.1.6279.6001.885168397833922082085837240429/surface_grid_float_1.3.6.1.4.1.14519.5.2.1.6279.6001.885168397833922082085837240429.npy,0.5919543870763383,0.3403872549533844,0.23404309153556824,0.9490196108818054,5.193756103515625,1.2884836196899414,0.0854731947183609,0.09946107961237431,0.15887627005577087,0.749024510383606,13,5,8,1.0,0.01330459147286084,good_or_low_review,729
detector_top5,1.3.6.1.4.1.14519.5.2.1.6279.6001.229960820686439513664996214638,outputs/luna16_saliency_synthetic_detector_top5_minprob0.5/1.3.6.1.4.1.14519.5.2.1.6279.6001.229960820686439513664996214638/surface_1.3.6.1.4.1.14519.5.2.1.6279.6001.229960820686439513664996214638.png,outputs/luna16_saliency_synthetic_detector_top5_minprob0.5/1.3.6.1.4.1.14519.5.2.1.6279.6001.229960820686439513664996214638/surface_grid_float_1.3.6.1.4.1.14519.5.2.1.6279.6001.229960820686439513664996214638.npy,0.3984115347018573,0.34913894534111023,0.23986196517944336,1.0,5.043212890625,1.3091939687728882,0.08586183711886405,0.10330732896924019,0.15288567543029785,0.7987027764320374,13,5,8,0.0,0.013279469745523399,good_or_low_review,730
detector_top5,1.3.6.1.4.1.14519.5.2.1.6279.6001.245248446973732759194067808002,outputs/luna16_saliency_synthetic_detector_top5_minprob0.5/1.3.6.1.4.1.14519.5.2.1.6279.6001.245248446973732759194067808002/surface_1.3.6.1.4.1.14519.5.2.1.6279.6001.245248446973732759194067808002.png,outputs/luna16_saliency_synthetic_detector_top5_minprob0.5/1.3.6.1.4.1.14519.5.2.1.6279.6001.245248446973732759194067808002/surface_grid_float_1.3.6.1.4.1.14519.5.2.1.6279.6001.245248446973732759194067808002.npy,0.6156318214892069,0.3423766791820526,0.23164984583854675,0.9882352948188782,4.7489471435546875,1.2485140562057495,0.10220333375036716,0.12259434163570404,0.1657639741897583,0.7584102749824524,13,5,8,0.0,0.013278098321623272,good_or_low_review,731
detector_top5,1.3.6.1.4.1.14519.5.2.1.6279.6001.217955041973656886482758642958,outputs/luna16_saliency_synthetic_detector_top5_minprob0.5/1.3.6.1.4.1.14519.5.2.1.6279.6001.217955041973656886482758642958/surface_1.3.6.1.4.1.14519.5.2.1.6279.6001.217955041973656886482758642958.png,outputs/luna16_saliency_synthetic_detector_top5_minprob0.5/1.3.6.1.4.1.14519.5.2.1.6279.6001.217955041973656886482758642958/surface_grid_float_1.3.6.1.4.1.14519.5.2.1.6279.6001.217955041973656886482758642958.npy,0.47631726457399104,0.35636457800865173,0.23374967277050018,1.0,4.7973480224609375,1.3270490169525146,0.09412708431482314,0.1138335434347391,0.16492334008216858,0.8222332000732422,13,5,8,0.0,0.013237771229528718,good_or_low_review,732
detector_top5,1.3.6.1.4.1.14519.5.2.1.6279.6001.252634638822000832774167856951,outputs/luna16_saliency_synthetic_detector_top5_minprob0.5/1.3.6.1.4.1.14519.5.2.1.6279.6001.252634638822000832774167856951/surface_1.3.6.1.4.1.14519.5.2.1.6279.6001.252634638822000832774167856951.png,outputs/luna16_saliency_synthetic_detector_top5_minprob0.5/1.3.6.1.4.1.14519.5.2.1.6279.6001.252634638822000832774167856951/surface_grid_float_1.3.6.1.4.1.14519.5.2.1.6279.6001.252634638822000832774167856951.npy,0.5755110062893082,0.34911951422691345,0.24010716378688812,0.9607843160629272,4.79388427734375,1.24306321144104,0.09664258994162081,0.11496159270405767,0.15855851769447327,0.8046594858169556,13,5,8,0.0,0.013226787100732326,good_or_low_review,733
detector_top5,1.3.6.1.4.1.14519.5.2.1.6279.6001.550599855064600241623943717588,outputs/luna16_saliency_synthetic_detector_top5_minprob0.5/1.3.6.1.4.1.14519.5.2.1.6279.6001.550599855064600241623943717588/surface_1.3.6.1.4.1.14519.5.2.1.6279.6001.550599855064600241623943717588.png,outputs/luna16_saliency_synthetic_detector_top5_minprob0.5/1.3.6.1.4.1.14519.5.2.1.6279.6001.550599855064600241623943717588/surface_grid_float_1.3.6.1.4.1.14519.5.2.1.6279.6001.550599855064600241623943717588.npy,0.5626656763436592,0.3482503592967987,0.24530324339866638,1.0,4.97100830078125,1.3739373683929443,0.0824383646249771,0.09954791098833084,0.1346789300441742,0.879817008972168,13,5,8,0.0,0.013226600073112382,good_or_low_review,734
detector_top5,1.3.6.1.4.1.14519.5.2.1.6279.6001.332453873575389860371315979768,outputs/luna16_saliency_synthetic_detector_top5_minprob0.5/1.3.6.1.4.1.14519.5.2.1.6279.6001.332453873575389860371315979768/surface_1.3.6.1.4.1.14519.5.2.1.6279.6001.332453873575389860371315979768.png,outputs/luna16_saliency_synthetic_detector_top5_minprob0.5/1.3.6.1.4.1.14519.5.2.1.6279.6001.332453873575389860371315979768/surface_grid_float_1.3.6.1.4.1.14519.5.2.1.6279.6001.332453873575389860371315979768.npy,0.6484634442043118,0.3105364143848419,0.22625285387039185,0.9372549057006836,5.1199798583984375,1.3884391784667969,0.08180097676813598,0.09558627791702747,0.13482920825481415,0.8154950141906738,13,5,8,0.0,0.013213099244154161,good_or_low_review,735
detector_top5,1.3.6.1.4.1.14519.5.2.1.6279.6001.210837812047373739447725050963,outputs/luna16_saliency_synthetic_detector_top5_minprob0.5/1.3.6.1.4.1.14519.5.2.1.6279.6001.210837812047373739447725050963/surface_1.3.6.1.4.1.14519.5.2.1.6279.6001.210837812047373739447725050963.png,outputs/luna16_saliency_synthetic_detector_top5_minprob0.5/1.3.6.1.4.1.14519.5.2.1.6279.6001.210837812047373739447725050963/surface_grid_float_1.3.6.1.4.1.14519.5.2.1.6279.6001.210837812047373739447725050963.npy,0.5144374895076385,0.31804442405700684,0.23207993805408478,0.95686274766922,4.9996795654296875,1.2239489555358887,0.08339338228106498,0.0995199505239724,0.14019176363945007,0.8506754636764526,13,5,8,0.0,0.013208787710716324,good_or_low_review,736
detector_top5,1.3.6.1.4.1.14519.5.2.1.6279.6001.114249388265341701207347458535,outputs/luna16_saliency_synthetic_detector_top5_minprob0.5/1.3.6.1.4.1.14519.5.2.1.6279.6001.114249388265341701207347458535/surface_1.3.6.1.4.1.14519.5.2.1.6279.6001.114249388265341701207347458535.png,outputs/luna16_saliency_synthetic_detector_top5_minprob0.5/1.3.6.1.4.1.14519.5.2.1.6279.6001.114249388265341701207347458535/surface_grid_float_1.3.6.1.4.1.14519.5.2.1.6279.6001.114249388265341701207347458535.npy,0.4037570065141645,0.40344545245170593,0.24584253132343292,1.0,4.985992431640625,1.359352469444275,0.0875423856079578,0.10270792260766028,0.1471945196390152,0.8040570616722107,13,5,8,0.0,0.013178018534680208,good_or_low_review,737
detector_top5,1.3.6.1.4.1.14519.5.2.1.6279.6001.608029415915051219877530734559,outputs/luna16_saliency_synthetic_detector_top5_minprob0.5/1.3.6.1.4.1.14519.5.2.1.6279.6001.608029415915051219877530734559/surface_1.3.6.1.4.1.14519.5.2.1.6279.6001.608029415915051219877530734559.png,outputs/luna16_saliency_synthetic_detector_top5_minprob0.5/1.3.6.1.4.1.14519.5.2.1.6279.6001.608029415915051219877530734559/surface_grid_float_1.3.6.1.4.1.14519.5.2.1.6279.6001.608029415915051219877530734559.npy,0.6406566085519713,0.31349241733551025,0.2456856071949005,1.0,4.843597412109375,1.327595591545105,0.08541896045207976,0.10393976688385013,0.1377612203359604,0.8910536170005798,13,5,8,0.0,0.013170974508921305,good_or_low_review,738
detector_top5,1.3.6.1.4.1.14519.5.2.1.6279.6001.596908385953413160131451426904,outputs/luna16_saliency_synthetic_detector_top5_minprob0.5/1.3.6.1.4.1.14519.5.2.1.6279.6001.596908385953413160131451426904/surface_1.3.6.1.4.1.14519.5.2.1.6279.6001.596908385953413160131451426904.png,outputs/luna16_saliency_synthetic_detector_top5_minprob0.5/1.3.6.1.4.1.14519.5.2.1.6279.6001.596908385953413160131451426904/surface_grid_float_1.3.6.1.4.1.14519.5.2.1.6279.6001.596908385953413160131451426904.npy,0.560771450348432,0.3233952522277832,0.23530656099319458,0.9176470637321472,4.83355712890625,1.349722146987915,0.08826386928558348,0.10719124585390073,0.14675572514533997,0.8457503914833069,13,5,8,0.0,0.013151111238201452,good_or_low_review,739
detector_top5,1.3.6.1.4.1.14519.5.2.1.6279.6001.282779922503707013097174625409,outputs/luna16_saliency_synthetic_detector_top5_minprob0.5/1.3.6.1.4.1.14519.5.2.1.6279.6001.282779922503707013097174625409/surface_1.3.6.1.4.1.14519.5.2.1.6279.6001.282779922503707013097174625409.png,outputs/luna16_saliency_synthetic_detector_top5_minprob0.5/1.3.6.1.4.1.14519.5.2.1.6279.6001.282779922503707013097174625409/surface_grid_float_1.3.6.1.4.1.14519.5.2.1.6279.6001.282779922503707013097174625409.npy,0.6174350106972246,0.3066396117210388,0.22504743933677673,0.8980392217636108,4.9429168701171875,1.3051069974899292,0.08767779842019081,0.10361495189368716,0.14643241465091705,0.7674669027328491,13,5,8,0.0,0.013052125346412258,good_or_low_review,740
detector_top5,1.3.6.1.4.1.14519.5.2.1.6279.6001.190144948425835566841437565646,outputs/luna16_saliency_synthetic_detector_top5_minprob0.5/1.3.6.1.4.1.14519.5.2.1.6279.6001.190144948425835566841437565646/surface_1.3.6.1.4.1.14519.5.2.1.6279.6001.190144948425835566841437565646.png,outputs/luna16_saliency_synthetic_detector_top5_minprob0.5/1.3.6.1.4.1.14519.5.2.1.6279.6001.190144948425835566841437565646/surface_grid_float_1.3.6.1.4.1.14519.5.2.1.6279.6001.190144948425835566841437565646.npy,0.6525609983237102,0.326374351978302,0.24102085828781128,1.0,4.681610107421875,1.2770973443984985,0.08976599872112273,0.10945084415376187,0.1430746167898178,0.8734488487243652,13,5,8,0.0,0.013027206278592347,good_or_low_review,741
detector_top5,1.3.6.1.4.1.14519.5.2.1.6279.6001.202643836890896697853521610450,outputs/luna16_saliency_synthetic_detector_top5_minprob0.5/1.3.6.1.4.1.14519.5.2.1.6279.6001.202643836890896697853521610450/surface_1.3.6.1.4.1.14519.5.2.1.6279.6001.202643836890896697853521610450.png,outputs/luna16_saliency_synthetic_detector_top5_minprob0.5/1.3.6.1.4.1.14519.5.2.1.6279.6001.202643836890896697853521610450/surface_grid_float_1.3.6.1.4.1.14519.5.2.1.6279.6001.202643836890896697853521610450.npy,0.6336037364798427,0.30799099802970886,0.23069681227207184,0.8666666746139526,4.654693603515625,1.208796501159668,0.10062927789986131,0.12099980920553202,0.17940260469913483,0.7043942809104919,13,5,8,0.0,0.01295313757293754,good_or_low_review,742
detector_top5,1.3.6.1.4.1.14519.5.2.1.6279.6001.220205300714852483483213840572,outputs/luna16_saliency_synthetic_detector_top5_minprob0.5/1.3.6.1.4.1.14519.5.2.1.6279.6001.220205300714852483483213840572/surface_1.3.6.1.4.1.14519.5.2.1.6279.6001.220205300714852483483213840572.png,outputs/luna16_saliency_synthetic_detector_top5_minprob0.5/1.3.6.1.4.1.14519.5.2.1.6279.6001.220205300714852483483213840572/surface_grid_float_1.3.6.1.4.1.14519.5.2.1.6279.6001.220205300714852483483213840572.npy,0.5825853613398723,0.36029672622680664,0.23126552999019623,0.929411768913269,4.7095184326171875,1.3191684484481812,0.08821246959269044,0.10596841804683209,0.14557604491710663,0.8066697120666504,13,5,8,0.0,0.012820849289248386,good_or_low_review,743
detector_top5,1.3.6.1.4.1.14519.5.2.1.6279.6001.177985905159808659201278495182,outputs/luna16_saliency_synthetic_detector_top5_minprob0.5/1.3.6.1.4.1.14519.5.2.1.6279.6001.177985905159808659201278495182/surface_1.3.6.1.4.1.14519.5.2.1.6279.6001.177985905159808659201278495182.png,outputs/luna16_saliency_synthetic_detector_top5_minprob0.5/1.3.6.1.4.1.14519.5.2.1.6279.6001.177985905159808659201278495182/surface_grid_float_1.3.6.1.4.1.14519.5.2.1.6279.6001.177985905159808659201278495182.npy,0.5858026304328892,0.34944817423820496,0.25215330719947815,1.0,4.8060760498046875,1.254310131072998,0.09083302617073057,0.10625982493162155,0.15232746303081512,0.7223175168037415,13,5,8,0.0,0.012803071534964775,good_or_low_review,744
detector_top5,1.3.6.1.4.1.14519.5.2.1.6279.6001.776429308535398795601496131524,outputs/luna16_saliency_synthetic_detector_top5_minprob0.5/1.3.6.1.4.1.14519.5.2.1.6279.6001.776429308535398795601496131524/surface_1.3.6.1.4.1.14519.5.2.1.6279.6001.776429308535398795601496131524.png,outputs/luna16_saliency_synthetic_detector_top5_minprob0.5/1.3.6.1.4.1.14519.5.2.1.6279.6001.776429308535398795601496131524/surface_grid_float_1.3.6.1.4.1.14519.5.2.1.6279.6001.776429308535398795601496131524.npy,0.5984666642782933,0.35241228342056274,0.23782722651958466,0.9843137264251709,4.504241943359375,1.2286295890808105,0.09833129122853279,0.1181737557053566,0.16870149970054626,0.7549492716789246,13,5,8,0.0,0.012729947624935043,good_or_low_review,745
detector_top5,1.3.6.1.4.1.14519.5.2.1.6279.6001.162901839201654862079549658100,outputs/luna16_saliency_synthetic_detector_top5_minprob0.5/1.3.6.1.4.1.14519.5.2.1.6279.6001.162901839201654862079549658100/surface_1.3.6.1.4.1.14519.5.2.1.6279.6001.162901839201654862079549658100.png,outputs/luna16_saliency_synthetic_detector_top5_minprob0.5/1.3.6.1.4.1.14519.5.2.1.6279.6001.162901839201654862079549658100/surface_grid_float_1.3.6.1.4.1.14519.5.2.1.6279.6001.162901839201654862079549658100.npy,0.6301856485342724,0.3237830698490143,0.23147372901439667,0.95686274766922,4.817535400390625,1.2515485286712646,0.08289048634469509,0.0980812791734934,0.13531269133090973,0.7855784296989441,13,5,8,0.0,0.012717393886297942,good_or_low_review,746
detector_top5,1.3.6.1.4.1.14519.5.2.1.6279.6001.131150737314367975651717513386,outputs/luna16_saliency_synthetic_detector_top5_minprob0.5/1.3.6.1.4.1.14519.5.2.1.6279.6001.131150737314367975651717513386/surface_1.3.6.1.4.1.14519.5.2.1.6279.6001.131150737314367975651717513386.png,outputs/luna16_saliency_synthetic_detector_top5_minprob0.5/1.3.6.1.4.1.14519.5.2.1.6279.6001.131150737314367975651717513386/surface_grid_float_1.3.6.1.4.1.14519.5.2.1.6279.6001.131150737314367975651717513386.npy,0.7174596649881821,0.3272589147090912,0.23260940611362457,0.929411768913269,4.5568084716796875,1.24552321434021,0.09315331280231473,0.11153683736920354,0.15215879678726196,0.7979916334152222,13,5,8,0.0,0.012714100648131634,good_or_low_review,747
detector_top5,1.3.6.1.4.1.14519.5.2.1.6279.6001.138674679709964033277400089532,outputs/luna16_saliency_synthetic_detector_top5_minprob0.5/1.3.6.1.4.1.14519.5.2.1.6279.6001.138674679709964033277400089532/surface_1.3.6.1.4.1.14519.5.2.1.6279.6001.138674679709964033277400089532.png,outputs/luna16_saliency_synthetic_detector_top5_minprob0.5/1.3.6.1.4.1.14519.5.2.1.6279.6001.138674679709964033277400089532/surface_grid_float_1.3.6.1.4.1.14519.5.2.1.6279.6001.138674679709964033277400089532.npy,0.5637369653117684,0.34543129801750183,0.2132205367088318,0.9019607901573181,4.7940216064453125,1.1571024656295776,0.07965377122163769,0.09486340373754511,0.13592350482940674,0.7876339554786682,13,5,8,0.0,0.012586235801710026,good_or_low_review,748
detector_top5,1.3.6.1.4.1.14519.5.2.1.6279.6001.254138388912084634057282064266,outputs/luna16_saliency_synthetic_detector_top5_minprob0.5/1.3.6.1.4.1.14519.5.2.1.6279.6001.254138388912084634057282064266/surface_1.3.6.1.4.1.14519.5.2.1.6279.6001.254138388912084634057282064266.png,outputs/luna16_saliency_synthetic_detector_top5_minprob0.5/1.3.6.1.4.1.14519.5.2.1.6279.6001.254138388912084634057282064266/surface_grid_float_1.3.6.1.4.1.14519.5.2.1.6279.6001.254138388912084634057282064266.npy,0.60126868200128,0.3084973394870758,0.2627672851085663,0.9960784316062927,4.273895263671875,1.0673551559448242,0.10096686892211437,0.12475909851491451,0.17945384979248047,0.7613148093223572,13,5,8,0.0,0.01255774241561691,good_or_low_review,749
detector_top5,1.3.6.1.4.1.14519.5.2.1.6279.6001.152706273988004688708784163325,outputs/luna16_saliency_synthetic_detector_top5_minprob0.5/1.3.6.1.4.1.14519.5.2.1.6279.6001.152706273988004688708784163325/surface_1.3.6.1.4.1.14519.5.2.1.6279.6001.152706273988004688708784163325.png,outputs/luna16_saliency_synthetic_detector_top5_minprob0.5/1.3.6.1.4.1.14519.5.2.1.6279.6001.152706273988004688708784163325/surface_grid_float_1.3.6.1.4.1.14519.5.2.1.6279.6001.152706273988004688708784163325.npy,0.5510783858998145,0.3105337917804718,0.22083799540996552,0.8705882430076599,4.7296142578125,1.251047134399414,0.07795398198068144,0.09411584995687008,0.13023807108402252,0.8324315547943115,13,5,8,0.0,0.012556013827936518,good_or_low_review,750
detector_top5,1.3.6.1.4.1.14519.5.2.1.6279.6001.270788655216695628640355888562,outputs/luna16_saliency_synthetic_detector_top5_minprob0.5/1.3.6.1.4.1.14519.5.2.1.6279.6001.270788655216695628640355888562/surface_1.3.6.1.4.1.14519.5.2.1.6279.6001.270788655216695628640355888562.png,outputs/luna16_saliency_synthetic_detector_top5_minprob0.5/1.3.6.1.4.1.14519.5.2.1.6279.6001.270788655216695628640355888562/surface_grid_float_1.3.6.1.4.1.14519.5.2.1.6279.6001.270788655216695628640355888562.npy,0.6246772805507745,0.3212214410305023,0.225351482629776,0.9529411792755127,5.14434814453125,1.2202391624450684,0.053353320807218524,0.07118060275912287,0.10670937597751617,0.828109085559845,18,10,8,4.0,0.012549574069347647,good_or_low_review,751
detector_top5,1.3.6.1.4.1.14519.5.2.1.6279.6001.447468612991222399440694673357,outputs/luna16_saliency_synthetic_detector_top5_minprob0.5/1.3.6.1.4.1.14519.5.2.1.6279.6001.447468612991222399440694673357/surface_1.3.6.1.4.1.14519.5.2.1.6279.6001.447468612991222399440694673357.png,outputs/luna16_saliency_synthetic_detector_top5_minprob0.5/1.3.6.1.4.1.14519.5.2.1.6279.6001.447468612991222399440694673357/surface_grid_float_1.3.6.1.4.1.14519.5.2.1.6279.6001.447468612991222399440694673357.npy,0.5722653000099837,0.330123633146286,0.23290471732616425,0.9411764740943909,4.448333740234375,1.3291062116622925,0.08955965973436832,0.10962495557963847,0.14740067720413208,0.8150963187217712,13,5,8,0.0,0.012513963387161493,good_or_low_review,752
detector_top5,1.3.6.1.4.1.14519.5.2.1.6279.6001.215785045378334625097907422785,outputs/luna16_saliency_synthetic_detector_top5_minprob0.5/1.3.6.1.4.1.14519.5.2.1.6279.6001.215785045378334625097907422785/surface_1.3.6.1.4.1.14519.5.2.1.6279.6001.215785045378334625097907422785.png,outputs/luna16_saliency_synthetic_detector_top5_minprob0.5/1.3.6.1.4.1.14519.5.2.1.6279.6001.215785045378334625097907422785/surface_grid_float_1.3.6.1.4.1.14519.5.2.1.6279.6001.215785045378334625097907422785.npy,0.6358509215652073,0.3858237862586975,0.2538049519062042,1.0,4.4682769775390625,1.2151589393615723,0.09183173477649687,0.11058442771434786,0.15067242085933685,0.7870435118675232,13,5,8,0.0,0.012513646709256702,good_or_low_review,753
detector_top5,1.3.6.1.4.1.14519.5.2.1.6279.6001.156322145453198768801776721493,outputs/luna16_saliency_synthetic_detector_top5_minprob0.5/1.3.6.1.4.1.14519.5.2.1.6279.6001.156322145453198768801776721493/surface_1.3.6.1.4.1.14519.5.2.1.6279.6001.156322145453198768801776721493.png,outputs/luna16_saliency_synthetic_detector_top5_minprob0.5/1.3.6.1.4.1.14519.5.2.1.6279.6001.156322145453198768801776721493/surface_grid_float_1.3.6.1.4.1.14519.5.2.1.6279.6001.156322145453198768801776721493.npy,0.5771659509977267,0.31653207540512085,0.2171904742717743,0.8470588326454163,4.651153564453125,1.2372050285339355,0.08024826534092425,0.09664271086454392,0.13214629888534546,0.8191028833389282,13,5,8,0.0,0.012471432563000253,good_or_low_review,754
detector_top5,1.3.6.1.4.1.14519.5.2.1.6279.6001.304676828064484590312919543151,outputs/luna16_saliency_synthetic_detector_top5_minprob0.5/1.3.6.1.4.1.14519.5.2.1.6279.6001.304676828064484590312919543151/surface_1.3.6.1.4.1.14519.5.2.1.6279.6001.304676828064484590312919543151.png,outputs/luna16_saliency_synthetic_detector_top5_minprob0.5/1.3.6.1.4.1.14519.5.2.1.6279.6001.304676828064484590312919543151/surface_grid_float_1.3.6.1.4.1.14519.5.2.1.6279.6001.304676828064484590312919543151.npy,0.3696633643219595,0.5038320422172546,0.2409585416316986,1.0,5.482837677001953,1.3405100107192993,0.05846056155860424,0.0768875204026699,0.08258675783872604,0.43848198652267456,13,5,8,0.0,0.012419092821578184,good_or_low_review,755
detector_top5,1.3.6.1.4.1.14519.5.2.1.6279.6001.146603910507557786636779705509,outputs/luna16_saliency_synthetic_detector_top5_minprob0.5/1.3.6.1.4.1.14519.5.2.1.6279.6001.146603910507557786636779705509/surface_1.3.6.1.4.1.14519.5.2.1.6279.6001.146603910507557786636779705509.png,outputs/luna16_saliency_synthetic_detector_top5_minprob0.5/1.3.6.1.4.1.14519.5.2.1.6279.6001.146603910507557786636779705509/surface_grid_float_1.3.6.1.4.1.14519.5.2.1.6279.6001.146603910507557786636779705509.npy,0.6191703845500718,0.3511354923248291,0.222140371799469,0.9529411792755127,4.5549774169921875,1.2535436153411865,0.08320001065731046,0.10054690748453139,0.1372455209493637,0.8114035129547119,13,5,8,0.0,0.012411155170533393,good_or_low_review,756
detector_top5,1.3.6.1.4.1.14519.5.2.1.6279.6001.145759169833745025756371695397,outputs/luna16_saliency_synthetic_detector_top5_minprob0.5/1.3.6.1.4.1.14519.5.2.1.6279.6001.145759169833745025756371695397/surface_1.3.6.1.4.1.14519.5.2.1.6279.6001.145759169833745025756371695397.png,outputs/luna16_saliency_synthetic_detector_top5_minprob0.5/1.3.6.1.4.1.14519.5.2.1.6279.6001.145759169833745025756371695397/surface_grid_float_1.3.6.1.4.1.14519.5.2.1.6279.6001.145759169833745025756371695397.npy,0.5866643723651381,0.3407658636569977,0.22901226580142975,0.9372549057006836,4.4763946533203125,1.1604715585708618,0.08715928569436066,0.10530799895524978,0.14212079346179962,0.7998493313789368,13,5,8,0.0,0.012397340682811207,good_or_low_review,757
detector_top5,1.3.6.1.4.1.14519.5.2.1.6279.6001.394470743585708729682444806008,outputs/luna16_saliency_synthetic_detector_top5_minprob0.5/1.3.6.1.4.1.14519.5.2.1.6279.6001.394470743585708729682444806008/surface_1.3.6.1.4.1.14519.5.2.1.6279.6001.394470743585708729682444806008.png,outputs/luna16_saliency_synthetic_detector_top5_minprob0.5/1.3.6.1.4.1.14519.5.2.1.6279.6001.394470743585708729682444806008/surface_grid_float_1.3.6.1.4.1.14519.5.2.1.6279.6001.394470743585708729682444806008.npy,0.38440959409594094,0.36173707246780396,0.25637608766555786,1.0,4.2806549072265625,1.0119329690933228,0.08826995156705379,0.11772171609103681,0.1766546219587326,0.7782437801361084,18,10,8,0.626983642578125,0.012395506950633392,good_or_low_review,758
detector_top5,1.3.6.1.4.1.14519.5.2.1.6279.6001.186021279664749879526003668137,outputs/luna16_saliency_synthetic_detector_top5_minprob0.5/1.3.6.1.4.1.14519.5.2.1.6279.6001.186021279664749879526003668137/surface_1.3.6.1.4.1.14519.5.2.1.6279.6001.186021279664749879526003668137.png,outputs/luna16_saliency_synthetic_detector_top5_minprob0.5/1.3.6.1.4.1.14519.5.2.1.6279.6001.186021279664749879526003668137/surface_grid_float_1.3.6.1.4.1.14519.5.2.1.6279.6001.186021279664749879526003668137.npy,0.5633333333333334,0.331630676984787,0.23699021339416504,0.8352941274642944,4.596794128417969,0.8272064924240112,0.06113465316593648,0.12524145916104307,0.22611913084983826,0.4315672218799591,13,5,8,3.0,0.012377605593038927,good_or_low_review,759
detector_top5,1.3.6.1.4.1.14519.5.2.1.6279.6001.214252223927572015414741039150,outputs/luna16_saliency_synthetic_detector_top5_minprob0.5/1.3.6.1.4.1.14519.5.2.1.6279.6001.214252223927572015414741039150/surface_1.3.6.1.4.1.14519.5.2.1.6279.6001.214252223927572015414741039150.png,outputs/luna16_saliency_synthetic_detector_top5_minprob0.5/1.3.6.1.4.1.14519.5.2.1.6279.6001.214252223927572015414741039150/surface_grid_float_1.3.6.1.4.1.14519.5.2.1.6279.6001.214252223927572015414741039150.npy,0.4846649446275348,0.3417142629623413,0.217266246676445,0.8980392217636108,4.4106903076171875,1.1848379373550415,0.08702223747968672,0.1062238486111164,0.15001587569713593,0.8076260089874268,13,5,8,0.0,0.01233259043544531,good_or_low_review,760
detector_top5,1.3.6.1.4.1.14519.5.2.1.6279.6001.323535944958374186208096541480,outputs/luna16_saliency_synthetic_detector_top5_minprob0.5/1.3.6.1.4.1.14519.5.2.1.6279.6001.323535944958374186208096541480/surface_1.3.6.1.4.1.14519.5.2.1.6279.6001.323535944958374186208096541480.png,outputs/luna16_saliency_synthetic_detector_top5_minprob0.5/1.3.6.1.4.1.14519.5.2.1.6279.6001.323535944958374186208096541480/surface_grid_float_1.3.6.1.4.1.14519.5.2.1.6279.6001.323535944958374186208096541480.npy,0.6683715813244292,0.340253084897995,0.2246122807264328,0.8823529481887817,4.5075225830078125,1.223312258720398,0.08785922080278397,0.10383855476975441,0.1442306786775589,0.7532722353935242,13,5,8,0.0,0.012301632582313485,good_or_low_review,761
detector_top5,1.3.6.1.4.1.14519.5.2.1.6279.6001.466284753932369813717081722101,outputs/luna16_saliency_synthetic_detector_top5_minprob0.5/1.3.6.1.4.1.14519.5.2.1.6279.6001.466284753932369813717081722101/surface_1.3.6.1.4.1.14519.5.2.1.6279.6001.466284753932369813717081722101.png,outputs/luna16_saliency_synthetic_detector_top5_minprob0.5/1.3.6.1.4.1.14519.5.2.1.6279.6001.466284753932369813717081722101/surface_grid_float_1.3.6.1.4.1.14519.5.2.1.6279.6001.466284753932369813717081722101.npy,0.572406015037594,0.35531678795814514,0.23650118708610535,1.0,4.3060150146484375,1.283388614654541,0.09194895997643465,0.1121002408862114,0.1514085829257965,0.7749144434928894,13,5,8,0.0,0.012261731014317937,good_or_low_review,762
detector_top5,1.3.6.1.4.1.14519.5.2.1.6279.6001.281967919138248195763602360723,outputs/luna16_saliency_synthetic_detector_top5_minprob0.5/1.3.6.1.4.1.14519.5.2.1.6279.6001.281967919138248195763602360723/surface_1.3.6.1.4.1.14519.5.2.1.6279.6001.281967919138248195763602360723.png,outputs/luna16_saliency_synthetic_detector_top5_minprob0.5/1.3.6.1.4.1.14519.5.2.1.6279.6001.281967919138248195763602360723/surface_grid_float_1.3.6.1.4.1.14519.5.2.1.6279.6001.281967919138248195763602360723.npy,0.6733272386922642,0.3338381350040436,0.23964524269104004,0.929411768913269,4.1859893798828125,1.2058109045028687,0.09971035309135913,0.12088432669639586,0.17215117812156677,0.7236351370811462,13,5,8,0.0,0.012211256849765777,good_or_low_review,763
detector_top5,1.3.6.1.4.1.14519.5.2.1.6279.6001.199069398344356765037879821616,outputs/luna16_saliency_synthetic_detector_top5_minprob0.5/1.3.6.1.4.1.14519.5.2.1.6279.6001.199069398344356765037879821616/surface_1.3.6.1.4.1.14519.5.2.1.6279.6001.199069398344356765037879821616.png,outputs/luna16_saliency_synthetic_detector_top5_minprob0.5/1.3.6.1.4.1.14519.5.2.1.6279.6001.199069398344356765037879821616/surface_grid_float_1.3.6.1.4.1.14519.5.2.1.6279.6001.199069398344356765037879821616.npy,0.5367422069229298,0.33679428696632385,0.23273485898971558,0.9607843160629272,5.2295989990234375,1.2404425144195557,0.06129554491490124,0.07008157260715955,0.10325334966182709,0.6181195378303528,18,10,8,4.2137298583984375,0.012192044482876854,good_or_low_review,764
detector_top5,1.3.6.1.4.1.14519.5.2.1.6279.6001.395623571499047043765181005112,outputs/luna16_saliency_synthetic_detector_top5_minprob0.5/1.3.6.1.4.1.14519.5.2.1.6279.6001.395623571499047043765181005112/surface_1.3.6.1.4.1.14519.5.2.1.6279.6001.395623571499047043765181005112.png,outputs/luna16_saliency_synthetic_detector_top5_minprob0.5/1.3.6.1.4.1.14519.5.2.1.6279.6001.395623571499047043765181005112/surface_grid_float_1.3.6.1.4.1.14519.5.2.1.6279.6001.395623571499047043765181005112.npy,0.3967998520162782,0.41210436820983887,0.2512838840484619,1.0,4.2458343505859375,1.1016403436660767,0.09487274289131162,0.11492232888936992,0.1654590517282486,0.7247090339660645,13,5,8,0.0,0.012134524970915581,good_or_low_review,765
detector_top5,1.3.6.1.4.1.14519.5.2.1.6279.6001.276710697414087561012670296643,outputs/luna16_saliency_synthetic_detector_top5_minprob0.5/1.3.6.1.4.1.14519.5.2.1.6279.6001.276710697414087561012670296643/surface_1.3.6.1.4.1.14519.5.2.1.6279.6001.276710697414087561012670296643.png,outputs/luna16_saliency_synthetic_detector_top5_minprob0.5/1.3.6.1.4.1.14519.5.2.1.6279.6001.276710697414087561012670296643/surface_grid_float_1.3.6.1.4.1.14519.5.2.1.6279.6001.276710697414087561012670296643.npy,0.5939149278249625,0.355436772108078,0.2549806833267212,1.0,4.450469970703125,1.0914310216903687,0.08426735959947107,0.10034869231283665,0.13555921614170074,0.7524128556251526,13,5,8,0.0,0.012099939288612869,good_or_low_review,766
detector_top5,1.3.6.1.4.1.14519.5.2.1.6279.6001.290410217650314119074833254861,outputs/luna16_saliency_synthetic_detector_top5_minprob0.5/1.3.6.1.4.1.14519.5.2.1.6279.6001.290410217650314119074833254861/surface_1.3.6.1.4.1.14519.5.2.1.6279.6001.290410217650314119074833254861.png,outputs/luna16_saliency_synthetic_detector_top5_minprob0.5/1.3.6.1.4.1.14519.5.2.1.6279.6001.290410217650314119074833254861/surface_grid_float_1.3.6.1.4.1.14519.5.2.1.6279.6001.290410217650314119074833254861.npy,0.54484375,0.3198659420013428,0.22804372012615204,0.95686274766922,4.4519500732421875,1.2413846254348755,0.08036595731973649,0.09654483094811438,0.13686925172805786,0.7499973773956299,13,5,8,0.0,0.011982922555837366,good_or_low_review,767
detector_top5,1.3.6.1.4.1.14519.5.2.1.6279.6001.308183340111270052562662456038,outputs/luna16_saliency_synthetic_detector_top5_minprob0.5/1.3.6.1.4.1.14519.5.2.1.6279.6001.308183340111270052562662456038/surface_1.3.6.1.4.1.14519.5.2.1.6279.6001.308183340111270052562662456038.png,outputs/luna16_saliency_synthetic_detector_top5_minprob0.5/1.3.6.1.4.1.14519.5.2.1.6279.6001.308183340111270052562662456038/surface_grid_float_1.3.6.1.4.1.14519.5.2.1.6279.6001.308183340111270052562662456038.npy,0.5774549438923943,0.3423687219619751,0.23319105803966522,0.9058823585510254,4.12969970703125,1.0875242948532104,0.09449975341558454,0.1153849221020937,0.16600401699543,0.733996570110321,13,5,8,0.0,0.011975483997248942,good_or_low_review,768
detector_top5,1.3.6.1.4.1.14519.5.2.1.6279.6001.177785764461425908755977367558,outputs/luna16_saliency_synthetic_detector_top5_minprob0.5/1.3.6.1.4.1.14519.5.2.1.6279.6001.177785764461425908755977367558/surface_1.3.6.1.4.1.14519.5.2.1.6279.6001.177785764461425908755977367558.png,outputs/luna16_saliency_synthetic_detector_top5_minprob0.5/1.3.6.1.4.1.14519.5.2.1.6279.6001.177785764461425908755977367558/surface_grid_float_1.3.6.1.4.1.14519.5.2.1.6279.6001.177785764461425908755977367558.npy,0.6415924657534247,0.32686954736709595,0.22321583330631256,0.9306666707992542,4.423126220703125,1.0357825756072998,0.08268496021628378,0.09795253947377207,0.1316479742527008,0.7285043597221375,13,5,8,0.0,0.011929351795878675,good_or_low_review,769
detector_top5,1.3.6.1.4.1.14519.5.2.1.6279.6001.276351267409869539593937734609,outputs/luna16_saliency_synthetic_detector_top5_minprob0.5/1.3.6.1.4.1.14519.5.2.1.6279.6001.276351267409869539593937734609/surface_1.3.6.1.4.1.14519.5.2.1.6279.6001.276351267409869539593937734609.png,outputs/luna16_saliency_synthetic_detector_top5_minprob0.5/1.3.6.1.4.1.14519.5.2.1.6279.6001.276351267409869539593937734609/surface_grid_float_1.3.6.1.4.1.14519.5.2.1.6279.6001.276351267409869539593937734609.npy,0.6538533482977927,0.33105823397636414,0.2395341545343399,0.9450980424880981,4.342529296875,1.2018872499465942,0.08446095511317252,0.10055435851216311,0.13900187611579895,0.7446092367172241,13,5,8,0.0,0.011908866776194835,good_or_low_review,770
detector_top5,1.3.6.1.4.1.14519.5.2.1.6279.6001.275986221854423197884953496664,outputs/luna16_saliency_synthetic_detector_top5_minprob0.5/1.3.6.1.4.1.14519.5.2.1.6279.6001.275986221854423197884953496664/surface_1.3.6.1.4.1.14519.5.2.1.6279.6001.275986221854423197884953496664.png,outputs/luna16_saliency_synthetic_detector_top5_minprob0.5/1.3.6.1.4.1.14519.5.2.1.6279.6001.275986221854423197884953496664/surface_grid_float_1.3.6.1.4.1.14519.5.2.1.6279.6001.275986221854423197884953496664.npy,0.5420350388676181,0.399448037147522,0.25867345929145813,1.0,4.0123138427734375,1.1273349523544312,0.09623681753873818,0.1171882778406143,0.15746359527111053,0.7276557683944702,13,5,8,0.0,0.011819850891828536,good_or_low_review,771
detector_top5,1.3.6.1.4.1.14519.5.2.1.6279.6001.291156498203266896953765649282,outputs/luna16_saliency_synthetic_detector_top5_minprob0.5/1.3.6.1.4.1.14519.5.2.1.6279.6001.291156498203266896953765649282/surface_1.3.6.1.4.1.14519.5.2.1.6279.6001.291156498203266896953765649282.png,outputs/luna16_saliency_synthetic_detector_top5_minprob0.5/1.3.6.1.4.1.14519.5.2.1.6279.6001.291156498203266896953765649282/surface_grid_float_1.3.6.1.4.1.14519.5.2.1.6279.6001.291156498203266896953765649282.npy,0.5092338479130932,0.3379916548728943,0.22514013946056366,0.9647058844566345,4.3038787841796875,1.2565572261810303,0.07888374067842961,0.09568204425275327,0.13076208531856537,0.750219464302063,13,5,8,0.0,0.011710746999664439,good_or_low_review,772
detector_top5,1.3.6.1.4.1.14519.5.2.1.6279.6001.404457313935200882843898832756,outputs/luna16_saliency_synthetic_detector_top5_minprob0.5/1.3.6.1.4.1.14519.5.2.1.6279.6001.404457313935200882843898832756/surface_1.3.6.1.4.1.14519.5.2.1.6279.6001.404457313935200882843898832756.png,outputs/luna16_saliency_synthetic_detector_top5_minprob0.5/1.3.6.1.4.1.14519.5.2.1.6279.6001.404457313935200882843898832756/surface_grid_float_1.3.6.1.4.1.14519.5.2.1.6279.6001.404457313935200882843898832756.npy,0.4312391304347826,0.33630695939064026,0.2177722007036209,0.8705882430076599,4.4213104248046875,1.2503947019577026,0.07177046723663807,0.08699816979467868,0.1187894195318222,0.7727367281913757,13,5,8,0.0,0.011695988531162342,good_or_low_review,773
detector_top5,1.3.6.1.4.1.14519.5.2.1.6279.6001.320111824803959660037459294083,outputs/luna16_saliency_synthetic_detector_top5_minprob0.5/1.3.6.1.4.1.14519.5.2.1.6279.6001.320111824803959660037459294083/surface_1.3.6.1.4.1.14519.5.2.1.6279.6001.320111824803959660037459294083.png,outputs/luna16_saliency_synthetic_detector_top5_minprob0.5/1.3.6.1.4.1.14519.5.2.1.6279.6001.320111824803959660037459294083/surface_grid_float_1.3.6.1.4.1.14519.5.2.1.6279.6001.320111824803959660037459294083.npy,0.5512258353603892,0.3498535752296448,0.2312103658914566,0.8784313797950745,4.3904571533203125,1.1565028429031372,0.0770676717162132,0.09117008879780769,0.12577630579471588,0.7188133597373962,13,5,8,0.0,0.011649894274440076,good_or_low_review,774
detector_top5,1.3.6.1.4.1.14519.5.2.1.6279.6001.618434772073433276874225174904,outputs/luna16_saliency_synthetic_detector_top5_minprob0.5/1.3.6.1.4.1.14519.5.2.1.6279.6001.618434772073433276874225174904/surface_1.3.6.1.4.1.14519.5.2.1.6279.6001.618434772073433276874225174904.png,outputs/luna16_saliency_synthetic_detector_top5_minprob0.5/1.3.6.1.4.1.14519.5.2.1.6279.6001.618434772073433276874225174904/surface_grid_float_1.3.6.1.4.1.14519.5.2.1.6279.6001.618434772073433276874225174904.npy,0.5609367768212533,0.36121779680252075,0.22625844180583954,0.9647058844566345,4.0822601318359375,1.1752030849456787,0.08906407281756396,0.10815339252352715,0.1490916758775711,0.7196897864341736,13,5,8,0.0,0.01164767929861943,good_or_low_review,775
detector_top5,1.3.6.1.4.1.14519.5.2.1.6279.6001.910757789941076242457816491305,outputs/luna16_saliency_synthetic_detector_top5_minprob0.5/1.3.6.1.4.1.14519.5.2.1.6279.6001.910757789941076242457816491305/surface_1.3.6.1.4.1.14519.5.2.1.6279.6001.910757789941076242457816491305.png,outputs/luna16_saliency_synthetic_detector_top5_minprob0.5/1.3.6.1.4.1.14519.5.2.1.6279.6001.910757789941076242457816491305/surface_grid_float_1.3.6.1.4.1.14519.5.2.1.6279.6001.910757789941076242457816491305.npy,0.5066760935580333,0.33529070019721985,0.216805100440979,0.8823529481887817,4.2533111572265625,1.0546619892120361,0.07548477686941622,0.09114239588379856,0.1268766075372696,0.8014178276062012,13,5,8,0.0,0.011604052311016452,good_or_low_review,776
detector_top5,1.3.6.1.4.1.14519.5.2.1.6279.6001.126121460017257137098781143514,outputs/luna16_saliency_synthetic_detector_top5_minprob0.5/1.3.6.1.4.1.14519.5.2.1.6279.6001.126121460017257137098781143514/surface_1.3.6.1.4.1.14519.5.2.1.6279.6001.126121460017257137098781143514.png,outputs/luna16_saliency_synthetic_detector_top5_minprob0.5/1.3.6.1.4.1.14519.5.2.1.6279.6001.126121460017257137098781143514/surface_grid_float_1.3.6.1.4.1.14519.5.2.1.6279.6001.126121460017257137098781143514.npy,0.6525451801685744,0.32522743940353394,0.23860245943069458,0.9764705896377563,4.1048431396484375,1.1255865097045898,0.08682233504950997,0.10411066614091387,0.14725364744663239,0.6999498009681702,13,5,8,0.0,0.0115201692191263,good_or_low_review,777
detector_top5,1.3.6.1.4.1.14519.5.2.1.6279.6001.483655032093002252444764787700,outputs/luna16_saliency_synthetic_detector_top5_minprob0.5/1.3.6.1.4.1.14519.5.2.1.6279.6001.483655032093002252444764787700/surface_1.3.6.1.4.1.14519.5.2.1.6279.6001.483655032093002252444764787700.png,outputs/luna16_saliency_synthetic_detector_top5_minprob0.5/1.3.6.1.4.1.14519.5.2.1.6279.6001.483655032093002252444764787700/surface_grid_float_1.3.6.1.4.1.14519.5.2.1.6279.6001.483655032093002252444764787700.npy,0.5997793095108531,0.3043631315231323,0.2273903787136078,0.929411768913269,4.2253875732421875,1.2185627222061157,0.08098972961306572,0.09725564718246459,0.13673841953277588,0.6985640525817871,13,5,8,0.0,0.01151234659883711,good_or_low_review,778
detector_top5,1.3.6.1.4.1.14519.5.2.1.6279.6001.193964947698259739624715468431,outputs/luna16_saliency_synthetic_detector_top5_minprob0.5/1.3.6.1.4.1.14519.5.2.1.6279.6001.193964947698259739624715468431/surface_1.3.6.1.4.1.14519.5.2.1.6279.6001.193964947698259739624715468431.png,outputs/luna16_saliency_synthetic_detector_top5_minprob0.5/1.3.6.1.4.1.14519.5.2.1.6279.6001.193964947698259739624715468431/surface_grid_float_1.3.6.1.4.1.14519.5.2.1.6279.6001.193964947698259739624715468431.npy,0.6564102564102564,0.34189754724502563,0.22327439486980438,0.8571372634172428,4.0869140625,0.9658927917480469,0.08773333057761191,0.10375495359301565,0.14423327147960663,0.7009526491165161,13,5,8,0.0,0.011481844598882728,good_or_low_review,779
detector_top5,1.3.6.1.4.1.14519.5.2.1.6279.6001.190937805243443708408459490152,outputs/luna16_saliency_synthetic_detector_top5_minprob0.5/1.3.6.1.4.1.14519.5.2.1.6279.6001.190937805243443708408459490152/surface_1.3.6.1.4.1.14519.5.2.1.6279.6001.190937805243443708408459490152.png,outputs/luna16_saliency_synthetic_detector_top5_minprob0.5/1.3.6.1.4.1.14519.5.2.1.6279.6001.190937805243443708408459490152/surface_grid_float_1.3.6.1.4.1.14519.5.2.1.6279.6001.190937805243443708408459490152.npy,0.6309128302483784,0.31467121839523315,0.23480331897735596,0.9019607901573181,4.235107421875,1.168432354927063,0.07783827930688858,0.09253066256642341,0.13141301274299622,0.69619220495224,13,5,8,0.0,0.011381526035567123,good_or_low_review,780
detector_top5,1.3.6.1.4.1.14519.5.2.1.6279.6001.811825890493256320617655474043,outputs/luna16_saliency_synthetic_detector_top5_minprob0.5/1.3.6.1.4.1.14519.5.2.1.6279.6001.811825890493256320617655474043/surface_1.3.6.1.4.1.14519.5.2.1.6279.6001.811825890493256320617655474043.png,outputs/luna16_saliency_synthetic_detector_top5_minprob0.5/1.3.6.1.4.1.14519.5.2.1.6279.6001.811825890493256320617655474043/surface_grid_float_1.3.6.1.4.1.14519.5.2.1.6279.6001.811825890493256320617655474043.npy,0.5654650551760378,0.348756343126297,0.23427066206932068,0.9882352948188782,3.9830093383789062,0.9911662340164185,0.08421618789434415,0.10183641806244852,0.13403671979904175,0.7295054793357849,13,5,8,0.0,0.01131456472658449,good_or_low_review,781
detector_top5,1.3.6.1.4.1.14519.5.2.1.6279.6001.171919524048654494439256263785,outputs/luna16_saliency_synthetic_detector_top5_minprob0.5/1.3.6.1.4.1.14519.5.2.1.6279.6001.171919524048654494439256263785/surface_1.3.6.1.4.1.14519.5.2.1.6279.6001.171919524048654494439256263785.png,outputs/luna16_saliency_synthetic_detector_top5_minprob0.5/1.3.6.1.4.1.14519.5.2.1.6279.6001.171919524048654494439256263785/surface_grid_float_1.3.6.1.4.1.14519.5.2.1.6279.6001.171919524048654494439256263785.npy,0.5957695632277419,0.32805851101875305,0.2257050722837448,0.8784313797950745,4.0865936279296875,1.166558861732483,0.08340185880661011,0.09959916770458221,0.14140285551548004,0.6688653826713562,13,5,8,0.0,0.011285331928067736,good_or_low_review,782
detector_top5,1.3.6.1.4.1.14519.5.2.1.6279.6001.362762275895885013176610377950,outputs/luna16_saliency_synthetic_detector_top5_minprob0.5/1.3.6.1.4.1.14519.5.2.1.6279.6001.362762275895885013176610377950/surface_1.3.6.1.4.1.14519.5.2.1.6279.6001.362762275895885013176610377950.png,outputs/luna16_saliency_synthetic_detector_top5_minprob0.5/1.3.6.1.4.1.14519.5.2.1.6279.6001.362762275895885013176610377950/surface_grid_float_1.3.6.1.4.1.14519.5.2.1.6279.6001.362762275895885013176610377950.npy,0.43855606758832566,0.31353461742401123,0.2250228077173233,0.886274516582489,3.9686737060546875,0.9949331879615784,0.0691513106226921,0.09664006620645478,0.14489664137363434,0.7892487049102783,18,10,8,1.0,0.011267544173863185,good_or_low_review,783
detector_top5,1.3.6.1.4.1.14519.5.2.1.6279.6001.392861216720727557882279374324,outputs/luna16_saliency_synthetic_detector_top5_minprob0.5/1.3.6.1.4.1.14519.5.2.1.6279.6001.392861216720727557882279374324/surface_1.3.6.1.4.1.14519.5.2.1.6279.6001.392861216720727557882279374324.png,outputs/luna16_saliency_synthetic_detector_top5_minprob0.5/1.3.6.1.4.1.14519.5.2.1.6279.6001.392861216720727557882279374324/surface_grid_float_1.3.6.1.4.1.14519.5.2.1.6279.6001.392861216720727557882279374324.npy,0.6187481719801111,0.3647089898586273,0.22610345482826233,0.9490196108818054,4.18438720703125,1.121941328048706,0.07985307984054087,0.09340210728347302,0.1321960687637329,0.6646907925605774,13,5,8,0.0,0.011253132547024224,good_or_low_review,784
detector_top5,1.3.6.1.4.1.14519.5.2.1.6279.6001.139444426690868429919252698606,outputs/luna16_saliency_synthetic_detector_top5_minprob0.5/1.3.6.1.4.1.14519.5.2.1.6279.6001.139444426690868429919252698606/surface_1.3.6.1.4.1.14519.5.2.1.6279.6001.139444426690868429919252698606.png,outputs/luna16_saliency_synthetic_detector_top5_minprob0.5/1.3.6.1.4.1.14519.5.2.1.6279.6001.139444426690868429919252698606/surface_grid_float_1.3.6.1.4.1.14519.5.2.1.6279.6001.139444426690868429919252698606.npy,0.6121228070175438,0.3452918231487274,0.24227161705493927,1.0,3.8897552490234375,1.0342906713485718,0.0866840124130248,0.10564506128430369,0.14817585051059723,0.7176627516746521,13,5,8,0.0,0.011247083368400733,good_or_low_review,785
detector_top5,1.3.6.1.4.1.14519.5.2.1.6279.6001.439153572396640163898529626096,outputs/luna16_saliency_synthetic_detector_top5_minprob0.5/1.3.6.1.4.1.14519.5.2.1.6279.6001.439153572396640163898529626096/surface_1.3.6.1.4.1.14519.5.2.1.6279.6001.439153572396640163898529626096.png,outputs/luna16_saliency_synthetic_detector_top5_minprob0.5/1.3.6.1.4.1.14519.5.2.1.6279.6001.439153572396640163898529626096/surface_grid_float_1.3.6.1.4.1.14519.5.2.1.6279.6001.439153572396640163898529626096.npy,0.6622310727313333,0.3359486162662506,0.2522404193878174,1.0,4.112335205078125,1.0623911619186401,0.08514193184673784,0.10083244167268288,0.1413484364748001,0.614610493183136,13,5,8,0.0,0.011244666354606551,good_or_low_review,786
detector_top5,1.3.6.1.4.1.14519.5.2.1.6279.6001.134638281277099121660656324702,outputs/luna16_saliency_synthetic_detector_top5_minprob0.5/1.3.6.1.4.1.14519.5.2.1.6279.6001.134638281277099121660656324702/surface_1.3.6.1.4.1.14519.5.2.1.6279.6001.134638281277099121660656324702.png,outputs/luna16_saliency_synthetic_detector_top5_minprob0.5/1.3.6.1.4.1.14519.5.2.1.6279.6001.134638281277099121660656324702/surface_grid_float_1.3.6.1.4.1.14519.5.2.1.6279.6001.134638281277099121660656324702.npy,0.5714015151515152,0.35288161039352417,0.2401573657989502,1.0,4.0892181396484375,1.18720281124115,0.08087033256888389,0.09696555554866786,0.13750028610229492,0.6804671883583069,13,5,8,0.0,0.011236479540003669,good_or_low_review,787
detector_top5,1.3.6.1.4.1.14519.5.2.1.6279.6001.303066851236267189733420290986,outputs/luna16_saliency_synthetic_detector_top5_minprob0.5/1.3.6.1.4.1.14519.5.2.1.6279.6001.303066851236267189733420290986/surface_1.3.6.1.4.1.14519.5.2.1.6279.6001.303066851236267189733420290986.png,outputs/luna16_saliency_synthetic_detector_top5_minprob0.5/1.3.6.1.4.1.14519.5.2.1.6279.6001.303066851236267189733420290986/surface_grid_float_1.3.6.1.4.1.14519.5.2.1.6279.6001.303066851236267189733420290986.npy,0.5417873651771957,0.39023980498313904,0.21943631768226624,0.9411764740943909,4.009765625,1.1102272272109985,0.08143642656505107,0.09891112893819809,0.14159592986106873,0.7023435235023499,13,5,8,0.0,0.011211039962040053,good_or_low_review,788
detector_top5,1.3.6.1.4.1.14519.5.2.1.6279.6001.475325201787910087416720919680,outputs/luna16_saliency_synthetic_detector_top5_minprob0.5/1.3.6.1.4.1.14519.5.2.1.6279.6001.475325201787910087416720919680/surface_1.3.6.1.4.1.14519.5.2.1.6279.6001.475325201787910087416720919680.png,outputs/luna16_saliency_synthetic_detector_top5_minprob0.5/1.3.6.1.4.1.14519.5.2.1.6279.6001.475325201787910087416720919680/surface_grid_float_1.3.6.1.4.1.14519.5.2.1.6279.6001.475325201787910087416720919680.npy,0.5799679487179488,0.3325202167034149,0.22719596326351166,0.9019607901573181,4.502723693847656,0.8722444176673889,0.05332272872328757,0.09226612091064465,0.17211556434631348,0.3706347644329071,13,5,8,2.0,0.011096155926916337,good_or_low_review,789
detector_top5,1.3.6.1.4.1.14519.5.2.1.6279.6001.195913706607582347421429908613,outputs/luna16_saliency_synthetic_detector_top5_minprob0.5/1.3.6.1.4.1.14519.5.2.1.6279.6001.195913706607582347421429908613/surface_1.3.6.1.4.1.14519.5.2.1.6279.6001.195913706607582347421429908613.png,outputs/luna16_saliency_synthetic_detector_top5_minprob0.5/1.3.6.1.4.1.14519.5.2.1.6279.6001.195913706607582347421429908613/surface_grid_float_1.3.6.1.4.1.14519.5.2.1.6279.6001.195913706607582347421429908613.npy,0.5317575506254751,0.34851351380348206,0.22590021789073944,0.9686274528503418,4.097900390625,1.0863851308822632,0.07594372034072876,0.09348381876945487,0.14084197580814362,0.6429324746131897,13,5,8,0.0,0.0110630873799324,good_or_low_review,790
detector_top5,1.3.6.1.4.1.14519.5.2.1.6279.6001.138080888843357047811238713686,outputs/luna16_saliency_synthetic_detector_top5_minprob0.5/1.3.6.1.4.1.14519.5.2.1.6279.6001.138080888843357047811238713686/surface_1.3.6.1.4.1.14519.5.2.1.6279.6001.138080888843357047811238713686.png,outputs/luna16_saliency_synthetic_detector_top5_minprob0.5/1.3.6.1.4.1.14519.5.2.1.6279.6001.138080888843357047811238713686/surface_grid_float_1.3.6.1.4.1.14519.5.2.1.6279.6001.138080888843357047811238713686.npy,0.4896769896769897,0.38704177737236023,0.25223979353904724,1.0,4.040504455566406,1.0266833305358887,0.0729120925068855,0.08846448838710784,0.11687907576560974,0.6892713904380798,13,5,8,0.0,0.010919822945197423,good_or_low_review,791
detector_top5,1.3.6.1.4.1.14519.5.2.1.6279.6001.314519596680450457855054746285,outputs/luna16_saliency_synthetic_detector_top5_minprob0.5/1.3.6.1.4.1.14519.5.2.1.6279.6001.314519596680450457855054746285/surface_1.3.6.1.4.1.14519.5.2.1.6279.6001.314519596680450457855054746285.png,outputs/luna16_saliency_synthetic_detector_top5_minprob0.5/1.3.6.1.4.1.14519.5.2.1.6279.6001.314519596680450457855054746285/surface_grid_float_1.3.6.1.4.1.14519.5.2.1.6279.6001.314519596680450457855054746285.npy,0.5903943771964076,0.3230871260166168,0.23685221374034882,0.9818431383371455,4.0680694580078125,1.0689265727996826,0.07426997274160374,0.08877796493470667,0.11920216679573059,0.6541449427604675,13,5,8,1.0,0.010897110139744148,good_or_low_review,792
detector_top5,1.3.6.1.4.1.14519.5.2.1.6279.6001.231645134739451754302647733304,outputs/luna16_saliency_synthetic_detector_top5_minprob0.5/1.3.6.1.4.1.14519.5.2.1.6279.6001.231645134739451754302647733304/surface_1.3.6.1.4.1.14519.5.2.1.6279.6001.231645134739451754302647733304.png,outputs/luna16_saliency_synthetic_detector_top5_minprob0.5/1.3.6.1.4.1.14519.5.2.1.6279.6001.231645134739451754302647733304/surface_grid_float_1.3.6.1.4.1.14519.5.2.1.6279.6001.231645134739451754302647733304.npy,0.6276923076923077,0.3577955961227417,0.2302197962999344,0.9882352948188782,3.8886260986328125,1.0797709226608276,0.08102876208722591,0.09795358039438724,0.13402661681175232,0.6599964499473572,13,5,8,0.0,0.010886309687213765,good_or_low_review,793
detector_top5,1.3.6.1.4.1.14519.5.2.1.6279.6001.143410010885830403003179808334,outputs/luna16_saliency_synthetic_detector_top5_minprob0.5/1.3.6.1.4.1.14519.5.2.1.6279.6001.143410010885830403003179808334/surface_1.3.6.1.4.1.14519.5.2.1.6279.6001.143410010885830403003179808334.png,outputs/luna16_saliency_synthetic_detector_top5_minprob0.5/1.3.6.1.4.1.14519.5.2.1.6279.6001.143410010885830403003179808334/surface_grid_float_1.3.6.1.4.1.14519.5.2.1.6279.6001.143410010885830403003179808334.npy,0.6143697188318427,0.32748696208000183,0.22714929282665253,1.0,4.157989501953125,1.0955501794815063,0.0652840822935104,0.07809008970856667,0.10610181838274002,0.69261234998703,13,5,8,0.0,0.01081182375003894,good_or_low_review,794
detector_top5,1.3.6.1.4.1.14519.5.2.1.6279.6001.141149610914910880857802344415,outputs/luna16_saliency_synthetic_detector_top5_minprob0.5/1.3.6.1.4.1.14519.5.2.1.6279.6001.141149610914910880857802344415/surface_1.3.6.1.4.1.14519.5.2.1.6279.6001.141149610914910880857802344415.png,outputs/luna16_saliency_synthetic_detector_top5_minprob0.5/1.3.6.1.4.1.14519.5.2.1.6279.6001.141149610914910880857802344415/surface_grid_float_1.3.6.1.4.1.14519.5.2.1.6279.6001.141149610914910880857802344415.npy,0.6612403100775194,0.32406556606292725,0.245530903339386,0.9882352948188782,3.9147186279296875,1.1127365827560425,0.07635554037988185,0.09246427267789838,0.12632828950881958,0.6669304370880127,13,5,8,0.0,0.010780526864859792,good_or_low_review,795
detector_top5,1.3.6.1.4.1.14519.5.2.1.6279.6001.670107649586205629860363487713,outputs/luna16_saliency_synthetic_detector_top5_minprob0.5/1.3.6.1.4.1.14519.5.2.1.6279.6001.670107649586205629860363487713/surface_1.3.6.1.4.1.14519.5.2.1.6279.6001.670107649586205629860363487713.png,outputs/luna16_saliency_synthetic_detector_top5_minprob0.5/1.3.6.1.4.1.14519.5.2.1.6279.6001.670107649586205629860363487713/surface_grid_float_1.3.6.1.4.1.14519.5.2.1.6279.6001.670107649586205629860363487713.npy,0.6021507352941177,0.3499378561973572,0.23161475360393524,0.9647058844566345,3.9927520751953125,0.9540926218032837,0.0773401528596878,0.09072360582649708,0.12528452277183533,0.6289361715316772,13,5,8,0.0,0.010773930903524161,good_or_low_review,796
detector_top5,1.3.6.1.4.1.14519.5.2.1.6279.6001.303865116731361029078599241306,outputs/luna16_saliency_synthetic_detector_top5_minprob0.5/1.3.6.1.4.1.14519.5.2.1.6279.6001.303865116731361029078599241306/surface_1.3.6.1.4.1.14519.5.2.1.6279.6001.303865116731361029078599241306.png,outputs/luna16_saliency_synthetic_detector_top5_minprob0.5/1.3.6.1.4.1.14519.5.2.1.6279.6001.303865116731361029078599241306/surface_grid_float_1.3.6.1.4.1.14519.5.2.1.6279.6001.303865116731361029078599241306.npy,0.6683006195114829,0.34462302923202515,0.22585850954055786,0.8901960849761963,3.7120819091796875,1.0060161352157593,0.08812033385038376,0.10590330213308333,0.15065480768680573,0.6239128708839417,13,5,8,0.0,0.010750375292367406,good_or_low_review,797
detector_top5,1.3.6.1.4.1.14519.5.2.1.6279.6001.297251044869095073091780740645,outputs/luna16_saliency_synthetic_detector_top5_minprob0.5/1.3.6.1.4.1.14519.5.2.1.6279.6001.297251044869095073091780740645/surface_1.3.6.1.4.1.14519.5.2.1.6279.6001.297251044869095073091780740645.png,outputs/luna16_saliency_synthetic_detector_top5_minprob0.5/1.3.6.1.4.1.14519.5.2.1.6279.6001.297251044869095073091780740645/surface_grid_float_1.3.6.1.4.1.14519.5.2.1.6279.6001.297251044869095073091780740645.npy,0.6147973188637089,0.3514907956123352,0.20064733922481537,0.9098039269447327,4.479042053222656,1.0398037433624268,0.043142595142126094,0.05195128187537188,0.07165053486824036,0.759976327419281,18,10,8,4.102226257324219,0.01071244482811954,good_or_low_review,798
detector_top5,1.3.6.1.4.1.14519.5.2.1.6279.6001.657775098760536289051744981056,outputs/luna16_saliency_synthetic_detector_top5_minprob0.5/1.3.6.1.4.1.14519.5.2.1.6279.6001.657775098760536289051744981056/surface_1.3.6.1.4.1.14519.5.2.1.6279.6001.657775098760536289051744981056.png,outputs/luna16_saliency_synthetic_detector_top5_minprob0.5/1.3.6.1.4.1.14519.5.2.1.6279.6001.657775098760536289051744981056/surface_grid_float_1.3.6.1.4.1.14519.5.2.1.6279.6001.657775098760536289051744981056.npy,0.6056764949021769,0.3695946931838989,0.2325635403394699,0.9843137264251709,3.7741241455078125,1.1180919408798218,0.07866861298680301,0.09600814163684841,0.12905703485012054,0.6735126972198486,13,5,8,0.0,0.010667146040995914,good_or_low_review,799
detector_top5,1.3.6.1.4.1.14519.5.2.1.6279.6001.200837896655745926888305239398,outputs/luna16_saliency_synthetic_detector_top5_minprob0.5/1.3.6.1.4.1.14519.5.2.1.6279.6001.200837896655745926888305239398/surface_1.3.6.1.4.1.14519.5.2.1.6279.6001.200837896655745926888305239398.png,outputs/luna16_saliency_synthetic_detector_top5_minprob0.5/1.3.6.1.4.1.14519.5.2.1.6279.6001.200837896655745926888305239398/surface_grid_float_1.3.6.1.4.1.14519.5.2.1.6279.6001.200837896655745926888305239398.npy,0.5519607135119521,0.3746761083602905,0.23994053900241852,1.0,3.9559326171875,1.079184651374817,0.0703750990331173,0.08442931905388837,0.11929675936698914,0.6810325980186462,13,5,8,0.0,0.010639506373637253,good_or_low_review,800
detector_top5,1.3.6.1.4.1.14519.5.2.1.6279.6001.160216916075817913953530562493,outputs/luna16_saliency_synthetic_detector_top5_minprob0.5/1.3.6.1.4.1.14519.5.2.1.6279.6001.160216916075817913953530562493/surface_1.3.6.1.4.1.14519.5.2.1.6279.6001.160216916075817913953530562493.png,outputs/luna16_saliency_synthetic_detector_top5_minprob0.5/1.3.6.1.4.1.14519.5.2.1.6279.6001.160216916075817913953530562493/surface_grid_float_1.3.6.1.4.1.14519.5.2.1.6279.6001.160216916075817913953530562493.npy,0.5663666328600405,0.3190711438655853,0.23097163438796997,1.0,4.0330810546875,1.0698039531707764,0.06394340246915818,0.07684921920299534,0.10406406968832016,0.6999208331108093,13,5,8,0.0,0.010582657963037492,good_or_low_review,801
detector_top5,1.3.6.1.4.1.14519.5.2.1.6279.6001.802595762867498341201607992711,outputs/luna16_saliency_synthetic_detector_top5_minprob0.5/1.3.6.1.4.1.14519.5.2.1.6279.6001.802595762867498341201607992711/surface_1.3.6.1.4.1.14519.5.2.1.6279.6001.802595762867498341201607992711.png,outputs/luna16_saliency_synthetic_detector_top5_minprob0.5/1.3.6.1.4.1.14519.5.2.1.6279.6001.802595762867498341201607992711/surface_grid_float_1.3.6.1.4.1.14519.5.2.1.6279.6001.802595762867498341201607992711.npy,0.5197075845263478,0.3301237225532532,0.2186524122953415,0.8392156958580017,4.024139404296875,1.1042331457138062,0.06506133005023003,0.0776734110713005,0.10832583159208298,0.6822370290756226,13,5,8,0.0,0.01055318362613519,good_or_low_review,802
detector_top5,1.3.6.1.4.1.14519.5.2.1.6279.6001.525937963993475482158828421281,outputs/luna16_saliency_synthetic_detector_top5_minprob0.5/1.3.6.1.4.1.14519.5.2.1.6279.6001.525937963993475482158828421281/surface_1.3.6.1.4.1.14519.5.2.1.6279.6001.525937963993475482158828421281.png,outputs/luna16_saliency_synthetic_detector_top5_minprob0.5/1.3.6.1.4.1.14519.5.2.1.6279.6001.525937963993475482158828421281/surface_grid_float_1.3.6.1.4.1.14519.5.2.1.6279.6001.525937963993475482158828421281.npy,0.5242433795712484,0.31892290711402893,0.20991840958595276,0.8627451062202454,3.9887847900390625,1.136684536933899,0.06323915049433708,0.07662277750670914,0.107052281498909,0.6995057463645935,13,5,8,0.0,0.01050111518940992,good_or_low_review,803
detector_top5,1.3.6.1.4.1.14519.5.2.1.6279.6001.302134342469412607966016057827,outputs/luna16_saliency_synthetic_detector_top5_minprob0.5/1.3.6.1.4.1.14519.5.2.1.6279.6001.302134342469412607966016057827/surface_1.3.6.1.4.1.14519.5.2.1.6279.6001.302134342469412607966016057827.png,outputs/luna16_saliency_synthetic_detector_top5_minprob0.5/1.3.6.1.4.1.14519.5.2.1.6279.6001.302134342469412607966016057827/surface_grid_float_1.3.6.1.4.1.14519.5.2.1.6279.6001.302134342469412607966016057827.npy,0.39093669761011257,0.3520946800708771,0.22270140051841736,0.8980392217636108,3.9277801513671875,1.0900894403457642,0.06820191964507093,0.08187589153647422,0.11472143977880478,0.6504266262054443,13,5,8,0.0,0.010447969501051637,good_or_low_review,804
detector_top5,1.3.6.1.4.1.14519.5.2.1.6279.6001.664989286137882319237192185951,outputs/luna16_saliency_synthetic_detector_top5_minprob0.5/1.3.6.1.4.1.14519.5.2.1.6279.6001.664989286137882319237192185951/surface_1.3.6.1.4.1.14519.5.2.1.6279.6001.664989286137882319237192185951.png,outputs/luna16_saliency_synthetic_detector_top5_minprob0.5/1.3.6.1.4.1.14519.5.2.1.6279.6001.664989286137882319237192185951/surface_grid_float_1.3.6.1.4.1.14519.5.2.1.6279.6001.664989286137882319237192185951.npy,0.565491285271505,0.4403957724571228,0.24745894968509674,1.0,3.6984634399414062,0.9742825031280518,0.07706156931817532,0.09297835789620879,0.12521280348300934,0.6652872562408447,13,5,8,0.0,0.010431872595101595,good_or_low_review,805
detector_top5,1.3.6.1.4.1.14519.5.2.1.6279.6001.124656777236468248920498636247,outputs/luna16_saliency_synthetic_detector_top5_minprob0.5/1.3.6.1.4.1.14519.5.2.1.6279.6001.124656777236468248920498636247/surface_1.3.6.1.4.1.14519.5.2.1.6279.6001.124656777236468248920498636247.png,outputs/luna16_saliency_synthetic_detector_top5_minprob0.5/1.3.6.1.4.1.14519.5.2.1.6279.6001.124656777236468248920498636247/surface_grid_float_1.3.6.1.4.1.14519.5.2.1.6279.6001.124656777236468248920498636247.npy,0.5497907763532763,0.34753552079200745,0.22039778530597687,0.9411764740943909,4.0047607421875,0.9554566740989685,0.06355416588485241,0.07551228851079939,0.10618408024311066,0.6686491966247559,13,5,8,0.0,0.010425856995913717,good_or_low_review,806
detector_top5,1.3.6.1.4.1.14519.5.2.1.6279.6001.171682845383273105440297561095,outputs/luna16_saliency_synthetic_detector_top5_minprob0.5/1.3.6.1.4.1.14519.5.2.1.6279.6001.171682845383273105440297561095/surface_1.3.6.1.4.1.14519.5.2.1.6279.6001.171682845383273105440297561095.png,outputs/luna16_saliency_synthetic_detector_top5_minprob0.5/1.3.6.1.4.1.14519.5.2.1.6279.6001.171682845383273105440297561095/surface_grid_float_1.3.6.1.4.1.14519.5.2.1.6279.6001.171682845383273105440297561095.npy,0.587762423598193,0.34413397312164307,0.23630347847938538,0.9764705896377563,3.8812484741210938,0.9416236877441406,0.07121980302035799,0.08392425104975701,0.11684208363294601,0.6195937991142273,13,5,8,0.0,0.010363350097503927,good_or_low_review,807
detector_top5,1.3.6.1.4.1.14519.5.2.1.6279.6001.238042459915048190592571019348,outputs/luna16_saliency_synthetic_detector_top5_minprob0.5/1.3.6.1.4.1.14519.5.2.1.6279.6001.238042459915048190592571019348/surface_1.3.6.1.4.1.14519.5.2.1.6279.6001.238042459915048190592571019348.png,outputs/luna16_saliency_synthetic_detector_top5_minprob0.5/1.3.6.1.4.1.14519.5.2.1.6279.6001.238042459915048190592571019348/surface_grid_float_1.3.6.1.4.1.14519.5.2.1.6279.6001.238042459915048190592571019348.npy,0.38848099200522107,0.4177290201187134,0.22771458327770233,0.9450980424880981,3.6739959716796875,0.9823038578033447,0.07174029387533652,0.08734159983694552,0.12249018996953964,0.6764138340950012,13,5,8,0.0,0.010246716468118956,good_or_low_review,808
detector_top5,1.3.6.1.4.1.14519.5.2.1.6279.6001.248357157975955379661896491341,outputs/luna16_saliency_synthetic_detector_top5_minprob0.5/1.3.6.1.4.1.14519.5.2.1.6279.6001.248357157975955379661896491341/surface_1.3.6.1.4.1.14519.5.2.1.6279.6001.248357157975955379661896491341.png,outputs/luna16_saliency_synthetic_detector_top5_minprob0.5/1.3.6.1.4.1.14519.5.2.1.6279.6001.248357157975955379661896491341/surface_grid_float_1.3.6.1.4.1.14519.5.2.1.6279.6001.248357157975955379661896491341.npy,0.5305203601880628,0.4011099338531494,0.2557385265827179,1.0,3.59228515625,1.009522795677185,0.07633541338145733,0.09332872480154039,0.12294366210699081,0.6491862535476685,13,5,8,0.0,0.010229639790124364,good_or_low_review,809
detector_top5,1.3.6.1.4.1.14519.5.2.1.6279.6001.204802250386343794613980417281,outputs/luna16_saliency_synthetic_detector_top5_minprob0.5/1.3.6.1.4.1.14519.5.2.1.6279.6001.204802250386343794613980417281/surface_1.3.6.1.4.1.14519.5.2.1.6279.6001.204802250386343794613980417281.png,outputs/luna16_saliency_synthetic_detector_top5_minprob0.5/1.3.6.1.4.1.14519.5.2.1.6279.6001.204802250386343794613980417281/surface_grid_float_1.3.6.1.4.1.14519.5.2.1.6279.6001.204802250386343794613980417281.npy,0.5444000444000444,0.3714025914669037,0.22862057387828827,1.0,3.63604736328125,1.0128474235534668,0.0768936578184366,0.09230775877833367,0.1276693195104599,0.5935598611831665,13,5,8,0.0,0.010148333615892463,good_or_low_review,810
detector_top5,1.3.6.1.4.1.14519.5.2.1.6279.6001.253283426904813468115158375647,outputs/luna16_saliency_synthetic_detector_top5_minprob0.5/1.3.6.1.4.1.14519.5.2.1.6279.6001.253283426904813468115158375647/surface_1.3.6.1.4.1.14519.5.2.1.6279.6001.253283426904813468115158375647.png,outputs/luna16_saliency_synthetic_detector_top5_minprob0.5/1.3.6.1.4.1.14519.5.2.1.6279.6001.253283426904813468115158375647/surface_grid_float_1.3.6.1.4.1.14519.5.2.1.6279.6001.253283426904813468115158375647.npy,0.5636450945626478,0.33764106035232544,0.23327960073947906,0.929411768913269,3.7179489135742188,1.0719748735427856,0.06712244525551796,0.08213426187634468,0.1090974360704422,0.6381300687789917,18,10,8,1.0,0.010078676198422908,good_or_low_review,811
detector_top5,1.3.6.1.4.1.14519.5.2.1.6279.6001.603166427542096384265514998412,outputs/luna16_saliency_synthetic_detector_top5_minprob0.5/1.3.6.1.4.1.14519.5.2.1.6279.6001.603166427542096384265514998412/surface_1.3.6.1.4.1.14519.5.2.1.6279.6001.603166427542096384265514998412.png,outputs/luna16_saliency_synthetic_detector_top5_minprob0.5/1.3.6.1.4.1.14519.5.2.1.6279.6001.603166427542096384265514998412/surface_grid_float_1.3.6.1.4.1.14519.5.2.1.6279.6001.603166427542096384265514998412.npy,0.5679510594005032,0.3314146399497986,0.21556434035301208,0.9254902005195618,3.8564453125,1.0278750658035278,0.0632743164896965,0.0746703988313675,0.10632895678281784,0.6225844025611877,13,5,8,0.0,0.01005104171368811,good_or_low_review,812
detector_top5,1.3.6.1.4.1.14519.5.2.1.6279.6001.404364125369979066736354549484,outputs/luna16_saliency_synthetic_detector_top5_minprob0.5/1.3.6.1.4.1.14519.5.2.1.6279.6001.404364125369979066736354549484/surface_1.3.6.1.4.1.14519.5.2.1.6279.6001.404364125369979066736354549484.png,outputs/luna16_saliency_synthetic_detector_top5_minprob0.5/1.3.6.1.4.1.14519.5.2.1.6279.6001.404364125369979066736354549484/surface_grid_float_1.3.6.1.4.1.14519.5.2.1.6279.6001.404364125369979066736354549484.npy,0.669161409886311,0.3040536940097809,0.23278996348381042,0.9176470637321472,3.7032012939453125,0.9837007522583008,0.06907675229012965,0.08196285866200924,0.11147371679544449,0.6164158582687378,13,5,8,0.0,0.010000700934810772,good_or_low_review,813
detector_top5,1.3.6.1.4.1.14519.5.2.1.6279.6001.113697708991260454310623082679,outputs/luna16_saliency_synthetic_detector_top5_minprob0.5/1.3.6.1.4.1.14519.5.2.1.6279.6001.113697708991260454310623082679/surface_1.3.6.1.4.1.14519.5.2.1.6279.6001.113697708991260454310623082679.png,outputs/luna16_saliency_synthetic_detector_top5_minprob0.5/1.3.6.1.4.1.14519.5.2.1.6279.6001.113697708991260454310623082679/surface_grid_float_1.3.6.1.4.1.14519.5.2.1.6279.6001.113697708991260454310623082679.npy,0.5236123219994188,0.3709177076816559,0.22204171121120453,0.9474117678403717,3.799560546875,1.005210518836975,0.06337861120700833,0.07557278297841546,0.10583838075399399,0.593605637550354,13,5,8,0.0,0.009918908039811583,good_or_low_review,814
detector_top5,1.3.6.1.4.1.14519.5.2.1.6279.6001.584871944187559733312703328980,outputs/luna16_saliency_synthetic_detector_top5_minprob0.5/1.3.6.1.4.1.14519.5.2.1.6279.6001.584871944187559733312703328980/surface_1.3.6.1.4.1.14519.5.2.1.6279.6001.584871944187559733312703328980.png,outputs/luna16_saliency_synthetic_detector_top5_minprob0.5/1.3.6.1.4.1.14519.5.2.1.6279.6001.584871944187559733312703328980/surface_grid_float_1.3.6.1.4.1.14519.5.2.1.6279.6001.584871944187559733312703328980.npy,0.6647001777921449,0.3523816764354706,0.2357938438653946,1.0,3.3502044677734375,0.9016469120979309,0.07823728770017624,0.09530644416809089,0.1314108818769455,0.6199496388435364,13,5,8,0.0,0.009820533302095202,good_or_low_review,815
detector_top5,1.3.6.1.4.1.14519.5.2.1.6279.6001.261700367741314729940340271960,outputs/luna16_saliency_synthetic_detector_top5_minprob0.5/1.3.6.1.4.1.14519.5.2.1.6279.6001.261700367741314729940340271960/surface_1.3.6.1.4.1.14519.5.2.1.6279.6001.261700367741314729940340271960.png,outputs/luna16_saliency_synthetic_detector_top5_minprob0.5/1.3.6.1.4.1.14519.5.2.1.6279.6001.261700367741314729940340271960/surface_grid_float_1.3.6.1.4.1.14519.5.2.1.6279.6001.261700367741314729940340271960.npy,0.5938844006678923,0.35504207015037537,0.22140498459339142,0.9333333373069763,3.513275146484375,1.0045124292373657,0.07241358235478401,0.08694177716970442,0.12259417027235031,0.5830053091049194,13,5,8,0.0,0.009759279246131578,good_or_low_review,816
detector_top5,1.3.6.1.4.1.14519.5.2.1.6279.6001.176638348958425792989125209419,outputs/luna16_saliency_synthetic_detector_top5_minprob0.5/1.3.6.1.4.1.14519.5.2.1.6279.6001.176638348958425792989125209419/surface_1.3.6.1.4.1.14519.5.2.1.6279.6001.176638348958425792989125209419.png,outputs/luna16_saliency_synthetic_detector_top5_minprob0.5/1.3.6.1.4.1.14519.5.2.1.6279.6001.176638348958425792989125209419/surface_grid_float_1.3.6.1.4.1.14519.5.2.1.6279.6001.176638348958425792989125209419.npy,0.4189148681055156,0.49971744418144226,0.23253341019153595,1.0,4.390903472900391,1.0771623849868774,0.050060575827956186,0.060408081039786336,0.06355579197406769,0.28105220198631287,13,5,8,0.0,0.009754975334886047,good_or_low_review,817
detector_top5,1.3.6.1.4.1.14519.5.2.1.6279.6001.139889514693390832525232698200,outputs/luna16_saliency_synthetic_detector_top5_minprob0.5/1.3.6.1.4.1.14519.5.2.1.6279.6001.139889514693390832525232698200/surface_1.3.6.1.4.1.14519.5.2.1.6279.6001.139889514693390832525232698200.png,outputs/luna16_saliency_synthetic_detector_top5_minprob0.5/1.3.6.1.4.1.14519.5.2.1.6279.6001.139889514693390832525232698200/surface_grid_float_1.3.6.1.4.1.14519.5.2.1.6279.6001.139889514693390832525232698200.npy,0.5888850574712644,0.32150062918663025,0.22761335968971252,1.0,3.60858154296875,1.0167350769042969,0.05939292144030333,0.07157099395990368,0.09981091320514679,0.6173250675201416,13,5,8,0.0,0.009533265873789784,good_or_low_review,818
detector_top5,1.3.6.1.4.1.14519.5.2.1.6279.6001.138894439026794145866157853158,outputs/luna16_saliency_synthetic_detector_top5_minprob0.5/1.3.6.1.4.1.14519.5.2.1.6279.6001.138894439026794145866157853158/surface_1.3.6.1.4.1.14519.5.2.1.6279.6001.138894439026794145866157853158.png,outputs/luna16_saliency_synthetic_detector_top5_minprob0.5/1.3.6.1.4.1.14519.5.2.1.6279.6001.138894439026794145866157853158/surface_grid_float_1.3.6.1.4.1.14519.5.2.1.6279.6001.138894439026794145866157853158.npy,0.46875725900116144,0.42324942350387573,0.22004370391368866,1.0,3.5153427124023438,0.9149596691131592,0.0673352375626564,0.07973029136657715,0.11139968037605286,0.5763189196586609,13,5,8,0.0,0.009531521972020469,good_or_low_review,819
detector_top5,1.3.6.1.4.1.14519.5.2.1.6279.6001.285926554490515269336267972830,outputs/luna16_saliency_synthetic_detector_top5_minprob0.5/1.3.6.1.4.1.14519.5.2.1.6279.6001.285926554490515269336267972830/surface_1.3.6.1.4.1.14519.5.2.1.6279.6001.285926554490515269336267972830.png,outputs/luna16_saliency_synthetic_detector_top5_minprob0.5/1.3.6.1.4.1.14519.5.2.1.6279.6001.285926554490515269336267972830/surface_grid_float_1.3.6.1.4.1.14519.5.2.1.6279.6001.285926554490515269336267972830.npy,0.6127948578012249,0.29802870750427246,0.2121688574552536,0.8941176533699036,3.6611862182617188,0.9492972493171692,0.057363489642739324,0.06873786419630061,0.09384369105100632,0.5945948958396912,13,5,8,0.0,0.009485434947080085,good_or_low_review,820
detector_top5,1.3.6.1.4.1.14519.5.2.1.6279.6001.270152671889301412052226973069,outputs/luna16_saliency_synthetic_detector_top5_minprob0.5/1.3.6.1.4.1.14519.5.2.1.6279.6001.270152671889301412052226973069/surface_1.3.6.1.4.1.14519.5.2.1.6279.6001.270152671889301412052226973069.png,outputs/luna16_saliency_synthetic_detector_top5_minprob0.5/1.3.6.1.4.1.14519.5.2.1.6279.6001.270152671889301412052226973069/surface_grid_float_1.3.6.1.4.1.14519.5.2.1.6279.6001.270152671889301412052226973069.npy,0.6255711022272987,0.3422178328037262,0.24228480458259583,0.9411764740943909,3.5039291381835938,0.9447868466377258,0.06608394868671894,0.0777849218994379,0.1086013913154602,0.5625699162483215,13,5,8,0.0,0.009423584923396509,good_or_low_review,821
detector_top5,1.3.6.1.4.1.14519.5.2.1.6279.6001.658611160253017715059194304729,outputs/luna16_saliency_synthetic_detector_top5_minprob0.5/1.3.6.1.4.1.14519.5.2.1.6279.6001.658611160253017715059194304729/surface_1.3.6.1.4.1.14519.5.2.1.6279.6001.658611160253017715059194304729.png,outputs/luna16_saliency_synthetic_detector_top5_minprob0.5/1.3.6.1.4.1.14519.5.2.1.6279.6001.658611160253017715059194304729/surface_grid_float_1.3.6.1.4.1.14519.5.2.1.6279.6001.658611160253017715059194304729.npy,0.5727638596529497,0.3049165904521942,0.21721802651882172,0.8588235378265381,3.494659423828125,0.9462156891822815,0.0586214642971754,0.07023869842290877,0.104103222489357,0.5555895566940308,13,5,8,0.0,0.009166236785054207,good_or_low_review,822
detector_top5,1.3.6.1.4.1.14519.5.2.1.6279.6001.144438612068946916340281098509,outputs/luna16_saliency_synthetic_detector_top5_minprob0.5/1.3.6.1.4.1.14519.5.2.1.6279.6001.144438612068946916340281098509/surface_1.3.6.1.4.1.14519.5.2.1.6279.6001.144438612068946916340281098509.png,outputs/luna16_saliency_synthetic_detector_top5_minprob0.5/1.3.6.1.4.1.14519.5.2.1.6279.6001.144438612068946916340281098509/surface_grid_float_1.3.6.1.4.1.14519.5.2.1.6279.6001.144438612068946916340281098509.npy,0.6479353330736268,0.33627763390541077,0.21450498700141907,0.8784313797950745,3.4068756103515625,0.8277906179428101,0.06102065090090036,0.07278664276003838,0.09767323732376099,0.5750061869621277,13,5,8,0.0,0.009139516826636261,good_or_low_review,823
detector_top5,1.3.6.1.4.1.14519.5.2.1.6279.6001.187694838527128312070807533473,outputs/luna16_saliency_synthetic_detector_top5_minprob0.5/1.3.6.1.4.1.14519.5.2.1.6279.6001.187694838527128312070807533473/surface_1.3.6.1.4.1.14519.5.2.1.6279.6001.187694838527128312070807533473.png,outputs/luna16_saliency_synthetic_detector_top5_minprob0.5/1.3.6.1.4.1.14519.5.2.1.6279.6001.187694838527128312070807533473/surface_grid_float_1.3.6.1.4.1.14519.5.2.1.6279.6001.187694838527128312070807533473.npy,0.5955947136563877,0.3549022376537323,0.23873330652713776,1.0,3.3971328735351562,0.941339373588562,0.05767020955681802,0.069154816865921,0.09430859237909317,0.587689220905304,13,5,8,0.0,0.009042508674992455,good_or_low_review,824
detector_top5,1.3.6.1.4.1.14519.5.2.1.6279.6001.219618492426142913407827034169,outputs/luna16_saliency_synthetic_detector_top5_minprob0.5/1.3.6.1.4.1.14519.5.2.1.6279.6001.219618492426142913407827034169/surface_1.3.6.1.4.1.14519.5.2.1.6279.6001.219618492426142913407827034169.png,outputs/luna16_saliency_synthetic_detector_top5_minprob0.5/1.3.6.1.4.1.14519.5.2.1.6279.6001.219618492426142913407827034169/surface_grid_float_1.3.6.1.4.1.14519.5.2.1.6279.6001.219618492426142913407827034169.npy,0.596884208228746,0.337999552488327,0.23027819395065308,1.0,3.2824249267578125,0.9207149744033813,0.060397657006978966,0.0721937557309866,0.1035073921084404,0.5442609786987305,13,5,8,0.0,0.008845989724745353,good_or_low_review,825
detector_top5,1.3.6.1.4.1.14519.5.2.1.6279.6001.187803155574314810830688534991,outputs/luna16_saliency_synthetic_detector_top5_minprob0.5/1.3.6.1.4.1.14519.5.2.1.6279.6001.187803155574314810830688534991/surface_1.3.6.1.4.1.14519.5.2.1.6279.6001.187803155574314810830688534991.png,outputs/luna16_saliency_synthetic_detector_top5_minprob0.5/1.3.6.1.4.1.14519.5.2.1.6279.6001.187803155574314810830688534991/surface_grid_float_1.3.6.1.4.1.14519.5.2.1.6279.6001.187803155574314810830688534991.npy,0.5560804450149764,0.39280810952186584,0.2048010379076004,0.9058823585510254,3.5074844360351562,0.7781834006309509,0.044442106038331965,0.06240158036351206,0.101893350481987,0.43657878041267395,18,10,8,2.0,0.008688029871881008,good_or_low_review,826
detector_top5,1.3.6.1.4.1.14519.5.2.1.6279.6001.163994693532965040247348251579,outputs/luna16_saliency_synthetic_detector_top5_minprob0.5/1.3.6.1.4.1.14519.5.2.1.6279.6001.163994693532965040247348251579/surface_1.3.6.1.4.1.14519.5.2.1.6279.6001.163994693532965040247348251579.png,outputs/luna16_saliency_synthetic_detector_top5_minprob0.5/1.3.6.1.4.1.14519.5.2.1.6279.6001.163994693532965040247348251579/surface_grid_float_1.3.6.1.4.1.14519.5.2.1.6279.6001.163994693532965040247348251579.npy,0.5707034082668601,0.38233351707458496,0.23581118881702423,1.0,2.9740524291992188,0.7642874717712402,0.06805937886238098,0.08302633777260779,0.1169252023100853,0.5534703135490417,13,5,8,0.0,0.00867747821195258,good_or_low_review,827
detector_top5,1.3.6.1.4.1.14519.5.2.1.6279.6001.756684168227383088294595834066,outputs/luna16_saliency_synthetic_detector_top5_minprob0.5/1.3.6.1.4.1.14519.5.2.1.6279.6001.756684168227383088294595834066/surface_1.3.6.1.4.1.14519.5.2.1.6279.6001.756684168227383088294595834066.png,outputs/luna16_saliency_synthetic_detector_top5_minprob0.5/1.3.6.1.4.1.14519.5.2.1.6279.6001.756684168227383088294595834066/surface_grid_float_1.3.6.1.4.1.14519.5.2.1.6279.6001.756684168227383088294595834066.npy,0.5873435054773083,0.3410174548625946,0.22212763130664825,0.929411768913269,3.2566452026367188,0.8575999736785889,0.058597979322075826,0.06921384356915951,0.09616518020629883,0.516903817653656,13,5,8,0.0,0.008652832461810775,good_or_low_review,828
detector_top5,1.3.6.1.4.1.14519.5.2.1.6279.6001.278660284797073139172446973682,outputs/luna16_saliency_synthetic_detector_top5_minprob0.5/1.3.6.1.4.1.14519.5.2.1.6279.6001.278660284797073139172446973682/surface_1.3.6.1.4.1.14519.5.2.1.6279.6001.278660284797073139172446973682.png,outputs/luna16_saliency_synthetic_detector_top5_minprob0.5/1.3.6.1.4.1.14519.5.2.1.6279.6001.278660284797073139172446973682/surface_grid_float_1.3.6.1.4.1.14519.5.2.1.6279.6001.278660284797073139172446973682.npy,0.5731113498030791,0.37877729535102844,0.2530771791934967,1.0,3.1024322509765625,0.8256197571754456,0.06529016643762585,0.07725349240005012,0.11029569059610367,0.4726070761680603,13,5,8,0.0,0.008538563137335909,good_or_low_review,829
detector_top5,1.3.6.1.4.1.14519.5.2.1.6279.6001.842317928015463083368074520378,outputs/luna16_saliency_synthetic_detector_top5_minprob0.5/1.3.6.1.4.1.14519.5.2.1.6279.6001.842317928015463083368074520378/surface_1.3.6.1.4.1.14519.5.2.1.6279.6001.842317928015463083368074520378.png,outputs/luna16_saliency_synthetic_detector_top5_minprob0.5/1.3.6.1.4.1.14519.5.2.1.6279.6001.842317928015463083368074520378/surface_grid_float_1.3.6.1.4.1.14519.5.2.1.6279.6001.842317928015463083368074520378.npy,0.6408881834672195,0.3112296164035797,0.22355930507183075,0.9411764740943909,3.2491683959960938,0.8762801289558411,0.057515912130475036,0.06674176551401614,0.09618188440799713,0.4939543604850769,13,5,8,0.0,0.008515209982047477,good_or_low_review,830
detector_top5,1.3.6.1.4.1.14519.5.2.1.6279.6001.215104063467523905369326175410,outputs/luna16_saliency_synthetic_detector_top5_minprob0.5/1.3.6.1.4.1.14519.5.2.1.6279.6001.215104063467523905369326175410/surface_1.3.6.1.4.1.14519.5.2.1.6279.6001.215104063467523905369326175410.png,outputs/luna16_saliency_synthetic_detector_top5_minprob0.5/1.3.6.1.4.1.14519.5.2.1.6279.6001.215104063467523905369326175410/surface_grid_float_1.3.6.1.4.1.14519.5.2.1.6279.6001.215104063467523905369326175410.npy,0.6323898168217944,0.36369362473487854,0.247471883893013,1.0,3.0458602905273438,0.7846763730049133,0.06725415140390396,0.07975000888109207,0.11012120544910431,0.4621969163417816,13,5,8,0.0,0.008496038342515628,good_or_low_review,831
detector_top5,1.3.6.1.4.1.14519.5.2.1.6279.6001.265570697208310960298668720669,outputs/luna16_saliency_synthetic_detector_top5_minprob0.5/1.3.6.1.4.1.14519.5.2.1.6279.6001.265570697208310960298668720669/surface_1.3.6.1.4.1.14519.5.2.1.6279.6001.265570697208310960298668720669.png,outputs/luna16_saliency_synthetic_detector_top5_minprob0.5/1.3.6.1.4.1.14519.5.2.1.6279.6001.265570697208310960298668720669/surface_grid_float_1.3.6.1.4.1.14519.5.2.1.6279.6001.265570697208310960298668720669.npy,0.57053230888287,0.34793177247047424,0.21641473472118378,0.886274516582489,3.1911544799804688,0.8620811104774475,0.0548951212316751,0.06565351590514179,0.0912618637084961,0.543114423751831,13,5,8,0.0,0.008495117218792437,good_or_low_review,832
detector_top5,1.3.6.1.4.1.14519.5.2.1.6279.6001.130036599816889919308975074972,outputs/luna16_saliency_synthetic_detector_top5_minprob0.5/1.3.6.1.4.1.14519.5.2.1.6279.6001.130036599816889919308975074972/surface_1.3.6.1.4.1.14519.5.2.1.6279.6001.130036599816889919308975074972.png,outputs/luna16_saliency_synthetic_detector_top5_minprob0.5/1.3.6.1.4.1.14519.5.2.1.6279.6001.130036599816889919308975074972/surface_grid_float_1.3.6.1.4.1.14519.5.2.1.6279.6001.130036599816889919308975074972.npy,0.6547704845326533,0.3049003779888153,0.22395338118076324,0.8745098114013672,3.0890045166015625,0.8136898875236511,0.057601061463355994,0.07005542337894442,0.10112002491950989,0.5408194065093994,13,5,8,0.0,0.008451824465725156,good_or_low_review,833
detector_top5,1.3.6.1.4.1.14519.5.2.1.6279.6001.311476128731958142981941696518,outputs/luna16_saliency_synthetic_detector_top5_minprob0.5/1.3.6.1.4.1.14519.5.2.1.6279.6001.311476128731958142981941696518/surface_1.3.6.1.4.1.14519.5.2.1.6279.6001.311476128731958142981941696518.png,outputs/luna16_saliency_synthetic_detector_top5_minprob0.5/1.3.6.1.4.1.14519.5.2.1.6279.6001.311476128731958142981941696518/surface_grid_float_1.3.6.1.4.1.14519.5.2.1.6279.6001.311476128731958142981941696518.npy,0.49896456511734927,0.38804295659065247,0.21498903632164001,0.9333333373069763,3.1345596313476562,0.8011505603790283,0.051216159015893936,0.061622820608317815,0.08147963136434555,0.5495504140853882,13,5,8,0.0,0.0082941738129076,good_or_low_review,834
detector_top5,1.3.6.1.4.1.14519.5.2.1.6279.6001.419601611032172899567156073142,outputs/luna16_saliency_synthetic_detector_top5_minprob0.5/1.3.6.1.4.1.14519.5.2.1.6279.6001.419601611032172899567156073142/surface_1.3.6.1.4.1.14519.5.2.1.6279.6001.419601611032172899567156073142.png,outputs/luna16_saliency_synthetic_detector_top5_minprob0.5/1.3.6.1.4.1.14519.5.2.1.6279.6001.419601611032172899567156073142/surface_grid_float_1.3.6.1.4.1.14519.5.2.1.6279.6001.419601611032172899567156073142.npy,0.5861464860858433,0.3413015902042389,0.22622865438461304,1.0,3.0367507934570312,0.7674921751022339,0.05828211661428213,0.0698986528068781,0.09506513178348541,0.47026681900024414,13,5,8,0.0,0.008203248282190826,good_or_low_review,835
detector_top5,1.3.6.1.4.1.14519.5.2.1.6279.6001.179209990684978588019929720099,outputs/luna16_saliency_synthetic_detector_top5_minprob0.5/1.3.6.1.4.1.14519.5.2.1.6279.6001.179209990684978588019929720099/surface_1.3.6.1.4.1.14519.5.2.1.6279.6001.179209990684978588019929720099.png,outputs/luna16_saliency_synthetic_detector_top5_minprob0.5/1.3.6.1.4.1.14519.5.2.1.6279.6001.179209990684978588019929720099/surface_grid_float_1.3.6.1.4.1.14519.5.2.1.6279.6001.179209990684978588019929720099.npy,0.614829517737893,0.34364253282546997,0.2404588758945465,1.0,2.9739990234375,0.8135720491409302,0.05892907232046127,0.0704708033800124,0.10285957157611847,0.48688745498657227,13,5,8,0.0,0.008152761262655255,good_or_low_review,836
detector_top5,1.3.6.1.4.1.14519.5.2.1.6279.6001.182798854785392200340436516930,outputs/luna16_saliency_synthetic_detector_top5_minprob0.5/1.3.6.1.4.1.14519.5.2.1.6279.6001.182798854785392200340436516930/surface_1.3.6.1.4.1.14519.5.2.1.6279.6001.182798854785392200340436516930.png,outputs/luna16_saliency_synthetic_detector_top5_minprob0.5/1.3.6.1.4.1.14519.5.2.1.6279.6001.182798854785392200340436516930/surface_grid_float_1.3.6.1.4.1.14519.5.2.1.6279.6001.182798854785392200340436516930.npy,0.6634269167820722,0.3112379014492035,0.2350308895111084,0.8943137317896004,3.1224899291992188,0.8380450010299683,0.04882571790367366,0.05802305649966003,0.07857450842857361,0.5368220210075378,13,5,8,0.0,0.008137779401449694,good_or_low_review,837
detector_top5,1.3.6.1.4.1.14519.5.2.1.6279.6001.116097642684124305074876564522,outputs/luna16_saliency_synthetic_detector_top5_minprob0.5/1.3.6.1.4.1.14519.5.2.1.6279.6001.116097642684124305074876564522/surface_1.3.6.1.4.1.14519.5.2.1.6279.6001.116097642684124305074876564522.png,outputs/luna16_saliency_synthetic_detector_top5_minprob0.5/1.3.6.1.4.1.14519.5.2.1.6279.6001.116097642684124305074876564522/surface_grid_float_1.3.6.1.4.1.14519.5.2.1.6279.6001.116097642684124305074876564522.npy,0.5880288492497907,0.36086174845695496,0.22812236845493317,1.0,2.99627685546875,0.8371930718421936,0.055740246549248695,0.06646385192871093,0.09194423258304596,0.513205885887146,13,5,8,0.0,0.008128167841169568,good_or_low_review,838
detector_top5,1.3.6.1.4.1.14519.5.2.1.6279.6001.970264865033574190975654369557,outputs/luna16_saliency_synthetic_detector_top5_minprob0.5/1.3.6.1.4.1.14519.5.2.1.6279.6001.970264865033574190975654369557/surface_1.3.6.1.4.1.14519.5.2.1.6279.6001.970264865033574190975654369557.png,outputs/luna16_saliency_synthetic_detector_top5_minprob0.5/1.3.6.1.4.1.14519.5.2.1.6279.6001.970264865033574190975654369557/surface_grid_float_1.3.6.1.4.1.14519.5.2.1.6279.6001.970264865033574190975654369557.npy,0.5889616982002769,0.34946244955062866,0.22750920057296753,0.9764705896377563,2.928619384765625,0.7915090918540955,0.05723494216799734,0.06817945778369904,0.09339521080255508,0.49409782886505127,13,5,8,0.0,0.008024411216709349,good_or_low_review,839
detector_top5,1.3.6.1.4.1.14519.5.2.1.6279.6001.749871569713868632259874663577,outputs/luna16_saliency_synthetic_detector_top5_minprob0.5/1.3.6.1.4.1.14519.5.2.1.6279.6001.749871569713868632259874663577/surface_1.3.6.1.4.1.14519.5.2.1.6279.6001.749871569713868632259874663577.png,outputs/luna16_saliency_synthetic_detector_top5_minprob0.5/1.3.6.1.4.1.14519.5.2.1.6279.6001.749871569713868632259874663577/surface_grid_float_1.3.6.1.4.1.14519.5.2.1.6279.6001.749871569713868632259874663577.npy,0.6332418524871355,0.3413001596927643,0.22158220410346985,0.9882352948188782,2.8840255737304688,0.8007233142852783,0.06007454935461282,0.07185754038393499,0.10276240855455399,0.47473832964897156,13,5,8,0.0,0.008017409566955434,good_or_low_review,840
detector_top5,1.3.6.1.4.1.14519.5.2.1.6279.6001.946129570505893110165820050204,outputs/luna16_saliency_synthetic_detector_top5_minprob0.5/1.3.6.1.4.1.14519.5.2.1.6279.6001.946129570505893110165820050204/surface_1.3.6.1.4.1.14519.5.2.1.6279.6001.946129570505893110165820050204.png,outputs/luna16_saliency_synthetic_detector_top5_minprob0.5/1.3.6.1.4.1.14519.5.2.1.6279.6001.946129570505893110165820050204/surface_grid_float_1.3.6.1.4.1.14519.5.2.1.6279.6001.946129570505893110165820050204.npy,0.6068758366254203,0.3259707987308502,0.22274291515350342,0.9490196108818054,3.0273590087890625,0.8010512590408325,0.053545622713863816,0.06271693006157875,0.0882273018360138,0.4703153967857361,13,5,8,0.0,0.007972251576019659,good_or_low_review,841
detector_top5,1.3.6.1.4.1.14519.5.2.1.6279.6001.111172165674661221381920536987,outputs/luna16_saliency_synthetic_detector_top5_minprob0.5/1.3.6.1.4.1.14519.5.2.1.6279.6001.111172165674661221381920536987/surface_1.3.6.1.4.1.14519.5.2.1.6279.6001.111172165674661221381920536987.png,outputs/luna16_saliency_synthetic_detector_top5_minprob0.5/1.3.6.1.4.1.14519.5.2.1.6279.6001.111172165674661221381920536987/surface_grid_float_1.3.6.1.4.1.14519.5.2.1.6279.6001.111172165674661221381920536987.npy,0.5888152617875344,0.3492465615272522,0.2325664907693863,0.9215686321258545,2.9891891479492188,0.8053971529006958,0.047055606171488754,0.056763711720705025,0.07513540238142014,0.5470671057701111,13,5,8,0.0,0.007900597944358986,good_or_low_review,842
detector_top5,1.3.6.1.4.1.14519.5.2.1.6279.6001.105756658031515062000744821260,outputs/luna16_saliency_synthetic_detector_top5_minprob0.5/1.3.6.1.4.1.14519.5.2.1.6279.6001.105756658031515062000744821260/surface_1.3.6.1.4.1.14519.5.2.1.6279.6001.105756658031515062000744821260.png,outputs/luna16_saliency_synthetic_detector_top5_minprob0.5/1.3.6.1.4.1.14519.5.2.1.6279.6001.105756658031515062000744821260/surface_grid_float_1.3.6.1.4.1.14519.5.2.1.6279.6001.105756658031515062000744821260.npy,0.6110091743119266,0.3218078911304474,0.2327684760093689,0.9796470600366501,2.9539413452148438,0.7951297760009766,0.04939593654125931,0.06028037849813699,0.07968654483556747,0.5239410400390625,13,5,8,0.0,0.00789596035261121,good_or_low_review,843
detector_top5,1.3.6.1.4.1.14519.5.2.1.6279.6001.397062004302272014259317520874,outputs/luna16_saliency_synthetic_detector_top5_minprob0.5/1.3.6.1.4.1.14519.5.2.1.6279.6001.397062004302272014259317520874/surface_1.3.6.1.4.1.14519.5.2.1.6279.6001.397062004302272014259317520874.png,outputs/luna16_saliency_synthetic_detector_top5_minprob0.5/1.3.6.1.4.1.14519.5.2.1.6279.6001.397062004302272014259317520874/surface_grid_float_1.3.6.1.4.1.14519.5.2.1.6279.6001.397062004302272014259317520874.npy,0.5556280161732099,0.38729923963546753,0.24012063443660736,0.9882352948188782,2.8334121704101562,0.7391114830970764,0.056506159156560896,0.06842907756567002,0.09100130200386047,0.47595933079719543,13,5,8,0.0,0.007832913346091906,good_or_low_review,844
detector_top5,1.3.6.1.4.1.14519.5.2.1.6279.6001.120842785645314664964010792308,outputs/luna16_saliency_synthetic_detector_top5_minprob0.5/1.3.6.1.4.1.14519.5.2.1.6279.6001.120842785645314664964010792308/surface_1.3.6.1.4.1.14519.5.2.1.6279.6001.120842785645314664964010792308.png,outputs/luna16_saliency_synthetic_detector_top5_minprob0.5/1.3.6.1.4.1.14519.5.2.1.6279.6001.120842785645314664964010792308/surface_grid_float_1.3.6.1.4.1.14519.5.2.1.6279.6001.120842785645314664964010792308.npy,0.6237638597542703,0.41868314146995544,0.2398155927658081,0.9137254953384399,2.6430206298828125,0.6936419010162354,0.060599555820226664,0.07419089324772354,0.10310033708810806,0.5143089890480042,13,5,8,0.0,0.007773670045120847,good_or_low_review,845
detector_top5,1.3.6.1.4.1.14519.5.2.1.6279.6001.268992195564407418480563388746,outputs/luna16_saliency_synthetic_detector_top5_minprob0.5/1.3.6.1.4.1.14519.5.2.1.6279.6001.268992195564407418480563388746/surface_1.3.6.1.4.1.14519.5.2.1.6279.6001.268992195564407418480563388746.png,outputs/luna16_saliency_synthetic_detector_top5_minprob0.5/1.3.6.1.4.1.14519.5.2.1.6279.6001.268992195564407418480563388746/surface_grid_float_1.3.6.1.4.1.14519.5.2.1.6279.6001.268992195564407418480563388746.npy,0.5855271090390257,0.38168802857398987,0.23602651059627533,1.0,2.7559890747070312,0.7238073348999023,0.058562982082366925,0.07132627502083776,0.09411605447530746,0.46437251567840576,13,5,8,0.0,0.007765042298866641,good_or_low_review,846
detector_top5,1.3.6.1.4.1.14519.5.2.1.6279.6001.241570579760883349458693655367,outputs/luna16_saliency_synthetic_detector_top5_minprob0.5/1.3.6.1.4.1.14519.5.2.1.6279.6001.241570579760883349458693655367/surface_1.3.6.1.4.1.14519.5.2.1.6279.6001.241570579760883349458693655367.png,outputs/luna16_saliency_synthetic_detector_top5_minprob0.5/1.3.6.1.4.1.14519.5.2.1.6279.6001.241570579760883349458693655367/surface_grid_float_1.3.6.1.4.1.14519.5.2.1.6279.6001.241570579760883349458693655367.npy,0.6017444801975189,0.3853487968444824,0.23625460267066956,1.0,2.8230743408203125,0.6720397472381592,0.05718661770224564,0.06870760768651961,0.09149983525276184,0.4432705044746399,13,5,8,0.0,0.0077513976974619755,good_or_low_review,847
detector_top5,1.3.6.1.4.1.14519.5.2.1.6279.6001.315770913282450940389971401304,outputs/luna16_saliency_synthetic_detector_top5_minprob0.5/1.3.6.1.4.1.14519.5.2.1.6279.6001.315770913282450940389971401304/surface_1.3.6.1.4.1.14519.5.2.1.6279.6001.315770913282450940389971401304.png,outputs/luna16_saliency_synthetic_detector_top5_minprob0.5/1.3.6.1.4.1.14519.5.2.1.6279.6001.315770913282450940389971401304/surface_grid_float_1.3.6.1.4.1.14519.5.2.1.6279.6001.315770913282450940389971401304.npy,0.5678400319403779,0.33310091495513916,0.22790466248989105,0.9490196108818054,2.8241500854492188,0.6965826749801636,0.05323351323604582,0.06333723127841949,0.0876370444893837,0.47304290533065796,13,5,8,0.0,0.007658240203724967,good_or_low_review,848
detector_top5,1.3.6.1.4.1.14519.5.2.1.6279.6001.861997885565255340442123234170,outputs/luna16_saliency_synthetic_detector_top5_minprob0.5/1.3.6.1.4.1.14519.5.2.1.6279.6001.861997885565255340442123234170/surface_1.3.6.1.4.1.14519.5.2.1.6279.6001.861997885565255340442123234170.png,outputs/luna16_saliency_synthetic_detector_top5_minprob0.5/1.3.6.1.4.1.14519.5.2.1.6279.6001.861997885565255340442123234170/surface_grid_float_1.3.6.1.4.1.14519.5.2.1.6279.6001.861997885565255340442123234170.npy,0.5747120827640054,0.40093833208084106,0.2452734261751175,1.0,2.8403396606445312,0.6976613402366638,0.05035827960819006,0.05861791595816612,0.08192487061023712,0.4249006509780884,13,5,8,0.0,0.007436660581992731,good_or_low_review,849
detector_top5,1.3.6.1.4.1.14519.5.2.1.6279.6001.229860476925100292554329427970,outputs/luna16_saliency_synthetic_detector_top5_minprob0.5/1.3.6.1.4.1.14519.5.2.1.6279.6001.229860476925100292554329427970/surface_1.3.6.1.4.1.14519.5.2.1.6279.6001.229860476925100292554329427970.png,outputs/luna16_saliency_synthetic_detector_top5_minprob0.5/1.3.6.1.4.1.14519.5.2.1.6279.6001.229860476925100292554329427970/surface_grid_float_1.3.6.1.4.1.14519.5.2.1.6279.6001.229860476925100292554329427970.npy,0.34488636363636366,0.47403326630592346,0.2182500809431076,0.9019607901573181,1.7174530029296875,0.4546230435371399,0.02852569464594126,0.03355278354138136,0.04764045774936676,0.2658524215221405,13,5,8,0.0,0.007381866258806908,good_or_low_review,850
detector_top5,1.3.6.1.4.1.14519.5.2.1.6279.6001.103115201714075993579787468219,outputs/luna16_saliency_synthetic_detector_top5_minprob0.5/1.3.6.1.4.1.14519.5.2.1.6279.6001.103115201714075993579787468219/surface_1.3.6.1.4.1.14519.5.2.1.6279.6001.103115201714075993579787468219.png,outputs/luna16_saliency_synthetic_detector_top5_minprob0.5/1.3.6.1.4.1.14519.5.2.1.6279.6001.103115201714075993579787468219/surface_grid_float_1.3.6.1.4.1.14519.5.2.1.6279.6001.103115201714075993579787468219.npy,0.5442045628540806,0.3744983673095703,0.2291666716337204,1.0,2.756011962890625,0.7266144156455994,0.04759572520852088,0.057086359448730944,0.07668989151716232,0.47650814056396484,13,5,8,0.0,0.007364851033977336,good_or_low_review,851
detector_top5,1.3.6.1.4.1.14519.5.2.1.6279.6001.329624439086643515259182406526,outputs/luna16_saliency_synthetic_detector_top5_minprob0.5/1.3.6.1.4.1.14519.5.2.1.6279.6001.329624439086643515259182406526/surface_1.3.6.1.4.1.14519.5.2.1.6279.6001.329624439086643515259182406526.png,outputs/luna16_saliency_synthetic_detector_top5_minprob0.5/1.3.6.1.4.1.14519.5.2.1.6279.6001.329624439086643515259182406526/surface_grid_float_1.3.6.1.4.1.14519.5.2.1.6279.6001.329624439086643515259182406526.npy,0.521923620933522,0.40693262219429016,0.21174326539039612,1.0,2.8493576049804688,0.7415885925292969,0.045701194554567316,0.053448753356933595,0.07429368793964386,0.4472233057022095,13,5,8,0.0,0.007346221510569254,good_or_low_review,852
detector_top5,1.3.6.1.4.1.14519.5.2.1.6279.6001.272259794130271010519952623746,outputs/luna16_saliency_synthetic_detector_top5_minprob0.5/1.3.6.1.4.1.14519.5.2.1.6279.6001.272259794130271010519952623746/surface_1.3.6.1.4.1.14519.5.2.1.6279.6001.272259794130271010519952623746.png,outputs/luna16_saliency_synthetic_detector_top5_minprob0.5/1.3.6.1.4.1.14519.5.2.1.6279.6001.272259794130271010519952623746/surface_grid_float_1.3.6.1.4.1.14519.5.2.1.6279.6001.272259794130271010519952623746.npy,0.4940068493150685,0.3433505892753601,0.22882495820522308,0.8627451062202454,2.8587875366210938,0.7230694890022278,0.042474828846752646,0.05079764548689127,0.06978481262922287,0.44753512740135193,13,5,8,0.0,0.007283097764311566,good_or_low_review,853
detector_top5,1.3.6.1.4.1.14519.5.2.1.6279.6001.325580698241281352835338693869,outputs/luna16_saliency_synthetic_detector_top5_minprob0.5/1.3.6.1.4.1.14519.5.2.1.6279.6001.325580698241281352835338693869/surface_1.3.6.1.4.1.14519.5.2.1.6279.6001.325580698241281352835338693869.png,outputs/luna16_saliency_synthetic_detector_top5_minprob0.5/1.3.6.1.4.1.14519.5.2.1.6279.6001.325580698241281352835338693869/surface_grid_float_1.3.6.1.4.1.14519.5.2.1.6279.6001.325580698241281352835338693869.npy,0.5106867491482876,0.37579578161239624,0.21792259812355042,0.9725490212440491,2.5211715698242188,0.6308040022850037,0.05147635843604803,0.061834360323846316,0.08454277366399765,0.44907960295677185,13,5,8,0.0,0.007054938099326359,good_or_low_review,854
detector_top5,1.3.6.1.4.1.14519.5.2.1.6279.6001.104562737760173137525888934217,outputs/luna16_saliency_synthetic_detector_top5_minprob0.5/1.3.6.1.4.1.14519.5.2.1.6279.6001.104562737760173137525888934217/surface_1.3.6.1.4.1.14519.5.2.1.6279.6001.104562737760173137525888934217.png,outputs/luna16_saliency_synthetic_detector_top5_minprob0.5/1.3.6.1.4.1.14519.5.2.1.6279.6001.104562737760173137525888934217/surface_grid_float_1.3.6.1.4.1.14519.5.2.1.6279.6001.104562737760173137525888934217.npy,0.5022485009993338,0.4074910581111908,0.21796457469463348,0.9843137264251709,2.6050796508789062,0.7026141285896301,0.04620741475373506,0.05540552414953708,0.0766817182302475,0.42207688093185425,13,5,8,0.0,0.006941913766910633,good_or_low_review,855
detector_top5,1.3.6.1.4.1.14519.5.2.1.6279.6001.178391668569567816549737454720,outputs/luna16_saliency_synthetic_detector_top5_minprob0.5/1.3.6.1.4.1.14519.5.2.1.6279.6001.178391668569567816549737454720/surface_1.3.6.1.4.1.14519.5.2.1.6279.6001.178391668569567816549737454720.png,outputs/luna16_saliency_synthetic_detector_top5_minprob0.5/1.3.6.1.4.1.14519.5.2.1.6279.6001.178391668569567816549737454720/surface_grid_float_1.3.6.1.4.1.14519.5.2.1.6279.6001.178391668569567816549737454720.npy,0.6207988832814345,0.44700583815574646,0.22101405262947083,1.0,2.5063323974609375,0.6895021796226501,0.049697952531278136,0.059113007485866516,0.08152040094137192,0.420845091342926,13,5,8,0.0,0.0068858222011062824,good_or_low_review,856
detector_top5,1.3.6.1.4.1.14519.5.2.1.6279.6001.961063442349005937536597225349,outputs/luna16_saliency_synthetic_detector_top5_minprob0.5/1.3.6.1.4.1.14519.5.2.1.6279.6001.961063442349005937536597225349/surface_1.3.6.1.4.1.14519.5.2.1.6279.6001.961063442349005937536597225349.png,outputs/luna16_saliency_synthetic_detector_top5_minprob0.5/1.3.6.1.4.1.14519.5.2.1.6279.6001.961063442349005937536597225349/surface_grid_float_1.3.6.1.4.1.14519.5.2.1.6279.6001.961063442349005937536597225349.npy,0.5877818830424257,0.3217651844024658,0.2200057953596115,0.9450980424880981,2.657196044921875,0.6638031005859375,0.04236315861344338,0.05066354643553496,0.06934648752212524,0.4134794771671295,13,5,8,0.0,0.006867409750529461,good_or_low_review,857
detector_top5,1.3.6.1.4.1.14519.5.2.1.6279.6001.306788423710427765311352901943,outputs/luna16_saliency_synthetic_detector_top5_minprob0.5/1.3.6.1.4.1.14519.5.2.1.6279.6001.306788423710427765311352901943/surface_1.3.6.1.4.1.14519.5.2.1.6279.6001.306788423710427765311352901943.png,outputs/luna16_saliency_synthetic_detector_top5_minprob0.5/1.3.6.1.4.1.14519.5.2.1.6279.6001.306788423710427765311352901943/surface_grid_float_1.3.6.1.4.1.14519.5.2.1.6279.6001.306788423710427765311352901943.npy,0.5162794951527346,0.3495253622531891,0.2200128138065338,0.8745098114013672,2.4716873168945312,0.5878815650939941,0.04734984692186117,0.056362913846969606,0.08113928139209747,0.382479727268219,13,5,8,0.0,0.006660321226384904,good_or_low_review,858
detector_top5,1.3.6.1.4.1.14519.5.2.1.6279.6001.655242448149322898770987310561,outputs/luna16_saliency_synthetic_detector_top5_minprob0.5/1.3.6.1.4.1.14519.5.2.1.6279.6001.655242448149322898770987310561/surface_1.3.6.1.4.1.14519.5.2.1.6279.6001.655242448149322898770987310561.png,outputs/luna16_saliency_synthetic_detector_top5_minprob0.5/1.3.6.1.4.1.14519.5.2.1.6279.6001.655242448149322898770987310561/surface_grid_float_1.3.6.1.4.1.14519.5.2.1.6279.6001.655242448149322898770987310561.npy,0.6496602614400908,0.32055795192718506,0.24034331738948822,0.9602745121717555,2.30804443359375,0.6067615747451782,0.049267287924885744,0.06004936955869196,0.08249927312135696,0.44121432304382324,13,5,8,0.0,0.006628698082847727,good_or_low_review,859
detector_top5,1.3.6.1.4.1.14519.5.2.1.6279.6001.952265563663939823135367733681,outputs/luna16_saliency_synthetic_detector_top5_minprob0.5/1.3.6.1.4.1.14519.5.2.1.6279.6001.952265563663939823135367733681/surface_1.3.6.1.4.1.14519.5.2.1.6279.6001.952265563663939823135367733681.png,outputs/luna16_saliency_synthetic_detector_top5_minprob0.5/1.3.6.1.4.1.14519.5.2.1.6279.6001.952265563663939823135367733681/surface_grid_float_1.3.6.1.4.1.14519.5.2.1.6279.6001.952265563663939823135367733681.npy,0.397069567335011,0.4077591598033905,0.23151060938835144,1.0,2.4019851684570312,0.6044172048568726,0.04850689694285393,0.05716284550726414,0.08010514080524445,0.3828221559524536,13,5,8,0.0,0.00656890988142954,good_or_low_review,860
detector_top5,1.3.6.1.4.1.14519.5.2.1.6279.6001.975254950136384517744116790879,outputs/luna16_saliency_synthetic_detector_top5_minprob0.5/1.3.6.1.4.1.14519.5.2.1.6279.6001.975254950136384517744116790879/surface_1.3.6.1.4.1.14519.5.2.1.6279.6001.975254950136384517744116790879.png,outputs/luna16_saliency_synthetic_detector_top5_minprob0.5/1.3.6.1.4.1.14519.5.2.1.6279.6001.975254950136384517744116790879/surface_grid_float_1.3.6.1.4.1.14519.5.2.1.6279.6001.975254950136384517744116790879.npy,0.6724007846687793,0.34839820861816406,0.2100934237241745,0.95686274766922,2.3325424194335938,0.616898775100708,0.047700461000204086,0.057781335711479184,0.07810379564762115,0.42365512251853943,13,5,8,0.0,0.006562466598219341,good_or_low_review,861
detector_top5,1.3.6.1.4.1.14519.5.2.1.6279.6001.306948744223170422945185006551,outputs/luna16_saliency_synthetic_detector_top5_minprob0.5/1.3.6.1.4.1.14519.5.2.1.6279.6001.306948744223170422945185006551/surface_1.3.6.1.4.1.14519.5.2.1.6279.6001.306948744223170422945185006551.png,outputs/luna16_saliency_synthetic_detector_top5_minprob0.5/1.3.6.1.4.1.14519.5.2.1.6279.6001.306948744223170422945185006551/surface_grid_float_1.3.6.1.4.1.14519.5.2.1.6279.6001.306948744223170422945185006551.npy,0.55012442232492,0.4256574809551239,0.2411339432001114,1.0,2.3628616333007812,0.6306087970733643,0.04665411747992038,0.05647339016199108,0.07554002106189728,0.3923875689506531,13,5,8,0.0,0.006504276802473597,good_or_low_review,862
detector_top5,1.3.6.1.4.1.14519.5.2.1.6279.6001.119806527488108718706404165837,outputs/luna16_saliency_synthetic_detector_top5_minprob0.5/1.3.6.1.4.1.14519.5.2.1.6279.6001.119806527488108718706404165837/surface_1.3.6.1.4.1.14519.5.2.1.6279.6001.119806527488108718706404165837.png,outputs/luna16_saliency_synthetic_detector_top5_minprob0.5/1.3.6.1.4.1.14519.5.2.1.6279.6001.119806527488108718706404165837/surface_grid_float_1.3.6.1.4.1.14519.5.2.1.6279.6001.119806527488108718706404165837.npy,0.6584097942342146,0.3987673223018646,0.24493198096752167,0.8941176533699036,2.474273681640625,0.6346147656440735,0.03959252405911684,0.047250187024474144,0.06395963579416275,0.4150209426879883,13,5,8,0.0,0.006463563841664129,good_or_low_review,863
detector_top5,1.3.6.1.4.1.14519.5.2.1.6279.6001.238855414831158993232534884296,outputs/luna16_saliency_synthetic_detector_top5_minprob0.5/1.3.6.1.4.1.14519.5.2.1.6279.6001.238855414831158993232534884296/surface_1.3.6.1.4.1.14519.5.2.1.6279.6001.238855414831158993232534884296.png,outputs/luna16_saliency_synthetic_detector_top5_minprob0.5/1.3.6.1.4.1.14519.5.2.1.6279.6001.238855414831158993232534884296/surface_grid_float_1.3.6.1.4.1.14519.5.2.1.6279.6001.238855414831158993232534884296.npy,0.6276787259823438,0.359419584274292,0.2186419665813446,0.9882352948188782,2.3975906372070312,0.664527416229248,0.04601635355502367,0.05401178877800702,0.07826092839241028,0.38090845942497253,13,5,8,0.0,0.006462801301851869,good_or_low_review,864
detector_top5,1.3.6.1.4.1.14519.5.2.1.6279.6001.850739282072340578344345230132,outputs/luna16_saliency_synthetic_detector_top5_minprob0.5/1.3.6.1.4.1.14519.5.2.1.6279.6001.850739282072340578344345230132/surface_1.3.6.1.4.1.14519.5.2.1.6279.6001.850739282072340578344345230132.png,outputs/luna16_saliency_synthetic_detector_top5_minprob0.5/1.3.6.1.4.1.14519.5.2.1.6279.6001.850739282072340578344345230132/surface_grid_float_1.3.6.1.4.1.14519.5.2.1.6279.6001.850739282072340578344345230132.npy,0.47833298776695005,0.36595645546913147,0.23869864642620087,0.9686274528503418,2.2148895263671875,0.5977843999862671,0.051338204182684366,0.06231463339179754,0.08566703647375107,0.40401580929756165,13,5,8,0.0,0.006458734455249375,good_or_low_review,865
detector_top5,1.3.6.1.4.1.14519.5.2.1.6279.6001.216526102138308489357443843021,outputs/luna16_saliency_synthetic_detector_top5_minprob0.5/1.3.6.1.4.1.14519.5.2.1.6279.6001.216526102138308489357443843021/surface_1.3.6.1.4.1.14519.5.2.1.6279.6001.216526102138308489357443843021.png,outputs/luna16_saliency_synthetic_detector_top5_minprob0.5/1.3.6.1.4.1.14519.5.2.1.6279.6001.216526102138308489357443843021/surface_grid_float_1.3.6.1.4.1.14519.5.2.1.6279.6001.216526102138308489357443843021.npy,0.5081653978205702,0.4075447916984558,0.22618581354618073,1.0,2.3902816772460938,0.6496627926826477,0.04610692150890827,0.05461601607501507,0.07861136645078659,0.3745737373828888,13,5,8,0.0,0.006454669360733694,good_or_low_review,866
detector_top5,1.3.6.1.4.1.14519.5.2.1.6279.6001.268838889380981659524993261082,outputs/luna16_saliency_synthetic_detector_top5_minprob0.5/1.3.6.1.4.1.14519.5.2.1.6279.6001.268838889380981659524993261082/surface_1.3.6.1.4.1.14519.5.2.1.6279.6001.268838889380981659524993261082.png,outputs/luna16_saliency_synthetic_detector_top5_minprob0.5/1.3.6.1.4.1.14519.5.2.1.6279.6001.268838889380981659524993261082/surface_grid_float_1.3.6.1.4.1.14519.5.2.1.6279.6001.268838889380981659524993261082.npy,0.5098989898989899,0.38842859864234924,0.2168247401714325,0.9333333373069763,2.3322906494140625,0.5607626438140869,0.044294947758316966,0.05266630858182909,0.07595244795084,0.36014100909233093,13,5,8,0.0,0.006267453693350157,good_or_low_review,867
detector_top5,1.3.6.1.4.1.14519.5.2.1.6279.6001.121108220866971173712229588402,outputs/luna16_saliency_synthetic_detector_top5_minprob0.5/1.3.6.1.4.1.14519.5.2.1.6279.6001.121108220866971173712229588402/surface_1.3.6.1.4.1.14519.5.2.1.6279.6001.121108220866971173712229588402.png,outputs/luna16_saliency_synthetic_detector_top5_minprob0.5/1.3.6.1.4.1.14519.5.2.1.6279.6001.121108220866971173712229588402/surface_grid_float_1.3.6.1.4.1.14519.5.2.1.6279.6001.121108220866971173712229588402.npy,0.5189093223461628,0.41152462363243103,0.24088096618652344,0.9843137264251709,2.3341445922851562,0.6270039677619934,0.04138138238340616,0.048275871761143195,0.06716784834861755,0.37242379784584045,13,5,8,0.0,0.006166125579633646,good_or_low_review,868
detector_top5,1.3.6.1.4.1.14519.5.2.1.6279.6001.179730018513720561213088132029,outputs/luna16_saliency_synthetic_detector_top5_minprob0.5/1.3.6.1.4.1.14519.5.2.1.6279.6001.179730018513720561213088132029/surface_1.3.6.1.4.1.14519.5.2.1.6279.6001.179730018513720561213088132029.png,outputs/luna16_saliency_synthetic_detector_top5_minprob0.5/1.3.6.1.4.1.14519.5.2.1.6279.6001.179730018513720561213088132029/surface_grid_float_1.3.6.1.4.1.14519.5.2.1.6279.6001.179730018513720561213088132029.npy,0.4736739596182562,0.4892430007457733,0.22482174634933472,1.0,2.2798309326171875,0.6204812526702881,0.042029371857643126,0.04991952948272228,0.06880698353052139,0.3797057569026947,13,5,8,0.0,0.006141094676405191,good_or_low_review,869
detector_top5,1.3.6.1.4.1.14519.5.2.1.6279.6001.211071908915618528829547301883,outputs/luna16_saliency_synthetic_detector_top5_minprob0.5/1.3.6.1.4.1.14519.5.2.1.6279.6001.211071908915618528829547301883/surface_1.3.6.1.4.1.14519.5.2.1.6279.6001.211071908915618528829547301883.png,outputs/luna16_saliency_synthetic_detector_top5_minprob0.5/1.3.6.1.4.1.14519.5.2.1.6279.6001.211071908915618528829547301883/surface_grid_float_1.3.6.1.4.1.14519.5.2.1.6279.6001.211071908915618528829547301883.npy,0.5572099771989222,0.34971222281455994,0.2365161031484604,0.8745098114013672,2.4117813110351562,0.582975447177887,0.03537627663463354,0.0421317769959569,0.057583924382925034,0.3701580762863159,13,5,8,0.0,0.006106162331129114,good_or_low_review,870
detector_top5,1.3.6.1.4.1.14519.5.2.1.6279.6001.111496024928645603833332252962,outputs/luna16_saliency_synthetic_detector_top5_minprob0.5/1.3.6.1.4.1.14519.5.2.1.6279.6001.111496024928645603833332252962/surface_1.3.6.1.4.1.14519.5.2.1.6279.6001.111496024928645603833332252962.png,outputs/luna16_saliency_synthetic_detector_top5_minprob0.5/1.3.6.1.4.1.14519.5.2.1.6279.6001.111496024928645603833332252962/surface_grid_float_1.3.6.1.4.1.14519.5.2.1.6279.6001.111496024928645603833332252962.npy,0.591575411958157,0.3010239601135254,0.2340630143880844,0.9529411792755127,2.1189727783203125,0.5294440388679504,0.045310587622225285,0.054911862500011906,0.07793929427862167,0.3809557557106018,13,5,8,0.0,0.0060255455182244375,good_or_low_review,871
detector_top5,1.3.6.1.4.1.14519.5.2.1.6279.6001.330043769832606379655473292782,outputs/luna16_saliency_synthetic_detector_top5_minprob0.5/1.3.6.1.4.1.14519.5.2.1.6279.6001.330043769832606379655473292782/surface_1.3.6.1.4.1.14519.5.2.1.6279.6001.330043769832606379655473292782.png,outputs/luna16_saliency_synthetic_detector_top5_minprob0.5/1.3.6.1.4.1.14519.5.2.1.6279.6001.330043769832606379655473292782/surface_grid_float_1.3.6.1.4.1.14519.5.2.1.6279.6001.330043769832606379655473292782.npy,0.5967833529387904,0.3394286036491394,0.23346559703350067,0.9529411792755127,2.122772216796875,0.5956788063049316,0.04382931534200907,0.05357578583061694,0.07104696333408356,0.39552727341651917,13,5,8,0.0,0.00602417676606112,good_or_low_review,872
detector_top5,1.3.6.1.4.1.14519.5.2.1.6279.6001.897279226481700053115245043064,outputs/luna16_saliency_synthetic_detector_top5_minprob0.5/1.3.6.1.4.1.14519.5.2.1.6279.6001.897279226481700053115245043064/surface_1.3.6.1.4.1.14519.5.2.1.6279.6001.897279226481700053115245043064.png,outputs/luna16_saliency_synthetic_detector_top5_minprob0.5/1.3.6.1.4.1.14519.5.2.1.6279.6001.897279226481700053115245043064/surface_grid_float_1.3.6.1.4.1.14519.5.2.1.6279.6001.897279226481700053115245043064.npy,0.5382702720387365,0.32796934247016907,0.23433518409729004,0.9370980429649319,2.084075927734375,0.46161359548568726,0.039531176909804344,0.05464089661836619,0.12523967027664185,0.3555466830730438,13,5,8,1.0,0.005902790518270597,good_or_low_review,873
detector_top5,1.3.6.1.4.1.14519.5.2.1.6279.6001.335866409407244673864352309754,outputs/luna16_saliency_synthetic_detector_top5_minprob0.5/1.3.6.1.4.1.14519.5.2.1.6279.6001.335866409407244673864352309754/surface_1.3.6.1.4.1.14519.5.2.1.6279.6001.335866409407244673864352309754.png,outputs/luna16_saliency_synthetic_detector_top5_minprob0.5/1.3.6.1.4.1.14519.5.2.1.6279.6001.335866409407244673864352309754/surface_grid_float_1.3.6.1.4.1.14519.5.2.1.6279.6001.335866409407244673864352309754.npy,0.5040702479338843,0.40770068764686584,0.24467192590236664,1.0,2.0902633666992188,0.5305729508399963,0.04164544139057397,0.050340680703520796,0.06625980883836746,0.35654789209365845,13,5,8,0.0,0.005786321348034673,good_or_low_review,874
detector_top5,1.3.6.1.4.1.14519.5.2.1.6279.6001.309901913847714156367981722205,outputs/luna16_saliency_synthetic_detector_top5_minprob0.5/1.3.6.1.4.1.14519.5.2.1.6279.6001.309901913847714156367981722205/surface_1.3.6.1.4.1.14519.5.2.1.6279.6001.309901913847714156367981722205.png,outputs/luna16_saliency_synthetic_detector_top5_minprob0.5/1.3.6.1.4.1.14519.5.2.1.6279.6001.309901913847714156367981722205/surface_grid_float_1.3.6.1.4.1.14519.5.2.1.6279.6001.309901913847714156367981722205.npy,0.5621262732483814,0.3719272017478943,0.25073009729385376,1.0,1.9536361694335938,0.5562889575958252,0.04497263673692942,0.055073988139629354,0.0737660750746727,0.36706241965293884,13,5,8,0.0,0.005723974192473623,good_or_low_review,875
detector_top5,1.3.6.1.4.1.14519.5.2.1.6279.6001.504324996863016748259361352296,outputs/luna16_saliency_synthetic_detector_top5_minprob0.5/1.3.6.1.4.1.14519.5.2.1.6279.6001.504324996863016748259361352296/surface_1.3.6.1.4.1.14519.5.2.1.6279.6001.504324996863016748259361352296.png,outputs/luna16_saliency_synthetic_detector_top5_minprob0.5/1.3.6.1.4.1.14519.5.2.1.6279.6001.504324996863016748259361352296/surface_grid_float_1.3.6.1.4.1.14519.5.2.1.6279.6001.504324996863016748259361352296.npy,0.6118193792092249,0.3398831784725189,0.2360304296016693,0.9867843145131963,2.1378021240234375,0.5632041692733765,0.03906501717865464,0.04691524073481556,0.06961382180452347,0.33427146077156067,13,5,8,0.0,0.0057132862304647754,good_or_low_review,876
detector_top5,1.3.6.1.4.1.14519.5.2.1.6279.6001.333319057944372470283038483725,outputs/luna16_saliency_synthetic_detector_top5_minprob0.5/1.3.6.1.4.1.14519.5.2.1.6279.6001.333319057944372470283038483725/surface_1.3.6.1.4.1.14519.5.2.1.6279.6001.333319057944372470283038483725.png,outputs/luna16_saliency_synthetic_detector_top5_minprob0.5/1.3.6.1.4.1.14519.5.2.1.6279.6001.333319057944372470283038483725/surface_grid_float_1.3.6.1.4.1.14519.5.2.1.6279.6001.333319057944372470283038483725.npy,0.588382034173337,0.302003413438797,0.22453153133392334,0.886274516582489,2.0080337524414062,0.49530255794525146,0.03766527771949764,0.04644399382174016,0.06751234829425812,0.3569255769252777,13,5,8,0.0,0.005533210684110721,good_or_low_review,877
detector_top5,1.3.6.1.4.1.14519.5.2.1.6279.6001.334184846571549530235084187602,outputs/luna16_saliency_synthetic_detector_top5_minprob0.5/1.3.6.1.4.1.14519.5.2.1.6279.6001.334184846571549530235084187602/surface_1.3.6.1.4.1.14519.5.2.1.6279.6001.334184846571549530235084187602.png,outputs/luna16_saliency_synthetic_detector_top5_minprob0.5/1.3.6.1.4.1.14519.5.2.1.6279.6001.334184846571549530235084187602/surface_grid_float_1.3.6.1.4.1.14519.5.2.1.6279.6001.334184846571549530235084187602.npy,0.633515559293524,0.3028247058391571,0.2285967767238617,0.8235294222831726,1.7552261352539062,0.449582040309906,0.03492310345172882,0.04315066762268543,0.0610516332089901,0.3543873131275177,13,5,8,0.0,0.005007424283276001,good_or_low_review,878
detector_top5,1.3.6.1.4.1.14519.5.2.1.6279.6001.219281726101239572270900838145,outputs/luna16_saliency_synthetic_detector_top5_minprob0.5/1.3.6.1.4.1.14519.5.2.1.6279.6001.219281726101239572270900838145/surface_1.3.6.1.4.1.14519.5.2.1.6279.6001.219281726101239572270900838145.png,outputs/luna16_saliency_synthetic_detector_top5_minprob0.5/1.3.6.1.4.1.14519.5.2.1.6279.6001.219281726101239572270900838145/surface_grid_float_1.3.6.1.4.1.14519.5.2.1.6279.6001.219281726101239572270900838145.npy,0.5787213371752834,0.315790593624115,0.20322109758853912,0.8196078538894653,1.8665771484375,0.4870305359363556,0.030456639640033232,0.037359457314014445,0.05587939918041229,0.30398187041282654,13,5,8,0.0,0.004907260901066992,good_or_low_review,879
detector_top5,1.3.6.1.4.1.14519.5.2.1.6279.6001.209269973797560820442292189762,outputs/luna16_saliency_synthetic_detector_top5_minprob0.5/1.3.6.1.4.1.14519.5.2.1.6279.6001.209269973797560820442292189762/surface_1.3.6.1.4.1.14519.5.2.1.6279.6001.209269973797560820442292189762.png,outputs/luna16_saliency_synthetic_detector_top5_minprob0.5/1.3.6.1.4.1.14519.5.2.1.6279.6001.209269973797560820442292189762/surface_grid_float_1.3.6.1.4.1.14519.5.2.1.6279.6001.209269973797560820442292189762.npy,0.5182492720954259,0.47432687878608704,0.22178499400615692,1.0,1.6727981567382812,0.4187247157096863,0.035022320598363875,0.04190998345613479,0.05822143703699112,0.28960686922073364,13,5,8,0.0,0.004688867252071698,good_or_low_review,880
detector_top5,1.3.6.1.4.1.14519.5.2.1.6279.6001.120196332569034738680965284519,outputs/luna16_saliency_synthetic_detector_top5_minprob0.5/1.3.6.1.4.1.14519.5.2.1.6279.6001.120196332569034738680965284519/surface_1.3.6.1.4.1.14519.5.2.1.6279.6001.120196332569034738680965284519.png,outputs/luna16_saliency_synthetic_detector_top5_minprob0.5/1.3.6.1.4.1.14519.5.2.1.6279.6001.120196332569034738680965284519/surface_grid_float_1.3.6.1.4.1.14519.5.2.1.6279.6001.120196332569034738680965284519.npy,0.6291659520951237,0.3337145745754242,0.2308802604675293,0.8196078538894653,1.831939697265625,0.49429380893707275,0.02725061066448689,0.032076121419668195,0.04457049071788788,0.2992582619190216,13,5,8,0.0,0.004680534831186135,good_or_low_review,881
detector_top5,1.3.6.1.4.1.14519.5.2.1.6279.6001.311236942972970815890902714604,outputs/luna16_saliency_synthetic_detector_top5_minprob0.5/1.3.6.1.4.1.14519.5.2.1.6279.6001.311236942972970815890902714604/surface_1.3.6.1.4.1.14519.5.2.1.6279.6001.311236942972970815890902714604.png,outputs/luna16_saliency_synthetic_detector_top5_minprob0.5/1.3.6.1.4.1.14519.5.2.1.6279.6001.311236942972970815890902714604/surface_grid_float_1.3.6.1.4.1.14519.5.2.1.6279.6001.311236942972970815890902714604.npy,0.3566247093317157,0.447104811668396,0.24889923632144928,0.9098039269447327,2.1481094360351562,0.47862741351127625,0.019286496378481385,0.02194076875224709,0.0345231257379055,0.17856311798095703,13,5,8,0.0,0.004635212384805911,good_or_low_review,882
detector_top5,1.3.6.1.4.1.14519.5.2.1.6279.6001.304700823314998198591652152637,outputs/luna16_saliency_synthetic_detector_top5_minprob0.5/1.3.6.1.4.1.14519.5.2.1.6279.6001.304700823314998198591652152637/surface_1.3.6.1.4.1.14519.5.2.1.6279.6001.304700823314998198591652152637.png,outputs/luna16_saliency_synthetic_detector_top5_minprob0.5/1.3.6.1.4.1.14519.5.2.1.6279.6001.304700823314998198591652152637/surface_grid_float_1.3.6.1.4.1.14519.5.2.1.6279.6001.304700823314998198591652152637.npy,0.38077326147166707,0.4454735815525055,0.25114867091178894,0.929411768913269,1.6481094360351562,0.4093111455440521,0.033412094227969646,0.040668689087033284,0.05327846109867096,0.27594253420829773,13,5,8,0.0,0.004580115364243587,good_or_low_review,883
detector_top5,1.3.6.1.4.1.14519.5.2.1.6279.6001.250438451287314206124484591986,outputs/luna16_saliency_synthetic_detector_top5_minprob0.5/1.3.6.1.4.1.14519.5.2.1.6279.6001.250438451287314206124484591986/surface_1.3.6.1.4.1.14519.5.2.1.6279.6001.250438451287314206124484591986.png,outputs/luna16_saliency_synthetic_detector_top5_minprob0.5/1.3.6.1.4.1.14519.5.2.1.6279.6001.250438451287314206124484591986/surface_grid_float_1.3.6.1.4.1.14519.5.2.1.6279.6001.250438451287314206124484591986.npy,0.628838959227241,0.35195890069007874,0.2279660999774933,1.0,1.5125160217285156,0.4221310317516327,0.03623217158019543,0.0438701618462801,0.061822351068258286,0.26317712664604187,13,5,8,0.0,0.004421802950816022,good_or_low_review,884
detector_top5,1.3.6.1.4.1.14519.5.2.1.6279.6001.404768898286087278137462774930,outputs/luna16_saliency_synthetic_detector_top5_minprob0.5/1.3.6.1.4.1.14519.5.2.1.6279.6001.404768898286087278137462774930/surface_1.3.6.1.4.1.14519.5.2.1.6279.6001.404768898286087278137462774930.png,outputs/luna16_saliency_synthetic_detector_top5_minprob0.5/1.3.6.1.4.1.14519.5.2.1.6279.6001.404768898286087278137462774930/surface_grid_float_1.3.6.1.4.1.14519.5.2.1.6279.6001.404768898286087278137462774930.npy,0.48622859231411864,0.4229291081428528,0.2383778840303421,0.9098039269447327,1.5857658386230469,0.43232765793800354,0.028987525682896365,0.035274878405034515,0.048595305532217026,0.28901663422584534,13,5,8,0.0,0.004343448603691325,good_or_low_review,885
detector_top5,1.3.6.1.4.1.14519.5.2.1.6279.6001.119304665257760307862874140576,outputs/luna16_saliency_synthetic_detector_top5_minprob0.5/1.3.6.1.4.1.14519.5.2.1.6279.6001.119304665257760307862874140576/surface_1.3.6.1.4.1.14519.5.2.1.6279.6001.119304665257760307862874140576.png,outputs/luna16_saliency_synthetic_detector_top5_minprob0.5/1.3.6.1.4.1.14519.5.2.1.6279.6001.119304665257760307862874140576/surface_grid_float_1.3.6.1.4.1.14519.5.2.1.6279.6001.119304665257760307862874140576.npy,0.504531189393138,0.4316008687019348,0.2577349543571472,0.9529411792755127,1.4957427978515625,0.3818352520465851,0.029760083556175227,0.03519988015294075,0.04905334487557411,0.21930892765522003,13,5,8,0.0,0.004036254240241315,good_or_low_review,886
detector_top5,1.3.6.1.4.1.14519.5.2.1.6279.6001.323753921818102744511069914832,outputs/luna16_saliency_synthetic_detector_top5_minprob0.5/1.3.6.1.4.1.14519.5.2.1.6279.6001.323753921818102744511069914832/surface_1.3.6.1.4.1.14519.5.2.1.6279.6001.323753921818102744511069914832.png,outputs/luna16_saliency_synthetic_detector_top5_minprob0.5/1.3.6.1.4.1.14519.5.2.1.6279.6001.323753921818102744511069914832/surface_grid_float_1.3.6.1.4.1.14519.5.2.1.6279.6001.323753921818102744511069914832.npy,0.4469615945551774,0.429349422454834,0.24248984456062317,0.9813725501298904,1.2503433227539062,0.34214797616004944,0.02040602164343,0.024466653577983385,0.03378251940011978,0.21392850577831268,13,5,8,0.0,0.0032933018247700402,good_or_low_review,887
detector_top5,1.3.6.1.4.1.14519.5.2.1.6279.6001.130765375502800983459674173881,outputs/luna16_saliency_synthetic_detector_top5_minprob0.5/1.3.6.1.4.1.14519.5.2.1.6279.6001.130765375502800983459674173881/surface_1.3.6.1.4.1.14519.5.2.1.6279.6001.130765375502800983459674173881.png,outputs/luna16_saliency_synthetic_detector_top5_minprob0.5/1.3.6.1.4.1.14519.5.2.1.6279.6001.130765375502800983459674173881/surface_grid_float_1.3.6.1.4.1.14519.5.2.1.6279.6001.130765375502800983459674173881.npy,0.4633770953864412,0.4931202232837677,0.23021313548088074,0.843137264251709,1.0417594909667969,0.24730707705020905,0.02340238345786926,0.029611098598688813,0.04369519278407097,0.17187638580799103,13,5,8,0.0,0.0030065463002564166,good_or_low_review,888
