seriesuid,png,grid,foreground_fraction,foreground_mean,foreground_std,image_p99,z_range,z_std,grad_p95,grad_p99,grad_max,edge_z_std,control_points,control_labels,anchor_labels,control_z_range,pseudo_region_count,qc_badness,qc_rank_worst_no_nodule
1.3.6.1.4.1.14519.5.2.1.6279.6001.111780708132595903430640048766,outputs/luna16_saliency_synthetic_gt/1.3.6.1.4.1.14519.5.2.1.6279.6001.111780708132595903430640048766/surface_1.3.6.1.4.1.14519.5.2.1.6279.6001.111780708132595903430640048766.png,outputs/luna16_saliency_synthetic_gt/1.3.6.1.4.1.14519.5.2.1.6279.6001.111780708132595903430640048766/surface_grid_float_1.3.6.1.4.1.14519.5.2.1.6279.6001.111780708132595903430640048766.npy,0.4817220876458929,0.321899801492691,0.2423170506954193,1.0,322.424560546875,67.52570343017578,4.162479805946348,10.119209146499747,78.47962188720703,31.38435935974121,28,20,8,104.0,4,0.9106935627725424,1
1.3.6.1.4.1.14519.5.2.1.6279.6001.331211682377519763144559212009,outputs/luna16_saliency_synthetic_gt/1.3.6.1.4.1.14519.5.2.1.6279.6001.331211682377519763144559212009/surface_1.3.6.1.4.1.14519.5.2.1.6279.6001.331211682377519763144559212009.png,outputs/luna16_saliency_synthetic_gt/1.3.6.1.4.1.14519.5.2.1.6279.6001.331211682377519763144559212009/surface_grid_float_1.3.6.1.4.1.14519.5.2.1.6279.6001.331211682377519763144559212009.npy,0.3843386828998339,0.3769816160202026,0.2356668710708618,0.9254902005195618,257.4156494140625,45.80836486816406,5.012636661529541,13.43077149391178,50.59560775756836,34.55741500854492,18,10,8,78.0,2,0.9087434827486685,2
1.3.6.1.4.1.14519.5.2.1.6279.6001.116703382344406837243058680403,outputs/luna16_saliency_synthetic_gt/1.3.6.1.4.1.14519.5.2.1.6279.6001.116703382344406837243058680403/surface_1.3.6.1.4.1.14519.5.2.1.6279.6001.116703382344406837243058680403.png,outputs/luna16_saliency_synthetic_gt/1.3.6.1.4.1.14519.5.2.1.6279.6001.116703382344406837243058680403/surface_grid_float_1.3.6.1.4.1.14519.5.2.1.6279.6001.116703382344406837243058680403.npy,0.5943282058759204,0.3422382473945617,0.2531059384346008,1.0,290.0,55.91830062866211,3.3248806476593007,8.584789810180697,36.23810958862305,21.34427833557129,18,10,8,140.0,2,0.788308757273357,3
1.3.6.1.4.1.14519.5.2.1.6279.6001.307946352302138765071461362398,outputs/luna16_saliency_synthetic_gt/1.3.6.1.4.1.14519.5.2.1.6279.6001.307946352302138765071461362398/surface_1.3.6.1.4.1.14519.5.2.1.6279.6001.307946352302138765071461362398.png,outputs/luna16_saliency_synthetic_gt/1.3.6.1.4.1.14519.5.2.1.6279.6001.307946352302138765071461362398/surface_grid_float_1.3.6.1.4.1.14519.5.2.1.6279.6001.307946352302138765071461362398.npy,0.5941483936766956,0.3401241600513458,0.2424048483371734,1.0,203.1791076660156,31.454851150512695,3.0314664721488933,7.273644814491247,17.639331817626953,23.19674301147461,33,25,8,130.0,5,0.6083895083480404,4
1.3.6.1.4.1.14519.5.2.1.6279.6001.100684836163890911914061745866,outputs/luna16_saliency_synthetic_gt/1.3.6.1.4.1.14519.5.2.1.6279.6001.100684836163890911914061745866/surface_1.3.6.1.4.1.14519.5.2.1.6279.6001.100684836163890911914061745866.png,outputs/luna16_saliency_synthetic_gt/1.3.6.1.4.1.14519.5.2.1.6279.6001.100684836163890911914061745866/surface_grid_float_1.3.6.1.4.1.14519.5.2.1.6279.6001.100684836163890911914061745866.npy,0.6419223300970873,0.3183849155902862,0.2301759123802185,0.886274516582489,175.97366333007812,21.6846981048584,2.745949673652648,8.038300533294723,39.010986328125,9.592792510986328,38,30,8,125.0,6,0.555755771573386,5
1.3.6.1.4.1.14519.5.2.1.6279.6001.286061375572911414226912429210,outputs/luna16_saliency_synthetic_gt/1.3.6.1.4.1.14519.5.2.1.6279.6001.286061375572911414226912429210/surface_1.3.6.1.4.1.14519.5.2.1.6279.6001.286061375572911414226912429210.png,outputs/luna16_saliency_synthetic_gt/1.3.6.1.4.1.14519.5.2.1.6279.6001.286061375572911414226912429210/surface_grid_float_1.3.6.1.4.1.14519.5.2.1.6279.6001.286061375572911414226912429210.npy,0.6771309685658963,0.3587306439876556,0.2471628338098526,1.0,158.21981811523438,27.99103546142578,2.6812722086906433,7.254453420639067,16.014944076538086,20.992591857910156,43,35,8,124.0,7,0.5279835036065852,6
1.3.6.1.4.1.14519.5.2.1.6279.6001.306112617218006614029386065035,outputs/luna16_saliency_synthetic_gt/1.3.6.1.4.1.14519.5.2.1.6279.6001.306112617218006614029386065035/surface_1.3.6.1.4.1.14519.5.2.1.6279.6001.306112617218006614029386065035.png,outputs/luna16_saliency_synthetic_gt/1.3.6.1.4.1.14519.5.2.1.6279.6001.306112617218006614029386065035/surface_grid_float_1.3.6.1.4.1.14519.5.2.1.6279.6001.306112617218006614029386065035.npy,0.5217970561483968,0.3195924460887909,0.2232917696237564,0.8588235378265381,163.8870391845703,33.87179183959961,2.937122344970703,6.352292060852026,18.7426700592041,19.906633377075195,48,40,8,115.0,8,0.5079507901933451,7
1.3.6.1.4.1.14519.5.2.1.6279.6001.264090899378396711987322794314,outputs/luna16_saliency_synthetic_gt/1.3.6.1.4.1.14519.5.2.1.6279.6001.264090899378396711987322794314/surface_1.3.6.1.4.1.14519.5.2.1.6279.6001.264090899378396711987322794314.png,outputs/luna16_saliency_synthetic_gt/1.3.6.1.4.1.14519.5.2.1.6279.6001.264090899378396711987322794314/surface_grid_float_1.3.6.1.4.1.14519.5.2.1.6279.6001.264090899378396711987322794314.npy,0.614032326602559,0.3447312712669372,0.2233498245477676,0.9215686321258544,177.08206176757812,31.170238494873047,3.291579604148864,5.600187482833863,11.72971534729004,16.271203994750977,23,15,8,154.0,3,0.4993006251970927,8
1.3.6.1.4.1.14519.5.2.1.6279.6001.229664630348267553620068691756,outputs/luna16_saliency_synthetic_gt/1.3.6.1.4.1.14519.5.2.1.6279.6001.229664630348267553620068691756/surface_1.3.6.1.4.1.14519.5.2.1.6279.6001.229664630348267553620068691756.png,outputs/luna16_saliency_synthetic_gt/1.3.6.1.4.1.14519.5.2.1.6279.6001.229664630348267553620068691756/surface_grid_float_1.3.6.1.4.1.14519.5.2.1.6279.6001.229664630348267553620068691756.npy,0.5568587063453025,0.322297066450119,0.2296934872865677,0.9686274528503418,144.81759643554688,25.339181900024418,3.313357353210449,7.140164971351621,37.754417419433594,10.524982452392578,53,45,8,92.0,9,0.4789564597606658,9
1.3.6.1.4.1.14519.5.2.1.6279.6001.203741923654363010377298352671,outputs/luna16_saliency_synthetic_gt/1.3.6.1.4.1.14519.5.2.1.6279.6001.203741923654363010377298352671/surface_1.3.6.1.4.1.14519.5.2.1.6279.6001.203741923654363010377298352671.png,outputs/luna16_saliency_synthetic_gt/1.3.6.1.4.1.14519.5.2.1.6279.6001.203741923654363010377298352671/surface_grid_float_1.3.6.1.4.1.14519.5.2.1.6279.6001.203741923654363010377298352671.npy,0.6491237779007564,0.3158768713474273,0.2312445193529129,0.929411768913269,143.48422241210938,25.542802810668945,3.096600008010864,6.345433163642866,15.753843307495115,16.10943031311035,33,25,8,93.0,5,0.4653020996252691,10
1.3.6.1.4.1.14519.5.2.1.6279.6001.237915456403882324748189195892,outputs/luna16_saliency_synthetic_gt/1.3.6.1.4.1.14519.5.2.1.6279.6001.237915456403882324748189195892/surface_1.3.6.1.4.1.14519.5.2.1.6279.6001.237915456403882324748189195892.png,outputs/luna16_saliency_synthetic_gt/1.3.6.1.4.1.14519.5.2.1.6279.6001.237915456403882324748189195892/surface_grid_float_1.3.6.1.4.1.14519.5.2.1.6279.6001.237915456403882324748189195892.npy,0.6679534683326153,0.3180840909481048,0.2250842899084091,0.8823529481887817,161.5723876953125,22.191160202026367,2.833980369567871,5.342795886993408,25.39988899230957,9.592470169067385,43,35,8,108.0,7,0.4508877898110283,11
1.3.6.1.4.1.14519.5.2.1.6279.6001.124656777236468248920498636247,outputs/luna16_saliency_synthetic_gt/1.3.6.1.4.1.14519.5.2.1.6279.6001.124656777236468248920498636247/surface_1.3.6.1.4.1.14519.5.2.1.6279.6001.124656777236468248920498636247.png,outputs/luna16_saliency_synthetic_gt/1.3.6.1.4.1.14519.5.2.1.6279.6001.124656777236468248920498636247/surface_grid_float_1.3.6.1.4.1.14519.5.2.1.6279.6001.124656777236468248920498636247.npy,0.4923099180911681,0.3462656438350677,0.2187549769878387,0.9372549057006836,140.23330688476562,18.647924423217773,2.026214122772217,5.475799226760864,34.96870422363281,7.312033653259277,38,30,8,77.0,6,0.4142451186180114,12
1.3.6.1.4.1.14519.5.2.1.6279.6001.139444426690868429919252698606,outputs/luna16_saliency_synthetic_gt/1.3.6.1.4.1.14519.5.2.1.6279.6001.139444426690868429919252698606/surface_1.3.6.1.4.1.14519.5.2.1.6279.6001.139444426690868429919252698606.png,outputs/luna16_saliency_synthetic_gt/1.3.6.1.4.1.14519.5.2.1.6279.6001.139444426690868429919252698606/surface_grid_float_1.3.6.1.4.1.14519.5.2.1.6279.6001.139444426690868429919252698606.npy,0.6080175438596491,0.3397930860519409,0.2436408251523971,1.0,134.5960693359375,30.255237579345703,1.7543494880199433,5.013125433921824,18.433021545410156,13.658896446228027,33,25,8,120.0,5,0.4050736484580572,13
1.3.6.1.4.1.14519.5.2.1.6279.6001.248360766706804179966476685510,outputs/luna16_saliency_synthetic_gt/1.3.6.1.4.1.14519.5.2.1.6279.6001.248360766706804179966476685510/surface_1.3.6.1.4.1.14519.5.2.1.6279.6001.248360766706804179966476685510.png,outputs/luna16_saliency_synthetic_gt/1.3.6.1.4.1.14519.5.2.1.6279.6001.248360766706804179966476685510/surface_grid_float_1.3.6.1.4.1.14519.5.2.1.6279.6001.248360766706804179966476685510.npy,0.5975750148544267,0.382254421710968,0.2411184757947921,1.0,140.03256225585938,17.942068099975586,2.2867692708969116,5.087821245193475,15.701201438903809,5.187944412231445,53,45,8,123.0,9,0.3975510064760842,14
1.3.6.1.4.1.14519.5.2.1.6279.6001.232058316950007760548968840196,outputs/luna16_saliency_synthetic_gt/1.3.6.1.4.1.14519.5.2.1.6279.6001.232058316950007760548968840196/surface_1.3.6.1.4.1.14519.5.2.1.6279.6001.232058316950007760548968840196.png,outputs/luna16_saliency_synthetic_gt/1.3.6.1.4.1.14519.5.2.1.6279.6001.232058316950007760548968840196/surface_grid_float_1.3.6.1.4.1.14519.5.2.1.6279.6001.232058316950007760548968840196.npy,0.5044375216337833,0.3479750752449035,0.2406280040740966,0.9960784316062928,128.20249938964844,25.104822158813477,1.4479133844375611,4.477581996917688,22.41912078857422,22.15619850158691,23,15,8,51.0,3,0.3972342888938044,15
1.3.6.1.4.1.14519.5.2.1.6279.6001.177985905159808659201278495182,outputs/luna16_saliency_synthetic_gt/1.3.6.1.4.1.14519.5.2.1.6279.6001.177985905159808659201278495182/surface_1.3.6.1.4.1.14519.5.2.1.6279.6001.177985905159808659201278495182.png,outputs/luna16_saliency_synthetic_gt/1.3.6.1.4.1.14519.5.2.1.6279.6001.177985905159808659201278495182/surface_grid_float_1.3.6.1.4.1.14519.5.2.1.6279.6001.177985905159808659201278495182.npy,0.5886421043463113,0.3632974624633789,0.2483408600091934,0.9533333361148776,118.8194808959961,22.10287857055664,2.0217470169067373,4.776894664764401,14.224528312683104,12.341818809509276,38,30,8,81.0,6,0.3687655721240572,16
1.3.6.1.4.1.14519.5.2.1.6279.6001.333319057944372470283038483725,outputs/luna16_saliency_synthetic_gt/1.3.6.1.4.1.14519.5.2.1.6279.6001.333319057944372470283038483725/surface_1.3.6.1.4.1.14519.5.2.1.6279.6001.333319057944372470283038483725.png,outputs/luna16_saliency_synthetic_gt/1.3.6.1.4.1.14519.5.2.1.6279.6001.333319057944372470283038483725/surface_grid_float_1.3.6.1.4.1.14519.5.2.1.6279.6001.333319057944372470283038483725.npy,0.5151188558834571,0.3016743957996368,0.2278257608413696,0.9254902005195618,129.19485473632812,29.46480369567871,1.4840252280235278,2.957789626121523,9.564794540405272,16.277299880981445,33,25,8,120.0,5,0.340230224190818,17
1.3.6.1.4.1.14519.5.2.1.6279.6001.203179378754043776171267611064,outputs/luna16_saliency_synthetic_gt/1.3.6.1.4.1.14519.5.2.1.6279.6001.203179378754043776171267611064/surface_1.3.6.1.4.1.14519.5.2.1.6279.6001.203179378754043776171267611064.png,outputs/luna16_saliency_synthetic_gt/1.3.6.1.4.1.14519.5.2.1.6279.6001.203179378754043776171267611064/surface_grid_float_1.3.6.1.4.1.14519.5.2.1.6279.6001.203179378754043776171267611064.npy,0.5762097551571236,0.3641134798526764,0.2444681972265243,1.0,118.26644897460938,26.985759735107425,1.6041039288043963,3.744063692092892,8.21988296508789,12.858391761779783,23,15,8,100.0,3,0.3380068629688686,18
1.3.6.1.4.1.14519.5.2.1.6279.6001.910757789941076242457816491305,outputs/luna16_saliency_synthetic_gt/1.3.6.1.4.1.14519.5.2.1.6279.6001.910757789941076242457816491305/surface_1.3.6.1.4.1.14519.5.2.1.6279.6001.910757789941076242457816491305.png,outputs/luna16_saliency_synthetic_gt/1.3.6.1.4.1.14519.5.2.1.6279.6001.910757789941076242457816491305/surface_grid_float_1.3.6.1.4.1.14519.5.2.1.6279.6001.910757789941076242457816491305.npy,0.5865458170101301,0.3217567801475525,0.2161019742488861,0.9176470637321472,121.3458251953125,22.49062728881836,1.3429193675518027,3.881667647361754,12.600186347961426,8.654085159301758,23,15,8,63.0,3,0.337924371767044,19
1.3.6.1.4.1.14519.5.2.1.6279.6001.184019785706727365023450012318,outputs/luna16_saliency_synthetic_gt/1.3.6.1.4.1.14519.5.2.1.6279.6001.184019785706727365023450012318/surface_1.3.6.1.4.1.14519.5.2.1.6279.6001.184019785706727365023450012318.png,outputs/luna16_saliency_synthetic_gt/1.3.6.1.4.1.14519.5.2.1.6279.6001.184019785706727365023450012318/surface_grid_float_1.3.6.1.4.1.14519.5.2.1.6279.6001.184019785706727365023450012318.npy,0.6381696745772346,0.3080053925514221,0.2201594412326812,0.8507058912515651,135.479736328125,26.971033096313477,1.5409214913845064,2.14905686616897,5.400078296661377,17.12445831298828,48,40,8,107.0,8,0.3283256183385847,20
1.3.6.1.4.1.14519.5.2.1.6279.6001.148935306123327835217659769212,outputs/luna16_saliency_synthetic_gt/1.3.6.1.4.1.14519.5.2.1.6279.6001.148935306123327835217659769212/surface_1.3.6.1.4.1.14519.5.2.1.6279.6001.148935306123327835217659769212.png,outputs/luna16_saliency_synthetic_gt/1.3.6.1.4.1.14519.5.2.1.6279.6001.148935306123327835217659769212/surface_grid_float_1.3.6.1.4.1.14519.5.2.1.6279.6001.148935306123327835217659769212.npy,0.6467576516191553,0.3283323943614959,0.2289810627698898,0.9607843160629272,106.2082748413086,24.266881942749023,1.8557890653610212,3.935978131294251,8.469449043273926,12.925207138061523,53,45,8,96.0,9,0.3238158178700341,21
1.3.6.1.4.1.14519.5.2.1.6279.6001.315918264676377418120578391325,outputs/luna16_saliency_synthetic_gt/1.3.6.1.4.1.14519.5.2.1.6279.6001.315918264676377418120578391325/surface_1.3.6.1.4.1.14519.5.2.1.6279.6001.315918264676377418120578391325.png,outputs/luna16_saliency_synthetic_gt/1.3.6.1.4.1.14519.5.2.1.6279.6001.315918264676377418120578391325/surface_grid_float_1.3.6.1.4.1.14519.5.2.1.6279.6001.315918264676377418120578391325.npy,0.5258985733729898,0.3365216851234436,0.2316601425409317,0.9372549057006836,136.73617553710938,32.836360931396484,1.1750098824501034,1.604870417118072,1.8857015371322632,20.61294174194336,18,10,8,134.0,2,0.321846275613043,22
1.3.6.1.4.1.14519.5.2.1.6279.6001.188484197846284733942365679565,outputs/luna16_saliency_synthetic_gt/1.3.6.1.4.1.14519.5.2.1.6279.6001.188484197846284733942365679565/surface_1.3.6.1.4.1.14519.5.2.1.6279.6001.188484197846284733942365679565.png,outputs/luna16_saliency_synthetic_gt/1.3.6.1.4.1.14519.5.2.1.6279.6001.188484197846284733942365679565/surface_grid_float_1.3.6.1.4.1.14519.5.2.1.6279.6001.188484197846284733942365679565.npy,0.5773173530536785,0.332206130027771,0.2207656651735305,0.9215686321258544,107.24156188964844,27.15360641479492,1.5956434071063998,2.9463097262382534,19.175466537475582,17.174774169921875,43,35,8,104.0,7,0.3052913930919436,23
1.3.6.1.4.1.14519.5.2.1.6279.6001.222087811960706096424718056430,outputs/luna16_saliency_synthetic_gt/1.3.6.1.4.1.14519.5.2.1.6279.6001.222087811960706096424718056430/surface_1.3.6.1.4.1.14519.5.2.1.6279.6001.222087811960706096424718056430.png,outputs/luna16_saliency_synthetic_gt/1.3.6.1.4.1.14519.5.2.1.6279.6001.222087811960706096424718056430/surface_grid_float_1.3.6.1.4.1.14519.5.2.1.6279.6001.222087811960706096424718056430.npy,0.5363261582130909,0.3372839391231537,0.2390586137771606,0.9607843160629272,104.59075927734376,22.06028175354004,1.4236713349819183,3.64515762329102,5.1193366050720215,9.352632522583008,23,15,8,90.0,3,0.3044562886555991,24
1.3.6.1.4.1.14519.5.2.1.6279.6001.308183340111270052562662456038,outputs/luna16_saliency_synthetic_gt/1.3.6.1.4.1.14519.5.2.1.6279.6001.308183340111270052562662456038/surface_1.3.6.1.4.1.14519.5.2.1.6279.6001.308183340111270052562662456038.png,outputs/luna16_saliency_synthetic_gt/1.3.6.1.4.1.14519.5.2.1.6279.6001.308183340111270052562662456038/surface_grid_float_1.3.6.1.4.1.14519.5.2.1.6279.6001.308183340111270052562662456038.npy,0.6119885139985642,0.3490943014621734,0.2361634820699691,0.9176470637321472,100.30335998535156,22.099233627319336,1.4239320278167724,3.5965164113044725,4.960707664489746,11.343920707702637,18,10,8,90.0,2,0.3002764716651703,25
1.3.6.1.4.1.14519.5.2.1.6279.6001.596908385953413160131451426904,outputs/luna16_saliency_synthetic_gt/1.3.6.1.4.1.14519.5.2.1.6279.6001.596908385953413160131451426904/surface_1.3.6.1.4.1.14519.5.2.1.6279.6001.596908385953413160131451426904.png,outputs/luna16_saliency_synthetic_gt/1.3.6.1.4.1.14519.5.2.1.6279.6001.596908385953413160131451426904/surface_grid_float_1.3.6.1.4.1.14519.5.2.1.6279.6001.596908385953413160131451426904.npy,0.5646640897212544,0.3153521120548248,0.232102945446968,0.9770196092128732,113.49510955810548,23.195941925048828,1.3517501771450036,3.1989170074462887,4.434791564941406,6.1173577308654785,18,10,8,104.0,2,0.2987201544443766,26
1.3.6.1.4.1.14519.5.2.1.6279.6001.100332161840553388986847034053,outputs/luna16_saliency_synthetic_gt/1.3.6.1.4.1.14519.5.2.1.6279.6001.100332161840553388986847034053/surface_1.3.6.1.4.1.14519.5.2.1.6279.6001.100332161840553388986847034053.png,outputs/luna16_saliency_synthetic_gt/1.3.6.1.4.1.14519.5.2.1.6279.6001.100332161840553388986847034053/surface_grid_float_1.3.6.1.4.1.14519.5.2.1.6279.6001.100332161840553388986847034053.npy,0.5506624029237095,0.3651326298713684,0.2280482649803161,0.9516078460216516,95.5488510131836,22.610641479492188,1.670739555358885,3.610347385406497,9.582072257995604,8.801313400268555,23,15,8,75.0,3,0.2871169808069866,27
1.3.6.1.4.1.14519.5.2.1.6279.6001.306140003699110313373771452136,outputs/luna16_saliency_synthetic_gt/1.3.6.1.4.1.14519.5.2.1.6279.6001.306140003699110313373771452136/surface_1.3.6.1.4.1.14519.5.2.1.6279.6001.306140003699110313373771452136.png,outputs/luna16_saliency_synthetic_gt/1.3.6.1.4.1.14519.5.2.1.6279.6001.306140003699110313373771452136/surface_grid_float_1.3.6.1.4.1.14519.5.2.1.6279.6001.306140003699110313373771452136.npy,0.5614713425872224,0.3405367136001587,0.2145842462778091,0.8901960849761963,107.92073059082033,17.10355567932129,1.0184252023696887,2.70198073387146,9.679781913757324,8.4343900680542,18,10,8,78.0,2,0.2796703953742981,28
1.3.6.1.4.1.14519.5.2.1.6279.6001.223650122819238796121876338881,outputs/luna16_saliency_synthetic_gt/1.3.6.1.4.1.14519.5.2.1.6279.6001.223650122819238796121876338881/surface_1.3.6.1.4.1.14519.5.2.1.6279.6001.223650122819238796121876338881.png,outputs/luna16_saliency_synthetic_gt/1.3.6.1.4.1.14519.5.2.1.6279.6001.223650122819238796121876338881/surface_grid_float_1.3.6.1.4.1.14519.5.2.1.6279.6001.223650122819238796121876338881.npy,0.5388890927101295,0.371015191078186,0.233580470085144,0.9490196108818054,106.81946563720705,22.880298614501953,1.4898313760757438,2.584463684558872,3.1060173511505127,7.808542251586914,23,15,8,100.0,3,0.2729186693800821,29
1.3.6.1.4.1.14519.5.2.1.6279.6001.313756547848086902190878548835,outputs/luna16_saliency_synthetic_gt/1.3.6.1.4.1.14519.5.2.1.6279.6001.313756547848086902190878548835/surface_1.3.6.1.4.1.14519.5.2.1.6279.6001.313756547848086902190878548835.png,outputs/luna16_saliency_synthetic_gt/1.3.6.1.4.1.14519.5.2.1.6279.6001.313756547848086902190878548835/surface_grid_float_1.3.6.1.4.1.14519.5.2.1.6279.6001.313756547848086902190878548835.npy,0.6514856683963429,0.3141385316848755,0.2242667973041534,0.9607843160629272,116.50933837890624,24.622007369995117,1.194062268733978,1.3719218063354488,1.431663990020752,15.175564765930176,18,10,8,115.0,2,0.2690633620791965,30
1.3.6.1.4.1.14519.5.2.1.6279.6001.339484970190920330170416228517,outputs/luna16_saliency_synthetic_gt/1.3.6.1.4.1.14519.5.2.1.6279.6001.339484970190920330170416228517/surface_1.3.6.1.4.1.14519.5.2.1.6279.6001.339484970190920330170416228517.png,outputs/luna16_saliency_synthetic_gt/1.3.6.1.4.1.14519.5.2.1.6279.6001.339484970190920330170416228517/surface_grid_float_1.3.6.1.4.1.14519.5.2.1.6279.6001.339484970190920330170416228517.npy,0.5959529126347421,0.3207986354827881,0.2309478968381881,0.95686274766922,106.0908660888672,23.256837844848633,0.9890999495983124,1.9097863018512735,2.930678606033325,11.288182258605955,28,20,8,101.0,4,0.259196548667219,31
1.3.6.1.4.1.14519.5.2.1.6279.6001.286647622786041008124419915089,outputs/luna16_saliency_synthetic_gt/1.3.6.1.4.1.14519.5.2.1.6279.6001.286647622786041008124419915089/surface_1.3.6.1.4.1.14519.5.2.1.6279.6001.286647622786041008124419915089.png,outputs/luna16_saliency_synthetic_gt/1.3.6.1.4.1.14519.5.2.1.6279.6001.286647622786041008124419915089/surface_grid_float_1.3.6.1.4.1.14519.5.2.1.6279.6001.286647622786041008124419915089.npy,0.5300665241149917,0.3015138208866119,0.2298164069652557,0.9090196132660028,116.0451202392578,27.58225440979004,0.9616665571928024,1.0465498650074003,1.14874267578125,14.388495445251465,18,10,8,114.0,2,0.2567794640050994,32
1.3.6.1.4.1.14519.5.2.1.6279.6001.398955972049286139436103068984,outputs/luna16_saliency_synthetic_gt/1.3.6.1.4.1.14519.5.2.1.6279.6001.398955972049286139436103068984/surface_1.3.6.1.4.1.14519.5.2.1.6279.6001.398955972049286139436103068984.png,outputs/luna16_saliency_synthetic_gt/1.3.6.1.4.1.14519.5.2.1.6279.6001.398955972049286139436103068984/surface_grid_float_1.3.6.1.4.1.14519.5.2.1.6279.6001.398955972049286139436103068984.npy,0.4144331763853676,0.4396023154258728,0.2183387130498886,0.9686274528503418,90.15320587158205,11.455056190490724,1.3267095386981964,2.9449501633644104,18.297054290771484,5.721952438354492,18,10,8,22.0,2,0.2513192978832456,33
1.3.6.1.4.1.14519.5.2.1.6279.6001.330643702676971528301859647742,outputs/luna16_saliency_synthetic_gt/1.3.6.1.4.1.14519.5.2.1.6279.6001.330643702676971528301859647742/surface_1.3.6.1.4.1.14519.5.2.1.6279.6001.330643702676971528301859647742.png,outputs/luna16_saliency_synthetic_gt/1.3.6.1.4.1.14519.5.2.1.6279.6001.330643702676971528301859647742/surface_grid_float_1.3.6.1.4.1.14519.5.2.1.6279.6001.330643702676971528301859647742.npy,0.5993630573248407,0.317570149898529,0.230039969086647,0.8980392217636108,93.81812286376952,15.689990043640137,1.0200805604457857,2.200868992805484,3.0248448848724365,11.036331176757812,28,20,8,89.0,4,0.2469147882832421,34
1.3.6.1.4.1.14519.5.2.1.6279.6001.325580698241281352835338693869,outputs/luna16_saliency_synthetic_gt/1.3.6.1.4.1.14519.5.2.1.6279.6001.325580698241281352835338693869/surface_1.3.6.1.4.1.14519.5.2.1.6279.6001.325580698241281352835338693869.png,outputs/luna16_saliency_synthetic_gt/1.3.6.1.4.1.14519.5.2.1.6279.6001.325580698241281352835338693869/surface_grid_float_1.3.6.1.4.1.14519.5.2.1.6279.6001.325580698241281352835338693869.npy,0.5077819616281155,0.3565061390399933,0.2366358786821365,1.0,86.57818603515625,16.49968147277832,1.2315408885478971,2.913820364475241,3.928467750549317,5.643986701965332,18,10,8,80.0,2,0.2442537803305517,35
1.3.6.1.4.1.14519.5.2.1.6279.6001.205852555362702089950453265567,outputs/luna16_saliency_synthetic_gt/1.3.6.1.4.1.14519.5.2.1.6279.6001.205852555362702089950453265567/surface_1.3.6.1.4.1.14519.5.2.1.6279.6001.205852555362702089950453265567.png,outputs/luna16_saliency_synthetic_gt/1.3.6.1.4.1.14519.5.2.1.6279.6001.205852555362702089950453265567/surface_grid_float_1.3.6.1.4.1.14519.5.2.1.6279.6001.205852555362702089950453265567.npy,0.6343514328808446,0.3576103448867798,0.2418870329856872,0.9903921574354286,92.38294219970705,24.43544578552246,1.3015378773212432,1.7484889960289005,1.8854584693908691,14.752187728881836,23,15,8,89.0,3,0.2392088796112272,36
1.3.6.1.4.1.14519.5.2.1.6279.6001.472487466001405705666001578363,outputs/luna16_saliency_synthetic_gt/1.3.6.1.4.1.14519.5.2.1.6279.6001.472487466001405705666001578363/surface_1.3.6.1.4.1.14519.5.2.1.6279.6001.472487466001405705666001578363.png,outputs/luna16_saliency_synthetic_gt/1.3.6.1.4.1.14519.5.2.1.6279.6001.472487466001405705666001578363/surface_grid_float_1.3.6.1.4.1.14519.5.2.1.6279.6001.472487466001405705666001578363.npy,0.506739425639994,0.3280712068080902,0.233687087893486,1.0,102.88458251953124,24.91493034362793,0.8714793443679807,1.3797871851921082,3.063180446624756,10.546879768371582,28,20,8,95.0,4,0.2363054303513632,37
1.3.6.1.4.1.14519.5.2.1.6279.6001.261678072503577216586082745513,outputs/luna16_saliency_synthetic_gt/1.3.6.1.4.1.14519.5.2.1.6279.6001.261678072503577216586082745513/surface_1.3.6.1.4.1.14519.5.2.1.6279.6001.261678072503577216586082745513.png,outputs/luna16_saliency_synthetic_gt/1.3.6.1.4.1.14519.5.2.1.6279.6001.261678072503577216586082745513/surface_grid_float_1.3.6.1.4.1.14519.5.2.1.6279.6001.261678072503577216586082745513.npy,0.5589812666816334,0.2901369333267212,0.2270694971084594,0.8784313797950745,102.48053741455078,23.53172492980957,0.9154232114553452,1.0111039066314695,1.0424737930297852,11.239582061767578,18,10,8,102.0,2,0.2261108619160122,38
1.3.6.1.4.1.14519.5.2.1.6279.6001.470912100568074901744259213968,outputs/luna16_saliency_synthetic_gt/1.3.6.1.4.1.14519.5.2.1.6279.6001.470912100568074901744259213968/surface_1.3.6.1.4.1.14519.5.2.1.6279.6001.470912100568074901744259213968.png,outputs/luna16_saliency_synthetic_gt/1.3.6.1.4.1.14519.5.2.1.6279.6001.470912100568074901744259213968/surface_grid_float_1.3.6.1.4.1.14519.5.2.1.6279.6001.470912100568074901744259213968.npy,0.5344326091753425,0.3800307810306549,0.2579317688941955,1.0,95.4339599609375,23.16636848449707,1.2666337490081787,1.4282926321029663,1.4972373247146606,10.05233097076416,23,15,8,94.0,3,0.2242438921663496,39
1.3.6.1.4.1.14519.5.2.1.6279.6001.125356649712550043958727288500,outputs/luna16_saliency_synthetic_gt/1.3.6.1.4.1.14519.5.2.1.6279.6001.125356649712550043958727288500/surface_1.3.6.1.4.1.14519.5.2.1.6279.6001.125356649712550043958727288500.png,outputs/luna16_saliency_synthetic_gt/1.3.6.1.4.1.14519.5.2.1.6279.6001.125356649712550043958727288500/surface_grid_float_1.3.6.1.4.1.14519.5.2.1.6279.6001.125356649712550043958727288500.npy,0.6047588349059368,0.344753623008728,0.2267609685659408,0.9725490212440492,81.08295440673828,18.44907569885254,0.9193411499261857,2.258200514316559,5.774791717529297,8.776209831237793,28,20,8,71.0,4,0.2223869612879223,40
1.3.6.1.4.1.14519.5.2.1.6279.6001.160216916075817913953530562493,outputs/luna16_saliency_synthetic_gt/1.3.6.1.4.1.14519.5.2.1.6279.6001.160216916075817913953530562493/surface_1.3.6.1.4.1.14519.5.2.1.6279.6001.160216916075817913953530562493.png,outputs/luna16_saliency_synthetic_gt/1.3.6.1.4.1.14519.5.2.1.6279.6001.160216916075817913953530562493/surface_grid_float_1.3.6.1.4.1.14519.5.2.1.6279.6001.160216916075817913953530562493.npy,0.4661384381338742,0.3160830736160278,0.2289837300777435,0.9725490212440492,93.37579345703124,17.759418487548828,0.9876657992601396,1.2940581130981448,1.3973329067230225,10.473103523254396,18,10,8,91.0,2,0.2177216292063395,41
1.3.6.1.4.1.14519.5.2.1.6279.6001.179683407589764683292800449011,outputs/luna16_saliency_synthetic_gt/1.3.6.1.4.1.14519.5.2.1.6279.6001.179683407589764683292800449011/surface_1.3.6.1.4.1.14519.5.2.1.6279.6001.179683407589764683292800449011.png,outputs/luna16_saliency_synthetic_gt/1.3.6.1.4.1.14519.5.2.1.6279.6001.179683407589764683292800449011/surface_grid_float_1.3.6.1.4.1.14519.5.2.1.6279.6001.179683407589764683292800449011.npy,0.6628787878787878,0.3496144413948059,0.2565461993217468,1.0,70.54793548583984,11.645134925842283,1.0088103234767904,2.9240292930603133,6.6999192237854,5.268622875213623,18,10,8,44.0,2,0.2170088221020171,42
1.3.6.1.4.1.14519.5.2.1.6279.6001.199069398344356765037879821616,outputs/luna16_saliency_synthetic_gt/1.3.6.1.4.1.14519.5.2.1.6279.6001.199069398344356765037879821616/surface_1.3.6.1.4.1.14519.5.2.1.6279.6001.199069398344356765037879821616.png,outputs/luna16_saliency_synthetic_gt/1.3.6.1.4.1.14519.5.2.1.6279.6001.199069398344356765037879821616/surface_grid_float_1.3.6.1.4.1.14519.5.2.1.6279.6001.199069398344356765037879821616.npy,0.5148092369477911,0.3260778188705444,0.2284527420997619,0.9490196108818054,98.09171295166016,23.204364776611328,0.7485346227884292,0.8231766635179519,0.8510589003562927,12.786639213562012,18,10,8,97.0,2,0.216596241966221,43
1.3.6.1.4.1.14519.5.2.1.6279.6001.200558451375970945040979397866,outputs/luna16_saliency_synthetic_gt/1.3.6.1.4.1.14519.5.2.1.6279.6001.200558451375970945040979397866/surface_1.3.6.1.4.1.14519.5.2.1.6279.6001.200558451375970945040979397866.png,outputs/luna16_saliency_synthetic_gt/1.3.6.1.4.1.14519.5.2.1.6279.6001.200558451375970945040979397866/surface_grid_float_1.3.6.1.4.1.14519.5.2.1.6279.6001.200558451375970945040979397866.npy,0.5357386340850455,0.3230033218860626,0.226934552192688,0.9098039269447328,78.30665588378906,14.755654335021973,0.9975977241992946,2.293329553604135,4.54803466796875,7.580823421478272,33,25,8,74.0,5,0.2161572540177241,44
1.3.6.1.4.1.14519.5.2.1.6279.6001.885292267869246639232975687131,outputs/luna16_saliency_synthetic_gt/1.3.6.1.4.1.14519.5.2.1.6279.6001.885292267869246639232975687131/surface_1.3.6.1.4.1.14519.5.2.1.6279.6001.885292267869246639232975687131.png,outputs/luna16_saliency_synthetic_gt/1.3.6.1.4.1.14519.5.2.1.6279.6001.885292267869246639232975687131/surface_grid_float_1.3.6.1.4.1.14519.5.2.1.6279.6001.885292267869246639232975687131.npy,0.644353518821604,0.3281649351119995,0.2382527440786361,0.9529411792755128,86.04167175292969,18.17982482910156,1.303579944372177,1.8998707473278045,2.119008302688598,4.9495015144348145,18,10,8,85.0,2,0.2113978009290165,45
1.3.6.1.4.1.14519.5.2.1.6279.6001.236698827306171960683086245994,outputs/luna16_saliency_synthetic_gt/1.3.6.1.4.1.14519.5.2.1.6279.6001.236698827306171960683086245994/surface_1.3.6.1.4.1.14519.5.2.1.6279.6001.236698827306171960683086245994.png,outputs/luna16_saliency_synthetic_gt/1.3.6.1.4.1.14519.5.2.1.6279.6001.236698827306171960683086245994/surface_grid_float_1.3.6.1.4.1.14519.5.2.1.6279.6001.236698827306171960683086245994.npy,0.5968004803568365,0.3643732368946075,0.2494389712810516,1.0,84.3338623046875,21.502914428710938,0.9400388062000274,1.070824774503708,1.1038475036621094,13.694973945617676,18,10,8,83.0,2,0.2031144558442963,46
1.3.6.1.4.1.14519.5.2.1.6279.6001.133132722052053001903031735878,outputs/luna16_saliency_synthetic_gt/1.3.6.1.4.1.14519.5.2.1.6279.6001.133132722052053001903031735878/surface_1.3.6.1.4.1.14519.5.2.1.6279.6001.133132722052053001903031735878.png,outputs/luna16_saliency_synthetic_gt/1.3.6.1.4.1.14519.5.2.1.6279.6001.133132722052053001903031735878/surface_grid_float_1.3.6.1.4.1.14519.5.2.1.6279.6001.133132722052053001903031735878.npy,0.6013382842113406,0.3669688403606415,0.2342766225337982,1.0,84.30068969726562,18.115325927734375,0.9689563333988188,1.1903315877914429,1.4044498205184937,11.352537155151367,23,15,8,83.0,3,0.2014389574739667,47
1.3.6.1.4.1.14519.5.2.1.6279.6001.125067060506283419853742462394,outputs/luna16_saliency_synthetic_gt/1.3.6.1.4.1.14519.5.2.1.6279.6001.125067060506283419853742462394/surface_1.3.6.1.4.1.14519.5.2.1.6279.6001.125067060506283419853742462394.png,outputs/luna16_saliency_synthetic_gt/1.3.6.1.4.1.14519.5.2.1.6279.6001.125067060506283419853742462394/surface_grid_float_1.3.6.1.4.1.14519.5.2.1.6279.6001.125067060506283419853742462394.npy,0.6350811014711429,0.3055353760719299,0.2279841005802154,0.9058823585510254,79.42232513427734,16.18597984313965,0.8931474357843409,1.8556426835060136,2.5292983055114746,4.525614261627197,23,15,8,75.0,3,0.1980967429770364,48
1.3.6.1.4.1.14519.5.2.1.6279.6001.100530488926682752765845212286,outputs/luna16_saliency_synthetic_gt/1.3.6.1.4.1.14519.5.2.1.6279.6001.100530488926682752765845212286/surface_1.3.6.1.4.1.14519.5.2.1.6279.6001.100530488926682752765845212286.png,outputs/luna16_saliency_synthetic_gt/1.3.6.1.4.1.14519.5.2.1.6279.6001.100530488926682752765845212286/surface_grid_float_1.3.6.1.4.1.14519.5.2.1.6279.6001.100530488926682752765845212286.npy,0.5147104142119098,0.3423645496368408,0.2218646258115768,0.9843137264251708,63.73631286621094,12.728338241577148,0.917155301570892,2.4763411140441898,3.343508243560791,5.399559497833252,18,10,8,52.0,2,0.1925164426379733,49
1.3.6.1.4.1.14519.5.2.1.6279.6001.143813757344903170810482790787,outputs/luna16_saliency_synthetic_gt/1.3.6.1.4.1.14519.5.2.1.6279.6001.143813757344903170810482790787/surface_1.3.6.1.4.1.14519.5.2.1.6279.6001.143813757344903170810482790787.png,outputs/luna16_saliency_synthetic_gt/1.3.6.1.4.1.14519.5.2.1.6279.6001.143813757344903170810482790787/surface_grid_float_1.3.6.1.4.1.14519.5.2.1.6279.6001.143813757344903170810482790787.npy,0.6461748096903948,0.3069861233234405,0.2371534556150436,0.9921568632125854,83.56201934814453,19.23122215270996,0.7435775399208068,0.975477637052536,1.2245240211486816,10.61766242980957,23,15,8,82.0,3,0.1921291667580604,50
1.3.6.1.4.1.14519.5.2.1.6279.6001.116492508532884962903000261147,outputs/luna16_saliency_synthetic_gt/1.3.6.1.4.1.14519.5.2.1.6279.6001.116492508532884962903000261147/surface_1.3.6.1.4.1.14519.5.2.1.6279.6001.116492508532884962903000261147.png,outputs/luna16_saliency_synthetic_gt/1.3.6.1.4.1.14519.5.2.1.6279.6001.116492508532884962903000261147/surface_grid_float_1.3.6.1.4.1.14519.5.2.1.6279.6001.116492508532884962903000261147.npy,0.6949000532036178,0.3225500285625458,0.2322828322649002,0.9921568632125854,58.09037780761719,10.818233489990234,1.007472634315489,2.739684028625464,5.9606781005859375,5.340184211730957,18,10,8,34.0,2,0.1908748932308613,51
1.3.6.1.4.1.14519.5.2.1.6279.6001.280972147860943609388015648430,outputs/luna16_saliency_synthetic_gt/1.3.6.1.4.1.14519.5.2.1.6279.6001.280972147860943609388015648430/surface_1.3.6.1.4.1.14519.5.2.1.6279.6001.280972147860943609388015648430.png,outputs/luna16_saliency_synthetic_gt/1.3.6.1.4.1.14519.5.2.1.6279.6001.280972147860943609388015648430/surface_grid_float_1.3.6.1.4.1.14519.5.2.1.6279.6001.280972147860943609388015648430.npy,0.5784850052980459,0.3048146963119507,0.2215749621391296,0.8627451062202454,85.12603759765625,21.539100646972656,0.6672182619571685,0.7652114748954773,0.8301045298576355,11.57585906982422,18,10,8,84.0,2,0.1905572048425674,52
1.3.6.1.4.1.14519.5.2.1.6279.6001.259018373683540453277752706262,outputs/luna16_saliency_synthetic_gt/1.3.6.1.4.1.14519.5.2.1.6279.6001.259018373683540453277752706262/surface_1.3.6.1.4.1.14519.5.2.1.6279.6001.259018373683540453277752706262.png,outputs/luna16_saliency_synthetic_gt/1.3.6.1.4.1.14519.5.2.1.6279.6001.259018373683540453277752706262/surface_grid_float_1.3.6.1.4.1.14519.5.2.1.6279.6001.259018373683540453277752706262.npy,0.6213243124725929,0.3106914460659027,0.2239561825990677,0.9098039269447328,79.5114974975586,15.436692237854004,0.8338235974311832,1.2154448032379153,2.6820228099823,9.25936794281006,28,20,8,74.0,4,0.189558879799313,53
1.3.6.1.4.1.14519.5.2.1.6279.6001.205615524269596458818376243313,outputs/luna16_saliency_synthetic_gt/1.3.6.1.4.1.14519.5.2.1.6279.6001.205615524269596458818376243313/surface_1.3.6.1.4.1.14519.5.2.1.6279.6001.205615524269596458818376243313.png,outputs/luna16_saliency_synthetic_gt/1.3.6.1.4.1.14519.5.2.1.6279.6001.205615524269596458818376243313/surface_grid_float_1.3.6.1.4.1.14519.5.2.1.6279.6001.205615524269596458818376243313.npy,0.4939302389453447,0.3332632482051849,0.2350179255008697,1.0,65.76432800292969,10.0742826461792,0.69577281177044,2.0907970523834223,6.594776153564453,6.3788862228393555,23,15,8,48.0,3,0.1865064276271396,54
1.3.6.1.4.1.14519.5.2.1.6279.6001.317613170669207528926259976488,outputs/luna16_saliency_synthetic_gt/1.3.6.1.4.1.14519.5.2.1.6279.6001.317613170669207528926259976488/surface_1.3.6.1.4.1.14519.5.2.1.6279.6001.317613170669207528926259976488.png,outputs/luna16_saliency_synthetic_gt/1.3.6.1.4.1.14519.5.2.1.6279.6001.317613170669207528926259976488/surface_grid_float_1.3.6.1.4.1.14519.5.2.1.6279.6001.317613170669207528926259976488.npy,0.6004947632204588,0.3528871536254883,0.2306892275810241,0.9607843160629272,67.42800903320312,13.277315139770508,0.9907683789730058,1.8321974658966065,2.585416793823242,7.1999945640563965,23,15,8,62.0,3,0.183345926952362,55
1.3.6.1.4.1.14519.5.2.1.6279.6001.159665703190517688573100822213,outputs/luna16_saliency_synthetic_gt/1.3.6.1.4.1.14519.5.2.1.6279.6001.159665703190517688573100822213/surface_1.3.6.1.4.1.14519.5.2.1.6279.6001.159665703190517688573100822213.png,outputs/luna16_saliency_synthetic_gt/1.3.6.1.4.1.14519.5.2.1.6279.6001.159665703190517688573100822213/surface_grid_float_1.3.6.1.4.1.14519.5.2.1.6279.6001.159665703190517688573100822213.npy,0.599737899702953,0.3660665452480316,0.2249933034181594,0.975607844591136,65.94944763183594,13.574397087097168,1.2004584670066831,1.920381313562393,2.0609207153320312,6.065638065338135,28,20,8,61.0,4,0.1810063811606831,56
1.3.6.1.4.1.14519.5.2.1.6279.6001.336102335330125765000317290445,outputs/luna16_saliency_synthetic_gt/1.3.6.1.4.1.14519.5.2.1.6279.6001.336102335330125765000317290445/surface_1.3.6.1.4.1.14519.5.2.1.6279.6001.336102335330125765000317290445.png,outputs/luna16_saliency_synthetic_gt/1.3.6.1.4.1.14519.5.2.1.6279.6001.336102335330125765000317290445/surface_grid_float_1.3.6.1.4.1.14519.5.2.1.6279.6001.336102335330125765000317290445.npy,0.5624797773895036,0.3327077627182007,0.2311717867851257,1.0,70.24098205566406,13.785682678222656,0.8668200701475143,1.5516613376140589,2.101339340209961,7.084253311157227,23,15,8,69.0,3,0.1793609286904334,57
1.3.6.1.4.1.14519.5.2.1.6279.6001.231645134739451754302647733304,outputs/luna16_saliency_synthetic_gt/1.3.6.1.4.1.14519.5.2.1.6279.6001.231645134739451754302647733304/surface_1.3.6.1.4.1.14519.5.2.1.6279.6001.231645134739451754302647733304.png,outputs/luna16_saliency_synthetic_gt/1.3.6.1.4.1.14519.5.2.1.6279.6001.231645134739451754302647733304/surface_grid_float_1.3.6.1.4.1.14519.5.2.1.6279.6001.231645134739451754302647733304.npy,0.546923076923077,0.3371473848819732,0.2313589304685592,0.9960784316062928,77.74726867675781,19.77178382873535,0.7673108041286467,0.8742664211988449,0.9023117423057556,10.069942474365234,18,10,8,77.0,2,0.1781844237069288,58
1.3.6.1.4.1.14519.5.2.1.6279.6001.136830368929967292376608088362,outputs/luna16_saliency_synthetic_gt/1.3.6.1.4.1.14519.5.2.1.6279.6001.136830368929967292376608088362/surface_1.3.6.1.4.1.14519.5.2.1.6279.6001.136830368929967292376608088362.png,outputs/luna16_saliency_synthetic_gt/1.3.6.1.4.1.14519.5.2.1.6279.6001.136830368929967292376608088362/surface_grid_float_1.3.6.1.4.1.14519.5.2.1.6279.6001.136830368929967292376608088362.npy,0.5339189600893673,0.32236048579216,0.2309894263744354,0.9490196108818054,73.79763793945312,14.851654052734377,0.8594758957624435,1.450595140457153,1.6670725345611572,5.07319450378418,18,10,8,72.0,2,0.1777876830101013,59
1.3.6.1.4.1.14519.5.2.1.6279.6001.397062004302272014259317520874,outputs/luna16_saliency_synthetic_gt/1.3.6.1.4.1.14519.5.2.1.6279.6001.397062004302272014259317520874/surface_1.3.6.1.4.1.14519.5.2.1.6279.6001.397062004302272014259317520874.png,outputs/luna16_saliency_synthetic_gt/1.3.6.1.4.1.14519.5.2.1.6279.6001.397062004302272014259317520874/surface_grid_float_1.3.6.1.4.1.14519.5.2.1.6279.6001.397062004302272014259317520874.npy,0.533231474407945,0.3697938621044159,0.2442724853754043,1.0,77.11544799804688,17.143484115600586,0.8445412278175354,0.949577407836914,0.984889805316925,9.15674114227295,18,10,8,76.0,2,0.1773613825480143,60
1.3.6.1.4.1.14519.5.2.1.6279.6001.230078008964732806419498631442,outputs/luna16_saliency_synthetic_gt/1.3.6.1.4.1.14519.5.2.1.6279.6001.230078008964732806419498631442/surface_1.3.6.1.4.1.14519.5.2.1.6279.6001.230078008964732806419498631442.png,outputs/luna16_saliency_synthetic_gt/1.3.6.1.4.1.14519.5.2.1.6279.6001.230078008964732806419498631442/surface_grid_float_1.3.6.1.4.1.14519.5.2.1.6279.6001.230078008964732806419498631442.npy,0.5692510887413437,0.3232621252536773,0.240747645497322,0.9490196108818054,67.45433044433594,13.615781784057615,0.6964611381292343,1.3582358300685826,2.601020336151123,9.055514335632324,23,15,8,66.0,3,0.1732943241662447,61
1.3.6.1.4.1.14519.5.2.1.6279.6001.120842785645314664964010792308,outputs/luna16_saliency_synthetic_gt/1.3.6.1.4.1.14519.5.2.1.6279.6001.120842785645314664964010792308/surface_1.3.6.1.4.1.14519.5.2.1.6279.6001.120842785645314664964010792308.png,outputs/luna16_saliency_synthetic_gt/1.3.6.1.4.1.14519.5.2.1.6279.6001.120842785645314664964010792308/surface_grid_float_1.3.6.1.4.1.14519.5.2.1.6279.6001.120842785645314664964010792308.npy,0.6132753970632304,0.4031676650047302,0.2447478920221328,0.9411764740943908,72.92243194580078,18.23102378845215,0.9154373317956924,0.9973241269588468,1.0737155675888062,8.569097518920898,28,20,8,71.0,4,0.1704995493160353,62
1.3.6.1.4.1.14519.5.2.1.6279.6001.927394449308471452920270961822,outputs/luna16_saliency_synthetic_gt/1.3.6.1.4.1.14519.5.2.1.6279.6001.927394449308471452920270961822/surface_1.3.6.1.4.1.14519.5.2.1.6279.6001.927394449308471452920270961822.png,outputs/luna16_saliency_synthetic_gt/1.3.6.1.4.1.14519.5.2.1.6279.6001.927394449308471452920270961822/surface_grid_float_1.3.6.1.4.1.14519.5.2.1.6279.6001.927394449308471452920270961822.npy,0.5675271230826786,0.4229255318641662,0.2791788876056671,1.0,63.14250946044922,12.698501586914062,1.0351759731769554,1.7765111196041108,2.6744508743286133,4.919363975524902,23,15,8,60.0,3,0.1694647693011495,63
1.3.6.1.4.1.14519.5.2.1.6279.6001.197987940182806628828566429132,outputs/luna16_saliency_synthetic_gt/1.3.6.1.4.1.14519.5.2.1.6279.6001.197987940182806628828566429132/surface_1.3.6.1.4.1.14519.5.2.1.6279.6001.197987940182806628828566429132.png,outputs/luna16_saliency_synthetic_gt/1.3.6.1.4.1.14519.5.2.1.6279.6001.197987940182806628828566429132/surface_grid_float_1.3.6.1.4.1.14519.5.2.1.6279.6001.197987940182806628828566429132.npy,0.6075164845406463,0.3637107014656067,0.2522957921028137,1.0,54.75810241699219,11.23388957977295,0.7944397509098052,2.1856657981872547,5.121788501739502,5.033674716949463,18,10,8,31.0,2,0.1680194217893811,64
1.3.6.1.4.1.14519.5.2.1.6279.6001.104780906131535625872840889059,outputs/luna16_saliency_synthetic_gt/1.3.6.1.4.1.14519.5.2.1.6279.6001.104780906131535625872840889059/surface_1.3.6.1.4.1.14519.5.2.1.6279.6001.104780906131535625872840889059.png,outputs/luna16_saliency_synthetic_gt/1.3.6.1.4.1.14519.5.2.1.6279.6001.104780906131535625872840889059/surface_grid_float_1.3.6.1.4.1.14519.5.2.1.6279.6001.104780906131535625872840889059.npy,0.5468924597491305,0.3504252433776855,0.2335070073604583,0.9725490212440492,58.98634338378906,11.432682037353516,0.7571814954280847,1.97049134492875,2.9347872734069824,4.504202842712402,18,10,8,50.0,2,0.1674346523046496,65
1.3.6.1.4.1.14519.5.2.1.6279.6001.814122498113547115932318256859,outputs/luna16_saliency_synthetic_gt/1.3.6.1.4.1.14519.5.2.1.6279.6001.814122498113547115932318256859/surface_1.3.6.1.4.1.14519.5.2.1.6279.6001.814122498113547115932318256859.png,outputs/luna16_saliency_synthetic_gt/1.3.6.1.4.1.14519.5.2.1.6279.6001.814122498113547115932318256859/surface_grid_float_1.3.6.1.4.1.14519.5.2.1.6279.6001.814122498113547115932318256859.npy,0.6104477611940299,0.3270410597324371,0.2296022176742553,0.9686274528503418,69.0789794921875,13.656705856323242,0.7719109475612637,1.295727812051773,5.28438138961792,4.764075756072998,38,30,8,58.0,6,0.1645903018620279,66
1.3.6.1.4.1.14519.5.2.1.6279.6001.167500254299688235071950909530,outputs/luna16_saliency_synthetic_gt/1.3.6.1.4.1.14519.5.2.1.6279.6001.167500254299688235071950909530/surface_1.3.6.1.4.1.14519.5.2.1.6279.6001.167500254299688235071950909530.png,outputs/luna16_saliency_synthetic_gt/1.3.6.1.4.1.14519.5.2.1.6279.6001.167500254299688235071950909530/surface_grid_float_1.3.6.1.4.1.14519.5.2.1.6279.6001.167500254299688235071950909530.npy,0.6378998465871362,0.2936011254787445,0.2243915647268295,0.886274516582489,70.69425201416016,13.275978088378906,0.7845945507287979,0.9559349030256272,1.0101970434188845,7.433206081390381,23,15,8,70.0,3,0.1630200361841254,67
1.3.6.1.4.1.14519.5.2.1.6279.6001.888291896309937415860209787179,outputs/luna16_saliency_synthetic_gt/1.3.6.1.4.1.14519.5.2.1.6279.6001.888291896309937415860209787179/surface_1.3.6.1.4.1.14519.5.2.1.6279.6001.888291896309937415860209787179.png,outputs/luna16_saliency_synthetic_gt/1.3.6.1.4.1.14519.5.2.1.6279.6001.888291896309937415860209787179/surface_grid_float_1.3.6.1.4.1.14519.5.2.1.6279.6001.888291896309937415860209787179.npy,0.6014501193873392,0.3204495310783386,0.2338552623987198,1.0,70.77079010009766,15.802690505981444,0.6849333316087722,0.7498620641231537,0.7976545691490173,9.689741134643556,18,10,8,69.0,2,0.1619799368341763,68
1.3.6.1.4.1.14519.5.2.1.6279.6001.109882169963817627559804568094,outputs/luna16_saliency_synthetic_gt/1.3.6.1.4.1.14519.5.2.1.6279.6001.109882169963817627559804568094/surface_1.3.6.1.4.1.14519.5.2.1.6279.6001.109882169963817627559804568094.png,outputs/luna16_saliency_synthetic_gt/1.3.6.1.4.1.14519.5.2.1.6279.6001.109882169963817627559804568094/surface_grid_float_1.3.6.1.4.1.14519.5.2.1.6279.6001.109882169963817627559804568094.npy,0.6031664262655402,0.3265227079391479,0.2301084697246551,1.0,68.65129089355469,17.744840621948242,0.6271159499883652,1.035921949148178,1.2590492963790894,7.341341495513916,18,10,8,67.0,2,0.1618105688426229,69
1.3.6.1.4.1.14519.5.2.1.6279.6001.105756658031515062000744821260,outputs/luna16_saliency_synthetic_gt/1.3.6.1.4.1.14519.5.2.1.6279.6001.105756658031515062000744821260/surface_1.3.6.1.4.1.14519.5.2.1.6279.6001.105756658031515062000744821260.png,outputs/luna16_saliency_synthetic_gt/1.3.6.1.4.1.14519.5.2.1.6279.6001.105756658031515062000744821260/surface_grid_float_1.3.6.1.4.1.14519.5.2.1.6279.6001.105756658031515062000744821260.npy,0.6147313237221494,0.314280092716217,0.2315637171268463,0.9921568632125854,72.3358383178711,18.776723861694336,0.6115199834108354,0.6594342881441115,0.6882187724113464,8.499285697937012,18,10,8,72.0,2,0.1592300607250796,70
1.3.6.1.4.1.14519.5.2.1.6279.6001.161002239822118346732951898613,outputs/luna16_saliency_synthetic_gt/1.3.6.1.4.1.14519.5.2.1.6279.6001.161002239822118346732951898613/surface_1.3.6.1.4.1.14519.5.2.1.6279.6001.161002239822118346732951898613.png,outputs/luna16_saliency_synthetic_gt/1.3.6.1.4.1.14519.5.2.1.6279.6001.161002239822118346732951898613/surface_grid_float_1.3.6.1.4.1.14519.5.2.1.6279.6001.161002239822118346732951898613.npy,0.5269871389415981,0.3625010848045349,0.2433363199234008,1.0,61.39546203613281,12.998383522033691,0.5377814263105392,1.397742506265656,3.76775860786438,6.101709365844727,23,15,8,53.0,3,0.1578173993945126,71
1.3.6.1.4.1.14519.5.2.1.6279.6001.235217371152464582553341729176,outputs/luna16_saliency_synthetic_gt/1.3.6.1.4.1.14519.5.2.1.6279.6001.235217371152464582553341729176/surface_1.3.6.1.4.1.14519.5.2.1.6279.6001.235217371152464582553341729176.png,outputs/luna16_saliency_synthetic_gt/1.3.6.1.4.1.14519.5.2.1.6279.6001.235217371152464582553341729176/surface_grid_float_1.3.6.1.4.1.14519.5.2.1.6279.6001.235217371152464582553341729176.npy,0.4031686288240185,0.3526690304279327,0.2354443967342376,0.8784313797950745,57.127899169921875,10.065082550048828,0.6669497847557068,1.5712417292594896,2.5418589115142822,6.912357807159424,18,10,8,53.0,2,0.1577112122880087,72
1.3.6.1.4.1.14519.5.2.1.6279.6001.463588161905537526756964393219,outputs/luna16_saliency_synthetic_gt/1.3.6.1.4.1.14519.5.2.1.6279.6001.463588161905537526756964393219/surface_1.3.6.1.4.1.14519.5.2.1.6279.6001.463588161905537526756964393219.png,outputs/luna16_saliency_synthetic_gt/1.3.6.1.4.1.14519.5.2.1.6279.6001.463588161905537526756964393219/surface_grid_float_1.3.6.1.4.1.14519.5.2.1.6279.6001.463588161905537526756964393219.npy,0.5701970443349754,0.3381122350692749,0.226331815123558,0.8980392217636108,57.171112060546875,11.769859313964844,0.9483769237995148,1.6519887089729306,6.259814262390137,4.302661895751953,28,20,8,51.0,4,0.1544063189162148,73
1.3.6.1.4.1.14519.5.2.1.6279.6001.311981398931043315779172047718,outputs/luna16_saliency_synthetic_gt/1.3.6.1.4.1.14519.5.2.1.6279.6001.311981398931043315779172047718/surface_1.3.6.1.4.1.14519.5.2.1.6279.6001.311981398931043315779172047718.png,outputs/luna16_saliency_synthetic_gt/1.3.6.1.4.1.14519.5.2.1.6279.6001.311981398931043315779172047718/surface_grid_float_1.3.6.1.4.1.14519.5.2.1.6279.6001.311981398931043315779172047718.npy,0.3922434419454474,0.3429184854030609,0.2212019562721252,0.886274516582489,67.91751098632812,16.4739933013916,0.5601755201816558,0.633691953420639,0.6818860769271851,8.595122337341309,23,15,8,67.0,3,0.1513068821072578,74
1.3.6.1.4.1.14519.5.2.1.6279.6001.103115201714075993579787468219,outputs/luna16_saliency_synthetic_gt/1.3.6.1.4.1.14519.5.2.1.6279.6001.103115201714075993579787468219/surface_1.3.6.1.4.1.14519.5.2.1.6279.6001.103115201714075993579787468219.png,outputs/luna16_saliency_synthetic_gt/1.3.6.1.4.1.14519.5.2.1.6279.6001.103115201714075993579787468219/surface_grid_float_1.3.6.1.4.1.14519.5.2.1.6279.6001.103115201714075993579787468219.npy,0.5369928035522891,0.3777239918708801,0.2366760075092315,1.0,65.64833068847656,16.271074295043945,0.5963427066802978,0.6492713272571564,0.6661514043807983,8.406103134155273,18,10,8,65.0,2,0.1475722534855206,75
1.3.6.1.4.1.14519.5.2.1.6279.6001.686193079844756926365065559979,outputs/luna16_saliency_synthetic_gt/1.3.6.1.4.1.14519.5.2.1.6279.6001.686193079844756926365065559979/surface_1.3.6.1.4.1.14519.5.2.1.6279.6001.686193079844756926365065559979.png,outputs/luna16_saliency_synthetic_gt/1.3.6.1.4.1.14519.5.2.1.6279.6001.686193079844756926365065559979/surface_grid_float_1.3.6.1.4.1.14519.5.2.1.6279.6001.686193079844756926365065559979.npy,0.6446491877361799,0.331375241279602,0.2323723286390304,0.921803926229482,47.123260498046875,8.218480110168457,0.6785538971424082,1.9433926236629475,4.396886348724365,4.671567916870117,18,10,8,35.0,2,0.1472218082441223,76
1.3.6.1.4.1.14519.5.2.1.6279.6001.129650136453746261130135157590,outputs/luna16_saliency_synthetic_gt/1.3.6.1.4.1.14519.5.2.1.6279.6001.129650136453746261130135157590/surface_1.3.6.1.4.1.14519.5.2.1.6279.6001.129650136453746261130135157590.png,outputs/luna16_saliency_synthetic_gt/1.3.6.1.4.1.14519.5.2.1.6279.6001.129650136453746261130135157590/surface_grid_float_1.3.6.1.4.1.14519.5.2.1.6279.6001.129650136453746261130135157590.npy,0.5558620361673543,0.2929902374744415,0.2168671935796737,0.945098042488098,61.47296142578125,12.779253005981444,0.6325102567672729,0.8728913211822505,0.9460079669952391,7.441977977752685,18,10,8,60.0,2,0.1451794041845533,77
1.3.6.1.4.1.14519.5.2.1.6279.6001.111017101339429664883879536171,outputs/luna16_saliency_synthetic_gt/1.3.6.1.4.1.14519.5.2.1.6279.6001.111017101339429664883879536171/surface_1.3.6.1.4.1.14519.5.2.1.6279.6001.111017101339429664883879536171.png,outputs/luna16_saliency_synthetic_gt/1.3.6.1.4.1.14519.5.2.1.6279.6001.111017101339429664883879536171/surface_grid_float_1.3.6.1.4.1.14519.5.2.1.6279.6001.111017101339429664883879536171.npy,0.4664874690594059,0.4190132021903991,0.2262999564409256,0.9882352948188782,58.52192687988281,12.209068298339844,0.7791776686906812,1.1032486879825592,1.207395076751709,6.3199896812438965,18,10,8,57.0,2,0.1446784269531567,78
1.3.6.1.4.1.14519.5.2.1.6279.6001.248425363469507808613979846863,outputs/luna16_saliency_synthetic_gt/1.3.6.1.4.1.14519.5.2.1.6279.6001.248425363469507808613979846863/surface_1.3.6.1.4.1.14519.5.2.1.6279.6001.248425363469507808613979846863.png,outputs/luna16_saliency_synthetic_gt/1.3.6.1.4.1.14519.5.2.1.6279.6001.248425363469507808613979846863/surface_grid_float_1.3.6.1.4.1.14519.5.2.1.6279.6001.248425363469507808613979846863.npy,0.5654790333365174,0.3150483965873718,0.2233657538890838,0.95686274766922,65.49615478515625,17.0286922454834,0.4848000630736351,0.5420277869701385,0.5731921195983887,7.981031894683838,18,10,8,65.0,2,0.1431567180169953,79
1.3.6.1.4.1.14519.5.2.1.6279.6001.193721075067404532739943086458,outputs/luna16_saliency_synthetic_gt/1.3.6.1.4.1.14519.5.2.1.6279.6001.193721075067404532739943086458/surface_1.3.6.1.4.1.14519.5.2.1.6279.6001.193721075067404532739943086458.png,outputs/luna16_saliency_synthetic_gt/1.3.6.1.4.1.14519.5.2.1.6279.6001.193721075067404532739943086458/surface_grid_float_1.3.6.1.4.1.14519.5.2.1.6279.6001.193721075067404532739943086458.npy,0.5921245021092082,0.3365526497364044,0.2283837795257568,0.9360392194986434,60.63835906982422,11.909850120544434,0.7008527517318726,0.9058202505111694,1.1930358409881592,4.34643030166626,23,15,8,59.0,3,0.1378972733020782,80
1.3.6.1.4.1.14519.5.2.1.6279.6001.296066944953051278419805374238,outputs/luna16_saliency_synthetic_gt/1.3.6.1.4.1.14519.5.2.1.6279.6001.296066944953051278419805374238/surface_1.3.6.1.4.1.14519.5.2.1.6279.6001.296066944953051278419805374238.png,outputs/luna16_saliency_synthetic_gt/1.3.6.1.4.1.14519.5.2.1.6279.6001.296066944953051278419805374238/surface_grid_float_1.3.6.1.4.1.14519.5.2.1.6279.6001.296066944953051278419805374238.npy,0.6526175687666371,0.3420162498950958,0.2381828278303146,0.9529411792755128,51.69374084472656,13.786663055419922,0.6371061056852341,1.0237161457538615,1.4183748960494995,6.123039245605469,18,10,8,50.0,2,0.13047447299295,81
1.3.6.1.4.1.14519.5.2.1.6279.6001.324649110927013926557500550446,outputs/luna16_saliency_synthetic_gt/1.3.6.1.4.1.14519.5.2.1.6279.6001.324649110927013926557500550446/surface_1.3.6.1.4.1.14519.5.2.1.6279.6001.324649110927013926557500550446.png,outputs/luna16_saliency_synthetic_gt/1.3.6.1.4.1.14519.5.2.1.6279.6001.324649110927013926557500550446/surface_grid_float_1.3.6.1.4.1.14519.5.2.1.6279.6001.324649110927013926557500550446.npy,0.4789711836151464,0.3344804346561432,0.228718027472496,0.9058823585510254,58.1064453125,13.501502990722656,0.4029256865382195,0.6665946167707448,0.8057845234870911,6.078218936920166,18,10,8,58.0,2,0.1303490672171116,82
1.3.6.1.4.1.14519.5.2.1.6279.6001.436403998650924660479049012235,outputs/luna16_saliency_synthetic_gt/1.3.6.1.4.1.14519.5.2.1.6279.6001.436403998650924660479049012235/surface_1.3.6.1.4.1.14519.5.2.1.6279.6001.436403998650924660479049012235.png,outputs/luna16_saliency_synthetic_gt/1.3.6.1.4.1.14519.5.2.1.6279.6001.436403998650924660479049012235/surface_grid_float_1.3.6.1.4.1.14519.5.2.1.6279.6001.436403998650924660479049012235.npy,0.4871566884015016,0.3507832884788513,0.2183505296707153,0.9215686321258544,57.58793640136719,14.678482055664062,0.4536136537790298,0.5195436179637909,0.547175943851471,6.48917293548584,18,10,8,57.0,2,0.125986586842272,83
1.3.6.1.4.1.14519.5.2.1.6279.6001.163217526257871051722166468085,outputs/luna16_saliency_synthetic_gt/1.3.6.1.4.1.14519.5.2.1.6279.6001.163217526257871051722166468085/surface_1.3.6.1.4.1.14519.5.2.1.6279.6001.163217526257871051722166468085.png,outputs/luna16_saliency_synthetic_gt/1.3.6.1.4.1.14519.5.2.1.6279.6001.163217526257871051722166468085/surface_grid_float_1.3.6.1.4.1.14519.5.2.1.6279.6001.163217526257871051722166468085.npy,0.6254798215582529,0.3334619700908661,0.2213738113641739,0.9058823585510254,45.44927215576172,8.31059741973877,0.6285263329744337,1.182140153646469,1.6153841018676758,2.9670324325561523,18,10,8,43.0,2,0.1178063969413439,84
1.3.6.1.4.1.14519.5.2.1.6279.6001.334184846571549530235084187602,outputs/luna16_saliency_synthetic_gt/1.3.6.1.4.1.14519.5.2.1.6279.6001.334184846571549530235084187602/surface_1.3.6.1.4.1.14519.5.2.1.6279.6001.334184846571549530235084187602.png,outputs/luna16_saliency_synthetic_gt/1.3.6.1.4.1.14519.5.2.1.6279.6001.334184846571549530235084187602/surface_grid_float_1.3.6.1.4.1.14519.5.2.1.6279.6001.334184846571549530235084187602.npy,0.5797822633398748,0.2976930141448974,0.2172898799180984,0.8274509906768799,50.77752685546875,10.721076965332031,0.4531956762075422,0.5510043632984158,0.5773733258247375,6.853604316711426,18,10,8,50.0,2,0.116389574139648,85
1.3.6.1.4.1.14519.5.2.1.6279.6001.253317247142837717905329340520,outputs/luna16_saliency_synthetic_gt/1.3.6.1.4.1.14519.5.2.1.6279.6001.253317247142837717905329340520/surface_1.3.6.1.4.1.14519.5.2.1.6279.6001.253317247142837717905329340520.png,outputs/luna16_saliency_synthetic_gt/1.3.6.1.4.1.14519.5.2.1.6279.6001.253317247142837717905329340520/surface_grid_float_1.3.6.1.4.1.14519.5.2.1.6279.6001.253317247142837717905329340520.npy,0.5787084794718382,0.3271651268005371,0.2352503836154937,0.9647058844566344,38.481048583984375,7.077134132385254,0.6176730185747138,1.5464573991298671,2.4389686584472656,1.8986891508102417,18,10,8,31.0,2,0.114748112171226,86
1.3.6.1.4.1.14519.5.2.1.6279.6001.176362912420491262783064585333,outputs/luna16_saliency_synthetic_gt/1.3.6.1.4.1.14519.5.2.1.6279.6001.176362912420491262783064585333/surface_1.3.6.1.4.1.14519.5.2.1.6279.6001.176362912420491262783064585333.png,outputs/luna16_saliency_synthetic_gt/1.3.6.1.4.1.14519.5.2.1.6279.6001.176362912420491262783064585333/surface_grid_float_1.3.6.1.4.1.14519.5.2.1.6279.6001.176362912420491262783064585333.npy,0.5363463579591736,0.3625284433364868,0.2184912860393524,0.8588235378265381,51.60803985595703,12.475353240966797,0.4589336588978767,0.5372012108564377,0.5584799647331238,5.09759521484375,18,10,8,51.0,2,0.1134574254519409,87
1.3.6.1.4.1.14519.5.2.1.6279.6001.161821150841552408667852639317,outputs/luna16_saliency_synthetic_gt/1.3.6.1.4.1.14519.5.2.1.6279.6001.161821150841552408667852639317/surface_1.3.6.1.4.1.14519.5.2.1.6279.6001.161821150841552408667852639317.png,outputs/luna16_saliency_synthetic_gt/1.3.6.1.4.1.14519.5.2.1.6279.6001.161821150841552408667852639317/surface_grid_float_1.3.6.1.4.1.14519.5.2.1.6279.6001.161821150841552408667852639317.npy,0.5432873497831188,0.3233230412006378,0.2417864650487899,0.9960784316062928,43.00111389160156,9.14260959625244,0.5859283000230787,1.1166959357261643,2.0672082901000977,3.388533592224121,23,15,8,39.0,3,0.1126994758738411,88
1.3.6.1.4.1.14519.5.2.1.6279.6001.339039410276356623209709113755,outputs/luna16_saliency_synthetic_gt/1.3.6.1.4.1.14519.5.2.1.6279.6001.339039410276356623209709113755/surface_1.3.6.1.4.1.14519.5.2.1.6279.6001.339039410276356623209709113755.png,outputs/luna16_saliency_synthetic_gt/1.3.6.1.4.1.14519.5.2.1.6279.6001.339039410276356623209709113755/surface_grid_float_1.3.6.1.4.1.14519.5.2.1.6279.6001.339039410276356623209709113755.npy,0.5859062776304156,0.3391968011856079,0.2381718754768371,1.0,45.66355895996094,9.1674165725708,0.5606048583984374,0.6445494675636292,0.6809214353561401,6.427513122558594,23,15,8,45.0,3,0.1097257781214184,89
1.3.6.1.4.1.14519.5.2.1.6279.6001.297251044869095073091780740645,outputs/luna16_saliency_synthetic_gt/1.3.6.1.4.1.14519.5.2.1.6279.6001.297251044869095073091780740645/surface_1.3.6.1.4.1.14519.5.2.1.6279.6001.297251044869095073091780740645.png,outputs/luna16_saliency_synthetic_gt/1.3.6.1.4.1.14519.5.2.1.6279.6001.297251044869095073091780740645/surface_grid_float_1.3.6.1.4.1.14519.5.2.1.6279.6001.297251044869095073091780740645.npy,0.5432365145228216,0.3453337252140045,0.2100895792245865,0.929411768913269,44.26341247558594,10.20753574371338,0.4191078126430512,0.7673262834548947,0.979597806930542,5.700472831726074,23,15,8,43.0,3,0.1094598600334591,90
1.3.6.1.4.1.14519.5.2.1.6279.6001.553241901808946577644850294647,outputs/luna16_saliency_synthetic_gt/1.3.6.1.4.1.14519.5.2.1.6279.6001.553241901808946577644850294647/surface_1.3.6.1.4.1.14519.5.2.1.6279.6001.553241901808946577644850294647.png,outputs/luna16_saliency_synthetic_gt/1.3.6.1.4.1.14519.5.2.1.6279.6001.553241901808946577644850294647/surface_grid_float_1.3.6.1.4.1.14519.5.2.1.6279.6001.553241901808946577644850294647.npy,0.5480126096491228,0.3343802690505981,0.2237393409013748,0.8823529481887817,43.7431640625,10.53355884552002,0.4880641594529152,0.7615707224607478,0.8604576587677002,4.9905853271484375,23,15,8,43.0,3,0.1068425847272078,91
1.3.6.1.4.1.14519.5.2.1.6279.6001.252709517998555732486024866345,outputs/luna16_saliency_synthetic_gt/1.3.6.1.4.1.14519.5.2.1.6279.6001.252709517998555732486024866345/surface_1.3.6.1.4.1.14519.5.2.1.6279.6001.252709517998555732486024866345.png,outputs/luna16_saliency_synthetic_gt/1.3.6.1.4.1.14519.5.2.1.6279.6001.252709517998555732486024866345/surface_grid_float_1.3.6.1.4.1.14519.5.2.1.6279.6001.252709517998555732486024866345.npy,0.4917987771390912,0.3556403517723083,0.2427822947502136,1.0,47.14892578125,12.259587287902832,0.4849777966737747,0.5568928569555283,0.5761258602142334,5.183490753173828,18,10,8,47.0,2,0.1068071970178021,92
1.3.6.1.4.1.14519.5.2.1.6279.6001.957384617596077920906744920611,outputs/luna16_saliency_synthetic_gt/1.3.6.1.4.1.14519.5.2.1.6279.6001.957384617596077920906744920611/surface_1.3.6.1.4.1.14519.5.2.1.6279.6001.957384617596077920906744920611.png,outputs/luna16_saliency_synthetic_gt/1.3.6.1.4.1.14519.5.2.1.6279.6001.957384617596077920906744920611/surface_grid_float_1.3.6.1.4.1.14519.5.2.1.6279.6001.957384617596077920906744920611.npy,0.5512362246601774,0.3120039701461792,0.2262704819440841,0.901960790157318,47.01683807373047,10.89252758026123,0.3841475248336792,0.4387097507715225,0.6341527104377747,6.323036193847656,18,10,8,46.0,2,0.1055738808545801,93
1.3.6.1.4.1.14519.5.2.1.6279.6001.285926554490515269336267972830,outputs/luna16_saliency_synthetic_gt/1.3.6.1.4.1.14519.5.2.1.6279.6001.285926554490515269336267972830/surface_1.3.6.1.4.1.14519.5.2.1.6279.6001.285926554490515269336267972830.png,outputs/luna16_saliency_synthetic_gt/1.3.6.1.4.1.14519.5.2.1.6279.6001.285926554490515269336267972830/surface_grid_float_1.3.6.1.4.1.14519.5.2.1.6279.6001.285926554490515269336267972830.npy,0.5713783275726154,0.3316996395587921,0.2303456962108612,0.91372549533844,38.45222473144531,7.079006195068359,0.6155977487564093,1.1178259778022774,2.0465986728668213,3.3629236221313477,28,20,8,30.0,4,0.1050949841578801,94
1.3.6.1.4.1.14519.5.2.1.6279.6001.246178337114401749164850220976,outputs/luna16_saliency_synthetic_gt/1.3.6.1.4.1.14519.5.2.1.6279.6001.246178337114401749164850220976/surface_1.3.6.1.4.1.14519.5.2.1.6279.6001.246178337114401749164850220976.png,outputs/luna16_saliency_synthetic_gt/1.3.6.1.4.1.14519.5.2.1.6279.6001.246178337114401749164850220976/surface_grid_float_1.3.6.1.4.1.14519.5.2.1.6279.6001.246178337114401749164850220976.npy,0.4429732921511627,0.3060540854930877,0.2247791737318039,0.8823529481887817,46.598785400390625,11.323481559753418,0.4088781237602231,0.451601787507534,0.4939033687114715,5.417365550994873,18,10,8,46.0,2,0.1032512860725323,95
1.3.6.1.4.1.14519.5.2.1.6279.6001.161073793312426102774780216551,outputs/luna16_saliency_synthetic_gt/1.3.6.1.4.1.14519.5.2.1.6279.6001.161073793312426102774780216551/surface_1.3.6.1.4.1.14519.5.2.1.6279.6001.161073793312426102774780216551.png,outputs/luna16_saliency_synthetic_gt/1.3.6.1.4.1.14519.5.2.1.6279.6001.161073793312426102774780216551/surface_grid_float_1.3.6.1.4.1.14519.5.2.1.6279.6001.161073793312426102774780216551.npy,0.4966591255853106,0.3174173533916473,0.2234207838773727,0.8627451062202454,41.879150390625,9.431323051452637,0.4486834764480586,0.7618820410966873,1.212497353553772,3.8419716358184814,23,15,8,40.0,3,0.1011927599635389,96
1.3.6.1.4.1.14519.5.2.1.6279.6001.811825890493256320617655474043,outputs/luna16_saliency_synthetic_gt/1.3.6.1.4.1.14519.5.2.1.6279.6001.811825890493256320617655474043/surface_1.3.6.1.4.1.14519.5.2.1.6279.6001.811825890493256320617655474043.png,outputs/luna16_saliency_synthetic_gt/1.3.6.1.4.1.14519.5.2.1.6279.6001.811825890493256320617655474043/surface_grid_float_1.3.6.1.4.1.14519.5.2.1.6279.6001.811825890493256320617655474043.npy,0.5802837624802942,0.3560625910758972,0.2388364821672439,0.9843137264251708,38.48136901855469,9.218549728393556,0.5780552625656123,0.7160676288604737,0.796811044216156,6.742548942565918,33,25,8,38.0,5,0.1006010859913296,97
1.3.6.1.4.1.14519.5.2.1.6279.6001.153181766344026020914478182395,outputs/luna16_saliency_synthetic_gt/1.3.6.1.4.1.14519.5.2.1.6279.6001.153181766344026020914478182395/surface_1.3.6.1.4.1.14519.5.2.1.6279.6001.153181766344026020914478182395.png,outputs/luna16_saliency_synthetic_gt/1.3.6.1.4.1.14519.5.2.1.6279.6001.153181766344026020914478182395/surface_grid_float_1.3.6.1.4.1.14519.5.2.1.6279.6001.153181766344026020914478182395.npy,0.6138810641627543,0.3014649152755737,0.2325844019651413,0.9333333373069764,33.37077331542969,5.779306888580322,0.4017322048544878,1.1352405190467842,2.0438430309295654,3.5023162364959717,18,10,8,30.0,2,0.0974580960671107,98
1.3.6.1.4.1.14519.5.2.1.6279.6001.140527383975300992150799777603,outputs/luna16_saliency_synthetic_gt/1.3.6.1.4.1.14519.5.2.1.6279.6001.140527383975300992150799777603/surface_1.3.6.1.4.1.14519.5.2.1.6279.6001.140527383975300992150799777603.png,outputs/luna16_saliency_synthetic_gt/1.3.6.1.4.1.14519.5.2.1.6279.6001.140527383975300992150799777603/surface_grid_float_1.3.6.1.4.1.14519.5.2.1.6279.6001.140527383975300992150799777603.npy,0.4845733472667158,0.3888948261737823,0.2400025576353073,1.0,37.9854736328125,7.488173484802246,0.5519632220268246,0.9497673821449274,1.1532983779907229,2.3430702686309814,18,10,8,36.0,2,0.0970089670048819,99
1.3.6.1.4.1.14519.5.2.1.6279.6001.259453428008507791234730686014,outputs/luna16_saliency_synthetic_gt/1.3.6.1.4.1.14519.5.2.1.6279.6001.259453428008507791234730686014/surface_1.3.6.1.4.1.14519.5.2.1.6279.6001.259453428008507791234730686014.png,outputs/luna16_saliency_synthetic_gt/1.3.6.1.4.1.14519.5.2.1.6279.6001.259453428008507791234730686014/surface_grid_float_1.3.6.1.4.1.14519.5.2.1.6279.6001.259453428008507791234730686014.npy,0.5724882629107981,0.3052709996700287,0.2331544309854507,0.886274516582489,41.052032470703125,8.607325553894043,0.5098512351512908,0.6144169056415567,0.7825336456298828,3.689812421798706,18,10,8,40.0,2,0.0950521444466379,100
1.3.6.1.4.1.14519.5.2.1.6279.6001.162207236104936931957809623059,outputs/luna16_saliency_synthetic_gt/1.3.6.1.4.1.14519.5.2.1.6279.6001.162207236104936931957809623059/surface_1.3.6.1.4.1.14519.5.2.1.6279.6001.162207236104936931957809623059.png,outputs/luna16_saliency_synthetic_gt/1.3.6.1.4.1.14519.5.2.1.6279.6001.162207236104936931957809623059/surface_grid_float_1.3.6.1.4.1.14519.5.2.1.6279.6001.162207236104936931957809623059.npy,0.5433444698435027,0.2904700040817261,0.2203279882669448,0.9090588289499192,37.136138916015625,7.74143648147583,0.3039994239807129,0.5970101654529583,1.8136141300201416,4.880513668060303,23,15,8,32.0,3,0.0906494557526376,101
1.3.6.1.4.1.14519.5.2.1.6279.6001.622243923620914676263059698181,outputs/luna16_saliency_synthetic_gt/1.3.6.1.4.1.14519.5.2.1.6279.6001.622243923620914676263059698181/surface_1.3.6.1.4.1.14519.5.2.1.6279.6001.622243923620914676263059698181.png,outputs/luna16_saliency_synthetic_gt/1.3.6.1.4.1.14519.5.2.1.6279.6001.622243923620914676263059698181/surface_grid_float_1.3.6.1.4.1.14519.5.2.1.6279.6001.622243923620914676263059698181.npy,0.6378674857393594,0.3411229848861694,0.236351728439331,1.0,37.334129333496094,8.923599243164062,0.2936579495668411,0.4096579936146735,0.4618412256240845,5.954376220703125,18,10,8,37.0,2,0.0877452358547184,102
1.3.6.1.4.1.14519.5.2.1.6279.6001.332453873575389860371315979768,outputs/luna16_saliency_synthetic_gt/1.3.6.1.4.1.14519.5.2.1.6279.6001.332453873575389860371315979768/surface_1.3.6.1.4.1.14519.5.2.1.6279.6001.332453873575389860371315979768.png,outputs/luna16_saliency_synthetic_gt/1.3.6.1.4.1.14519.5.2.1.6279.6001.332453873575389860371315979768/surface_grid_float_1.3.6.1.4.1.14519.5.2.1.6279.6001.332453873575389860371315979768.npy,0.6400822307732855,0.3083595931529999,0.2245417088270187,0.9607843160629272,34.11882019042969,7.320253372192383,0.3904881075024604,0.8216232252120969,1.1561381816864014,2.165029525756836,18,10,8,32.0,2,0.0863245737976497,103
1.3.6.1.4.1.14519.5.2.1.6279.6001.328695385904874796172316226975,outputs/luna16_saliency_synthetic_gt/1.3.6.1.4.1.14519.5.2.1.6279.6001.328695385904874796172316226975/surface_1.3.6.1.4.1.14519.5.2.1.6279.6001.328695385904874796172316226975.png,outputs/luna16_saliency_synthetic_gt/1.3.6.1.4.1.14519.5.2.1.6279.6001.328695385904874796172316226975/surface_grid_float_1.3.6.1.4.1.14519.5.2.1.6279.6001.328695385904874796172316226975.npy,0.566573902288188,0.3200138807296753,0.2266849726438522,0.8980392217636108,38.34892272949219,8.173575401306152,0.4218229591846464,0.493819333910942,0.5188860297203064,3.32633638381958,18,10,8,38.0,2,0.0861213098638587,104
1.3.6.1.4.1.14519.5.2.1.6279.6001.175318131822744218104175746898,outputs/luna16_saliency_synthetic_gt/1.3.6.1.4.1.14519.5.2.1.6279.6001.175318131822744218104175746898/surface_1.3.6.1.4.1.14519.5.2.1.6279.6001.175318131822744218104175746898.png,outputs/luna16_saliency_synthetic_gt/1.3.6.1.4.1.14519.5.2.1.6279.6001.175318131822744218104175746898/surface_grid_float_1.3.6.1.4.1.14519.5.2.1.6279.6001.175318131822744218104175746898.npy,0.6227488151658768,0.35321244597435,0.2414542585611343,0.9686274528503418,38.707763671875,9.79225730895996,0.3853742882609367,0.4451971897482871,0.4807884097099304,3.5457890033721924,18,10,8,38.0,2,0.0857483862641784,105
1.3.6.1.4.1.14519.5.2.1.6279.6001.296863826932699509516219450076,outputs/luna16_saliency_synthetic_gt/1.3.6.1.4.1.14519.5.2.1.6279.6001.296863826932699509516219450076/surface_1.3.6.1.4.1.14519.5.2.1.6279.6001.296863826932699509516219450076.png,outputs/luna16_saliency_synthetic_gt/1.3.6.1.4.1.14519.5.2.1.6279.6001.296863826932699509516219450076/surface_grid_float_1.3.6.1.4.1.14519.5.2.1.6279.6001.296863826932699509516219450076.npy,0.5895682488602842,0.3521429598331451,0.2397541254758834,0.9647058844566344,37.59715270996094,8.261245727539062,0.3372755646705627,0.4642843931913375,0.8948813080787659,3.536884069442749,23,15,8,36.0,3,0.0844501953555477,106
1.3.6.1.4.1.14519.5.2.1.6279.6001.171682845383273105440297561095,outputs/luna16_saliency_synthetic_gt/1.3.6.1.4.1.14519.5.2.1.6279.6001.171682845383273105440297561095/surface_1.3.6.1.4.1.14519.5.2.1.6279.6001.171682845383273105440297561095.png,outputs/luna16_saliency_synthetic_gt/1.3.6.1.4.1.14519.5.2.1.6279.6001.171682845383273105440297561095/surface_grid_float_1.3.6.1.4.1.14519.5.2.1.6279.6001.171682845383273105440297561095.npy,0.5910178049428647,0.3286921679973602,0.2253980785608291,0.9058823585510254,27.091827392578125,4.909880638122559,0.3649559035897251,1.1173020160198213,3.651590347290039,2.452749729156494,18,10,8,16.0,2,0.0841226610885726,107
1.3.6.1.4.1.14519.5.2.1.6279.6001.144943344795414353192059796098,outputs/luna16_saliency_synthetic_gt/1.3.6.1.4.1.14519.5.2.1.6279.6001.144943344795414353192059796098/surface_1.3.6.1.4.1.14519.5.2.1.6279.6001.144943344795414353192059796098.png,outputs/luna16_saliency_synthetic_gt/1.3.6.1.4.1.14519.5.2.1.6279.6001.144943344795414353192059796098/surface_grid_float_1.3.6.1.4.1.14519.5.2.1.6279.6001.144943344795414353192059796098.npy,0.5656316590563166,0.3432449102401733,0.2322998642921447,0.9647058844566344,32.82281494140625,6.073047161102295,0.4450218454003333,0.7297815161943436,0.8521828055381775,3.0481693744659424,18,10,8,32.0,2,0.0833718467758761,108
1.3.6.1.4.1.14519.5.2.1.6279.6001.319009811633846643966578282371,outputs/luna16_saliency_synthetic_gt/1.3.6.1.4.1.14519.5.2.1.6279.6001.319009811633846643966578282371/surface_1.3.6.1.4.1.14519.5.2.1.6279.6001.319009811633846643966578282371.png,outputs/luna16_saliency_synthetic_gt/1.3.6.1.4.1.14519.5.2.1.6279.6001.319009811633846643966578282371/surface_grid_float_1.3.6.1.4.1.14519.5.2.1.6279.6001.319009811633846643966578282371.npy,0.5940519323671497,0.3632986843585968,0.2404890954494476,1.0,33.329254150390625,8.280503273010254,0.3780087068676949,0.474091672301293,0.5218886137008667,5.693939685821533,18,10,8,33.0,2,0.0824247063881821,109
1.3.6.1.4.1.14519.5.2.1.6279.6001.669518152156802508672627785405,outputs/luna16_saliency_synthetic_gt/1.3.6.1.4.1.14519.5.2.1.6279.6001.669518152156802508672627785405/surface_1.3.6.1.4.1.14519.5.2.1.6279.6001.669518152156802508672627785405.png,outputs/luna16_saliency_synthetic_gt/1.3.6.1.4.1.14519.5.2.1.6279.6001.669518152156802508672627785405/surface_grid_float_1.3.6.1.4.1.14519.5.2.1.6279.6001.669518152156802508672627785405.npy,0.2643176582192709,0.3531191349029541,0.2338590621948242,0.8823529481887817,12.48369598388672,2.9073853492736816,0.1594745561480522,0.3223788416385652,1.298223614692688,0.9818443655967712,13,5,8,4.0,1,0.0816207397507109,110
1.3.6.1.4.1.14519.5.2.1.6279.6001.300271604576987336866436407488,outputs/luna16_saliency_synthetic_gt/1.3.6.1.4.1.14519.5.2.1.6279.6001.300271604576987336866436407488/surface_1.3.6.1.4.1.14519.5.2.1.6279.6001.300271604576987336866436407488.png,outputs/luna16_saliency_synthetic_gt/1.3.6.1.4.1.14519.5.2.1.6279.6001.300271604576987336866436407488/surface_grid_float_1.3.6.1.4.1.14519.5.2.1.6279.6001.300271604576987336866436407488.npy,0.5383299798792757,0.328414112329483,0.2418588995933532,0.9333333373069764,35.83892822265625,8.533356666564941,0.3240484118461608,0.4024167907238007,0.9956212043762208,3.587200403213501,18,10,8,34.0,2,0.07977560721106,111
1.3.6.1.4.1.14519.5.2.1.6279.6001.138674679709964033277400089532,outputs/luna16_saliency_synthetic_gt/1.3.6.1.4.1.14519.5.2.1.6279.6001.138674679709964033277400089532/surface_1.3.6.1.4.1.14519.5.2.1.6279.6001.138674679709964033277400089532.png,outputs/luna16_saliency_synthetic_gt/1.3.6.1.4.1.14519.5.2.1.6279.6001.138674679709964033277400089532/surface_grid_float_1.3.6.1.4.1.14519.5.2.1.6279.6001.138674679709964033277400089532.npy,0.5705587477241021,0.3530941009521484,0.2188091725111007,0.9254902005195618,30.05272674560547,3.6031455993652344,0.2588091760873793,0.8085420310497285,3.675999164581299,2.10219407081604,18,10,8,22.0,2,0.0790156812204255,112
1.3.6.1.4.1.14519.5.2.1.6279.6001.226564372605239604660221582288,outputs/luna16_saliency_synthetic_gt/1.3.6.1.4.1.14519.5.2.1.6279.6001.226564372605239604660221582288/surface_1.3.6.1.4.1.14519.5.2.1.6279.6001.226564372605239604660221582288.png,outputs/luna16_saliency_synthetic_gt/1.3.6.1.4.1.14519.5.2.1.6279.6001.226564372605239604660221582288/surface_grid_float_1.3.6.1.4.1.14519.5.2.1.6279.6001.226564372605239604660221582288.npy,0.5832971565009768,0.3566989302635193,0.233468472957611,0.9411764740943908,31.476341247558594,7.807101726531982,0.3126260176301002,0.3278305557370186,0.3368711471557617,4.598554611206055,18,10,8,31.0,2,0.0725144956651661,113
1.3.6.1.4.1.14519.5.2.1.6279.6001.120196332569034738680965284519,outputs/luna16_saliency_synthetic_gt/1.3.6.1.4.1.14519.5.2.1.6279.6001.120196332569034738680965284519/surface_1.3.6.1.4.1.14519.5.2.1.6279.6001.120196332569034738680965284519.png,outputs/luna16_saliency_synthetic_gt/1.3.6.1.4.1.14519.5.2.1.6279.6001.120196332569034738680965284519/surface_grid_float_1.3.6.1.4.1.14519.5.2.1.6279.6001.120196332569034738680965284519.npy,0.4620591093580289,0.3118638098239898,0.2195958346128463,0.843137264251709,32.31263732910156,7.963346004486084,0.2557868421077728,0.2883307826519012,0.2971211075782776,3.4696059226989746,18,10,8,32.0,2,0.0702145544118351,114
1.3.6.1.4.1.14519.5.2.1.6279.6001.238522526736091851696274044574,outputs/luna16_saliency_synthetic_gt/1.3.6.1.4.1.14519.5.2.1.6279.6001.238522526736091851696274044574/surface_1.3.6.1.4.1.14519.5.2.1.6279.6001.238522526736091851696274044574.png,outputs/luna16_saliency_synthetic_gt/1.3.6.1.4.1.14519.5.2.1.6279.6001.238522526736091851696274044574/surface_grid_float_1.3.6.1.4.1.14519.5.2.1.6279.6001.238522526736091851696274044574.npy,0.6432530684231365,0.3252282440662384,0.2319658100605011,0.8901960849761963,28.047271728515625,5.299068927764893,0.3924166411161423,0.4941658824682235,0.5360790491104126,3.678055047988891,18,10,8,27.0,2,0.0697438850171036,115
1.3.6.1.4.1.14519.5.2.1.6279.6001.335866409407244673864352309754,outputs/luna16_saliency_synthetic_gt/1.3.6.1.4.1.14519.5.2.1.6279.6001.335866409407244673864352309754/surface_1.3.6.1.4.1.14519.5.2.1.6279.6001.335866409407244673864352309754.png,outputs/luna16_saliency_synthetic_gt/1.3.6.1.4.1.14519.5.2.1.6279.6001.335866409407244673864352309754/surface_grid_float_1.3.6.1.4.1.14519.5.2.1.6279.6001.335866409407244673864352309754.npy,0.5973553719008264,0.3769266009330749,0.2470908463001251,0.9921568632125854,30.259918212890625,7.900739669799805,0.2944540277123451,0.3179515591263776,0.3281027972698211,4.318239212036133,18,10,8,30.0,2,0.0695678309331337,116
1.3.6.1.4.1.14519.5.2.1.6279.6001.238042459915048190592571019348,outputs/luna16_saliency_synthetic_gt/1.3.6.1.4.1.14519.5.2.1.6279.6001.238042459915048190592571019348/surface_1.3.6.1.4.1.14519.5.2.1.6279.6001.238042459915048190592571019348.png,outputs/luna16_saliency_synthetic_gt/1.3.6.1.4.1.14519.5.2.1.6279.6001.238042459915048190592571019348/surface_grid_float_1.3.6.1.4.1.14519.5.2.1.6279.6001.238042459915048190592571019348.npy,0.2634198074726709,0.3928744196891784,0.2194138318300247,0.8745098114013672,5.5372467041015625,1.4873051643371582,0.0980824925005435,0.1187677955627441,0.1651586592197418,0.9915165901184082,13,5,8,0.0,1,0.0644695443038837,117
1.3.6.1.4.1.14519.5.2.1.6279.6001.803808126682275425758092691689,outputs/luna16_saliency_synthetic_gt/1.3.6.1.4.1.14519.5.2.1.6279.6001.803808126682275425758092691689/surface_1.3.6.1.4.1.14519.5.2.1.6279.6001.803808126682275425758092691689.png,outputs/luna16_saliency_synthetic_gt/1.3.6.1.4.1.14519.5.2.1.6279.6001.803808126682275425758092691689/surface_grid_float_1.3.6.1.4.1.14519.5.2.1.6279.6001.803808126682275425758092691689.npy,0.4914011437908496,0.3948215544223785,0.2209462821483612,1.0,24.233871459960938,4.0473761558532715,0.2907650664448731,0.6094267815351463,2.0525588989257812,1.6676725149154663,23,15,8,21.0,3,0.0623785281346903,118
1.3.6.1.4.1.14519.5.2.1.6279.6001.221945191226273284587353530424,outputs/luna16_saliency_synthetic_gt/1.3.6.1.4.1.14519.5.2.1.6279.6001.221945191226273284587353530424/surface_1.3.6.1.4.1.14519.5.2.1.6279.6001.221945191226273284587353530424.png,outputs/luna16_saliency_synthetic_gt/1.3.6.1.4.1.14519.5.2.1.6279.6001.221945191226273284587353530424/surface_grid_float_1.3.6.1.4.1.14519.5.2.1.6279.6001.221945191226273284587353530424.npy,0.6135262915129152,0.3307475745677948,0.2454332560300827,1.0,28.150146484375,6.616506576538086,0.2746917441487311,0.3150141483545306,0.7984104156494141,2.466769218444824,18,10,8,27.0,2,0.0618490446322494,119
1.3.6.1.4.1.14519.5.2.1.6279.6001.308153138776443962077214577161,outputs/luna16_saliency_synthetic_gt/1.3.6.1.4.1.14519.5.2.1.6279.6001.308153138776443962077214577161/surface_1.3.6.1.4.1.14519.5.2.1.6279.6001.308153138776443962077214577161.png,outputs/luna16_saliency_synthetic_gt/1.3.6.1.4.1.14519.5.2.1.6279.6001.308153138776443962077214577161/surface_grid_float_1.3.6.1.4.1.14519.5.2.1.6279.6001.308153138776443962077214577161.npy,0.6674766620091934,0.3382358253002167,0.229067176580429,0.91372549533844,25.230255126953125,6.4390716552734375,0.294756582379341,0.3385304480791092,0.3573406934738159,3.6107001304626465,18,10,8,25.0,2,0.0602301167216565,120
1.3.6.1.4.1.14519.5.2.1.6279.6001.414288023902112119945238126594,outputs/luna16_saliency_synthetic_gt/1.3.6.1.4.1.14519.5.2.1.6279.6001.414288023902112119945238126594/surface_1.3.6.1.4.1.14519.5.2.1.6279.6001.414288023902112119945238126594.png,outputs/luna16_saliency_synthetic_gt/1.3.6.1.4.1.14519.5.2.1.6279.6001.414288023902112119945238126594/surface_grid_float_1.3.6.1.4.1.14519.5.2.1.6279.6001.414288023902112119945238126594.npy,0.6171862784952625,0.3168545067310333,0.2365686744451522,0.9058823585510254,21.266754150390625,4.168794631958008,0.237505952268838,0.6176356726884843,1.982390284538269,2.441733121871948,23,15,8,19.0,3,0.0593997340354654,121
1.3.6.1.4.1.14519.5.2.1.6279.6001.232011770495640253949434620907,outputs/luna16_saliency_synthetic_gt/1.3.6.1.4.1.14519.5.2.1.6279.6001.232011770495640253949434620907/surface_1.3.6.1.4.1.14519.5.2.1.6279.6001.232011770495640253949434620907.png,outputs/luna16_saliency_synthetic_gt/1.3.6.1.4.1.14519.5.2.1.6279.6001.232011770495640253949434620907/surface_grid_float_1.3.6.1.4.1.14519.5.2.1.6279.6001.232011770495640253949434620907.npy,0.5887284701114488,0.3497458100318908,0.2254464924335479,1.0,25.945465087890625,5.848024368286133,0.2235443957149982,0.2531216454505921,0.4348325431346893,3.7387256622314458,18,10,8,25.0,2,0.059144370426072,122
1.3.6.1.4.1.14519.5.2.1.6279.6001.292576688635952269497781991202,outputs/luna16_saliency_synthetic_gt/1.3.6.1.4.1.14519.5.2.1.6279.6001.292576688635952269497781991202/surface_1.3.6.1.4.1.14519.5.2.1.6279.6001.292576688635952269497781991202.png,outputs/luna16_saliency_synthetic_gt/1.3.6.1.4.1.14519.5.2.1.6279.6001.292576688635952269497781991202/surface_grid_float_1.3.6.1.4.1.14519.5.2.1.6279.6001.292576688635952269497781991202.npy,0.6680524344569289,0.3558443784713745,0.2663854360580444,1.0,25.28282165527344,6.1758832931518555,0.2583577185869217,0.2989136639237406,0.3203088939189911,2.474463939666748,18,10,8,25.0,2,0.0566042547646496,123
1.3.6.1.4.1.14519.5.2.1.6279.6001.202476538079060560282495099956,outputs/luna16_saliency_synthetic_gt/1.3.6.1.4.1.14519.5.2.1.6279.6001.202476538079060560282495099956/surface_1.3.6.1.4.1.14519.5.2.1.6279.6001.202476538079060560282495099956.png,outputs/luna16_saliency_synthetic_gt/1.3.6.1.4.1.14519.5.2.1.6279.6001.202476538079060560282495099956/surface_grid_float_1.3.6.1.4.1.14519.5.2.1.6279.6001.202476538079060560282495099956.npy,0.5297131778174432,0.3069417774677276,0.2312956750392913,0.9167058873176654,24.102569580078125,5.21428108215332,0.2154933966696262,0.2842798861861229,0.6562371253967285,2.8765361309051514,18,10,8,23.0,2,0.0550916483988364,124
1.3.6.1.4.1.14519.5.2.1.6279.6001.113586291551175790743673929831,outputs/luna16_saliency_synthetic_gt/1.3.6.1.4.1.14519.5.2.1.6279.6001.113586291551175790743673929831/surface_1.3.6.1.4.1.14519.5.2.1.6279.6001.113586291551175790743673929831.png,outputs/luna16_saliency_synthetic_gt/1.3.6.1.4.1.14519.5.2.1.6279.6001.113586291551175790743673929831/surface_grid_float_1.3.6.1.4.1.14519.5.2.1.6279.6001.113586291551175790743673929831.npy,0.4828333622333969,0.3498740196228027,0.2133481055498123,0.9333333373069764,24.269027709960938,6.14270544052124,0.2239238590002059,0.2434424084424972,0.2506385147571563,2.725515365600586,18,10,8,24.0,2,0.0538083525823222,125
1.3.6.1.4.1.14519.5.2.1.6279.6001.151669338315069779994664893123,outputs/luna16_saliency_synthetic_gt/1.3.6.1.4.1.14519.5.2.1.6279.6001.151669338315069779994664893123/surface_1.3.6.1.4.1.14519.5.2.1.6279.6001.151669338315069779994664893123.png,outputs/luna16_saliency_synthetic_gt/1.3.6.1.4.1.14519.5.2.1.6279.6001.151669338315069779994664893123/surface_grid_float_1.3.6.1.4.1.14519.5.2.1.6279.6001.151669338315069779994664893123.npy,0.6458073945758674,0.3416748344898224,0.2393988668918609,0.9843137264251708,21.482925415039062,5.525187015533447,0.1992995306849479,0.2982261323928833,0.3475660681724548,2.9409971237182617,18,10,8,21.0,2,0.0512872088273366,126
1.3.6.1.4.1.14519.5.2.1.6279.6001.245349763807614756148761326488,outputs/luna16_saliency_synthetic_gt/1.3.6.1.4.1.14519.5.2.1.6279.6001.245349763807614756148761326488/surface_1.3.6.1.4.1.14519.5.2.1.6279.6001.245349763807614756148761326488.png,outputs/luna16_saliency_synthetic_gt/1.3.6.1.4.1.14519.5.2.1.6279.6001.245349763807614756148761326488/surface_grid_float_1.3.6.1.4.1.14519.5.2.1.6279.6001.245349763807614756148761326488.npy,0.595623470068986,0.3340800702571869,0.2421789914369583,1.0,22.398269653320312,4.9663825035095215,0.2026912599802016,0.264775584936142,1.2902746200561523,2.61947250366211,18,10,8,21.0,2,0.0510947669784227,127
1.3.6.1.4.1.14519.5.2.1.6279.6001.145283812746259413053188838096,outputs/luna16_saliency_synthetic_gt/1.3.6.1.4.1.14519.5.2.1.6279.6001.145283812746259413053188838096/surface_1.3.6.1.4.1.14519.5.2.1.6279.6001.145283812746259413053188838096.png,outputs/luna16_saliency_synthetic_gt/1.3.6.1.4.1.14519.5.2.1.6279.6001.145283812746259413053188838096/surface_grid_float_1.3.6.1.4.1.14519.5.2.1.6279.6001.145283812746259413053188838096.npy,0.5552004823635815,0.331248015165329,0.2384061217308044,0.9372549057006836,20.43122100830078,4.535281181335449,0.1757130563259124,0.1969855718314647,0.4082249999046325,3.480638027191162,18,10,8,19.0,2,0.0476963533403144,128
1.3.6.1.4.1.14519.5.2.1.6279.6001.121805476976020513950614465787,outputs/luna16_saliency_synthetic_gt/1.3.6.1.4.1.14519.5.2.1.6279.6001.121805476976020513950614465787/surface_1.3.6.1.4.1.14519.5.2.1.6279.6001.121805476976020513950614465787.png,outputs/luna16_saliency_synthetic_gt/1.3.6.1.4.1.14519.5.2.1.6279.6001.121805476976020513950614465787/surface_grid_float_1.3.6.1.4.1.14519.5.2.1.6279.6001.121805476976020513950614465787.npy,0.299866234501209,0.3776027858257293,0.2329401969909668,0.8784313797950745,6.593109130859375,1.787017583847046,0.1141719758510589,0.1391006222367286,0.1906494051218032,1.2130028009414673,13,5,8,0.0,1,0.0465049616643798,129
1.3.6.1.4.1.14519.5.2.1.6279.6001.144438612068946916340281098509,outputs/luna16_saliency_synthetic_gt/1.3.6.1.4.1.14519.5.2.1.6279.6001.144438612068946916340281098509/surface_1.3.6.1.4.1.14519.5.2.1.6279.6001.144438612068946916340281098509.png,outputs/luna16_saliency_synthetic_gt/1.3.6.1.4.1.14519.5.2.1.6279.6001.144438612068946916340281098509/surface_grid_float_1.3.6.1.4.1.14519.5.2.1.6279.6001.144438612068946916340281098509.npy,0.628652123100896,0.3333591520786285,0.2209999859333038,0.9098039269447328,16.96124267578125,2.2266688346862793,0.1813249960541721,0.3926236993074417,1.0505383014678955,2.530202865600586,13,5,8,5.0,1,0.0456701218068599,130
1.3.6.1.4.1.14519.5.2.1.6279.6001.170825539570536865106681134236,outputs/luna16_saliency_synthetic_gt/1.3.6.1.4.1.14519.5.2.1.6279.6001.170825539570536865106681134236/surface_1.3.6.1.4.1.14519.5.2.1.6279.6001.170825539570536865106681134236.png,outputs/luna16_saliency_synthetic_gt/1.3.6.1.4.1.14519.5.2.1.6279.6001.170825539570536865106681134236/surface_grid_float_1.3.6.1.4.1.14519.5.2.1.6279.6001.170825539570536865106681134236.npy,0.5797984399020668,0.3443447649478912,0.2487752437591552,0.9411764740943908,20.24005126953125,5.010622024536133,0.2023318171501159,0.2212721145153049,0.2410032600164413,2.357116222381592,18,10,8,20.0,2,0.045609618267748,131
1.3.6.1.4.1.14519.5.2.1.6279.6001.213022585153512920098588556742,outputs/luna16_saliency_synthetic_gt/1.3.6.1.4.1.14519.5.2.1.6279.6001.213022585153512920098588556742/surface_1.3.6.1.4.1.14519.5.2.1.6279.6001.213022585153512920098588556742.png,outputs/luna16_saliency_synthetic_gt/1.3.6.1.4.1.14519.5.2.1.6279.6001.213022585153512920098588556742/surface_grid_float_1.3.6.1.4.1.14519.5.2.1.6279.6001.213022585153512920098588556742.npy,0.6043161814488829,0.3003423511981964,0.2241447567939758,0.8627451062202454,18.409637451171875,3.174717426300049,0.2404463417828082,0.3044261789321899,0.5836797952651978,1.3866233825683594,23,15,8,17.0,3,0.0428968997478485,132
1.3.6.1.4.1.14519.5.2.1.6279.6001.965620538050807352935663552285,outputs/luna16_saliency_synthetic_gt/1.3.6.1.4.1.14519.5.2.1.6279.6001.965620538050807352935663552285/surface_1.3.6.1.4.1.14519.5.2.1.6279.6001.965620538050807352935663552285.png,outputs/luna16_saliency_synthetic_gt/1.3.6.1.4.1.14519.5.2.1.6279.6001.965620538050807352935663552285/surface_grid_float_1.3.6.1.4.1.14519.5.2.1.6279.6001.965620538050807352935663552285.npy,0.5507931274499029,0.3230709433555603,0.214246928691864,0.8588235378265381,15.902481079101562,2.724236488342285,0.1461415365338325,0.2731866866350179,1.1285052299499512,2.161811590194702,13,5,8,3.0,1,0.0395037614868747,133
1.3.6.1.4.1.14519.5.2.1.6279.6001.397202838387416555106806022938,outputs/luna16_saliency_synthetic_gt/1.3.6.1.4.1.14519.5.2.1.6279.6001.397202838387416555106806022938/surface_1.3.6.1.4.1.14519.5.2.1.6279.6001.397202838387416555106806022938.png,outputs/luna16_saliency_synthetic_gt/1.3.6.1.4.1.14519.5.2.1.6279.6001.397202838387416555106806022938/surface_grid_float_1.3.6.1.4.1.14519.5.2.1.6279.6001.397202838387416555106806022938.npy,0.3980220158238734,0.5007666349411011,0.1963889002799987,0.9058823585510254,13.53570556640625,2.3393685817718506,0.1442101083695888,0.2529051887989044,0.5623204112052917,2.0159099102020264,13,5,8,4.0,1,0.0364320146017604,134
1.3.6.1.4.1.14519.5.2.1.6279.6001.108193664222196923321844991231,outputs/luna16_saliency_synthetic_gt/1.3.6.1.4.1.14519.5.2.1.6279.6001.108193664222196923321844991231/surface_1.3.6.1.4.1.14519.5.2.1.6279.6001.108193664222196923321844991231.png,outputs/luna16_saliency_synthetic_gt/1.3.6.1.4.1.14519.5.2.1.6279.6001.108193664222196923321844991231/surface_grid_float_1.3.6.1.4.1.14519.5.2.1.6279.6001.108193664222196923321844991231.npy,0.6845547543182962,0.3565602600574493,0.2391214966773986,1.0,13.467636108398438,2.814119338989258,0.216803926974535,0.274871115088463,0.4124771058559418,1.9307936429977417,18,10,8,13.0,2,0.0349828461733129,135
1.3.6.1.4.1.14519.5.2.1.6279.6001.245546033414728092794968890929,outputs/luna16_saliency_synthetic_gt/1.3.6.1.4.1.14519.5.2.1.6279.6001.245546033414728092794968890929/surface_1.3.6.1.4.1.14519.5.2.1.6279.6001.245546033414728092794968890929.png,outputs/luna16_saliency_synthetic_gt/1.3.6.1.4.1.14519.5.2.1.6279.6001.245546033414728092794968890929/surface_grid_float_1.3.6.1.4.1.14519.5.2.1.6279.6001.245546033414728092794968890929.npy,0.5582114906267063,0.3520082235336303,0.2369888871908188,0.9215686321258544,13.324081420898438,1.8260854482650757,0.138851748406887,0.2774067518115045,1.1256444454193115,1.8716912269592283,13,5,8,3.0,1,0.0346883187601963,136
1.3.6.1.4.1.14519.5.2.1.6279.6001.340012777775661021262977442176,outputs/luna16_saliency_synthetic_gt/1.3.6.1.4.1.14519.5.2.1.6279.6001.340012777775661021262977442176/surface_1.3.6.1.4.1.14519.5.2.1.6279.6001.340012777775661021262977442176.png,outputs/luna16_saliency_synthetic_gt/1.3.6.1.4.1.14519.5.2.1.6279.6001.340012777775661021262977442176/surface_grid_float_1.3.6.1.4.1.14519.5.2.1.6279.6001.340012777775661021262977442176.npy,0.3199409703006825,0.4020761251449585,0.2311868816614151,0.9686274528503418,6.0974273681640625,1.7531582117080688,0.1288320295512675,0.1563270656764507,0.2157771736383438,1.0834370851516724,13,5,8,0.0,1,0.0344364172838473,137
1.3.6.1.4.1.14519.5.2.1.6279.6001.619372068417051974713149104919,outputs/luna16_saliency_synthetic_gt/1.3.6.1.4.1.14519.5.2.1.6279.6001.619372068417051974713149104919/surface_1.3.6.1.4.1.14519.5.2.1.6279.6001.619372068417051974713149104919.png,outputs/luna16_saliency_synthetic_gt/1.3.6.1.4.1.14519.5.2.1.6279.6001.619372068417051974713149104919/surface_grid_float_1.3.6.1.4.1.14519.5.2.1.6279.6001.619372068417051974713149104919.npy,0.5623288012351213,0.319960206747055,0.23756805062294,1.0,12.780258178710938,2.785212993621826,0.1400065153837204,0.2633293390274046,0.6569153666496277,1.6963562965393066,13,5,8,5.0,1,0.0329699911276499,138
1.3.6.1.4.1.14519.5.2.1.6279.6001.311236942972970815890902714604,outputs/luna16_saliency_synthetic_gt/1.3.6.1.4.1.14519.5.2.1.6279.6001.311236942972970815890902714604/surface_1.3.6.1.4.1.14519.5.2.1.6279.6001.311236942972970815890902714604.png,outputs/luna16_saliency_synthetic_gt/1.3.6.1.4.1.14519.5.2.1.6279.6001.311236942972970815890902714604/surface_grid_float_1.3.6.1.4.1.14519.5.2.1.6279.6001.311236942972970815890902714604.npy,0.6165579820038419,0.3170777261257171,0.232335552573204,0.929411768913269,13.436187744140623,3.060608386993408,0.1522388376295566,0.2064301185309886,0.2235752642154693,1.7841777801513672,18,10,8,13.0,2,0.0325513893076115,139
1.3.6.1.4.1.14519.5.2.1.6279.6001.842980983137518332429408284002,outputs/luna16_saliency_synthetic_gt/1.3.6.1.4.1.14519.5.2.1.6279.6001.842980983137518332429408284002/surface_1.3.6.1.4.1.14519.5.2.1.6279.6001.842980983137518332429408284002.png,outputs/luna16_saliency_synthetic_gt/1.3.6.1.4.1.14519.5.2.1.6279.6001.842980983137518332429408284002/surface_grid_float_1.3.6.1.4.1.14519.5.2.1.6279.6001.842980983137518332429408284002.npy,0.5360196056081158,0.3924569487571716,0.2534105777740478,1.0,13.363853454589844,3.3747189044952393,0.1293436288833618,0.1435326968133449,0.1600046902894973,2.054957151412964,18,10,8,13.0,2,0.0311456414429677,140
1.3.6.1.4.1.14519.5.2.1.6279.6001.306520140119968755187868602181,outputs/luna16_saliency_synthetic_gt/1.3.6.1.4.1.14519.5.2.1.6279.6001.306520140119968755187868602181/surface_1.3.6.1.4.1.14519.5.2.1.6279.6001.306520140119968755187868602181.png,outputs/luna16_saliency_synthetic_gt/1.3.6.1.4.1.14519.5.2.1.6279.6001.306520140119968755187868602181/surface_grid_float_1.3.6.1.4.1.14519.5.2.1.6279.6001.306520140119968755187868602181.npy,0.5799612403100776,0.3500323295593261,0.2234270870685577,0.9333333373069764,13.134750366210938,3.212657928466797,0.1409955568611621,0.1591465543210506,0.178203210234642,1.3321857452392578,23,15,8,13.0,3,0.0296260600071814,141
1.3.6.1.4.1.14519.5.2.1.6279.6001.309955814083231537823157605135,outputs/luna16_saliency_synthetic_gt/1.3.6.1.4.1.14519.5.2.1.6279.6001.309955814083231537823157605135/surface_1.3.6.1.4.1.14519.5.2.1.6279.6001.309955814083231537823157605135.png,outputs/luna16_saliency_synthetic_gt/1.3.6.1.4.1.14519.5.2.1.6279.6001.309955814083231537823157605135/surface_grid_float_1.3.6.1.4.1.14519.5.2.1.6279.6001.309955814083231537823157605135.npy,0.5577917303014877,0.3054531216621399,0.2270128428936004,0.8705882430076599,12.421722412109377,2.7620644569396973,0.1305065661668777,0.1936261290311813,0.2145546376705169,1.359774827957153,18,10,8,12.0,2,0.0295333763976891,142
1.3.6.1.4.1.14519.5.2.1.6279.6001.314836406260772370397541392345,outputs/luna16_saliency_synthetic_gt/1.3.6.1.4.1.14519.5.2.1.6279.6001.314836406260772370397541392345/surface_1.3.6.1.4.1.14519.5.2.1.6279.6001.314836406260772370397541392345.png,outputs/luna16_saliency_synthetic_gt/1.3.6.1.4.1.14519.5.2.1.6279.6001.314836406260772370397541392345/surface_grid_float_1.3.6.1.4.1.14519.5.2.1.6279.6001.314836406260772370397541392345.npy,0.3508118179398456,0.4008565247058868,0.2573427259922027,1.0,11.604736328125,2.084355354309082,0.1584324285387992,0.1935681873559951,0.3511371910572052,1.9198952913284304,13,5,8,3.0,1,0.0294147068149513,143
1.3.6.1.4.1.14519.5.2.1.6279.6001.139577698050713461261415990027,outputs/luna16_saliency_synthetic_gt/1.3.6.1.4.1.14519.5.2.1.6279.6001.139577698050713461261415990027/surface_1.3.6.1.4.1.14519.5.2.1.6279.6001.139577698050713461261415990027.png,outputs/luna16_saliency_synthetic_gt/1.3.6.1.4.1.14519.5.2.1.6279.6001.139577698050713461261415990027/surface_grid_float_1.3.6.1.4.1.14519.5.2.1.6279.6001.139577698050713461261415990027.npy,0.4538374398187482,0.3302110433578491,0.2367035150527954,1.0,12.156494140625,3.074104070663452,0.1247565753757953,0.154477504491806,0.1633352488279342,1.5472601652145386,18,10,8,12.0,2,0.0283335046251614,144
1.3.6.1.4.1.14519.5.2.1.6279.6001.300392272203629213913702120739,outputs/luna16_saliency_synthetic_gt/1.3.6.1.4.1.14519.5.2.1.6279.6001.300392272203629213913702120739/surface_1.3.6.1.4.1.14519.5.2.1.6279.6001.300392272203629213913702120739.png,outputs/luna16_saliency_synthetic_gt/1.3.6.1.4.1.14519.5.2.1.6279.6001.300392272203629213913702120739/surface_grid_float_1.3.6.1.4.1.14519.5.2.1.6279.6001.300392272203629213913702120739.npy,0.5280757485075886,0.3304906785488128,0.2561449110507965,1.0,10.656143188476562,1.9865682125091553,0.1370406344532966,0.2031755864620208,0.4891486167907715,1.5536766052246094,13,5,8,4.0,1,0.0273081209195984,145
1.3.6.1.4.1.14519.5.2.1.6279.6001.279953669991076107785464313394,outputs/luna16_saliency_synthetic_gt/1.3.6.1.4.1.14519.5.2.1.6279.6001.279953669991076107785464313394/surface_1.3.6.1.4.1.14519.5.2.1.6279.6001.279953669991076107785464313394.png,outputs/luna16_saliency_synthetic_gt/1.3.6.1.4.1.14519.5.2.1.6279.6001.279953669991076107785464313394/surface_grid_float_1.3.6.1.4.1.14519.5.2.1.6279.6001.279953669991076107785464313394.npy,0.5620349259639716,0.339272141456604,0.2256602346897125,0.9254902005195618,10.015670776367188,1.985334634780884,0.1119887568056583,0.1904355138540268,0.7732153534889221,1.3661459684371948,13,5,8,3.0,1,0.0254417299727598,146
1.3.6.1.4.1.14519.5.2.1.6279.6001.177888806135892723698313903329,outputs/luna16_saliency_synthetic_gt/1.3.6.1.4.1.14519.5.2.1.6279.6001.177888806135892723698313903329/surface_1.3.6.1.4.1.14519.5.2.1.6279.6001.177888806135892723698313903329.png,outputs/luna16_saliency_synthetic_gt/1.3.6.1.4.1.14519.5.2.1.6279.6001.177888806135892723698313903329/surface_grid_float_1.3.6.1.4.1.14519.5.2.1.6279.6001.177888806135892723698313903329.npy,0.3333894358888047,0.376696765422821,0.2537415027618408,1.0,5.6357421875,1.5338596105575562,0.0990582939237355,0.1177843344956636,0.1668135225772857,0.9362496733665466,13,5,8,0.0,1,0.0244987394310896,147
1.3.6.1.4.1.14519.5.2.1.6279.6001.329326052298830421573852261436,outputs/luna16_saliency_synthetic_gt/1.3.6.1.4.1.14519.5.2.1.6279.6001.329326052298830421573852261436/surface_1.3.6.1.4.1.14519.5.2.1.6279.6001.329326052298830421573852261436.png,outputs/luna16_saliency_synthetic_gt/1.3.6.1.4.1.14519.5.2.1.6279.6001.329326052298830421573852261436/surface_grid_float_1.3.6.1.4.1.14519.5.2.1.6279.6001.329326052298830421573852261436.npy,0.4514382569773565,0.3258500099182129,0.2231637835502624,0.8039215803146362,9.37408447265625,2.416461229324341,0.1287437207996845,0.1775470173358917,0.2000789642333984,1.060435771942139,18,10,8,8.0,2,0.0233064085788196,148
1.3.6.1.4.1.14519.5.2.1.6279.6001.156821379677057223126714881626,outputs/luna16_saliency_synthetic_gt/1.3.6.1.4.1.14519.5.2.1.6279.6001.156821379677057223126714881626/surface_1.3.6.1.4.1.14519.5.2.1.6279.6001.156821379677057223126714881626.png,outputs/luna16_saliency_synthetic_gt/1.3.6.1.4.1.14519.5.2.1.6279.6001.156821379677057223126714881626/surface_grid_float_1.3.6.1.4.1.14519.5.2.1.6279.6001.156821379677057223126714881626.npy,0.4480670818176213,0.3188073635101318,0.2371583133935928,0.9176470637321472,8.817977905273438,1.978877067565918,0.1068928681313991,0.1995335081219673,0.2824914455413818,0.9601819515228271,18,10,8,8.0,2,0.0228163727558321,149
1.3.6.1.4.1.14519.5.2.1.6279.6001.449254134266555649028108149727,outputs/luna16_saliency_synthetic_gt/1.3.6.1.4.1.14519.5.2.1.6279.6001.449254134266555649028108149727/surface_1.3.6.1.4.1.14519.5.2.1.6279.6001.449254134266555649028108149727.png,outputs/luna16_saliency_synthetic_gt/1.3.6.1.4.1.14519.5.2.1.6279.6001.449254134266555649028108149727/surface_grid_float_1.3.6.1.4.1.14519.5.2.1.6279.6001.449254134266555649028108149727.npy,0.6304054054054054,0.3291391730308532,0.228145569562912,0.9490196108818054,9.088653564453123,1.8194630146026611,0.1126497272402047,0.1309978711605072,0.1836156100034713,1.3894871473312378,13,5,8,2.0,1,0.022165441291862,150
1.3.6.1.4.1.14519.5.2.1.6279.6001.229960820686439513664996214638,outputs/luna16_saliency_synthetic_gt/1.3.6.1.4.1.14519.5.2.1.6279.6001.229960820686439513664996214638/surface_1.3.6.1.4.1.14519.5.2.1.6279.6001.229960820686439513664996214638.png,outputs/luna16_saliency_synthetic_gt/1.3.6.1.4.1.14519.5.2.1.6279.6001.229960820686439513664996214638/surface_grid_float_1.3.6.1.4.1.14519.5.2.1.6279.6001.229960820686439513664996214638.npy,0.5706011730205278,0.3421905040740967,0.2266971319913864,0.9764705896377563,8.459930419921875,1.819482922554016,0.1124538362026214,0.1724753755331039,0.1949966996908188,1.178758978843689,18,10,8,8.0,2,0.0218936096966266,151
1.3.6.1.4.1.14519.5.2.1.6279.6001.190937805243443708408459490152,outputs/luna16_saliency_synthetic_gt/1.3.6.1.4.1.14519.5.2.1.6279.6001.190937805243443708408459490152/surface_1.3.6.1.4.1.14519.5.2.1.6279.6001.190937805243443708408459490152.png,outputs/luna16_saliency_synthetic_gt/1.3.6.1.4.1.14519.5.2.1.6279.6001.190937805243443708408459490152/surface_grid_float_1.3.6.1.4.1.14519.5.2.1.6279.6001.190937805243443708408459490152.npy,0.6515079604780601,0.3182392716407776,0.230842649936676,0.8784313797950745,8.027099609375,1.4501490592956543,0.0917185097932815,0.1171934656798838,0.2150825709104538,1.13252592086792,13,5,8,2.0,1,0.0194110275879502,152
1.3.6.1.4.1.14519.5.2.1.6279.6001.707218743153927597786179232739,outputs/luna16_saliency_synthetic_gt/1.3.6.1.4.1.14519.5.2.1.6279.6001.707218743153927597786179232739/surface_1.3.6.1.4.1.14519.5.2.1.6279.6001.707218743153927597786179232739.png,outputs/luna16_saliency_synthetic_gt/1.3.6.1.4.1.14519.5.2.1.6279.6001.707218743153927597786179232739/surface_grid_float_1.3.6.1.4.1.14519.5.2.1.6279.6001.707218743153927597786179232739.npy,0.429690585911784,0.3959090113639831,0.2176357060670852,0.901960790157318,7.7892913818359375,1.4594143629074097,0.1005056031048297,0.1529357674717902,0.4024653136730194,0.826927125453949,13,5,8,3.0,1,0.0194078411615557,153
1.3.6.1.4.1.14519.5.2.1.6279.6001.101228986346984399347858840086,outputs/luna16_saliency_synthetic_gt/1.3.6.1.4.1.14519.5.2.1.6279.6001.101228986346984399347858840086/surface_1.3.6.1.4.1.14519.5.2.1.6279.6001.101228986346984399347858840086.png,outputs/luna16_saliency_synthetic_gt/1.3.6.1.4.1.14519.5.2.1.6279.6001.101228986346984399347858840086/surface_grid_float_1.3.6.1.4.1.14519.5.2.1.6279.6001.101228986346984399347858840086.npy,0.585059829059829,0.3241811692714691,0.2348416894674301,1.0,7.468994140625,1.6132599115371704,0.0948131408542394,0.1177648220956325,0.2481340765953064,1.2042782306671145,13,5,8,2.0,1,0.0186574420765042,154
1.3.6.1.4.1.14519.5.2.1.6279.6001.122763913896761494371822656720,outputs/luna16_saliency_synthetic_gt/1.3.6.1.4.1.14519.5.2.1.6279.6001.122763913896761494371822656720/surface_1.3.6.1.4.1.14519.5.2.1.6279.6001.122763913896761494371822656720.png,outputs/luna16_saliency_synthetic_gt/1.3.6.1.4.1.14519.5.2.1.6279.6001.122763913896761494371822656720/surface_grid_float_1.3.6.1.4.1.14519.5.2.1.6279.6001.122763913896761494371822656720.npy,0.6439438613043991,0.3455711305141449,0.2303985506296157,0.9058823585510254,7.296173095703125,1.4093831777572632,0.1140372831374406,0.138715654015541,0.2467729449272155,0.9165461659431458,13,5,8,3.0,1,0.0183585273709562,155
1.3.6.1.4.1.14519.5.2.1.6279.6001.300693623747082239407271583452,outputs/luna16_saliency_synthetic_gt/1.3.6.1.4.1.14519.5.2.1.6279.6001.300693623747082239407271583452/surface_1.3.6.1.4.1.14519.5.2.1.6279.6001.300693623747082239407271583452.png,outputs/luna16_saliency_synthetic_gt/1.3.6.1.4.1.14519.5.2.1.6279.6001.300693623747082239407271583452/surface_grid_float_1.3.6.1.4.1.14519.5.2.1.6279.6001.300693623747082239407271583452.npy,0.5805335968379447,0.3422864079475403,0.2466247826814651,1.0,6.388397216796875,1.85154390335083,0.134348814189434,0.1632822842895985,0.2189360857009887,1.150131344795227,13,5,8,0.0,1,0.0181016446562276,156
1.3.6.1.4.1.14519.5.2.1.6279.6001.897161587681142256575045076919,outputs/luna16_saliency_synthetic_gt/1.3.6.1.4.1.14519.5.2.1.6279.6001.897161587681142256575045076919/surface_1.3.6.1.4.1.14519.5.2.1.6279.6001.897161587681142256575045076919.png,outputs/luna16_saliency_synthetic_gt/1.3.6.1.4.1.14519.5.2.1.6279.6001.897161587681142256575045076919/surface_grid_float_1.3.6.1.4.1.14519.5.2.1.6279.6001.897161587681142256575045076919.npy,0.4563132052157513,0.3213141858577728,0.2277897298336029,0.8705882430076599,6.811981201171875,1.4508243799209597,0.1187631096690893,0.1500535666942596,0.2240794748067855,1.0079076290130615,13,5,8,3.0,1,0.018094703733921,157
1.3.6.1.4.1.14519.5.2.1.6279.6001.310626494937915759224334597176,outputs/luna16_saliency_synthetic_gt/1.3.6.1.4.1.14519.5.2.1.6279.6001.310626494937915759224334597176/surface_1.3.6.1.4.1.14519.5.2.1.6279.6001.310626494937915759224334597176.png,outputs/luna16_saliency_synthetic_gt/1.3.6.1.4.1.14519.5.2.1.6279.6001.310626494937915759224334597176/surface_grid_float_1.3.6.1.4.1.14519.5.2.1.6279.6001.310626494937915759224334597176.npy,0.4420341534926106,0.345755010843277,0.2489767968654632,0.945098042488098,6.0260467529296875,1.5999038219451904,0.144714321196079,0.1768039999902248,0.2418553382158279,1.222241759300232,13,5,8,0.0,1,0.0180636240530345,158
1.3.6.1.4.1.14519.5.2.1.6279.6001.163931625580639955914619627409,outputs/luna16_saliency_synthetic_gt/1.3.6.1.4.1.14519.5.2.1.6279.6001.163931625580639955914619627409/surface_1.3.6.1.4.1.14519.5.2.1.6279.6001.163931625580639955914619627409.png,outputs/luna16_saliency_synthetic_gt/1.3.6.1.4.1.14519.5.2.1.6279.6001.163931625580639955914619627409/surface_grid_float_1.3.6.1.4.1.14519.5.2.1.6279.6001.163931625580639955914619627409.npy,0.5406741573033708,0.3335392475128174,0.2299638986587524,0.9058823585510254,6.5379791259765625,1.7803118228912354,0.1278494507074355,0.1515430937707424,0.2112979143857956,1.0932068824768066,13,5,8,0.0,1,0.0178722733174761,159
1.3.6.1.4.1.14519.5.2.1.6279.6001.102133688497886810253331438797,outputs/luna16_saliency_synthetic_gt/1.3.6.1.4.1.14519.5.2.1.6279.6001.102133688497886810253331438797/surface_1.3.6.1.4.1.14519.5.2.1.6279.6001.102133688497886810253331438797.png,outputs/luna16_saliency_synthetic_gt/1.3.6.1.4.1.14519.5.2.1.6279.6001.102133688497886810253331438797/surface_grid_float_1.3.6.1.4.1.14519.5.2.1.6279.6001.102133688497886810253331438797.npy,0.6437896380134648,0.3776894807815552,0.2727071940898895,1.0,6.764068603515625,1.662144422531128,0.108085311949253,0.1362658971548075,0.3462497591972351,1.1057277917861938,13,5,8,2.0,1,0.0178185974578062,160
1.3.6.1.4.1.14519.5.2.1.6279.6001.316393351033132458296975008261,outputs/luna16_saliency_synthetic_gt/1.3.6.1.4.1.14519.5.2.1.6279.6001.316393351033132458296975008261/surface_1.3.6.1.4.1.14519.5.2.1.6279.6001.316393351033132458296975008261.png,outputs/luna16_saliency_synthetic_gt/1.3.6.1.4.1.14519.5.2.1.6279.6001.316393351033132458296975008261/surface_grid_float_1.3.6.1.4.1.14519.5.2.1.6279.6001.316393351033132458296975008261.npy,0.5413494208277734,0.3758634328842163,0.2502977252006531,1.0,7.085063934326172,1.7714300155639648,0.0763514421880245,0.1452347144484519,0.3263856470584869,0.673412024974823,13,5,8,3.0,1,0.0176619524906078,161
1.3.6.1.4.1.14519.5.2.1.6279.6001.106419850406056634877579573537,outputs/luna16_saliency_synthetic_gt/1.3.6.1.4.1.14519.5.2.1.6279.6001.106419850406056634877579573537/surface_1.3.6.1.4.1.14519.5.2.1.6279.6001.106419850406056634877579573537.png,outputs/luna16_saliency_synthetic_gt/1.3.6.1.4.1.14519.5.2.1.6279.6001.106419850406056634877579573537/surface_grid_float_1.3.6.1.4.1.14519.5.2.1.6279.6001.106419850406056634877579573537.npy,0.5335573333333333,0.3270468711853027,0.2280768752098083,0.9215686321258544,7.2294921875,1.7216747999191284,0.0825391545891761,0.1091801877319812,0.1277720481157302,0.8567736148834229,18,10,8,5.0,2,0.0172285006442003,162
1.3.6.1.4.1.14519.5.2.1.6279.6001.182798854785392200340436516930,outputs/luna16_saliency_synthetic_gt/1.3.6.1.4.1.14519.5.2.1.6279.6001.182798854785392200340436516930/surface_1.3.6.1.4.1.14519.5.2.1.6279.6001.182798854785392200340436516930.png,outputs/luna16_saliency_synthetic_gt/1.3.6.1.4.1.14519.5.2.1.6279.6001.182798854785392200340436516930/surface_grid_float_1.3.6.1.4.1.14519.5.2.1.6279.6001.182798854785392200340436516930.npy,0.5551680725166813,0.305414080619812,0.2347293645143509,0.9254902005195618,6.3760986328125,1.656356692314148,0.1023934815078974,0.1227499639242887,0.1676860302686691,1.0980720520019531,13,5,8,0.0,1,0.016749490087976,163
1.3.6.1.4.1.14519.5.2.1.6279.6001.191617711875409989053242965150,outputs/luna16_saliency_synthetic_gt/1.3.6.1.4.1.14519.5.2.1.6279.6001.191617711875409989053242965150/surface_1.3.6.1.4.1.14519.5.2.1.6279.6001.191617711875409989053242965150.png,outputs/luna16_saliency_synthetic_gt/1.3.6.1.4.1.14519.5.2.1.6279.6001.191617711875409989053242965150/surface_grid_float_1.3.6.1.4.1.14519.5.2.1.6279.6001.191617711875409989053242965150.npy,0.6434162162162163,0.3287721276283264,0.2432292103767395,1.0,5.7592620849609375,1.5982484817504885,0.1327071942389011,0.1589067834615707,0.2209346890449524,0.9276127219200134,13,5,8,0.0,1,0.0164273352497153,164
1.3.6.1.4.1.14519.5.2.1.6279.6001.229171189693734694696158152904,outputs/luna16_saliency_synthetic_gt/1.3.6.1.4.1.14519.5.2.1.6279.6001.229171189693734694696158152904/surface_1.3.6.1.4.1.14519.5.2.1.6279.6001.229171189693734694696158152904.png,outputs/luna16_saliency_synthetic_gt/1.3.6.1.4.1.14519.5.2.1.6279.6001.229171189693734694696158152904/surface_grid_float_1.3.6.1.4.1.14519.5.2.1.6279.6001.229171189693734694696158152904.npy,0.6165909399159094,0.3109770119190216,0.2398004382848739,0.9333333373069764,6.1944580078125,1.5039968490600586,0.105718408152461,0.1271535903215408,0.1738897860050201,0.9405786395072936,13,5,8,1.0,1,0.0162288791437943,165
1.3.6.1.4.1.14519.5.2.1.6279.6001.145474881373882284343459153872,outputs/luna16_saliency_synthetic_gt/1.3.6.1.4.1.14519.5.2.1.6279.6001.145474881373882284343459153872/surface_1.3.6.1.4.1.14519.5.2.1.6279.6001.145474881373882284343459153872.png,outputs/luna16_saliency_synthetic_gt/1.3.6.1.4.1.14519.5.2.1.6279.6001.145474881373882284343459153872/surface_grid_float_1.3.6.1.4.1.14519.5.2.1.6279.6001.145474881373882284343459153872.npy,0.5179299859081806,0.3271377086639404,0.2447870373725891,0.9607843160629272,5.762664794921875,1.6151340007781982,0.1194332681596278,0.1444664500653743,0.198852926492691,1.0293960571289062,13,5,8,0.0,1,0.0162259816204508,166
1.3.6.1.4.1.14519.5.2.1.6279.6001.390009458146468860187238398197,outputs/luna16_saliency_synthetic_gt/1.3.6.1.4.1.14519.5.2.1.6279.6001.390009458146468860187238398197/surface_1.3.6.1.4.1.14519.5.2.1.6279.6001.390009458146468860187238398197.png,outputs/luna16_saliency_synthetic_gt/1.3.6.1.4.1.14519.5.2.1.6279.6001.390009458146468860187238398197/surface_grid_float_1.3.6.1.4.1.14519.5.2.1.6279.6001.390009458146468860187238398197.npy,0.4280021764178722,0.3151094019412994,0.2313534021377563,1.0,5.6736602783203125,1.4965800046920776,0.1155059624463319,0.1408077347278593,0.202106699347496,1.0088311433792114,13,5,8,0.0,1,0.0159221794909901,167
1.3.6.1.4.1.14519.5.2.1.6279.6001.152684536713461901635595118048,outputs/luna16_saliency_synthetic_gt/1.3.6.1.4.1.14519.5.2.1.6279.6001.152684536713461901635595118048/surface_1.3.6.1.4.1.14519.5.2.1.6279.6001.152684536713461901635595118048.png,outputs/luna16_saliency_synthetic_gt/1.3.6.1.4.1.14519.5.2.1.6279.6001.152684536713461901635595118048/surface_grid_float_1.3.6.1.4.1.14519.5.2.1.6279.6001.152684536713461901635595118048.npy,0.4785570854847963,0.2876792550086975,0.2261836677789688,0.8705882430076599,5.768585205078125,1.5111315250396729,0.1049949239939449,0.1281161515414714,0.1848379969596862,1.0235908031463623,13,5,8,0.0,1,0.0157324394505884,168
1.3.6.1.4.1.14519.5.2.1.6279.6001.256542095129414948017808425649,outputs/luna16_saliency_synthetic_gt/1.3.6.1.4.1.14519.5.2.1.6279.6001.256542095129414948017808425649/surface_1.3.6.1.4.1.14519.5.2.1.6279.6001.256542095129414948017808425649.png,outputs/luna16_saliency_synthetic_gt/1.3.6.1.4.1.14519.5.2.1.6279.6001.256542095129414948017808425649/surface_grid_float_1.3.6.1.4.1.14519.5.2.1.6279.6001.256542095129414948017808425649.npy,0.4819339242546334,0.3036065101623535,0.2084124535322189,0.7960784435272217,6.1211090087890625,1.4769450426101685,0.0879122368991375,0.1224908275902271,0.3293909430503845,0.8231403231620789,13,5,8,2.0,1,0.0157057738938265,169
1.3.6.1.4.1.14519.5.2.1.6279.6001.266009527139315622265711325223,outputs/luna16_saliency_synthetic_gt/1.3.6.1.4.1.14519.5.2.1.6279.6001.266009527139315622265711325223/surface_1.3.6.1.4.1.14519.5.2.1.6279.6001.266009527139315622265711325223.png,outputs/luna16_saliency_synthetic_gt/1.3.6.1.4.1.14519.5.2.1.6279.6001.266009527139315622265711325223/surface_grid_float_1.3.6.1.4.1.14519.5.2.1.6279.6001.266009527139315622265711325223.npy,0.454215433927444,0.3065327107906341,0.226271167397499,0.9333333373069764,5.713043212890625,1.6318697929382324,0.099652315303683,0.1212841328978538,0.165992796421051,1.0238494873046875,13,5,8,0.0,1,0.0154354837579859,170
1.3.6.1.4.1.14519.5.2.1.6279.6001.146429221666426688999739595820,outputs/luna16_saliency_synthetic_gt/1.3.6.1.4.1.14519.5.2.1.6279.6001.146429221666426688999739595820/surface_1.3.6.1.4.1.14519.5.2.1.6279.6001.146429221666426688999739595820.png,outputs/luna16_saliency_synthetic_gt/1.3.6.1.4.1.14519.5.2.1.6279.6001.146429221666426688999739595820/surface_grid_float_1.3.6.1.4.1.14519.5.2.1.6279.6001.146429221666426688999739595820.npy,0.5055863575268817,0.2957296967506408,0.2277224957942962,0.8392156958580017,5.826446533203125,1.669999599456787,0.0902313157916069,0.1093169436603784,0.1501049548387527,1.0296155214309692,13,5,8,0.0,1,0.0152782870238853,171
1.3.6.1.4.1.14519.5.2.1.6279.6001.174935793360491516757154875981,outputs/luna16_saliency_synthetic_gt/1.3.6.1.4.1.14519.5.2.1.6279.6001.174935793360491516757154875981/surface_1.3.6.1.4.1.14519.5.2.1.6279.6001.174935793360491516757154875981.png,outputs/luna16_saliency_synthetic_gt/1.3.6.1.4.1.14519.5.2.1.6279.6001.174935793360491516757154875981/surface_grid_float_1.3.6.1.4.1.14519.5.2.1.6279.6001.174935793360491516757154875981.npy,0.5677333655355633,0.2908036410808563,0.2269597798585891,0.9058823585510254,5.7618865966796875,1.6022809743881226,0.09461236782372,0.1137940496206283,0.1592212170362472,0.998289942741394,13,5,8,0.0,1,0.0152353879113992,172
1.3.6.1.4.1.14519.5.2.1.6279.6001.172845185165807139298420209778,outputs/luna16_saliency_synthetic_gt/1.3.6.1.4.1.14519.5.2.1.6279.6001.172845185165807139298420209778/surface_1.3.6.1.4.1.14519.5.2.1.6279.6001.172845185165807139298420209778.png,outputs/luna16_saliency_synthetic_gt/1.3.6.1.4.1.14519.5.2.1.6279.6001.172845185165807139298420209778/surface_grid_float_1.3.6.1.4.1.14519.5.2.1.6279.6001.172845185165807139298420209778.npy,0.5083090875730649,0.3786976337432861,0.2363922894001007,1.0,6.0119171142578125,1.3449609279632568,0.0802887890487908,0.0948157633841038,0.1330202370882034,0.9409624338150024,13,5,8,1.0,1,0.0149553623893194,173
1.3.6.1.4.1.14519.5.2.1.6279.6001.139713436241461669335487719526,outputs/luna16_saliency_synthetic_gt/1.3.6.1.4.1.14519.5.2.1.6279.6001.139713436241461669335487719526/surface_1.3.6.1.4.1.14519.5.2.1.6279.6001.139713436241461669335487719526.png,outputs/luna16_saliency_synthetic_gt/1.3.6.1.4.1.14519.5.2.1.6279.6001.139713436241461669335487719526/surface_grid_float_1.3.6.1.4.1.14519.5.2.1.6279.6001.139713436241461669335487719526.npy,0.3668379446640316,0.3610975742340088,0.2396411299705505,0.95686274766922,5.4726715087890625,1.620498538017273,0.0991595834493637,0.1207547672092914,0.1666607409715652,0.9825308918952942,13,5,8,0.0,1,0.0149271641795833,174
1.3.6.1.4.1.14519.5.2.1.6279.6001.266581250778073944645044950856,outputs/luna16_saliency_synthetic_gt/1.3.6.1.4.1.14519.5.2.1.6279.6001.266581250778073944645044950856/surface_1.3.6.1.4.1.14519.5.2.1.6279.6001.266581250778073944645044950856.png,outputs/luna16_saliency_synthetic_gt/1.3.6.1.4.1.14519.5.2.1.6279.6001.266581250778073944645044950856/surface_grid_float_1.3.6.1.4.1.14519.5.2.1.6279.6001.266581250778073944645044950856.npy,0.5833808275390402,0.3393646478652954,0.2341083735227584,0.8745098114013672,5.6549072265625,1.4157978296279907,0.1026388145983219,0.1199428662657737,0.1741155683994293,0.8515409827232361,13,5,8,1.0,1,0.0149154446605179,175
1.3.6.1.4.1.14519.5.2.1.6279.6001.240630002689062442926543993263,outputs/luna16_saliency_synthetic_gt/1.3.6.1.4.1.14519.5.2.1.6279.6001.240630002689062442926543993263/surface_1.3.6.1.4.1.14519.5.2.1.6279.6001.240630002689062442926543993263.png,outputs/luna16_saliency_synthetic_gt/1.3.6.1.4.1.14519.5.2.1.6279.6001.240630002689062442926543993263/surface_grid_float_1.3.6.1.4.1.14519.5.2.1.6279.6001.240630002689062442926543993263.npy,0.4350907519446845,0.3539578914642334,0.2487407922744751,0.9176470637321472,5.016204833984375,1.3645473718643188,0.1169461578130721,0.1449090206623077,0.2085112780332565,0.9252063035964966,13,5,8,0.0,1,0.0147636260178354,176
1.3.6.1.4.1.14519.5.2.1.6279.6001.710845873679853791427022019413,outputs/luna16_saliency_synthetic_gt/1.3.6.1.4.1.14519.5.2.1.6279.6001.710845873679853791427022019413/surface_1.3.6.1.4.1.14519.5.2.1.6279.6001.710845873679853791427022019413.png,outputs/luna16_saliency_synthetic_gt/1.3.6.1.4.1.14519.5.2.1.6279.6001.710845873679853791427022019413/surface_grid_float_1.3.6.1.4.1.14519.5.2.1.6279.6001.710845873679853791427022019413.npy,0.6241484530229918,0.3171918392181396,0.2409021556377411,0.9803921580314636,5.302978515625,1.395272731781006,0.1072544816881418,0.1287014672160149,0.1847548633813858,0.8960988521575928,13,5,8,0.0,1,0.0146906723250945,177
1.3.6.1.4.1.14519.5.2.1.6279.6001.336198008634390022174744544656,outputs/luna16_saliency_synthetic_gt/1.3.6.1.4.1.14519.5.2.1.6279.6001.336198008634390022174744544656/surface_1.3.6.1.4.1.14519.5.2.1.6279.6001.336198008634390022174744544656.png,outputs/luna16_saliency_synthetic_gt/1.3.6.1.4.1.14519.5.2.1.6279.6001.336198008634390022174744544656/surface_grid_float_1.3.6.1.4.1.14519.5.2.1.6279.6001.336198008634390022174744544656.npy,0.6331172839506173,0.3359107673168182,0.2220931947231292,0.9058823585510254,5.576812744140625,1.4580398797988892,0.0969584144651889,0.1136023081839084,0.1603346616029739,0.8791756629943848,13,5,8,0.0,1,0.0146564808479613,178
1.3.6.1.4.1.14519.5.2.1.6279.6001.664409965623578819357819577077,outputs/luna16_saliency_synthetic_gt/1.3.6.1.4.1.14519.5.2.1.6279.6001.664409965623578819357819577077/surface_1.3.6.1.4.1.14519.5.2.1.6279.6001.664409965623578819357819577077.png,outputs/luna16_saliency_synthetic_gt/1.3.6.1.4.1.14519.5.2.1.6279.6001.664409965623578819357819577077/surface_grid_float_1.3.6.1.4.1.14519.5.2.1.6279.6001.664409965623578819357819577077.npy,0.4547478662433513,0.3251489996910095,0.2445329576730728,0.9921568632125854,5.37908935546875,1.4841068983078003,0.1008759774267673,0.1208888338506221,0.1738242506980896,0.8905084729194641,13,5,8,0.0,1,0.0145707216588987,179
1.3.6.1.4.1.14519.5.2.1.6279.6001.210426531621179400035178209430,outputs/luna16_saliency_synthetic_gt/1.3.6.1.4.1.14519.5.2.1.6279.6001.210426531621179400035178209430/surface_1.3.6.1.4.1.14519.5.2.1.6279.6001.210426531621179400035178209430.png,outputs/luna16_saliency_synthetic_gt/1.3.6.1.4.1.14519.5.2.1.6279.6001.210426531621179400035178209430/surface_grid_float_1.3.6.1.4.1.14519.5.2.1.6279.6001.210426531621179400035178209430.npy,0.4184647265191863,0.4245051443576813,0.2039964944124221,0.9098039269447328,5.3694610595703125,1.3701359033584597,0.1038326323032379,0.1224983090162277,0.170696884393692,0.8699315190315247,13,5,8,0.0,1,0.0145572321898407,180
1.3.6.1.4.1.14519.5.2.1.6279.6001.268838889380981659524993261082,outputs/luna16_saliency_synthetic_gt/1.3.6.1.4.1.14519.5.2.1.6279.6001.268838889380981659524993261082/surface_1.3.6.1.4.1.14519.5.2.1.6279.6001.268838889380981659524993261082.png,outputs/luna16_saliency_synthetic_gt/1.3.6.1.4.1.14519.5.2.1.6279.6001.268838889380981659524993261082/surface_grid_float_1.3.6.1.4.1.14519.5.2.1.6279.6001.268838889380981659524993261082.npy,0.3835313131313131,0.3923880457878113,0.2283350676298141,0.9803921580314636,5.41009521484375,1.4675798416137695,0.102358690649271,0.1210335789620876,0.1737203150987625,0.8578874468803406,13,5,8,1.0,1,0.0145542492755585,181
1.3.6.1.4.1.14519.5.2.1.6279.6001.100620385482151095585000946543,outputs/luna16_saliency_synthetic_gt/1.3.6.1.4.1.14519.5.2.1.6279.6001.100620385482151095585000946543/surface_1.3.6.1.4.1.14519.5.2.1.6279.6001.100620385482151095585000946543.png,outputs/luna16_saliency_synthetic_gt/1.3.6.1.4.1.14519.5.2.1.6279.6001.100620385482151095585000946543/surface_grid_float_1.3.6.1.4.1.14519.5.2.1.6279.6001.100620385482151095585000946543.npy,0.5903495343793851,0.3223465383052826,0.2387523502111435,0.9960784316062928,5.2342529296875,1.5262722969055176,0.0978299465030431,0.1195474103838205,0.1594842672348022,0.9656544923782348,13,5,8,0.0,1,0.0144560760662787,182
1.3.6.1.4.1.14519.5.2.1.6279.6001.269689294231892620436462818860,outputs/luna16_saliency_synthetic_gt/1.3.6.1.4.1.14519.5.2.1.6279.6001.269689294231892620436462818860/surface_1.3.6.1.4.1.14519.5.2.1.6279.6001.269689294231892620436462818860.png,outputs/luna16_saliency_synthetic_gt/1.3.6.1.4.1.14519.5.2.1.6279.6001.269689294231892620436462818860/surface_grid_float_1.3.6.1.4.1.14519.5.2.1.6279.6001.269689294231892620436462818860.npy,0.6011423908608731,0.3476018607616424,0.2443020045757293,1.0,6.1241607666015625,1.4358925819396973,0.0696060068905353,0.0900528758764267,0.1378383338451385,0.6921360492706299,18,10,8,5.0,2,0.0144466009967856,183
1.3.6.1.4.1.14519.5.2.1.6279.6001.268589491017129166376960414534,outputs/luna16_saliency_synthetic_gt/1.3.6.1.4.1.14519.5.2.1.6279.6001.268589491017129166376960414534/surface_1.3.6.1.4.1.14519.5.2.1.6279.6001.268589491017129166376960414534.png,outputs/luna16_saliency_synthetic_gt/1.3.6.1.4.1.14519.5.2.1.6279.6001.268589491017129166376960414534/surface_grid_float_1.3.6.1.4.1.14519.5.2.1.6279.6001.268589491017129166376960414534.npy,0.5975417439703155,0.3081378638744354,0.2389858216047287,0.95686274766922,5.248016357421875,1.4928219318389893,0.0990683827549218,0.1201058990508317,0.1632483303546905,0.9281237721443176,13,5,8,0.0,1,0.0144123681719932,184
1.3.6.1.4.1.14519.5.2.1.6279.6001.215086589927307766627151367533,outputs/luna16_saliency_synthetic_gt/1.3.6.1.4.1.14519.5.2.1.6279.6001.215086589927307766627151367533/surface_1.3.6.1.4.1.14519.5.2.1.6279.6001.215086589927307766627151367533.png,outputs/luna16_saliency_synthetic_gt/1.3.6.1.4.1.14519.5.2.1.6279.6001.215086589927307766627151367533/surface_grid_float_1.3.6.1.4.1.14519.5.2.1.6279.6001.215086589927307766627151367533.npy,0.6038051055237729,0.3012386858463287,0.2202665358781814,0.886274516582489,5.3827667236328125,1.444504737854004,0.0915548209100961,0.1107884575426578,0.1561545729637146,0.9518718719482422,13,5,8,0.0,1,0.0144102024255527,185
1.3.6.1.4.1.14519.5.2.1.6279.6001.255409701134762680010928250229,outputs/luna16_saliency_synthetic_gt/1.3.6.1.4.1.14519.5.2.1.6279.6001.255409701134762680010928250229/surface_1.3.6.1.4.1.14519.5.2.1.6279.6001.255409701134762680010928250229.png,outputs/luna16_saliency_synthetic_gt/1.3.6.1.4.1.14519.5.2.1.6279.6001.255409701134762680010928250229/surface_grid_float_1.3.6.1.4.1.14519.5.2.1.6279.6001.255409701134762680010928250229.npy,0.5479761904761905,0.3285027742385864,0.2409460842609405,1.0,5.0163726806640625,1.39190936088562,0.1022227510809897,0.1243078996241092,0.1702567338943481,0.903555393218994,13,5,8,0.0,1,0.0140977589969833,186
1.3.6.1.4.1.14519.5.2.1.6279.6001.143782059748737055784173697516,outputs/luna16_saliency_synthetic_gt/1.3.6.1.4.1.14519.5.2.1.6279.6001.143782059748737055784173697516/surface_1.3.6.1.4.1.14519.5.2.1.6279.6001.143782059748737055784173697516.png,outputs/luna16_saliency_synthetic_gt/1.3.6.1.4.1.14519.5.2.1.6279.6001.143782059748737055784173697516/surface_grid_float_1.3.6.1.4.1.14519.5.2.1.6279.6001.143782059748737055784173697516.npy,0.484298245614035,0.3529268503189087,0.220897302031517,1.0,5.1142425537109375,1.360443353652954,0.0977636765688657,0.1188167500495907,0.1705688685178756,0.8992401361465454,13,5,8,0.0,1,0.0140865515046649,187
1.3.6.1.4.1.14519.5.2.1.6279.6001.246589849815292078281051154201,outputs/luna16_saliency_synthetic_gt/1.3.6.1.4.1.14519.5.2.1.6279.6001.246589849815292078281051154201/surface_1.3.6.1.4.1.14519.5.2.1.6279.6001.246589849815292078281051154201.png,outputs/luna16_saliency_synthetic_gt/1.3.6.1.4.1.14519.5.2.1.6279.6001.246589849815292078281051154201/surface_grid_float_1.3.6.1.4.1.14519.5.2.1.6279.6001.246589849815292078281051154201.npy,0.4209608131819373,0.3156979978084564,0.2169428467750549,0.8509804010391235,5.3399658203125,1.471014380455017,0.0868072696030139,0.1045407325029373,0.1513704359531402,0.8903557062149048,13,5,8,0.0,1,0.0140147332449754,188
1.3.6.1.4.1.14519.5.2.1.6279.6001.194465340552956447447896167830,outputs/luna16_saliency_synthetic_gt/1.3.6.1.4.1.14519.5.2.1.6279.6001.194465340552956447447896167830/surface_1.3.6.1.4.1.14519.5.2.1.6279.6001.194465340552956447447896167830.png,outputs/luna16_saliency_synthetic_gt/1.3.6.1.4.1.14519.5.2.1.6279.6001.194465340552956447447896167830/surface_grid_float_1.3.6.1.4.1.14519.5.2.1.6279.6001.194465340552956447447896167830.npy,0.598464682315614,0.3194911479949951,0.2326133400201797,0.9333333373069764,5.1754302978515625,1.3197576999664309,0.0859321285039186,0.102268493771553,0.1410273164510727,0.8617258071899414,13,5,8,0.0,1,0.0136087182144323,189
1.3.6.1.4.1.14519.5.2.1.6279.6001.334166493392278943610545989413,outputs/luna16_saliency_synthetic_gt/1.3.6.1.4.1.14519.5.2.1.6279.6001.334166493392278943610545989413/surface_1.3.6.1.4.1.14519.5.2.1.6279.6001.334166493392278943610545989413.png,outputs/luna16_saliency_synthetic_gt/1.3.6.1.4.1.14519.5.2.1.6279.6001.334166493392278943610545989413/surface_grid_float_1.3.6.1.4.1.14519.5.2.1.6279.6001.334166493392278943610545989413.npy,0.559714818413382,0.3179381489753723,0.2364311665296554,0.8941176533699036,5.052490234375,1.145779728889465,0.0855675395578146,0.1083446050435304,0.2031487077474594,0.8347590565681458,13,5,8,2.0,1,0.0135261753343045,190
1.3.6.1.4.1.14519.5.2.1.6279.6001.885168397833922082085837240429,outputs/luna16_saliency_synthetic_gt/1.3.6.1.4.1.14519.5.2.1.6279.6001.885168397833922082085837240429/surface_1.3.6.1.4.1.14519.5.2.1.6279.6001.885168397833922082085837240429.png,outputs/luna16_saliency_synthetic_gt/1.3.6.1.4.1.14519.5.2.1.6279.6001.885168397833922082085837240429/surface_grid_float_1.3.6.1.4.1.14519.5.2.1.6279.6001.885168397833922082085837240429.npy,0.5919543870763383,0.3403872549533844,0.2340430915355682,0.9490196108818054,5.193756103515625,1.2884836196899414,0.0854731947183609,0.0994610796123743,0.1588762700557708,0.749024510383606,13,5,8,1.0,1,0.0133045914728608,191
1.3.6.1.4.1.14519.5.2.1.6279.6001.143410010885830403003179808334,outputs/luna16_saliency_synthetic_gt/1.3.6.1.4.1.14519.5.2.1.6279.6001.143410010885830403003179808334/surface_1.3.6.1.4.1.14519.5.2.1.6279.6001.143410010885830403003179808334.png,outputs/luna16_saliency_synthetic_gt/1.3.6.1.4.1.14519.5.2.1.6279.6001.143410010885830403003179808334/surface_grid_float_1.3.6.1.4.1.14519.5.2.1.6279.6001.143410010885830403003179808334.npy,0.5617927558432574,0.3188001215457916,0.2218367308378219,0.9725490212440492,5.0290374755859375,1.3310924768447876,0.0806428644806146,0.0970767303556203,0.1325613409280777,0.8776325583457947,13,5,8,0.0,1,0.0132443256107469,192
1.3.6.1.4.1.14519.5.2.1.6279.6001.210837812047373739447725050963,outputs/luna16_saliency_synthetic_gt/1.3.6.1.4.1.14519.5.2.1.6279.6001.210837812047373739447725050963/surface_1.3.6.1.4.1.14519.5.2.1.6279.6001.210837812047373739447725050963.png,outputs/luna16_saliency_synthetic_gt/1.3.6.1.4.1.14519.5.2.1.6279.6001.210837812047373739447725050963/surface_grid_float_1.3.6.1.4.1.14519.5.2.1.6279.6001.210837812047373739447725050963.npy,0.5144374895076385,0.3180444240570068,0.2320799380540847,0.95686274766922,4.9996795654296875,1.223948955535889,0.0833933822810649,0.0995199505239724,0.14019176363945,0.8506754636764526,13,5,8,0.0,1,0.0132087877107163,193
1.3.6.1.4.1.14519.5.2.1.6279.6001.608029415915051219877530734559,outputs/luna16_saliency_synthetic_gt/1.3.6.1.4.1.14519.5.2.1.6279.6001.608029415915051219877530734559/surface_1.3.6.1.4.1.14519.5.2.1.6279.6001.608029415915051219877530734559.png,outputs/luna16_saliency_synthetic_gt/1.3.6.1.4.1.14519.5.2.1.6279.6001.608029415915051219877530734559/surface_grid_float_1.3.6.1.4.1.14519.5.2.1.6279.6001.608029415915051219877530734559.npy,0.6406566085519713,0.3134924173355102,0.2456856071949005,1.0,4.843597412109375,1.327595591545105,0.0854189604520797,0.1039397668838501,0.1377612203359604,0.8910536170005798,13,5,8,0.0,1,0.0131709745089213,194
1.3.6.1.4.1.14519.5.2.1.6279.6001.275849601663847251574860892603,outputs/luna16_saliency_synthetic_gt/1.3.6.1.4.1.14519.5.2.1.6279.6001.275849601663847251574860892603/surface_1.3.6.1.4.1.14519.5.2.1.6279.6001.275849601663847251574860892603.png,outputs/luna16_saliency_synthetic_gt/1.3.6.1.4.1.14519.5.2.1.6279.6001.275849601663847251574860892603/surface_grid_float_1.3.6.1.4.1.14519.5.2.1.6279.6001.275849601663847251574860892603.npy,0.5969878008021391,0.3649005889892578,0.246628075838089,0.9333333373069764,4.673614501953125,1.3073655366897583,0.1015384312719106,0.1214962086826562,0.1683404445648193,0.7802370190620422,13,5,8,0.0,1,0.0131681038060949,195
1.3.6.1.4.1.14519.5.2.1.6279.6001.341557859428950960906150406596,outputs/luna16_saliency_synthetic_gt/1.3.6.1.4.1.14519.5.2.1.6279.6001.341557859428950960906150406596/surface_1.3.6.1.4.1.14519.5.2.1.6279.6001.341557859428950960906150406596.png,outputs/luna16_saliency_synthetic_gt/1.3.6.1.4.1.14519.5.2.1.6279.6001.341557859428950960906150406596/surface_grid_float_1.3.6.1.4.1.14519.5.2.1.6279.6001.341557859428950960906150406596.npy,0.538057973048849,0.4240401983261108,0.2511888444423675,1.0,4.686492919921875,1.2828071117401123,0.0959318786859512,0.1151531704515218,0.1642152220010757,0.8000612258911133,13,5,8,0.0,1,0.0130433304820623,196
1.3.6.1.4.1.14519.5.2.1.6279.6001.190144948425835566841437565646,outputs/luna16_saliency_synthetic_gt/1.3.6.1.4.1.14519.5.2.1.6279.6001.190144948425835566841437565646/surface_1.3.6.1.4.1.14519.5.2.1.6279.6001.190144948425835566841437565646.png,outputs/luna16_saliency_synthetic_gt/1.3.6.1.4.1.14519.5.2.1.6279.6001.190144948425835566841437565646/surface_grid_float_1.3.6.1.4.1.14519.5.2.1.6279.6001.190144948425835566841437565646.npy,0.6525609983237102,0.326374351978302,0.2410208582878112,1.0,4.681610107421875,1.2770973443984983,0.0897659987211227,0.1094508441537618,0.1430746167898178,0.8734488487243652,13,5,8,0.0,1,0.0130272062785923,197
1.3.6.1.4.1.14519.5.2.1.6279.6001.330425234131526435132846006585,outputs/luna16_saliency_synthetic_gt/1.3.6.1.4.1.14519.5.2.1.6279.6001.330425234131526435132846006585/surface_1.3.6.1.4.1.14519.5.2.1.6279.6001.330425234131526435132846006585.png,outputs/luna16_saliency_synthetic_gt/1.3.6.1.4.1.14519.5.2.1.6279.6001.330425234131526435132846006585/surface_grid_float_1.3.6.1.4.1.14519.5.2.1.6279.6001.330425234131526435132846006585.npy,0.5840201965065502,0.3274656236171722,0.2338011264801025,0.8823529481887817,4.675506591796875,1.2877740859985352,0.0879667196422815,0.1071512407064438,0.1518320739269256,0.8404122591018677,13,5,8,0.0,1,0.0128746310055255,198
1.3.6.1.4.1.14519.5.2.1.6279.6001.220205300714852483483213840572,outputs/luna16_saliency_synthetic_gt/1.3.6.1.4.1.14519.5.2.1.6279.6001.220205300714852483483213840572/surface_1.3.6.1.4.1.14519.5.2.1.6279.6001.220205300714852483483213840572.png,outputs/luna16_saliency_synthetic_gt/1.3.6.1.4.1.14519.5.2.1.6279.6001.220205300714852483483213840572/surface_grid_float_1.3.6.1.4.1.14519.5.2.1.6279.6001.220205300714852483483213840572.npy,0.5825853613398723,0.3602967262268066,0.2312655299901962,0.929411768913269,4.7095184326171875,1.3191684484481812,0.0882124695926904,0.105968418046832,0.1455760449171066,0.8066697120666504,13,5,8,0.0,1,0.0128208492892483,199
1.3.6.1.4.1.14519.5.2.1.6279.6001.939216568327879462530496768794,outputs/luna16_saliency_synthetic_gt/1.3.6.1.4.1.14519.5.2.1.6279.6001.939216568327879462530496768794/surface_1.3.6.1.4.1.14519.5.2.1.6279.6001.939216568327879462530496768794.png,outputs/luna16_saliency_synthetic_gt/1.3.6.1.4.1.14519.5.2.1.6279.6001.939216568327879462530496768794/surface_grid_float_1.3.6.1.4.1.14519.5.2.1.6279.6001.939216568327879462530496768794.npy,0.4815882874889086,0.335249125957489,0.2417900264263153,1.0,4.6374053955078125,1.2172571420669556,0.0878096278756856,0.107694663107395,0.1555918753147125,0.8314783573150635,13,5,8,0.0,1,0.0128075785686572,200
1.3.6.1.4.1.14519.5.2.1.6279.6001.272259794130271010519952623746,outputs/luna16_saliency_synthetic_gt/1.3.6.1.4.1.14519.5.2.1.6279.6001.272259794130271010519952623746/surface_1.3.6.1.4.1.14519.5.2.1.6279.6001.272259794130271010519952623746.png,outputs/luna16_saliency_synthetic_gt/1.3.6.1.4.1.14519.5.2.1.6279.6001.272259794130271010519952623746/surface_grid_float_1.3.6.1.4.1.14519.5.2.1.6279.6001.272259794130271010519952623746.npy,0.4818386130136986,0.3158236443996429,0.2161065340042114,0.886274516582489,4.8901824951171875,1.2481129169464111,0.0753216248005628,0.0904599164426326,0.12554731965065,0.8533337712287903,13,5,8,0.0,1,0.0127603989212049,201
1.3.6.1.4.1.14519.5.2.1.6279.6001.745109871503276594185453478952,outputs/luna16_saliency_synthetic_gt/1.3.6.1.4.1.14519.5.2.1.6279.6001.745109871503276594185453478952/surface_1.3.6.1.4.1.14519.5.2.1.6279.6001.745109871503276594185453478952.png,outputs/luna16_saliency_synthetic_gt/1.3.6.1.4.1.14519.5.2.1.6279.6001.745109871503276594185453478952/surface_grid_float_1.3.6.1.4.1.14519.5.2.1.6279.6001.745109871503276594185453478952.npy,0.6578927114600169,0.2976962924003601,0.2561032772064209,0.9686274528503418,4.689605712890625,1.3058862686157229,0.0863213762640952,0.1039035964012146,0.1421868056058883,0.8189288377761841,13,5,8,0.0,1,0.0127529592752456,202
1.3.6.1.4.1.14519.5.2.1.6279.6001.131150737314367975651717513386,outputs/luna16_saliency_synthetic_gt/1.3.6.1.4.1.14519.5.2.1.6279.6001.131150737314367975651717513386/surface_1.3.6.1.4.1.14519.5.2.1.6279.6001.131150737314367975651717513386.png,outputs/luna16_saliency_synthetic_gt/1.3.6.1.4.1.14519.5.2.1.6279.6001.131150737314367975651717513386/surface_grid_float_1.3.6.1.4.1.14519.5.2.1.6279.6001.131150737314367975651717513386.npy,0.7174596649881821,0.3272589147090912,0.2326094061136245,0.929411768913269,4.5568084716796875,1.24552321434021,0.0931533128023147,0.1115368373692035,0.1521587967872619,0.7979916334152222,13,5,8,0.0,1,0.0127141006481316,203
1.3.6.1.4.1.14519.5.2.1.6279.6001.117383608379722740629083782428,outputs/luna16_saliency_synthetic_gt/1.3.6.1.4.1.14519.5.2.1.6279.6001.117383608379722740629083782428/surface_1.3.6.1.4.1.14519.5.2.1.6279.6001.117383608379722740629083782428.png,outputs/luna16_saliency_synthetic_gt/1.3.6.1.4.1.14519.5.2.1.6279.6001.117383608379722740629083782428/surface_grid_float_1.3.6.1.4.1.14519.5.2.1.6279.6001.117383608379722740629083782428.npy,0.5321042471042471,0.3771182596683502,0.2392277121543884,0.9803921580314636,4.50238037109375,1.2817012071609497,0.0902166865766048,0.1096063774824142,0.1464496999979019,0.8192535638809204,13,5,8,0.0,1,0.0126127220849196,204
1.3.6.1.4.1.14519.5.2.1.6279.6001.888615810685807330497715730842,outputs/luna16_saliency_synthetic_gt/1.3.6.1.4.1.14519.5.2.1.6279.6001.888615810685807330497715730842/surface_1.3.6.1.4.1.14519.5.2.1.6279.6001.888615810685807330497715730842.png,outputs/luna16_saliency_synthetic_gt/1.3.6.1.4.1.14519.5.2.1.6279.6001.888615810685807330497715730842/surface_grid_float_1.3.6.1.4.1.14519.5.2.1.6279.6001.888615810685807330497715730842.npy,0.6702760590195145,0.3328320980072021,0.2538846731185913,1.0,4.5043792724609375,1.2710319757461548,0.0926230560988187,0.1107028087228536,0.1527004837989807,0.7753974795341492,13,5,8,0.0,1,0.0125514885591963,205
1.3.6.1.4.1.14519.5.2.1.6279.6001.270788655216695628640355888562,outputs/luna16_saliency_synthetic_gt/1.3.6.1.4.1.14519.5.2.1.6279.6001.270788655216695628640355888562/surface_1.3.6.1.4.1.14519.5.2.1.6279.6001.270788655216695628640355888562.png,outputs/luna16_saliency_synthetic_gt/1.3.6.1.4.1.14519.5.2.1.6279.6001.270788655216695628640355888562/surface_grid_float_1.3.6.1.4.1.14519.5.2.1.6279.6001.270788655216695628640355888562.npy,0.6246772805507745,0.3212214410305023,0.225351482629776,0.9529411792755128,5.14434814453125,1.2202391624450684,0.0533533208072185,0.0711806027591228,0.1067093759775161,0.828109085559845,18,10,8,4.0,2,0.0125495740693476,206
1.3.6.1.4.1.14519.5.2.1.6279.6001.447468612991222399440694673357,outputs/luna16_saliency_synthetic_gt/1.3.6.1.4.1.14519.5.2.1.6279.6001.447468612991222399440694673357/surface_1.3.6.1.4.1.14519.5.2.1.6279.6001.447468612991222399440694673357.png,outputs/luna16_saliency_synthetic_gt/1.3.6.1.4.1.14519.5.2.1.6279.6001.447468612991222399440694673357/surface_grid_float_1.3.6.1.4.1.14519.5.2.1.6279.6001.447468612991222399440694673357.npy,0.5722653000099837,0.330123633146286,0.2329047173261642,0.9411764740943908,4.448333740234375,1.3291062116622925,0.0895596597343683,0.1096249555796384,0.147400677204132,0.8150963187217712,13,5,8,0.0,1,0.0125139633871614,207
1.3.6.1.4.1.14519.5.2.1.6279.6001.156322145453198768801776721493,outputs/luna16_saliency_synthetic_gt/1.3.6.1.4.1.14519.5.2.1.6279.6001.156322145453198768801776721493/surface_1.3.6.1.4.1.14519.5.2.1.6279.6001.156322145453198768801776721493.png,outputs/luna16_saliency_synthetic_gt/1.3.6.1.4.1.14519.5.2.1.6279.6001.156322145453198768801776721493/surface_grid_float_1.3.6.1.4.1.14519.5.2.1.6279.6001.156322145453198768801776721493.npy,0.5771659509977267,0.3165320754051208,0.2171904742717743,0.8470588326454163,4.651153564453125,1.2372050285339355,0.0802482653409242,0.0966427108645439,0.1321462988853454,0.8191028833389282,13,5,8,0.0,1,0.0124714325630002,208
1.3.6.1.4.1.14519.5.2.1.6279.6001.146603910507557786636779705509,outputs/luna16_saliency_synthetic_gt/1.3.6.1.4.1.14519.5.2.1.6279.6001.146603910507557786636779705509/surface_1.3.6.1.4.1.14519.5.2.1.6279.6001.146603910507557786636779705509.png,outputs/luna16_saliency_synthetic_gt/1.3.6.1.4.1.14519.5.2.1.6279.6001.146603910507557786636779705509/surface_grid_float_1.3.6.1.4.1.14519.5.2.1.6279.6001.146603910507557786636779705509.npy,0.6191703845500718,0.3511354923248291,0.222140371799469,0.9529411792755128,4.5549774169921875,1.2535436153411863,0.0832000106573104,0.1005469074845313,0.1372455209493637,0.8114035129547119,13,5,8,0.0,1,0.0124111551705333,209
1.3.6.1.4.1.14519.5.2.1.6279.6001.186021279664749879526003668137,outputs/luna16_saliency_synthetic_gt/1.3.6.1.4.1.14519.5.2.1.6279.6001.186021279664749879526003668137/surface_1.3.6.1.4.1.14519.5.2.1.6279.6001.186021279664749879526003668137.png,outputs/luna16_saliency_synthetic_gt/1.3.6.1.4.1.14519.5.2.1.6279.6001.186021279664749879526003668137/surface_grid_float_1.3.6.1.4.1.14519.5.2.1.6279.6001.186021279664749879526003668137.npy,0.5633333333333334,0.331630676984787,0.236990213394165,0.8352941274642944,4.596794128417969,0.8272064924240112,0.0611346531659364,0.125241459161043,0.2261191308498382,0.4315672218799591,13,5,8,3.0,1,0.0123776055930389,210
1.3.6.1.4.1.14519.5.2.1.6279.6001.283878926524838648426928238498,outputs/luna16_saliency_synthetic_gt/1.3.6.1.4.1.14519.5.2.1.6279.6001.283878926524838648426928238498/surface_1.3.6.1.4.1.14519.5.2.1.6279.6001.283878926524838648426928238498.png,outputs/luna16_saliency_synthetic_gt/1.3.6.1.4.1.14519.5.2.1.6279.6001.283878926524838648426928238498/surface_grid_float_1.3.6.1.4.1.14519.5.2.1.6279.6001.283878926524838648426928238498.npy,0.4444855377313423,0.3412837386131286,0.2253713011741638,0.9411764740943908,4.29205322265625,1.109279751777649,0.0917251661419867,0.1145085632801056,0.1664449125528335,0.7762159705162048,13,5,8,0.0,1,0.0123136033150884,211
1.3.6.1.4.1.14519.5.2.1.6279.6001.766881513533845439335142582269,outputs/luna16_saliency_synthetic_gt/1.3.6.1.4.1.14519.5.2.1.6279.6001.766881513533845439335142582269/surface_1.3.6.1.4.1.14519.5.2.1.6279.6001.766881513533845439335142582269.png,outputs/luna16_saliency_synthetic_gt/1.3.6.1.4.1.14519.5.2.1.6279.6001.766881513533845439335142582269/surface_grid_float_1.3.6.1.4.1.14519.5.2.1.6279.6001.766881513533845439335142582269.npy,0.6141254441649698,0.3293766677379608,0.2307073920965194,0.95686274766922,4.7978057861328125,1.3133413791656494,0.0754183828830719,0.0876186698675155,0.127196654677391,0.7572265863418579,13,5,8,0.0,1,0.0123076288203398,212
1.3.6.1.4.1.14519.5.2.1.6279.6001.428038562098395445838061018440,outputs/luna16_saliency_synthetic_gt/1.3.6.1.4.1.14519.5.2.1.6279.6001.428038562098395445838061018440/surface_1.3.6.1.4.1.14519.5.2.1.6279.6001.428038562098395445838061018440.png,outputs/luna16_saliency_synthetic_gt/1.3.6.1.4.1.14519.5.2.1.6279.6001.428038562098395445838061018440/surface_grid_float_1.3.6.1.4.1.14519.5.2.1.6279.6001.428038562098395445838061018440.npy,0.6259512729263619,0.3160735964775085,0.2457023411989212,1.0,4.4246826171875,1.2642078399658203,0.0874256163835525,0.1052049785852432,0.1429309844970703,0.7846649289131165,13,5,8,0.0,1,0.0122743202282322,213
1.3.6.1.4.1.14519.5.2.1.6279.6001.183056151780567460322586876100,outputs/luna16_saliency_synthetic_gt/1.3.6.1.4.1.14519.5.2.1.6279.6001.183056151780567460322586876100/surface_1.3.6.1.4.1.14519.5.2.1.6279.6001.183056151780567460322586876100.png,outputs/luna16_saliency_synthetic_gt/1.3.6.1.4.1.14519.5.2.1.6279.6001.183056151780567460322586876100/surface_grid_float_1.3.6.1.4.1.14519.5.2.1.6279.6001.183056151780567460322586876100.npy,0.5949324376140739,0.3371485471725464,0.2226729393005371,0.9764705896377563,4.501556396484375,1.2568916082382202,0.0828832849860191,0.0999813003838061,0.1356225311756134,0.7911621928215027,13,5,8,0.0,1,0.0122601712119248,214
1.3.6.1.4.1.14519.5.2.1.6279.6001.234400932423244218697302970157,outputs/luna16_saliency_synthetic_gt/1.3.6.1.4.1.14519.5.2.1.6279.6001.234400932423244218697302970157/surface_1.3.6.1.4.1.14519.5.2.1.6279.6001.234400932423244218697302970157.png,outputs/luna16_saliency_synthetic_gt/1.3.6.1.4.1.14519.5.2.1.6279.6001.234400932423244218697302970157/surface_grid_float_1.3.6.1.4.1.14519.5.2.1.6279.6001.234400932423244218697302970157.npy,0.398975042279506,0.3815251588821411,0.1987194269895553,0.901960790157318,4.3571319580078125,1.2828387022018433,0.0678110003471374,0.0835734623670578,0.111463725566864,0.8299744129180908,13,5,8,0.0,1,0.0122537645571761,215
1.3.6.1.4.1.14519.5.2.1.6279.6001.281967919138248195763602360723,outputs/luna16_saliency_synthetic_gt/1.3.6.1.4.1.14519.5.2.1.6279.6001.281967919138248195763602360723/surface_1.3.6.1.4.1.14519.5.2.1.6279.6001.281967919138248195763602360723.png,outputs/luna16_saliency_synthetic_gt/1.3.6.1.4.1.14519.5.2.1.6279.6001.281967919138248195763602360723/surface_grid_float_1.3.6.1.4.1.14519.5.2.1.6279.6001.281967919138248195763602360723.npy,0.6733272386922642,0.3338381350040436,0.23964524269104,0.929411768913269,4.1859893798828125,1.2058109045028689,0.0997103530913591,0.1208843266963958,0.1721511781215667,0.7236351370811462,13,5,8,0.0,1,0.0122112568497657,216
1.3.6.1.4.1.14519.5.2.1.6279.6001.191301539558980174217770205256,outputs/luna16_saliency_synthetic_gt/1.3.6.1.4.1.14519.5.2.1.6279.6001.191301539558980174217770205256/surface_1.3.6.1.4.1.14519.5.2.1.6279.6001.191301539558980174217770205256.png,outputs/luna16_saliency_synthetic_gt/1.3.6.1.4.1.14519.5.2.1.6279.6001.191301539558980174217770205256/surface_grid_float_1.3.6.1.4.1.14519.5.2.1.6279.6001.191301539558980174217770205256.npy,0.5742113907540699,0.3216944932937622,0.2338028699159622,0.9490196108818054,4.6128997802734375,1.310246825218201,0.0769064705818891,0.0914000524580478,0.1306609213352203,0.7675037384033203,13,5,8,0.0,1,0.0121357317373156,217
1.3.6.1.4.1.14519.5.2.1.6279.6001.231834776365874788440767645596,outputs/luna16_saliency_synthetic_gt/1.3.6.1.4.1.14519.5.2.1.6279.6001.231834776365874788440767645596/surface_1.3.6.1.4.1.14519.5.2.1.6279.6001.231834776365874788440767645596.png,outputs/luna16_saliency_synthetic_gt/1.3.6.1.4.1.14519.5.2.1.6279.6001.231834776365874788440767645596/surface_grid_float_1.3.6.1.4.1.14519.5.2.1.6279.6001.231834776365874788440767645596.npy,0.6362407031778229,0.3360218703746795,0.2349615842103958,1.0,4.4125823974609375,1.1886588335037231,0.0804000351577996,0.0971153738349676,0.13002410531044,0.785248339176178,13,5,8,0.0,1,0.0120127615200976,218
1.3.6.1.4.1.14519.5.2.1.6279.6001.290410217650314119074833254861,outputs/luna16_saliency_synthetic_gt/1.3.6.1.4.1.14519.5.2.1.6279.6001.290410217650314119074833254861/surface_1.3.6.1.4.1.14519.5.2.1.6279.6001.290410217650314119074833254861.png,outputs/luna16_saliency_synthetic_gt/1.3.6.1.4.1.14519.5.2.1.6279.6001.290410217650314119074833254861/surface_grid_float_1.3.6.1.4.1.14519.5.2.1.6279.6001.290410217650314119074833254861.npy,0.54484375,0.3198659420013428,0.228043720126152,0.95686274766922,4.4519500732421875,1.2413846254348757,0.0803659573197364,0.0965448309481143,0.1368692517280578,0.7499973773956299,13,5,8,0.0,1,0.0119829225558373,219
1.3.6.1.4.1.14519.5.2.1.6279.6001.161633200801003804714818844696,outputs/luna16_saliency_synthetic_gt/1.3.6.1.4.1.14519.5.2.1.6279.6001.161633200801003804714818844696/surface_1.3.6.1.4.1.14519.5.2.1.6279.6001.161633200801003804714818844696.png,outputs/luna16_saliency_synthetic_gt/1.3.6.1.4.1.14519.5.2.1.6279.6001.161633200801003804714818844696/surface_grid_float_1.3.6.1.4.1.14519.5.2.1.6279.6001.161633200801003804714818844696.npy,0.5674194991055456,0.3380105197429657,0.2299587875604629,1.0,4.3059844970703125,1.2519830465316772,0.0848854076117276,0.1031530448049306,0.1406305879354477,0.751422107219696,13,5,8,0.0,1,0.011941059077531,220
1.3.6.1.4.1.14519.5.2.1.6279.6001.743969234977916254223533321294,outputs/luna16_saliency_synthetic_gt/1.3.6.1.4.1.14519.5.2.1.6279.6001.743969234977916254223533321294/surface_1.3.6.1.4.1.14519.5.2.1.6279.6001.743969234977916254223533321294.png,outputs/luna16_saliency_synthetic_gt/1.3.6.1.4.1.14519.5.2.1.6279.6001.743969234977916254223533321294/surface_grid_float_1.3.6.1.4.1.14519.5.2.1.6279.6001.743969234977916254223533321294.npy,0.5286714901477833,0.3544731736183166,0.2251669317483902,0.9176470637321472,4.1903533935546875,1.1790361404418943,0.0933145489543676,0.1125302014499902,0.1632118076086044,0.7013736367225647,13,5,8,0.0,1,0.0119184364476965,221
1.3.6.1.4.1.14519.5.2.1.6279.6001.223098610241551815995595311693,outputs/luna16_saliency_synthetic_gt/1.3.6.1.4.1.14519.5.2.1.6279.6001.223098610241551815995595311693/surface_1.3.6.1.4.1.14519.5.2.1.6279.6001.223098610241551815995595311693.png,outputs/luna16_saliency_synthetic_gt/1.3.6.1.4.1.14519.5.2.1.6279.6001.223098610241551815995595311693/surface_grid_float_1.3.6.1.4.1.14519.5.2.1.6279.6001.223098610241551815995595311693.npy,0.3982539123433805,0.3234457075595855,0.2367307990789413,0.9843137264251708,4.3661346435546875,1.1502196788787842,0.0791485410183668,0.0961362612992524,0.1359285712242126,0.7872702479362488,13,5,8,0.0,1,0.011910468351427,222
1.3.6.1.4.1.14519.5.2.1.6279.6001.276351267409869539593937734609,outputs/luna16_saliency_synthetic_gt/1.3.6.1.4.1.14519.5.2.1.6279.6001.276351267409869539593937734609/surface_1.3.6.1.4.1.14519.5.2.1.6279.6001.276351267409869539593937734609.png,outputs/luna16_saliency_synthetic_gt/1.3.6.1.4.1.14519.5.2.1.6279.6001.276351267409869539593937734609/surface_grid_float_1.3.6.1.4.1.14519.5.2.1.6279.6001.276351267409869539593937734609.npy,0.6538533482977927,0.3310582339763641,0.2395341545343399,0.945098042488098,4.342529296875,1.2018872499465942,0.0844609551131725,0.1005543585121631,0.1390018761157989,0.7446092367172241,13,5,8,0.0,1,0.0119088667761948,223
1.3.6.1.4.1.14519.5.2.1.6279.6001.145510611155363050427743946446,outputs/luna16_saliency_synthetic_gt/1.3.6.1.4.1.14519.5.2.1.6279.6001.145510611155363050427743946446/surface_1.3.6.1.4.1.14519.5.2.1.6279.6001.145510611155363050427743946446.png,outputs/luna16_saliency_synthetic_gt/1.3.6.1.4.1.14519.5.2.1.6279.6001.145510611155363050427743946446/surface_grid_float_1.3.6.1.4.1.14519.5.2.1.6279.6001.145510611155363050427743946446.npy,0.6374653098982423,0.3425352871417999,0.2279470562934875,0.8980392217636108,4.467132568359375,1.11566960811615,0.072603753209114,0.087173465937376,0.120223231613636,0.7534526586532593,18,10,8,1.0,2,0.0117347641668385,224
1.3.6.1.4.1.14519.5.2.1.6279.6001.291156498203266896953765649282,outputs/luna16_saliency_synthetic_gt/1.3.6.1.4.1.14519.5.2.1.6279.6001.291156498203266896953765649282/surface_1.3.6.1.4.1.14519.5.2.1.6279.6001.291156498203266896953765649282.png,outputs/luna16_saliency_synthetic_gt/1.3.6.1.4.1.14519.5.2.1.6279.6001.291156498203266896953765649282/surface_grid_float_1.3.6.1.4.1.14519.5.2.1.6279.6001.291156498203266896953765649282.npy,0.5092338479130932,0.3379916548728943,0.2251401394605636,0.9647058844566344,4.3038787841796875,1.2565572261810305,0.0788837406784296,0.0956820442527532,0.1307620853185653,0.750219464302063,13,5,8,0.0,1,0.0117107469996644,225
1.3.6.1.4.1.14519.5.2.1.6279.6001.254138388912084634057282064266,outputs/luna16_saliency_synthetic_gt/1.3.6.1.4.1.14519.5.2.1.6279.6001.254138388912084634057282064266/surface_1.3.6.1.4.1.14519.5.2.1.6279.6001.254138388912084634057282064266.png,outputs/luna16_saliency_synthetic_gt/1.3.6.1.4.1.14519.5.2.1.6279.6001.254138388912084634057282064266/surface_grid_float_1.3.6.1.4.1.14519.5.2.1.6279.6001.254138388912084634057282064266.npy,0.6805330723186387,0.329443484544754,0.2658714652061462,0.9704705899953888,4.281494140625,1.107060194015503,0.0830162018537521,0.0977641623467207,0.1370890438556671,0.6865741014480591,13,5,8,0.0,1,0.01159446866355,226
1.3.6.1.4.1.14519.5.2.1.6279.6001.126121460017257137098781143514,outputs/luna16_saliency_synthetic_gt/1.3.6.1.4.1.14519.5.2.1.6279.6001.126121460017257137098781143514/surface_1.3.6.1.4.1.14519.5.2.1.6279.6001.126121460017257137098781143514.png,outputs/luna16_saliency_synthetic_gt/1.3.6.1.4.1.14519.5.2.1.6279.6001.126121460017257137098781143514/surface_grid_float_1.3.6.1.4.1.14519.5.2.1.6279.6001.126121460017257137098781143514.npy,0.6525451801685744,0.3252274394035339,0.2386024594306945,0.9764705896377563,4.1048431396484375,1.1255865097045898,0.0868223350495099,0.1041106661409138,0.1472536474466323,0.6999498009681702,13,5,8,0.0,1,0.0115201692191263,227
1.3.6.1.4.1.14519.5.2.1.6279.6001.373433682859788429397781158572,outputs/luna16_saliency_synthetic_gt/1.3.6.1.4.1.14519.5.2.1.6279.6001.373433682859788429397781158572/surface_1.3.6.1.4.1.14519.5.2.1.6279.6001.373433682859788429397781158572.png,outputs/luna16_saliency_synthetic_gt/1.3.6.1.4.1.14519.5.2.1.6279.6001.373433682859788429397781158572/surface_grid_float_1.3.6.1.4.1.14519.5.2.1.6279.6001.373433682859788429397781158572.npy,0.6523242130038247,0.3209464251995086,0.2225306183099746,0.8941176533699036,4.277984619140625,1.1912461519241333,0.0761944454163312,0.0911699324846268,0.125451847910881,0.7301102876663208,13,5,8,0.0,1,0.0114875396456983,228
1.3.6.1.4.1.14519.5.2.1.6279.6001.265133389948279331857097127422,outputs/luna16_saliency_synthetic_gt/1.3.6.1.4.1.14519.5.2.1.6279.6001.265133389948279331857097127422/surface_1.3.6.1.4.1.14519.5.2.1.6279.6001.265133389948279331857097127422.png,outputs/luna16_saliency_synthetic_gt/1.3.6.1.4.1.14519.5.2.1.6279.6001.265133389948279331857097127422/surface_grid_float_1.3.6.1.4.1.14519.5.2.1.6279.6001.265133389948279331857097127422.npy,0.5489087037529944,0.3645075559616089,0.2291337102651596,1.0,4.0761871337890625,1.1529473066329956,0.0814693208783864,0.0987652736902236,0.1384151726961136,0.7268913388252258,13,5,8,0.0,1,0.0113719175199667,229
1.3.6.1.4.1.14519.5.2.1.6279.6001.171919524048654494439256263785,outputs/luna16_saliency_synthetic_gt/1.3.6.1.4.1.14519.5.2.1.6279.6001.171919524048654494439256263785/surface_1.3.6.1.4.1.14519.5.2.1.6279.6001.171919524048654494439256263785.png,outputs/luna16_saliency_synthetic_gt/1.3.6.1.4.1.14519.5.2.1.6279.6001.171919524048654494439256263785/surface_grid_float_1.3.6.1.4.1.14519.5.2.1.6279.6001.171919524048654494439256263785.npy,0.5957695632277419,0.328058511018753,0.2257050722837448,0.8784313797950745,4.0865936279296875,1.166558861732483,0.0834018588066101,0.0995991677045822,0.14140285551548,0.6688653826713562,13,5,8,0.0,1,0.0112853319280677,230
1.3.6.1.4.1.14519.5.2.1.6279.6001.134638281277099121660656324702,outputs/luna16_saliency_synthetic_gt/1.3.6.1.4.1.14519.5.2.1.6279.6001.134638281277099121660656324702/surface_1.3.6.1.4.1.14519.5.2.1.6279.6001.134638281277099121660656324702.png,outputs/luna16_saliency_synthetic_gt/1.3.6.1.4.1.14519.5.2.1.6279.6001.134638281277099121660656324702/surface_grid_float_1.3.6.1.4.1.14519.5.2.1.6279.6001.134638281277099121660656324702.npy,0.5714015151515152,0.3528816103935241,0.2401573657989502,1.0,4.0892181396484375,1.18720281124115,0.0808703325688838,0.0969655555486678,0.1375002861022949,0.6804671883583069,13,5,8,0.0,1,0.0112364795400036,231
1.3.6.1.4.1.14519.5.2.1.6279.6001.303066851236267189733420290986,outputs/luna16_saliency_synthetic_gt/1.3.6.1.4.1.14519.5.2.1.6279.6001.303066851236267189733420290986/surface_1.3.6.1.4.1.14519.5.2.1.6279.6001.303066851236267189733420290986.png,outputs/luna16_saliency_synthetic_gt/1.3.6.1.4.1.14519.5.2.1.6279.6001.303066851236267189733420290986/surface_grid_float_1.3.6.1.4.1.14519.5.2.1.6279.6001.303066851236267189733420290986.npy,0.5417873651771957,0.390239804983139,0.2194363176822662,0.9411764740943908,4.009765625,1.1102272272109983,0.081436426565051,0.098911128938198,0.1415959298610687,0.7023435235023499,13,5,8,0.0,1,0.01121103996204,232
1.3.6.1.4.1.14519.5.2.1.6279.6001.292049618819567427252971059233,outputs/luna16_saliency_synthetic_gt/1.3.6.1.4.1.14519.5.2.1.6279.6001.292049618819567427252971059233/surface_1.3.6.1.4.1.14519.5.2.1.6279.6001.292049618819567427252971059233.png,outputs/luna16_saliency_synthetic_gt/1.3.6.1.4.1.14519.5.2.1.6279.6001.292049618819567427252971059233/surface_grid_float_1.3.6.1.4.1.14519.5.2.1.6279.6001.292049618819567427252971059233.npy,0.591143340940882,0.3479754030704498,0.2219170778989792,0.8666666746139526,4.002105712890625,1.1371921300888062,0.0784208454191684,0.0951283077895641,0.1262209862470626,0.7316325306892395,13,5,8,0.0,1,0.0111498754900362,233
1.3.6.1.4.1.14519.5.2.1.6279.6001.475325201787910087416720919680,outputs/luna16_saliency_synthetic_gt/1.3.6.1.4.1.14519.5.2.1.6279.6001.475325201787910087416720919680/surface_1.3.6.1.4.1.14519.5.2.1.6279.6001.475325201787910087416720919680.png,outputs/luna16_saliency_synthetic_gt/1.3.6.1.4.1.14519.5.2.1.6279.6001.475325201787910087416720919680/surface_grid_float_1.3.6.1.4.1.14519.5.2.1.6279.6001.475325201787910087416720919680.npy,0.5799679487179488,0.3325202167034149,0.2271959632635116,0.901960790157318,4.502723693847656,0.8722444176673889,0.0533227287232875,0.0922661209106446,0.1721155643463134,0.3706347644329071,13,5,8,2.0,1,0.0110961559269163,234
1.3.6.1.4.1.14519.5.2.1.6279.6001.314519596680450457855054746285,outputs/luna16_saliency_synthetic_gt/1.3.6.1.4.1.14519.5.2.1.6279.6001.314519596680450457855054746285/surface_1.3.6.1.4.1.14519.5.2.1.6279.6001.314519596680450457855054746285.png,outputs/luna16_saliency_synthetic_gt/1.3.6.1.4.1.14519.5.2.1.6279.6001.314519596680450457855054746285/surface_grid_float_1.3.6.1.4.1.14519.5.2.1.6279.6001.314519596680450457855054746285.npy,0.5903943771964076,0.3230871260166168,0.2368522137403488,0.9818431383371456,4.0680694580078125,1.0689265727996826,0.0742699727416037,0.0887779649347066,0.1192021667957305,0.6541449427604675,13,5,8,1.0,1,0.0108971101397441,235
1.3.6.1.4.1.14519.5.2.1.6279.6001.254929810944557499537650429296,outputs/luna16_saliency_synthetic_gt/1.3.6.1.4.1.14519.5.2.1.6279.6001.254929810944557499537650429296/surface_1.3.6.1.4.1.14519.5.2.1.6279.6001.254929810944557499537650429296.png,outputs/luna16_saliency_synthetic_gt/1.3.6.1.4.1.14519.5.2.1.6279.6001.254929810944557499537650429296/surface_grid_float_1.3.6.1.4.1.14519.5.2.1.6279.6001.254929810944557499537650429296.npy,0.5291636993283343,0.3530935049057007,0.2215053737163543,0.8786666738986878,3.906570434570313,1.059909701347351,0.0723212838172912,0.0883936440944671,0.121955007314682,0.7301716208457947,13,5,8,0.0,1,0.0107853636489974,236
1.3.6.1.4.1.14519.5.2.1.6279.6001.306788423710427765311352901943,outputs/luna16_saliency_synthetic_gt/1.3.6.1.4.1.14519.5.2.1.6279.6001.306788423710427765311352901943/surface_1.3.6.1.4.1.14519.5.2.1.6279.6001.306788423710427765311352901943.png,outputs/luna16_saliency_synthetic_gt/1.3.6.1.4.1.14519.5.2.1.6279.6001.306788423710427765311352901943/surface_grid_float_1.3.6.1.4.1.14519.5.2.1.6279.6001.306788423710427765311352901943.npy,0.5478629351868789,0.3437878787517547,0.2218745648860931,0.8705882430076599,4.061614990234375,1.060283660888672,0.0730648145079612,0.0859885420650243,0.1240438669919967,0.6392595767974854,13,5,8,0.0,1,0.0107695914163357,237
1.3.6.1.4.1.14519.5.2.1.6279.6001.113697708991260454310623082679,outputs/luna16_saliency_synthetic_gt/1.3.6.1.4.1.14519.5.2.1.6279.6001.113697708991260454310623082679/surface_1.3.6.1.4.1.14519.5.2.1.6279.6001.113697708991260454310623082679.png,outputs/luna16_saliency_synthetic_gt/1.3.6.1.4.1.14519.5.2.1.6279.6001.113697708991260454310623082679/surface_grid_float_1.3.6.1.4.1.14519.5.2.1.6279.6001.113697708991260454310623082679.npy,0.5318826891407537,0.3728260695934295,0.2252506613731384,0.9607843160629272,4.1513214111328125,1.0738301277160645,0.0640293981879949,0.0757182401418685,0.1056519150733947,0.6769915819168091,13,5,8,0.0,1,0.0106948419604036,238
1.3.6.1.4.1.14519.5.2.1.6279.6001.657775098760536289051744981056,outputs/luna16_saliency_synthetic_gt/1.3.6.1.4.1.14519.5.2.1.6279.6001.657775098760536289051744981056/surface_1.3.6.1.4.1.14519.5.2.1.6279.6001.657775098760536289051744981056.png,outputs/luna16_saliency_synthetic_gt/1.3.6.1.4.1.14519.5.2.1.6279.6001.657775098760536289051744981056/surface_grid_float_1.3.6.1.4.1.14519.5.2.1.6279.6001.657775098760536289051744981056.npy,0.6056764949021769,0.3695946931838989,0.2325635403394699,0.9843137264251708,3.774124145507813,1.1180919408798218,0.078668612986803,0.0960081416368484,0.1290570348501205,0.6735126972198486,13,5,8,0.0,1,0.0106671460409959,239
1.3.6.1.4.1.14519.5.2.1.6279.6001.200837896655745926888305239398,outputs/luna16_saliency_synthetic_gt/1.3.6.1.4.1.14519.5.2.1.6279.6001.200837896655745926888305239398/surface_1.3.6.1.4.1.14519.5.2.1.6279.6001.200837896655745926888305239398.png,outputs/luna16_saliency_synthetic_gt/1.3.6.1.4.1.14519.5.2.1.6279.6001.200837896655745926888305239398/surface_grid_float_1.3.6.1.4.1.14519.5.2.1.6279.6001.200837896655745926888305239398.npy,0.5519607135119521,0.3746761083602905,0.2399405390024185,1.0,3.9559326171875,1.079184651374817,0.0703750990331173,0.0844293190538883,0.1192967593669891,0.6810325980186462,13,5,8,0.0,1,0.0106395063736372,240
1.3.6.1.4.1.14519.5.2.1.6279.6001.139595277234735528205899724196,outputs/luna16_saliency_synthetic_gt/1.3.6.1.4.1.14519.5.2.1.6279.6001.139595277234735528205899724196/surface_1.3.6.1.4.1.14519.5.2.1.6279.6001.139595277234735528205899724196.png,outputs/luna16_saliency_synthetic_gt/1.3.6.1.4.1.14519.5.2.1.6279.6001.139595277234735528205899724196/surface_grid_float_1.3.6.1.4.1.14519.5.2.1.6279.6001.139595277234735528205899724196.npy,0.5617674892625756,0.3151294887065887,0.227505624294281,0.8980392217636108,3.931793212890625,1.0912307500839231,0.072237654030323,0.0867554819583893,0.128148928284645,0.6445470452308655,13,5,8,0.0,1,0.0105879799140824,241
1.3.6.1.4.1.14519.5.2.1.6279.6001.802595762867498341201607992711,outputs/luna16_saliency_synthetic_gt/1.3.6.1.4.1.14519.5.2.1.6279.6001.802595762867498341201607992711/surface_1.3.6.1.4.1.14519.5.2.1.6279.6001.802595762867498341201607992711.png,outputs/luna16_saliency_synthetic_gt/1.3.6.1.4.1.14519.5.2.1.6279.6001.802595762867498341201607992711/surface_grid_float_1.3.6.1.4.1.14519.5.2.1.6279.6001.802595762867498341201607992711.npy,0.5197075845263478,0.3301237225532532,0.2186524122953415,0.8392156958580017,4.024139404296875,1.1042331457138062,0.06506133005023,0.0776734110713005,0.1083258315920829,0.6822370290756226,13,5,8,0.0,1,0.0105531836261351,242
1.3.6.1.4.1.14519.5.2.1.6279.6001.465032801496479029639448332481,outputs/luna16_saliency_synthetic_gt/1.3.6.1.4.1.14519.5.2.1.6279.6001.465032801496479029639448332481/surface_1.3.6.1.4.1.14519.5.2.1.6279.6001.465032801496479029639448332481.png,outputs/luna16_saliency_synthetic_gt/1.3.6.1.4.1.14519.5.2.1.6279.6001.465032801496479029639448332481/surface_grid_float_1.3.6.1.4.1.14519.5.2.1.6279.6001.465032801496479029639448332481.npy,0.6560475604756048,0.3792583048343658,0.2269612997770309,1.0,3.7505035400390625,0.9708346128463744,0.0799647398293018,0.096093945428729,0.1318790018558502,0.638042151927948,13,5,8,1.0,1,0.010551529044989,243
1.3.6.1.4.1.14519.5.2.1.6279.6001.664989286137882319237192185951,outputs/luna16_saliency_synthetic_gt/1.3.6.1.4.1.14519.5.2.1.6279.6001.664989286137882319237192185951/surface_1.3.6.1.4.1.14519.5.2.1.6279.6001.664989286137882319237192185951.png,outputs/luna16_saliency_synthetic_gt/1.3.6.1.4.1.14519.5.2.1.6279.6001.664989286137882319237192185951/surface_grid_float_1.3.6.1.4.1.14519.5.2.1.6279.6001.664989286137882319237192185951.npy,0.565491285271505,0.4403957724571228,0.2474589496850967,1.0,3.6984634399414062,0.9742825031280518,0.0770615693181753,0.0929783578962087,0.1252128034830093,0.6652872562408447,13,5,8,0.0,1,0.0104318725951015,244
1.3.6.1.4.1.14519.5.2.1.6279.6001.164790817284381538042494285101,outputs/luna16_saliency_synthetic_gt/1.3.6.1.4.1.14519.5.2.1.6279.6001.164790817284381538042494285101/surface_1.3.6.1.4.1.14519.5.2.1.6279.6001.164790817284381538042494285101.png,outputs/luna16_saliency_synthetic_gt/1.3.6.1.4.1.14519.5.2.1.6279.6001.164790817284381538042494285101/surface_grid_float_1.3.6.1.4.1.14519.5.2.1.6279.6001.164790817284381538042494285101.npy,0.5665408168795274,0.3531201183795929,0.2367053031921386,0.9843137264251708,3.672943115234375,1.0576083660125732,0.0770859584212303,0.0933881476521492,0.1283829808235168,0.6447206139564514,13,5,8,0.0,1,0.0103559287637472,245
1.3.6.1.4.1.14519.5.2.1.6279.6001.307921770358136677021532761235,outputs/luna16_saliency_synthetic_gt/1.3.6.1.4.1.14519.5.2.1.6279.6001.307921770358136677021532761235/surface_1.3.6.1.4.1.14519.5.2.1.6279.6001.307921770358136677021532761235.png,outputs/luna16_saliency_synthetic_gt/1.3.6.1.4.1.14519.5.2.1.6279.6001.307921770358136677021532761235/surface_grid_float_1.3.6.1.4.1.14519.5.2.1.6279.6001.307921770358136677021532761235.npy,0.5536901078379318,0.383858859539032,0.2256326824426651,0.9803921580314636,3.603553771972656,1.0419960021972656,0.0746832080185413,0.09079105168581,0.1234159171581268,0.6472250819206238,18,10,8,0.0,2,0.0101679324636856,246
1.3.6.1.4.1.14519.5.2.1.6279.6001.156579001330474859527530187095,outputs/luna16_saliency_synthetic_gt/1.3.6.1.4.1.14519.5.2.1.6279.6001.156579001330474859527530187095/surface_1.3.6.1.4.1.14519.5.2.1.6279.6001.156579001330474859527530187095.png,outputs/luna16_saliency_synthetic_gt/1.3.6.1.4.1.14519.5.2.1.6279.6001.156579001330474859527530187095/surface_grid_float_1.3.6.1.4.1.14519.5.2.1.6279.6001.156579001330474859527530187095.npy,0.64259149552396,0.3330769538879394,0.2274882942438125,0.886274516582489,3.6342620849609375,1.0741519927978516,0.0734698351472615,0.0887179338186979,0.1238359734416008,0.623026967048645,13,5,8,0.0,1,0.010103145860715,247
1.3.6.1.4.1.14519.5.2.1.6279.6001.253283426904813468115158375647,outputs/luna16_saliency_synthetic_gt/1.3.6.1.4.1.14519.5.2.1.6279.6001.253283426904813468115158375647/surface_1.3.6.1.4.1.14519.5.2.1.6279.6001.253283426904813468115158375647.png,outputs/luna16_saliency_synthetic_gt/1.3.6.1.4.1.14519.5.2.1.6279.6001.253283426904813468115158375647/surface_grid_float_1.3.6.1.4.1.14519.5.2.1.6279.6001.253283426904813468115158375647.npy,0.5636450945626478,0.3376410603523254,0.233279600739479,0.929411768913269,3.717948913574219,1.0719748735427856,0.0671224452555179,0.0821342618763446,0.1090974360704422,0.6381300687789917,18,10,8,1.0,2,0.0100786761984229,248
1.3.6.1.4.1.14519.5.2.1.6279.6001.855232435861303786204450738044,outputs/luna16_saliency_synthetic_gt/1.3.6.1.4.1.14519.5.2.1.6279.6001.855232435861303786204450738044/surface_1.3.6.1.4.1.14519.5.2.1.6279.6001.855232435861303786204450738044.png,outputs/luna16_saliency_synthetic_gt/1.3.6.1.4.1.14519.5.2.1.6279.6001.855232435861303786204450738044/surface_grid_float_1.3.6.1.4.1.14519.5.2.1.6279.6001.855232435861303786204450738044.npy,0.6280913554664624,0.3084036707878113,0.2452607452869415,0.9372549057006836,4.243896484375,0.8816943764686584,0.0480568632483482,0.0654731208086013,0.1069577783346176,0.4529190957546234,18,10,8,3.0,2,0.0100438413110044,249
1.3.6.1.4.1.14519.5.2.1.6279.6001.561423049201987049884663740668,outputs/luna16_saliency_synthetic_gt/1.3.6.1.4.1.14519.5.2.1.6279.6001.561423049201987049884663740668/surface_1.3.6.1.4.1.14519.5.2.1.6279.6001.561423049201987049884663740668.png,outputs/luna16_saliency_synthetic_gt/1.3.6.1.4.1.14519.5.2.1.6279.6001.561423049201987049884663740668/surface_grid_float_1.3.6.1.4.1.14519.5.2.1.6279.6001.561423049201987049884663740668.npy,0.5541377423164444,0.3266209363937378,0.2424062341451645,1.0,3.687713623046875,1.0291249752044678,0.0706649560481309,0.0844167666137218,0.1212146505713462,0.5916697382926941,13,5,8,0.0,1,0.0099935140108068,250
1.3.6.1.4.1.14519.5.2.1.6279.6001.193408384740507320589857096592,outputs/luna16_saliency_synthetic_gt/1.3.6.1.4.1.14519.5.2.1.6279.6001.193408384740507320589857096592/surface_1.3.6.1.4.1.14519.5.2.1.6279.6001.193408384740507320589857096592.png,outputs/luna16_saliency_synthetic_gt/1.3.6.1.4.1.14519.5.2.1.6279.6001.193408384740507320589857096592/surface_grid_float_1.3.6.1.4.1.14519.5.2.1.6279.6001.193408384740507320589857096592.npy,0.5814552734336287,0.3605883419513702,0.2443423867225647,1.0,3.6720123291015625,0.983306646347046,0.0716071166098117,0.0835239104926586,0.1185545697808265,0.5813416838645935,13,5,8,0.0,1,0.0099176082718703,251
1.3.6.1.4.1.14519.5.2.1.6279.6001.304676828064484590312919543151,outputs/luna16_saliency_synthetic_gt/1.3.6.1.4.1.14519.5.2.1.6279.6001.304676828064484590312919543151/surface_1.3.6.1.4.1.14519.5.2.1.6279.6001.304676828064484590312919543151.png,outputs/luna16_saliency_synthetic_gt/1.3.6.1.4.1.14519.5.2.1.6279.6001.304676828064484590312919543151/surface_grid_float_1.3.6.1.4.1.14519.5.2.1.6279.6001.304676828064484590312919543151.npy,0.5811194058323054,0.3277553915977478,0.2274729907512664,1.0,3.7508392333984375,1.0305007696151731,0.0632351450622081,0.0757686629891395,0.1052853018045425,0.6155123114585876,13,5,8,0.0,1,0.0098922637485795,252
1.3.6.1.4.1.14519.5.2.1.6279.6001.278660284797073139172446973682,outputs/luna16_saliency_synthetic_gt/1.3.6.1.4.1.14519.5.2.1.6279.6001.278660284797073139172446973682/surface_1.3.6.1.4.1.14519.5.2.1.6279.6001.278660284797073139172446973682.png,outputs/luna16_saliency_synthetic_gt/1.3.6.1.4.1.14519.5.2.1.6279.6001.278660284797073139172446973682/surface_grid_float_1.3.6.1.4.1.14519.5.2.1.6279.6001.278660284797073139172446973682.npy,0.5745614035087719,0.3865278661251068,0.2593916654586792,0.992392157316213,3.5738372802734375,0.9648259282112122,0.0719583068042993,0.085077241808176,0.1217337399721145,0.5553556680679321,13,5,8,0.0,1,0.0097428364281853,253
1.3.6.1.4.1.14519.5.2.1.6279.6001.564534197011295112247542153557,outputs/luna16_saliency_synthetic_gt/1.3.6.1.4.1.14519.5.2.1.6279.6001.564534197011295112247542153557/surface_1.3.6.1.4.1.14519.5.2.1.6279.6001.564534197011295112247542153557.png,outputs/luna16_saliency_synthetic_gt/1.3.6.1.4.1.14519.5.2.1.6279.6001.564534197011295112247542153557/surface_grid_float_1.3.6.1.4.1.14519.5.2.1.6279.6001.564534197011295112247542153557.npy,0.5245959719837571,0.3683433532714844,0.2231111526489257,0.8470588326454163,3.651763916015625,0.9620864391326904,0.0632345620542764,0.0753294885158538,0.1095712631940841,0.5953685641288757,13,5,8,0.0,1,0.0096691991024547,254
1.3.6.1.4.1.14519.5.2.1.6279.6001.152706273988004688708784163325,outputs/luna16_saliency_synthetic_gt/1.3.6.1.4.1.14519.5.2.1.6279.6001.152706273988004688708784163325/surface_1.3.6.1.4.1.14519.5.2.1.6279.6001.152706273988004688708784163325.png,outputs/luna16_saliency_synthetic_gt/1.3.6.1.4.1.14519.5.2.1.6279.6001.152706273988004688708784163325/surface_grid_float_1.3.6.1.4.1.14519.5.2.1.6279.6001.152706273988004688708784163325.npy,0.6050904452690167,0.2974035441875458,0.2149896770715713,0.8745098114013672,3.7059478759765625,0.9384595155715942,0.0575850311666727,0.0686652725934982,0.0937256887555122,0.6278693079948425,13,5,8,0.0,1,0.0096318030999766,255
1.3.6.1.4.1.14519.5.2.1.6279.6001.334022941831199910030220864961,outputs/luna16_saliency_synthetic_gt/1.3.6.1.4.1.14519.5.2.1.6279.6001.334022941831199910030220864961/surface_1.3.6.1.4.1.14519.5.2.1.6279.6001.334022941831199910030220864961.png,outputs/luna16_saliency_synthetic_gt/1.3.6.1.4.1.14519.5.2.1.6279.6001.334022941831199910030220864961/surface_grid_float_1.3.6.1.4.1.14519.5.2.1.6279.6001.334022941831199910030220864961.npy,0.5797243265993266,0.2998543679714203,0.2136331051588058,0.8666666746139526,3.677291870117187,1.0412639379501345,0.0594325218349695,0.0712191172689199,0.1013733968138694,0.5906158685684204,13,5,8,0.0,1,0.009577873009526,256
1.3.6.1.4.1.14519.5.2.1.6279.6001.139889514693390832525232698200,outputs/luna16_saliency_synthetic_gt/1.3.6.1.4.1.14519.5.2.1.6279.6001.139889514693390832525232698200/surface_1.3.6.1.4.1.14519.5.2.1.6279.6001.139889514693390832525232698200.png,outputs/luna16_saliency_synthetic_gt/1.3.6.1.4.1.14519.5.2.1.6279.6001.139889514693390832525232698200/surface_grid_float_1.3.6.1.4.1.14519.5.2.1.6279.6001.139889514693390832525232698200.npy,0.5888850574712644,0.3215006291866302,0.2276133596897125,1.0,3.60858154296875,1.0167350769042969,0.0593929214403033,0.0715709939599036,0.0998109132051467,0.6173250675201416,13,5,8,0.0,1,0.0095332658737897,257
1.3.6.1.4.1.14519.5.2.1.6279.6001.159521777966998275980367008904,outputs/luna16_saliency_synthetic_gt/1.3.6.1.4.1.14519.5.2.1.6279.6001.159521777966998275980367008904/surface_1.3.6.1.4.1.14519.5.2.1.6279.6001.159521777966998275980367008904.png,outputs/luna16_saliency_synthetic_gt/1.3.6.1.4.1.14519.5.2.1.6279.6001.159521777966998275980367008904/surface_grid_float_1.3.6.1.4.1.14519.5.2.1.6279.6001.159521777966998275980367008904.npy,0.6548702193863484,0.3387667834758758,0.2344944328069687,0.9333333373069764,3.4316329956054688,0.902514398097992,0.0680356718599796,0.0816390801221131,0.1100268065929412,0.5962338447570801,13,5,8,0.0,1,0.0094935248291326,258
1.3.6.1.4.1.14519.5.2.1.6279.6001.969607480572818589276327766720,outputs/luna16_saliency_synthetic_gt/1.3.6.1.4.1.14519.5.2.1.6279.6001.969607480572818589276327766720/surface_1.3.6.1.4.1.14519.5.2.1.6279.6001.969607480572818589276327766720.png,outputs/luna16_saliency_synthetic_gt/1.3.6.1.4.1.14519.5.2.1.6279.6001.969607480572818589276327766720/surface_grid_float_1.3.6.1.4.1.14519.5.2.1.6279.6001.969607480572818589276327766720.npy,0.590569153069153,0.3329997062683105,0.2341564297676086,0.95686274766922,3.31597900390625,0.8770307898521423,0.0663290377706289,0.0804776679724454,0.1125750169157981,0.5984770655632019,13,5,8,0.0,1,0.0092709107469353,259
1.3.6.1.4.1.14519.5.2.1.6279.6001.701514276942509393419164159551,outputs/luna16_saliency_synthetic_gt/1.3.6.1.4.1.14519.5.2.1.6279.6001.701514276942509393419164159551/surface_1.3.6.1.4.1.14519.5.2.1.6279.6001.701514276942509393419164159551.png,outputs/luna16_saliency_synthetic_gt/1.3.6.1.4.1.14519.5.2.1.6279.6001.701514276942509393419164159551/surface_grid_float_1.3.6.1.4.1.14519.5.2.1.6279.6001.701514276942509393419164159551.npy,0.5167978711608826,0.3719888031482696,0.2091352194547653,0.886274516582489,3.344573974609375,0.8791236281394958,0.0624884514138102,0.0755953584611416,0.108310267329216,0.5817819237709045,13,5,8,0.0,1,0.0091349994310074,260
1.3.6.1.4.1.14519.5.2.1.6279.6001.209269973797560820442292189762,outputs/luna16_saliency_synthetic_gt/1.3.6.1.4.1.14519.5.2.1.6279.6001.209269973797560820442292189762/surface_1.3.6.1.4.1.14519.5.2.1.6279.6001.209269973797560820442292189762.png,outputs/luna16_saliency_synthetic_gt/1.3.6.1.4.1.14519.5.2.1.6279.6001.209269973797560820442292189762/surface_grid_float_1.3.6.1.4.1.14519.5.2.1.6279.6001.209269973797560820442292189762.npy,0.5955480417018879,0.394007533788681,0.2269150018692016,1.0,3.2117767333984375,0.877808690071106,0.063743645697832,0.0763989996910095,0.1051200553774833,0.5576069951057434,13,5,8,0.0,1,0.0088840578688515,261
1.3.6.1.4.1.14519.5.2.1.6279.6001.203425588524695836343069893813,outputs/luna16_saliency_synthetic_gt/1.3.6.1.4.1.14519.5.2.1.6279.6001.203425588524695836343069893813/surface_1.3.6.1.4.1.14519.5.2.1.6279.6001.203425588524695836343069893813.png,outputs/luna16_saliency_synthetic_gt/1.3.6.1.4.1.14519.5.2.1.6279.6001.203425588524695836343069893813/surface_grid_float_1.3.6.1.4.1.14519.5.2.1.6279.6001.203425588524695836343069893813.npy,0.5245006016847172,0.389253556728363,0.22676582634449,0.945098042488098,3.4390411376953125,0.9231418967247008,0.0562289390712976,0.0664064174890518,0.0990628078579902,0.5193988680839539,13,5,8,0.0,1,0.0088781474610169,262
1.3.6.1.4.1.14519.5.2.1.6279.6001.306558074682524259000586270818,outputs/luna16_saliency_synthetic_gt/1.3.6.1.4.1.14519.5.2.1.6279.6001.306558074682524259000586270818/surface_1.3.6.1.4.1.14519.5.2.1.6279.6001.306558074682524259000586270818.png,outputs/luna16_saliency_synthetic_gt/1.3.6.1.4.1.14519.5.2.1.6279.6001.306558074682524259000586270818/surface_grid_float_1.3.6.1.4.1.14519.5.2.1.6279.6001.306558074682524259000586270818.npy,0.6034476784476784,0.3458483219146728,0.2231128215789795,0.9058823585510254,3.2259292602539062,0.877714991569519,0.0618683410808443,0.0735583563148975,0.1074337512254715,0.5166006684303284,13,5,8,0.0,1,0.0087313009419375,263
1.3.6.1.4.1.14519.5.2.1.6279.6001.187803155574314810830688534991,outputs/luna16_saliency_synthetic_gt/1.3.6.1.4.1.14519.5.2.1.6279.6001.187803155574314810830688534991/surface_1.3.6.1.4.1.14519.5.2.1.6279.6001.187803155574314810830688534991.png,outputs/luna16_saliency_synthetic_gt/1.3.6.1.4.1.14519.5.2.1.6279.6001.187803155574314810830688534991/surface_grid_float_1.3.6.1.4.1.14519.5.2.1.6279.6001.187803155574314810830688534991.npy,0.5560804450149764,0.3928081095218658,0.2048010379076004,0.9058823585510254,3.507484436035156,0.7781834006309509,0.0444421060383319,0.062401580363512,0.101893350481987,0.4365787804126739,18,10,8,2.0,2,0.008688029871881,264
1.3.6.1.4.1.14519.5.2.1.6279.6001.302134342469412607966016057827,outputs/luna16_saliency_synthetic_gt/1.3.6.1.4.1.14519.5.2.1.6279.6001.302134342469412607966016057827/surface_1.3.6.1.4.1.14519.5.2.1.6279.6001.302134342469412607966016057827.png,outputs/luna16_saliency_synthetic_gt/1.3.6.1.4.1.14519.5.2.1.6279.6001.302134342469412607966016057827/surface_grid_float_1.3.6.1.4.1.14519.5.2.1.6279.6001.302134342469412607966016057827.npy,0.4516467509381789,0.3459911048412323,0.2222421318292617,0.91372549533844,3.28863525390625,0.9192264080047609,0.0540714975446462,0.0645187973976135,0.090065136551857,0.5577330589294434,13,5,8,0.0,1,0.0086560294760598,265
1.3.6.1.4.1.14519.5.2.1.6279.6001.265570697208310960298668720669,outputs/luna16_saliency_synthetic_gt/1.3.6.1.4.1.14519.5.2.1.6279.6001.265570697208310960298668720669/surface_1.3.6.1.4.1.14519.5.2.1.6279.6001.265570697208310960298668720669.png,outputs/luna16_saliency_synthetic_gt/1.3.6.1.4.1.14519.5.2.1.6279.6001.265570697208310960298668720669/surface_grid_float_1.3.6.1.4.1.14519.5.2.1.6279.6001.265570697208310960298668720669.npy,0.57053230888287,0.3479317724704742,0.2164147347211837,0.886274516582489,3.1911544799804688,0.8620811104774475,0.0548951212316751,0.0656535159051417,0.0912618637084961,0.543114423751831,13,5,8,0.0,1,0.0084951172187924,266
1.3.6.1.4.1.14519.5.2.1.6279.6001.286627485198831346082954437212,outputs/luna16_saliency_synthetic_gt/1.3.6.1.4.1.14519.5.2.1.6279.6001.286627485198831346082954437212/surface_1.3.6.1.4.1.14519.5.2.1.6279.6001.286627485198831346082954437212.png,outputs/luna16_saliency_synthetic_gt/1.3.6.1.4.1.14519.5.2.1.6279.6001.286627485198831346082954437212/surface_grid_float_1.3.6.1.4.1.14519.5.2.1.6279.6001.286627485198831346082954437212.npy,0.6442142857142857,0.3558741211891174,0.2284272164106369,1.0,3.0466156005859375,0.8362929821014404,0.0615267014130949,0.0738829032331705,0.1016061007976532,0.5017508268356323,13,5,8,0.0,1,0.0084091816020508,267
1.3.6.1.4.1.14519.5.2.1.6279.6001.776429308535398795601496131524,outputs/luna16_saliency_synthetic_gt/1.3.6.1.4.1.14519.5.2.1.6279.6001.776429308535398795601496131524/surface_1.3.6.1.4.1.14519.5.2.1.6279.6001.776429308535398795601496131524.png,outputs/luna16_saliency_synthetic_gt/1.3.6.1.4.1.14519.5.2.1.6279.6001.776429308535398795601496131524/surface_grid_float_1.3.6.1.4.1.14519.5.2.1.6279.6001.776429308535398795601496131524.npy,0.5638412209364813,0.3277986645698547,0.2263296991586685,0.9254902005195618,3.035247802734375,0.8516493439674377,0.0601651202887296,0.0713266935199499,0.1002900898456573,0.5084278583526611,13,5,8,0.0,1,0.0083283868287172,268
1.3.6.1.4.1.14519.5.2.1.6279.6001.986011151772797848993829243183,outputs/luna16_saliency_synthetic_gt/1.3.6.1.4.1.14519.5.2.1.6279.6001.986011151772797848993829243183/surface_1.3.6.1.4.1.14519.5.2.1.6279.6001.986011151772797848993829243183.png,outputs/luna16_saliency_synthetic_gt/1.3.6.1.4.1.14519.5.2.1.6279.6001.986011151772797848993829243183/surface_grid_float_1.3.6.1.4.1.14519.5.2.1.6279.6001.986011151772797848993829243183.npy,0.6325971493881941,0.3506715297698974,0.2213450670242309,0.8666666746139526,2.9841766357421875,0.83467698097229,0.0604020608589053,0.0714029997587204,0.1044796258211135,0.4607118368148803,13,5,8,0.0,1,0.0081395218008094,269
1.3.6.1.4.1.14519.5.2.1.6279.6001.116097642684124305074876564522,outputs/luna16_saliency_synthetic_gt/1.3.6.1.4.1.14519.5.2.1.6279.6001.116097642684124305074876564522/surface_1.3.6.1.4.1.14519.5.2.1.6279.6001.116097642684124305074876564522.png,outputs/luna16_saliency_synthetic_gt/1.3.6.1.4.1.14519.5.2.1.6279.6001.116097642684124305074876564522/surface_grid_float_1.3.6.1.4.1.14519.5.2.1.6279.6001.116097642684124305074876564522.npy,0.5880288492497907,0.3608617484569549,0.2281223684549331,1.0,2.99627685546875,0.8371930718421936,0.0557402465492486,0.0664638519287109,0.0919442325830459,0.513205885887146,13,5,8,0.0,1,0.0081281678411695,270
1.3.6.1.4.1.14519.5.2.1.6279.6001.216526102138308489357443843021,outputs/luna16_saliency_synthetic_gt/1.3.6.1.4.1.14519.5.2.1.6279.6001.216526102138308489357443843021/surface_1.3.6.1.4.1.14519.5.2.1.6279.6001.216526102138308489357443843021.png,outputs/luna16_saliency_synthetic_gt/1.3.6.1.4.1.14519.5.2.1.6279.6001.216526102138308489357443843021/surface_grid_float_1.3.6.1.4.1.14519.5.2.1.6279.6001.216526102138308489357443843021.npy,0.5184803702045081,0.4039990305900574,0.2268407791852951,1.0,3.0440673828125,0.8553824424743652,0.0538996974006295,0.0633911853283643,0.0908888280391693,0.5041849613189697,13,5,8,0.0,1,0.008095592223025,271
1.3.6.1.4.1.14519.5.2.1.6279.6001.385151742584074711135621089321,outputs/luna16_saliency_synthetic_gt/1.3.6.1.4.1.14519.5.2.1.6279.6001.385151742584074711135621089321/surface_1.3.6.1.4.1.14519.5.2.1.6279.6001.385151742584074711135621089321.png,outputs/luna16_saliency_synthetic_gt/1.3.6.1.4.1.14519.5.2.1.6279.6001.385151742584074711135621089321/surface_grid_float_1.3.6.1.4.1.14519.5.2.1.6279.6001.385151742584074711135621089321.npy,0.5899334010051744,0.334049254655838,0.2191464304924011,0.9490196108818054,2.9623565673828125,0.8503738045692444,0.0537808697670698,0.0655402167141437,0.0918072462081909,0.5327014923095703,13,5,8,0.0,1,0.0080872485410836,272
1.3.6.1.4.1.14519.5.2.1.6279.6001.211071908915618528829547301883,outputs/luna16_saliency_synthetic_gt/1.3.6.1.4.1.14519.5.2.1.6279.6001.211071908915618528829547301883/surface_1.3.6.1.4.1.14519.5.2.1.6279.6001.211071908915618528829547301883.png,outputs/luna16_saliency_synthetic_gt/1.3.6.1.4.1.14519.5.2.1.6279.6001.211071908915618528829547301883/surface_grid_float_1.3.6.1.4.1.14519.5.2.1.6279.6001.211071908915618528829547301883.npy,0.5894884727884107,0.2903592586517334,0.2124244570732116,0.8823529481887817,3.089630126953125,0.7744375467300415,0.0489477165043354,0.058495593778789,0.0805334001779556,0.5312514305114746,13,5,8,0.0,1,0.0080848100927554,273
1.3.6.1.4.1.14519.5.2.1.6279.6001.749871569713868632259874663577,outputs/luna16_saliency_synthetic_gt/1.3.6.1.4.1.14519.5.2.1.6279.6001.749871569713868632259874663577/surface_1.3.6.1.4.1.14519.5.2.1.6279.6001.749871569713868632259874663577.png,outputs/luna16_saliency_synthetic_gt/1.3.6.1.4.1.14519.5.2.1.6279.6001.749871569713868632259874663577/surface_grid_float_1.3.6.1.4.1.14519.5.2.1.6279.6001.749871569713868632259874663577.npy,0.6332418524871355,0.3413001596927643,0.2215822041034698,0.9882352948188782,2.8840255737304688,0.8007233142852783,0.0600745493546128,0.0718575403839349,0.1027624085545539,0.4747383296489715,13,5,8,0.0,1,0.0080174095669554,274
1.3.6.1.4.1.14519.5.2.1.6279.6001.303865116731361029078599241306,outputs/luna16_saliency_synthetic_gt/1.3.6.1.4.1.14519.5.2.1.6279.6001.303865116731361029078599241306/surface_1.3.6.1.4.1.14519.5.2.1.6279.6001.303865116731361029078599241306.png,outputs/luna16_saliency_synthetic_gt/1.3.6.1.4.1.14519.5.2.1.6279.6001.303865116731361029078599241306/surface_grid_float_1.3.6.1.4.1.14519.5.2.1.6279.6001.303865116731361029078599241306.npy,0.6305458793099852,0.3677999377250671,0.2256660908460617,0.9176470637321472,2.5911788940429688,0.6739671230316162,0.059815052896738,0.0723304837942123,0.1037204191088676,0.4450754523277282,13,5,8,0.0,1,0.0074776025646262,275
1.3.6.1.4.1.14519.5.2.1.6279.6001.980362852713685276785310240144,outputs/luna16_saliency_synthetic_gt/1.3.6.1.4.1.14519.5.2.1.6279.6001.980362852713685276785310240144/surface_1.3.6.1.4.1.14519.5.2.1.6279.6001.980362852713685276785310240144.png,outputs/luna16_saliency_synthetic_gt/1.3.6.1.4.1.14519.5.2.1.6279.6001.980362852713685276785310240144/surface_grid_float_1.3.6.1.4.1.14519.5.2.1.6279.6001.980362852713685276785310240144.npy,0.5289625850340136,0.3300719857215881,0.2345959693193435,0.9882352948188782,2.5530471801757812,0.7235506176948547,0.0502068050205707,0.0609478542208671,0.0829903706908226,0.4572803080081939,13,5,8,0.0,1,0.0070996927224927,276
1.3.6.1.4.1.14519.5.2.1.6279.6001.975254950136384517744116790879,outputs/luna16_saliency_synthetic_gt/1.3.6.1.4.1.14519.5.2.1.6279.6001.975254950136384517744116790879/surface_1.3.6.1.4.1.14519.5.2.1.6279.6001.975254950136384517744116790879.png,outputs/luna16_saliency_synthetic_gt/1.3.6.1.4.1.14519.5.2.1.6279.6001.975254950136384517744116790879/surface_grid_float_1.3.6.1.4.1.14519.5.2.1.6279.6001.975254950136384517744116790879.npy,0.6724007846687793,0.348398208618164,0.2100934237241745,0.95686274766922,2.3325424194335938,0.616898775100708,0.047700461000204,0.0577813357114791,0.0781037956476211,0.4236551225185394,13,5,8,0.0,1,0.0065624665982193,277
1.3.6.1.4.1.14519.5.2.1.6279.6001.320967206808467952819309001585,outputs/luna16_saliency_synthetic_gt/1.3.6.1.4.1.14519.5.2.1.6279.6001.320967206808467952819309001585/surface_1.3.6.1.4.1.14519.5.2.1.6279.6001.320967206808467952819309001585.png,outputs/luna16_saliency_synthetic_gt/1.3.6.1.4.1.14519.5.2.1.6279.6001.320967206808467952819309001585/surface_grid_float_1.3.6.1.4.1.14519.5.2.1.6279.6001.320967206808467952819309001585.npy,0.5686304909560723,0.3539876043796539,0.2287328988313675,0.9098039269447328,2.3087310791015625,0.6086153388023376,0.0456024238839745,0.0544843471050262,0.078818641602993,0.379540741443634,13,5,8,0.0,1,0.0063258394148614,278
1.3.6.1.4.1.14519.5.2.1.6279.6001.216652640878960522552873394709,outputs/luna16_saliency_synthetic_gt/1.3.6.1.4.1.14519.5.2.1.6279.6001.216652640878960522552873394709/surface_1.3.6.1.4.1.14519.5.2.1.6279.6001.216652640878960522552873394709.png,outputs/luna16_saliency_synthetic_gt/1.3.6.1.4.1.14519.5.2.1.6279.6001.216652640878960522552873394709/surface_grid_float_1.3.6.1.4.1.14519.5.2.1.6279.6001.216652640878960522552873394709.npy,0.6659123744538634,0.3348045647144317,0.2219937890768051,0.9254902005195618,2.1991043090820312,0.6368664503097534,0.0446848288178443,0.0539110374450683,0.0747221410274505,0.3831104636192322,13,5,8,0.0,1,0.0061338615576426,279
1.3.6.1.4.1.14519.5.2.1.6279.6001.330043769832606379655473292782,outputs/luna16_saliency_synthetic_gt/1.3.6.1.4.1.14519.5.2.1.6279.6001.330043769832606379655473292782/surface_1.3.6.1.4.1.14519.5.2.1.6279.6001.330043769832606379655473292782.png,outputs/luna16_saliency_synthetic_gt/1.3.6.1.4.1.14519.5.2.1.6279.6001.330043769832606379655473292782/surface_grid_float_1.3.6.1.4.1.14519.5.2.1.6279.6001.330043769832606379655473292782.npy,0.5967833529387904,0.3394286036491394,0.2334655970335006,0.9529411792755128,2.122772216796875,0.5956788063049316,0.043829315342009,0.0535757858306169,0.0710469633340835,0.3955272734165191,13,5,8,0.0,1,0.0060241767660611,280
1.3.6.1.4.1.14519.5.2.1.6279.6001.671278273674156798801285503514,outputs/luna16_saliency_synthetic_gt/1.3.6.1.4.1.14519.5.2.1.6279.6001.671278273674156798801285503514/surface_1.3.6.1.4.1.14519.5.2.1.6279.6001.671278273674156798801285503514.png,outputs/luna16_saliency_synthetic_gt/1.3.6.1.4.1.14519.5.2.1.6279.6001.671278273674156798801285503514/surface_grid_float_1.3.6.1.4.1.14519.5.2.1.6279.6001.671278273674156798801285503514.npy,0.6216762314681971,0.2853705883026123,0.220684677362442,0.91372549533844,2.1136703491210938,0.5363293886184692,0.0412294868379831,0.0515806966274976,0.074193350970745,0.4102813005447387,13,5,8,0.0,1,0.0059819410374595,281
1.3.6.1.4.1.14519.5.2.1.6279.6001.897279226481700053115245043064,outputs/luna16_saliency_synthetic_gt/1.3.6.1.4.1.14519.5.2.1.6279.6001.897279226481700053115245043064/surface_1.3.6.1.4.1.14519.5.2.1.6279.6001.897279226481700053115245043064.png,outputs/luna16_saliency_synthetic_gt/1.3.6.1.4.1.14519.5.2.1.6279.6001.897279226481700053115245043064/surface_grid_float_1.3.6.1.4.1.14519.5.2.1.6279.6001.897279226481700053115245043064.npy,0.5382702720387365,0.327969342470169,0.23433518409729,0.937098042964932,2.084075927734375,0.4616135954856872,0.0395311769098043,0.0546408966183661,0.1252396702766418,0.3555466830730438,13,5,8,1.0,1,0.0059027905182705,282
1.3.6.1.4.1.14519.5.2.1.6279.6001.504324996863016748259361352296,outputs/luna16_saliency_synthetic_gt/1.3.6.1.4.1.14519.5.2.1.6279.6001.504324996863016748259361352296/surface_1.3.6.1.4.1.14519.5.2.1.6279.6001.504324996863016748259361352296.png,outputs/luna16_saliency_synthetic_gt/1.3.6.1.4.1.14519.5.2.1.6279.6001.504324996863016748259361352296/surface_grid_float_1.3.6.1.4.1.14519.5.2.1.6279.6001.504324996863016748259361352296.npy,0.6236859762916573,0.3232143521308899,0.2243722379207611,0.9333333373069764,1.9318313598632812,0.5020531415939331,0.0322410628199577,0.0390268290042875,0.0579783022403717,0.3064656853675842,13,5,8,0.0,1,0.0050715586596065,283
1.3.6.1.4.1.14519.5.2.1.6279.6001.219281726101239572270900838145,outputs/luna16_saliency_synthetic_gt/1.3.6.1.4.1.14519.5.2.1.6279.6001.219281726101239572270900838145/surface_1.3.6.1.4.1.14519.5.2.1.6279.6001.219281726101239572270900838145.png,outputs/luna16_saliency_synthetic_gt/1.3.6.1.4.1.14519.5.2.1.6279.6001.219281726101239572270900838145/surface_grid_float_1.3.6.1.4.1.14519.5.2.1.6279.6001.219281726101239572270900838145.npy,0.5787213371752834,0.315790593624115,0.2032210975885391,0.8196078538894653,1.8665771484375,0.4870305359363556,0.0304566396400332,0.0373594573140144,0.0558793991804122,0.3039818704128265,13,5,8,0.0,1,0.0049072609010669,284
1.3.6.1.4.1.14519.5.2.1.6279.6001.201890795870532056891161597218,outputs/luna16_saliency_synthetic_gt/1.3.6.1.4.1.14519.5.2.1.6279.6001.201890795870532056891161597218/surface_1.3.6.1.4.1.14519.5.2.1.6279.6001.201890795870532056891161597218.png,outputs/luna16_saliency_synthetic_gt/1.3.6.1.4.1.14519.5.2.1.6279.6001.201890795870532056891161597218/surface_grid_float_1.3.6.1.4.1.14519.5.2.1.6279.6001.201890795870532056891161597218.npy,0.5747340425531915,0.3374508321285248,0.2130074352025985,0.901960790157318,1.7486419677734375,0.4744245111942291,0.0344905709847807,0.0424647197499871,0.0634462162852287,0.2872080206871032,13,5,8,0.0,1,0.0048265849180933,285
1.3.6.1.4.1.14519.5.2.1.6279.6001.138894439026794145866157853158,outputs/luna16_saliency_synthetic_gt/1.3.6.1.4.1.14519.5.2.1.6279.6001.138894439026794145866157853158/surface_1.3.6.1.4.1.14519.5.2.1.6279.6001.138894439026794145866157853158.png,outputs/luna16_saliency_synthetic_gt/1.3.6.1.4.1.14519.5.2.1.6279.6001.138894439026794145866157853158/surface_grid_float_1.3.6.1.4.1.14519.5.2.1.6279.6001.138894439026794145866157853158.npy,0.4605735727686947,0.4743112921714782,0.2066023051738739,0.9411764740943908,1.7099838256835938,0.4810034334659576,0.0347845219075679,0.041518732458353,0.0583607926964759,0.2890336811542511,13,5,8,0.0,1,0.0047378320857882,286
1.3.6.1.4.1.14519.5.2.1.6279.6001.250438451287314206124484591986,outputs/luna16_saliency_synthetic_gt/1.3.6.1.4.1.14519.5.2.1.6279.6001.250438451287314206124484591986/surface_1.3.6.1.4.1.14519.5.2.1.6279.6001.250438451287314206124484591986.png,outputs/luna16_saliency_synthetic_gt/1.3.6.1.4.1.14519.5.2.1.6279.6001.250438451287314206124484591986/surface_grid_float_1.3.6.1.4.1.14519.5.2.1.6279.6001.250438451287314206124484591986.npy,0.628838959227241,0.3519589006900787,0.2279660999774933,1.0,1.5125160217285156,0.4221310317516327,0.0362321715801954,0.0438701618462801,0.0618223510682582,0.2631771266460418,13,5,8,0.0,1,0.004421802950816,287
