seriesuid,foreground_fraction_gt,foreground_std_gt,z_range_gt,z_std_gt,grad_p99_gt,grad_max_gt,qc_badness_gt,control_labels_gt,anchor_labels_gt,control_z_range_gt,foreground_fraction_detector,foreground_std_detector,z_range_detector,z_std_detector,grad_p99_detector,grad_max_detector,qc_badness_detector,control_labels_detector,anchor_labels_detector,control_z_range_detector,foreground_fraction_delta_detector_minus_gt,foreground_std_delta_detector_minus_gt,z_range_delta_detector_minus_gt,z_std_delta_detector_minus_gt,grad_p99_delta_detector_minus_gt,grad_max_delta_detector_minus_gt,qc_badness_delta_detector_minus_gt,detector_better_qc
1.3.6.1.4.1.14519.5.2.1.6279.6001.108197895896446896160048741492,0.5831714581714582,0.2373020201921463,2.8711090087890625,0.7145785093307495,0.057939150370657444,0.07581465691328049,0.007643101499933335,1,8,0.0,0.3845182595182595,0.23138664662837982,289.0,78.08292388916016,14.792097568511963,162.4268035888672,1.0,35,8,230.36856079101562,-0.1986531986531987,-0.0059153735637664795,286.12889099121094,77.3683453798294,14.734158418141305,162.3509889319539,0.9923568985000667,False
1.3.6.1.4.1.14519.5.2.1.6279.6001.310626494937915759224334597176,0.44203415349261066,0.24897679686546326,6.0260467529296875,1.5999038219451904,0.17680399999022484,0.24185533821582794,0.018063624053034518,5,8,0.0,0.5102817068822061,0.25090649724006653,300.0,62.10261154174805,16.879084186553897,163.22093200683594,1.0,35,8,128.71286010742188,0.06824755338959543,0.0019297003746032715,293.9739532470703,60.502707719802856,16.702280186563673,162.9790766686201,0.9819363759469655,False
1.3.6.1.4.1.14519.5.2.1.6279.6001.329326052298830421573852261436,0.4514382569773565,0.22316378355026245,9.37408447265625,2.416461229324341,0.17754701733589173,0.20007896423339844,0.023306408578819698,10,8,8.0,0.4343898104265403,0.22260481119155884,267.0,73.29578399658203,14.602551126480119,138.44882202148438,0.983162593364716,35,8,82.76669311523438,-0.01704844655081622,-0.0005589723587036133,257.62591552734375,70.87932276725769,14.425004109144227,138.24874305725098,0.9598561847858963,False
1.3.6.1.4.1.14519.5.2.1.6279.6001.160124400349792614505500125883,0.40446039116364146,0.25236549973487854,5.76678466796875,1.4434329271316528,0.15800644680857642,0.2268954962491989,0.016628618224627436,1,8,0.0,0.6109821302940762,0.23806798458099365,306.0,49.26470947265625,11.745285511016803,123.34894561767578,0.9034966887368084,35,8,197.30160522460938,0.20652173913043476,-0.014297515153884888,300.23321533203125,47.8212765455246,11.587279064208227,123.12205012142658,0.886868070512181,False
1.3.6.1.4.1.14519.5.2.1.6279.6001.419601611032172899567156073142,0.586483390607102,0.22694392502307892,3.1198883056640625,0.7674375772476196,0.07041629806160928,0.09576648473739624,0.008365170422361958,1,8,0.0,0.49907351256653865,0.24623358249664307,265.0,65.62055206298828,11.633961257934589,93.69206237792969,0.8580458017137321,35,8,155.51434326171875,-0.08740987804056333,0.019289657473564148,261.88011169433594,64.85311448574066,11.56354495987298,93.59629589319229,0.8496806312913702,False
1.3.6.1.4.1.14519.5.2.1.6279.6001.724562063158320418413995627171,0.5973562788377603,0.2314436137676239,3.1427764892578125,0.7769274115562439,0.0701577366143465,0.1006416380405426,0.008577872947437896,1,8,0.0,0.32452924304776154,0.23997434973716736,298.0464172363281,46.7243537902832,9.840362091064467,84.6728744506836,0.8572811915792774,35,8,239.43344116210938,-0.2728270357899988,0.008530735969543457,294.9036407470703,45.94742637872696,9.77020435445012,84.57223281264305,0.8487033186318395,False
1.3.6.1.4.1.14519.5.2.1.6279.6001.877026508860018521147620598474,0.506367679061406,0.2696830630302429,5.011444091796875,1.327752709388733,0.1408397591114044,0.19816811382770538,0.014585000714990826,1,8,0.0,0.4289147506859684,0.28197765350341797,278.0,79.03287506103516,10.286852645874012,35.27607727050781,0.8558335236443411,35,8,181.04815673828125,-0.0774529283754376,0.012294590473175049,272.9885559082031,77.70512235164642,10.146012886762607,35.07790915668011,0.8412485229293503,False
1.3.6.1.4.1.14519.5.2.1.6279.6001.149041668385192796520281592139,0.5360729133354653,0.24493257701396942,2.093769073486328,0.49950990080833435,0.040203464217484,0.0545903705060482,0.00543100704645945,1,8,0.0,0.449216501439079,0.24714769423007965,247.34030151367188,62.90230178833008,10.932436761856081,32.99144744873047,0.842042087841034,35,8,245.6890869140625,-0.08685641189638627,0.0022151172161102295,245.24653244018555,62.402791887521744,10.892233297638597,32.93685707822442,0.8366110807945745,False
1.3.6.1.4.1.14519.5.2.1.6279.6001.975254950136384517744116790879,0.6724007846687793,0.2100934237241745,2.3325424194335938,0.616898775100708,0.057781335711479184,0.07810379564762115,0.006562466598219341,5,8,0.0,0.4540704692922891,0.2438155859708786,275.0,41.451908111572266,10.646965837478634,61.783817291259766,0.8201502555741201,35,8,93.33336639404297,-0.21833031537649017,0.0337221622467041,272.6674575805664,40.83500933647156,10.589184501767155,61.705713495612144,0.8135877889759008,False
1.3.6.1.4.1.14519.5.2.1.6279.6001.179162671133894061547290922949,0.5791129160694378,0.23299750685691833,86.21614837646484,16.885547637939453,0.9169763773679732,0.9939181804656982,0.1902812453276581,3,8,85.0,0.49569995222169133,0.24053257703781128,315.0,72.33456420898438,15.052893009185782,103.60621643066406,1.0,35,8,150.68142700195312,-0.08341296384774649,0.007535070180892944,228.78385162353516,55.44901657104492,14.135916631817809,102.61229825019836,0.8097187546723419,False
1.3.6.1.4.1.14519.5.2.1.6279.6001.888615810685807330497715730842,0.6702760590195145,0.2538846731185913,4.5043792724609375,1.2710319757461548,0.11070280872285367,0.1527004837989807,0.012551488559196394,5,8,0.0,0.4549024274155164,0.23919393122196198,227.4926300048828,47.38302230834961,11.341765108108516,33.64255142211914,0.785877211496565,35,8,210.00906372070312,-0.21537363160399808,-0.014690741896629333,222.98825073242188,46.111990332603455,11.231062299385663,33.48985093832016,0.7733257229373686,False
1.3.6.1.4.1.14519.5.2.1.6279.6001.254138388912084634057282064266,0.6805330723186387,0.26587146520614624,4.281494140625,1.107060194015503,0.0977641623467207,0.13708904385566711,0.011594468663550085,5,8,0.0,0.6737943756352821,0.26451873779296875,241.82618713378906,42.38062286376953,9.333993196487427,27.63907241821289,0.7506009777386983,35,8,216.35711669921875,-0.006738696683356582,-0.0013527274131774902,237.54469299316406,41.27356266975403,9.236229034140706,27.501983374357224,0.7390065090751482,False
1.3.6.1.4.1.14519.5.2.1.6279.6001.162901839201654862079549658100,0.6298921941123776,0.23085086047649384,5.026519775390625,1.2584108114242554,0.09856693111360076,0.13549910485744476,0.013124130085524585,1,8,0.0,0.6425725141321471,0.2322167307138443,248.38575744628906,41.57756805419922,9.021829891204842,91.21610260009766,0.7501329147550797,35,8,212.23825073242188,0.012680320019769487,0.0013658702373504639,243.35923767089844,40.31915724277496,8.923262960091241,91.08060349524021,0.7370087846695551,False
1.3.6.1.4.1.14519.5.2.1.6279.6001.235364978775280910367690540811,0.5606130092486433,0.2417377233505249,1.0290260314941406,0.27786561846733093,0.026129216011613613,0.03652063384652138,0.0028870276626820363,1,8,0.0,0.6364365971107544,0.2432072013616562,255.0,47.401702880859375,8.464349718093901,62.17092514038086,0.7304729347123048,35,8,163.4710235595703,0.07582358786211107,0.0014694780111312866,253.97097396850586,47.123837262392044,8.438220502082288,62.13440450653434,0.7275859070496228,False
1.3.6.1.4.1.14519.5.2.1.6279.6001.253283426904813468115158375647,0.5636450945626478,0.23327960073947906,3.7179489135742188,1.0719748735427856,0.08213426187634468,0.1090974360704422,0.010078676198422908,10,8,1.0,0.48197399527186763,0.23530171811580658,247.89022827148438,39.595985412597656,9.242646188735957,51.9681510925293,0.7288055104043747,35,8,116.06892395019531,-0.08167109929078015,0.0020221173763275146,244.17227935791016,38.52401053905487,9.160511926859613,51.859053656458855,0.7187268342059517,False
1.3.6.1.4.1.14519.5.2.1.6279.6001.199261544234308780356714831537,0.4209341430536834,0.24653179943561554,7.456390380859375,2.0529863834381104,0.16700155496597288,0.23237481713294983,0.020269633089171513,1,8,0.0,0.6219930793924318,0.24799463152885437,304.4903564453125,68.4618911743164,4.898095054626458,45.75369644165039,0.7365373069339326,35,8,263.2976989746094,0.20105893633874838,0.0014628320932388306,297.0339660644531,66.4089047908783,4.731093499660485,45.52132162451744,0.7162676738447611,False
1.3.6.1.4.1.14519.5.2.1.6279.6001.232011770495640253949434620907,0.5887284701114488,0.22544649243354797,25.945465087890625,5.848024368286133,0.2531216454505921,0.43483254313468933,0.05914437042607203,10,8,25.0,0.5155268490374874,0.2288179099559784,289.9175109863281,40.49884033203125,7.051650414466883,29.545698165893555,0.7340522929244578,35,8,191.33718872070312,-0.07320162107396144,0.00337141752243042,263.9720458984375,34.65081596374512,6.798528769016291,29.110865622758865,0.6749079224983858,False
1.3.6.1.4.1.14519.5.2.1.6279.6001.215104063467523905369326175410,0.631582302690297,0.2473762333393097,3.0894546508789062,0.7789319157600403,0.07984859064221382,0.11008573323488235,0.008567083439396488,1,8,0.0,0.5336605890603086,0.25316059589385986,212.8223114013672,44.97312545776367,9.229707832336432,70.13455200195312,0.6743799900902643,35,8,149.61624145507812,-0.09792171362998847,0.005784362554550171,209.73285675048828,44.19419354200363,9.149859241694218,70.02446626871824,0.6658129066508678,False
1.3.6.1.4.1.14519.5.2.1.6279.6001.428038562098395445838061018440,0.6259512729263619,0.2457023411989212,4.4246826171875,1.2642078399658203,0.10520497858524322,0.1429309844970703,0.012274320228232277,5,8,0.0,0.6400583994890044,0.2549751102924347,244.57064819335938,53.19782257080078,7.193814573287959,16.59294891357422,0.6748688839488558,35,8,243.21792602539062,0.014107126562642569,0.009272769093513489,240.14596557617188,51.93361473083496,7.0886095947027155,16.45001792907715,0.6625945637206235,False
1.3.6.1.4.1.14519.5.2.1.6279.6001.199975006921901879512837687266,0.32691545312789067,0.24089926481246948,22.6553955078125,5.380715847015381,0.2077156162261963,0.22355683147907257,0.06260250566050939,2,8,22.0,0.4460052329730158,0.236533984541893,238.26776123046875,66.85804748535156,7.589362249374403,111.27989196777344,0.724357630379995,35,8,147.4063720703125,0.11908977984512514,-0.004365280270576477,215.61236572265625,61.47733163833618,7.381646633148207,111.05633513629436,0.6617551247194856,False
1.3.6.1.4.1.14519.5.2.1.6279.6001.341557859428950960906150406596,0.538057973048849,0.25118884444236755,4.686492919921875,1.2828071117401123,0.11515317045152186,0.16421522200107574,0.013043330482062365,5,8,0.0,0.5419006176305446,0.23259124159812927,250.1710968017578,57.62546157836914,6.55934202671047,16.953826904296875,0.6734805646207586,35,8,248.05670166015625,0.0038426445816956978,-0.01859760284423828,245.48460388183594,56.34265446662903,6.444188856258949,16.7896116822958,0.6604372341386961,False
1.3.6.1.4.1.14519.5.2.1.6279.6001.301582691063019848479942618641,0.5663022147462854,0.22809548676013947,7.0623626708984375,1.8665612936019897,0.13797770544886592,0.19590190052986145,0.018464736390279398,1,8,0.0,0.7193337920840024,0.2226090133190155,268.0466613769531,51.62070083618164,5.919739460945141,9.213141441345215,0.672608027537664,35,8,266.9990234375,0.153031577337717,-0.005486473441123962,260.9842987060547,49.75413954257965,5.781761755496275,9.017239540815353,0.6541432911473847,False
1.3.6.1.4.1.14519.5.2.1.6279.6001.655242448149322898770987310561,0.6504115260688826,0.24193651974201202,2.247344970703125,0.6003918051719666,0.05936644971370696,0.08143392205238342,0.006485344717899958,1,8,0.0,0.6105778059733885,0.257583349943161,251.502197265625,50.20654296875,6.62272670745849,27.013572692871094,0.6581433694203692,35,8,243.8182373046875,-0.03983372009549413,0.015646830201148987,249.25485229492188,49.60615116357803,6.563360257744783,26.93213877081871,0.6516580247024693,False
1.3.6.1.4.1.14519.5.2.1.6279.6001.625270601160880745954773142570,0.5044685884517656,0.2601046860218048,6.4030914306640625,1.7456028461456299,0.13379187822341915,0.18692554533481598,0.017012282972865632,1,8,0.0,0.5761266392125938,0.26994991302490234,248.663330078125,36.18352127075195,6.307087254524225,24.20061492919922,0.6658072628180185,35,8,239.24639892578125,0.0716580507608282,0.009845227003097534,242.26023864746094,34.43791842460632,6.173295376300806,24.013689383864403,0.6487949798451529,False
1.3.6.1.4.1.14519.5.2.1.6279.6001.994459772950022352718462251777,0.6572052401746725,0.22344399988651276,146.39627075195312,25.190279006958008,1.6049614572525013,2.3009085655212402,0.32685161140759783,3,8,141.0,0.6279293079402821,0.22894452512264252,338.0,53.52064514160156,12.07042247772208,120.5226058959961,0.9686268124474393,35,8,182.83824157714844,-0.0292759322343904,0.005500525236129761,191.60372924804688,28.330366134643555,10.465461020469577,118.22169733047485,0.6417752010398414,False
1.3.6.1.4.1.14519.5.2.1.6279.6001.292049618819567427252971059233,0.591143340940882,0.2219170778989792,4.002105712890625,1.1371921300888062,0.09512830778956417,0.12622098624706268,0.011149875490036276,5,8,0.0,0.4221821394390046,0.23500806093215942,245.37245178222656,44.933349609375,5.797878069877628,13.500480651855469,0.6523801490624747,35,8,238.08631896972656,-0.16896120150187732,0.013090983033180237,241.37034606933594,43.796157479286194,5.702749762088064,13.374259665608406,0.6412302735724383,False
1.3.6.1.4.1.14519.5.2.1.6279.6001.194440094986948071643661798326,0.39714159585034764,0.24491341412067413,2.1512451171875,0.536585807800293,0.04211770564317703,0.05666536092758179,0.005672190971838104,1,8,0.0,0.6936734356031343,0.21390126645565033,273.59271240234375,52.01546096801758,5.403789825439513,71.56661987304688,0.6412341336568215,35,8,172.38497924804688,0.2965318397527867,-0.031012147665023804,271.44146728515625,51.478875160217285,5.361672119796336,71.5099545121193,0.6355619426849833,False
1.3.6.1.4.1.14519.5.2.1.6279.6001.257383535269991165447822992959,0.6255420564097051,0.2375580072402954,74.78535461425781,13.463898658752441,1.656691938638685,2.0337164402008057,0.1942760424812634,4,8,61.0,0.5445113428663585,0.23793867230415344,223.97129821777344,43.543861389160156,12.270022773742662,29.57913589477539,0.8277727633582216,35,8,185.09254455566406,-0.08103071354334657,0.0003806650638580322,149.18594360351562,30.079962730407715,10.613330835103977,27.545419454574585,0.6334967208769582,False
1.3.6.1.4.1.14519.5.2.1.6279.6001.291539125579672469833850180824,0.6218950496386844,0.24253980815410614,2.3279037475585938,0.588492751121521,0.04567784368991853,0.06136828660964966,0.006101301136944029,1,8,0.0,0.564395218477747,0.23423123359680176,231.55023193359375,58.60575485229492,5.810461530685428,44.974185943603516,0.6385183882925247,35,8,201.03298950195312,-0.057499831160937376,-0.008308574557304382,229.22232818603516,58.0172621011734,5.76478368699551,44.912817656993866,0.6324170871555806,False
1.3.6.1.4.1.14519.5.2.1.6279.6001.404364125369979066736354549484,0.6689653943476247,0.23274819552898407,3.7093963623046875,0.970245361328125,0.08134585082530976,0.11067952960729599,0.009973377159568999,1,8,0.0,0.6754160875298478,0.23584413528442383,227.44680786132812,38.87479782104492,6.467823281288152,10.858833312988281,0.6413766979164549,35,8,211.3958740234375,0.006450693182223133,0.0030959397554397583,223.73741149902344,37.9045524597168,6.386477430462842,10.748153783380985,0.6314033207568859,False
1.3.6.1.4.1.14519.5.2.1.6279.6001.127965161564033605177803085629,0.4758153676064124,0.22487317025661469,3.685791015625,0.9680131673812866,0.09557176277041435,0.1363028883934021,0.010231018126176463,1,8,0.0,0.44521440416962804,0.23159289360046387,221.37513732910156,39.50059509277344,7.488111414909346,35.76964569091797,0.6406841783576537,35,8,130.14666748046875,-0.030600963436784367,0.006719723343849182,217.68934631347656,38.53258192539215,7.3925396521389315,35.63334280252457,0.6304531602314772,False
1.3.6.1.4.1.14519.5.2.1.6279.6001.302403227435841351528721627052,0.5384976271675779,0.23023688793182373,2.23828125,0.5231045484542847,0.04730606026947498,0.0656309574842453,0.005862687744283013,1,8,0.0,0.5017954131254624,0.21606582403182983,233.3153076171875,55.49055862426758,4.667133626937866,5.345242500305176,0.6359955897543166,35,8,232.01197814941406,-0.03670221404211549,-0.014171063899993896,231.0770263671875,54.96745407581329,4.619827566668391,5.2796115428209305,0.6301329020100336,False
1.3.6.1.4.1.14519.5.2.1.6279.6001.114914167428485563471327801935,0.23810247576586618,0.2664318084716797,17.778106689453125,4.2835893630981445,0.2883720263838768,0.31791335344314575,0.10616941251133805,2,8,14.0,0.5201472624717127,0.25130772590637207,273.43017578125,58.73357391357422,7.419229745864869,66.74974060058594,0.7352432386080424,35,8,195.30996704101562,0.28204478670584654,-0.015124082565307617,255.65206909179688,54.449984550476074,7.130857719480992,66.43182724714279,0.6290738260967044,False
1.3.6.1.4.1.14519.5.2.1.6279.6001.168605638657404145360275453085,0.6814988987439728,0.23773442208766937,6.1121368408203125,1.5767749547958374,0.11977687552571299,0.16038689017295837,0.016088104237284927,1,8,0.0,0.7169325555092565,0.23530927300453186,250.44895935058594,54.802547454833984,5.869219565391542,8.447304725646973,0.6411177814536625,35,8,244.1895294189453,0.03543365676528365,-0.002425149083137512,244.33682250976562,53.22577250003815,5.749442689865829,8.286917835474014,0.6250296772163776,False
1.3.6.1.4.1.14519.5.2.1.6279.6001.194632613233275988184244485809,0.38131377013238893,0.2560702860355377,5.2381439208984375,1.424056053161621,0.14947694540023806,0.2027192860841751,0.015380886594454449,1,8,0.0,0.516042668015853,0.25373396277427673,197.95326232910156,45.386192321777344,8.037005949020392,12.707682609558105,0.6361976494789124,35,8,194.9865264892578,0.13472889788346404,-0.0023363232612609863,192.71511840820312,43.96213626861572,7.887529003620154,12.50496332347393,0.620816762884458,False
1.3.6.1.4.1.14519.5.2.1.6279.6001.251215764736737018371915284679,0.4161330715159794,0.2312038689851761,2.1235885620117188,0.5736724138259888,0.04534537643194198,0.06207435205578804,0.0057170453154378464,1,8,0.0,0.6849085062181621,0.22844232618808746,226.76132202148438,51.43573760986328,5.759717164039595,9.60285472869873,0.621947034194734,35,8,224.97927856445312,0.26877543470218274,-0.002761542797088623,224.63773345947266,50.86206519603729,5.714371787607654,9.540780376642942,0.6162299888792961,False
1.3.6.1.4.1.14519.5.2.1.6279.6001.153536305742006952753134773630,0.5297267896740722,0.23775418102741241,142.75367736816406,29.420785903930664,2.454024608135223,2.660804033279419,0.3319736579285727,5,8,135.0,0.3699635998493787,0.23977915942668915,261.16815185546875,67.59387969970703,13.858352966308551,100.60869598388672,0.9413463853624119,35,8,135.24810791015625,-0.15976318982469345,0.0020249783992767334,118.41447448730469,38.17309379577637,11.404328358173329,97.9478919506073,0.6093727274338392,False
1.3.6.1.4.1.14519.5.2.1.6279.6001.168737928729363683423228050295,0.594713830692227,0.22878877818584442,6.3205108642578125,1.5802133083343506,0.14912939429283145,0.21354630589485168,0.017188029131624434,1,8,0.0,0.4944507092409045,0.22642624378204346,227.21780395507812,33.87685012817383,7.2659285736084005,8.750996589660645,0.6217369955274794,35,8,224.1925048828125,-0.10026312145132255,-0.0023625344038009644,220.8972930908203,32.29663681983948,7.116799179315569,8.537450283765793,0.604548966395855,False
1.3.6.1.4.1.14519.5.2.1.6279.6001.246225645401227472829175288633,0.6203485705549611,0.24630239605903625,5.3966064453125,1.4879289865493774,0.12032795630395408,0.16282719373703003,0.014689516827215749,1,8,0.0,0.5818987922336034,0.2388695925474167,246.507080078125,44.15101623535156,5.373210020065298,8.383001327514648,0.6180743014971412,35,8,243.3377227783203,-0.03844977832135765,-0.007432803511619568,241.1104736328125,42.663087248802185,5.252882063761344,8.220174133777618,0.6033847846699254,False
1.3.6.1.4.1.14519.5.2.1.6279.6001.300136985030081433029390459071,0.6347309931539322,0.2268592119216919,30.9097900390625,7.59537935256958,0.43126298487186426,0.49988454580307007,0.07350218817591667,2,8,28.0,0.5404600709260208,0.22417013347148895,198.4557342529297,42.53300094604492,8.79813852310178,21.95301055908203,0.6751173192130187,35,8,196.87890625,-0.09427092222791145,-0.002689078450202942,167.5459442138672,34.93762159347534,8.366875538229916,21.45312601327896,0.601615131037102,False
1.3.6.1.4.1.14519.5.2.1.6279.6001.413896555982844732694353377538,0.5818179317175163,0.22463026642799377,28.730331420898438,6.519959449768066,0.26250797659158703,0.2764139175415039,0.06297539629373286,2,8,28.0,0.48081102643814133,0.25197768211364746,245.1157989501953,51.45916748046875,6.140405917167662,34.715763092041016,0.6643377658261194,35,8,152.39932250976562,-0.10100690527937495,0.027347415685653687,216.38546752929688,44.939208030700684,5.877897940576075,34.43934917449951,0.6013623695323865,False
1.3.6.1.4.1.14519.5.2.1.6279.6001.129567032250534530765928856531,0.4541156976460841,0.21472594141960144,4.7918853759765625,1.3096195459365845,0.11679777413606646,0.1643301546573639,0.013287731945183541,1,8,0.0,0.6366944457982033,0.204050675034523,225.69061279296875,46.71006774902344,5.469900722503673,64.05514526367188,0.6121749991734825,35,8,176.13011169433594,0.18257874815211922,-0.01067526638507843,220.8987274169922,45.40044820308685,5.3531029483676065,63.89081510901451,0.598887267228299,False
1.3.6.1.4.1.14519.5.2.1.6279.6001.373433682859788429397781158572,0.6523242130038247,0.22253061830997467,4.277984619140625,1.1912461519241333,0.0911699324846268,0.12545184791088104,0.011487539645698337,5,8,0.0,0.4046190055898794,0.23281319439411163,206.12655639648438,52.62957000732422,6.054394006729129,43.660587310791016,0.6072341948085362,35,8,203.9620819091797,-0.2477052074139453,0.010282576084136963,201.84857177734375,51.438323855400085,5.9632240742445015,43.535135462880135,0.5957466551628379,False
1.3.6.1.4.1.14519.5.2.1.6279.6001.128023902651233986592378348912,0.55964773113597,0.2515501379966736,6.4344482421875,1.569927453994751,0.1351563856005669,0.19317106902599335,0.016984978160924383,1,8,0.0,0.6982888410419129,0.23112386465072632,207.5607147216797,39.32414245605469,6.260822200775149,26.151813507080078,0.6026496689054701,35,8,167.83843994140625,0.13864110990594292,-0.020426273345947266,201.1262664794922,37.75421500205994,6.125665815174582,25.958642438054085,0.5856646907445457,False
1.3.6.1.4.1.14519.5.2.1.6279.6001.275849601663847251574860892603,0.5969878008021391,0.246628075838089,4.673614501953125,1.3073655366897583,0.12149620868265629,0.16834044456481934,0.01316810380609499,5,8,0.0,0.5941886697860963,0.24612262845039368,195.16502380371094,41.18052291870117,8.433827610015882,63.888832092285156,0.5981886513392135,35,8,168.47683715820312,-0.0027991310160427885,-0.0005054473876953125,190.4914093017578,39.873157382011414,8.312331401333227,63.72049164772034,0.5850205475331185,False
1.3.6.1.4.1.14519.5.2.1.6279.6001.142154819868944114554521645782,0.2631205673758865,0.2495371252298355,6.375762939453125,1.6770532131195068,0.17400289192795754,0.24216412007808685,0.06811715418293754,1,8,0.0,0.6016184760865612,0.2434103786945343,253.5753173828125,43.23448181152344,5.488172392845159,48.58732986450195,0.6462469885985057,35,8,226.9903106689453,0.33849790871067464,-0.0061267465353012085,247.19955444335938,41.55742859840393,5.314169500917201,48.345165744423866,0.5781298344155682,False
1.3.6.1.4.1.14519.5.2.1.6279.6001.190298296009658115773239776160,0.6075360082304527,0.2522900104522705,2.1849746704101562,0.5621174573898315,0.04912390660494574,0.07051391899585724,0.005961865291371943,1,8,0.0,0.6383230452674897,0.24505531787872314,223.49935913085938,49.47533416748047,5.520737476348879,23.031211853027344,0.5830305249320137,35,8,197.60643005371094,0.030787037037037,-0.007234692573547363,221.31438446044922,48.91321671009064,5.471613569743933,22.960697934031487,0.5770686596406417,False
1.3.6.1.4.1.14519.5.2.1.6279.6001.206097113343059612247503064658,0.5916258388570959,0.24855738878250122,5.32159423828125,1.4156461954116821,0.11313190951943396,0.15649080276489258,0.014313151374624834,1,8,0.0,0.5406699877859662,0.24015788733959198,228.24124145507812,43.414363861083984,3.531454625129699,7.397830486297607,0.5912482126606835,35,8,227.01873779296875,-0.050955851071129654,-0.00839950144290924,222.91964721679688,41.9987176656723,3.418322715610265,7.241339683532715,0.5769350612860586,False
1.3.6.1.4.1.14519.5.2.1.6279.6001.518487185634324801733841260431,0.5963920886763747,0.22821548581123352,3.9000396728515625,0.9968309998512268,0.07558085560798646,0.10090146213769913,0.010250542771816255,1,8,0.0,0.4433094254872129,0.21928390860557556,198.57394409179688,33.98741912841797,6.454778852462772,26.209583282470703,0.583948498969608,35,8,176.18531799316406,-0.1530826631891618,-0.008931577205657959,194.6739044189453,32.99058812856674,6.379197996854785,26.108681820333004,0.5736979561977917,False
1.3.6.1.4.1.14519.5.2.1.6279.6001.313835996725364342034830119490,0.3782396331738437,0.2511737644672394,6.174713134765625,1.6876899003982544,0.1432450528442859,0.1986565887928009,0.016862609399523998,1,8,0.0,0.4287612971823498,0.24401889741420746,222.0876007080078,60.4344596862793,5.42529693603515,49.77406692504883,0.5901539445665145,35,8,173.98648071289062,0.050521664008506106,-0.007154867053031921,215.9128875732422,58.74676978588104,5.2820518831908645,49.57541033625603,0.5732913351669905,False
1.3.6.1.4.1.14519.5.2.1.6279.6001.159996104466052855396410079250,0.694430658946788,0.2307429164648056,5.414581298828125,1.482492446899414,0.11971109673380852,0.16967260837554932,0.014596635569632053,1,8,0.0,0.6249517507582024,0.24030375480651855,254.89659118652344,53.60646438598633,2.9853292226791384,11.24508285522461,0.5867956622706518,35,8,251.6612091064453,-0.0694789081885856,0.009560838341712952,249.4820098876953,52.123971939086914,2.8656181259453297,11.07541024684906,0.5721990267010197,False
1.3.6.1.4.1.14519.5.2.1.6279.6001.272348349298439120568330857680,0.5017569439381789,0.25083455443382263,5.6909942626953125,1.496882438659668,0.1382886004447937,0.19140946865081787,0.0160092249472936,1,8,0.0,0.6225705329153605,0.2552938163280487,231.84779357910156,43.08536148071289,5.7259137344360544,10.988941192626953,0.5871111026763922,35,8,228.92208862304688,0.12081358897718153,0.004459261894226074,226.15679931640625,41.58847904205322,5.587625133991261,10.797531723976135,0.5711018777290986,False
1.3.6.1.4.1.14519.5.2.1.6279.6001.334022941831199910030220864961,0.5797243265993266,0.21363310515880585,3.6772918701171875,1.0412639379501343,0.07121911726891994,0.10137339681386948,0.009577873009526068,5,8,0.0,0.5657933501683502,0.21620818972587585,240.64527893066406,59.20751953125,4.180932717323303,62.26640319824219,0.5701157951725854,35,8,208.2678985595703,-0.013930976430976405,0.0025750845670700073,236.96798706054688,58.166255593299866,4.109713600054383,62.16502980142832,0.5605379221630593,False
1.3.6.1.4.1.14519.5.2.1.6279.6001.156579001330474859527530187095,0.64259149552396,0.22748829424381256,3.6342620849609375,1.0741519927978516,0.08871793381869794,0.1238359734416008,0.010103145860715045,5,8,0.0,0.5605581885202738,0.2353983074426651,203.04397583007812,40.98048782348633,6.3865496778488176,64.68244171142578,0.5693179886129168,35,8,175.8347930908203,-0.08203330700368616,0.007910013198852539,199.4097137451172,39.90633583068848,6.29783174403012,64.55860573798418,0.5592148427522018,False
1.3.6.1.4.1.14519.5.2.1.6279.6001.194246472548954252250399902051,0.5216314288392271,0.2314268946647644,4.1398468017578125,1.0545583963394165,0.10090494215488428,0.14205597341060638,0.0116893532719877,1,8,0.0,0.5394802029913099,0.24863427877426147,211.31716918945312,41.25847625732422,6.167699537277204,52.12363052368164,0.5708838231510581,35,8,146.31069946289062,0.017848774152082858,0.01720738410949707,207.1773223876953,40.2039178609848,6.066794595122319,51.981574550271034,0.5591944698790704,False
1.3.6.1.4.1.14519.5.2.1.6279.6001.608029415915051219877530734559,0.6406566085519713,0.2456856071949005,4.843597412109375,1.327595591545105,0.10393976688385013,0.1377612203359604,0.013170974508921305,5,8,0.0,0.691616350355946,0.23440980911254883,232.3777618408203,49.790992736816406,4.171441783905031,7.134562015533447,0.5682318401124742,35,8,225.4365997314453,0.05095974180397478,-0.011275798082351685,227.53416442871094,48.4633971452713,4.067502017021181,6.996800795197487,0.5550608656035528,False
1.3.6.1.4.1.14519.5.2.1.6279.6001.316911475886263032009840828684,0.42634877352978245,0.23292993009090424,6.7711181640625,1.8632524013519287,0.1301259452104568,0.185096874833107,0.017651655106412038,1,8,0.0,0.5897941179840289,0.23405656218528748,244.39308166503906,45.25309753417969,3.394405078887881,8.05844497680664,0.5684736208385874,35,8,238.49191284179688,0.16344534445424647,0.0011266320943832397,237.62196350097656,43.38984513282776,3.2642791336774244,7.873348101973534,0.5508219657321753,False
1.3.6.1.4.1.14519.5.2.1.6279.6001.145510611155363050427743946446,0.6374653098982423,0.22794705629348755,4.467132568359375,1.11566960811615,0.08717346593737602,0.12022323161363602,0.011734764166838593,10,8,1.0,0.6512224131095546,0.22840559482574463,217.0605010986328,25.258848190307617,5.520843749046325,7.9358015060424805,0.561331069612503,35,8,215.81358337402344,0.013757103211312294,0.0004585385322570801,212.59336853027344,24.143178582191467,5.433670283108949,7.8155782744288445,0.5495963054456644,False
1.3.6.1.4.1.14519.5.2.1.6279.6001.137773550852881583165286615668,0.6627788577247061,0.23341839015483856,19.744468688964844,4.070333957672119,0.3499833077192311,0.4111943542957306,0.047950090424882054,2,8,14.0,0.64304668456293,0.23311330378055573,203.43157958984375,25.90770149230957,6.353439469337468,67.10100555419922,0.5969064965936874,35,8,130.06076049804688,-0.019732173161776112,-0.0003050863742828369,183.6871109008789,21.83736753463745,6.003456161618237,66.68981119990349,0.5489564061688054,False
1.3.6.1.4.1.14519.5.2.1.6279.6001.119515474430718803379832249911,0.29861547245218384,0.2639006972312927,7.54638671875,2.078479528427124,0.16300857648253445,0.22691509127616882,0.04963964417100977,1,8,0.0,0.5469026548672566,0.2465071976184845,250.80014038085938,57.09521484375,4.389630556106574,16.225671768188477,0.5961596571074594,35,8,249.7450714111328,0.2482871824150728,-0.017393499612808228,243.25375366210938,55.016735315322876,4.226621979624039,15.998756676912308,0.5465200129364497,False
1.3.6.1.4.1.14519.5.2.1.6279.6001.138813197521718693188313387015,0.5322576687116565,0.21845956146717072,1.9651412963867188,0.4923360347747803,0.042777022309601266,0.06210719421505928,0.005304451469870076,1,8,0.0,0.6029325153374233,0.22747451066970825,202.4073486328125,37.51384735107422,5.936976227760293,8.861271858215332,0.5509652807394657,35,8,201.136962890625,0.07067484662576684,0.009014949202537537,200.44220733642578,37.02151131629944,5.8941992054506915,8.799164664000273,0.5456608292695956,False
1.3.6.1.4.1.14519.5.2.1.6279.6001.627998298349675613581885874395,0.6228177329872245,0.2308465987443924,4.0655975341796875,0.9823806285858154,0.07637623809278012,0.10485253483057022,0.010426307345843978,1,8,0.0,0.5957143584262228,0.24473291635513306,218.76458740234375,44.20939254760742,5.094068679809599,7.056330680847168,0.5560381596035436,35,8,215.23046875,-0.02710337456100176,0.013886317610740662,214.69898986816406,43.227011919021606,5.017692441716819,6.951478146016598,0.5456118522576997,False
1.3.6.1.4.1.14519.5.2.1.6279.6001.283733738239331719775105586296,0.5947561422808948,0.22821034491062164,5.216766357421875,1.2094647884368896,0.10392554864287376,0.14194828271865845,0.013556874274710813,1,8,0.0,0.6187385405207187,0.22468699514865875,196.27357482910156,35.22138977050781,6.387934188842776,12.074098587036133,0.5552870209587946,35,8,192.20018005371094,0.023982398239823954,-0.0035233497619628906,191.0568084716797,34.01192498207092,6.284008640199902,11.932150304317474,0.5417301466840837,False
1.3.6.1.4.1.14519.5.2.1.6279.6001.255409701134762680010928250229,0.5479761904761905,0.24094608426094055,5.0163726806640625,1.3919093608856201,0.12430789962410928,0.17025673389434814,0.014097758996983368,5,8,0.0,0.6582312925170068,0.23459391295909882,213.8323211669922,42.02614974975586,4.983958721160895,5.7245635986328125,0.5515527624554105,35,8,210.69113159179688,0.11025510204081634,-0.006352171301841736,208.81594848632812,40.63424038887024,4.8596508215367855,5.554306864738464,0.5374550034584271,False
1.3.6.1.4.1.14519.5.2.1.6279.6001.253317247142837717905329340520,0.5787084794718382,0.23525038361549377,38.481048583984375,7.077134132385254,1.5464573991298671,2.4389686584472656,0.11474811217122606,10,8,31.0,0.5826490612750155,0.24024724960327148,182.30795288085938,40.2020149230957,9.102592325210558,16.862245559692383,0.6468495347234934,35,8,179.31857299804688,0.0039405818031772455,0.00499686598777771,143.826904296875,33.12488079071045,7.556134926080691,14.423276901245117,0.5321014225522673,False
1.3.6.1.4.1.14519.5.2.1.6279.6001.179049373636438705059720603192,0.5514408274812329,0.24667806923389435,6.02734375,1.4073580503463745,0.12784450158476832,0.1791020631790161,0.015949196025563613,1,8,0.0,0.5106202649877193,0.250297486782074,212.4633026123047,45.315834045410156,4.98229942798615,50.74771499633789,0.5476825389173297,35,8,192.0633544921875,-0.040820562493513624,0.0036194175481796265,206.4359588623047,43.90847599506378,4.854454926401382,50.568612933158875,0.531733342891766,False
1.3.6.1.4.1.14519.5.2.1.6279.6001.268030488196493755113553009785,0.3582525302569184,0.24532462656497955,6.866363525390625,1.8096044063568115,0.15321816578507416,0.20789849758148193,0.018627239670190542,1,8,0.0,0.5191273267747186,0.24599073827266693,179.48458862304688,31.844139099121094,7.385005068778988,33.35275650024414,0.550162083334393,35,8,166.54200744628906,0.16087479651780023,0.0006661117076873779,172.61822509765625,30.034534692764282,7.231786902993914,33.14485800266266,0.5315348436642024,False
1.3.6.1.4.1.14519.5.2.1.6279.6001.239358021703233250639913775427,0.6526419841840403,0.24178780615329742,33.17469787597656,6.517030715942383,0.7822523361444474,1.173045039176941,0.08635543684628275,8,8,22.0,0.4117002156721783,0.25130516290664673,255.02133178710938,52.60120391845703,4.064434871673585,19.468860626220703,0.6178795106887818,35,8,234.28660583496094,-0.240941768511862,0.009517356753349304,221.8466339111328,46.08417320251465,3.2821825355291376,18.295815587043762,0.531524073842499,False
1.3.6.1.4.1.14519.5.2.1.6279.6001.122763913896761494371822656720,0.6439438613043991,0.23039855062961578,7.296173095703125,1.4093831777572632,0.138715654015541,0.24677294492721558,0.01835852737095621,5,8,3.0,0.596866768879978,0.2353375107049942,212.2578582763672,45.35526657104492,4.3805737352371175,5.396202087402344,0.5483295452276864,35,8,211.8323211669922,-0.04707709242442104,0.004938960075378418,204.96168518066406,43.94588339328766,4.241858081221577,5.149429142475128,0.5299710178567302,False
1.3.6.1.4.1.14519.5.2.1.6279.6001.745109871503276594185453478952,0.6578927114600169,0.2561032772064209,4.689605712890625,1.3058862686157227,0.1039035964012146,0.14218680560588837,0.012752959275245668,5,8,0.0,0.6817978911721696,0.2534996569156647,229.22381591796875,41.71030044555664,3.5673325347900393,5.625603199005127,0.5426279328240289,35,8,228.26165771484375,0.02390517971215267,-0.0026036202907562256,224.53421020507812,40.40441417694092,3.463428938388825,5.483416393399239,0.5298749735487832,False
1.3.6.1.4.1.14519.5.2.1.6279.6001.117383608379722740629083782428,0.5321042471042471,0.23922771215438843,4.50238037109375,1.2817012071609497,0.10960637748241425,0.14644969999790192,0.012612722084919611,5,8,0.0,0.498030888030888,0.2289862334728241,195.3102264404297,34.5947151184082,6.209663906097438,54.063629150390625,0.5421358157051942,35,8,171.78466796875,-0.034073359073359066,-0.010241478681564331,190.80784606933594,33.31301391124725,6.100057528615023,53.91717945039272,0.5295230936202746,False
1.3.6.1.4.1.14519.5.2.1.6279.6001.109882169963817627559804568094,0.6031664262655402,0.23010846972465515,68.65129089355469,17.744840621948242,1.0359219491481781,1.2590492963790894,0.16181056884262296,10,8,67.0,0.5562023490624356,0.23603343963623047,275.0,44.63465118408203,6.76020514965058,46.76127243041992,0.6912662989563414,35,8,129.8627471923828,-0.04696407720310458,0.005924969911575317,206.3487091064453,26.88981056213379,5.724283200502402,45.50222313404083,0.5294557301137184,False
1.3.6.1.4.1.14519.5.2.1.6279.6001.814122498113547115932318256859,0.6104477611940299,0.22960221767425537,69.0789794921875,13.656705856323242,1.295727812051773,5.28438138961792,0.1645903018620279,30,8,58.0,0.43566649511065364,0.23791073262691498,202.5938720703125,45.41314697265625,9.948752927780156,18.564123153686523,0.6938483639293248,35,8,196.4659881591797,-0.17478126608337624,0.008308514952659607,133.514892578125,31.756441116333008,8.653025115728383,13.279741764068604,0.5292580620672969,False
1.3.6.1.4.1.14519.5.2.1.6279.6001.278660284797073139172446973682,0.5745614035087719,0.2593916654586792,3.5738372802734375,0.9648259282112122,0.08507724180817604,0.12173373997211456,0.009742836428185303,5,8,0.0,0.5621911922663803,0.25194060802459717,183.74215698242188,32.23749923706055,6.309421854019162,9.372391700744629,0.5388974813991121,35,8,174.14109802246094,-0.012370211242391682,-0.007451057434082031,180.16831970214844,31.272673308849335,6.224344612210985,9.250657960772514,0.5291546449709268,False
1.3.6.1.4.1.14519.5.2.1.6279.6001.624425075947752229712087113746,0.4484793117886643,0.20968931913375854,1.7627296447753906,0.43204960227012634,0.038446773886680594,0.051345258951187134,0.004745331499973933,1,8,0.0,0.5986829583951886,0.23125161230564117,199.0825653076172,30.488040924072266,5.736111731529223,20.17250633239746,0.5332888323095105,35,8,192.2497100830078,0.1502036466065243,0.02156229317188263,197.3198356628418,30.05599132180214,5.697664957642543,20.121161073446274,0.5285435008095366,False
1.3.6.1.4.1.14519.5.2.1.6279.6001.618434772073433276874225174904,0.1819124317319263,0.24598954617977142,8.40972900390625,2.0472049713134766,0.18864900648593905,0.2477661520242691,0.11843131943982353,1,8,0.0,0.43704526520410997,0.23573023080825806,208.26559448242188,57.229637145996094,6.853963584899936,43.89260482788086,0.6465127335018591,35,8,138.20510864257812,0.25513283347218363,-0.010259315371513367,199.85586547851562,55.18243217468262,6.665314578413997,43.64483867585659,0.5280814140620356,False
1.3.6.1.4.1.14519.5.2.1.6279.6001.219254430927834326484477690403,0.6402898301686858,0.22786004841327667,27.74402618408203,6.496707916259766,0.3173160377144812,0.3664902448654175,0.06291247685982121,2,8,26.0,0.47905031932869374,0.23033073544502258,229.63426208496094,58.84327697753906,3.760341918468474,54.448097229003906,0.5908160440259509,35,8,226.253173828125,-0.16123951083999205,0.0024706870317459106,201.8902359008789,52.3465690612793,3.443025880753993,54.08160698413849,0.5279035671661296,False
1.3.6.1.4.1.14519.5.2.1.6279.6001.943403138251347598519939390311,0.22400189758058475,0.2128974348306656,6.259613037109375,1.6358635425567627,0.1218510589003563,0.1697884500026703,0.08841987619026642,1,8,0.0,0.33523507527901925,0.19983622431755066,208.73220825195312,41.69036865234375,7.099799156188979,44.755672454833984,0.6126139772464692,35,8,148.4714813232422,0.1112331776984345,-0.01306121051311493,202.47259521484375,40.05450510978699,6.977948097288623,44.585884004831314,0.5241941010562028,False
1.3.6.1.4.1.14519.5.2.1.6279.6001.168037818448885856452592057286,0.548952380952381,0.23068122565746307,4.2178192138671875,1.1599063873291016,0.0828604361414909,0.11653640866279602,0.01106073159277439,1,8,0.0,0.45866666666666667,0.23721078038215637,198.02792358398438,50.50320816040039,5.306730365753168,38.771812438964844,0.5344353789223563,35,8,182.92279052734375,-0.0902857142857143,0.006529554724693298,193.8101043701172,49.34330177307129,5.223869929611677,38.65527603030205,0.5233746473295818,False
1.3.6.1.4.1.14519.5.2.1.6279.6001.465032801496479029639448332481,0.6560475604756048,0.22696129977703094,3.7505035400390625,0.9708346128463745,0.09609394542872904,0.13187900185585022,0.010551529044989082,5,8,1.0,0.6784132841328413,0.23233452439308167,203.68606567382812,34.348567962646484,4.650094437599182,19.8399658203125,0.5328605932394663,35,8,189.92413330078125,0.022365723657236547,0.00537322461605072,199.93556213378906,33.37773334980011,4.554000492170453,19.70808681845665,0.5223090641944772,False
1.3.6.1.4.1.14519.5.2.1.6279.6001.178680586845223339579041794709,0.5122814273569082,0.2202511578798294,2.0202560424804688,0.5411635637283325,0.04081916876137256,0.05989427492022514,0.005314006494399574,1,8,0.0,0.4490820523425473,0.22756092250347137,210.96893310546875,43.0416145324707,4.218202238082851,26.79183006286621,0.5263357755978891,35,8,191.43992614746094,-0.0631993750143609,0.007309764623641968,208.94867706298828,42.50045096874237,4.177383069321478,26.731935787945986,0.5210217691034895,False
1.3.6.1.4.1.14519.5.2.1.6279.6001.124154461048929153767743874565,0.2805932238108894,0.22365529835224152,18.954288482666016,5.116421222686768,0.45108870506286736,0.6285063624382019,0.08901153661446076,1,8,0.0,0.5194395509852923,0.219352588057518,230.88531494140625,38.7559928894043,5.774941663742068,31.124643325805664,0.6064637472470602,35,8,227.9917449951172,0.23884632717440285,-0.004302710294723511,211.93102645874023,33.63957166671753,5.3238529586792005,30.496136963367462,0.5174522106325994,False
1.3.6.1.4.1.14519.5.2.1.6279.6001.313334055029671473836954456733,0.6285494124446157,0.2272418737411499,1.9560546875,0.5501096844673157,0.05230218473821878,0.06898042559623718,0.005667312633122007,1,8,0.0,0.6174340204199577,0.24964942038059235,193.70965576171875,39.967830657958984,5.5640085649490105,7.586487293243408,0.5209380762471085,35,8,190.5977325439453,-0.011115392024658055,0.022407546639442444,191.75360107421875,39.41772097349167,5.511706380210792,7.517506867647171,0.5152707636139865,False
1.3.6.1.4.1.14519.5.2.1.6279.6001.334166493392278943610545989413,0.559714818413382,0.23643116652965546,5.052490234375,1.1457797288894653,0.10834460504353045,0.2031487077474594,0.013526175334304572,5,8,2.0,0.6081247866390064,0.22719579935073853,225.59129333496094,47.99197006225586,2.556556444168091,2.680879592895508,0.5276974155743918,35,8,225.12413024902344,0.04840996822562438,-0.009235367178916931,220.53880310058594,46.846190333366394,2.44821183912456,2.4777308851480484,0.5141712402400872,False
1.3.6.1.4.1.14519.5.2.1.6279.6001.323302986710576400812869264321,0.6731063338623575,0.22807349264621735,3.2437591552734375,0.8768118023872375,0.07324895814061172,0.10721129924058914,0.008743437727126813,1,8,0.0,0.6843889770595873,0.21998445689678192,204.94850158691406,27.957548141479492,4.934631314277658,7.345062732696533,0.5222017468929293,35,8,204.1773681640625,0.011282643197229825,-0.008089035749435425,201.70474243164062,27.080736339092255,4.861382356137046,7.237851433455944,0.5134583091658025,False
1.3.6.1.4.1.14519.5.2.1.6279.6001.619372068417051974713149104919,0.5623288012351213,0.23756805062294006,12.780258178710938,2.785212993621826,0.2633293390274046,0.6569153666496277,0.032969991127649936,5,8,5.0,0.5679897737271112,0.24807128310203552,207.89349365234375,43.86626052856445,4.545719413757324,8.56303596496582,0.5400008472442627,35,8,205.5743865966797,0.005660972491989935,0.010503232479095459,195.1132354736328,41.08104753494263,4.282390074729919,7.906120598316193,0.5070308561166127,False
1.3.6.1.4.1.14519.5.2.1.6279.6001.316900421002460665752357657094,0.5450819672131147,0.243635356426239,133.04347229003906,30.601316452026367,1.1800501859188077,1.2147043943405151,0.2816828708661927,2,8,132.0,0.5949180327868853,0.2445734143257141,305.73419189453125,65.3781509399414,7.911128897666796,31.703210830688477,0.7884278754817072,35,8,270.5335388183594,0.049836065573770516,0.0009380578994750977,172.6907196044922,34.77683448791504,6.731078711747988,30.48850643634796,0.5067450046155145,False
1.3.6.1.4.1.14519.5.2.1.6279.6001.182798854785392200340436516930,0.5551680725166813,0.2347293645143509,6.3760986328125,1.656356692314148,0.12274996392428876,0.16768603026866913,0.016749490087976056,5,8,0.0,0.6132569558101473,0.24709902703762054,200.58343505859375,42.51759338378906,4.7563277578354555,14.395431518554688,0.5210376576794538,35,8,195.12994384765625,0.058088883293465954,0.012369662523269653,194.20733642578125,40.861236691474915,4.633577793911167,14.227745488286018,0.5042881675914777,False
1.3.6.1.4.1.14519.5.2.1.6279.6001.126121460017257137098781143514,0.6525451801685744,0.23860245943069458,4.1048431396484375,1.1255865097045898,0.10411066614091387,0.14725364744663239,0.0115201692191263,5,8,0.0,0.6442084728918989,0.23460914194583893,165.9128875732422,24.089847564697266,7.397294802665706,38.14665985107422,0.5155622020986343,35,8,150.7620391845703,-0.00833670727667557,-0.003993317484855652,161.80804443359375,22.964261054992676,7.2931841365247925,37.999406203627586,0.504042032879508,False
1.3.6.1.4.1.14519.5.2.1.6279.6001.311236942972970815890902714604,0.6165579820038419,0.23233555257320404,13.436187744140625,3.060608386993408,0.20643011853098867,0.22357526421546936,0.03255138930761152,10,8,13.0,0.573892932969366,0.2398710399866104,217.77256774902344,46.626556396484375,3.860387401580802,4.694244384765625,0.5364016836590235,35,8,216.47998046875,-0.04266504903447588,0.007535487413406372,204.3363800048828,43.56594800949097,3.6539572830498135,4.470669120550156,0.503850294351412,False
1.3.6.1.4.1.14519.5.2.1.6279.6001.174692377730646477496286081479,0.19395155894553726,0.23367080092430115,7.891693115234375,1.8817212581634521,0.16728843674063687,0.2356296330690384,0.11024079029720797,1,8,0.0,0.48384852134350326,0.21616172790527344,242.2979278564453,40.28458786010742,5.827093315124549,8.487205505371094,0.6138140608469657,30,8,239.65524291992188,0.28989696239796603,-0.01750907301902771,234.40623474121094,38.40286660194397,5.6598048783839126,8.251575872302055,0.5035732705497576,False
1.3.6.1.4.1.14519.5.2.1.6279.6001.241717018262666382493757419144,0.5161870503597122,0.2351110726594925,132.871826171875,24.392860412597656,2.558262169361114,2.820551633834839,0.32155912869506414,2,8,122.0,0.38426562121089647,0.2307848185300827,273.0,48.0220832824707,9.45721801757812,75.67140197753906,0.8234198842366534,35,8,146.1533966064453,-0.13192142914881577,-0.00432625412940979,140.128173828125,23.629222869873047,6.898955848217005,72.85085034370422,0.5018607555415893,False
1.3.6.1.4.1.14519.5.2.1.6279.6001.177785764461425908755977367558,0.6418664383561644,0.22356481850147247,5.08917236328125,1.1082714796066284,0.1013444333523512,0.13627128303050995,0.013267609749651618,1,8,0.0,0.6390410958904109,0.22422577440738678,212.34719848632812,36.04103469848633,3.9670826363563565,4.723076820373535,0.5146554081678391,35,8,212.05567932128906,-0.0028253424657535,0.0006609559059143066,207.25802612304688,34.9327632188797,3.8657382030040055,4.586805537343025,0.5013877984181875,False
1.3.6.1.4.1.14519.5.2.1.6279.6001.130765375502800983459674173881,0.5888777629431835,0.22627447545528412,14.51729965209961,3.5546321868896484,0.2295471738278865,0.2971246838569641,0.033774145707322484,2,8,12.0,0.5867638332591604,0.24156177043914795,202.4668426513672,28.520111083984375,5.448356304168699,7.104663848876953,0.5283729413562349,35,8,200.913818359375,-0.0021139296840231303,0.01528729498386383,187.94954299926758,24.965478897094727,5.218809130340812,6.807539165019989,0.4945987956489124,False
1.3.6.1.4.1.14519.5.2.1.6279.6001.121824995088859376862458155637,0.4490092401120331,0.22431936860084534,19.485610961914062,4.513421058654785,0.20293863862752912,0.23014749586582184,0.042273311159676974,2,8,19.0,0.5231788079470199,0.23086224496364594,213.11380004882812,43.55340576171875,3.8413850307464474,5.781533241271973,0.5365665987332657,35,8,211.04705810546875,0.0741695678349868,0.006542876362800598,193.62818908691406,39.039984703063965,3.6384463921189183,5.551385745406151,0.49429328757358876,False
1.3.6.1.4.1.14519.5.2.1.6279.6001.805925269324902055566754756843,0.6305109326193663,0.22503411769866943,3.045501708984375,0.6905149817466736,0.05053536757826805,0.06861354410648346,0.00768281824009286,1,8,0.0,0.5710397144132084,0.2257656753063202,195.50967407226562,29.45047378540039,5.313032822608948,31.588685989379883,0.5013910717805227,35,8,150.47412109375,-0.05947121820615786,0.0007315576076507568,192.46417236328125,28.759958803653717,5.26249745503068,31.5200724452734,0.4937082535404298,False
1.3.6.1.4.1.14519.5.2.1.6279.6001.119304665257760307862874140576,0.48980923163722273,0.25714465975761414,1.5399742126464844,0.37226924300193787,0.03508737571537495,0.04875507205724716,0.004098198545889721,1,8,0.0,0.6396205790049014,0.2517191469669342,192.27816772460938,31.888938903808594,3.7256023001670844,6.648560047149658,0.49681721926000383,35,8,192.00042724609375,0.1498113473676787,-0.005425512790679932,190.7381935119629,31.516669660806656,3.6905149244517093,6.599804975092411,0.4927190207141141,False
1.3.6.1.4.1.14519.5.2.1.6279.6001.259124675432205040899951626253,0.5663293383881619,0.2294645607471466,4.6356658935546875,1.13559889793396,0.08855296671390533,0.12220360338687897,0.011995848466952641,1,8,0.0,0.4635868900574783,0.2132423222064972,183.52182006835938,33.57878112792969,4.807140827178952,11.616559982299805,0.5039994276894462,35,8,182.37570190429688,-0.10274244833068363,-0.016222238540649414,178.8861541748047,32.44318222999573,4.718587860465047,11.494356378912926,0.49200357922249355,False
1.3.6.1.4.1.14519.5.2.1.6279.6001.302557165094691896097534021075,0.5560090174129353,0.27782317996025085,4.42645263671875,1.1221858263015747,0.12284243702888481,0.1780615895986557,0.012720767835776008,1,8,0.0,0.6011932524875622,0.2672613859176636,181.44393920898438,39.9426155090332,4.828685927391033,10.574548721313477,0.5030921901332002,35,8,178.56431579589844,0.04518423507462688,-0.01056179404258728,177.01748657226562,38.82042968273163,4.705843490362149,10.39648713171482,0.49037142229742414,False
1.3.6.1.4.1.14519.5.2.1.6279.6001.282512043257574309474415322775,0.5383154856839067,0.24033242464065552,5.4798126220703125,1.3945140838623047,0.11485170528292656,0.15386836230754852,0.014712467618948882,1,8,0.0,0.5196627933470038,0.2419283241033554,198.26657104492188,25.371549606323242,4.978591375350873,40.26034164428711,0.5050035101678612,35,8,108.19235229492188,-0.01865269233690292,0.0015958994626998901,192.78675842285156,23.977035522460938,4.863739670067946,40.10647328197956,0.49029104254891226,False
1.3.6.1.4.1.14519.5.2.1.6279.6001.939216568327879462530496768794,0.4815882874889086,0.2417900264263153,4.6374053955078125,1.2172571420669556,0.107694663107395,0.15559187531471252,0.012807578568657234,5,8,0.0,0.00028707135027924215,0.024373138323426247,63.72621154785156,13.996835708618164,3.1704737305641153,26.36525535583496,0.5027670680599432,35,8,31.002960205078125,-0.48130121613862936,-0.21741688810288906,59.08880615234375,12.779578566551208,3.06277906745672,26.20966348052025,0.489959489491286,False
1.3.6.1.4.1.14519.5.2.1.6279.6001.194766721609772924944646251928,0.5000128885910192,0.2333926111459732,4.3304443359375,1.1678876876831055,0.09063702650368213,0.12616486847400665,0.011487442269838518,1,8,0.0,0.45882095169356085,0.22422504425048828,187.36965942382812,35.968563079833984,3.8424001717567586,6.7301716804504395,0.4997838341050682,35,8,186.01300048828125,-0.04119193689745837,-0.009167566895484924,183.03921508789062,34.80067539215088,3.7517631452530766,6.604006811976433,0.4882963918352297,False
1.3.6.1.4.1.14519.5.2.1.6279.6001.184412674007117333405073397832,0.6418255739141148,0.23583459854125977,4.2204742431640625,1.157874584197998,0.08705799281597137,0.12003716826438904,0.011223870664834977,1,8,0.0,0.6095467550067761,0.2338050752878189,208.91004943847656,42.45392608642578,3.339746832847595,7.049365997314453,0.49859583126174084,35,8,207.04139709472656,-0.032278818907338636,-0.002029523253440857,204.6895751953125,41.29605150222778,3.252688840031624,6.929328829050064,0.48737196059690585,False
1.3.6.1.4.1.14519.5.2.1.6279.6001.126704785377921920210612476953,0.5570216606498195,0.2313905656337738,3.064056396484375,0.807508647441864,0.07529965154826641,0.10348620265722275,0.008434081077989604,1,8,0.0,0.5439530685920577,0.23752346634864807,198.01748657226562,33.87370681762695,4.217222132682812,5.387279510498047,0.49561158043013714,35,8,196.1248016357422,-0.013068592057761785,0.006132900714874268,194.95343017578125,33.06619817018509,4.141922481134546,5.283793307840824,0.48717749935214755,False
1.3.6.1.4.1.14519.5.2.1.6279.6001.212346425055214308006918165305,0.5615884476534296,0.2443188577890396,2.3523635864257812,0.6008089184761047,0.052294745706021814,0.07174479216337204,0.0063528564637319925,1,8,0.0,0.6500361010830324,0.23719966411590576,197.7603759765625,38.88102722167969,4.349341020584107,7.4074177742004395,0.4922576739735074,35,8,196.99917602539062,0.08844765342960281,-0.00711919367313385,195.40801239013672,38.28021830320358,4.297046274878085,7.335672982037067,0.4859048175097754,False
1.3.6.1.4.1.14519.5.2.1.6279.6001.189483585244687808087477024767,0.44848695466210436,0.23895563185214996,42.467376708984375,9.71664810180664,0.337774170935154,0.3421718180179596,0.09459618568917115,2,8,42.0,0.5582495722840034,0.2303285151720047,203.96658325195312,40.19725036621094,5.4053409814834685,6.153736591339111,0.580499344163471,35,8,202.806640625,0.10976261762189904,-0.008627116680145264,161.49920654296875,30.480602264404297,5.067566810548315,5.811564773321152,0.4859031584742999,False
1.3.6.1.4.1.14519.5.2.1.6279.6001.146987333806092287055399155268,0.6284739217925709,0.24546796083450317,2.9547042846679688,0.8172077536582947,0.06385893628001213,0.08772209286689758,0.007967462110684978,1,8,0.0,0.6251835535976505,0.2488255351781845,190.99269104003906,37.386470794677734,5.091665415763854,21.2628116607666,0.4938689742459191,35,8,180.03717041015625,-0.0032903681949203456,0.0033575743436813354,188.0379867553711,36.56926304101944,5.027806479483842,21.175089567899704,0.4859015121352341,False
1.3.6.1.4.1.14519.5.2.1.6279.6001.170052181746004939527661217512,0.43731865506059053,0.24997714161872864,73.13362121582031,14.105058670043945,1.15308385014534,1.2651455402374268,0.16900332173638874,2,8,69.0,0.6109973260510895,0.24936941266059875,251.6464385986328,47.993282318115234,6.404383339881871,9.128150939941406,0.6543735164589344,35,8,249.44882202148438,0.17367867099049894,-0.0006077289581298828,178.5128173828125,33.88822364807129,5.251299489736532,7.8630053997039795,0.4853701947225456,False
1.3.6.1.4.1.14519.5.2.1.6279.6001.310548927038333190233889983845,0.31194388633754305,0.2341846525669098,5.51043701171875,1.3817120790481567,0.1400589668750763,0.20162835717201233,0.03717454590104996,1,8,0.0,0.5909694316877153,0.22787559032440186,175.07774353027344,39.123966217041016,6.190704483985899,13.202728271484375,0.5224002116680144,35,8,170.49122619628906,0.27902554535017227,-0.006309062242507935,169.5673065185547,37.74225413799286,6.050645517110822,13.001099914312363,0.48522566576696446,False
1.3.6.1.4.1.14519.5.2.1.6279.6001.270152671889301412052226973069,0.6245181324957167,0.2419504076242447,3.5265045166015625,0.9343151450157166,0.07750554114580155,0.1082194522023201,0.009436473219593367,1,8,0.0,0.619467447173044,0.24007268249988556,186.22396850585938,32.417083740234375,5.279051952362062,11.68691349029541,0.494470585568746,35,8,183.86790466308594,-0.005050685322672721,-0.0018777251243591309,182.6974639892578,31.48276859521866,5.201546411216261,11.57869403809309,0.48503411234915267,False
1.3.6.1.4.1.14519.5.2.1.6279.6001.170825539570536865106681134236,0.5797984399020668,0.24877524375915527,20.24005126953125,5.010622024536133,0.2212721145153049,0.24100326001644135,0.04560961826774809,10,8,20.0,0.5377782838922736,0.2504061758518219,213.67190551757812,40.4111442565918,4.0793893432617185,4.837735652923584,0.5293402560763889,35,8,212.16757202148438,-0.04202015600979325,0.001630932092666626,193.43185424804688,35.400522232055664,3.858117228746414,4.596732392907143,0.4837306378086408,False
1.3.6.1.4.1.14519.5.2.1.6279.6001.209269973797560820442292189762,0.5955480417018879,0.22691500186920166,3.2117767333984375,0.877808690071106,0.0763989996910095,0.10512005537748337,0.008884057868851554,5,8,0.0,0.4877993801070724,0.22500337660312653,159.5491180419922,34.67985153198242,6.294842681884748,12.47781753540039,0.4914854451497391,35,8,143.8214569091797,-0.1077486615948155,-0.0019116252660751343,156.33734130859375,33.802042841911316,6.2184436821937386,12.372697480022907,0.48260138728088753,False
1.3.6.1.4.1.14519.5.2.1.6279.6001.259227883564429312164962953756,0.5069604426329573,0.2381817251443863,4.01458740234375,0.9830760955810547,0.11265487179160116,0.16594673693180084,0.011501562474336889,1,8,0.0,0.5863114576564868,0.24401433765888214,185.66232299804688,32.349700927734375,4.91122611045837,14.127568244934082,0.49267522325515734,35,8,183.8404083251953,0.07935101502352959,0.00583261251449585,181.64773559570312,31.36662483215332,4.798571238666769,13.961621508002281,0.48117366078082047,False
1.3.6.1.4.1.14519.5.2.1.6279.6001.188265424231150847356515802868,0.2714807748277981,0.2473347783088684,5.9434661865234375,1.5731091499328613,0.14654269963502883,0.20828048884868622,0.06144280259897791,1,8,0.0,0.5579018853280729,0.2388187050819397,197.78065490722656,40.80884552001953,5.685051250457773,11.277161598205566,0.5399693723254736,35,8,195.86550903320312,0.28642111050027486,-0.008516073226928711,191.83718872070312,39.23573637008667,5.538508550822744,11.06888110935688,0.4785265697264957,False
1.3.6.1.4.1.14519.5.2.1.6279.6001.866845763956586959109892274084,0.46593055073804296,0.2594619393348694,4.676666259765625,1.3135427236557007,0.12452586464583873,0.16777116060256958,0.013388093304385739,1,8,0.0,0.5093267044359656,0.2655590772628784,179.81954956054688,34.078125,5.2742072725296,12.332721710205078,0.4889597675058577,35,8,177.2449951171875,0.04339615369792266,0.006097137928009033,175.14288330078125,32.7645822763443,5.149681407883762,12.164950549602509,0.47557167420147195,False
1.3.6.1.4.1.14519.5.2.1.6279.6001.213854687290736562463866711534,0.631760700389105,0.22767935693264008,3.7199249267578125,0.9717106223106384,0.0737998504191637,0.10628528147935867,0.009646373380803399,1,8,0.0,0.3316999027237354,0.23089173436164856,199.22972106933594,44.35390853881836,3.516587977409363,7.945518970489502,0.48503922988961284,35,8,197.48037719726562,-0.30006079766536964,0.003212377429008484,195.50979614257812,43.38219791650772,3.4427881269901994,7.839233689010143,0.47539285650880947,False
1.3.6.1.4.1.14519.5.2.1.6279.6001.564534197011295112247542153557,0.5245959719837571,0.22311115264892578,3.651763916015625,0.9620864391326904,0.07532948851585385,0.10957126319408417,0.009669199102454715,5,8,0.0,0.54883765295833,0.21853120625019073,186.01629638671875,32.006290435791016,4.646029567718505,12.987874984741211,0.4844562612109713,35,8,180.19046020507812,0.02424168097457291,-0.004579946398735046,182.36453247070312,31.044203996658325,4.570700079202651,12.878303721547127,0.47478706210851657,False
1.3.6.1.4.1.14519.5.2.1.6279.6001.279953669991076107785464313394,0.5620349259639716,0.22566023468971252,10.015670776367188,1.9853346347808838,0.1904355138540268,0.7732153534889221,0.025441729972759883,5,8,3.0,0.6105278981785384,0.23101596534252167,219.00650024414062,34.24446105957031,3.158479630947113,7.457789897918701,0.49919772711065075,35,8,212.86276245117188,0.04849297221456672,0.005355730652809143,208.99082946777344,32.25912642478943,2.9680441170930862,6.684574544429779,0.47375599713789085,False
1.3.6.1.4.1.14519.5.2.1.6279.6001.297988578825170426663869669862,0.5776915894562953,0.23054784536361694,59.437713623046875,12.11650562286377,0.74735666513443,0.7885812520980835,0.1336249744494756,2,8,58.0,0.46989872872225813,0.2203826755285263,205.80409240722656,46.24364471435547,6.752252130508423,16.11750030517578,0.6073806734191047,35,8,195.35028076171875,-0.10779286073403715,-0.010165169835090637,146.3663787841797,34.1271390914917,6.004895465373993,15.328919053077698,0.4737556989696291,False
1.3.6.1.4.1.14519.5.2.1.6279.6001.102133688497886810253331438797,0.6437896380134648,0.2727071940898895,6.764068603515625,1.662144422531128,0.1362658971548075,0.3462497591972351,0.017818597457806253,5,8,2.0,0.6270855693238365,0.25974491238594055,187.1140899658203,22.81737518310547,4.7912225914001425,39.29123306274414,0.4906339725282456,35,8,178.35389709472656,-0.01670406868962826,-0.012962281703948975,180.3500213623047,21.15523076057434,4.654956694245335,38.944983303546906,0.47281537507043936,False
1.3.6.1.4.1.14519.5.2.1.6279.6001.487745546557477250336016826588,0.2105149051490515,0.2327193170785904,7.5957489013671875,1.689717411994934,0.1593605998158454,0.21475301682949066,0.09987178480896176,1,8,0.0,0.37907859078590783,0.22994999587535858,198.69110107421875,32.923641204833984,6.885606465339648,82.27228546142578,0.5716556925190815,35,8,151.93685913085938,0.16856368563685634,-0.0027693212032318115,191.09535217285156,31.23392379283905,6.726245865523802,82.05753244459629,0.4717839077101198,False
1.3.6.1.4.1.14519.5.2.1.6279.6001.227962600322799211676960828223,0.1999559612458964,0.2798595428466797,10.005294799804688,2.2988409996032715,0.20437858328223227,0.2535131573677063,0.11142072003201248,1,8,0.0,0.5290255424773801,0.2643055319786072,201.67042541503906,41.2116813659668,6.613579702377317,8.826111793518066,0.5808161223199632,35,8,196.64083862304688,0.32906958123148367,-0.01555401086807251,191.66513061523438,38.912840366363525,6.409201119095084,8.57259863615036,0.4693954022879507,False
1.3.6.1.4.1.14519.5.2.1.6279.6001.254929810944557499537650429296,0.5291636993283343,0.22150537371635437,3.9065704345703125,1.059909701347351,0.08839364409446718,0.121955007314682,0.010785363648997414,5,8,0.0,0.6370072472875037,0.21316567063331604,183.78759765625,37.55131530761719,4.592444782257096,12.27061653137207,0.4794274936887957,35,8,175.55885314941406,0.1078435479591694,-0.00833970308303833,179.8810272216797,36.491405606269836,4.5040511381626285,12.148661524057388,0.4686421300397983,False
1.3.6.1.4.1.14519.5.2.1.6279.6001.200837896655745926888305239398,0.5519607135119521,0.23994053900241852,3.9559326171875,1.079184651374817,0.08442931905388837,0.11929675936698914,0.010639506373637253,5,8,0.0,0.5445222791940493,0.2361585795879364,170.45306396484375,27.270753860473633,5.199139127731326,7.453398704528809,0.47851976370281646,35,8,168.91139221191406,-0.007438434317902809,-0.0037819594144821167,166.49713134765625,26.191569209098816,5.114709808677437,7.3341019451618195,0.4678802573291792,False
1.3.6.1.4.1.14519.5.2.1.6279.6001.126264578931778258890371755354,0.413247021828123,0.22713132202625275,6.2799835205078125,1.7000224590301514,0.14838029742240905,0.20942378044128418,0.017341270983219147,1,8,0.0,0.5941470600733743,0.22801493108272552,196.73504638671875,21.2690486907959,4.493924751281699,40.83253860473633,0.48512218928866796,35,8,184.53634643554688,0.18090003824525125,0.0008836090564727783,190.45506286621094,19.569026231765747,4.34554445385929,40.623114824295044,0.4677809183054488,False
1.3.6.1.4.1.14519.5.2.1.6279.6001.776429308535398795601496131524,0.5638412209364813,0.22632969915866852,3.035247802734375,0.8516493439674377,0.07132669351994991,0.10029008984565735,0.008328386828717258,5,8,0.0,0.5948482785798732,0.2312091588973999,174.36683654785156,43.20265197753906,4.659506678581238,11.41933536529541,0.475599366956287,35,8,171.70822143554688,0.031007057643391955,0.004879459738731384,171.3315887451172,42.351002633571625,4.588179985061288,11.319045275449753,0.46727098012756973,False
1.3.6.1.4.1.14519.5.2.1.6279.6001.187451715205085403623595258748,0.650647177951924,0.2560972273349762,43.15923309326172,8.281228065490723,0.5764270448684691,0.6066741347312927,0.09909076823658411,2,8,42.0,0.5917759971823545,0.24650982022285461,217.50653076171875,35.71910858154297,4.975971851348875,15.887824058532715,0.566231712574429,35,8,216.49891662597656,-0.05887118076956943,-0.009587407112121582,174.34729766845703,27.437880516052246,4.399544806480407,15.281149923801422,0.4671409443378448,False
1.3.6.1.4.1.14519.5.2.1.6279.6001.305887072264491016857673607285,0.5043706293706294,0.23468947410583496,3.0837173461914062,0.7859945893287659,0.06192896198481321,0.0890049859881401,0.007972337434068322,1,8,0.0,0.3370325326847066,0.232345312833786,181.75228881835938,45.50337219238281,4.1536681413650385,7.5257887840271,0.4742894228757163,35,8,178.5092010498047,-0.16733809668592275,-0.00234416127204895,178.66857147216797,44.71737760305405,4.091739179380225,7.4367837980389595,0.46631708544164796,False
1.3.6.1.4.1.14519.5.2.1.6279.6001.265960756233787099041040311282,0.443272386310361,0.2380671501159668,7.15203857421875,1.8586194515228271,0.14755587801337242,0.20797795057296753,0.018717824261221618,1,8,0.0,0.6597645465437308,0.22963930666446686,213.20266723632812,44.197898864746094,2.793554792404181,4.055792808532715,0.48474187614652864,35,8,212.27906799316406,0.21649216023336987,-0.008427843451499939,206.05062866210938,42.33927941322327,2.6459989143908085,3.8478148579597473,0.46602405188530704,False
1.3.6.1.4.1.14519.5.2.1.6279.6001.238855414831158993232534884296,0.565708845421499,0.2235354632139206,4.161590576171875,1.0743826627731323,0.09546783871948718,0.13835984468460083,0.011160767269382874,1,8,0.0,0.574554266920547,0.22772687673568726,176.58328247070312,36.808441162109375,4.831668324470503,18.910539627075195,0.4770803801377609,35,8,147.8888702392578,0.00884542149904799,0.004191413521766663,172.42169189453125,35.73405849933624,4.7362004857510165,18.772179782390594,0.465919612868378,False
1.3.6.1.4.1.14519.5.2.1.6279.6001.245391706475696258069508046497,0.6317269980068154,0.2386506348848343,5.0166015625,1.3448150157928467,0.10671481952071189,0.14320597052574158,0.013494381678932242,1,8,0.0,0.5813026425769948,0.24197325110435486,185.12109375,28.740934371948242,4.025695967674253,11.29059886932373,0.4773017212814754,35,8,183.52536010742188,-0.0504243554298206,0.003322616219520569,180.1044921875,27.396119356155396,3.9189811481535415,11.147392898797989,0.46380733960254317,False
1.3.6.1.4.1.14519.5.2.1.6279.6001.130438550890816550994739120843,0.39248468457393404,0.22593142092227936,6.6322021484375,1.828525185585022,0.18078751116991046,0.24967631697654724,0.018959326239095794,1,8,0.0,0.5500030733296454,0.23533512651920319,184.3701171875,35.80916976928711,4.819955520629883,21.454689025878906,0.48239235916137696,35,8,178.44601440429688,0.15751838875571134,0.009403705596923828,177.7379150390625,33.98064458370209,4.639168009459973,21.20501270890236,0.46343303292228116,False
1.3.6.1.4.1.14519.5.2.1.6279.6001.161633200801003804714818844696,0.5674194991055456,0.22995878756046295,4.3059844970703125,1.2519830465316772,0.10315304480493069,0.1406305879354477,0.011941059077531098,5,8,0.0,0.5166432404804497,0.2359866052865982,194.11337280273438,42.271148681640625,2.61488263130188,15.01305866241455,0.4741792314211527,35,8,193.02490234375,-0.05077625862509583,0.006027817726135254,189.80738830566406,41.01916563510895,2.511729586496949,14.872428074479103,0.4622381723436216,False
1.3.6.1.4.1.14519.5.2.1.6279.6001.690929968028676628605553365896,0.3640264616484892,0.22547276318073273,5.7968902587890625,1.5644476413726807,0.13092318609356882,0.1848267912864685,0.015854045381645362,1,8,0.0,0.5501519756838906,0.2171589583158493,194.22247314453125,28.557024002075195,4.085874443054203,20.58991813659668,0.477146414396498,35,8,171.97433471679688,0.18612551403540145,-0.008313804864883423,188.4255828857422,26.992576360702515,3.954951256960634,20.40509134531021,0.46129236901485265,False
1.3.6.1.4.1.14519.5.2.1.6279.6001.613212850444255764524630781782,0.5959113235098898,0.23504363000392914,2.1946334838867188,0.5772138833999634,0.0605475645512342,0.08355985581874847,0.006384963218122719,1,8,0.0,0.6494661584267319,0.23813603818416595,154.2021484375,31.225210189819336,5.97476029396057,27.562015533447266,0.4673068308830261,30,8,105.26531219482422,0.0535548349168421,0.0030924081802368164,152.00751495361328,30.647996306419373,5.9142127294093365,27.478455677628517,0.4609218676649034,False
1.3.6.1.4.1.14519.5.2.1.6279.6001.226456162308124493341905600418,0.6184163059163059,0.23399733006954193,19.257598876953125,2.8765058517456055,0.4632961744070053,0.6001050472259521,0.0501737846089734,2,8,16.0,0.5627525252525253,0.23331937193870544,174.57220458984375,42.640892028808594,5.56754205703736,23.099321365356445,0.5096128129535253,35,8,172.91773986816406,-0.05566378066378064,-0.0006779581308364868,155.31460571289062,39.76438617706299,5.104245882630355,22.499216318130493,0.45943902834455197,False
1.3.6.1.4.1.14519.5.2.1.6279.6001.250438451287314206124484591986,0.628838959227241,0.2279660999774933,1.5125160217285156,0.4221310317516327,0.0438701618462801,0.061822351068258286,0.004421802950816022,5,8,0.0,0.6168332945826552,0.24678538739681244,154.50294494628906,31.723596572875977,5.884682846069337,20.77770233154297,0.46370438512166345,35,8,135.47105407714844,-0.012005664644585745,0.018819287419319153,152.99042892456055,31.301465541124344,5.8408126842230566,20.71587998047471,0.45928258217084744,False
1.3.6.1.4.1.14519.5.2.1.6279.6001.188209889686363159853715266493,0.5049069850868652,0.24863988161087036,22.66046142578125,5.004556655883789,0.23546010673046125,0.24503403902053833,0.050482566680510835,2,8,22.0,0.5845718239122636,0.24764001369476318,210.09933471679688,36.078033447265625,4.519502034187326,31.906396865844727,0.5097375158256956,35,8,198.8291473388672,0.07966483882539843,-0.0009998679161071777,187.43887329101562,31.073476791381836,4.284041927456864,31.66136282682419,0.4592549491451848,False
1.3.6.1.4.1.14519.5.2.1.6279.6001.333145094436144085379032922488,0.508972493591076,0.2241298407316208,4.397819519042969,0.9803448915481567,0.086302859634161,0.1172286868095398,0.011394734407299096,1,8,0.0,0.4811889420078986,0.22300611436367035,180.80862426757812,28.093700408935547,4.468361854553226,6.316929817199707,0.47040169503953727,35,8,180.279052734375,-0.027783551583177413,-0.0011237263679504395,176.41080474853516,27.11335551738739,4.382058994919065,6.199701130390167,0.45900696063223817,False
1.3.6.1.4.1.14519.5.2.1.6279.6001.101228986346984399347858840086,0.585059829059829,0.23484168946743011,7.468994140625,1.6132599115371704,0.11776482209563258,0.2481340765953064,0.01865744207650423,5,8,2.0,0.5723589743589743,0.22918221354484558,198.02967834472656,32.441375732421875,3.340772135257722,3.7018213272094727,0.47692205643918784,35,8,197.7040557861328,-0.012700854700854691,-0.005659475922584534,190.56068420410156,30.828115820884705,3.2230073131620895,3.4536872506141663,0.4582646143626836,False
1.3.6.1.4.1.14519.5.2.1.6279.6001.905371958588660410240398317235,0.5173723928309402,0.23619189858436584,6.5384674072265625,1.7978838682174683,0.13454234734177584,0.18492376804351807,0.017404466112951437,1,8,0.0,0.5552353002829892,0.24462829530239105,199.24343872070312,37.28997802734375,3.9224309611320454,8.994836807250977,0.47378270268175326,35,8,195.56344604492188,0.03786290745204901,0.008436396718025208,192.70497131347656,35.49209415912628,3.7878886137902694,8.809913039207458,0.45637823656880183,False
1.3.6.1.4.1.14519.5.2.1.6279.6001.272344603176687884771013620823,0.4112725374993687,0.22537784278392792,5.785369873046875,1.6442782878875732,0.1403357982635498,0.18392054736614227,0.016239613691965738,1,8,0.0,0.5607313008198516,0.23189854621887207,181.31484985351562,31.988676071166992,4.2875518798828125,23.10013771057129,0.47191118876139315,35,8,167.12294006347656,0.14945876332048286,0.006520703434944153,175.52947998046875,30.34439778327942,4.147216081619263,22.916217163205147,0.4556715750694274,False
1.3.6.1.4.1.14519.5.2.1.6279.6001.160586340600816116143631200450,0.5234679614507467,0.25987300276756287,5.173919677734375,1.4137035608291626,0.13760828077793122,0.19161178171634674,0.014753075040049024,1,8,0.0,0.6162546899139263,0.2560957670211792,171.5816650390625,36.34138107299805,5.3800602722168,26.33434295654297,0.4700386663648818,35,8,166.95672607421875,0.09278672846317959,-0.003777235746383667,166.40774536132812,34.927677512168884,5.242451991438869,26.142731174826622,0.45528559132483276,False
1.3.6.1.4.1.14519.5.2.1.6279.6001.177888806135892723698313903329,0.3333894358888047,0.2537415027618408,5.6357421875,1.5338596105575562,0.11778433449566363,0.16681352257728577,0.02449873943108969,5,8,0.0,0.5690061432298241,0.23530399799346924,172.14691162109375,38.530277252197266,4.7238750219345045,9.956314086914062,0.47976594005690665,35,8,169.3222198486328,0.23561670734101942,-0.018437504768371582,166.51116943359375,36.99641764163971,4.606090687438841,9.789500564336777,0.45526720062581694,False
1.3.6.1.4.1.14519.5.2.1.6279.6001.304700823314998198591652152637,0.36653192604236845,0.2502210736274719,1.6242904663085938,0.39297157526016235,0.039916155673563485,0.0522615909576416,0.0045020123370405705,1,8,0.0,0.6705591735908376,0.2406175285577774,172.4169158935547,33.366851806640625,5.104407024383551,21.134559631347656,0.4590883709589642,35,8,168.76988220214844,0.30402724754846916,-0.009603545069694519,170.7926254272461,32.97388023138046,5.064490868709988,21.082298040390015,0.45458635862192365,False
1.3.6.1.4.1.14519.5.2.1.6279.6001.159521777966998275980367008904,0.6548702193863484,0.2344944328069687,3.4316329956054688,0.9025143980979919,0.08163908012211316,0.11002680659294128,0.009493524829132686,5,8,0.0,0.6424238843593683,0.23749597370624542,170.53749084472656,30.05756187438965,4.497813520431514,30.76796531677246,0.4636829136424593,35,8,157.24462890625,-0.012446335026980115,0.0030015408992767334,167.1058578491211,29.155047476291656,4.4161744403094,30.65793851017952,0.4541893888133266,False
1.3.6.1.4.1.14519.5.2.1.6279.6001.210426531621179400035178209430,0.41846472651918637,0.20399649441242218,5.3694610595703125,1.3701359033584595,0.1224983090162277,0.17069688439369202,0.01455723218984074,5,8,0.0,0.43598785741552,0.22260627150535583,154.67926025390625,27.626569747924805,6.151783638000478,36.32014846801758,0.46815237507290275,35,8,136.2399444580078,0.017523130896333616,0.018609777092933655,149.30979919433594,26.256433844566345,6.02928532898425,36.149451583623886,0.453595142883062,False
1.3.6.1.4.1.14519.5.2.1.6279.6001.164988920331211858091402361989,0.6164218295365836,0.24023288488388062,4.60565185546875,1.2129313945770264,0.09096067115664483,0.12720952928066254,0.01205870577643315,1,8,0.0,0.639032006245121,0.23232831060886383,186.55136108398438,44.21882629394531,3.3210284996032757,12.43222713470459,0.4654660914315119,35,8,178.74249267578125,0.022610176708537377,-0.007904574275016785,181.94570922851562,43.005894899368286,3.230067828446631,12.305017605423927,0.45340738565507877,False
1.3.6.1.4.1.14519.5.2.1.6279.6001.513023675145166449943177283490,0.37685589519650653,0.2185562551021576,5.94427490234375,1.5555338859558105,0.12490942478179926,0.17615896463394165,0.015691663477155893,1,8,0.0,0.4634352256186317,0.2213377058506012,176.56686401367188,35.026729583740234,4.560798349380472,5.6211771965026855,0.46877774517271187,35,8,170.34140014648438,0.08657933042212518,0.0027814507484436035,170.62258911132812,33.471195697784424,4.435888924598673,5.445018231868744,0.453086081695556,False
1.3.6.1.4.1.14519.5.2.1.6279.6001.292194861362266467652267941663,0.619537319644839,0.23135003447532654,2.919189453125,0.6714973449707031,0.05950028326362373,0.08313293009996414,0.00761947352476418,1,8,0.0,0.5331402608213096,0.25146451592445374,178.8453826904297,28.217714309692383,4.593785314559938,6.453876972198486,0.4605826333469815,35,8,167.7044677734375,-0.08639705882352944,0.020114481449127197,175.9261932373047,27.54621696472168,4.534285031296314,6.370744042098522,0.45296315982221735,False
1.3.6.1.4.1.14519.5.2.1.6279.6001.233001470265230594739708503198,0.6836892721258819,0.24214418232440948,5.2988739013671875,1.3441394567489624,0.1173128785192966,0.15905879437923431,0.014285286967456338,1,8,0.0,0.6290461350209356,0.2465747743844986,185.34970092773438,42.96014404296875,3.686025547981249,9.888426780700684,0.4665920384460021,30,8,182.72389221191406,-0.05464313710494628,0.004430592060089111,180.0508270263672,41.61600458621979,3.5687126694619526,9.72936798632145,0.45230675147854577,False
1.3.6.1.4.1.14519.5.2.1.6279.6001.275986221854423197884953496664,0.5260471052326255,0.25400546193122864,14.099807739257812,2.8008317947387695,0.302111358642578,0.3366393744945526,0.035540342797173385,2,8,13.0,0.5497389488339715,0.2600526511669159,192.90914916992188,31.951143264770508,4.409907836914062,4.903228759765625,0.4867027759975857,35,8,191.99264526367188,0.023691843601345908,0.006047189235687256,178.80934143066406,29.15031147003174,4.107796478271484,4.566589385271072,0.4511624332004123,False
1.3.6.1.4.1.14519.5.2.1.6279.6001.149463915556499304732434215056,0.6482233810332282,0.2233654260635376,4.6739349365234375,1.219506859779358,0.09792799256742003,0.13452719151973724,0.012472578503108688,1,8,0.0,0.6709162017948096,0.21939770877361298,181.07208251953125,24.93061637878418,4.43707609653473,6.700235366821289,0.4632661381138695,35,8,179.40701293945312,0.02269282076158141,-0.003967717289924622,176.3981475830078,23.711109519004822,4.33914810396731,6.565708175301552,0.45079355961076084,False
1.3.6.1.4.1.14519.5.2.1.6279.6001.191301539558980174217770205256,0.5742113907540699,0.23380286991596222,4.6128997802734375,1.3102468252182007,0.09140005245804787,0.13066092133522034,0.012135731737315655,5,8,0.0,0.6323366020965171,0.2278762310743332,189.42752075195312,31.717222213745117,3.5175181150436408,4.329990863800049,0.4616861735714807,35,8,188.83023071289062,0.05812521134244719,-0.005926638841629028,184.8146209716797,30.406975388526917,3.426118062585593,4.1993299424648285,0.44955044183416504,False
1.3.6.1.4.1.14519.5.2.1.6279.6001.710845873679853791427022019413,0.6241484530229918,0.2409021556377411,5.302978515625,1.3952727317810059,0.1287014672160149,0.1847548633813858,0.01469067232509454,5,8,0.0,0.6485417258018734,0.2389928698539734,179.8939666748047,30.348684310913086,4.714842505455028,10.266590118408203,0.46423948580953833,35,8,173.58682250976562,0.02439327277888159,-0.0019092857837677002,174.5909881591797,28.95341157913208,4.586141038239013,10.081835255026817,0.4495488134844438,False
1.3.6.1.4.1.14519.5.2.1.6279.6001.701514276942509393419164159551,0.5167978711608826,0.20913521945476532,3.344573974609375,0.8791236281394958,0.07559535846114164,0.108310267329216,0.00913499943100744,5,8,0.0,0.26826699190597625,0.21315784752368927,173.61643981933594,36.59761047363281,2.0880376839637784,5.519705295562744,0.4585339940956989,35,8,172.3380889892578,-0.24853087925490636,0.00402262806892395,170.27186584472656,35.71848684549332,2.012442325502637,5.411395028233528,0.44939899466469146,False
1.3.6.1.4.1.14519.5.2.1.6279.6001.296066944953051278419805374238,0.6526175687666371,0.23818282783031464,51.69374084472656,13.786663055419922,1.0237161457538615,1.4183748960494995,0.13047447299295004,10,8,50.0,0.5138457556935818,0.23147180676460266,200.58700561523438,43.913536071777344,5.656905102729818,14.577788352966309,0.5775694306426584,35,8,198.8968505859375,-0.1387718130730553,-0.006711021065711975,148.8932647705078,30.126873016357422,4.633188956975956,13.159413456916809,0.4470949576497084,False
1.3.6.1.4.1.14519.5.2.1.6279.6001.123697637451437522065941162930,0.49833993586115827,0.23207414150238037,5.7556304931640625,1.5768359899520874,0.14758315652608867,0.1989622265100479,0.016182200999061265,1,8,0.0,0.5754574608564422,0.241713747382164,168.86428833007812,34.92436218261719,5.075087394714347,8.012255668640137,0.46325316607157363,35,8,167.22520446777344,0.07711752499528396,0.00963960587978363,163.10865783691406,33.3475261926651,4.927504238188258,7.813293442130089,0.44707096507251237,False
1.3.6.1.4.1.14519.5.2.1.6279.6001.249450003033735700817635168066,0.5784022556390978,0.2375153750181198,32.186668395996094,6.5054802894592285,0.7512927252054215,1.0395416021347046,0.08447666333185301,4,8,27.0,0.5588157894736843,0.23981840908527374,184.82565307617188,43.60945510864258,5.414344215393081,29.677600860595703,0.530640453550551,35,8,170.86376953125,-0.019586466165413485,0.0023030340671539307,152.63898468017578,37.10397481918335,4.66305149018766,28.638059258461,0.446163790218698,False
1.3.6.1.4.1.14519.5.2.1.6279.6001.215785045378334625097907422785,0.47789600170552554,0.25138163566589355,5.3582916259765625,1.3804563283920288,0.1514608484506607,0.21127323806285858,0.015688207877344557,1,8,0.0,0.5429773048820667,0.24541066586971283,163.23043823242188,26.32784080505371,5.331801242828369,17.254486083984375,0.46176897699568004,35,8,149.88961791992188,0.0650813031765412,-0.005970969796180725,157.8721466064453,24.947384476661682,5.180340394377708,17.043212845921516,0.4460807691183355,False
1.3.6.1.4.1.14519.5.2.1.6279.6001.174907798609768549012640380786,0.5582628611698379,0.2568453550338745,24.479949951171875,4.647504806518555,0.5850040155649183,0.8172211647033691,0.06201757150954669,2,8,17.0,0.6430408738548273,0.2517462968826294,188.84158325195312,41.13818359375,5.261427750587455,23.57710075378418,0.5078056053108637,35,8,155.53433227539062,0.08477801268498941,-0.005099058151245117,164.36163330078125,36.490678787231445,4.676423735022537,22.75987958908081,0.44578803380131704,False
1.3.6.1.4.1.14519.5.2.1.6279.6001.174935793360491516757154875981,0.5677333655355633,0.22695977985858917,5.7618865966796875,1.6022809743881226,0.11379404962062838,0.15922121703624725,0.015235387911399206,5,8,0.0,0.6513947590870668,0.22285933792591095,193.06785583496094,34.312721252441406,3.075138642787938,5.433493614196777,0.46093407905631606,35,8,187.76278686523438,0.08366139355150348,-0.004100441932678223,187.30596923828125,32.710440278053284,2.9613445931673095,5.27427239716053,0.44569869114491684,False
1.3.6.1.4.1.14519.5.2.1.6279.6001.315187221221054114974341475212,0.5886216101437846,0.22493413090705872,30.089866638183594,4.175449848175049,0.6860698413848882,0.9945127964019775,0.08012586592568294,2,8,21.0,0.6335618516046836,0.23219993710517883,204.76995849609375,38.76570510864258,4.94231221675873,6.504669189453125,0.5255156382719676,35,8,202.44772338867188,0.04494024146089903,0.007265806198120117,174.68009185791016,34.59025526046753,4.2562423753738425,5.5101563930511475,0.44538977234628463,False
1.3.6.1.4.1.14519.5.2.1.6279.6001.237215747217294006286437405216,0.4525,0.23082031309604645,4.4620208740234375,1.1423842906951904,0.09347035124897957,0.1323578804731369,0.011934855206641885,1,8,0.0,0.5375384615384615,0.23737145960330963,181.5726776123047,30.63172149658203,4.642813754081704,33.235843658447266,0.45600475631819765,35,8,161.0203857421875,0.08503846153846151,0.006551146507263184,177.11065673828125,29.48933720588684,4.549343402832725,33.10348577797413,0.44406990111155575,False
1.3.6.1.4.1.14519.5.2.1.6279.6001.330544495001617450666819906758,0.5783088235294118,0.2257196009159088,4.354095458984375,1.1141201257705688,0.09692637756466865,0.1370047628879547,0.011928812719550397,1,8,0.0,0.6002696078431372,0.21686901152133942,175.57156372070312,39.378055572509766,4.2700404357910084,14.50792407989502,0.4519814065721297,35,8,167.45765686035156,0.02196078431372539,-0.008850589394569397,171.21746826171875,38.2639354467392,4.17311405822634,14.370919317007065,0.44005259385257933,False
1.3.6.1.4.1.14519.5.2.1.6279.6001.328695385904874796172316226975,0.566573902288188,0.22668497264385223,38.34892272949219,8.173575401306152,0.493819333910942,0.5188860297203064,0.08612130986385874,10,8,38.0,0.5755875077303648,0.2302573174238205,204.4075927734375,43.17313766479492,4.028319287300109,6.704227924346924,0.5257965500884586,35,8,200.01046752929688,0.009013605442176775,0.0035723447799682617,166.0586700439453,34.99956226348877,3.534499953389167,6.185341894626617,0.43967524022459986,False
1.3.6.1.4.1.14519.5.2.1.6279.6001.561423049201987049884663740668,0.5541377423164444,0.2424062341451645,3.687713623046875,1.0291249752044678,0.08441676661372184,0.12121465057134628,0.009993514010806878,5,8,0.0,0.4891407667713224,0.23957185447216034,174.16305541992188,47.972938537597656,3.6159883046150205,12.680266380310059,0.4491937180810504,35,8,174.00390625,-0.06499697554512202,-0.0028343796730041504,170.475341796875,46.94381356239319,3.5315715380012986,12.559051729738712,0.4392002040702435,False
1.3.6.1.4.1.14519.5.2.1.6279.6001.217955041973656886482758642958,0.32536123567513703,0.24305330216884613,4.905517578125,1.1774932146072388,0.12843185737729068,0.186279758810997,0.028020135610323592,1,8,0.0,0.4809105630293971,0.22910022735595703,176.15264892578125,32.27326202392578,5.264770102500902,9.108996391296387,0.4671720414956406,35,8,171.313720703125,0.15554932735426008,-0.013953074812889099,171.24713134765625,31.095768809318542,5.1363382451236115,8.92271663248539,0.43915190588531705,False
1.3.6.1.4.1.14519.5.2.1.6279.6001.332453873575389860371315979768,0.6400822307732855,0.22454170882701874,34.11882019042969,7.320253372192383,0.8216232252120969,1.1561381816864014,0.08632457379764978,10,8,32.0,0.6477386537346477,0.23044413328170776,205.87481689453125,31.986143112182617,5.169393763542167,6.207945823669434,0.5238409342712824,35,8,204.6717529296875,0.007656422961362153,0.005902424454689026,171.75599670410156,24.665889739990234,4.34777053833007,5.051807641983032,0.4375163604736326,False
1.3.6.1.4.1.14519.5.2.1.6279.6001.439153572396640163898529626096,0.6628266210079654,0.25217580795288086,4.1716461181640625,1.0622345209121704,0.1014141255617142,0.142008438706398,0.011360718583398394,1,8,0.0,0.6255862428348098,0.25488725304603577,171.1216278076172,39.92020797729492,3.8790818977356016,14.514165878295898,0.44639343776702894,35,8,162.80299377441406,-0.03724037817315562,0.0027114450931549072,166.94998168945312,38.85797345638275,3.7776677721738876,14.3721574395895,0.43503271918363057,False
1.3.6.1.4.1.14519.5.2.1.6279.6001.211071908915618528829547301883,0.5894884727884107,0.21242445707321167,3.089630126953125,0.7744375467300415,0.058495593778789066,0.08053340017795563,0.00808481009275549,5,8,0.0,0.5967894239848914,0.2145182341337204,201.74169921875,41.30519485473633,2.1504813861846923,4.046494960784912,0.44297442710664536,35,8,201.26832580566406,0.007300951196480776,0.002093777060508728,198.65206909179688,40.53075730800629,2.0919857924059033,3.9659615606069565,0.4348896170138899,False
1.3.6.1.4.1.14519.5.2.1.6279.6001.340158437895922179455019686521,0.6143418118673165,0.24129706621170044,4.3793487548828125,1.164088249206543,0.1095089516043663,0.14836585521697998,0.01219280071026749,1,8,0.0,0.6719024409495432,0.23489710688591003,150.96420288085938,34.49409484863281,4.794207382202144,10.746928215026855,0.4463370382520886,35,8,140.0589599609375,0.0575606290822267,-0.006399959325790405,146.58485412597656,33.33000659942627,4.684698430597778,10.598562359809875,0.4341442375418211,False
1.3.6.1.4.1.14519.5.2.1.6279.6001.265775376735520890308424143898,0.5636755125326659,0.2599163055419922,33.36299133300781,7.1972126960754395,0.3599007791280746,0.37312963604927063,0.07802382429242136,3,8,33.0,0.6135853362287902,0.25611063838005066,197.3702392578125,36.765560150146484,4.42987313747406,7.348997116088867,0.5111959877914852,35,8,196.2069854736328,0.04990982369612429,-0.0038056671619415283,164.0072479248047,29.568347454071045,4.069972358345986,6.975867480039597,0.43317216349906384,False
1.3.6.1.4.1.14519.5.2.1.6279.6001.416701701108520592702405866796,0.29308632242806465,0.23647087812423706,6.066314697265625,1.5589855909347534,0.14062311172485353,0.1975453495979309,0.04916967191018162,1,8,0.0,0.5857627118644068,0.215719535946846,178.07598876953125,31.10013198852539,4.8173500251770065,7.125268459320068,0.4812700819863215,35,8,176.65823364257812,0.2926763894363421,-0.020751342177391052,172.00967407226562,29.541146397590637,4.676726913452153,6.9277231097221375,0.43210041007613986,False
1.3.6.1.4.1.14519.5.2.1.6279.6001.266009527139315622265711325223,0.454215433927444,0.22627116739749908,5.713043212890625,1.6318697929382324,0.1212841328978538,0.16599279642105103,0.015435483757985962,5,8,0.0,0.5385483949298238,0.22846341133117676,191.50039672851562,41.491241455078125,2.9285732531547524,3.2450475692749023,0.4470305950827068,35,8,191.20619201660156,0.08433296100237975,0.0021922439336776733,185.787353515625,39.85937166213989,2.8072891202568986,3.0790547728538513,0.43159511132472084,False
1.3.6.1.4.1.14519.5.2.1.6279.6001.622243923620914676263059698181,0.6378674857393594,0.23635172843933105,37.334129333496094,8.923599243164062,0.4096579936146735,0.4618412256240845,0.08774523585471843,10,8,37.0,0.009463214860318854,0.11513160914182663,83.31033325195312,15.095187187194824,4.137727355957017,30.855146408081055,0.51906256199822,35,8,27.025787353515625,-0.6284042708790405,-0.12122011929750443,45.97620391845703,6.171587944030762,3.7280693623423433,30.39330518245697,0.43131732614350154,False
1.3.6.1.4.1.14519.5.2.1.6279.6001.227885601428639043345478571594,0.5850560024054724,0.21960635483264923,5.9761505126953125,1.4134225845336914,0.09896532073616982,0.13884681463241577,0.014889591083758407,1,8,0.0,0.6190333007592272,0.22759182751178741,180.6884002685547,38.9965705871582,3.4327101778984073,6.118877410888672,0.4460191564586427,35,8,179.30857849121094,0.03397729835375485,0.007985472679138184,174.71224975585938,37.58314800262451,3.3337448571622375,5.980030596256256,0.4311295653748843,False
1.3.6.1.4.1.14519.5.2.1.6279.6001.106630482085576298661469304872,0.6055498668851116,0.2676886320114136,4.0862579345703125,1.1230347156524658,0.10836526863276956,0.1513892263174057,0.011574029989126655,1,8,0.0,0.5865861150931804,0.2665803134441376,176.00877380371094,29.954328536987305,3.245666444301604,12.632501602172852,0.44217362119091874,35,8,175.5492706298828,-0.018963751791931216,-0.001108318567276001,171.92251586914062,28.83129382133484,3.1373011756688345,12.481112375855446,0.4305995912017921,False
1.3.6.1.4.1.14519.5.2.1.6279.6001.179943248049071805421192715219,0.5525516328980572,0.20781224966049194,3.2451019287109375,0.807288646697998,0.05846836514770984,0.07966427505016327,0.008300804202010233,1,8,0.0,0.35001347477766614,0.2156858891248703,182.18898010253906,30.69349479675293,2.723023941516876,7.9800615310668945,0.43873377261426716,35,8,181.07321166992188,-0.20253815812039105,0.007873639464378357,178.94387817382812,29.88620615005493,2.664555576369166,7.900397256016731,0.4304329684122569,False
1.3.6.1.4.1.14519.5.2.1.6279.6001.217754016294471278921686508169,0.5997834385552783,0.265871524810791,4.2677459716796875,1.0993844270706177,0.09661617681384087,0.13177235424518585,0.011532573608722951,1,8,0.0,0.6460505065335487,0.26714667677879333,182.68563842773438,39.730255126953125,3.164146132469163,13.447552680969238,0.4403560932636256,35,8,178.96945190429688,0.046267067978270404,0.0012751519680023193,178.4178924560547,38.63087069988251,3.067529955655322,13.315780326724052,0.4288235196549027,False
1.3.6.1.4.1.14519.5.2.1.6279.6001.970428941353693253759289796610,0.42184427318628753,0.22918279469013214,12.4000244140625,2.9458916187286377,0.14726614266633983,0.1601477414369583,0.02910181501805782,2,8,10.0,0.43022056869519,0.24236686527729034,195.60572814941406,44.36861801147461,2.3491562032699576,5.918415546417236,0.4565484301302168,35,8,195.1327362060547,0.008376295508902454,0.013184070587158203,183.20570373535156,41.42272639274597,2.201890060603618,5.758267804980278,0.427446615112159,False
1.3.6.1.4.1.14519.5.2.1.6279.6001.202464973819273687476049035824,0.6351548616400101,0.21953964233398438,2.9189529418945312,0.7088374495506287,0.05737344224005929,0.07702465355396271,0.007656641939903296,1,8,0.0,0.6642866209697893,0.22897715866565704,173.70884704589844,42.76335906982422,2.8448812818527185,3.603226661682129,0.43398190005090487,35,8,173.4703826904297,0.029131759329779183,0.009437516331672668,170.7898941040039,42.05452162027359,2.787507839612659,3.526202008128166,0.4263252581110016,False
1.3.6.1.4.1.14519.5.2.1.6279.6001.272042302501586336192628818865,0.3311987164149695,0.2474478781223297,4.7750396728515625,1.1553030014038086,0.12077325582504272,0.17226257920265198,0.024302201363963914,1,8,0.0,0.46042983209244065,0.2530132532119751,180.51156616210938,37.20804977416992,3.8482799530029297,4.3362932205200195,0.4502969487508138,35,8,180.08941650390625,0.12923111567747114,0.005565375089645386,175.7365264892578,36.05274677276611,3.727506697177887,4.1640306413173676,0.42599474738684984,False
1.3.6.1.4.1.14519.5.2.1.6279.6001.171667800241622018839592854574,0.5280845604640786,0.24265849590301514,3.4771499633789062,0.7676408886909485,0.0647585491836071,0.08603185415267944,0.009019254745543003,1,8,0.0,0.5412064926372155,0.23732684552669525,179.84727478027344,34.08871841430664,3.7344596123695375,38.51759338378906,0.4346492020368576,35,8,78.31987762451172,0.013121932173136952,-0.005331650376319885,176.37012481689453,33.32107752561569,3.6697010631859306,38.43156152963638,0.4256299472913146,False
1.3.6.1.4.1.14519.5.2.1.6279.6001.182192086929819295877506541021,0.5838388676032354,0.22701247036457062,7.2093505859375,1.5866388082504272,0.09540273189544679,0.1298902928829193,0.017546347676383123,2,8,5.0,0.5221503831417624,0.22621193528175354,193.95358276367188,33.544944763183594,3.262106261253357,3.6813626289367676,0.44262750524414907,35,8,193.59442138671875,-0.061688484461473014,-0.0008005350828170776,186.74423217773438,31.958305954933167,3.16670352935791,3.5514723360538483,0.42508115756776593,False
1.3.6.1.4.1.14519.5.2.1.6279.6001.222052723822248889877676736332,0.5045901737388236,0.22701291739940643,33.133148193359375,8.014934539794922,0.33766712963581097,0.3488936424255371,0.07429440127412477,2,8,32.0,0.5733979247032086,0.23294056951999664,193.11297607421875,31.719099044799805,4.111239848136909,5.04192590713501,0.49912305698924614,35,8,191.78533935546875,0.06880775096438496,0.00592765212059021,159.97982788085938,23.704164505004883,3.7735727185010974,4.693032264709473,0.42482865571512135,False
1.3.6.1.4.1.14519.5.2.1.6279.6001.163931625580639955914619627409,0.5406741573033708,0.22996389865875244,6.5379791259765625,1.7803118228912354,0.15154309377074243,0.2112979143857956,0.017872273317476116,5,8,0.0,0.6737078651685393,0.22593151032924652,184.7285614013672,36.13410186767578,3.1085713529586827,4.336798191070557,0.44201198525428786,35,8,183.99505615234375,0.13303370786516855,-0.00403238832950592,178.19058227539062,34.353790044784546,2.95702825918794,4.125500276684761,0.42413971193681177,False
1.3.6.1.4.1.14519.5.2.1.6279.6001.112740418331256326754121315800,0.3876967095851216,0.223419189453125,4.7081756591796875,1.1106399297714233,0.10493201404809956,0.15808548033237457,0.01285332671503226,2,8,1.0,0.4970251226719078,0.22327198088169098,168.64895629882812,28.33692741394043,3.8120890426635765,5.469483852386475,0.4359410700903999,35,8,167.42295837402344,0.1093284130867862,-0.000147208571434021,163.94078063964844,27.226287484169006,3.707157028615477,5.3113983720541,0.42308774337536764,False
1.3.6.1.4.1.14519.5.2.1.6279.6001.122621219961396951727742490470,0.6382530120481927,0.23740461468696594,2.0759353637695312,0.5563383102416992,0.045547594204545024,0.06430742144584656,0.005632136418339279,1,8,0.0,0.6282254016064257,0.2401350438594818,177.4603729248047,40.40660095214844,2.726400253772737,5.598295211791992,0.4286988900052177,30,8,175.11314392089844,-0.010027610441767032,0.002730429172515869,175.38443756103516,39.85026264190674,2.680852659568192,5.533987790346146,0.42306675358687845,False
1.3.6.1.4.1.14519.5.2.1.6279.6001.160216916075817913953530562493,0.46613843813387423,0.22898373007774353,93.37579345703125,17.759418487548828,1.2940581130981448,1.3973329067230225,0.2177216292063395,10,8,91.0,0.5445993914807302,0.2310781180858612,235.29110717773438,42.831817626953125,6.551859664917005,8.52440357208252,0.64032833480835,35,8,234.03509521484375,0.07846095334685599,0.0020943880081176758,141.91531372070312,25.072399139404297,5.2578015518188606,7.127070665359497,0.4226067056020105,False
1.3.6.1.4.1.14519.5.2.1.6279.6001.143412474064515942785157561636,0.5264228684754919,0.220632866024971,2.493408203125,0.6733199954032898,0.056469088420271873,0.07647211849689484,0.0067918672516114175,1,8,0.0,0.6142141526046743,0.22101005911827087,170.73019409179688,27.3353214263916,3.9878663301467885,4.732975482940674,0.42915115671687654,35,8,170.01937866210938,0.08779128412918236,0.0003771930932998657,168.23678588867188,26.66200143098831,3.9313972417265166,4.656503364443779,0.42235928946526513,False
1.3.6.1.4.1.14519.5.2.1.6279.6001.213022585153512920098588556742,0.6043161814488829,0.22414475679397583,18.409637451171875,3.174717426300049,0.30442617893218993,0.5836797952651978,0.04289689974784851,15,8,17.0,0.5803486797562627,0.2299882024526596,164.32904052734375,35.264869689941406,4.576109161376952,11.342727661132812,0.4651687966240777,35,8,163.75128173828125,-0.023967501692620186,0.005843445658683777,145.91940307617188,32.09015226364136,4.271682982444761,10.759047865867615,0.4222718968762292,False
1.3.6.1.4.1.14519.5.2.1.6279.6001.842317928015463083368074520378,0.6409691629955947,0.2236102670431137,3.2893447875976562,0.8768224120140076,0.06684699833393097,0.09630922973155975,0.008585059001048405,1,8,0.0,0.6155901788027986,0.2366328239440918,176.89285278320312,27.988426208496094,3.5386728334426873,16.238759994506836,0.4298316488636864,35,8,154.52432250976562,-0.02537898419279605,0.013022556900978088,173.60350799560547,27.111603796482086,3.4718258351087563,16.142450764775276,0.421246589862638,False
1.3.6.1.4.1.14519.5.2.1.6279.6001.245349763807614756148761326488,0.595623470068986,0.2421789914369583,22.398269653320312,4.9663825035095215,0.264775584936142,1.2902746200561523,0.051094766978422794,10,8,21.0,0.47273941102292116,0.25844109058380127,175.8519287109375,31.65469741821289,4.607487297058112,19.983074188232422,0.47228157912360313,35,8,165.18885803222656,-0.12288405904606481,0.016262099146842957,153.4536590576172,26.68831491470337,4.34271171212197,18.69279956817627,0.42118681214518033,False
1.3.6.1.4.1.14519.5.2.1.6279.6001.252634638822000832774167856951,0.5721501572327043,0.23881882429122925,5.3674774169921875,1.2899242639541626,0.11929782383143901,0.1630924493074417,0.014439529888249106,1,8,0.0,0.49713050314465407,0.24139991402626038,150.3350830078125,28.17896270751953,5.288120713233947,60.65167999267578,0.4341587411615583,35,8,123.9072265625,-0.07501965408805028,0.002581089735031128,144.9676055908203,26.88903844356537,5.168822889402508,60.48858754336834,0.4197192112733092,False
1.3.6.1.4.1.14519.5.2.1.6279.6001.652347820272212119124022644822,0.41957447920750673,0.2617979347705841,5.694000244140625,1.560190200805664,0.1147884325683117,0.15837953984737396,0.015072182207802931,1,8,0.0,0.5488512506861131,0.2540397047996521,173.61090087890625,31.592920303344727,3.156787030696871,9.936123847961426,0.43255237597624463,35,8,171.74839782714844,0.12927677147860633,-0.007758229970932007,167.91690063476562,30.032730102539062,3.041998598128559,9.777744308114052,0.4174801937684417,False
1.3.6.1.4.1.14519.5.2.1.6279.6001.558286136379689377915919180358,0.27876352503218177,0.2582233250141144,6.2690887451171875,1.7140800952911377,0.16301653906702998,0.2262536734342575,0.058509924074456286,1,8,0.0,0.5997286295793759,0.24040408432483673,184.09266662597656,27.600927352905273,4.374293494224548,9.413613319396973,0.4750101913081275,35,8,182.07965087890625,0.3209651045471941,-0.01781924068927765,177.82357788085938,25.886847257614136,4.211276955157518,9.187359645962715,0.41650026723367123,False
1.3.6.1.4.1.14519.5.2.1.6279.6001.922852847124879997825997808179,0.4691571765671489,0.24510963261127472,31.602035522460938,6.925464153289795,0.36382942646741867,0.3819859027862549,0.07108311094343663,2,8,31.0,0.3971991381963681,0.2402949035167694,183.9854278564453,36.344451904296875,4.114799380302429,9.257776260375977,0.48752318978309633,35,8,181.1566619873047,-0.0719580383707808,-0.00481472909450531,152.38339233398438,29.41898775100708,3.7509699538350105,8.875790357589722,0.4164400788396597,False
1.3.6.1.4.1.14519.5.2.1.6279.6001.303421828981831854739626597495,0.49613544350386457,0.25665831565856934,2.440216064453125,0.619606614112854,0.04875531606376171,0.06958281248807907,0.006329045339177052,1,8,0.0,0.604573058520427,0.2687627077102661,168.6583251953125,29.48387336730957,3.718909850120547,4.8153486251831055,0.4217808104674022,35,8,168.291259765625,0.1084376150165624,0.012104392051696777,166.21810913085938,28.864266753196716,3.670154534056785,4.745765812695026,0.4154517651282251,False
1.3.6.1.4.1.14519.5.2.1.6279.6001.675543413149938600000570588203,0.6228941337300471,0.22864608466625214,22.3262939453125,5.134945392608643,0.18198284506797793,0.18838512897491455,0.04878768685791227,2,8,22.0,0.31321619556913677,0.2504328787326813,188.97119140625,44.160438537597656,2.4662880802154543,4.870647430419922,0.46367623993156504,35,8,186.9451904296875,-0.3096779381609103,0.021786794066429138,166.6448974609375,39.025493144989014,2.2843052351474764,4.682262301445007,0.41488855307365274,False
1.3.6.1.4.1.14519.5.2.1.6279.6001.449254134266555649028108149727,0.6304054054054054,0.228145569562912,9.088653564453125,1.8194630146026611,0.1309978711605072,0.18361561000347137,0.022165441291862063,5,8,2.0,0.6137649277184161,0.23462550342082977,181.80908203125,36.73199462890625,3.0354583716392516,3.4873366355895996,0.43703032338089415,35,8,181.6067657470703,-0.016640477686989286,0.006479933857917786,172.72042846679688,34.91253161430359,2.9044605004787445,3.3037210255861282,0.4148648820890321,False
1.3.6.1.4.1.14519.5.2.1.6279.6001.100398138793540579077826395208,0.5745213812846663,0.22769974172115326,4.2422943115234375,1.163778305053711,0.1047870022058487,0.14821794629096985,0.01174658381872707,1,8,0.0,0.5750760422258007,0.22065278887748718,180.38906860351562,30.567916870117188,2.675877788066864,3.855635166168213,0.42629313695960575,35,8,180.09278869628906,0.0005546609411343217,-0.007046952843666077,176.1467742919922,29.404138565063477,2.5710907858610152,3.707417219877243,0.4145465531408787,False
1.3.6.1.4.1.14519.5.2.1.6279.6001.163994693532965040247348251579,0.596718636693256,0.23390914499759674,5.6859130859375,1.2284075021743774,0.11511756710708142,0.15650290250778198,0.014732064525038006,1,8,0.0,0.6083031182015953,0.23622769117355347,172.5498046875,31.381696701049805,4.26771808624267,5.129763603210449,0.429153064643012,35,8,171.62905883789062,0.01158448150833935,0.002318546175956726,166.8638916015625,30.153289198875427,4.152600519135589,4.973260700702667,0.414421000117974,False
1.3.6.1.4.1.14519.5.2.1.6279.6001.252814707117018427472206147014,0.6318833111464193,0.23665784299373627,42.957122802734375,10.049556732177734,0.44215049147605806,0.4756089448928833,0.09673842179112961,2,8,41.0,0.570003292251757,0.24808263778686523,205.62266540527344,46.21953582763672,3.5412381649017117,44.25260925292969,0.5109658733473876,35,8,205.01109313964844,-0.061880018894662214,0.011424794793128967,162.66554260253906,36.169979095458984,3.099087673425654,43.777000308036804,0.414227451556258,False
1.3.6.1.4.1.14519.5.2.1.6279.6001.154677396354641150280013275227,0.5557897586633663,0.2433014065027237,4.3269195556640625,1.1474689245224,0.11131467945873734,0.15982486307621002,0.012129603847778505,1,8,0.0,0.46911741955445546,0.25100183486938477,165.86228942871094,31.37645721435547,4.373919858932493,11.690320014953613,0.42571042540868115,35,8,163.30352783203125,-0.08667233910891087,0.007700428366661072,161.53536987304688,30.22898828983307,4.262605179473756,11.530495151877403,0.41358082156090265,False
1.3.6.1.4.1.14519.5.2.1.6279.6001.885168397833922082085837240429,0.5919543870763383,0.23404309153556824,5.193756103515625,1.2884836196899414,0.09946107961237431,0.15887627005577087,0.01330459147286084,5,8,1.0,0.5211593284764017,0.241188645362854,177.39059448242188,34.321746826171875,2.9825833249092106,4.367868423461914,0.42670045523908406,35,8,176.7718505859375,-0.07079505859993662,0.007145553827285767,172.19683837890625,33.033263206481934,2.8831222452968364,4.208992153406143,0.4133958637662232,False
1.3.6.1.4.1.14519.5.2.1.6279.6001.162845309248822193437735868939,0.5777102654301247,0.2314467579126358,5.090911865234375,1.2042558193206787,0.1091816409677267,0.15511204302310944,0.013664628087894783,1,8,0.0,0.5425194542159685,0.24251486361026764,168.98532104492188,30.99534034729004,4.058011837005614,10.458499908447266,0.4269343261082966,35,8,145.31936645507812,-0.03519081121415624,0.011068105697631836,163.8944091796875,29.79108452796936,3.948830196037887,10.303387865424156,0.41326969802040187,False
1.3.6.1.4.1.14519.5.2.1.6279.6001.228934821089041845791238006047,0.5412995323652473,0.24738846719264984,1.9781646728515625,0.5437993407249451,0.03904899265617133,0.05351924151182175,0.005217570356403788,1,8,0.0,0.5629337927639675,0.2341126650571823,154.13323974609375,14.447948455810547,5.210980000495941,50.01844024658203,0.4183408718691941,35,8,65.75104522705078,0.021634260398720184,-0.01327580213546753,152.1550750732422,13.904149115085602,5.17193100783977,49.96492100507021,0.4131233015127903,False
1.3.6.1.4.1.14519.5.2.1.6279.6001.188059920088313909273628445208,0.3251618717041586,0.18299351632595062,28.498558044433594,5.223719596862793,0.49467217773199057,0.5459356904029846,0.09017069352253233,2,8,27.0,0.35514985648488084,0.22941094636917114,209.43211364746094,43.34237289428711,2.865929024219512,6.31045389175415,0.5031178946998384,35,8,208.0935821533203,0.029987984780722232,0.04641743004322052,180.93355560302734,38.118653297424316,2.3712568464875217,5.764518201351166,0.41294720117730604,False
1.3.6.1.4.1.14519.5.2.1.6279.6001.306520140119968755187868602181,0.5799612403100776,0.22342708706855774,13.134750366210938,3.212657928466797,0.15914655432105068,0.17820321023464203,0.02962606000718143,15,8,13.0,0.5013953488372093,0.22621580958366394,169.6133270263672,33.86711120605469,3.3407531023025516,14.313252449035645,0.44234801522890727,35,8,166.664794921875,-0.0785658914728683,0.002788722515106201,156.47857666015625,30.65445327758789,3.181606547981501,14.135049238801003,0.41272195522172583,False
1.3.6.1.4.1.14519.5.2.1.6279.6001.803987517543436570820681016103,0.6725580452782121,0.24065333604812622,96.64112854003906,21.30689239501953,0.787351245880127,0.8210563659667969,0.21185367980533176,2,8,95.0,0.5864020612587575,0.2534004747867584,239.589599609375,40.245811462402344,6.1234290933609,20.56534767150879,0.6241764420350392,35,8,216.5034637451172,-0.08615598401945457,0.012747138738632202,142.94847106933594,18.938919067382812,5.336077847480773,19.744291305541992,0.41232276222970743,False
1.3.6.1.4.1.14519.5.2.1.6279.6001.285926554490515269336267972830,0.5713783275726154,0.2303456962108612,38.45222473144531,7.079006195068359,1.1178259778022774,2.0465986728668213,0.10509498415788016,20,8,30.0,0.6034685586077254,0.21912699937820435,215.12940979003906,42.87138366699219,2.8574950599670417,3.1006083488464355,0.5160872226079305,35,8,214.94850158691406,0.032090231035109995,-0.01121869683265686,176.67718505859375,35.79237747192383,1.7396690821647642,1.0540096759796143,0.41099223845005034,False
1.3.6.1.4.1.14519.5.2.1.6279.6001.458525794434429386945463560826,0.2650827161734973,0.23659802973270416,6.33856201171875,1.5849512815475464,0.1349839389324188,0.1959344893693924,0.06558113204776247,1,8,0.0,0.611686382270478,0.20995695888996124,207.36668395996094,47.31998062133789,2.6056380271911617,3.9166312217712402,0.47623431364695223,35,8,207.0817413330078,0.3466036660969807,-0.02664107084274292,201.0281219482422,45.735029339790344,2.4706540882587427,3.720696732401848,0.41065318159918973,False
1.3.6.1.4.1.14519.5.2.1.6279.6001.294188507421106424248264912111,0.4885303711540157,0.23981152474880219,29.948028564453125,5.529445648193359,0.6909475207328797,0.8547523021697998,0.08275500897566479,3,8,25.0,0.5802345058626466,0.25512540340423584,202.62396240234375,51.46821594238281,3.113418073654175,8.995369911193848,0.49279907829496594,35,8,202.14096069335938,0.09170413470863087,0.015313878655433655,172.67593383789062,45.93877029418945,2.422470552921295,8.140617609024048,0.41004406931930115,False
1.3.6.1.4.1.14519.5.2.1.6279.6001.145474881373882284343459153872,0.5179299859081806,0.2447870373725891,5.762664794921875,1.6151340007781982,0.14446645006537437,0.19885292649269104,0.016225981620450813,5,8,0.0,0.6555662686345769,0.24316637217998505,144.12628173828125,27.006637573242188,4.828924598693849,26.335052490234375,0.4261322592417399,35,8,129.2230987548828,0.13763628272639628,-0.001620665192604065,138.36361694335938,25.39150357246399,4.684458148628474,26.136199563741684,0.4099062776212891,False
1.3.6.1.4.1.14519.5.2.1.6279.6001.129650136453746261130135157590,0.5558620361673543,0.21686719357967377,61.47296142578125,12.779253005981445,0.8728913211822505,0.9460079669952393,0.14517940418455333,10,8,60.0,0.5530918213270875,0.2264377921819687,189.55210876464844,35.31148910522461,6.554806022644043,31.086280822753906,0.5547628398047553,35,8,119.31427001953125,-0.002770214840266849,0.009570598602294922,128.0791473388672,22.532236099243164,5.681914701461793,30.140272855758667,0.40958343562020194,False
1.3.6.1.4.1.14519.5.2.1.6279.6001.306558074682524259000586270818,0.6034476784476784,0.2231128215789795,3.2259292602539062,0.877714991569519,0.07355835631489752,0.1074337512254715,0.0087313009419375,5,8,0.0,0.6389119889119889,0.2293948233127594,144.892578125,33.33304214477539,5.141314663887019,12.263360977172852,0.4182620381832121,35,8,135.8671875,0.03546431046431042,0.006282001733779907,141.6666488647461,32.45532715320587,5.067756307572121,12.15592722594738,0.4095307372412746,False
1.3.6.1.4.1.14519.5.2.1.6279.6001.287560874054243719452635194040,0.6396200814111261,0.22227400541305542,4.93646240234375,1.177593469619751,0.10515551388263707,0.1442261040210724,0.01313020340535376,1,8,0.0,0.6432202623247399,0.22617891430854797,141.5399627685547,19.736478805541992,4.959275350570687,14.950763702392578,0.42262926522360933,35,8,137.2025909423828,0.003600180913613804,0.0039049088954925537,136.60350036621094,18.55888533592224,4.85411983668805,14.806537598371506,0.40949906181825557,False
1.3.6.1.4.1.14519.5.2.1.6279.6001.888291896309937415860209787179,0.6014501193873392,0.2338552623987198,70.77079010009766,15.802690505981445,0.7498620641231537,0.7976545691490173,0.16197993683417639,10,8,69.0,0.6354755110360492,0.24356001615524292,229.976318359375,41.41329574584961,4.8603619766235315,61.22441482543945,0.569909022479587,35,8,217.52908325195312,0.03402539164870999,0.009704753756523132,159.20552825927734,25.610605239868164,4.110499912500378,60.426760256290436,0.4079290856454106,False
1.3.6.1.4.1.14519.5.2.1.6279.6001.139595277234735528205899724196,0.5617674892625756,0.227505624294281,3.931793212890625,1.0912307500839233,0.08675548195838931,0.12814892828464508,0.010587979914082422,5,8,0.0,0.5763849457669069,0.23972320556640625,166.15597534179688,34.02643585205078,3.8876425170898474,11.750429153442383,0.41803214950561535,35,8,159.64276123046875,0.014617456504331328,0.012217581272125244,162.22418212890625,32.93520510196686,3.800887035131458,11.622280225157738,0.4074441695915329,False
1.3.6.1.4.1.14519.5.2.1.6279.6001.631047517458234322522264161877,0.6689134646432031,0.24722181260585785,5.381103515625,1.2092602252960205,0.09270497538149354,0.12523499131202698,0.013600376824455128,1,8,0.0,0.5673232160154988,0.25043174624443054,150.7056884765625,24.937898635864258,3.71392784595489,9.575972557067871,0.4197611462646059,35,8,140.95669555664062,-0.10159024862770427,0.003209933638572693,145.3245849609375,23.728638410568237,3.6212228705733964,9.450737565755844,0.4061607694401508,False
1.3.6.1.4.1.14519.5.2.1.6279.6001.286422846896797433168187085942,0.3475567023445464,0.2245255708694458,6.2504425048828125,1.71510648727417,0.1421706420183181,0.2005786895751953,0.018367794277121322,1,8,0.0,0.2719004841997961,0.23784524202346802,138.3365020751953,23.738845825195312,3.450246779918657,7.38506555557251,0.42406828565816573,35,8,131.184326171875,-0.07565621814475026,0.013319671154022217,132.0860595703125,22.023739337921143,3.308076137900339,7.1844868659973145,0.4057004913810444,False
1.3.6.1.4.1.14519.5.2.1.6279.6001.338104567770715523699587505022,0.5696858174879029,0.23784343898296356,96.10348510742188,20.65499496459961,1.0304197931289671,1.0614007711410522,0.21715197410053674,2,8,93.0,0.4731138826415866,0.2483799010515213,232.08383178710938,40.5518913269043,7.141096973419161,42.709571838378906,0.6201451919343728,35,8,208.40289306640625,-0.09657193484631632,0.01053646206855774,135.9803466796875,19.896896362304688,6.110677180290194,41.648171067237854,0.402993217833836,False
1.3.6.1.4.1.14519.5.2.1.6279.6001.478062284228419671253422844986,0.6663676371022342,0.24083968997001648,4.118476867675781,0.9226970076560974,0.07717647425830364,0.10583963990211487,0.010489051754358741,1,8,0.0,0.28649289099526065,0.2442946881055832,148.24139404296875,32.15233612060547,2.090170075893402,3.8898890018463135,0.4130059397775881,35,8,144.54246520996094,-0.3798747461069736,0.0034549981355667114,144.12291717529297,31.22963911294937,2.0129936016350984,3.7840493619441986,0.4025168880232294,False
1.3.6.1.4.1.14519.5.2.1.6279.6001.227968442353440630355230778531,0.3777134847613571,0.25900179147720337,6.2027435302734375,1.7008039951324463,0.15769863694906233,0.21053580939769745,0.017650878334376546,1,8,0.0,0.48725920069005174,0.26192381978034973,147.31369018554688,30.061548233032227,4.5272144603729245,15.039783477783203,0.42003504393895463,35,8,137.00982666015625,0.10954571592869466,0.0029220283031463623,141.11094665527344,28.36074423789978,4.369515823423862,14.829247668385506,0.40238416560457807,False
1.3.6.1.4.1.14519.5.2.1.6279.6001.172845185165807139298420209778,0.5083090875730649,0.2363922894001007,6.0119171142578125,1.3449609279632568,0.09481576338410382,0.13302023708820343,0.014955362389319472,5,8,1.0,0.4278655867473985,0.2394382208585739,162.42437744140625,31.901247024536133,3.746671369075776,6.832786560058594,0.4171682371483909,35,8,162.08859252929688,-0.08044350082566643,0.0030459314584732056,156.41246032714844,30.556286096572876,3.651855605691672,6.69976632297039,0.4022128747590714,False
1.3.6.1.4.1.14519.5.2.1.6279.6001.257840703452266097926250569223,0.6781627983000981,0.22511222958564758,29.73522186279297,6.557654857635498,0.3045336520671844,0.32268011569976807,0.06682949736515681,2,8,29.0,0.6561149249936435,0.23238974809646606,206.22308349609375,39.223690032958984,3.089542026519774,5.730777263641357,0.46864488786061603,35,8,205.38583374023438,-0.022047873306454524,0.0072775185108184814,176.48786163330078,32.666035175323486,2.7850083744525898,5.408097147941589,0.4018153904954592,False
1.3.6.1.4.1.14519.5.2.1.6279.6001.234400932423244218697302970157,0.398975042279506,0.19871942698955536,4.3571319580078125,1.2828387022018433,0.0835734623670578,0.11146372556686401,0.012253764557176172,5,8,0.0,0.5185466099523395,0.19233481585979462,184.00376892089844,39.00035858154297,2.1280801105499267,3.6786158084869385,0.413874107325077,35,8,183.8096923828125,0.1195715676728335,-0.006384611129760742,179.64663696289062,37.717519879341125,2.044506648182869,3.5671520829200745,0.4016203427679008,False
1.3.6.1.4.1.14519.5.2.1.6279.6001.323426705628838942177546503237,0.5175452196382428,0.2287886142730713,3.617279052734375,1.0114357471466064,0.07682590477168558,0.1035006046295166,0.009786269900947808,1,8,0.0,0.5312919896640826,0.23123924434185028,155.47830200195312,19.270191192626953,4.321424198150613,30.520835876464844,0.41139528687794935,35,8,129.3675537109375,0.013746770025839794,0.0024506300687789917,151.86102294921875,18.258755445480347,4.244598293378927,30.417335271835327,0.4016090169770015,False
1.3.6.1.4.1.14519.5.2.1.6279.6001.152684536713461901635595118048,0.4785570854847963,0.2261836677789688,5.768585205078125,1.5111315250396729,0.1281161515414714,0.18483799695968628,0.01573243945058849,5,8,0.0,0.6438611589213998,0.2135223001241684,172.24655151367188,38.34318542480469,3.3291261458396733,7.895936489105225,0.4156432490799156,35,8,165.10231018066406,0.16530407343660353,-0.012661367654800415,166.47796630859375,36.832053899765015,3.201009994298202,7.711098492145538,0.3999108096293271,False
1.3.6.1.4.1.14519.5.2.1.6279.6001.139258777898746693365877042411,0.6427462111069459,0.24855197966098785,3.313232421875,0.8954014778137207,0.07862570241093635,0.11338785290718079,0.009028930173814297,1,8,0.0,0.6274121280279905,0.24976880848407745,149.88214111328125,30.429285049438477,4.292891693115233,12.628691673278809,0.4088863355848524,35,8,133.58712768554688,-0.01533408307895534,0.0012168288230895996,146.56890869140625,29.533883571624756,4.2142659907042965,12.515303820371628,0.3998574054110381,False
1.3.6.1.4.1.14519.5.2.1.6279.6001.219281726101239572270900838145,0.5787213371752834,0.20322109758853912,1.8665771484375,0.4870305359363556,0.037359457314014445,0.05587939918041229,0.004907260901066992,5,8,0.0,0.4833239492597622,0.21048256754875183,156.76492309570312,29.10524559020996,3.4880991697311403,6.318081378936768,0.4046791511376699,35,8,153.12136840820312,-0.09539738791552121,0.0072614699602127075,154.89834594726562,28.618215054273605,3.4507397124171257,6.262201979756355,0.3997718902366029,False
1.3.6.1.4.1.14519.5.2.1.6279.6001.174168737938619557573021395302,0.301319559825664,0.23238582909107208,2.006877899169922,0.4945642054080963,0.02142004370689391,0.030785901471972466,0.03244005479044086,1,8,0.0,0.538744010209733,0.2152768224477768,187.95962524414062,34.397422790527344,2.860355405807495,15.723150253295898,0.4321309161822001,35,8,183.85784912109375,0.23742445038406895,-0.017109006643295288,185.9527473449707,33.90285858511925,2.838935362100601,15.692364351823926,0.39969086139175924,False
1.3.6.1.4.1.14519.5.2.1.6279.6001.980362852713685276785310240144,0.5289625850340136,0.23459596931934357,2.5530471801757812,0.7235506176948547,0.060947854220867174,0.0829903706908226,0.007099692722492749,5,8,0.0,0.4463095238095238,0.23190250992774963,151.53326416015625,27.787864685058594,4.758858256340028,8.818514823913574,0.40574776753849456,35,8,147.28448486328125,-0.08265306122448979,-0.002693459391593933,148.98021697998047,27.06431406736374,4.697910402119161,8.735524453222752,0.39864807481600184,False
1.3.6.1.4.1.14519.5.2.1.6279.6001.115386642382564804180764325545,0.611249926509495,0.250156968832016,2.332183837890625,0.6450245380401611,0.0498063739389181,0.07143653929233551,0.006215844149804777,1,8,0.0,0.6135134340643189,0.24287329614162445,164.66098022460938,38.777488708496094,2.5962470412254333,3.397197723388672,0.4031041665739483,35,8,164.13975524902344,0.0022635075548239625,-0.0072836726903915405,162.32879638671875,38.13246417045593,2.546440667286515,3.3257611840963364,0.39688832242414357,False
1.3.6.1.4.1.14519.5.2.1.6279.6001.338447145504282422142824032832,0.5996948281400578,0.2262483537197113,3.2424087524414062,0.7356763482093811,0.06406123064458369,0.09008313715457916,0.008287470327566066,1,8,0.0,0.6477192418888532,0.2363738864660263,182.90589904785156,35.318058013916016,2.1879389071464534,14.100358009338379,0.4051415148231718,35,8,169.53952026367188,0.0480244137487954,0.010125532746315002,179.66349029541016,34.582381665706635,2.12387767650187,14.0102748721838,0.39685404449560574,False
1.3.6.1.4.1.14519.5.2.1.6279.6001.466284753932369813717081722101,0.537687969924812,0.2566866874694824,5.1432647705078125,1.381541132926941,0.12386991031467914,0.16636024415493011,0.014232133131143118,1,8,0.0,0.652781954887218,0.24239934980869293,151.89935302734375,25.274797439575195,4.155295600891115,5.5659027099609375,0.4110622082604303,35,8,151.07147216796875,0.11509398496240597,-0.01428733766078949,146.75608825683594,23.893256306648254,4.0314256905764365,5.399542465806007,0.39683007512928714,False
1.3.6.1.4.1.14519.5.2.1.6279.6001.334105754605642100456249422350,0.5614379690540164,0.23189562559127808,3.1215667724609375,0.7426615953445435,0.06858074754476548,0.09935916215181351,0.008180578841434584,1,8,0.0,0.6533308625961272,0.23711493611335754,159.42868041992188,39.888797760009766,3.177882051467896,6.036803245544434,0.40471165227890016,35,8,159.0601806640625,0.09189289354211072,0.005219310522079468,156.30711364746094,39.14613616466522,3.1093013039231305,5.93744408339262,0.3965310734374656,False
1.3.6.1.4.1.14519.5.2.1.6279.6001.461155505515403114280165935891,0.5113140676117776,0.22334633767604828,3.593719482421875,0.9724460244178772,0.07256409116089345,0.10466859489679337,0.009451881292379566,1,8,0.0,0.547812159214831,0.2181353121995926,156.98504638671875,36.20745086669922,3.850616168975834,4.695466041564941,0.40585193623436827,35,8,155.11959838867188,0.036498091603053395,-0.0052110254764556885,153.39132690429688,35.23500484228134,3.7780520778149405,4.590797446668148,0.3964000549419887,False
1.3.6.1.4.1.14519.5.2.1.6279.6001.265133389948279331857097127422,0.5489087037529944,0.2291337102651596,4.0761871337890625,1.1529473066329956,0.09876527369022367,0.1384151726961136,0.01137191751996676,5,8,0.0,0.5386944370508384,0.22579871118068695,161.49143981933594,22.03871726989746,2.8656826543807976,25.011098861694336,0.4075964477168189,35,8,149.41830444335938,-0.010214266702155972,-0.0033349990844726562,157.41525268554688,20.885769963264465,2.766917380690574,24.872683688998222,0.39622453019685216,False
1.3.6.1.4.1.14519.5.2.1.6279.6001.979083010707182900091062408058,0.5930765557854528,0.2209363728761673,3.3080520629882812,0.906900942325592,0.0760509692132473,0.10280093550682068,0.009059522252115938,1,8,0.0,0.6133694095177463,0.2218930721282959,152.38113403320312,27.246328353881836,3.739937167167663,4.744805335998535,0.40472781031396654,35,8,151.9137420654297,0.020292853732293503,0.0009566992521286011,149.07308197021484,26.339427411556244,3.6638861979544157,4.6420044004917145,0.3956682880618506,False
1.3.6.1.4.1.14519.5.2.1.6279.6001.137375498893536422914241295628,0.6550525686381982,0.23587320744991302,3.6440353393554688,0.8447170257568359,0.06637521088123322,0.09251397848129272,0.009346395052141614,1,8,0.0,0.6559993024066969,0.23145996034145355,174.285888671875,36.59341049194336,2.3540205359458923,13.202094078063965,0.40500560634666016,35,8,167.06741333007812,0.000946733768498742,-0.004413247108459473,170.64185333251953,35.74869346618652,2.287645325064659,13.109580099582672,0.39565921129451853,False
1.3.6.1.4.1.14519.5.2.1.6279.6001.232071262560365924176679652948,0.5452385026331299,0.2275266796350479,4.096771240234375,1.0956519842147827,0.09794540628790854,0.13577276468276978,0.011282043020758362,1,8,0.0,0.47434361869997527,0.23336026072502136,151.882080078125,25.78447151184082,4.239151077270466,24.995405197143555,0.4067198098076702,35,8,130.17247009277344,-0.07089488393315463,0.00583358108997345,147.78530883789062,24.688819527626038,4.141205670982558,24.859632432460785,0.39543776678691184,False
1.3.6.1.4.1.14519.5.2.1.6279.6001.314789075871001236641548593165,0.2588353413654618,0.2510070502758026,6.1072540283203125,1.6292580366134644,0.14089639887213706,0.1950768232345581,0.06900990072818014,1,8,0.0,0.6095046854082998,0.22675774991512299,198.63682556152344,33.511749267578125,2.991925215721128,5.9973320960998535,0.4639520627392662,35,8,197.4069366455078,0.350669344042838,-0.024249300360679626,192.52957153320312,31.88249123096466,2.8510288168489906,5.802255272865295,0.39494216201108606,False
1.3.6.1.4.1.14519.5.2.1.6279.6001.238042459915048190592571019348,0.2634198074726709,0.21941383183002472,5.5372467041015625,1.4873051643371582,0.11876779556274414,0.16515865921974182,0.06446954430388373,5,8,0.0,0.3984064828411378,0.2267327904701233,194.7738037109375,24.59317970275879,3.5657669878005978,25.120779037475586,0.45890859550370106,35,8,188.91131591796875,0.13498667536846687,0.007318958640098572,189.23655700683594,23.10587453842163,3.4469991922378536,24.955620378255844,0.3944390511998173,False
1.3.6.1.4.1.14519.5.2.1.6279.6001.323541312620128092852212458228,0.37912991970514676,0.22419899702072144,2.2012100219726562,0.6019777655601501,0.04748113173991442,0.06616344302892685,0.005894010430201889,1,8,0.0,0.572002106094511,0.22045177221298218,142.49844360351562,23.487226486206055,4.011282801628113,5.169618606567383,0.3987713597880469,35,8,141.3817596435547,0.1928721863893642,-0.003747224807739258,140.29723358154297,22.885248720645905,3.9638016698881984,5.103455163538456,0.392877349357845,False
1.3.6.1.4.1.14519.5.2.1.6279.6001.242761658169703141430370511586,0.2515282051282051,0.23238089680671692,25.222572326660156,5.980450630187988,0.3755230784416198,0.391323447227478,0.11802768153896843,1,8,0.0,0.5287521367521367,0.24174754321575165,209.50732421875,40.129600524902344,3.5352715396881087,6.833137035369873,0.5108065838601853,35,8,208.66757202148438,0.2772239316239316,0.009366646409034729,184.28475189208984,34.149149894714355,3.159748461246489,6.441813588142395,0.39277890232121687,False
1.3.6.1.4.1.14519.5.2.1.6279.6001.153646219551578201092527860224,0.5298764868497806,0.21824508905410767,3.021636962890625,0.7087857127189636,0.05214293733239173,0.07049136608839035,0.007683233268227841,1,8,0.0,0.5290395394252961,0.21926884353160858,168.6195526123047,35.92339324951172,3.2199223494529705,3.8901801109313965,0.3992236317873,35,8,168.2553253173828,-0.0008369474244844799,0.0010237544775009155,165.59791564941406,35.214607536792755,3.167779412120579,3.819688744843006,0.3915403985190722,False
1.3.6.1.4.1.14519.5.2.1.6279.6001.614147706162329660656328811671,0.5522747020854022,0.23364779353141785,3.2217254638671875,0.7171809077262878,0.06171514026820659,0.0833754912018776,0.008344140479713678,1,8,0.0,0.5240038480635552,0.23509112000465393,155.39268493652344,37.10374450683594,3.5268617200851433,7.119704246520996,0.39938319416575957,35,8,150.11676025390625,-0.028270854021847036,0.001443326473236084,152.17095947265625,36.38656359910965,3.4651465798169365,7.0363287553191185,0.3910390536860459,False
1.3.6.1.4.1.14519.5.2.1.6279.6001.277662902666135640561346462196,0.4714556277056277,0.23582611978054047,5.4778594970703125,1.5354944467544556,0.1193958529829978,0.1604290008544922,0.014868758943676945,1,8,0.0,0.593560606060606,0.23114445805549622,146.69293212890625,37.47110366821289,3.7998337578773493,6.929891586303711,0.4056721655819151,35,8,141.2312774658203,0.1221049783549783,-0.0046816617250442505,141.21507263183594,35.935609221458435,3.6804379048943514,6.769462585449219,0.39080340663823815,False
1.3.6.1.4.1.14519.5.2.1.6279.6001.463588161905537526756964393219,0.5701970443349754,0.22633181512355804,57.171112060546875,11.769859313964844,1.6519887089729306,6.259814262390137,0.1544063189162148,20,8,51.0,0.5063206317009562,0.2278212457895279,200.93252563476562,40.89378356933594,6.460029172897334,21.846532821655273,0.5449366536140441,35,8,176.29092407226562,-0.06387641263401922,0.0014894306659698486,143.76141357421875,29.123924255371094,4.808040463924404,15.586718559265137,0.3905303346978293,False
1.3.6.1.4.1.14519.5.2.1.6279.6001.305858704835252413616501469037,0.3776130314591853,0.2310253530740738,16.891460418701172,3.8062939643859863,0.21263182759284957,0.2296781688928604,0.04002828549676471,2,8,12.0,0.5789563866486943,0.23261719942092896,195.6044921875,34.48658752441406,2.5605186033248892,9.702872276306152,0.43028722083303655,35,8,193.1748809814453,0.20134335518950902,0.0015918463468551636,178.71303176879883,30.680293560028076,2.34788677573204,9.473194107413292,0.3902589353362719,False
1.3.6.1.4.1.14519.5.2.1.6279.6001.193408384740507320589857096592,0.5814552734336287,0.2443423867225647,3.6720123291015625,0.9833066463470459,0.08352391049265862,0.11855456978082657,0.009917608271870347,5,8,0.0,0.5903946403440963,0.2470805048942566,140.4314727783203,23.497650146484375,4.806585788726807,9.983816146850586,0.3995438252555,35,8,137.31036376953125,0.008939366910467594,0.0027381181716918945,136.75946044921875,22.51434350013733,4.723061878234148,9.86526157706976,0.38962621698362965,False
1.3.6.1.4.1.14519.5.2.1.6279.6001.173556680294801532247454313511,0.3491638795986622,0.2465808391571045,6.1011962890625,1.4461455345153809,0.1355017904937267,0.18398767709732056,0.016941045048581255,1,8,0.0,0.5982534373838722,0.23587878048419952,132.39395141601562,25.73430824279785,4.937608318328827,33.45892333984375,0.40590553565555054,35,8,100.7879638671875,0.24908955778520997,-0.010702058672904968,126.29275512695312,24.28816270828247,4.8021065278351,33.27493566274643,0.3889644906069693,False
1.3.6.1.4.1.14519.5.2.1.6279.6001.226383054119800793308721198594,0.6039453978964764,0.26432228088378906,4.1743011474609375,1.1483694314956665,0.10108283609151843,0.13399571180343628,0.011615533002548748,1,8,0.0,0.5646635567107913,0.26359447836875916,149.64532470703125,28.126096725463867,3.6352815437317147,46.40782928466797,0.39993029961056253,35,8,148.58436584472656,-0.03928184118568512,-0.0007278025150299072,145.4710235595703,26.9777272939682,3.534198707640196,46.27383357286453,0.3883147666080138,False
1.3.6.1.4.1.14519.5.2.1.6279.6001.669435869708883155232318480131,0.606949646275489,0.24331948161125183,2.9281234741210938,0.7117272019386292,0.08505475409328937,0.12171655893325806,0.008615238897916343,1,8,0.0,0.5590928006658343,0.25477534532546997,141.32525634765625,26.285770416259766,4.590936970710753,5.865212917327881,0.39662142517831583,35,8,139.88699340820312,-0.04785684560965464,0.01145586371421814,138.39713287353516,25.574043214321136,4.505882216617463,5.743496358394623,0.3880061862803995,False
1.3.6.1.4.1.14519.5.2.1.6279.6001.225515255547637437801620523312,0.5250502739061091,0.22818657755851746,5.296722412109375,1.101948618888855,0.08938507080078119,0.12682461738586426,0.01316146077579922,2,8,4.0,0.22621524166146592,0.24857428669929504,122.43162536621094,26.87076187133789,3.5728670954704267,6.4945597648620605,0.40101872039552894,35,8,121.1439208984375,-0.29883503224464325,0.020387709140777588,117.13490295410156,25.768813252449036,3.4834820246696454,6.367735147476196,0.3878572596197297,False
1.3.6.1.4.1.14519.5.2.1.6279.6001.121108220866971173712229588402,0.5924865172679463,0.22472693026065826,6.61376953125,1.804113507270813,0.1444912448525429,0.20234841108322144,0.01772788195312023,1,8,0.0,0.6027534921113455,0.21757876873016357,167.31146240234375,37.80998992919922,2.727502703666685,5.20987606048584,0.40507254984643715,35,8,166.64857482910156,0.010266974843399224,-0.00714816153049469,160.69769287109375,36.005876421928406,2.5830114588141417,5.007527649402618,0.3873446678933169,False
1.3.6.1.4.1.14519.5.2.1.6279.6001.145283812746259413053188838096,0.5552004823635815,0.23840612173080444,20.43122100830078,4.535281181335449,0.19698557183146478,0.40822499990463257,0.04769635334031449,10,8,19.0,0.5600994874886946,0.22758693993091583,185.45654296875,28.538476943969727,3.059352140426636,16.152326583862305,0.43432497788535224,35,8,183.22674560546875,0.004899005125113098,-0.01081918179988861,165.02532196044922,24.003195762634277,2.8623665685951716,15.744101583957672,0.38662862454503777,False
1.3.6.1.4.1.14519.5.2.1.6279.6001.121805476976020513950614465787,0.29986623450120903,0.2329401969909668,6.593109130859375,1.787017583847046,0.13910062223672867,0.19064940512180328,0.04650496166437986,5,8,0.0,0.5307017543859649,0.22650404274463654,157.00762939453125,23.892053604125977,4.722789983749384,8.5567626953125,0.43281455380121847,35,8,155.69570922851562,0.23083551988475587,-0.006436154246330261,150.41452026367188,22.10503602027893,4.583689361512655,8.366113290190697,0.38630959213683863,False
1.3.6.1.4.1.14519.5.2.1.6279.6001.164790817284381538042494285101,0.5665408168795274,0.23670530319213867,3.672943115234375,1.0576083660125732,0.09338814765214921,0.12838298082351685,0.010355928763747215,5,8,0.0,0.5621691926946908,0.23246969282627106,140.05242919921875,26.074050903320312,4.370266113281251,14.570743560791016,0.39656281187269427,35,8,139.54400634765625,-0.004371624184836609,-0.004235610365867615,136.37948608398438,25.01644253730774,4.276877965629102,14.442360579967499,0.3862068831089471,False
1.3.6.1.4.1.14519.5.2.1.6279.6001.483655032093002252444764787700,0.5635921156055385,0.22879278659820557,2.2157020568847656,0.486111581325531,0.04097873587161302,0.0567704513669014,0.0055903914759142526,1,8,0.0,0.636178124433158,0.23603706061840057,140.42723083496094,24.328683853149414,4.362924218177787,22.78795051574707,0.39151401082674636,35,8,97.74468231201172,0.07258600882761956,0.007244274020195007,138.21152877807617,23.842572271823883,4.321945482306174,22.73118006438017,0.3859236193508321,False
1.3.6.1.4.1.14519.5.2.1.6279.6001.135657246677982059395844827629,0.45119363395225465,0.23101039230823517,6.3275299072265625,1.716852068901062,0.13867658302187919,0.19539761543273926,0.016962682449983224,1,8,0.0,0.6322983304727726,0.23039527237415314,165.9862518310547,34.48967361450195,3.1794423198699957,15.864753723144531,0.40279481524361505,35,8,151.99789428710938,0.18110469652051797,-0.0006151199340820312,159.65872192382812,32.77282154560089,3.0407657368481167,15.669356107711792,0.3858321327936318,False
1.3.6.1.4.1.14519.5.2.1.6279.6001.170706757615202213033480003264,0.4913278323652353,0.22413958609104156,22.226913452148438,5.373157501220703,0.20148866444826125,0.2055322378873825,0.04979975361393558,3,8,21.0,0.5867352478149938,0.21714192628860474,171.326416015625,41.62073516845703,2.8261404252052307,8.96596622467041,0.4353619571341409,35,8,151.39816284179688,0.09540741544975845,-0.006997659802436829,149.09950256347656,36.24757766723633,2.6246517607569695,8.760433986783028,0.3855622035202053,False
1.3.6.1.4.1.14519.5.2.1.6279.6001.486999111981013268988489262668,0.5894591611479029,0.20973283052444458,2.4191513061523438,0.6529710292816162,0.045557326823472986,0.06463317573070526,0.006238207488424248,1,8,0.0,0.3079470198675497,0.22182956337928772,152.63168334960938,31.134422302246094,2.195164823532105,7.837921619415283,0.39156139704587895,35,8,142.9833221435547,-0.2815121412803532,0.01209673285484314,150.21253204345703,30.481451272964478,2.149607496708632,7.773288443684578,0.3853231895574547,False
1.3.6.1.4.1.14519.5.2.1.6279.6001.244204120220889433826451158706,0.5364688282347194,0.22577999532222748,4.96954345703125,1.0333538055419922,0.07849639095366003,0.11673137545585632,0.012009031538748079,2,8,4.0,0.492810038468584,0.23492635786533356,148.90184020996094,32.272438049316406,4.214675669670106,28.39242935180664,0.39693912864791026,35,8,80.17484283447266,-0.04365878976613541,0.009146362543106079,143.9322967529297,31.239084243774414,4.136179278716446,28.275697976350784,0.38493009710916215,False
1.3.6.1.4.1.14519.5.2.1.6279.6001.168833925301530155818375859047,0.5832541712337109,0.22067952156066895,60.41508483886719,13.816981315612793,0.5789080518484117,0.6712124943733215,0.13307183733317587,5,8,59.0,0.3506028498355864,0.22362874448299408,213.82676696777344,41.889862060546875,4.007333707809458,19.806255340576172,0.5178509231673349,35,8,212.4774169921875,-0.2326513213981245,0.0029492229223251343,153.41168212890625,28.072880744934082,3.4284256559610466,19.13504284620285,0.3847790858341591,False
1.3.6.1.4.1.14519.5.2.1.6279.6001.716498695101447665580610403574,0.5147623019182652,0.23910950124263763,5.6817474365234375,1.5272129774093628,0.1390795692801476,0.20124980807304382,0.015697040115793547,1,8,0.0,0.7212343619683069,0.23206572234630585,144.54588317871094,25.76273536682129,4.504522409439092,8.092001914978027,0.40014891352123705,35,8,140.80172729492188,0.2064720600500417,-0.007043778896331787,138.8641357421875,24.235522389411926,4.365442840158945,7.8907521069049835,0.3844518734054435,False
1.3.6.1.4.1.14519.5.2.1.6279.6001.339882192295517122002429068974,0.5865836466165414,0.2739006280899048,5.414947509765625,1.2466230392456055,0.12409697435796263,0.16988922655582428,0.014683493314931788,1,8,0.0,0.5838619987468672,0.27597513794898987,174.64700317382812,30.129064559936523,2.4386363816261305,3.5946943759918213,0.3990567808442646,35,8,173.82408142089844,-0.0027216478696742152,0.002074509859085083,169.2320556640625,28.882441520690918,2.314539407268168,3.424805149435997,0.3843732875293328,False
1.3.6.1.4.1.14519.5.2.1.6279.6001.202476538079060560282495099956,0.5297131778174432,0.23129567503929138,24.102569580078125,5.21428108215332,0.2842798861861229,0.6562371253967285,0.05509164839883646,10,8,23.0,0.5846617837139164,0.24033667147159576,149.51742553710938,29.02118492126465,5.202225446701042,45.21742630004883,0.43913198497560263,35,8,116.08030700683594,0.05494860589647321,0.009040996432304382,125.41485595703125,23.806903839111328,4.917945560514919,44.5611891746521,0.3840403365767662,False
1.3.6.1.4.1.14519.5.2.1.6279.6001.837810280808122125183730411210,0.5453199515979785,0.2227056473493576,4.444854736328125,1.217732548713684,0.09546892017126084,0.1314057558774948,0.011962584572699334,1,8,0.0,0.5183856502242152,0.21682631969451904,148.39544677734375,27.708637237548828,3.9643177318572937,39.32965087890625,0.395868911329905,35,8,131.8351593017578,-0.026934301373763292,-0.005879327654838562,143.95059204101562,26.490904688835144,3.868848811686033,39.198245123028755,0.38390632675720565,False
1.3.6.1.4.1.14519.5.2.1.6279.6001.198698492013538481395497694975,0.5644834930777423,0.22401092946529388,86.90229797363281,17.515609741210938,1.0275020217895505,1.2068965435028076,0.19816689482794866,3,8,81.0,0.5237220447284345,0.226985365152359,220.3299560546875,44.7932014465332,5.595470185279842,37.134395599365234,0.5817838680638205,35,8,207.4124755859375,-0.04076144834930773,0.0029744356870651245,133.4276580810547,27.277591705322266,4.567968163490291,35.92749905586243,0.38361697323587185,False
1.3.6.1.4.1.14519.5.2.1.6279.6001.241083615484551649610616348856,0.43849754666967455,0.21451012790203094,1.695220947265625,0.42703893780708313,0.039768557436764274,0.05821174010634422,0.004646092607536251,1,8,0.0,0.3620777169928374,0.20462964475154877,175.78036499023438,41.5108528137207,1.8213054871559144,9.560821533203125,0.3880638387547599,35,8,174.57156372070312,-0.07641982967683714,-0.009880483150482178,174.08514404296875,41.08381387591362,1.7815369297191501,9.50260979309678,0.3834177461472237,False
1.3.6.1.4.1.14519.5.2.1.6279.6001.281489753704424911132261151767,0.3535972447488036,0.2378319352865219,18.30111312866211,4.503075122833252,0.41429506540298455,0.46415719389915466,0.04856654197639888,1,8,0.0,0.7185879337618389,0.2350090891122818,177.72108459472656,35.394691467285156,3.066883182525635,3.440810203552246,0.43180932225121393,35,8,177.33273315429688,0.36499068901303533,-0.0028228461742401123,159.41997146606445,30.891616344451904,2.6525881171226504,2.9766530096530914,0.38324278027481506,False
1.3.6.1.4.1.14519.5.2.1.6279.6001.216652640878960522552873394709,0.6659123744538634,0.22199378907680511,2.1991043090820312,0.6368664503097534,0.05391103744506836,0.07472214102745056,0.006133861557642619,5,8,0.0,0.6244495117408484,0.22738750278949738,142.40267944335938,24.218965530395508,3.618998470306391,15.801629066467285,0.38877854175567605,35,8,140.57432556152344,-0.041462862713015025,0.005393713712692261,140.20357513427734,23.582099080085754,3.565087432861323,15.726906925439835,0.38264468019803344,False
1.3.6.1.4.1.14519.5.2.1.6279.6001.397202838387416555106806022938,0.3980220158238734,0.19638890027999878,13.53570556640625,2.3393685817718506,0.25290518879890445,0.5623204112052917,0.036432014601760446,5,8,4.0,0.38809769521843823,0.18960748612880707,181.12232971191406,29.399246215820312,3.1850022292137146,5.0705718994140625,0.41904244265423884,35,8,180.58953857421875,-0.009924320605435188,-0.006781414151191711,167.5866241455078,27.059877634048462,2.93209704041481,4.508251488208771,0.3826104280524784,False
1.3.6.1.4.1.14519.5.2.1.6279.6001.154703816225841204080664115280,0.5494045125381531,0.2266244739294052,12.4520263671875,1.5848636627197266,0.22880408540368058,0.2612476348876953,0.03168701570481061,3,8,11.0,0.6372463941588365,0.23000772297382355,176.04513549804688,42.91222381591797,2.9048727869987463,3.2001960277557373,0.41415571950541596,35,8,175.38980102539062,0.0878418816206834,0.003383249044418335,163.59310913085938,41.32736015319824,2.6760687015950655,2.938948392868042,0.3824687038006054,False
1.3.6.1.4.1.14519.5.2.1.6279.6001.211051626197585058967163339846,0.7177295294035382,0.2366761863231659,3.697052001953125,0.882564902305603,0.10084730364382269,0.1499946415424347,0.010498460723211369,1,8,0.0,0.7267848402209636,0.23325209319591522,154.16822814941406,16.831647872924805,3.8460209846496594,35.565185546875,0.3925295226838854,35,8,132.15724182128906,0.009055310817425388,-0.0034240931272506714,150.47117614746094,15.949082970619202,3.7451736810058365,35.415190905332565,0.38203106196067405,False
1.3.6.1.4.1.14519.5.2.1.6279.6001.215086589927307766627151367533,0.6038051055237729,0.22026653587818146,5.3827667236328125,1.444504737854004,0.11078845754265787,0.1561545729637146,0.01441020242555274,5,8,0.0,0.5701648959184654,0.22330990433692932,155.51390075683594,33.490928649902344,3.415152914524079,5.456623554229736,0.39586551806926723,35,8,154.20773315429688,-0.03364020960530745,0.0030433684587478638,150.13113403320312,32.04642391204834,3.3043644569814212,5.300468981266022,0.3814553156437145,False
1.3.6.1.4.1.14519.5.2.1.6279.6001.186021279664749879526003668137,0.5633333333333334,0.23699021339416504,4.596794128417969,0.8272064924240112,0.12524145916104307,0.22611913084983826,0.012377605593038927,5,8,3.0,0.6401581027667984,0.2317848801612854,161.90945434570312,22.26177215576172,3.7084546566009466,9.597830772399902,0.3936507541338601,35,8,160.5052032470703,0.07682476943346506,-0.005205333232879639,157.31266021728516,21.434565663337708,3.5832131974399037,9.371711641550064,0.38127314854082117,False
1.3.6.1.4.1.14519.5.2.1.6279.6001.221945191226273284587353530424,0.6135262915129152,0.2454332560300827,28.150146484375,6.616506576538086,0.3150141483545306,0.7984104156494141,0.06184904463224941,10,8,27.0,0.6182349323493235,0.24665166437625885,163.1934814453125,30.233219146728516,3.730981373786929,7.7471771240234375,0.44299200818273765,35,8,162.69635009765625,0.004708640836408318,0.0012184083461761475,135.0433349609375,23.61671257019043,3.4159672254323983,6.948766708374023,0.38114296355048827,False
1.3.6.1.4.1.14519.5.2.1.6279.6001.712472578497712558367294720243,0.5343851086771466,0.22464147210121155,3.2136154174804688,0.8599801063537598,0.058390103727579135,0.08336766809225082,0.008220346591704421,1,8,0.0,0.5098348561375632,0.22354848682880402,150.8750762939453,22.496017456054688,3.697828559875492,5.7676167488098145,0.3891338809967042,35,8,149.86544799804688,-0.024550252539583428,-0.0010929852724075317,147.66146087646484,21.636037349700928,3.639438456147913,5.684249080717564,0.3809135344049998,False
1.3.6.1.4.1.14519.5.2.1.6279.6001.776800177074349870648765614630,0.6257195185766614,0.2385806441307068,4.9427337646484375,1.366018295288086,0.1301419420540333,0.18021512031555176,0.014004155381355021,1,8,0.0,0.034742468415937804,0.11294187605381012,43.447784423828125,12.664608001708984,2.820603759288788,10.998726844787598,0.39442072463059696,35,8,28.01739501953125,-0.5909770501607237,-0.12563876807689667,38.50505065917969,11.298589706420898,2.6904618172347545,10.818511724472046,0.38041656924924194,False
1.3.6.1.4.1.14519.5.2.1.6279.6001.313605260055394498989743099991,0.540656940575958,0.2400568127632141,5.140899658203125,1.3779951333999634,0.09817504078149795,0.13428954780101776,0.013461951570709547,1,8,0.0,0.5453931950085277,0.2284015566110611,155.74319458007812,26.447521209716797,3.804252119064342,6.152080535888672,0.39315403375625646,35,8,154.0609588623047,0.004736254432569642,-0.011655256152153015,150.602294921875,25.069526076316833,3.706077078282844,6.017790988087654,0.3796920821855469,False
1.3.6.1.4.1.14519.5.2.1.6279.6001.199171741859530285887752432478,0.5107963525835866,0.2164652794599533,3.6694183349609375,0.7726274132728577,0.058080247789621335,0.0941627249121666,0.008875470908979574,2,8,2.0,0.6051063829787234,0.22026512026786804,156.60235595703125,36.309165954589844,2.4053140401840207,4.055306911468506,0.3859563758903079,35,8,152.96405029296875,0.09431003039513686,0.003799840807914734,152.9329376220703,35.536538541316986,2.3472337923943996,3.9611441865563393,0.37708090498132835,False
1.3.6.1.4.1.14519.5.2.1.6279.6001.114195693932194925962391697338,0.6586096782117415,0.24624937772750854,4.9697265625,1.3520389795303345,0.10923792004585266,0.1486261636018753,0.013441406280464595,1,8,0.0,0.6633750921149595,0.24193623661994934,156.86341857910156,26.633268356323242,2.9785724735260017,10.227453231811523,0.3884212000846863,35,8,155.26425170898438,0.004765413903217941,-0.004313141107559204,151.89369201660156,25.281229376792908,2.869334553480149,10.078827068209648,0.3749797938042217,False
1.3.6.1.4.1.14519.5.2.1.6279.6001.390513733720659266816639651938,0.21254612546125462,0.26483994722366333,7.890838623046875,1.827494740486145,0.19413428664207452,0.2600628137588501,0.1002250224632342,1,8,0.0,0.6219699120068124,0.2411702275276184,186.8065185546875,38.93217468261719,4.414404945373533,6.190988540649414,0.47454064810011104,35,8,181.9473114013672,0.4094237865455578,-0.023669719696044922,178.91567993164062,37.10467994213104,4.220270658731458,5.930925726890564,0.3743156256368768,False
1.3.6.1.4.1.14519.5.2.1.6279.6001.125124219978170516876304987559,0.42349120495573583,0.24212443828582764,122.74336242675781,25.90486717224121,0.9466665387153625,1.0292271375656128,0.2625634500053194,3,8,122.0,0.3731248410882278,0.24504882097244263,231.74940490722656,48.52317428588867,6.519830226898193,73.46195983886719,0.6367548884285821,30,8,111.83151245117188,-0.050366363867508035,0.0029243826866149902,109.00604248046875,22.61830711364746,5.573163688182831,72.43273270130157,0.3741914384232627,False
1.3.6.1.4.1.14519.5.2.1.6279.6001.203425588524695836343069893813,0.5245006016847172,0.22676582634449005,3.4390411376953125,0.9231418967247009,0.0664064174890518,0.09906280785799026,0.00887814746101697,5,8,0.0,0.06386281588447654,0.18415340781211853,62.0557861328125,12.351089477539062,2.9985290741920303,10.698822975158691,0.38225738103594487,35,8,38.046539306640625,-0.46063778580024073,-0.04261241853237152,58.61674499511719,11.427947580814362,2.9321226567029783,10.599760167300701,0.3733792335749279,False
1.3.6.1.4.1.14519.5.2.1.6279.6001.276351267409869539593937734609,0.6538533482977927,0.2395341545343399,4.342529296875,1.2018872499465942,0.10055435851216311,0.13900187611579895,0.011908866776194835,5,8,0.0,0.5950430228208006,0.24871596693992615,142.24362182617188,31.52643585205078,3.4628156232833813,4.022658348083496,0.38481149099667855,25,8,141.0612335205078,-0.058810325476992165,0.009181812405586243,137.90109252929688,30.324548602104187,3.362261264771218,3.883656471967697,0.3729026242204837,False
1.3.6.1.4.1.14519.5.2.1.6279.6001.733642690503782454656013446707,0.44577124759877473,0.22651226818561554,6.364013671875,1.7836072444915771,0.1532237273454666,0.19950361549854279,0.017821678611305024,1,8,0.0,0.5050620424692384,0.23161126673221588,166.2413787841797,36.25004577636719,2.0764435577392577,6.252123832702637,0.3907150520324707,35,8,165.95445251464844,0.059290794870463626,0.005098998546600342,159.8773651123047,34.46643853187561,1.923219830393791,6.052620217204094,0.3728933734211657,False
1.3.6.1.4.1.14519.5.2.1.6279.6001.269689294231892620436462818860,0.6011423908608731,0.24430200457572937,6.1241607666015625,1.4358925819396973,0.09005287587642673,0.13783833384513855,0.014446600996785696,10,8,5.0,0.5763688290493676,0.23705005645751953,164.29637145996094,28.518423080444336,2.5924632835388195,4.780988693237305,0.3873331314298841,35,8,151.49269104003906,-0.024773561811505473,-0.007251948118209839,158.17221069335938,27.08253049850464,2.502410407662393,4.643150359392166,0.37288653043309844,False
1.3.6.1.4.1.14519.5.2.1.6279.6001.286647622786041008124419915089,0.5300665241149917,0.22981640696525574,116.04512023925781,27.58225440979004,1.0465498650074005,1.14874267578125,0.2567794640050994,10,8,114.0,0.6057852221430269,0.2240222841501236,249.5963134765625,40.99988555908203,5.657862887382535,8.113326072692871,0.6292886430369491,35,8,246.43214416503906,0.07571869802803521,-0.005794122815132141,133.5511932373047,13.417631149291992,4.611313022375135,6.964583396911621,0.3725091790318497,False
1.3.6.1.4.1.14519.5.2.1.6279.6001.339039410276356623209709113755,0.5859062776304156,0.23817187547683716,45.66355895996094,9.1674165725708,0.6445494675636292,0.6809214353561401,0.10972577812141841,15,8,45.0,0.5510167992926613,0.2459898740053177,201.10162353515625,45.94786071777344,2.8629474449157883,14.766668319702148,0.48201979473961776,20,8,200.75347900390625,-0.03488947833775424,0.00781799852848053,155.4380645751953,36.78044414520264,2.218397977352159,14.085746884346008,0.37229401661819933,False
1.3.6.1.4.1.14519.5.2.1.6279.6001.946129570505893110165820050204,0.6069248098207581,0.22211745381355286,3.1054840087890625,0.7918254733085632,0.0625708469003439,0.08798746764659882,0.008088102510985401,1,8,0.0,0.6682392503836234,0.2164170742034912,138.92007446289062,29.39131736755371,4.050912837982178,7.8814215660095215,0.3792885096444024,35,8,134.701904296875,0.06131444056286528,-0.0057003796100616455,135.81459045410156,28.599491894245148,3.988341991081834,7.793434098362923,0.371200407133417,False
1.3.6.1.4.1.14519.5.2.1.6279.6001.231834776365874788440767645596,0.6362407031778229,0.2349615842103958,4.4125823974609375,1.1886588335037231,0.09711537383496763,0.13002410531044006,0.012012761520097653,5,8,0.0,0.6011462056086803,0.2386956512928009,170.2993621826172,32.411956787109375,1.9512167549133301,4.386929988861084,0.38289303951263426,35,8,169.6457061767578,-0.035094497569142624,0.0037340670824050903,165.88677978515625,31.223297953605652,1.8541013810783624,4.256905883550644,0.3708802779925366,False
1.3.6.1.4.1.14519.5.2.1.6279.6001.262736997975960398949912434623,0.5871655883895786,0.22978851199150085,48.75396728515625,9.00512981414795,0.779941473007202,0.8497681617736816,0.11614538888931274,2,8,45.0,0.5235339935462334,0.24251902103424072,184.35226440429688,31.3409481048584,4.009801998138422,5.981767654418945,0.48653473089006194,35,8,175.49472045898438,-0.06363159484334513,0.012730509042739868,135.59829711914062,22.33581829071045,3.2298605251312202,5.131999492645264,0.3703893420007492,False
1.3.6.1.4.1.14519.5.2.1.6279.6001.367204840301639918160517361062,0.46309715512614064,0.21494613587856293,5.0470733642578125,1.3697261810302734,0.10262212865054607,0.1413429081439972,0.013394625035011105,1,8,0.0,0.5633923778851315,0.21736213564872742,152.5125732421875,21.429258346557617,3.4396154046058602,22.924821853637695,0.3836316028038659,35,8,110.25162506103516,0.10029522275899089,0.0024159997701644897,147.4654998779297,20.059532165527344,3.3369932759553143,22.783478945493698,0.3702369777688548,False
1.3.6.1.4.1.14519.5.2.1.6279.6001.299476369290630280560355838785,0.550047725924206,0.22608913481235504,94.29981231689453,17.39497184753418,1.0096141397953033,1.0571715831756592,0.21438247174024583,2,8,93.0,0.6082733534556148,0.21996228396892548,227.31610107421875,51.24734115600586,4.855611205101013,6.270690441131592,0.5842676513724857,35,8,222.70181274414062,0.05822562753140881,-0.006126850843429565,133.01628875732422,33.85236930847168,3.84599706530571,5.213518857955933,0.3698851796322399,False
1.3.6.1.4.1.14519.5.2.1.6279.6001.137763212752154081977261297097,0.5008702791461412,0.2486957609653473,4.2419891357421875,1.0314925909042358,0.0783299754559994,0.09542610496282578,0.010858551182515093,2,8,3.0,0.48133004926108375,0.2610900104045868,133.5340576171875,20.643754959106445,4.457580008506775,10.448065757751465,0.38068656731181677,35,8,129.62554931640625,-0.019540229885057492,0.012394249439239502,129.2920684814453,19.61226236820221,4.379250033050775,10.352639652788639,0.36982801612930166,False
1.3.6.1.4.1.14519.5.2.1.6279.6001.193808128386712859512130599234,0.38999058116742613,0.23793968558311462,5.4327239990234375,1.3780255317687988,0.11621530018746859,0.16565071046352386,0.014618853345927267,1,8,0.0,0.5105007255046712,0.23145772516727448,144.2532958984375,26.448617935180664,4.288472175598164,13.685530662536621,0.3838501962025966,35,8,142.04383850097656,0.12051014433724505,-0.006481960415840149,138.82057189941406,25.070592403411865,4.172256875410696,13.519879952073097,0.3692313428566693,False
1.3.6.1.4.1.14519.5.2.1.6279.6001.304676828064484590312919543151,0.5811194058323054,0.22747299075126648,3.7508392333984375,1.0305007696151733,0.07576866298913955,0.10528530180454254,0.009892263748579554,5,8,0.0,0.5789955615469725,0.2380170375108719,149.7626495361328,25.29144287109375,3.433200120925902,4.862520217895508,0.3788729474279615,35,8,147.4641876220703,-0.0021238442853328543,0.010544046759605408,146.01181030273438,24.260942101478577,3.3574314579367623,4.757234916090965,0.36898068367938197,False
1.3.6.1.4.1.14519.5.2.1.6279.6001.892375496445736188832556446335,0.44625850340136053,0.24918483197689056,6.18121337890625,1.7267769575119019,0.1476816862821579,0.20129431784152985,0.017171018643511664,1,8,0.0,0.6229282622139765,0.24755485355854034,143.16030883789062,27.775310516357422,3.837851717472076,13.243367195129395,0.38572035309208763,35,8,130.8670654296875,0.17666975881261593,-0.0016299784183502197,136.97909545898438,26.04853355884552,3.6901700311899184,13.042072877287865,0.36854933444857596,False
1.3.6.1.4.1.14519.5.2.1.6279.6001.317087518531899043292346860596,0.6324921690775349,0.22633875906467438,4.283843994140625,1.1418654918670654,0.09641643799841404,0.130191370844841,0.011665408476773234,1,8,0.0,0.6220920001407806,0.22639329731464386,144.68460083007812,25.203540802001953,3.747892737388611,5.850627422332764,0.3795629968908098,35,8,140.33041381835938,-0.010400168936754328,5.453824996948242e-05,140.4007568359375,24.061675310134888,3.651476299390197,5.720436051487923,0.3678975884140366,False
1.3.6.1.4.1.14519.5.2.1.6279.6001.297964221542942838344351735414,0.5248637361081617,0.23385855555534363,12.820785522460938,2.8264083862304688,0.22026539623737335,0.23893822729587555,0.030676435067256286,2,8,12.0,0.3975720251999717,0.23950788378715515,141.11245727539062,38.52549362182617,3.6817362952232373,7.480849266052246,0.39834464663664504,35,8,133.01998901367188,-0.12729171090819003,0.0056493282318115234,128.2916717529297,35.6990852355957,3.461470898985864,7.2419110387563705,0.3676682115693888,False
1.3.6.1.4.1.14519.5.2.1.6279.6001.475325201787910087416720919680,0.5799679487179488,0.22719596326351166,4.502723693847656,0.8722444176673889,0.09226612091064465,0.17211556434631348,0.011096155926916337,5,8,2.0,0.606650641025641,0.23467238247394562,150.1260986328125,24.182546615600586,3.6448038029670755,13.468045234680176,0.37847720082336006,35,8,146.17556762695312,0.02668269230769227,0.00747641921043396,145.62337493896484,23.310302197933197,3.552537682056431,13.295929670333862,0.36738104489644374,False
1.3.6.1.4.1.14519.5.2.1.6279.6001.202643836890896697853521610450,0.634622137940722,0.23108915984630585,4.7088470458984375,1.217045783996582,0.1215131370723247,0.17989909648895264,0.013063109184801575,1,8,0.0,0.6803799690967832,0.23565584421157837,143.00762939453125,25.45151710510254,3.4477908039093004,7.721128463745117,0.37996351096895004,35,8,141.9945526123047,0.045757831156061246,0.004566684365272522,138.2987823486328,24.234471321105957,3.3262776668369756,7.5412293672561646,0.36690040178414846,False
1.3.6.1.4.1.14519.5.2.1.6279.6001.272961322147784625028175033640,0.4661761864897933,0.20951977372169495,3.3707351684570312,0.8960718512535095,0.0715974487364292,0.09864967316389084,0.008985094380875427,1,8,0.0,0.48364350569901476,0.21135574579238892,164.95132446289062,28.14942169189453,2.373264408111572,17.657699584960938,0.3754386803309122,35,8,132.13487243652344,0.017467319209221455,0.0018359720706939697,161.5805892944336,27.25334984064102,2.301666959375143,17.559049911797047,0.3664535859500368,False
1.3.6.1.4.1.14519.5.2.1.6279.6001.245248446973732759194067808002,0.6155711860295902,0.23147866129875183,4.7978363037109375,1.238571286201477,0.12301856093108654,0.16620413959026337,0.01336878976267245,1,8,0.0,0.5871129436494462,0.23512765765190125,119.5003662109375,27.069355010986328,4.909205436706543,9.703930854797363,0.37929625935024686,35,8,114.58428955078125,-0.02845824238014394,0.003648996353149414,114.70252990722656,25.83078372478485,4.786186875775456,9.5377267152071,0.3659274695875744,False
1.3.6.1.4.1.14519.5.2.1.6279.6001.822128649427327893802314908658,0.5325977513005538,0.23084305226802826,2.5899124145507812,0.6005985140800476,0.050980898253619525,0.07224652171134949,0.00673314058983491,1,8,0.0,0.5526234826872518,0.24231919646263123,158.60462951660156,22.58231544494629,2.7702493000030515,3.079127073287964,0.3724934674474928,35,8,157.9275360107422,0.020025731386698054,0.011476144194602966,156.01471710205078,21.98171693086624,2.719268401749432,3.0068805515766144,0.36576032685765786,False
1.3.6.1.4.1.14519.5.2.1.6279.6001.797637294244261543517154417124,0.341002645129987,0.2399333417415619,9.688671112060547,2.2383925914764404,0.1677755787968635,0.18579408526420593,0.029266331730601274,1,8,0.0,0.6052808689799816,0.24456864595413208,164.32960510253906,40.379798889160156,2.5283500671386703,3.8175277709960938,0.39456695387098517,35,8,163.35403442382812,0.26427822384999455,0.00463530421257019,154.64093399047852,38.141406297683716,2.3605744883418067,3.631733685731888,0.3653006221403839,False
1.3.6.1.4.1.14519.5.2.1.6279.6001.336225579776978874775723463327,0.44371968098226766,0.23603837192058563,1.9839248657226562,0.5068185329437256,0.041264290809631364,0.054762888699769974,0.005359986281394959,1,8,0.0,0.6328144270562118,0.24159766733646393,155.43258666992188,32.49576950073242,2.483221917152405,3.712113380432129,0.36968804087638857,35,8,154.83889770507812,0.18909474607394416,0.005559295415878296,153.44866180419922,31.988950967788696,2.4419576263427736,3.657350491732359,0.3643280545949936,False
1.3.6.1.4.1.14519.5.2.1.6279.6001.204566802718283633558802774757,0.21302372539121656,0.2462426722049713,7.8032073974609375,1.7571871280670166,0.19147725582122802,0.25547754764556885,0.09984762586745714,1,8,0.0,0.4162506777347767,0.22347339987754822,150.8072509765625,21.61998748779297,5.42168038368225,45.294166564941406,0.4639249908765157,35,8,146.66819763183594,0.20322695234356014,-0.022769272327423096,143.00404357910156,19.862800359725952,5.230203127861022,45.03868901729584,0.3640773650090585,False
1.3.6.1.4.1.14519.5.2.1.6279.6001.975426625618184773401026809852,0.4791917080393694,0.25535136461257935,5.2778778076171875,1.257802128791809,0.1016293406486511,0.14234523475170135,0.013552388734287683,1,8,0.0,0.5188049821444125,0.2541927099227905,140.07943725585938,31.930789947509766,4.066263542175292,12.938067436218262,0.3775487557729085,35,8,110.90280151367188,0.03961327410504312,-0.0011586546897888184,134.8015594482422,30.672987818717957,3.9646342015266414,12.79572220146656,0.3639963670386208,False
1.3.6.1.4.1.14519.5.2.1.6279.6001.273525289046256012743471155680,0.4551506563644627,0.23031972348690033,3.9070281982421875,1.062098741531372,0.08037292025983332,0.10925552248954773,0.010437239261551035,1,8,0.0,0.4627837339250862,0.22320425510406494,148.91050720214844,27.608877182006836,3.035869324207298,11.827235221862793,0.37353111292256225,35,8,138.42523193359375,0.00763307756062348,-0.007115468382835388,145.00347900390625,26.546778440475464,2.9554964039474645,11.717979699373245,0.3630938736610112,False
1.3.6.1.4.1.14519.5.2.1.6279.6001.200513183558872708878454294671,0.5529959083011042,0.24832941591739655,5.9023590087890625,1.4378678798675537,0.11470817692577838,0.15821567177772522,0.01541459350147181,1,8,0.0,0.28166862844010987,0.24053703248500824,124.82441711425781,27.138717651367188,3.4990631794929445,7.291874885559082,0.37805873426645054,35,8,119.06364440917969,-0.27132727986099436,-0.007792383432388306,118.92205810546875,25.700849771499634,3.3843550025671663,7.133659213781357,0.36264414076497875,False
1.3.6.1.4.1.14519.5.2.1.6279.6001.283878926524838648426928238498,0.44448553773134236,0.22537130117416382,4.29205322265625,1.109279751777649,0.11450856328010561,0.16644491255283356,0.012313603315088484,5,8,0.0,0.3203427180127286,0.23262228071689606,157.71701049804688,37.33020782470703,1.9344908857345582,9.595845222473145,0.3747834229781901,35,8,156.59207153320312,-0.12414281971861374,0.007250979542732239,153.42495727539062,36.22092807292938,1.8199823224544525,9.429400309920311,0.36246981966310166,False
1.3.6.1.4.1.14519.5.2.1.6279.6001.707218743153927597786179232739,0.42969058591178405,0.21763570606708527,7.7892913818359375,1.4594143629074097,0.15293576747179022,0.4024653136730194,0.019407841161555712,5,8,3.0,0.50862409479921,0.21218030154705048,156.9851837158203,30.21739959716797,2.8556660842895503,6.24697732925415,0.38138752920362684,35,8,156.2743377685547,0.07893350888742595,-0.00545540452003479,149.19589233398438,28.75798523426056,2.70273031681776,5.844512015581131,0.36197968804207115,False
1.3.6.1.4.1.14519.5.2.1.6279.6001.196251645377731223510086726530,0.5817341862117982,0.23226943612098694,5.62164306640625,1.5449451208114624,0.13615207746624947,0.1904941350221634,0.01551921380476819,1,8,0.0,0.5640406987618299,0.23343530297279358,145.7774658203125,29.401521682739258,3.7640073776245084,4.90468168258667,0.37737278260125046,35,8,145.13644409179688,-0.017693487449968237,0.0011658668518066406,140.15582275390625,27.856576561927795,3.627855300158259,4.7141875475645065,0.3618535687964823,False
1.3.6.1.4.1.14519.5.2.1.6279.6001.241570579760883349458693655367,0.6023313702871714,0.23594632744789124,3.0497665405273438,0.6653339266777039,0.06880940049886704,0.091759093105793,0.008164919729034105,1,8,0.0,0.6735272094388116,0.24316692352294922,158.024169921875,36.11839294433594,1.9807822704315177,3.457109212875366,0.36998983621597287,35,8,157.7449493408203,0.07119583915164018,0.007220596075057983,154.97440338134766,35.453059017658234,1.9119728699326506,3.365350119769573,0.36182491648693876,False
1.3.6.1.4.1.14519.5.2.1.6279.6001.238522526736091851696274044574,0.6432530684231365,0.2319658100605011,28.047271728515625,5.299068927764893,0.4941658824682235,0.5360790491104126,0.06974388501710363,10,8,27.0,0.5897311305474571,0.2434922456741333,186.5284881591797,36.517765045166016,3.1129356026649466,4.757747650146484,0.4315164589219623,35,8,185.59756469726562,-0.05352193787567938,0.011526435613632202,158.48121643066406,31.218696117401123,2.618769720196723,4.221668601036072,0.3617725739048586,False
1.3.6.1.4.1.14519.5.2.1.6279.6001.311476128731958142981941696518,0.4990796134376438,0.21501711010932922,3.352020263671875,0.8090276718139648,0.06206859108060598,0.08167218416929245,0.008718206505187683,1,8,0.0,0.4922773815002301,0.21253132820129395,162.20294189453125,29.192901611328125,2.630376923084257,9.327588081359863,0.370409292684661,35,8,159.8054962158203,-0.006802231937413694,-0.0024857819080352783,158.85092163085938,28.38387393951416,2.5683083320036513,9.24591589719057,0.3616910861794733,False
1.3.6.1.4.1.14519.5.2.1.6279.6001.258220324170977900491673635112,0.6328467153284671,0.21643859148025513,104.92705535888672,19.130537033081055,1.4542872691154478,1.5369377136230469,0.2452532128678428,2,8,99.0,0.6104326152750579,0.22094516456127167,214.66732788085938,46.69571304321289,6.210089869499206,27.531002044677734,0.6068014084127213,35,8,192.92047119140625,-0.02241410005340927,0.0045065730810165405,109.74027252197266,27.565176010131836,4.755802600383758,25.994064331054688,0.36154819554487855,False
1.3.6.1.4.1.14519.5.2.1.6279.6001.183056151780567460322586876100,0.5949324376140739,0.2226729393005371,4.501556396484375,1.2568916082382202,0.09998130038380616,0.1356225311756134,0.012260171211924815,5,8,0.0,0.6521112286998267,0.21564088761806488,154.74755859375,34.60417556762695,2.3230851697921753,2.5806238651275635,0.3735858944627974,35,8,154.5123291015625,0.057178791085752856,-0.007032051682472229,150.24600219726562,33.34728395938873,2.223103869408369,2.44500133395195,0.3613257232508726,False
1.3.6.1.4.1.14519.5.2.1.6279.6001.390009458146468860187238398197,0.42800217641787225,0.23135340213775635,5.6736602783203125,1.4965800046920776,0.1408077347278593,0.20210669934749603,0.0159221794909901,5,8,0.0,0.6623511714249136,0.22009436786174774,124.30662536621094,18.149471282958984,4.548219528198234,8.225434303283691,0.3763335330539277,35,8,111.92160034179688,0.23434899500704137,-0.011259034276008606,118.63296508789062,16.652891278266907,4.4074117934703745,8.023327603936195,0.3604113535629376,False
1.3.6.1.4.1.14519.5.2.1.6279.6001.100225287222365663678666836860,0.6047877145438121,0.2420056164264679,79.27132415771484,19.1023006439209,1.016661072969437,1.2572380304336548,0.1818310555709733,2,8,71.0,0.3213013148650005,0.23466961085796356,204.8782958984375,45.160125732421875,4.610013804435731,6.892395973205566,0.5421024261483423,35,8,203.40628051757812,-0.28348639967881156,-0.0073360055685043335,125.60697174072266,26.057825088500977,3.593352731466294,5.635157942771912,0.36027137057736897,False
1.3.6.1.4.1.14519.5.2.1.6279.6001.246589849815292078281051154201,0.42096081318193734,0.21694284677505493,5.3399658203125,1.471014380455017,0.10454073250293733,0.15137043595314026,0.014014733244975408,5,8,0.0,0.6375168908698546,0.2049776166677475,148.57110595703125,27.983064651489258,3.0807555556297417,4.416476726531982,0.3736343459155828,35,8,147.89352416992188,0.2165560776879173,-0.011965230107307434,143.23114013671875,26.51205027103424,2.976214823126804,4.265106290578842,0.3596196126706074,False
1.3.6.1.4.1.14519.5.2.1.6279.6001.296863826932699509516219450076,0.5895682488602842,0.23975412547588348,37.59715270996094,8.261245727539062,0.4642843931913375,0.8948813080787659,0.08445019535554779,15,8,36.0,0.5595780817019755,0.23838302493095398,184.37612915039062,43.25775146484375,2.9081219625472987,6.119134902954102,0.44354243190023623,35,8,175.9623260498047,-0.02999016715830871,-0.0013711005449295044,146.7789764404297,34.99650573730469,2.4438375693559613,5.224253594875336,0.35909223654468847,False
1.3.6.1.4.1.14519.5.2.1.6279.6001.743969234977916254223533321294,0.5286714901477833,0.2251669317483902,4.1903533935546875,1.1790361404418945,0.11253020144999028,0.16321180760860443,0.011918436447696553,5,8,0.0,0.640625,0.21498994529247284,134.86734008789062,28.124343872070312,3.689076347351075,4.767882347106934,0.37065606524149575,35,8,133.47789001464844,0.11195350985221675,-0.010176986455917358,130.67698669433594,26.945307731628418,3.5765461459010846,4.604670539498329,0.35873762879379917,False
1.3.6.1.4.1.14519.5.2.1.6279.6001.277452631455527999380186898011,0.5695430297948622,0.2445673942565918,4.941650390625,1.3253602981567383,0.11731066197156904,0.16409359872341156,0.013715531991918882,1,8,0.0,0.600740173188961,0.25299662351608276,144.093505859375,27.307546615600586,3.1893751335144036,4.225562572479248,0.37130106177859834,35,8,143.44351196289062,0.031197143394098847,0.008429229259490967,139.15185546875,25.982186317443848,3.0720644715428347,4.0614689737558365,0.35758552978667946,False
1.3.6.1.4.1.14519.5.2.1.6279.6001.275007193025729362844652516689,0.6230144597193532,0.23617613315582275,15.279556274414062,3.4146170616149902,0.15747603103518482,0.16719701886177063,0.0347568701017234,3,8,15.0,0.6395754683382008,0.23922905325889587,161.38116455078125,30.367416381835938,3.2516314029693474,5.994861125946045,0.39197746653026966,35,8,161.21481323242188,0.016561008618847572,0.00305292010307312,146.1016082763672,26.952799320220947,3.0941553719341623,5.827664107084274,0.35722059642854626,False
1.3.6.1.4.1.14519.5.2.1.6279.6001.986011151772797848993829243183,0.6325971493881941,0.22134506702423096,2.9841766357421875,0.83467698097229,0.07140299975872043,0.10447962582111359,0.008139521800809438,5,8,0.0,0.6074694097082157,0.2207094430923462,148.79788208007812,27.6083927154541,3.029293668270112,3.6389453411102295,0.3645345912641949,35,8,148.43177795410156,-0.02512773967997839,-0.0006356239318847656,145.81370544433594,26.77371573448181,2.957890668511392,3.534465715289116,0.35639506946338545,False
1.3.6.1.4.1.14519.5.2.1.6279.6001.229171189693734694696158152904,0.6165909399159094,0.23980043828487396,6.1944580078125,1.5039968490600586,0.12715359032154083,0.17388978600502014,0.016228879143794377,5,8,1.0,0.6863047606130476,0.2291986048221588,125.14756774902344,27.501781463623047,4.317031226158139,13.874302864074707,0.37183730871942294,35,8,120.74944305419922,0.06971382069713816,-0.010601833462715149,118.95310974121094,25.99778461456299,4.189877635836599,13.700413078069687,0.35560842957562855,False
1.3.6.1.4.1.14519.5.2.1.6279.6001.197987940182806628828566429132,0.6075164845406463,0.2522957921028137,54.75810241699219,11.23388957977295,2.1856657981872547,5.121788501739502,0.16801942178938117,10,8,31.0,0.6092406626435845,0.26048874855041504,184.2610626220703,32.3876838684082,5.655470266342162,7.6270880699157715,0.5234630632718403,35,8,183.0500030517578,0.0017241781029381231,0.008192956447601318,129.50296020507812,21.153794288635254,3.469804468154907,2.5052995681762695,0.35544364148245916,False
1.3.6.1.4.1.14519.5.2.1.6279.6001.330425234131526435132846006585,0.5840201965065502,0.23380112648010254,4.675506591796875,1.2877740859985352,0.10715124070644388,0.15183207392692566,0.012874631005525591,5,8,0.0,0.4080513100436681,0.24321244657039642,152.95587158203125,28.846393585205078,3.141865994930285,6.535786151885986,0.36812242560121805,35,8,145.81747436523438,-0.1759688864628821,0.009411320090293884,148.28036499023438,27.558619499206543,3.034714754223841,6.383954077959061,0.35524779459569245,False
1.3.6.1.4.1.14519.5.2.1.6279.6001.195913706607582347421429908613,0.6242172921418204,0.23336224257946014,4.6679229736328125,1.067636489868164,0.07472925513982766,0.10800355672836304,0.01133734180430571,1,8,0.0,0.5675858732462506,0.23901377618312836,150.7886962890625,28.37744140625,2.7402366352081295,4.509139060974121,0.3662506103409661,30,8,149.78086853027344,-0.056631418895569774,0.005651533603668213,146.1207733154297,27.309804916381836,2.665507380068302,4.401135504245758,0.3549132685366604,False
1.3.6.1.4.1.14519.5.2.1.6279.6001.199670099218798685977406484591,0.5674748629653293,0.23293323814868927,5.0875091552734375,1.1225407123565674,0.05978031773120165,0.07982359081506729,0.01126937092571623,2,8,5.0,0.6220197060900562,0.23667927086353302,140.32223510742188,19.74227523803711,3.233436584472656,7.850094318389893,0.365323920779758,35,8,139.3431396484375,0.05454484312472685,0.00374603271484375,135.23472595214844,18.619734525680542,3.173656266741454,7.770270727574825,0.3540545498540418,False
1.3.6.1.4.1.14519.5.2.1.6279.6001.229960820686439513664996214638,0.5706011730205278,0.2266971319913864,8.459930419921875,1.8194829225540161,0.17247537553310394,0.1949966996908188,0.021893609696626664,10,8,8.0,0.5570869990224829,0.22823616862297058,158.8378143310547,34.22911834716797,2.1137303256988527,2.250890016555786,0.37520514385435316,35,8,158.37945556640625,-0.013514173998044887,0.0015390366315841675,150.3778839111328,32.40963542461395,1.9412549501657488,2.0558933168649673,0.3533115341577265,False
1.3.6.1.4.1.14519.5.2.1.6279.6001.725023183844147505748475581290,0.5044347209082308,0.24201303720474243,4.306854248046875,1.1150763034820557,0.08709600158035755,0.12114033848047256,0.011351479003412854,1,8,0.0,0.5169997634815515,0.24256230890750885,140.63661193847656,29.611560821533203,3.096664943695063,14.133325576782227,0.3644020701302421,35,8,135.0076446533203,0.012565042573320695,0.0005492717027664185,136.3297576904297,28.496484518051147,3.0095689421147056,14.012185238301754,0.35305059112682924,False
1.3.6.1.4.1.14519.5.2.1.6279.6001.749871569713868632259874663577,0.6332418524871355,0.22158220410346985,2.8840255737304688,0.8007233142852783,0.07185754038393499,0.10276240855455399,0.008017409566955434,5,8,0.0,0.6035849056603774,0.2280506193637848,145.0632781982422,31.71200180053711,2.7451256728172324,3.2533605098724365,0.36054519254101647,15,8,144.21263122558594,-0.029656946826758124,0.006468415260314941,142.17925262451172,30.91127848625183,2.6732681324332974,3.1505981013178825,0.352527782974061,False
1.3.6.1.4.1.14519.5.2.1.6279.6001.139577698050713461261415990027,0.45383743981874825,0.2367035150527954,12.156494140625,3.074104070663452,0.15447750449180608,0.16333524882793427,0.028333504625161487,10,8,12.0,0.5083803197651966,0.25285765528678894,135.7895965576172,29.723581314086914,3.5429840064048777,14.528284072875977,0.38060682501528,35,8,134.3536376953125,0.05454287994644835,0.01615414023399353,123.63310241699219,26.649477243423462,3.3885065019130716,14.364948824048042,0.3522733203901185,False
1.3.6.1.4.1.14519.5.2.1.6279.6001.300392272203629213913702120739,0.5280757485075886,0.2561449110507965,10.656143188476562,1.9865682125091553,0.20317558646202086,0.4891486167907715,0.027308120919598472,5,8,4.0,0.5580313981860872,0.2561027705669403,157.2529754638672,24.559555053710938,2.872492671012878,3.4681529998779297,0.37947158137957254,35,8,156.84283447265625,0.029955649678498508,-4.214048385620117e-05,146.59683227539062,22.572986841201782,2.669317084550857,2.979004383087158,0.35216346045997404,False
1.3.6.1.4.1.14519.5.2.1.6279.6001.670107649586205629860363487713,0.6006433823529411,0.23198089003562927,4.624565124511719,1.0194770097732544,0.09363517664372924,0.1275806874036789,0.012022387899375623,1,8,0.0,0.6189154411764706,0.23345838487148285,138.65182495117188,22.715967178344727,4.00027124881745,29.371475219726562,0.3640094041559433,35,8,137.51873779296875,0.018272058823529447,0.0014774948358535767,134.02725982666016,21.696490168571472,3.9066360721737206,29.243894532322884,0.3519870162565677,False
1.3.6.1.4.1.14519.5.2.1.6279.6001.339546614783708685476232944897,0.3433884297520661,0.2256605178117752,4.249725341796875,1.1269354820251465,0.12420737728476473,0.18301022052764893,0.016058623386404187,1,8,0.0,0.45617539026629933,0.23254141211509705,119.64384460449219,19.99813461303711,5.011598100662197,24.547958374023438,0.36746133722729046,35,8,82.51702117919922,0.1127869605142332,0.006880894303321838,115.39411926269531,18.871199131011963,4.8873907233774325,24.36494815349579,0.3514027138408863,False
1.3.6.1.4.1.14519.5.2.1.6279.6001.290410217650314119074833254861,0.54484375,0.22804372012615204,4.4519500732421875,1.2413846254348755,0.09654483094811438,0.13686925172805786,0.011982922555837366,5,8,0.0,0.560625,0.23829099535942078,157.6533203125,31.040287017822266,2.290856719017027,2.8376262187957764,0.36160757819811495,35,8,156.46371459960938,0.01578125000000008,0.010247275233268738,153.2013702392578,29.79890239238739,2.1943118880689125,2.7007569670677185,0.34962465564227757,False
1.3.6.1.4.1.14519.5.2.1.6279.6001.102681962408431413578140925249,0.23787923854848306,0.2574673295021057,6.99298095703125,1.9093836545944214,0.1502898068726063,0.21309427917003632,0.08280783285286847,1,8,0.0,0.5881915526472338,0.22583012282848358,181.3424072265625,26.98846435546875,2.9683238840103154,3.4349615573883057,0.4303684065024058,35,8,178.73719787597656,0.35031231409875074,-0.03163720667362213,174.34942626953125,25.07908070087433,2.818034077137709,3.2218672782182693,0.34756057364953735,False
1.3.6.1.4.1.14519.5.2.1.6279.6001.314519596680450457855054746285,0.5903943771964076,0.23685221374034882,4.0680694580078125,1.0689265727996826,0.08877796493470667,0.11920216679573059,0.010897110139744148,5,8,1.0,0.6212949487061162,0.23806411027908325,144.13124084472656,32.08547592163086,2.7223597788810707,3.564380645751953,0.35647531980143643,35,8,143.41807556152344,0.030900571509708596,0.001211896538734436,140.06317138671875,31.016549348831177,2.633581813946364,3.4451784789562225,0.3455782096616923,False
1.3.6.1.4.1.14519.5.2.1.6279.6001.309955814083231537823157605135,0.5577917303014877,0.22701284289360046,12.421722412109375,2.7620644569396973,0.1936261290311813,0.21455463767051697,0.029533376397689184,10,8,12.0,0.5630522088353414,0.23190368711948395,156.87403869628906,27.236921310424805,2.480864753723144,2.6925582885742188,0.3745702102237278,35,8,156.64102172851562,0.005260478533853696,0.004890844225883484,144.4523162841797,24.474856853485107,2.2872386246919625,2.478003650903702,0.3450368338260386,False
1.3.6.1.4.1.14519.5.2.1.6279.6001.855232435861303786204450738044,0.6280913554664624,0.24526074528694153,4.243896484375,0.8816943764686584,0.06547312080860136,0.10695777833461761,0.010043841311004425,10,8,3.0,0.5629532861840624,0.24675853550434113,153.86866760253906,33.041263580322266,1.7009568786621092,1.7918951511383057,0.35401403333875864,35,8,153.68276977539062,-0.06513806928240007,0.0014977902173995972,149.62477111816406,32.15956920385361,1.6354837578535077,1.684937372803688,0.3439701920277542,False
1.3.6.1.4.1.14519.5.2.1.6279.6001.139713436241461669335487719526,0.36683794466403163,0.23964112997055054,5.4726715087890625,1.620498538017273,0.12075476720929143,0.16666074097156525,0.01492716417958339,5,8,0.0,0.6305797101449275,0.22942647337913513,139.5690155029297,30.164487838745117,3.01620150566101,4.825051784515381,0.3584188395288255,35,8,138.55133056640625,0.2637417654808959,-0.010214656591415405,134.09634399414062,28.543989300727844,2.8954467384517186,4.658391043543816,0.3434916753492421,False
1.3.6.1.4.1.14519.5.2.1.6279.6001.725236073737175770730904408416,0.4952457021147117,0.22181135416030884,4.467987060546875,1.1165649890899658,0.08181575685739517,0.11765314638614655,0.011335462654630342,1,8,0.0,0.5143516405497236,0.23066304624080658,144.64480590820312,33.46027374267578,2.5748080015182495,3.297218084335327,0.35446733540958825,35,8,144.24212646484375,0.019105938435011904,0.008851692080497742,140.17681884765625,32.343708753585815,2.4929922446608543,3.1795649379491806,0.3431318727549579,False
1.3.6.1.4.1.14519.5.2.1.6279.6001.171682845383273105440297561095,0.5910178049428647,0.22539807856082916,27.091827392578125,4.909880638122559,1.1173020160198213,3.651590347290039,0.08412266108857261,10,8,16.0,0.5555407919213393,0.23211848735809326,155.17129516601562,19.343854904174805,5.013479471206666,6.469618320465088,0.42682633373472423,35,8,153.94345092773438,-0.035477013021525394,0.006720408797264099,128.0794677734375,14.433974266052246,3.8961774551868444,2.818027973175049,0.34270367264615165,False
1.3.6.1.4.1.14519.5.2.1.6279.6001.191266041369462391833537519639,0.5631315363087347,0.22751495242118835,3.6679611206054688,0.98738032579422,0.07615609981119634,0.1041664332151413,0.009778509410139587,1,8,0.0,0.6091176903814994,0.2312641590833664,142.61016845703125,26.90526580810547,2.9250205445289614,6.649776458740234,0.35202803849909037,35,8,141.68377685546875,0.04598615407276474,0.0037492066621780396,138.94220733642578,25.91788548231125,2.848864444717765,6.545610025525093,0.3422495290889508,False
1.3.6.1.4.1.14519.5.2.1.6279.6001.511347030803753100045216493273,0.5817053550907837,0.24090588092803955,22.927589416503906,4.6084370613098145,0.34108372777700463,0.36810460686683655,0.053698872667219906,3,8,21.0,0.6135227533900253,0.23594895005226135,162.63037109375,27.733354568481445,3.043236935138714,4.629952907562256,0.3958090175390247,35,8,161.65255737304688,0.03181739829924157,-0.004956930875778198,139.7027816772461,23.12491750717163,2.702153207361709,4.261848300695419,0.3421101448718048,False
1.3.6.1.4.1.14519.5.2.1.6279.6001.249530219848512542668813996730,0.5978056673770621,0.23525096476078033,100.92874145507812,25.7257137298584,1.2920486974716183,1.4228882789611816,0.2328544933372073,3,8,94.0,0.6239640066303576,0.2321658432483673,207.01666259765625,41.18817901611328,5.67396879196164,14.187482833862305,0.5745160871081872,35,8,202.74472045898438,0.02615833925329547,-0.003085121512413025,106.08792114257812,15.462465286254883,4.381920094490021,12.764594554901123,0.34166159377097993,False
1.3.6.1.4.1.14519.5.2.1.6279.6001.140239815496047437552471323962,0.6242320602951422,0.2557755410671234,4.3480224609375,1.1277540922164917,0.08744147494435303,0.125996395945549,0.011297446081207856,1,8,0.0,0.6180252074228894,0.2582451403141022,121.87847900390625,22.736860275268555,4.080981802940359,8.481618881225586,0.35283818406528866,35,8,121.2196273803711,-0.006206852872252866,0.0024695992469787598,117.53045654296875,21.609106183052063,3.9935403279960062,8.355622485280037,0.3415407379840808,False
1.3.6.1.4.1.14519.5.2.1.6279.6001.553241901808946577644850294647,0.5480126096491228,0.22373934090137482,43.7431640625,10.53355884552002,0.7615707224607478,0.8604576587677002,0.10684258472720785,15,8,43.0,0.5745065789473685,0.21833345293998718,173.922119140625,25.2291316986084,4.02577464580536,35.3596305847168,0.44826874226993985,35,8,98.87212371826172,0.026493969298245656,-0.005405887961387634,130.178955078125,14.695572853088379,3.2642039233446116,34.4991729259491,0.341426157542732,False
1.3.6.1.4.1.14519.5.2.1.6279.6001.362762275895885013176610377950,0.5983529612561871,0.22097662091255188,4.859100341796875,1.100707769393921,0.08789947502315042,0.1175016537308693,0.012483605207751193,1,8,0.0,0.6020083063093816,0.22445157170295715,139.41360473632812,22.51352310180664,3.51153857469557,31.184019088745117,0.35372418611049594,25,8,71.10688018798828,0.0036553450531945364,0.0034749507904052734,134.55450439453125,21.41281533241272,3.4236390996724197,31.066517435014248,0.34124058090274473,False
1.3.6.1.4.1.14519.5.2.1.6279.6001.440226700369921575481834344455,0.26859247609982206,0.23871007561683655,7.238494873046875,2.018932342529297,0.15949305593967425,0.2149817943572998,0.06618810376519638,1,8,0.0,0.5393783884451434,0.2315368354320526,163.68035888671875,30.957683563232422,3.7451976966857856,6.389066219329834,0.4055303926891749,35,8,160.7081298828125,0.27078591234532134,-0.0071732401847839355,156.44186401367188,28.938751220703125,3.5857046407461115,6.174084424972534,0.33934228892397855,False
1.3.6.1.4.1.14519.5.2.1.6279.6001.296738183013079390785739615169,0.6386925795053003,0.24116164445877075,23.012588500976562,5.526142120361328,0.22093420699238778,0.24676227569580078,0.05045277043431997,2,8,23.0,0.5895906949352179,0.24551622569561005,140.54563903808594,23.229778289794922,4.319300055503855,7.282547473907471,0.38967642479472725,35,8,137.36395263671875,-0.049101884570082466,0.004354581236839294,117.53305053710938,17.703636169433594,4.098365848511468,7.03578519821167,0.3392236543604073,False
1.3.6.1.4.1.14519.5.2.1.6279.6001.861997885565255340442123234170,0.5749723469321362,0.24622493982315063,3.4250946044921875,0.7653346061706543,0.06237970199435949,0.08587157726287842,0.00862892494123015,1,8,0.0,0.5236027067473485,0.2518159747123718,140.44113159179688,27.134441375732422,2.763224482536316,7.572680950164795,0.3477816916836633,35,8,139.69789123535156,-0.051369640184787624,0.005591034889221191,137.0160369873047,26.369106769561768,2.7008447805419564,7.4868093729019165,0.33915276674243316,False
1.3.6.1.4.1.14519.5.2.1.6279.6001.961063442349005937536597225349,0.2418142438527201,0.24224723875522614,5.6511077880859375,1.5414819717407227,0.12663175955414774,0.17679066956043243,0.07727077102580689,1,8,0.0,0.559243215696267,0.22916874289512634,175.15040588378906,31.207975387573242,2.886641149520876,11.188584327697754,0.4162817880948385,35,8,173.71217346191406,0.3174289718435469,-0.013078495860099792,169.49929809570312,29.66649341583252,2.7600093899667284,11.011793658137321,0.33901101706903164,False
1.3.6.1.4.1.14519.5.2.1.6279.6001.885292267869246639232975687131,0.644353518821604,0.23825274407863617,86.04167175292969,18.179824829101562,1.8998707473278043,2.1190083026885986,0.21139780092901653,10,8,85.0,0.6010842880523731,0.24913974106311798,198.0347900390625,39.883609771728516,5.608286108970642,6.57748556137085,0.5496164616531796,35,8,195.70025634765625,-0.04326923076923084,0.010886996984481812,111.99311828613281,21.703784942626953,3.708415361642838,4.458477258682251,0.33821866072416307,False
1.3.6.1.4.1.14519.5.2.1.6279.6001.147325126373007278009743173696,0.5449936628643853,0.229181706905365,80.15740966796875,16.729711532592773,1.071568440198898,1.1217795610427856,0.1801951372530725,2,8,79.0,0.5924069593271114,0.24141745269298553,188.12864685058594,25.745359420776367,5.933831372261037,32.72001266479492,0.5181178426265713,35,8,177.78094482421875,0.04741329646272607,0.012235745787620544,107.97123718261719,9.015647888183594,4.862262932062139,31.598233103752136,0.33792270537349883,False
1.3.6.1.4.1.14519.5.2.1.6279.6001.931383239747372227838946053237,0.5823276777111877,0.225472554564476,45.323280334472656,10.644926071166992,0.5063410949707031,0.5180197954177856,0.10239225413004556,2,8,44.0,0.4080702843052403,0.22125676274299622,178.78408813476562,44.332252502441406,2.89552827835083,5.425088882446289,0.4398044791963366,35,8,177.511962890625,-0.17425739340594737,-0.004215791821479797,133.46080780029297,33.687326431274414,2.389187183380127,4.907069087028503,0.33741222506629104,False
1.3.6.1.4.1.14519.5.2.1.6279.6001.205993750485568250373835565680,0.24209164818920917,0.23654578626155853,22.790374755859375,4.769083499908447,0.4996965861320486,0.5981909036636353,0.11872236431932695,3,8,19.0,0.5776422764227642,0.2415299415588379,185.21295166015625,37.45509338378906,3.891679437160477,5.340060710906982,0.4558549126015764,35,8,184.63381958007812,0.3355506282335551,0.004984155297279358,162.42257690429688,32.686009883880615,3.3919828510284287,4.741869807243347,0.3371325482822495,False
1.3.6.1.4.1.14519.5.2.1.6279.6001.281967919138248195763602360723,0.6733272386922642,0.23964524269104004,4.1859893798828125,1.2058109045028687,0.12088432669639586,0.17215117812156677,0.012211256849765777,5,8,0.0,0.6654259718775848,0.2390589714050293,141.0331573486328,28.43979835510254,2.5535236072540166,2.958691358566284,0.34928389272689786,35,8,140.71730041503906,-0.007901266814679397,-0.0005862712860107422,136.84716796875,27.23398745059967,2.4326392805576207,2.7865401804447174,0.3370726358771321,False
1.3.6.1.4.1.14519.5.2.1.6279.6001.108193664222196923321844991231,0.6845547543182962,0.23912149667739868,13.467636108398438,2.814119338989258,0.27487111508846307,0.4124771058559418,0.03498284617331293,10,8,13.0,0.35001257756163007,0.23383454978466034,146.6729278564453,38.953529357910156,2.6858484554290776,11.658487319946289,0.37120997345182627,35,8,145.12814331054688,-0.3345421767566661,-0.005286946892738342,133.20529174804688,36.1394100189209,2.4109773403406143,11.246010214090347,0.33622712727851334,False
1.3.6.1.4.1.14519.5.2.1.6279.6001.658611160253017715059194304729,0.30763357946055603,0.22799469530582428,18.753768920898438,3.791491746902466,0.3345393645763397,0.5019235014915466,0.06947461230181054,2,8,11.0,0.6185718804192525,0.20735126733779907,174.3780975341797,29.28216552734375,3.166870942115783,11.079774856567383,0.40551244031588235,35,8,167.22496032714844,0.31093830095869646,-0.020643427968025208,155.62432861328125,25.490673780441284,2.8323315775394433,10.577851355075836,0.3360378280140718,False
1.3.6.1.4.1.14519.5.2.1.6279.6001.244681063194071446501270815660,0.345876227665365,0.22219592332839966,5.7214813232421875,1.5379743576049805,0.13626066848635673,0.18896661698818207,0.01827671161958416,1,8,0.0,0.4807567151816353,0.22764727473258972,141.77162170410156,24.134164810180664,3.3663369464874253,11.227673530578613,0.3542327451811896,35,8,135.99618530273438,0.1348804875162703,0.0054513514041900635,136.05014038085938,22.596190452575684,3.230076278001069,11.038706913590431,0.3359560335616054,False
1.3.6.1.4.1.14519.5.2.1.6279.6001.752756872840730509471096155114,0.3644810888627143,0.22960370779037476,5.5797271728515625,1.497029423713684,0.1335919280350208,0.1908305287361145,0.015376665663553607,1,8,0.0,0.5272870043188065,0.23467350006103516,115.89766693115234,24.483610153198242,4.503948998451216,42.692848205566406,0.3511673633522452,35,8,84.40501403808594,0.1628059154560922,0.0050697922706604,110.31793975830078,22.986580729484558,4.370357070416196,42.50201767683029,0.3357906976886916,False
1.3.6.1.4.1.14519.5.2.1.6279.6001.293593766328917170359373773080,0.46693110529721216,0.214262917637825,5.8045806884765625,1.5636204481124878,0.1139613998681306,0.16564534604549408,0.01507920037201709,1,8,0.0,0.5259937547472361,0.22939912974834442,128.47064208984375,29.161226272583008,3.1813722348213167,4.838607311248779,0.3502368900060653,35,8,127.62530517578125,0.05906264945002393,0.01513621211051941,122.66606140136719,27.59760582447052,3.067410834953186,4.672961965203285,0.3351576896340482,False
1.3.6.1.4.1.14519.5.2.1.6279.6001.187108608022306504546286626125,0.5720173088811045,0.24589166045188904,121.11558532714844,26.154098510742188,1.0985881507396698,1.1377696990966797,0.26200242525339124,4,8,119.0,0.5139089223160931,0.25084173679351807,217.60910034179688,41.273223876953125,5.662875390052802,41.43682098388672,0.5970789624055228,35,8,140.05990600585938,-0.05810838656501138,0.004950076341629028,96.49351501464844,15.119125366210938,4.564287239313132,40.29905128479004,0.3350765371521316,False
1.3.6.1.4.1.14519.5.2.1.6279.6001.747803439040091794717626507402,0.5492395145183592,0.22954879701137543,4.8439178466796875,1.3212310075759888,0.12269568145275103,0.17225439846515656,0.013590164227618107,1,8,0.0,0.6395759717314488,0.23684696853160858,121.68374633789062,23.52035140991211,4.164631938934307,15.532798767089844,0.34806383525000617,35,8,115.84982299804688,0.09033645721308958,0.007298171520233154,116.83982849121094,22.19912040233612,4.041936257481556,15.360544368624687,0.33447367102238806,False
1.3.6.1.4.1.14519.5.2.1.6279.6001.201890795870532056891161597218,0.5747340425531915,0.21300743520259857,1.7486419677734375,0.4744245111942291,0.04246471974998713,0.06344621628522873,0.0048265849180933506,5,8,0.0,0.5770833333333333,0.2250986397266388,130.20223999023438,22.657001495361328,3.316315815448772,45.35205841064453,0.3388750856796903,35,8,67.82252502441406,0.0023492907801417884,0.012091204524040222,128.45359802246094,22.1825769841671,3.273851095698785,45.2886121943593,0.334048500761597,False
1.3.6.1.4.1.14519.5.2.1.6279.6001.193964947698259739624715468431,0.2557340095801634,0.25400403141975403,5.9902496337890625,1.4410815238952637,0.1619400557875633,0.22771894931793213,0.07109355382100084,1,8,0.0,0.6001127078050155,0.24066773056983948,156.66104125976562,33.09530258178711,3.612553195953369,5.067906856536865,0.4040913408703274,35,8,155.91265869140625,0.34437869822485206,-0.01333630084991455,150.67079162597656,31.654221057891846,3.450613140165806,4.840187907218933,0.33299778704932653,False
1.3.6.1.4.1.14519.5.2.1.6279.6001.850739282072340578344345230132,0.5155712212315986,0.23839177191257477,2.8885040283203125,0.694944441318512,0.07099427014589309,0.09586308896541595,0.008043739897343846,1,8,0.0,0.5864192411362222,0.23287197947502136,137.54061889648438,21.5213565826416,2.980268111228942,20.69700050354004,0.3408606970098283,35,8,124.67732238769531,0.07084801990462364,-0.005519792437553406,134.65211486816406,20.82641214132309,2.909273841083049,20.601137414574623,0.33281695711248444,False
1.3.6.1.4.1.14519.5.2.1.6279.6001.897279226481700053115245043064,0.5382702720387365,0.23433518409729004,2.084075927734375,0.46161359548568726,0.05464089661836619,0.12523967027664185,0.005902790518270597,5,8,1.0,0.6660614091050368,0.24018628895282745,140.4645538330078,22.270294189453125,2.4050274848937985,3.1877360343933105,0.33773380141788056,25,8,139.6913299560547,0.1277911370663003,0.0058511048555374146,138.38047790527344,21.808680593967438,2.3503865882754322,3.0624963641166687,0.33183101089961,False
1.3.6.1.4.1.14519.5.2.1.6279.6001.321465552859463184018938648244,0.5674812192384078,0.2342381328344345,4.6712799072265625,1.1225755214691162,0.10815201923251151,0.1522192358970642,0.012876849456793732,1,8,0.0,0.5704314538180353,0.2372349351644516,139.5334014892578,25.431812286376953,3.2308647751808026,27.624061584472656,0.34436168150107027,35,8,122.34043884277344,0.0029502345796275087,0.00299680233001709,134.86212158203125,24.309236764907837,3.122712755948291,27.471842348575592,0.33148483204427653,False
1.3.6.1.4.1.14519.5.2.1.6279.6001.250481236093201801255751845296,0.5949282825491723,0.21899354457855225,4.637626647949219,1.0362087488174438,0.07637135736644268,0.10467790812253952,0.011547127199586895,1,8,0.0,0.5771684794895626,0.2165263593196869,128.04635620117188,19.75525665283203,3.97716806650162,21.2165470123291,0.3418487225929897,35,8,100.1827163696289,-0.01775980305960967,-0.0024671852588653564,123.40872955322266,18.719047904014587,3.9007967091351774,21.111869104206562,0.3303015953934028,False
1.3.6.1.4.1.14519.5.2.1.6279.6001.116492508532884962903000261147,0.6949000532036178,0.2322828322649002,58.09037780761719,10.818233489990234,2.739684028625464,5.9606781005859375,0.19087489323086132,10,8,34.0,0.5951508702591777,0.2350490242242813,194.9618377685547,35.84367370605469,4.978136787414547,16.00798225402832,0.5209440342797171,35,8,191.92373657226562,-0.09974918294444013,0.0027661919593811035,136.8714599609375,25.025440216064453,2.2384527587890832,10.047304153442383,0.3300691410488558,False
1.3.6.1.4.1.14519.5.2.1.6279.6001.561458563853929400124470098603,0.5915652588880935,0.24356599152088165,12.540672302246094,2.8923699855804443,0.15542991280555715,0.17949341237545013,0.028478146986166634,2,8,12.0,0.6667859699355763,0.24351085722446442,141.30384826660156,34.28194046020508,2.9485652494430417,5.795068264007568,0.35801543382538653,35,8,140.0500946044922,0.07522071104748274,-5.513429641723633e-05,128.76317596435547,31.389570474624634,2.7931353366374845,5.615574851632118,0.3295372868392199,False
1.3.6.1.4.1.14519.5.2.1.6279.6001.309672797925724868457151381131,0.6050529929840275,0.23892268538475037,3.7835006713867188,0.8703568577766418,0.07733789704740048,0.10681415349245071,0.009876078519639042,1,8,0.0,0.6323145245559039,0.243019238114357,140.09872436523438,27.349092483520508,2.2189430832862844,2.826432466506958,0.3392386992639965,35,8,137.8291473388672,0.027261531571876385,0.004096552729606628,136.31522369384766,26.478735625743866,2.141605186238884,2.7196183130145073,0.32936262074435746,False
1.3.6.1.4.1.14519.5.2.1.6279.6001.148935306123327835217659769212,0.6467576516191553,0.22898106276988983,106.2082748413086,24.266881942749023,3.935978131294251,8.469449043273926,0.3238158178700341,45,8,96.0,0.531632076233546,0.23040926456451416,235.77008056640625,45.812984466552734,6.2878135871887295,8.799527168273926,0.6530264211654665,35,8,232.16064453125,-0.1151255753856093,0.0014282017946243286,129.56180572509766,21.54610252380371,2.3518354558944785,0.330078125,0.3292106032954324,False
1.3.6.1.4.1.14519.5.2.1.6279.6001.252358625003143649770119512644,0.66158940397351,0.2254771739244461,4.026580810546875,1.0560169219970703,0.09023105658590794,0.12487082183361053,0.010806817744092808,1,8,0.0,0.6208308248043347,0.23277653753757477,146.90426635742188,32.600563049316406,1.704556064605713,3.8560292720794678,0.34001217700110536,35,8,146.78079223632812,-0.040758579169175246,0.007299363613128662,142.877685546875,31.544546127319336,1.614325008019805,3.7311584502458572,0.32920535925701255,False
1.3.6.1.4.1.14519.5.2.1.6279.6001.330043769832606379655473292782,0.5967833529387904,0.23346559703350067,2.122772216796875,0.5956788063049316,0.05357578583061694,0.07104696333408356,0.00602417676606112,5,8,0.0,0.5752038291485824,0.24098846316337585,130.04608154296875,20.236774444580078,3.1515946388244624,4.147458553314209,0.3335092200173272,35,8,127.5672607421875,-0.021579523790208,0.007522866129875183,127.92330932617188,19.641095638275146,3.0980188529938455,4.076411589980125,0.3274850432512661,False
1.3.6.1.4.1.14519.5.2.1.6279.6001.534083630500464995109143618896,0.5642901234567901,0.2303546518087387,26.792953491210938,6.573809623718262,0.3290536943078049,0.35614484548568726,0.061552187365624664,3,8,26.0,0.49987654320987657,0.23530787229537964,150.2727813720703,22.5671329498291,3.9574139022827164,26.916244506835938,0.3886965216318767,35,8,117.52875518798828,-0.06441358024691352,0.00495322048664093,123.47982788085938,15.99332332611084,3.6283602079749113,26.56009966135025,0.327144334266252,False
1.3.6.1.4.1.14519.5.2.1.6279.6001.395623571499047043765181005112,0.39872364039955605,0.2520065903663635,4.249847412109375,1.0978891849517822,0.11483853586018082,0.16531389951705933,0.0121384263617297,1,8,0.0,0.4818534961154273,0.24267975986003876,125.84164428710938,18.737926483154297,3.8944153285026446,5.894067764282227,0.33820238863891994,35,8,120.62196350097656,0.08312985571587128,-0.009326830506324768,121.591796875,17.640037298202515,3.7795767926424637,5.728753864765167,0.32606396227719026,False
1.3.6.1.4.1.14519.5.2.1.6279.6001.143410010885830403003179808334,0.5617927558432574,0.22183673083782196,5.0290374755859375,1.3310924768447876,0.09707673035562038,0.1325613409280777,0.013244325610746939,5,8,0.0,0.6230295992489006,0.22665779292583466,144.4793243408203,27.36961555480957,2.114472184181213,11.598403930664062,0.33925894334051343,35,8,142.27761840820312,0.06123684340564317,0.004821062088012695,139.45028686523438,26.038523077964783,2.0173954538255927,11.465842589735985,0.3260146177297665,False
1.3.6.1.4.1.14519.5.2.1.6279.6001.153181766344026020914478182395,0.6138810641627543,0.2325844019651413,33.37077331542969,5.779306888580322,1.1352405190467842,2.0438430309295654,0.09745809606711071,10,8,30.0,0.3960250391236307,0.23014694452285767,186.40660095214844,42.8404655456543,2.6708084368705753,8.10573959350586,0.42297111293209927,35,8,185.18576049804688,-0.21785602503912366,-0.0024374574422836304,153.03582763671875,37.061158657073975,1.535567917823791,6.061896562576294,0.32551301686498857,False
1.3.6.1.4.1.14519.5.2.1.6279.6001.309901913847714156367981722205,0.5616314074807208,0.24996930360794067,1.9355850219726562,0.5410192608833313,0.054808534421026706,0.07350808382034302,0.0056789168223324756,1,8,0.0,0.5947255556930182,0.24638259410858154,141.25634765625,28.579492568969727,2.1169284510612485,2.796322822570801,0.3308210456874635,35,8,140.7914581298828,0.03309414821229739,-0.003586709499359131,139.32076263427734,28.038473308086395,2.062119916640222,2.7228147387504578,0.32514212886513105,False
1.3.6.1.4.1.14519.5.2.1.6279.6001.177685820605315926524514718990,0.33414544840018023,0.23024830222129822,6.0033721923828125,1.6075410842895508,0.12446756862103929,0.17117318511009216,0.025075988438514555,1,8,0.0,0.5810190401081569,0.22523434460163116,126.25245666503906,22.21592140197754,3.5089820003509407,4.779752254486084,0.34990801744461025,35,8,124.27604675292969,0.24687359170797663,-0.005013957619667053,120.24908447265625,20.60838031768799,3.3845144317299014,4.608579069375992,0.3248320290060957,False
1.3.6.1.4.1.14519.5.2.1.6279.6001.584871944187559733312703328980,0.501737514142557,0.24108456075191498,6.3415374755859375,1.544168472290039,0.14175094664096838,0.18938125669956207,0.01716072193450398,1,8,0.0,0.6419508647163407,0.23652292788028717,129.37765502929688,23.025903701782227,2.891302931308747,3.9269838333129883,0.34186651578214433,35,8,128.5921173095703,0.1402133505737837,-0.004561632871627808,123.03611755371094,21.481735229492188,2.7495519846677787,3.737602576613426,0.32470579384764037,False
1.3.6.1.4.1.14519.5.2.1.6279.6001.328944769569002417592093467626,0.6078764619883041,0.2258346527814865,3.3600616455078125,0.8989496827125549,0.0815773805975914,0.10954023897647858,0.009304499364230367,1,8,0.0,0.6212536549707602,0.23891064524650574,137.750244140625,26.36701774597168,2.3096313190460203,2.789543867111206,0.3317547280947367,35,8,137.35458374023438,0.013377192982456099,0.013075992465019226,134.3901824951172,25.468068063259125,2.228053938448429,2.6800036281347275,0.3224502287305063,False
1.3.6.1.4.1.14519.5.2.1.6279.6001.316393351033132458296975008261,0.5413494208277734,0.2502977252006531,7.085063934326172,1.7714300155639648,0.14523471444845198,0.32638564705848694,0.017661952490607896,5,8,3.0,0.5644378160777762,0.25202813744544983,132.618896484375,25.973243713378906,2.6921724462509156,4.657919883728027,0.3400424789905548,35,8,127.3887939453125,0.023088395250002836,0.001730412244796753,125.53383255004883,24.20181369781494,2.5469377318024637,4.33153423666954,0.32238052649994686,False
1.3.6.1.4.1.14519.5.2.1.6279.6001.566816709786169715745131047975,0.4918753726893262,0.24885770678520203,4.2690277099609375,1.1641618013381958,0.09608908258378517,0.13090291619300842,0.011592940551125345,1,8,0.0,0.5027728085867621,0.24984462559223175,142.7415771484375,31.1051082611084,2.086738052368164,6.672137260437012,0.33391831385294596,35,8,142.34185791015625,0.010897435897435914,0.0009869188070297241,138.47254943847656,29.940946459770203,1.9906489697843788,6.541234344244003,0.3223253733018206,False
1.3.6.1.4.1.14519.5.2.1.6279.6001.176362912420491262783064585333,0.5363463579591736,0.21849128603935242,51.60803985595703,12.475353240966797,0.5372012108564377,0.5584799647331238,0.11345742545194094,10,8,51.0,0.5387036259965937,0.22381870448589325,183.26846313476562,33.45380783081055,2.9209671020507812,5.942374229431152,0.4353036371866862,35,8,183.0166778564453,0.0023572680374200905,0.0053274184465408325,131.6604232788086,20.97845458984375,2.3837658911943436,5.383894264698029,0.32184621173474526,False
1.3.6.1.4.1.14519.5.2.1.6279.6001.964952370561266624992539111877,0.3694715422826022,0.24241624772548676,13.09417724609375,2.6549758911132812,0.13128414005041106,0.20037178695201874,0.0282326740771532,4,8,12.0,0.5406966305583817,0.23869162797927856,140.58389282226562,32.22958755493164,3.067891120910643,3.5081946849823,0.3499257267846001,35,8,140.06915283203125,0.17122508827577948,-0.003724619746208191,127.48971557617188,29.57461166381836,2.936606980860232,3.307822898030281,0.3216930527074469,False
1.3.6.1.4.1.14519.5.2.1.6279.6001.199220738144407033276946096708,0.5724939440951525,0.2283705323934555,4.4167938232421875,1.2038466930389404,0.09015618354082108,0.12159554660320282,0.011780920005838077,1,8,0.0,0.5577012057374595,0.23515862226486206,133.8713836669922,21.38170051574707,2.264023582935336,3.2074460983276367,0.3332926065630384,35,8,133.1434783935547,-0.014792738357693014,0.006788089871406555,129.45458984375,20.17785382270813,2.173867399394515,3.085850551724434,0.3215116865572003,False
1.3.6.1.4.1.14519.5.2.1.6279.6001.664409965623578819357819577077,0.45474786624335134,0.24453295767307281,5.37908935546875,1.4841068983078003,0.12088883385062216,0.1738242506980896,0.014570721658898722,5,8,0.0,0.636842177600022,0.23602533340454102,129.59085083007812,13.57860279083252,3.609129819869995,54.36905288696289,0.33551435107125177,35,8,75.6895751953125,0.1820943113566707,-0.0085076242685318,124.21176147460938,12.09449589252472,3.4882409860193726,54.1952286362648,0.32094362941235305,False
1.3.6.1.4.1.14519.5.2.1.6279.6001.307921770358136677021532761235,0.5536168732492356,0.22568181157112122,3.6135101318359375,1.0306060314178467,0.09122496843338013,0.12391304969787598,0.010189039508501689,5,8,0.0,0.5293029898020836,0.2305143177509308,140.71084594726562,32.76982498168945,2.2351118326187134,2.364020347595215,0.33084526790512936,35,8,139.52584838867188,-0.024313883447152018,0.00483250617980957,137.0973358154297,31.739218950271606,2.1438868641853333,2.240107297897339,0.32065622839662766,False
1.3.6.1.4.1.14519.5.2.1.6279.6001.292994770358625142596171316474,0.5534162520729685,0.2453097552061081,3.2741470336914062,0.8372293710708618,0.07581331953406335,0.10148834437131882,0.008906105479432477,1,8,0.0,0.5563018242122719,0.2378835678100586,142.5749053955078,29.805009841918945,1.967495145797731,2.3969733715057373,0.3293831794844734,35,8,142.4217987060547,0.002885572139303405,-0.0074261873960494995,139.3007583618164,28.967780470848083,1.8916818262636677,2.2954850271344185,0.3204770740050409,False
1.3.6.1.4.1.14519.5.2.1.6279.6001.302134342469412607966016057827,0.45164675093817896,0.22224213182926178,3.28863525390625,0.9192264080047607,0.06451879739761351,0.090065136551857,0.008656029476059807,5,8,0.0,0.4782737507406676,0.21502405405044556,139.84677124023438,31.36036491394043,2.261847362518309,2.6198883056640625,0.3284967032750447,35,8,139.48828125,0.026626999802488616,-0.007218077778816223,136.55813598632812,30.44113850593567,2.1973285651206957,2.5298231691122055,0.3198406737989849,False
1.3.6.1.4.1.14519.5.2.1.6279.6001.192419869605596446455526220766,0.5801205617382088,0.2358156144618988,5.5475006103515625,1.3119934797286987,0.10829339101910591,0.14512775838375092,0.0144904982737369,1,8,0.0,0.5941640169581346,0.22475579380989075,134.0994415283203,30.867595672607422,2.287363080978393,2.874687910079956,0.33401212354236176,35,8,133.37359619140625,0.014043455219925782,-0.011059820652008057,128.55194091796875,29.555602192878723,2.179069689959287,2.729560151696205,0.3195216252686249,False
1.3.6.1.4.1.14519.5.2.1.6279.6001.525937963993475482158828421281,0.46008827238335437,0.21304644644260406,5.3875579833984375,1.4786773920059204,0.09706462480127812,0.13381876051425934,0.013920034220400784,1,8,0.0,0.47985498108448926,0.2084147036075592,153.5173797607422,23.817609786987305,1.926324669122711,4.103848457336426,0.33012175458139886,35,8,153.0392303466797,0.019766708701134894,-0.004631742835044861,148.12982177734375,22.338932394981384,1.8292600443214329,3.9700296968221664,0.3162017203609981,False
1.3.6.1.4.1.14519.5.2.1.6279.6001.268589491017129166376960414534,0.5975417439703155,0.2389858216047287,5.248016357421875,1.4928219318389893,0.12010589905083176,0.16324833035469055,0.014412368171993227,5,8,0.0,0.7097247990105133,0.23442113399505615,117.44737243652344,23.16522216796875,3.804671311378477,33.47224426269531,0.33046295343505006,35,8,96.08193969726562,0.11218305504019788,-0.004564687609672546,112.19935607910156,21.67240023612976,3.6845654123276455,33.30899593234062,0.31605058526305685,False
1.3.6.1.4.1.14519.5.2.1.6279.6001.120196332569034738680965284519,0.4620591093580289,0.21959583461284637,32.31263732910156,7.963346004486084,0.28833078265190126,0.2971211075782776,0.07021455441183513,10,8,32.0,0.6107700222946322,0.21801014244556427,166.58004760742188,36.338584899902344,2.105303535461426,2.197657585144043,0.38582765210469566,35,8,166.38951110839844,0.14871091293660327,-0.0015856921672821045,134.2674102783203,28.37523889541626,1.8169727528095247,1.9005364775657654,0.3156130976928605,False
1.3.6.1.4.1.14519.5.2.1.6279.6001.463214953282361219537913355115,0.570635672075484,0.21157310903072357,2.8343353271484375,0.7589446902275085,0.06503821812570096,0.09244169294834137,0.0076617095411651666,1,8,0.0,0.6519964739299356,0.2106045037508011,122.45855712890625,19.553586959838867,3.3046071672439576,11.58324909210205,0.3230540738158756,35,8,120.60309600830078,0.0813608018544516,-0.0009686052799224854,119.62422180175781,18.79464226961136,3.2395689491182567,11.49080739915371,0.3153923642747104,False
1.3.6.1.4.1.14519.5.2.1.6279.6001.100620385482151095585000946543,0.5903495343793851,0.2387523502111435,5.2342529296875,1.5262722969055176,0.11954741038382054,0.15948426723480225,0.014456076066278748,5,8,0.0,0.6406110473274652,0.24471376836299896,129.75863647460938,26.478254318237305,2.8773169779777525,3.6413352489471436,0.3297917294422785,35,8,129.41500854492188,0.05026151294808012,0.005961418151855469,124.52438354492188,24.951982021331787,2.757769567593932,3.4818509817123413,0.3153356533759998,False
1.3.6.1.4.1.14519.5.2.1.6279.6001.156322145453198768801776721493,0.5771659509977267,0.2171904742717743,4.651153564453125,1.2372050285339355,0.09664271086454392,0.13214629888534546,0.012471432563000253,5,8,0.0,0.5269568634054616,0.22724363207817078,136.1564178466797,24.30970573425293,2.596206345558166,3.8779375553131104,0.327694908730189,35,8,135.92062377929688,-0.05020908759226517,0.010053157806396484,131.50526428222656,23.072500705718994,2.4995636346936223,3.745791256427765,0.31522347616718877,False
1.3.6.1.4.1.14519.5.2.1.6279.6001.173101104804533997398137418032,0.5922479296508153,0.21765029430389404,37.477989196777344,8.320526123046875,0.643641653060913,0.7756156325340271,0.09016212742063734,3,8,34.0,0.5532172230285438,0.2311900109052658,164.66734313964844,31.310747146606445,3.129297590255737,3.553544521331787,0.4041273916562398,35,8,163.93936157226562,-0.03903070662227148,0.013539716601371765,127.1893539428711,22.99022102355957,2.485655937194824,2.77792888879776,0.31396526423560245,False
1.3.6.1.4.1.14519.5.2.1.6279.6001.826812708000318290301835871780,0.5766681396376492,0.21251578629016876,20.089492797851562,3.8661208152770996,0.4568747830390932,0.8681046962738037,0.050162759545114316,2,8,10.0,0.5575489762851672,0.21698224544525146,131.14732360839844,22.134878158569336,3.6273481702804586,15.786720275878906,0.36393386877377837,35,8,130.28610229492188,-0.019119163352481983,0.004466459155082703,111.05783081054688,18.268757343292236,3.1704733872413655,14.918615579605103,0.313771109228664,False
1.3.6.1.4.1.14519.5.2.1.6279.6001.315770913282450940389971401304,0.5692374234761778,0.22742752730846405,2.9894561767578125,0.7157554626464844,0.06434407986700534,0.08867275714874268,0.008006373856382237,1,8,0.0,0.5580083843492148,0.22886572778224945,102.99488830566406,25.547531127929688,3.626093242168425,6.067329406738281,0.3214077201233969,35,8,99.52885437011719,-0.011229039126962936,0.0014382004737854004,100.00543212890625,24.831775665283203,3.5617491623014197,5.978656649589539,0.31340134626701466,False
1.3.6.1.4.1.14519.5.2.1.6279.6001.106164978370116976238911317774,0.6098453749315819,0.23683758080005646,1.7851715087890625,0.4453156590461731,0.053180177845060836,0.07418770343065262,0.005372172920364473,1,8,0.0,0.5980432402846196,0.23838558793067932,124.90628814697266,21.8453369140625,2.707822542190558,11.636112213134766,0.3185744526227317,35,8,123.18684387207031,-0.011802134646962226,0.0015480071306228638,123.1211166381836,21.400021255016327,2.6546423643454973,11.561924509704113,0.31320227970236725,False
1.3.6.1.4.1.14519.5.2.1.6279.6001.969607480572818589276327766720,0.590569153069153,0.23415642976760864,3.31597900390625,0.8770307898521423,0.08047766797244549,0.11257501691579819,0.00927091074693534,5,8,0.0,0.5898892773892774,0.22872242331504822,119.12842559814453,19.500333786010742,3.3052433729171753,27.57069206237793,0.3224358088440365,35,8,114.50677490234375,-0.0006798756798755967,-0.005434006452560425,115.81244659423828,18.6233029961586,3.22476570494473,27.45811704546213,0.31316489809710113,False
1.3.6.1.4.1.14519.5.2.1.6279.6001.799582546798528864710752164515,0.642397736043221,0.23407919704914093,4.67669677734375,1.2304010391235352,0.0913544511049986,0.12412046641111374,0.01226440407741401,1,8,0.0,0.5914715719063545,0.2467348724603653,121.44425964355469,23.237234115600586,2.9955245232582097,4.728823184967041,0.3252907226430045,35,8,118.72718811035156,-0.05092616413686657,0.012655675411224365,116.76756286621094,22.00683307647705,2.904170072153211,4.604702718555927,0.3130263185655905,False
1.3.6.1.4.1.14519.5.2.1.6279.6001.188385286346390202873004762827,0.5128671328671328,0.1963375359773636,3.0123443603515625,0.788866400718689,0.06480199553072453,0.08750562369823456,0.009920719104260213,1,8,0.0,0.46501748251748254,0.19903498888015747,121.60070037841797,23.669151306152344,3.4181130194664004,6.063457489013672,0.3225758084906472,35,8,118.16867065429688,-0.047849650349650275,0.0026974529027938843,118.5883560180664,22.880284905433655,3.353311023935676,5.975951865315437,0.312655089386387,False
1.3.6.1.4.1.14519.5.2.1.6279.6001.308655308958459380153492314021,0.644300450479859,0.24912457168102264,97.16928100585938,18.342485427856445,1.0593957793712618,1.1011993885040283,0.21737249660094582,2,8,96.0,0.6840928380231116,0.2502250373363495,202.93739318847656,40.992435455322266,4.963094415664679,7.618321895599365,0.5293330019103157,35,8,201.02444458007812,0.03979238754325265,0.0011004656553268433,105.76811218261719,22.64995002746582,3.9036986362934165,6.517122507095337,0.3119605053093699,False
1.3.6.1.4.1.14519.5.2.1.6279.6001.185226274332527104841463955058,0.505719052385719,0.2370021790266037,46.998138427734375,11.619536399841309,0.5695237565040584,0.6640847325325012,0.10811551141473981,2,8,43.0,0.49985985985985987,0.22787368297576904,176.95616149902344,31.412858963012695,3.0322907829284667,15.360164642333984,0.4199179460525512,35,8,171.26316833496094,-0.005859192525859147,-0.009128496050834656,129.95802307128906,19.793322563171387,2.4627670264244084,14.696079909801483,0.31180243463781143,False
1.3.6.1.4.1.14519.5.2.1.6279.6001.268992195564407418480563388746,0.5858687351794541,0.23456844687461853,2.7842636108398438,0.7183562517166138,0.07178312465548516,0.0947088673710823,0.007826866750088004,1,8,0.0,0.6468791447289096,0.24675758183002472,104.5170669555664,17.119915008544922,4.08685767173767,6.61132287979126,0.3187789254612392,35,8,103.01596069335938,0.06101040954945547,0.012189134955406189,101.73280334472656,16.401558756828308,4.015074547082185,6.5166140124201775,0.3109520587111512,False
1.3.6.1.4.1.14519.5.2.1.6279.6001.323753921818102744511069914832,0.4409090909090909,0.24059434235095978,22.661380767822266,4.23762321472168,0.4100405949354174,0.5619164705276489,0.05562452594505417,2,8,14.0,0.5317209528439475,0.22940531373023987,145.66021728515625,26.284278869628906,3.484955825805669,8.96816349029541,0.3663212162441679,35,8,136.01556396484375,0.09081186193485657,-0.01118902862071991,122.99883651733398,22.046655654907227,3.0749152308702516,8.406247019767761,0.31069669029911373,False
1.3.6.1.4.1.14519.5.2.1.6279.6001.766881513533845439335142582269,0.6141254441649698,0.23070739209651947,4.7978057861328125,1.3133413791656494,0.08761866986751558,0.12719665467739105,0.012307628820339839,5,8,0.0,0.08513328276174126,0.25878357887268066,45.468994140625,11.93664264678955,2.7429005622863802,6.564940452575684,0.3222254381817664,35,8,36.012420654296875,-0.5289921614032286,0.028076186776161194,40.67118835449219,10.623301267623901,2.6552818924188646,6.4377437978982925,0.30991780936142654,False
1.3.6.1.4.1.14519.5.2.1.6279.6001.259543921154154401875872845498,0.576934586151176,0.2303180992603302,23.383499145507812,4.472665786743164,0.4102606654167173,0.48715540766716003,0.05827582906352148,3,8,16.0,0.5135256448620504,0.22422726452350616,158.30178833007812,33.79178237915039,2.115363156795501,2.2508692741394043,0.36718486575285586,35,8,157.58290100097656,-0.06340894128912555,-0.006090834736824036,134.9182891845703,29.319116592407227,1.7051024913787836,1.7637138664722443,0.3089090366893344,False
1.3.6.1.4.1.14519.5.2.1.6279.6001.307835307280028057486413359377,0.577283260848862,0.21887554228305817,3.75006103515625,1.0248453617095947,0.08742302253842352,0.12371864169836044,0.010257629896369245,1,8,0.0,0.5975207136281387,0.21883311867713928,121.53816986083984,23.001792907714844,3.1058295679092387,3.843970537185669,0.3185053012794918,35,8,120.64241027832031,0.0202374527792768,-4.242360591888428e-05,117.7881088256836,21.97694754600525,3.0184065453708153,3.7202518954873085,0.30824767138312253,False
1.3.6.1.4.1.14519.5.2.1.6279.6001.336894364358709782463716339027,0.6299091489722233,0.2289736121892929,4.7637176513671875,1.207245111465454,0.08513660758733749,0.11761447787284851,0.012174323392245506,1,8,0.0,0.6417575828673471,0.2238817662000656,123.93103790283203,25.342693328857422,2.781479105949358,19.607528686523438,0.31988678227000633,35,8,123.39277648925781,0.0118484338951238,-0.005091845989227295,119.16732025146484,24.135448217391968,2.6963424983620206,19.48991420865059,0.30771245887776083,False
1.3.6.1.4.1.14519.5.2.1.6279.6001.110678335949765929063942738609,0.6472184531886025,0.2434270977973938,5.053192138671875,1.281151294708252,0.13370134025812155,0.18970219790935516,0.014414197945263652,1,8,0.0,0.6643509724106739,0.24855037033557892,135.75181579589844,27.240066528320312,1.7556543183326727,2.741466522216797,0.32208339111275147,35,8,135.45144653320312,0.017132519222071374,0.00512327253818512,130.69862365722656,25.95891523361206,1.6219529780745512,2.5517643243074417,0.3076691931674878,False
1.3.6.1.4.1.14519.5.2.1.6279.6001.339142594937666268384335506819,0.5920853858784894,0.22190110385417938,5.1311187744140625,1.2821331024169922,0.1130212675780058,0.15551108121871948,0.013670278251585035,1,8,0.0,0.6506403940886699,0.21330860257148743,120.68524169921875,24.434812545776367,3.526205856800088,7.6533002853393555,0.3209927701711657,35,8,114.22615814208984,0.05855500821018056,-0.008592501282691956,115.55412292480469,23.152679443359375,3.413184589222082,7.497789204120636,0.30732249191958066,False
1.3.6.1.4.1.14519.5.2.1.6279.6001.187694838527128312070807533473,0.5961640121992545,0.23945142328739166,3.38897705078125,0.9259353280067444,0.06907985150814056,0.09417843818664551,0.00900585472120179,1,8,0.0,0.6016265672653338,0.23961783945560455,121.06710815429688,24.09889793395996,3.118899979591357,11.306305885314941,0.3161069477452168,35,8,115.22607421875,0.005462555066079289,0.00016641616821289062,117.67813110351562,23.172962605953217,3.0498201280832165,11.212127447128296,0.307101093024015,False
1.3.6.1.4.1.14519.5.2.1.6279.6001.138894439026794145866157853158,0.4605735727686947,0.2066023051738739,1.7099838256835938,0.48100343346595764,0.041518732458353046,0.05836079269647598,0.00473783208578825,5,8,0.0,0.44124006075225586,0.21240651607513428,110.1327133178711,23.71868133544922,3.4008897876739512,7.42760705947876,0.3114285999615987,35,8,104.00471496582031,-0.019333512016438847,0.005804210901260376,108.4227294921875,23.23767790198326,3.359371055215598,7.369246266782284,0.30669076787581045,False
1.3.6.1.4.1.14519.5.2.1.6279.6001.802595762867498341201607992711,0.5197075845263478,0.2186524122953415,4.024139404296875,1.1042331457138062,0.0776734110713005,0.10832583159208298,0.01055318362613519,5,8,0.0,0.5884617727688091,0.21965762972831726,125.74658966064453,19.72289276123047,2.8829873800277603,18.713533401489258,0.3171258683999376,35,8,119.94132232666016,0.06875418824246127,0.001005217432975769,121.72245025634766,18.618659615516663,2.80531396895646,18.605207569897175,0.30657268477380245,False
1.3.6.1.4.1.14519.5.2.1.6279.6001.244442540088515471945035689377,0.6839464882943144,0.24382758140563965,3.99127197265625,1.1048983335494995,0.1032999999821186,0.1418006867170334,0.011258177700142065,1,8,0.0,0.5911185432924564,0.2517651915550232,139.22682189941406,30.474443435668945,2.2366768336296072,14.719552040100098,0.3177131933450698,35,8,133.34938049316406,-0.09282794500185798,0.007937610149383545,135.2355499267578,29.369545102119446,2.1333768336474885,14.577751353383064,0.3064550156449277,False
1.3.6.1.4.1.14519.5.2.1.6279.6001.210837812047373739447725050963,0.5144374895076385,0.23207993805408478,4.9996795654296875,1.2239489555358887,0.0995199505239724,0.14019176363945007,0.013208787710716324,5,8,0.0,0.5860253735280716,0.2322123944759369,126.69261169433594,28.02910041809082,3.0169140100479046,28.516469955444336,0.319556089904573,35,8,120.42752075195312,0.07158788402043315,0.00013245642185211182,121.69293212890625,26.80515146255493,2.9173940595239323,28.376278191804886,0.3063473021938567,False
1.3.6.1.4.1.14519.5.2.1.6279.6001.323899724653546164058849558431,0.5056995222268383,0.20920944213867188,4.087188720703125,0.9700779318809509,0.06989604704082013,0.09409346431493759,0.010360152531084086,1,8,0.0,0.49562474034067305,0.207777738571167,119.33674621582031,21.970155715942383,2.7534106755256667,12.497281074523926,0.31581840252081556,35,8,78.41561889648438,-0.010074781886165285,-0.0014317035675048828,115.24955749511719,21.000077784061432,2.6835146284848466,12.403187610208988,0.3054582499897315,False
1.3.6.1.4.1.14519.5.2.1.6279.6001.693480911433291675609148051914,0.5633333333333334,0.2233075648546219,43.47235107421875,8.559041976928711,0.6616800981760026,0.7059648036956787,0.10166727861497137,2,8,41.0,0.6535495495495496,0.23190920054912567,164.51296997070312,35.263954162597656,3.2836464214324996,12.280890464782715,0.40537733121448105,35,8,161.71640014648438,0.09021621621621623,0.008601635694503784,121.04061889648438,26.704912185668945,2.621966323256497,11.574925661087036,0.3037100525995097,False
1.3.6.1.4.1.14519.5.2.1.6279.6001.150097650621090951325113116280,0.3972676366181691,0.23454567790031433,4.28936767578125,1.1310925483703613,0.09822841852903366,0.13783052563667297,0.011862339553899235,1,8,0.0,0.5907704614769261,0.22962336242198944,121.00379943847656,26.59724998474121,2.6417228007316593,5.694216728210449,0.3150052923017078,35,8,120.12110900878906,0.19350282485875703,-0.00492231547832489,116.71443176269531,25.46615743637085,2.5434943822026255,5.556386202573776,0.30314295274780856,False
1.3.6.1.4.1.14519.5.2.1.6279.6001.134638281277099121660656324702,0.5714015151515152,0.2401573657989502,4.0892181396484375,1.18720281124115,0.09696555554866786,0.13750028610229492,0.011236479540003669,5,8,0.0,0.5579703282828283,0.24203327298164368,135.90103149414062,29.766584396362305,1.8410649156570433,2.218794107437134,0.31382478406164377,35,8,135.56069946289062,-0.013431186868686829,0.0018759071826934814,131.8118133544922,28.579381585121155,1.7440993601083754,2.081293821334839,0.3025883045216401,False
1.3.6.1.4.1.14519.5.2.1.6279.6001.997611074084993415992563148335,0.5240196078431373,0.22848089039325714,47.99809265136719,10.662944793701172,0.6669196838140488,0.7006394267082214,0.11140458139644727,2,8,45.0,0.5565045248868778,0.2404535561800003,164.1631622314453,32.78616714477539,3.3859420490264895,4.350101470947266,0.41332015396753946,35,8,162.607421875,0.03248491704374057,0.011972665786743164,116.16506958007812,22.12322235107422,2.7190223652124406,3.649462044239044,0.3019155725710922,False
1.3.6.1.4.1.14519.5.2.1.6279.6001.640729228179368154416184318668,0.6085889570552148,0.230575293302536,3.9285354614257812,1.0608149766921997,0.07473110809922219,0.1026032492518425,0.010249780711034934,1,8,0.0,0.5644302310403342,0.22930003702640533,133.87571716308594,28.421770095825195,1.892778841257099,5.908479690551758,0.3119449473367798,35,8,133.70309448242188,-0.04415872601488058,-0.0012752562761306763,129.94718170166016,27.360955119132996,1.8180477331578768,5.805876441299915,0.30169516662574486,False
1.3.6.1.4.1.14519.5.2.1.6279.6001.206539885154775002929031534291,0.6320223095595885,0.2270771563053131,66.2209243774414,11.269393920898438,1.7220190596580425,2.693276882171631,0.17882250378131845,2,8,47.0,0.6232805456016646,0.22542791068553925,194.1727294921875,39.42534637451172,4.1812804841995055,5.306321144104004,0.4798909291744227,35,8,192.06417846679688,-0.00874176395792392,-0.0016492456197738647,127.9518051147461,28.15595245361328,2.459261424541463,2.613044261932373,0.3010684253931043,False
1.3.6.1.4.1.14519.5.2.1.6279.6001.801945620899034889998809817499,0.4744682020557357,0.24326297640800476,6.365936279296875,1.7228691577911377,0.13617071181535714,0.18736004829406738,0.01716101057098971,1,8,0.0,0.5718545594459408,0.23021329939365387,122.13739776611328,23.23616600036621,2.9514712905883704,3.7746200561523438,0.3178661652882891,35,8,120.41344451904297,0.09738635739020507,-0.013049677014350891,115.7714614868164,21.513296842575073,2.815300578773013,3.5872600078582764,0.30070515471729936,False
1.3.6.1.4.1.14519.5.2.1.6279.6001.262873069163227096134627700599,0.6193947099960081,0.2481141984462738,67.92520904541016,14.589366912841797,0.834062750339508,0.8743777275085449,0.15496282993687524,2,8,65.0,0.42433874950101275,0.24730993807315826,194.85801696777344,42.45270538330078,3.03033878326416,15.840066909790039,0.45499756075541176,35,8,186.77767944335938,-0.19505596049499535,-0.0008042603731155396,126.93280792236328,27.863338470458984,2.196276032924652,14.965689182281494,0.3000347308185365,False
1.3.6.1.4.1.14519.5.2.1.6279.6001.308153138776443962077214577161,0.6674766620091934,0.22906717658042908,25.230255126953125,6.4390716552734375,0.3385304480791092,0.3573406934738159,0.060230116721656575,10,8,25.0,0.6632241864609278,0.23200936615467072,116.69857788085938,29.05661964416504,3.995767345428468,9.754961967468262,0.35996862091488313,35,8,114.62101745605469,-0.004252475548265577,0.002942189574241638,91.46832275390625,22.6175479888916,3.6572368973493585,9.397621273994446,0.29973850419322656,False
1.3.6.1.4.1.14519.5.2.1.6279.6001.179730018513720561213088132029,0.4732195026942803,0.2247474640607834,2.287139892578125,0.6179389357566833,0.04993270516395568,0.06881608814001083,0.0061497357196278035,1,8,0.0,0.5796598065311952,0.22035358846187592,118.13092803955078,20.579248428344727,2.9199367475509614,11.35367202758789,0.30527314828766705,35,8,113.20121002197266,0.10644030383691488,-0.004393875598907471,115.84378814697266,19.961309492588043,2.8700040423870057,11.28485593944788,0.29912341256803926,False
1.3.6.1.4.1.14519.5.2.1.6279.6001.323535944958374186208096541480,0.2954970952114416,0.2516935169696808,5.04217529296875,1.2439180612564087,0.15036718100309374,0.21506668627262115,0.046106591131283015,1,8,0.0,0.623805755534539,0.23372133076190948,130.2161865234375,20.85691261291504,3.304484987258917,10.757574081420898,0.34423564121458283,35,8,124.7878189086914,0.3283086603230974,-0.0179721862077713,125.17401123046875,19.61299455165863,3.1541178062558233,10.542507395148277,0.2981290500832998,False
1.3.6.1.4.1.14519.5.2.1.6279.6001.771741891125176943862272696845,0.5027984765689684,0.2341410219669342,6.51397705078125,1.7990707159042358,0.15149106532335285,0.20212188363075256,0.017980696279141638,1,8,0.0,0.501010101010101,0.2387130856513977,119.09062194824219,20.532115936279297,3.4530577802658096,12.304824829101562,0.3160961033556197,35,8,110.61007690429688,-0.00178837555886735,0.004572063684463501,112.57664489746094,18.73304522037506,3.3015667149424566,12.10270294547081,0.2981154070764781,False
1.3.6.1.4.1.14519.5.2.1.6279.6001.329624439086643515259182406526,0.5212235509265212,0.21106845140457153,2.99969482421875,0.7443901896476746,0.05360085681080818,0.07407602667808533,0.007625933959583441,1,8,0.0,0.5589844698755589,0.20464220643043518,116.5884780883789,27.666982650756836,3.002775917053223,25.70728874206543,0.30552275818718805,35,8,82.49946594238281,0.03776091894903777,-0.0064262449741363525,113.58878326416016,26.92259246110916,2.9491750602424145,25.633212715387344,0.2978968242276046,False
1.3.6.1.4.1.14519.5.2.1.6279.6001.190937805243443708408459490152,0.6515079604780601,0.23084264993667603,8.027099609375,1.4501490592956543,0.11719346567988384,0.2150825709104538,0.019411027587950224,5,8,2.0,0.614761760941163,0.23583588004112244,134.85015869140625,27.29254913330078,2.4798083782196017,13.903992652893066,0.31688565662172097,35,8,129.36959838867188,-0.03674619953689717,0.004993230104446411,126.82305908203125,25.842400074005127,2.362614912539718,13.688910081982613,0.29747462903377075,False
1.3.6.1.4.1.14519.5.2.1.6279.6001.146603910507557786636779705509,0.6191703845500718,0.222140371799469,4.5549774169921875,1.2535436153411865,0.10054690748453139,0.1372455209493637,0.012411155170533393,5,8,0.0,0.603933494913318,0.22568804025650024,130.68186950683594,27.388538360595703,2.022686986923216,2.9848783016204834,0.30969627996020843,35,8,130.44558715820312,-0.015236889636753737,0.00354766845703125,126.12689208984375,26.134994745254517,1.9221400794386845,2.8476327806711197,0.29728512478967506,False
1.3.6.1.4.1.14519.5.2.1.6279.6001.443400977949406454649939526179,0.4769406172720558,0.2588452100753784,40.16895294189453,9.065601348876953,0.3633192548155783,0.37809833884239197,0.0894985876881414,2,8,40.0,0.5212608793396923,0.24843740463256836,157.90919494628906,35.046974182128906,2.4707777237892143,7.763001441955566,0.3866219245142406,35,8,156.36962890625,0.04432026206763656,-0.010407805442810059,117.74024200439453,25.981372833251953,2.107458468973636,7.384903103113174,0.2971233368260992,False
1.3.6.1.4.1.14519.5.2.1.6279.6001.104562737760173137525888934217,0.5013879635798356,0.2185690701007843,2.6474990844726562,0.6959198713302612,0.055483692474663254,0.07672280818223953,0.007011104895960954,1,8,0.0,0.5068426604485898,0.2225242257118225,112.21418762207031,20.50817108154297,3.086780936717987,19.76763916015625,0.3034942107756932,35,8,89.97262573242188,0.005454696868754216,0.003955155611038208,109.56668853759766,19.812251210212708,3.0312972442433237,19.69091635197401,0.29648310587973226,False
1.3.6.1.4.1.14519.5.2.1.6279.6001.226152078193253087875725735761,0.49060980172091284,0.23368321359157562,4.7839508056640625,1.1989216804504395,0.11211753219366064,0.1559850424528122,0.01309921777811315,1,8,0.0,0.25798728020950246,0.23532572388648987,103.00479125976562,20.502897262573242,1.8651110804080948,6.222224235534668,0.30956832585601146,35,8,101.8453369140625,-0.23262252151141039,0.0016425102949142456,98.22084045410156,19.303975582122803,1.752993548214434,6.066239193081856,0.29646910807789834,False
1.3.6.1.4.1.14519.5.2.1.6279.6001.279300249795483097365868125932,0.225365757216291,0.23696491122245789,7.104217529296875,1.8221584558486938,0.19688188850879668,0.26334479451179504,0.0919213106156665,1,8,0.0,0.5441083432186635,0.23436664044857025,157.31082153320312,26.11481475830078,3.761319508552551,4.466475009918213,0.3867736973815494,35,8,156.4534149169922,0.3187425860023725,-0.0025982707738876343,150.20660400390625,24.292656302452087,3.5644376200437544,4.203130215406418,0.2948523867658829,False
1.3.6.1.4.1.14519.5.2.1.6279.6001.244447966386688625240438849169,0.38690106752730885,0.24004775285720825,6.586334228515625,1.7500725984573364,0.13922206327319145,0.1896362155675888,0.017643123132818274,1,8,0.0,0.48941782522343596,0.2380247563123703,127.83248138427734,28.07098388671875,2.269347426891327,16.527578353881836,0.3120789884805679,35,8,122.70775604248047,0.10251675769612711,-0.0020229965448379517,121.24614715576172,26.320911288261414,2.1301253636181356,16.337942138314247,0.2944358653477496,False
1.3.6.1.4.1.14519.5.2.1.6279.6001.323859712968543712594665815359,0.5377552193695692,0.24841411411762238,36.102325439453125,7.24402379989624,0.3821579563617707,0.39595308899879456,0.08094701009723876,2,8,36.0,0.6290346424875572,0.25533807277679443,147.10287475585938,29.475976943969727,3.4051604652404786,8.379683494567871,0.3745698585298326,35,8,144.55801391601562,0.09127942311798809,0.006923958659172058,111.00054931640625,22.231953144073486,3.023002508878708,7.9837304055690765,0.29362284843259384,False
1.3.6.1.4.1.14519.5.2.1.6279.6001.337005960787660957389988207064,0.5003020723568669,0.2324204295873642,5.815185546875,1.3979649543762207,0.11189416766166686,0.1503162980079651,0.015235845694277021,1,8,0.0,0.4850439058658237,0.23210224509239197,117.71939849853516,21.488998413085938,2.9159526300430176,9.717768669128418,0.3083850760089023,35,8,116.23081970214844,-0.015258166491043168,-0.000318184494972229,111.90421295166016,20.091033458709717,2.804058462381351,9.567452371120453,0.2931492303146253,False
1.3.6.1.4.1.14519.5.2.1.6279.6001.174449669706458092793093760291,0.5094597480247705,0.23124930262565613,4.011383056640625,1.0847004652023315,0.08867351710796353,0.12176734209060669,0.010802734576993519,1,8,0.0,0.5198092390917503,0.23401512205600739,106.66278839111328,12.739173889160156,3.5720144367218016,9.8597412109375,0.30381121155420937,35,8,104.27476501464844,0.010349491066979799,0.0027658194303512573,102.65140533447266,11.654473423957825,3.483340919613838,9.737973868846893,0.2930084769772158,False
1.3.6.1.4.1.14519.5.2.1.6279.6001.106719103982792863757268101375,0.6463498430738945,0.25520917773246765,4.1418609619140625,1.1433556079864502,0.10628528907895089,0.14458942413330078,0.01165647386295928,1,8,0.0,0.6337586123646628,0.2593745291233063,124.55609893798828,24.95726776123047,2.645878729820252,13.36649227142334,0.30448078287442526,35,8,118.30806732177734,-0.012591230709231738,0.004165351390838623,120.41423797607422,23.81391215324402,2.5395934407413012,13.221902847290039,0.292824309011466,False
1.3.6.1.4.1.14519.5.2.1.6279.6001.270951128717816232360812849541,0.6067168691254878,0.24434834718704224,4.70635986328125,1.1348215341567993,0.0875272636860608,0.11885780096054077,0.012183020965009924,1,8,0.0,0.4300967405045897,0.25287070870399475,126.220458984375,28.837074279785156,2.0784782934188804,3.457998514175415,0.3046395453188153,35,8,124.78091430664062,-0.17662012862089815,0.008522361516952515,121.51409912109375,27.702252745628357,1.9909510297328195,3.3391407132148743,0.29245652435380537,False
1.3.6.1.4.1.14519.5.2.1.6279.6001.447468612991222399440694673357,0.5722653000099837,0.23290471732616425,4.448333740234375,1.3291062116622925,0.10962495557963847,0.14740067720413208,0.012513963387161493,5,8,0.0,0.5875403507604247,0.23183093965053558,121.47221374511719,25.3074893951416,2.6086904406547546,3.017488718032837,0.30466769225067564,15,8,119.98737335205078,0.015275050750441,-0.0010737776756286621,117.02388000488281,23.97838318347931,2.499065485075116,2.870088040828705,0.29215372886351415,False
1.3.6.1.4.1.14519.5.2.1.6279.6001.141345499716190654505508410197,0.6008696706685377,0.23743292689323425,4.326568603515625,1.0678249597549438,0.09603908821940421,0.13656172156333923,0.011613250986900593,1,8,0.0,0.6326074528350917,0.23317712545394897,129.82569885253906,31.5238037109375,1.7838103318214413,2.1006059646606445,0.3031063747061623,35,8,129.7178955078125,0.031737782166553985,-0.004255801439285278,125.49913024902344,30.455978751182556,1.6877712436020371,1.9640442430973053,0.2914931237192617,False
1.3.6.1.4.1.14519.5.2.1.6279.6001.271220641987745483198036913951,0.49741917128980473,0.22214390337467194,5.9617462158203125,1.630628228187561,0.10098184406757356,0.14553585648536682,0.01506336156990793,1,8,0.0,0.20154849722611717,0.25529181957244873,62.806915283203125,7.505290508270264,3.298862121105196,10.080154418945312,0.3064659633453244,35,8,40.23199462890625,-0.29587067406368756,0.033147916197776794,56.84516906738281,5.874662280082703,3.1978802770376222,9.934618562459946,0.29140260177541644,False
1.3.6.1.4.1.14519.5.2.1.6279.6001.339484970190920330170416228517,0.5959529126347421,0.23094789683818817,106.09086608886719,23.256837844848633,1.9097863018512735,2.930678606033325,0.259196548667219,20,8,101.0,0.0003859620103106994,0.08351884037256241,86.26502990722656,13.471577644348145,4.124280023574834,29.351381301879883,0.5501994263520016,35,8,30.030517578125,-0.5955669506244314,-0.14742905646562576,-19.825836181640625,-9.785260200500488,2.214493721723561,26.420702695846558,0.2910028776847826,False
1.3.6.1.4.1.14519.5.2.1.6279.6001.297251044869095073091780740645,0.5432365145228216,0.2100895792245865,44.26341247558594,10.207535743713379,0.7673262834548947,0.979597806930542,0.10945986003345913,15,8,43.0,0.615103734439834,0.2145950198173523,146.76841735839844,30.521804809570312,3.823226928710929,45.10643768310547,0.4003027216593422,35,8,133.32687377929688,0.07186721991701239,0.004505440592765808,102.5050048828125,20.314269065856934,3.055900645256034,44.12683987617493,0.2908428616258831,False
1.3.6.1.4.1.14519.5.2.1.6279.6001.293757615532132808762625441831,0.5385136770757686,0.2210487574338913,23.202926635742188,4.572399616241455,0.28305497914552685,0.30144190788269043,0.05214741098715199,2,8,22.0,0.5622367465504721,0.21680554747581482,141.40151977539062,20.319053649902344,3.2768475532531705,4.691455841064453,0.3424287201563516,35,8,140.18896484375,0.023723069474703484,-0.004243209958076477,118.19859313964844,15.746654033660889,2.9937925741076437,4.390013933181763,0.29028130916919964,False
1.3.6.1.4.1.14519.5.2.1.6279.6001.663019255629770796363333877035,0.48901678050425834,0.26255863904953003,5.0765228271484375,1.2883782386779785,0.1405551999807358,0.19073931872844696,0.014773738096157712,1,8,0.0,0.5894889956994688,0.24983492493629456,129.64491271972656,24.185462951660156,2.1312454700469985,3.2766711711883545,0.30504719940821334,35,8,129.36251831054688,0.10047221519521043,-0.012723714113235474,124.56838989257812,22.897084712982178,1.9906902700662628,3.0859318524599075,0.2902734613120556,False
1.3.6.1.4.1.14519.5.2.1.6279.6001.116097642684124305074876564522,0.5880288492497907,0.22812236845493317,2.99627685546875,0.8371930718421936,0.06646385192871093,0.09194423258304596,0.008128167841169568,5,8,0.0,0.6129177667589671,0.2302713692188263,112.05931091308594,20.804311752319336,3.040436911582945,4.930333137512207,0.2979563922087351,20,8,107.78096771240234,0.024888917509176434,0.0021490007638931274,109.06303405761719,19.967118680477142,2.973973059654234,4.838388904929161,0.28982822436756556,False
1.3.6.1.4.1.14519.5.2.1.6279.6001.176869045992276345870480098568,0.3910631167380376,0.2198072075843811,4.8632659912109375,1.1806976795196533,0.1263662776350974,0.18174055218696594,0.013683318896094955,1,8,0.0,0.4396946564885496,0.22478210926055908,108.45628356933594,20.8458309173584,3.5023175024985815,22.247150421142578,0.3034289414008445,35,8,87.97421264648438,0.04863153975051199,0.0049749016761779785,103.593017578125,19.665133237838745,3.375951224863484,22.065409868955612,0.2897456225047495,False
1.3.6.1.4.1.14519.5.2.1.6279.6001.207341668080525761926965850679,0.6083228247162673,0.24386285245418549,6.21588134765625,1.7295126914978027,0.14790722757577898,0.19636279344558716,0.017275072908070354,1,8,0.0,0.2841025641025641,0.26395532488822937,106.55445861816406,25.191125869750977,2.002468514442444,8.302253723144531,0.30671220497887064,35,8,105.43807983398438,-0.3242202606137032,0.020092472434043884,100.33857727050781,23.461613178253174,1.8545612868666652,8.105890929698944,0.2894371320708003,False
1.3.6.1.4.1.14519.5.2.1.6279.6001.129055977637338639741695800950,0.5053668516338771,0.23461005091667175,6.8632354736328125,1.8024992942810059,0.13572993293404573,0.18757636845111847,0.01803114711360799,1,8,0.0,0.6046045625245222,0.2428709715604782,128.03964233398438,26.57769775390625,2.1015226078033447,25.16692543029785,0.3065164657062954,35,8,120.70433044433594,0.09923771089064515,0.008260920643806458,121.17640686035156,24.775198459625244,1.9657926748692989,24.979349061846733,0.28848531859268745,False
1.3.6.1.4.1.14519.5.2.1.6279.6001.143782059748737055784173697516,0.48429824561403506,0.22089730203151703,5.1142425537109375,1.360443353652954,0.11881675004959077,0.17056886851787567,0.014086551504664941,5,8,0.0,0.44609649122807016,0.23561999201774597,133.02012634277344,26.656204223632812,1.8770139634609222,2.1854639053344727,0.3022134721875191,35,8,132.8282928466797,-0.0382017543859649,0.014722689986228943,127.9058837890625,25.29576086997986,1.7581972134113315,2.014895036816597,0.28812692068285417,False
1.3.6.1.4.1.14519.5.2.1.6279.6001.144438612068946916340281098509,0.628652123100896,0.22099998593330383,16.96124267578125,2.2266688346862793,0.39262369930744173,1.0505383014678955,0.045670121806859976,5,8,5.0,0.6501915335670692,0.22019192576408386,115.27470397949219,22.26128578186035,3.9605442953109744,8.036087036132812,0.3334180363178253,35,8,113.98432159423828,0.021539410466173137,-0.0008080601692199707,98.31346130371094,20.034616947174072,3.5679205960035327,6.985548734664917,0.2877479145109653,False
1.3.6.1.4.1.14519.5.2.1.6279.6001.204802250386343794613980417281,0.5451585451585451,0.22789880633354187,3.69158935546875,0.9853542447090149,0.09256937719881535,0.1278286576271057,0.01023291520136926,1,8,0.0,0.5242720242720242,0.23724928498268127,114.05777740478516,16.610258102416992,3.168801636695862,9.010623931884766,0.2978778662310706,35,8,110.24822235107422,-0.020886520886520876,0.009350478649139404,110.3661880493164,15.624903857707977,3.0762322594970466,8.88279527425766,0.28764495102970133,False
1.3.6.1.4.1.14519.5.2.1.6279.6001.250863365157630276148828903732,0.4902470078940667,0.22919321060180664,5.605987548828125,1.521431803703308,0.11785445645451546,0.16466054320335388,0.015018612355490527,1,8,0.0,0.5750700280112044,0.2239631712436676,111.64745330810547,19.12656593322754,2.8399029374122637,10.71025276184082,0.3019307133224276,35,8,104.67283630371094,0.08482302011713772,-0.005230039358139038,106.04146575927734,17.60513412952423,2.7220484809577483,10.545592218637466,0.2869121009669371,False
1.3.6.1.4.1.14519.5.2.1.6279.6001.306788423710427765311352901943,0.5478629351868789,0.22187456488609314,4.061614990234375,1.0602836608886719,0.08598854206502438,0.12404386699199677,0.010769591416335766,5,8,0.0,0.5609109200658496,0.2195383459329605,108.10491180419922,19.84442710876465,3.2642465734481982,10.810320854187012,0.2974192434999683,35,8,101.17534637451172,0.013047984878970742,-0.0023362189531326294,104.04329681396484,18.784143447875977,3.178258031383174,10.686276987195015,0.2866496520836325,False
1.3.6.1.4.1.14519.5.2.1.6279.6001.671278273674156798801285503514,0.6216762314681971,0.22068467736244202,2.1136703491210938,0.5363293886184692,0.05158069662749768,0.07419335097074509,0.005981941037459506,5,8,0.0,0.17146102343376374,0.26083678007125854,54.86863708496094,10.306777954101562,2.7987545442581183,9.562384605407715,0.29183547064098536,35,8,34.12579345703125,-0.4502152080344333,0.04015210270881653,52.754966735839844,9.770448565483093,2.7471738476306204,9.48819125443697,0.28585352960352584,False
1.3.6.1.4.1.14519.5.2.1.6279.6001.338114620394879648539943280992,0.5447160737406745,0.23269446194171906,4.309295654296875,1.2045583724975586,0.09679547138512135,0.12564925849437714,0.011912266303681664,1,8,0.0,0.616036747025094,0.2248542755842209,110.38490295410156,20.343172073364258,2.6443111300468445,3.7892558574676514,0.29617470006148017,35,8,109.401123046875,0.07132067328441949,-0.007840186357498169,106.07560729980469,19.1386137008667,2.547515658661723,3.6636065989732742,0.2842624337577985,False
1.3.6.1.4.1.14519.5.2.1.6279.6001.970264865033574190975654369557,0.588666359021689,0.22744563221931458,2.94793701171875,0.7905037999153137,0.06819467574357987,0.09336608648300171,0.00806072273088826,1,8,0.0,0.6567420396862022,0.22924605011940002,119.4946517944336,21.384729385375977,2.6225824642181412,3.1653542518615723,0.2921417658170065,35,8,119.13912963867188,0.0680756806645132,0.0018004179000854492,116.54671478271484,20.594225585460663,2.5543877884745614,3.0719881653785706,0.28408104308611826,False
1.3.6.1.4.1.14519.5.2.1.6279.6001.130036599816889919308975074972,0.610128617363344,0.2243165671825409,5.760223388671875,1.5795375108718872,0.11828209720551967,0.16519489884376526,0.015268215201381179,1,8,0.0,0.6403980485641424,0.22245801985263824,134.22186279296875,28.517803192138672,1.2634954226017,1.347875714302063,0.299301355530156,25,8,134.03872680664062,0.03026943120079839,-0.001858547329902649,128.46163940429688,26.938265681266785,1.1452133253961803,1.1826808154582977,0.28403314032877486,False
1.3.6.1.4.1.14519.5.2.1.6279.6001.108231420525711026834210228428,0.356340718105424,0.218556746840477,5.13201904296875,1.2731338739395142,0.10979695960879327,0.1553090661764145,0.013843920714490943,1,8,0.0,0.513127069009422,0.21068471670150757,121.93550109863281,27.865890502929688,2.053718194961548,18.111976623535156,0.297627314959632,35,8,121.76776123046875,0.15678635090399795,-0.007872030138969421,116.80348205566406,26.592756628990173,1.9439212353527549,17.95666755735874,0.2837833942451411,False
1.3.6.1.4.1.14519.5.2.1.6279.6001.674809958213117379592437424616,0.3708984650049289,0.21858620643615723,12.73944091796875,2.6643459796905518,0.17439250156283376,0.19083012640476227,0.02941744711812999,2,8,11.0,0.5691334553818711,0.21275901794433594,135.7322998046875,33.33847427368164,1.6673365640640259,3.133653402328491,0.3125954329543643,35,8,135.60264587402344,0.1982349903769422,-0.005827188491821289,122.99285888671875,30.67412829399109,1.492944062501192,2.942823275923729,0.2831779858362343,False
1.3.6.1.4.1.14519.5.2.1.6279.6001.404457313935200882843898832756,0.43394565217391307,0.22017405927181244,4.4268951416015625,1.2342051267623901,0.0869622372090816,0.1187095046043396,0.011695382357471517,1,8,0.0,0.5182826086956521,0.22415392100811005,115.72395324707031,21.33689308166504,2.5285989975929226,34.03148651123047,0.29394474454190983,35,8,107.01548767089844,0.08433695652173906,0.003979861736297607,111.29705810546875,20.10268795490265,2.441636760383841,33.91277700662613,0.2822493621844383,False
1.3.6.1.4.1.14519.5.2.1.6279.6001.203179378754043776171267611064,0.5762097551571236,0.24446819722652435,118.26644897460938,26.985759735107422,3.744063692092892,8.21988296508789,0.3380068629688686,15,8,100.0,0.6057065741276267,0.23698674142360687,223.51695251464844,38.101402282714844,5.915518069267244,59.75444412231445,0.6201761938995777,35,8,185.86241149902344,0.029496818970503158,-0.0074814558029174805,105.25050354003906,11.115642547607422,2.171454377174352,51.53456115722656,0.28216933093070906,False
1.3.6.1.4.1.14519.5.2.1.6279.6001.254957696184671649675053562027,0.4337336704593342,0.24136027693748474,17.500839233398438,4.185034275054932,0.1762282982468604,0.2015531063079834,0.04012729075716601,2,8,17.0,0.21548409186683523,0.2476484626531601,89.29217529296875,20.930208206176758,2.258660745620725,7.695160388946533,0.3211996499987872,35,8,88.22702026367188,-0.21824957859249897,0.006288185715675354,71.79133605957031,16.745173931121826,2.0824324473738645,7.49360728263855,0.28107235924162116,False
1.3.6.1.4.1.14519.5.2.1.6279.6001.132817748896065918417924920957,0.6385505698005698,0.24292215704917908,4.8018035888671875,1.2211291790008545,0.10215274326503275,0.14294742047786713,0.012747698575009903,1,8,0.0,0.5701923076923077,0.24098214507102966,110.82954406738281,29.193567276000977,2.669514982700346,12.00047492980957,0.2933801929129494,35,8,110.38231658935547,-0.06835826210826212,-0.001940011978149414,106.02774047851562,27.972438097000122,2.567362239435313,11.857527509331703,0.2806324943379395,False
1.3.6.1.4.1.14519.5.2.1.6279.6001.335866409407244673864352309754,0.5973553719008264,0.24709084630012512,30.259918212890625,7.900739669799805,0.3179515591263776,0.32810279726982117,0.06956783093313378,10,8,30.0,0.557107438016529,0.2575404942035675,112.10261535644531,23.396316528320312,4.314576992988587,5.415811061859131,0.3496756732675764,35,8,111.0975341796875,-0.04024793388429748,0.010449647903442383,81.84269714355469,15.495576858520508,3.9966254338622096,5.08770826458931,0.28010784233444264,False
1.3.6.1.4.1.14519.5.2.1.6279.6001.401389720232123950202941034290,0.6081967213114754,0.22621557116508484,2.3903656005859375,0.6041968464851379,0.05071687050163747,0.06595680117607117,0.006455521190414827,1,8,0.0,0.5227610008628127,0.241872638463974,105.12679290771484,27.020858764648438,2.6317117094993607,15.091614723205566,0.2864432789617115,35,8,96.95529174804688,-0.08543572044866266,0.01565706729888916,102.7364273071289,26.4166619181633,2.5809948389977233,15.025657922029495,0.2799877577712967,False
1.3.6.1.4.1.14519.5.2.1.6279.6001.385151742584074711135621089321,0.5899334010051744,0.21914643049240112,2.9623565673828125,0.8503738045692444,0.06554021671414377,0.09180724620819092,0.0080872485410836,5,8,0.0,0.6013839716768588,0.22480949759483337,121.45757293701172,24.329992294311523,2.3170252609252944,7.476993560791016,0.2874271405114068,35,8,120.548583984375,0.011450570671684313,0.005663067102432251,118.4952163696289,23.47961848974228,2.2514850442111505,7.385186314582825,0.27933989197032316,False
1.3.6.1.4.1.14519.5.2.1.6279.6001.109002525524522225658609808059,0.504798823062373,0.22114863991737366,16.538101196289062,3.1184263229370117,0.4481168520450585,0.5617316365242004,0.04457763837046091,2,8,14.0,0.491651682507064,0.21286670863628387,103.03799438476562,25.79514503479004,4.125994815826416,9.33421802520752,0.31993509163326683,35,8,99.88760375976562,-0.013147140555309023,-0.008281931281089783,86.49989318847656,22.676718711853027,3.677877963781357,8.772486388683319,0.2753574532628059,False
1.3.6.1.4.1.14519.5.2.1.6279.6001.779493719385047675154892222907,0.45671302866874824,0.22508788108825684,39.00117492675781,8.89978313446045,0.3029567974805832,0.31121647357940674,0.08271256248222457,2,8,39.0,0.5578942771676237,0.22694459557533264,137.23204040527344,27.992290496826172,3.256005070209501,28.437854766845703,0.35749689193036815,35,8,133.48558044433594,0.1011812484988755,0.0018567144870758057,98.23086547851562,19.092507362365723,2.9530482727289176,28.126638293266296,0.27478432944814357,False
1.3.6.1.4.1.14519.5.2.1.6279.6001.211956804948320236390242845468,0.3177118171683389,0.2564833462238312,55.34492492675781,11.7061185836792,1.1121268105506907,1.8444918394088745,0.15444162234892328,3,8,34.0,0.48363991081382385,0.2387073040008545,164.63351440429688,41.1685905456543,3.1236914706230174,13.400064468383789,0.42551849100589756,35,8,162.11660766601562,0.16592809364548494,-0.017776042222976685,109.28858947753906,29.462471961975098,2.0115646600723265,11.555572628974915,0.2710768686569743,False
1.3.6.1.4.1.14519.5.2.1.6279.6001.935683764293840351008008793409,0.564094387755102,0.2617919445037842,13.025238037109375,3.000197410583496,0.13156301021575922,0.16428948938846588,0.030032244263754948,2,8,13.0,0.5072633219954649,0.2589559853076935,111.04573822021484,23.03539276123047,3.041544005870817,5.517606258392334,0.30022522532410084,35,8,106.13811492919922,-0.056831065759637145,-0.0028359591960906982,98.02050018310547,20.035195350646973,2.909980995655058,5.353316769003868,0.2701929810603459,False
1.3.6.1.4.1.14519.5.2.1.6279.6001.119806527488108718706404165837,0.6579618871817146,0.2449146807193756,2.6171798706054688,0.6464020013809204,0.04796970821917057,0.06475431472063065,0.006760451212111446,1,8,0.0,0.6682501764482328,0.22645629942417145,118.90313720703125,21.677196502685547,1.5770617723464966,4.176787376403809,0.2761175223191579,35,8,118.08253479003906,0.010288289266518258,-0.018458381295204163,116.28595733642578,21.030794501304626,1.529092064127326,4.112033061683178,0.2693570711070465,False
1.3.6.1.4.1.14519.5.2.1.6279.6001.144943344795414353192059796098,0.5656316590563166,0.23229986429214478,32.82281494140625,6.073047161102295,0.7297815161943436,0.8521828055381775,0.08337184677587615,10,8,32.0,0.5635616438356165,0.2360793650150299,134.46209716796875,22.981836318969727,3.524958496093753,29.645837783813477,0.35246967078314895,35,8,130.12255859375,-0.002070015220700161,0.003779500722885132,101.6392822265625,16.90878915786743,2.7951769798994093,28.7936549782753,0.2690978240072728,False
1.3.6.1.4.1.14519.5.2.1.6279.6001.278010349511857248000260557753,0.5999107215323431,0.2216353714466095,4.8793792724609375,1.1583398580551147,0.09260934591293335,0.12480925768613815,0.012607925799157885,1,8,0.0,0.6147093038984931,0.22876448929309845,105.13243103027344,23.23217010498047,2.5141753554344177,5.376317977905273,0.2815392773018943,35,8,102.43221282958984,0.014798582366149948,0.007129117846488953,100.2530517578125,22.073830246925354,2.4215660095214844,5.251508720219135,0.26893135150273645,False
1.3.6.1.4.1.14519.5.2.1.6279.6001.299767339686526858593516834230,0.6314158534497517,0.21987780928611755,76.50811004638672,15.96928596496582,0.9281709027290341,1.0150656700134277,0.18514004259904226,5,8,72.0,0.6139017291559664,0.22815626859664917,172.08877563476562,33.763492584228516,3.3921986770629857,3.697643756866455,0.4529835904863144,35,8,171.67507934570312,-0.017514124293785294,0.008278459310531616,95.5806655883789,17.794206619262695,2.4640277743339514,2.6825780868530273,0.26784354788727216,False
1.3.6.1.4.1.14519.5.2.1.6279.6001.141149610914910880857802344415,0.3899857617465591,0.2642397880554199,6.1623077392578125,1.7030888795852661,0.1459234771132469,0.2001553624868393,0.016986059729589355,1,8,0.0,0.6350735643094447,0.2578994035720825,108.46198272705078,22.099817276000977,2.9452528476715027,8.0096435546875,0.2846857655313278,25,8,106.0546646118164,0.24508780256288565,-0.006340384483337402,102.29967498779297,20.39672839641571,2.799329370558256,7.809488192200661,0.26769970580173846,False
1.3.6.1.4.1.14519.5.2.1.6279.6001.106419850406056634877579573537,0.5335573333333333,0.22807687520980835,7.2294921875,1.7216747999191284,0.10918018773198125,0.12777204811573029,0.017228500644200374,10,8,5.0,0.57088,0.22303172945976257,124.81258392333984,22.402254104614258,1.6131214272975916,4.018378257751465,0.28451287499666206,35,8,124.47270965576172,0.037322666666666726,-0.005045145750045776,117.58309173583984,20.68057930469513,1.5039412395656102,3.8906062096357346,0.26728437435246166,False
1.3.6.1.4.1.14519.5.2.1.6279.6001.286627485198831346082954437212,0.6442142857142857,0.2284272164106369,3.0466156005859375,0.8362929821014404,0.07388290323317051,0.1016061007976532,0.00840918160205086,5,8,0.0,0.10494642857142857,0.22534804046154022,36.12559509277344,9.007742881774902,1.711773312091829,5.779669761657715,0.27568400115572145,35,8,18.00830078125,-0.5392678571428572,-0.0030791759490966797,33.0789794921875,8.171449899673462,1.6378904088586586,5.678063660860062,0.2672748195536706,False
1.3.6.1.4.1.14519.5.2.1.6279.6001.277445975068759205899107114231,0.5381724022719679,0.227401465177536,7.893806457519531,1.3428800106048584,0.18158192321658118,0.2629055976867676,0.02063767466164297,2,8,5.0,0.5300367524223187,0.22887076437473297,107.93769836425781,19.101205825805664,2.863216378688812,5.467741966247559,0.28740600309636855,35,8,106.9666519165039,-0.008135649849649207,0.0014692991971969604,100.04389190673828,17.758325815200806,2.6816344554722304,5.204836368560791,0.2667683284347256,False
1.3.6.1.4.1.14519.5.2.1.6279.6001.162718361851587451505896742103,0.5365466101694916,0.22741764783859253,3.3571929931640625,0.7994221448898315,0.07664377614855768,0.1098673865199089,0.009166678194370535,1,8,0.0,0.5706622120817036,0.2294449657201767,118.14347076416016,24.443161010742188,1.7540807867050208,2.6985719203948975,0.2753551286114588,35,8,117.8594741821289,0.03411560191221208,0.0020273178815841675,114.7862777709961,23.643738865852356,1.677437010556463,2.5887045338749886,0.2661884504170882,False
1.3.6.1.4.1.14519.5.2.1.6279.6001.265570697208310960298668720669,0.57053230888287,0.21641473472118378,3.1911544799804688,0.8620811104774475,0.06565351590514179,0.0912618637084961,0.008495117218792437,5,8,0.0,0.5583715659720303,0.21980994939804077,106.44850158691406,17.835344314575195,2.6912729644775375,5.300015926361084,0.274574415927463,35,8,105.38590240478516,-0.012160742910839684,0.0033952146768569946,103.2573471069336,16.973263204097748,2.6256194485723956,5.208754062652588,0.2660792987086706,False
1.3.6.1.4.1.14519.5.2.1.6279.6001.247816269490470394602288565775,0.48168967963761394,0.24862578511238098,67.77117919921875,14.71689510345459,0.6165654301643372,0.6293509602546692,0.14434285083081988,2,8,67.0,0.5172551801924721,0.24068254232406616,169.16876220703125,38.90610122680664,2.7215554428100583,10.540177345275879,0.40984335840013286,35,8,168.74359130859375,0.03556550055485813,-0.00794324278831482,101.3975830078125,24.18920612335205,2.1049900126457213,9.91082638502121,0.265500507569313,False
1.3.6.1.4.1.14519.5.2.1.6279.6001.319066480138812986026181758474,0.5563186813186813,0.20988216996192932,29.26709747314453,7.308572769165039,0.5092946290969849,0.6486144661903381,0.07255391478538513,2,8,25.0,0.592032967032967,0.21616250276565552,131.981689453125,24.667522430419922,2.964187741279602,20.008604049682617,0.33730247007475955,35,8,126.451904296875,0.0357142857142857,0.006280332803726196,102.71459197998047,17.358949661254883,2.454893112182617,19.35998958349228,0.2647485552893744,False
1.3.6.1.4.1.14519.5.2.1.6279.6001.596908385953413160131451426904,0.5646640897212544,0.23210294544696808,113.49510955810547,23.195941925048828,3.1989170074462887,4.434791564941406,0.2987201544443766,10,8,104.0,0.5433090156794426,0.23933324217796326,211.55679321289062,39.97769546508789,5.604279942512475,26.839195251464844,0.5634182898362466,35,8,196.6940155029297,-0.021355074041811806,0.007230296730995178,98.06168365478516,16.781753540039062,2.4053629350661865,22.404403686523438,0.26469813539187004,False
1.3.6.1.4.1.14519.5.2.1.6279.6001.247060297988514823071467295949,0.6284364574962865,0.21370169520378113,2.9901885986328125,0.7571874856948853,0.05240073014050722,0.07209484279155731,0.007598964104346103,1,8,0.0,0.164986485499306,0.27069658041000366,53.718170166015625,8.02195930480957,2.030673756599423,5.58182954788208,0.2719564566713494,35,8,39.092254638671875,-0.4634499719969805,0.056994885206222534,50.72798156738281,7.264771819114685,1.9782730264589157,5.509734705090523,0.26435749256700325,False
1.3.6.1.4.1.14519.5.2.1.6279.6001.198016798894102791158686961192,0.5873562757902328,0.23876449465751648,3.1947708129882812,0.7696645855903625,0.06424782648682592,0.08730989694595337,0.008308665943642457,1,8,0.0,0.2528611300295127,0.24337166547775269,74.15618896484375,15.033167839050293,2.311061205863943,19.561216354370117,0.27262232073835696,35,8,26.038177490234375,-0.33449514576072004,0.004607170820236206,70.96141815185547,14.26350325345993,2.246813379377117,19.473906457424164,0.2643136547947145,False
1.3.6.1.4.1.14519.5.2.1.6279.6001.404768898286087278137462774930,0.5825370718462823,0.219062939286232,2.9774932861328125,0.6880026459693909,0.05139360759407282,0.06874215602874756,0.007574878977528877,1,8,0.0,0.576219193817878,0.2275368571281433,104.6533203125,18.1527042388916,2.2568342590332007,32.29784393310547,0.2715477079603406,35,8,77.36663055419922,-0.0063178780284043334,0.008473917841911316,101.67582702636719,17.46470159292221,2.205440651439128,32.22910177707672,0.2639728289828117,False
1.3.6.1.4.1.14519.5.2.1.6279.6001.257515388956260258681136624817,0.5888696808510638,0.2353188842535019,28.193710327148438,6.376123905181885,0.2630890026688575,0.2716316282749176,0.06174897986484897,2,8,28.0,0.1979122340425532,0.27669572830200195,81.77215576171875,8.38002872467041,2.675899429321276,15.366912841796875,0.3256700103208363,35,8,40.33830261230469,-0.39095744680851063,0.04137684404850006,53.57844543457031,2.0039048194885254,2.4128104266524186,15.095281213521957,0.26392103045598736,False
1.3.6.1.4.1.14519.5.2.1.6279.6001.300146276266881736689307479986,0.5583606046439146,0.2263827621936798,75.18116760253906,14.546382904052734,1.2068227171897896,1.2909859418869019,0.17991204591592158,2,8,71.0,0.5045387252610254,0.23884274065494537,171.95034790039062,33.6836051940918,3.611151301860812,5.914114952087402,0.4437375279135175,35,8,171.06492614746094,-0.05382187938288918,0.012459978461265564,96.76918029785156,19.137222290039062,2.4043285846710223,4.6231290102005005,0.2638254819975959,False
1.3.6.1.4.1.14519.5.2.1.6279.6001.303865116731361029078599241306,0.6305458793099852,0.2256660908460617,2.5911788940429688,0.6739671230316162,0.07233048379421231,0.10372041910886765,0.007477602564626269,5,8,0.0,0.68767860495192,0.2285691201686859,113.7229995727539,15.955018043518066,2.3817690849304194,5.9492292404174805,0.2704373712539673,35,8,108.3344955444336,0.057132725641934834,0.0029030293226242065,111.13182067871094,15.28105092048645,2.309438601136207,5.845508821308613,0.262959768689341,False
1.3.6.1.4.1.14519.5.2.1.6279.6001.283569726884265181140892667131,0.5769155780853967,0.2386997491121292,74.29627227783203,13.412410736083984,1.0687234020233156,1.1897482872009277,0.17454057287640043,4,8,71.0,0.5462003389474631,0.24170292913913727,163.74435424804688,27.954133987426758,4.351062641143807,4.9910125732421875,0.4368451396306358,35,8,162.62066650390625,-0.030715239137933614,0.0030031800270080566,89.44808197021484,14.541723251342773,3.2823392391204917,3.8012642860412598,0.2623045667542354,False
1.3.6.1.4.1.14519.5.2.1.6279.6001.153985109349433321657655488650,0.237845894114854,0.24451419711112976,5.183380126953125,1.3714442253112793,0.12262305147945884,0.17082485556602478,0.07858400166616863,1,8,0.0,0.5640349257432272,0.22998514771461487,141.8052978515625,34.321773529052734,2.48004941225052,32.304168701171875,0.339826880452368,35,8,135.73797607421875,0.3261890316283732,-0.014529049396514893,136.62191772460938,32.950329303741455,2.3574263607710613,32.13334384560585,0.26124287878619934,False
1.3.6.1.4.1.14519.5.2.1.6279.6001.114218724025049818743426522343,0.5709163286081104,0.22486861050128937,64.4609603881836,14.884495735168457,0.6946950078010552,0.9364296197891235,0.14231548715962303,3,8,59.0,0.5429448318823404,0.226885586977005,158.47836303710938,26.72480010986328,3.740539760589599,4.991501808166504,0.40349677821265323,35,8,157.89495849609375,-0.02797149672576993,0.002016976475715637,94.01740264892578,11.840304374694824,3.0458447527885437,4.05507218837738,0.26118129105303023,False
1.3.6.1.4.1.14519.5.2.1.6279.6001.225154811831720426832024114593,0.5569023486989572,0.21585197746753693,87.693115234375,12.126407623291016,1.8540754818916356,2.722752332687378,0.22008235551781133,3,8,67.0,0.5764058084007406,0.23044736683368683,198.64138793945312,34.552005767822266,4.088790121078508,12.039161682128906,0.4805434652222533,35,8,195.55960083007812,0.019503459701783465,0.014595389366149902,110.94827270507812,22.42559814453125,2.2347146391868717,9.316409349441528,0.2604611097044419,False
1.3.6.1.4.1.14519.5.2.1.6279.6001.346115813056769250958550383763,0.45973521624007063,0.23058804869651794,5.30108642578125,1.4472897052764893,0.13323041707277297,0.1870272010564804,0.014749505261249013,1,8,0.0,0.23989408649602825,0.25098398327827454,83.95599365234375,16.604820251464844,1.6039167726039891,5.077547550201416,0.2748863359282927,35,8,82.82415771484375,-0.21984112974404238,0.020395934581756592,78.6549072265625,15.157530546188354,1.4706863555312162,4.890520349144936,0.2601368306670437,False
1.3.6.1.4.1.14519.5.2.1.6279.6001.774060103415303828812229821954,0.5144472361809045,0.23878967761993408,45.36028289794922,11.045575141906738,0.4729850295186042,0.5104100704193115,0.10096928729845417,2,8,44.0,0.23591917922948075,0.23777572810649872,105.60102844238281,23.279518127441406,2.7368728733062735,6.206372261047363,0.3603065698537319,35,8,104.40489196777344,-0.27852805695142374,-0.0010139495134353638,60.240745544433594,12.233942985534668,2.2638878437876695,5.695962190628052,0.2593372825552777,False
1.3.6.1.4.1.14519.5.2.1.6279.6001.113586291551175790743673929831,0.4828333622333969,0.21334810554981232,24.269027709960938,6.14270544052124,0.24344240844249726,0.25063851475715637,0.05380835258232223,10,8,24.0,0.5933761054274319,0.21869438886642456,123.53633880615234,21.20602798461914,2.4093003749847415,3.197415828704834,0.313137040509118,35,8,123.19081115722656,0.11054274319403501,0.005346283316612244,99.2673110961914,15.0633225440979,2.1658579665422444,2.9467773139476776,0.25932868792679575,False
1.3.6.1.4.1.14519.5.2.1.6279.6001.230491296081537726468075344411,0.47424393486208044,0.22979214787483215,11.746810913085938,2.7740421295166016,0.20654104709625193,0.30386602878570557,0.02891677654584247,2,8,6.0,0.49958125623130606,0.2323058694601059,116.9165267944336,17.6450252532959,2.501564960479728,3.648486852645874,0.28596180116865344,35,8,115.5456771850586,0.02533732136922562,0.0025137215852737427,105.16971588134766,14.870983123779297,2.295023913383476,3.3446208238601685,0.257045024622811,False
1.3.6.1.4.1.14519.5.2.1.6279.6001.202811684116768680758082619196,0.4838806417753786,0.22480574250221252,3.9436187744140625,1.0511105060577393,0.08754651576280592,0.12844179570674896,0.010555175392826398,1,8,0.0,0.5975817554764923,0.2339983433485031,108.70228576660156,20.53765106201172,2.0116483736038204,5.11148738861084,0.2673252355098724,35,8,107.46975708007812,0.11370111370111369,0.009192600846290588,104.7586669921875,19.48654055595398,1.9241018578410145,4.983045592904091,0.256770060117046,False
1.3.6.1.4.1.14519.5.2.1.6279.6001.152706273988004688708784163325,0.6050904452690167,0.21498967707157135,3.7059478759765625,0.9384595155715942,0.06866527259349824,0.09372568875551224,0.009631803099976646,5,8,0.0,0.5611201298701298,0.22013042867183685,110.50505828857422,19.944976806640625,2.199989454746247,4.03362512588501,0.26631362263096703,35,8,109.67266082763672,-0.04397031539888685,0.005140751600265503,106.79911041259766,19.00651729106903,2.1313241821527487,3.9398994371294975,0.2566818195309904,False
1.3.6.1.4.1.14519.5.2.1.6279.6001.897684031374557757145405000951,0.4524898944531776,0.23588459193706512,27.332733154296875,5.776769161224365,0.34336462974548326,0.3690316379070282,0.061168173228369815,5,8,27.0,0.5266253087805973,0.23676440119743347,132.29910278320312,23.12515640258789,2.02164047718048,12.23238754272461,0.3176528713385264,35,8,126.875244140625,0.07413541432741971,0.0008798092603683472,104.96636962890625,17.348387241363525,1.6782758474349968,11.863355904817581,0.25648469811015656,False
1.3.6.1.4.1.14519.5.2.1.6279.6001.219618492426142913407827034169,0.5859707519371385,0.23129132390022278,68.45185089111328,15.091476440429688,0.5027450442314149,0.5266655087471008,0.14787461223867204,2,8,68.0,0.5922869147659063,0.23874011635780334,166.2955322265625,32.16503143310547,2.987946515083315,4.654605865478516,0.4035550595760346,35,8,163.74685668945312,0.006316162828767791,0.007448792457580566,97.84368133544922,17.07355499267578,2.4852014708519,4.127940356731415,0.25568044733736256,False
1.3.6.1.4.1.14519.5.2.1.6279.6001.340012777775661021262977442176,0.3199409703006825,0.2311868816614151,6.0974273681640625,1.7531582117080688,0.15632706567645072,0.2157771736383438,0.03443641728384732,5,8,0.0,0.6346061612248662,0.21843330562114716,114.90608978271484,18.528993606567383,2.804855065345751,5.5792036056518555,0.28964512934684716,35,8,113.48941040039062,0.3146651909241837,-0.012753576040267944,108.80866241455078,16.775835394859314,2.6485279996693003,5.363426432013512,0.25520871206299983,False
1.3.6.1.4.1.14519.5.2.1.6279.6001.868211851413924881662621747734,0.5440298376788247,0.22607573866844177,68.7790298461914,14.383464813232422,1.0450372600555418,1.1832349300384521,0.16479472131729123,3,8,59.0,0.6464129997023236,0.22040507197380066,164.91708374023438,33.96415328979492,3.515660171508784,4.306229591369629,0.41968281190660256,35,8,161.49636840820312,0.10238316202349884,-0.005670666694641113,96.13805389404297,19.5806884765625,2.4706229114532423,3.1229946613311768,0.25488809058931133,False
1.3.6.1.4.1.14519.5.2.1.6279.6001.910607280658963002048724648683,0.322998508758263,0.2514110803604126,3.908294677734375,1.0559943914413452,0.1161371448636055,0.16170917451381683,0.026968307481588114,1,8,0.0,0.4881702241314073,0.24444636702537537,99.89189910888672,19.876882553100586,3.1720821285247904,12.369994163513184,0.2815945245212982,35,8,99.51002502441406,0.1651717153731443,-0.0069647133350372314,95.98360443115234,18.82088816165924,3.0559449836611847,12.208284988999367,0.25462621703971006,False
1.3.6.1.4.1.14519.5.2.1.6279.6001.129007566048223160327836686225,0.6292228741453956,0.2355981469154358,8.357696533203125,2.0118486881256104,0.10392059460282324,0.13812214136123657,0.020048947141402297,2,8,7.0,0.5961921000284172,0.23658229410648346,116.97162628173828,25.77880859375,1.922785181999206,2.5805811882019043,0.2738116907172733,35,8,115.16806030273438,-0.03303077411697841,0.0009841471910476685,108.61392974853516,23.76695990562439,1.8188645873963827,2.4424590468406677,0.253762743575871,False
1.3.6.1.4.1.14519.5.2.1.6279.6001.136830368929967292376608088362,0.5339189600893673,0.23098942637443542,73.79763793945312,14.851654052734375,1.4505951404571533,1.6670725345611572,0.1777876830101013,10,8,72.0,0.48159337869401847,0.23736386001110077,185.8116455078125,39.339942932128906,2.486567974090576,12.501117706298828,0.4314837461047702,35,8,183.37156677246094,-0.052325581395348875,0.006374433636665344,112.01400756835938,24.48828887939453,1.0359728336334229,10.834045171737671,0.25369606309466886,False
1.3.6.1.4.1.14519.5.2.1.6279.6001.200841000324240313648595016964,0.4613445378151261,0.2413766086101532,5.4853973388671875,1.4533416032791138,0.10820872902870181,0.15305934846401215,0.014288897841506535,1,8,0.0,0.5611141230685823,0.24023295938968658,114.35311126708984,26.54292106628418,1.6648676013946568,2.6983084678649902,0.26726124198701656,35,8,113.6365966796875,0.09976958525345625,-0.0011436492204666138,108.86771392822266,25.089579463005066,1.5566588723659551,2.545249119400978,0.25297234414551,False
1.3.6.1.4.1.14519.5.2.1.6279.6001.238019241099704094018548301753,0.6114222736142227,0.23928342759609222,3.7862625122070312,0.92757248878479,0.08307479269802569,0.11479555815458298,0.01016150401789281,1,8,0.0,0.5963178434631784,0.2330450415611267,103.68942260742188,19.81525230407715,2.2121637010574338,2.887249231338501,0.26286306980450946,20,8,102.62966918945312,-0.015104430151044346,-0.006238386034965515,99.90316009521484,18.88767981529236,2.129088908359408,2.772453673183918,0.2527015657866167,False
1.3.6.1.4.1.14519.5.2.1.6279.6001.167500254299688235071950909530,0.6378998465871362,0.22439156472682953,70.69425201416016,13.275978088378906,0.9559349030256272,1.0101970434188843,0.16302003618412547,15,8,70.0,0.6927735671925446,0.21770936250686646,174.5299530029297,29.016916275024414,2.9499922275543224,8.118778228759766,0.41482289457321164,35,8,172.2519073486328,0.054873720605408405,-0.006682202219963074,103.83570098876953,15.740938186645508,1.9940573245286952,7.108581185340881,0.25180285838908617,False
1.3.6.1.4.1.14519.5.2.1.6279.6001.255999614855292116767517149228,0.5674322169059011,0.2362128645181656,4.5411529541015625,1.246761441230774,0.10033902578055859,0.12847007811069489,0.012520220328453513,1,8,0.0,0.5775438596491228,0.22958649694919586,104.02961730957031,22.924001693725586,1.8983759248256684,8.844976425170898,0.26406716739998926,35,8,103.65834045410156,0.010111642743221738,-0.0066263675689697266,99.48846435546875,21.677240252494812,1.7980368990451099,8.716506347060204,0.25154694707153574,False
1.3.6.1.4.1.14519.5.2.1.6279.6001.282779922503707013097174625409,0.655959672928695,0.22803278267383575,61.558746337890625,11.700461387634277,0.6697798418998716,0.6922771334648132,0.13957478186554376,2,8,60.0,0.6838164180416753,0.2296217530965805,148.87940979003906,24.816892623901367,3.2303798437118463,10.23073959350586,0.3910658422311145,35,8,138.74269104003906,0.027856745112980308,0.001588970422744751,87.32066345214844,13.11643123626709,2.5606000018119746,9.538462460041046,0.2514910603655708,False
1.3.6.1.4.1.14519.5.2.1.6279.6001.657775098760536289051744981056,0.6056764949021769,0.2325635403394699,3.7741241455078125,1.1180919408798218,0.09600814163684841,0.12905703485012054,0.010667146040995914,5,8,0.0,0.6073298429319371,0.22815939784049988,103.22996520996094,20.65143394470215,2.3937139987945533,2.7852530479431152,0.26195505815082115,35,8,102.15543365478516,0.0016533480297602487,-0.004404142498970032,99.45584106445312,19.533342003822327,2.297705857157705,2.6561960130929947,0.25128791210982526,False
1.3.6.1.4.1.14519.5.2.1.6279.6001.191617711875409989053242965150,0.6434162162162163,0.2432292103767395,5.7592620849609375,1.5982484817504883,0.15890678346157075,0.2209346890449524,0.01642733524971538,5,8,0.0,0.6658162162162162,0.2390003204345703,88.95637512207031,17.661903381347656,2.926050112247481,6.131611347198486,0.2675131055063676,35,8,85.13916778564453,0.022399999999999975,-0.0042288899421691895,83.19711303710938,16.063654899597168,2.7671433287859104,5.910676658153534,0.2510857702566522,False
1.3.6.1.4.1.14519.5.2.1.6279.6001.450501966058662668272378865145,0.530394014321955,0.22890320420265198,108.15895080566406,21.43766975402832,1.6330080175399782,1.7513213157653809,0.2510497404787275,2,8,102.0,0.5202305642079573,0.23099204897880554,200.53211975097656,36.822166442871094,3.4055747628211983,5.111021041870117,0.5020236110554801,35,8,196.34710693359375,-0.010163450113997663,0.0020888447761535645,92.3731689453125,15.384496688842773,1.7725667452812202,3.3596997261047363,0.2509738705767526,False
1.3.6.1.4.1.14519.5.2.1.6279.6001.171919524048654494439256263785,0.5957695632277419,0.2257050722837448,4.0865936279296875,1.166558861732483,0.09959916770458221,0.14140285551548004,0.011285331928067736,5,8,0.0,0.6032440128133422,0.22517435252666473,102.11111450195312,18.862138748168945,2.385878801345825,6.5842695236206055,0.2607358082135518,35,8,99.52894592285156,0.007474449585600285,-0.0005307197570800781,98.02452087402344,17.695579886436462,2.286279633641243,6.442866668105125,0.24945047628548406,False
1.3.6.1.4.1.14519.5.2.1.6279.6001.669518152156802508672627785405,0.2643176582192709,0.23385906219482422,12.483695983886719,2.9073853492736816,0.32237884163856523,1.298223614692688,0.08162073975071094,5,8,4.0,0.5058680037945521,0.2220509797334671,140.05503845214844,29.79926300048828,1.720500786304474,1.9991549253463745,0.33066518516275617,35,8,139.85055541992188,0.2415503455752812,-0.011808082461357117,127.57134246826172,26.8918776512146,1.3981219446659088,0.7009313106536865,0.24904444541204523,False
1.3.6.1.4.1.14519.5.2.1.6279.6001.394470743585708729682444806008,0.3678966789667897,0.2607986330986023,6.4676361083984375,1.544168472290039,0.1491560244560243,0.20780602097511292,0.017600413208537634,1,8,0.0,0.4710332103321033,0.24151569604873657,99.07684326171875,20.293304443359375,2.6578413391113305,3.41969895362854,0.26527235802544497,35,8,96.17982482910156,0.10313653136531364,-0.019282937049865723,92.60920715332031,18.749135971069336,2.508685314655306,3.211892932653427,0.24767194481690732,False
1.3.6.1.4.1.14519.5.2.1.6279.6001.183982839679953938397312236359,0.5567956349206349,0.244585782289505,4.9363861083984375,1.3234299421310425,0.12145025148987769,0.17107915878295898,0.013758541462653212,1,8,0.0,0.29133597883597884,0.254290908575058,94.14649963378906,22.981510162353516,1.2846823024749743,8.49654483795166,0.2612013043951465,35,8,92.54808044433594,-0.26545965608465605,0.009705126285552979,89.21011352539062,21.658080220222473,1.1632320509850966,8.325465679168701,0.2474427629324933,False
1.3.6.1.4.1.14519.5.2.1.6279.6001.188619674701053082195613114069,0.5502538829151732,0.24557434022426605,62.36488342285156,11.916218757629395,1.17776266694069,1.3147509098052979,0.15472638976706402,2,8,54.0,0.5763515531660693,0.2465517222881317,160.8074951171875,36.228519439697266,3.3337277483940126,11.30300521850586,0.4017921834548314,35,8,156.030029296875,0.026097670250896154,0.0009773820638656616,98.44261169433594,24.31230068206787,2.1559650814533224,9.988254308700562,0.2470657936877674,False
1.3.6.1.4.1.14519.5.2.1.6279.6001.125067060506283419853742462394,0.6350811014711429,0.22798410058021545,79.42232513427734,16.18597984313965,1.8556426835060134,2.5292983055114746,0.19809674297703642,15,8,75.0,0.6333584810763234,0.22503472864627838,168.15628051757812,32.7584342956543,3.855917282104498,9.602910041809082,0.44407982152303077,35,8,167.46890258789062,-0.0017226203948195185,-0.0029493719339370728,88.73395538330078,16.57245445251465,2.0002745985984847,7.073611736297607,0.24598307854599435,False
1.3.6.1.4.1.14519.5.2.1.6279.6001.336198008634390022174744544656,0.6331172839506173,0.22209319472312927,5.576812744140625,1.4580398797988892,0.11360230818390847,0.16033466160297394,0.014656480847961373,5,8,0.0,0.6058179012345679,0.23104527592658997,107.35665893554688,17.98478126525879,1.8828850638866426,2.5679004192352295,0.25870214080413184,15,8,106.80160522460938,-0.02729938271604937,0.008952081203460693,101.77984619140625,16.5267413854599,1.7692827557027342,2.4075657576322556,0.24404565995617047,False
1.3.6.1.4.1.14519.5.2.1.6279.6001.252697338970999211181671881792,0.5540592729409789,0.2135816216468811,3.6361160278320312,0.9691212177276611,0.07612771809101104,0.1067313626408577,0.00962691012952063,1,8,0.0,0.579162119049618,0.22509485483169556,103.61297607421875,16.926929473876953,1.9656542944908137,2.2329559326171875,0.25300860698752936,35,8,103.05412292480469,0.02510284610863911,0.011513233184814453,99.97686004638672,15.957808256149292,1.8895265763998026,2.12622456997633,0.24338169685800873,False
1.3.6.1.4.1.14519.5.2.1.6279.6001.113697708991260454310623082679,0.5318826891407537,0.22525066137313843,4.1513214111328125,1.0738301277160645,0.07571824014186859,0.10565191507339478,0.010694841960403654,5,8,0.0,0.5112128257289548,0.22182932496070862,107.38687133789062,18.110836029052734,1.8448770213127135,9.64268684387207,0.2533255446990331,35,8,107.13119506835938,-0.020669863411798883,-0.0034213364124298096,103.23554992675781,17.03700590133667,1.769158781170845,9.537034928798676,0.24263070273862947,False
1.3.6.1.4.1.14519.5.2.1.6279.6001.842980983137518332429408284002,0.5360196056081158,0.25341057777404785,13.363853454589844,3.3747189044952393,0.14353269681334496,0.16000469028949738,0.031145641442967782,10,8,13.0,0.5891941183175653,0.245880126953125,97.33927917480469,21.967575073242188,2.6980040383338912,10.545955657958984,0.2737475560797585,35,8,90.4620361328125,0.053174512709449506,-0.0075304508209228516,83.97542572021484,18.59285616874695,2.5544713415205464,10.385950967669487,0.2426019146367907,False
1.3.6.1.4.1.14519.5.2.1.6279.6001.219909753224298157409438012179,0.6573846153846153,0.24399304389953613,70.53007507324219,12.815104484558105,1.5475175356864934,1.832527995109558,0.17760491814348434,2,8,62.0,0.6902692307692307,0.24017244577407837,156.95196533203125,29.200008392333984,3.8944801807403637,16.058364868164062,0.41958318726221744,35,8,153.77090454101562,0.0328846153846154,-0.0038205981254577637,86.42189025878906,16.38490390777588,2.3469626450538703,14.225836873054504,0.2419782691187331,False
1.3.6.1.4.1.14519.5.2.1.6279.6001.392861216720727557882279374324,0.4328933898800819,0.22209295630455017,5.891754150390625,1.566399335861206,0.14176847845315935,0.2028333693742752,0.016199679665764175,1,8,0.0,0.6693112021058789,0.2208724170923233,106.09764862060547,19.35820770263672,2.031379470825196,2.5206243991851807,0.25816055670844185,35,8,105.66107940673828,0.236417812225797,-0.0012205392122268677,100.20589447021484,17.791808366775513,1.8896109923720366,2.3177910298109055,0.24196087704267766,False
1.3.6.1.4.1.14519.5.2.1.6279.6001.124822907934319930841506266464,0.6128787702069094,0.22496840357780457,193.00375366210938,35.724491119384766,2.451792471408846,6.079970359802246,0.4346824116680358,5,8,170.0,0.5802211388182603,0.23701488971710205,259.2536926269531,56.09474563598633,5.847408914566066,35.793609619140625,0.675571472962698,35,8,219.6058349609375,-0.03265763138864908,0.012046486139297485,66.24993896484375,20.370254516601562,3.39561644315722,29.71363925933838,0.24088906129466225,False
1.3.6.1.4.1.14519.5.2.1.6279.6001.144883090372691745980459537053,0.42499325782092773,0.2176429182291031,119.05787658691406,22.610931396484375,1.7727831399440739,1.8877651691436768,0.2808020422736803,2,8,113.0,0.35723435814455234,0.22961147129535675,205.3309783935547,46.12369155883789,4.380244622230527,31.898181915283203,0.521210487572352,35,8,164.51272583007812,-0.06775889967637538,0.011968553066253662,86.27310180664062,23.512760162353516,2.6074614822864532,30.010416746139526,0.24040844529867172,False
1.3.6.1.4.1.14519.5.2.1.6279.6001.194465340552956447447896167830,0.598464682315614,0.23261334002017975,5.1754302978515625,1.3197576999664307,0.10226849377155305,0.1410273164510727,0.013608718214432398,5,8,0.0,0.6181737517141244,0.22947877645492554,88.74059295654297,24.62520980834961,2.6404047179222143,12.494176864624023,0.2533747201204301,35,8,86.06338500976562,0.01970906939851036,-0.0031345635652542114,83.5651626586914,23.30545210838318,2.5381362241506613,12.35314954817295,0.2397660019059977,False
1.3.6.1.4.1.14519.5.2.1.6279.6001.300693623747082239407271583452,0.5805335968379447,0.24662478268146515,6.388397216796875,1.85154390335083,0.1632822842895985,0.21893608570098877,0.018101644656227694,5,8,0.0,0.6298418972332016,0.24033011496067047,100.2915267944336,12.511719703674316,2.8317988801002585,14.281258583068848,0.2575522579060663,35,8,89.93446350097656,0.04930830039525691,-0.006294667720794678,93.90312957763672,10.660175800323486,2.66851659581066,14.062322497367859,0.2394506132498386,False
1.3.6.1.4.1.14519.5.2.1.6279.6001.190144948425835566841437565646,0.6525609983237102,0.24102085828781128,4.681610107421875,1.2770973443984985,0.10945084415376187,0.1430746167898178,0.013027206278592347,5,8,0.0,0.6770534550195567,0.23907747864723206,110.74276733398438,24.46442222595215,1.8399732768535615,2.009359836578369,0.252067899816566,25,8,110.53878021240234,0.024492456695846543,-0.0019433796405792236,106.0611572265625,23.18732488155365,1.7305224326997997,1.8662852197885513,0.23904069353797366,False
1.3.6.1.4.1.14519.5.2.1.6279.6001.311981398931043315779172047718,0.3922434419454474,0.22120195627212524,67.91751098632812,16.4739933013916,0.633691953420639,0.6818860769271851,0.15130688210725785,15,8,67.0,0.4923326227867925,0.20236095786094666,159.19798278808594,35.32350158691406,2.9430144023895264,3.25465989112854,0.38898565640979343,35,8,152.6212158203125,0.1000891808413451,-0.01884099841117859,91.28047180175781,18.84950828552246,2.3093224489688873,2.572773814201355,0.2376787743025356,False
1.3.6.1.4.1.14519.5.2.1.6279.6001.208737629504245244513001631764,0.4288771909527391,0.21795496344566345,30.194015502929688,6.879541397094727,0.3431486651301384,0.357401043176651,0.06658273037440246,3,8,29.0,0.4637878174350668,0.21449312567710876,121.97135162353516,16.75887680053711,2.5328501915931687,5.848788738250732,0.30315060711701713,35,8,120.63258361816406,0.03491062648232773,-0.0034618377685546875,91.77733612060547,9.879335403442383,2.1897015264630304,5.491387695074081,0.23656787674261467,False
1.3.6.1.4.1.14519.5.2.1.6279.6001.430109407146633213496148200410,0.32165194996320823,0.24676810204982758,112.73060607910156,20.218185424804688,1.7478507590293886,1.8989602327346802,0.2770168327547806,3,8,106.0,0.556597988717194,0.22917360067367554,202.8632354736328,40.49553298950195,5.249659156799321,8.126136779785156,0.5135324671003555,35,8,201.8079833984375,0.2349460387539858,-0.01759450137615204,90.13262939453125,20.277347564697266,3.501808397769933,6.227176547050476,0.23651563434557488,False
1.3.6.1.4.1.14519.5.2.1.6279.6001.897161587681142256575045076919,0.4563132052157513,0.2277897298336029,6.811981201171875,1.4508243799209595,0.15005356669425965,0.22407947480678558,0.018094703733921053,5,8,3.0,0.24080577504633693,0.2537555992603302,75.17518615722656,18.682884216308594,1.2387193918228148,8.537503242492676,0.2543092392172199,35,8,74.1123046875,-0.21550743016941437,0.025965869426727295,68.36320495605469,17.232059836387634,1.088665825128555,8.31342376768589,0.23621453548329882,False
1.3.6.1.4.1.14519.5.2.1.6279.6001.957384617596077920906744920611,0.5512362246601774,0.22627048194408417,47.01683807373047,10.89252758026123,0.4387097507715225,0.6341527104377747,0.10557388085458014,10,8,46.0,0.5766409815586696,0.22503863275051117,136.67214965820312,27.951520919799805,2.9481505155563354,6.8847737312316895,0.3402900681230757,20,8,135.07379150390625,0.025404756898492198,-0.001231849193572998,89.65531158447266,17.058993339538574,2.509440764784813,6.250621020793915,0.23471618726849558,False
1.3.6.1.4.1.14519.5.2.1.6279.6001.167919147233131417984739058859,0.1804039025376605,0.24846450984477997,15.452926635742188,3.6797847747802734,0.20882368758320807,0.2610771954059601,0.1319147677728136,1,8,0.0,0.5078733191790517,0.23051555454730988,163.5250244140625,33.90370559692383,1.7588936424255366,9.757692337036133,0.3661016176223755,35,8,163.32528686523438,0.3274694166413912,-0.017948955297470093,148.0720977783203,30.223920822143555,1.5500699548423285,9.496615141630173,0.23418684984956187,False
1.3.6.1.4.1.14519.5.2.1.6279.6001.504324996863016748259361352296,0.6236859762916573,0.2243722379207611,1.9318313598632812,0.5020531415939331,0.03902682900428758,0.057978302240371704,0.005071558659606505,5,8,0.0,0.5951191630010686,0.23553159832954407,98.36143493652344,20.264019012451172,1.7378044617175967,3.89801025390625,0.23797966785828245,35,8,98.0675048828125,-0.028566813290588744,0.011159360408782959,96.42960357666016,19.76196587085724,1.698777632713309,3.8400319516658783,0.23290810919867594,False
1.3.6.1.4.1.14519.5.2.1.6279.6001.334184846571549530235084187602,0.5797822633398748,0.21728987991809845,50.77752685546875,10.721076965332031,0.5510043632984158,0.5773733258247375,0.116389574139648,10,8,50.0,0.599406597514251,0.21688540279865265,130.81719970703125,24.916200637817383,3.312925784587857,7.532214164733887,0.3486940115001465,35,8,126.7091293334961,0.019624334174376146,-0.0004044771194458008,80.0396728515625,14.195123672485352,2.7619214212894407,6.954840838909149,0.2323044373604985,False
1.3.6.1.4.1.14519.5.2.1.6279.6001.231002159523969307155990628066,0.6190984072810012,0.2444131076335907,57.57158660888672,12.647075653076172,0.6070105224847793,0.6640137434005737,0.13361161546905836,3,8,57.0,0.6293373151308305,0.23364366590976715,126.14295959472656,26.867216110229492,4.531085014343242,19.502666473388672,0.36589502440558475,35,8,115.56449890136719,0.010238907849829282,-0.010769441723823547,68.57137298583984,14.22014045715332,3.924074491858463,18.838652729988098,0.23228340893652638,False
1.3.6.1.4.1.14519.5.2.1.6279.6001.334517907433161353885866806005,0.576210216177327,0.2268582433462143,57.29969787597656,10.92354679107666,0.8143357306718825,0.8671498894691467,0.13466837076014943,3,8,56.0,0.5230908904039193,0.22768333554267883,149.59539794921875,29.647056579589844,3.2303125119209195,30.337556838989258,0.36665232622093596,35,8,113.37850952148438,-0.05311932577340772,0.0008250921964645386,92.29570007324219,18.723509788513184,2.415976781249037,29.47040694952011,0.23198395546078654,False
1.3.6.1.4.1.14519.5.2.1.6279.6001.219349715895470349269596532320,0.5033942393097323,0.23254169523715973,3.7112655639648438,0.9901229739189148,0.08265035428106784,0.11422479897737503,0.010068924085878663,1,8,0.0,0.5089297043522396,0.23446138203144073,94.48139953613281,15.101204872131348,2.3425840377807616,2.8107752799987793,0.2419223539564345,35,8,94.132080078125,0.005535465042507348,0.0019196867942810059,90.77013397216797,14.111081898212433,2.259933683499694,2.6965504810214043,0.23185342987055582,False
1.3.6.1.4.1.14519.5.2.1.6279.6001.438308540025607517017949816111,0.547741441539976,0.2198123037815094,26.185020446777344,5.2177276611328125,0.37085235118865967,0.3903294801712036,0.06084079914622836,2,8,25.0,0.5419134076030062,0.22175130248069763,123.6488265991211,22.727933883666992,1.7593165636062622,4.6077351570129395,0.2924512782361772,35,8,123.42897033691406,-0.005828033936969734,0.0019389986991882324,97.46380615234375,17.51020622253418,1.3884642124176025,4.217405676841736,0.23161047908994886,False
1.3.6.1.4.1.14519.5.2.1.6279.6001.265780642925621389994857727416,0.6063293281435099,0.23432110249996185,4.37591552734375,1.200322151184082,0.10410364218056202,0.13577990233898163,0.01217169038876891,1,8,0.0,0.6297004569301066,0.22941617667675018,92.4335708618164,19.04810333251953,2.198511047363282,2.929473638534546,0.24369327104356556,35,8,91.75048828125,0.02337112878659664,-0.00490492582321167,88.05765533447266,17.84778118133545,2.09440740518272,2.7936937361955643,0.23152158065479664,False
1.3.6.1.4.1.14519.5.2.1.6279.6001.387954549120924524005910602207,0.5646804979253112,0.2405133694410324,67.45833587646484,14.670517921447754,1.0353942179679878,1.333917260169983,0.15443836131890618,2,8,62.0,0.550838174273859,0.2451745867729187,135.90969848632812,19.58380126953125,4.365691251754764,11.850918769836426,0.38572749126222405,35,8,127.30561828613281,-0.013842323651452215,0.0046612173318862915,68.45136260986328,4.913283348083496,3.330297033786776,10.517001509666443,0.23128912994331788,False
1.3.6.1.4.1.14519.5.2.1.6279.6001.240630002689062442926543993263,0.43509075194468455,0.2487407922744751,5.016204833984375,1.3645473718643188,0.14490902066230774,0.20851127803325653,0.014763626017835403,5,8,0.0,0.6131950446557188,0.24419701099395752,100.30471801757812,17.445951461791992,1.9552524185180664,5.990903377532959,0.24514011438157823,35,8,99.76081085205078,0.17810429271103428,-0.004543781280517578,95.28851318359375,16.081404089927673,1.8103433978557586,5.7823920994997025,0.23037648836374283,False
1.3.6.1.4.1.14519.5.2.1.6279.6001.265453131727473342790950829556,0.6002473716759431,0.2375263124704361,133.18785095214844,15.243227005004883,2.969629707336426,6.944081783294678,0.35537319382561583,5,8,73.0,0.5379921665635952,0.24844835698604584,229.30966186523438,51.52927780151367,5.12425565719605,51.011878967285156,0.584963631629944,35,8,181.1282196044922,-0.062255205112347944,0.010922044515609741,96.12181091308594,36.28605079650879,2.154625949859624,44.06779718399048,0.2295904378043282,False
1.3.6.1.4.1.14519.5.2.1.6279.6001.150684298696437181894923266019,0.5586820083682008,0.2204543501138687,4.2087860107421875,1.1212068796157837,0.07751633696258069,0.10431142896413803,0.010979567691766553,1,8,0.0,0.5342747559274756,0.21568740904331207,95.17252349853516,20.313013076782227,1.831068835258484,3.3805088996887207,0.24032305881182353,35,8,94.98418426513672,-0.02440725244072517,-0.004766941070556641,90.96373748779297,19.191806197166443,1.7535524982959034,3.2761974707245827,0.22934349112005697,False
1.3.6.1.4.1.14519.5.2.1.6279.6001.315214756157389122376518747372,0.24865101079191365,0.25561684370040894,5.161865234375,1.3081755638122559,0.1462524144351484,0.21203777194023132,0.07286019939893901,1,8,0.0,0.6018391852865177,0.22727958858013153,121.17829895019531,20.62652587890625,2.9513130831718457,5.164772987365723,0.3018201487037871,35,8,120.441162109375,0.35318817449460405,-0.028337255120277405,116.01643371582031,19.318350315093994,2.8050606687366972,4.952735215425491,0.2289599493048481,False
1.3.6.1.4.1.14519.5.2.1.6279.6001.324649110927013926557500550446,0.47897118361514646,0.22871802747249603,58.1064453125,13.501502990722656,0.6665946167707448,0.8057845234870911,0.1303490672171116,10,8,58.0,0.04156942129078352,0.24449551105499268,54.57463073730469,14.667206764221191,2.7354491305351343,11.750659942626953,0.35920284893696575,35,8,38.072540283203125,-0.43740176232436295,0.015777483582496643,-3.5318145751953125,1.1657037734985352,2.0688545137643892,10.944875419139862,0.22885378171985415,False
1.3.6.1.4.1.14519.5.2.1.6279.6001.286217539434358186648717203667,0.41371385592512117,0.24441033601760864,64.16940307617188,14.485213279724121,0.8370769625902179,0.915962278842926,0.1433905177162753,3,8,63.0,0.4376566939662377,0.2433522492647171,147.489013671875,29.178953170776367,2.6808754754066486,6.631314277648926,0.37124314353466037,35,8,147.27206420898438,0.02394283804111652,-0.0010580867528915405,83.31961059570312,14.693739891052246,1.8437985128164307,5.715351998806,0.22785262581838506,False
1.3.6.1.4.1.14519.5.2.1.6279.6001.270215889102603268207599305185,0.5742166755177908,0.22964902222156525,3.9171600341796875,1.047643780708313,0.07713368743658065,0.11134997010231018,0.010179961419436667,1,8,0.0,0.5881350681536555,0.22214213013648987,94.37742614746094,19.056005477905273,1.933468443155288,2.3384835720062256,0.23779648713933094,35,8,93.82501220703125,0.013918392635864696,-0.007506892085075378,90.46026611328125,18.00836169719696,1.8563347557187073,2.2271336019039154,0.22761652571989427,False
1.3.6.1.4.1.14519.5.2.1.6279.6001.295420274214095686326263147663,0.6012248504901457,0.22731474041938782,46.3668212890625,8.779618263244629,1.1304955697059624,1.51519775390625,0.12054432562457189,5,8,30.0,0.5675414620111388,0.2259300947189331,152.13229370117188,30.81560707092285,2.4269327163696284,3.1565465927124023,0.3473735934363471,35,8,151.8648223876953,-0.03368338847900698,-0.001384645700454712,105.76547241210938,22.035988807678223,1.296437146663666,1.6413488388061523,0.2268292678117752,False
1.3.6.1.4.1.14519.5.2.1.6279.6001.319009811633846643966578282371,0.5940519323671497,0.24048909544944763,33.329254150390625,8.280503273010254,0.474091672301293,0.5218886137008667,0.08242470638818211,10,8,33.0,0.598925983436853,0.23540723323822021,107.51513671875,19.986385345458984,3.516568818092347,18.890859603881836,0.3077150821208954,35,8,47.270904541015625,0.004874051069703289,-0.005081862211227417,74.18588256835938,11.70588207244873,3.042477145791054,18.36897099018097,0.22529037573271327,False
1.3.6.1.4.1.14519.5.2.1.6279.6001.603166427542096384265514998412,0.5678616585141573,0.21572034060955048,3.904998779296875,1.0289844274520874,0.07469500124454499,0.10628114640712738,0.010143127612935173,1,8,0.0,0.5615652818043653,0.22096720337867737,102.16715240478516,21.337907791137695,1.169300341606141,1.5321592092514038,0.23501548706160652,35,8,101.90879821777344,-0.006296376709791995,0.005246862769126892,98.26215362548828,20.308923363685608,1.0946053403615958,1.4258780628442764,0.22487235944867134,False
1.3.6.1.4.1.14519.5.2.1.6279.6001.226564372605239604660221582288,0.5832971565009768,0.23346847295761108,31.476341247558594,7.807101726531982,0.3278305557370186,0.3368711471557617,0.0725144956651661,10,8,31.0,0.5499602054844078,0.23803003132343292,108.74079895019531,25.98777961730957,3.1631868267059327,14.374874114990234,0.2967406149228413,35,8,106.08998107910156,-0.03333695101656897,0.004561558365821838,77.26445770263672,18.180677890777588,2.835356270968914,14.038002967834473,0.22422611925767522,False
1.3.6.1.4.1.14519.5.2.1.6279.6001.771831598853841017505646275338,0.17905487765759523,0.26181259751319885,15.919189453125,3.8058581352233887,0.22352472305297852,0.2845168113708496,0.13416192790729492,1,8,0.0,0.4666846298933754,0.2359256148338318,155.74179077148438,29.840932846069336,2.6229200839996336,3.7409439086914062,0.35817149729198877,30,8,153.38241577148438,0.28762975223578013,-0.025886982679367065,139.82260131835938,26.035074710845947,2.399395360946655,3.4564270973205566,0.22400956938469385,False
1.3.6.1.4.1.14519.5.2.1.6279.6001.487268565754493433372433148666,0.3650831669993347,0.2351258099079132,86.91935729980469,21.355106353759766,0.7823564678430555,0.8494469523429871,0.18791295774446592,2,8,85.0,0.26243512974051897,0.23145467042922974,133.15003967285156,32.04024124145508,3.8590571951866126,18.53702163696289,0.41159887407657675,35,8,129.90496826171875,-0.10264803725881572,-0.0036711394786834717,46.230682373046875,10.685134887695312,3.076700727343557,17.687574684619904,0.22368591633211082,False
1.3.6.1.4.1.14519.5.2.1.6279.6001.780558315515979171413904604168,0.5207407407407407,0.22373266518115997,2.5032806396484375,0.6810939908027649,0.05024677488952875,0.07118088006973267,0.006572653312277461,1,8,0.0,0.5679487179487179,0.23500452935695648,101.7804946899414,17.967449188232422,1.4409960567951177,5.77423095703125,0.22987219470739356,35,8,98.59228515625,0.0472079772079772,0.011271864175796509,99.27721405029297,17.286355197429657,1.3907492819055889,5.703050076961517,0.2232995413951161,False
1.3.6.1.4.1.14519.5.2.1.6279.6001.226889213794065160713547677129,0.2847847847847848,0.2169436365365982,19.17334747314453,4.114486217498779,0.24518689125776283,0.27622663974761963,0.0845717194247127,1,8,0.0,0.5282157157157157,0.22738920152187347,124.70097351074219,19.838029861450195,1.7566697978973387,4.48840856552124,0.30759058669408157,30,8,123.2168960571289,0.24343093093093088,0.010445564985275269,105.52762603759766,15.723543643951416,1.5114829066395759,4.212181925773621,0.22301886726936887,False
1.3.6.1.4.1.14519.5.2.1.6279.6001.229860476925100292554329427970,0.5693181818181818,0.21804501116275787,32.85755157470703,6.246355056762695,0.42482955873012535,0.45029744505882263,0.07511779694358509,3,8,32.0,0.5765963203463204,0.2202329933643341,128.64251708984375,26.93265151977539,2.0308030366897576,2.9187583923339844,0.29787964691056146,35,8,127.90144348144531,0.0072781385281385225,0.002187982201576233,95.78496551513672,20.686296463012695,1.6059734779596322,2.4684609472751617,0.22276184996697637,False
1.3.6.1.4.1.14519.5.2.1.6279.6001.248357157975955379661896491341,0.5303609849390389,0.254671573638916,3.5853652954101562,0.999311089515686,0.09316060766577727,0.12269029766321182,0.010205210726294255,1,8,0.0,0.5452625707227667,0.2606222927570343,85.3764419555664,13.908638000488281,2.5226394295692516,13.313594818115234,0.23240860132376373,35,8,79.08390808105469,0.0149015857837278,0.005950719118118286,81.79107666015625,12.909326910972595,2.429478821903474,13.190904520452023,0.22220339059746946,False
1.3.6.1.4.1.14519.5.2.1.6279.6001.145759169833745025756371695397,0.5333906908715478,0.23287859559059143,1.8043441772460938,0.5027777552604675,0.0466621594876051,0.0634353756904602,0.005144759646803141,1,8,0.0,0.6135249075109697,0.22437258064746857,83.34937286376953,14.65050220489502,2.149159307479859,6.107390403747559,0.2251983255704244,35,8,82.35688781738281,0.08013421663942188,-0.008506014943122864,81.54502868652344,14.147724449634552,2.102497147992254,6.043955028057098,0.22005356592362127,False
1.3.6.1.4.1.14519.5.2.1.6279.6001.223098610241551815995595311693,0.3982539123433805,0.23673079907894135,4.3661346435546875,1.1502196788787842,0.09613626129925244,0.13592857122421265,0.01191046835142705,5,8,0.0,0.5065918583002063,0.2268974632024765,98.37785339355469,23.445240020751953,1.637933540344236,1.9798872470855713,0.23151681963602694,35,8,98.27546691894531,0.10833794595682578,-0.009833335876464844,94.01171875,22.29502034187317,1.5417972790449836,1.8439586758613586,0.21960635128459988,False
1.3.6.1.4.1.14519.5.2.1.6279.6001.267957701183569638795986183786,0.5795366795366795,0.24940314888954163,114.62725830078125,21.909725189208984,1.3849956095218658,1.4443154335021973,0.2663113734126091,3,8,113.0,0.5588527302813017,0.2590716481208801,169.57965087890625,37.53063201904297,5.758534631729128,34.66494369506836,0.4853267825126648,35,8,142.7627410888672,-0.020683949255377865,0.009668499231338501,54.952392578125,15.620906829833984,4.373539022207262,33.22062826156616,0.21901540910005574,False
1.3.6.1.4.1.14519.5.2.1.6279.6001.133132722052053001903031735878,0.6013382842113406,0.23427662253379822,84.30068969726562,18.115325927734375,1.1903315877914429,1.4044498205184937,0.20143895747396678,15,8,83.0,0.5975090895025915,0.23640994727611542,153.9752960205078,30.240859985351562,4.480023312568664,10.258124351501465,0.4200351026058197,35,8,148.8631591796875,-0.003829194708749095,0.0021333247423171997,69.67460632324219,12.125534057617188,3.2896917247772217,8.853674530982971,0.21859614513185294,False
1.3.6.1.4.1.14519.5.2.1.6279.6001.336102335330125765000317290445,0.5624797773895036,0.23117178678512573,70.24098205566406,13.785682678222656,1.5516613376140589,2.101339340209961,0.17936092869043346,15,8,69.0,0.10080566880217434,0.2679823040962219,71.76951599121094,11.424796104431152,3.5694684219360333,7.81105899810791,0.3978982332000018,35,8,50.11991882324219,-0.46167410858732927,0.03681051731109619,1.528533935546875,-2.360886573791504,2.0178070843219746,5.709719657897949,0.21853730450956832,False
1.3.6.1.4.1.14519.5.2.1.6279.6001.268838889380981659524993261082,0.3835313131313131,0.22833506762981415,5.41009521484375,1.4675798416137695,0.12103357896208766,0.1737203150987625,0.014554249275558526,5,8,1.0,0.5516929292929293,0.21959230303764343,91.34769439697266,23.405113220214844,2.134133777618408,3.0846915245056152,0.23218633484310575,35,8,90.51554870605469,0.16816161616161623,-0.008742764592170715,85.9375991821289,21.937533378601074,2.0131001986563204,2.9109712094068527,0.2176320855675472,False
1.3.6.1.4.1.14519.5.2.1.6279.6001.621916089407825046337959219998,0.5172452915815747,0.22330918908119202,3.9080047607421875,1.0635310411453247,0.0811822222918272,0.11241497844457626,0.010388785423586764,1,8,0.0,0.4938024733378716,0.23221814632415771,90.12971496582031,15.234676361083984,1.9575207006931303,7.619925498962402,0.22773583211766346,35,8,88.73833465576172,-0.023442818243703145,0.008908957242965698,86.22171020507812,14.17114531993866,1.876338478401303,7.507510520517826,0.2173470466940767,False
1.3.6.1.4.1.14519.5.2.1.6279.6001.288701997968615460794642979503,0.6545134589063416,0.2352706342935562,140.72415161132812,31.474609375,1.8712566375732422,2.0073535442352295,0.31391122563680013,3,8,136.0,0.35012709378869844,0.23518411815166473,229.53314208984375,55.214813232421875,3.25335000038147,6.118140697479248,0.5310397420565287,35,8,228.35719299316406,-0.30438636511764317,-8.651614189147949e-05,88.80899047851562,23.740203857421875,1.382093362808228,4.1107871532440186,0.21712851641972858,False
1.3.6.1.4.1.14519.5.2.1.6279.6001.768276876111112560631432843476,0.5117273271674763,0.22680410742759705,3.8520050048828125,1.0450670719146729,0.09034001305699346,0.13235001266002655,0.010461790007849532,1,8,0.0,0.49569166278528176,0.22910726070404053,87.56295013427734,18.675609588623047,1.818834978342056,2.3839197158813477,0.22699124555455313,35,8,87.21989440917969,-0.016035664382194503,0.0023031532764434814,83.71094512939453,17.630542516708374,1.7284949652850625,2.251569703221321,0.2165294555467036,False
1.3.6.1.4.1.14519.5.2.1.6279.6001.270788655216695628640355888562,0.6246772805507745,0.225351482629776,5.14434814453125,1.2202391624450684,0.07118060275912287,0.10670937597751617,0.012549574069347647,10,8,4.0,0.6292894793459552,0.23164156079292297,85.18696594238281,17.1557674407959,2.2872988367080707,8.043558120727539,0.22849147368007242,25,8,81.43307495117188,0.004612198795180711,0.006290078163146973,80.04261779785156,15.93552827835083,2.2161182339489476,7.936848744750023,0.21594189961072477,False
1.3.6.1.4.1.14519.5.2.1.6279.6001.256542095129414948017808425649,0.4819339242546334,0.20841245353221893,6.1211090087890625,1.4769450426101685,0.12249082759022713,0.3293909430503845,0.015705773893826536,5,8,2.0,0.5811442385173248,0.2169358879327774,93.68818664550781,19.908023834228516,1.7012967109680155,2.257225751876831,0.23091182104746494,25,8,92.55902862548828,0.09921031426269139,0.008523434400558472,87.56707763671875,18.431078791618347,1.5788058833777883,1.9278348088264465,0.2152060471536384,False
1.3.6.1.4.1.14519.5.2.1.6279.6001.138080888843357047811238713686,0.4902597402597403,0.25116756558418274,4.172821044921875,1.0039724111557007,0.08840746253728865,0.11684857308864594,0.011134371463788881,1,8,0.0,0.4957209457209457,0.2589586079120636,93.6259994506836,17.630048751831055,1.881517288684845,3.0015406608581543,0.2252816990296046,35,8,91.23535919189453,0.005461205461205432,0.007791042327880859,89.45317840576172,16.626076340675354,1.7931098261475564,2.8846920877695084,0.21414732756581573,False
1.3.6.1.4.1.14519.5.2.1.6279.6001.276710697414087561012670296643,0.5938450246408724,0.2548680901527405,5.103240966796875,1.1440359354019165,0.10338862299919128,0.1385641098022461,0.013413791392909154,1,8,0.0,0.5785012757331096,0.25685563683509827,91.96086120605469,8.66460132598877,2.1361333250999466,33.492244720458984,0.2253119847112232,35,8,54.91731262207031,-0.0153437489077628,0.001987546682357788,86.85762023925781,7.520565390586853,2.0327447021007554,33.35368061065674,0.21189819331831405,False
1.3.6.1.4.1.14519.5.2.1.6279.6001.229096941293122177107846044795,0.6255649717514125,0.223550483584404,37.5079345703125,6.662622928619385,0.8822484773397433,1.4836454391479492,0.09916844330165119,5,8,21.0,0.6075706214689266,0.22770071029663086,121.32001495361328,16.84510040283203,3.3622597527503872,10.400272369384766,0.3108552226252023,35,8,110.94583129882812,-0.01799435028248586,0.004150226712226868,83.81208038330078,10.182477474212646,2.480011275410644,8.916626930236816,0.21168677932355112,False
1.3.6.1.4.1.14519.5.2.1.6279.6001.233652865358649579816568545171,0.6146249002394254,0.2570600211620331,4.8879852294921875,1.3406959772109985,0.12580480247735973,0.1666211038827896,0.013903761262032719,1,8,0.0,0.6321628092577813,0.25938236713409424,76.72438049316406,19.405481338500977,2.3850992846488936,4.061122894287109,0.2240143526103761,35,8,75.42481994628906,0.017537909018355946,0.0023223459720611572,71.83639526367188,18.064785361289978,2.259294482171534,3.8945017904043198,0.2101105913483434,False
1.3.6.1.4.1.14519.5.2.1.6279.6001.756684168227383088294595834066,0.5881911841418883,0.22353999316692352,3.2865524291992188,0.8488074541091919,0.06884544789791107,0.09564068913459778,0.008681715968582365,1,8,0.0,0.5022985133020345,0.23099689185619354,88.81648254394531,17.949268341064453,1.6333633840084074,3.173861026763916,0.217966792192724,35,8,87.16056823730469,-0.08589267083985386,0.0074568986892700195,85.5299301147461,17.10046088695526,1.5645179361104964,3.0782203376293182,0.20928507622414164,False
1.3.6.1.4.1.14519.5.2.1.6279.6001.224465398054769500989828256685,0.563680771221532,0.24823075532913208,46.363922119140625,9.220273971557617,0.8835655158758158,1.0226796865463257,0.11836183023254074,4,8,42.0,0.5911781832298136,0.23990920186042786,145.2103271484375,29.045228958129883,1.8605896687507617,1.9514533281326294,0.3269987987491819,35,8,145.07861328125,0.027497412008281596,-0.008321553468704224,98.84640502929688,19.824954986572266,0.9770241528749459,0.9287736415863037,0.20863696851664118,False
1.3.6.1.4.1.14519.5.2.1.6279.6001.228511122591230092662900221600,0.5019361203600937,0.23832006752490997,38.409095764160156,8.191963195800781,0.7105282354354859,1.0384385585784912,0.09677621532546149,3,8,31.0,0.4943766185719571,0.226241797208786,122.10456848144531,18.36151885986328,2.915621178150177,28.284273147583008,0.3045294926934772,35,8,118.77386474609375,-0.0075595017881366355,-0.012078270316123962,83.69547271728516,10.1695556640625,2.2050929427146913,27.245834589004517,0.2077532773680157,False
1.3.6.1.4.1.14519.5.2.1.6279.6001.792381786708289670758399079830,0.36299840510366826,0.23694397509098053,52.281982421875,9.293793678283691,1.2000153148174308,2.413059711456299,0.1322652297404078,2,8,26.0,0.1992822966507177,0.24439945816993713,98.18307495117188,16.363101959228516,2.1547896718978894,7.2720208168029785,0.3397068199794766,35,8,94.26077270507812,-0.16371610845295057,0.007455483078956604,45.901092529296875,7.069308280944824,0.9547743570804585,4.85896110534668,0.2074415902390688,False
1.3.6.1.4.1.14519.5.2.1.6279.6001.259453428008507791234730686014,0.5724882629107981,0.23315443098545074,41.052032470703125,8.607325553894043,0.6144169056415567,0.7825336456298828,0.09505214444663793,10,8,40.0,0.685320813771518,0.23639141023159027,126.42901611328125,25.33359718322754,1.7325633752346044,2.3896491527557373,0.300722967880302,35,8,125.24913024902344,0.11283255086071986,0.0032369792461395264,85.37698364257812,16.726271629333496,1.1181464695930476,1.6071155071258545,0.20567082343366408,False
1.3.6.1.4.1.14519.5.2.1.6279.6001.231645134739451754302647733304,0.546923076923077,0.23135893046855927,77.74726867675781,19.77178382873535,0.8742664211988449,0.9023117423057556,0.17818442370692888,10,8,77.0,0.6191433566433566,0.23498846590518951,155.1153564453125,25.754398345947266,3.093078169822696,4.267403602600098,0.38312649562093953,35,8,154.5288543701172,0.07222027972027967,0.003629535436630249,77.36808776855469,5.982614517211914,2.2188117486238514,3.365091860294342,0.20494207191401065,False
1.3.6.1.4.1.14519.5.2.1.6279.6001.100621383016233746780170740405,0.560083003206942,0.26959434151649475,126.35173797607422,28.424257278442383,1.993939118385315,2.1667098999023438,0.30368325872951085,4,8,124.0,0.6724910394265233,0.27086248993873596,170.61109924316406,37.05546188354492,5.803151345252993,25.170944213867188,0.5084671625296275,35,8,159.73471069335938,0.11240803621958129,0.001268148422241211,44.259361267089844,8.631204605102539,3.809212226867678,23.004234313964844,0.20478390380011668,False
1.3.6.1.4.1.14519.5.2.1.6279.6001.221017801605543296514746423389,0.5513564788465187,0.2131102830171585,17.47364044189453,2.8714797496795654,0.45700645148754065,0.7005367279052734,0.04619786359535321,2,8,12.0,0.5473913868336179,0.2138359248638153,91.29960632324219,15.870928764343262,2.665694167613982,10.767766952514648,0.25097746641635893,35,8,87.72251892089844,-0.0039650920129008504,0.0007256418466567993,73.82596588134766,12.999449014663696,2.2086877161264415,10.067230224609375,0.2047796028210057,False
1.3.6.1.4.1.14519.5.2.1.6279.6001.173931884906244951746140865701,0.5859056987788331,0.23126575350761414,3.0328216552734375,0.8367749452590942,0.06565437912940972,0.09426946938037872,0.008085407409403056,1,8,0.0,0.6045454545454545,0.24232517182826996,72.82350158691406,14.107303619384766,2.322216706275931,8.211960792541504,0.2123981868267057,35,8,68.19219970703125,0.018639755766621358,0.011059418320655823,69.79067993164062,13.270528674125671,2.2565623271465216,8.117691323161125,0.20431277941730264,False
1.3.6.1.4.1.14519.5.2.1.6279.6001.143622857676008763729469324839,0.409469952313185,0.23204003274440765,6.341583251953125,1.738492488861084,0.13805330246686925,0.19193759560585022,0.017188272742761503,1,8,0.0,0.24601153471650064,0.24636134505271912,69.19647216796875,15.76346492767334,0.8456903547048563,2.3451199531555176,0.2211869245067586,35,8,67.98516845703125,-0.16345841759668436,0.014321312308311462,62.854888916015625,14.024972438812256,0.7076370522379871,2.1531823575496674,0.2039986517639971,False
1.3.6.1.4.1.14519.5.2.1.6279.6001.330643702676971528301859647742,0.5993630573248407,0.23003996908664703,93.81812286376953,15.689990043640137,2.200868992805484,3.0248448848724365,0.24691478828324218,20,8,89.0,0.6617303609341826,0.22400528192520142,163.69296264648438,32.347694396972656,5.242764062881483,28.67550277709961,0.4508210663159692,35,8,93.24697875976562,0.06236730360934184,-0.006034687161445618,69.87483978271484,16.65770435333252,3.0418950700759995,25.650657892227173,0.203906278032727,False
1.3.6.1.4.1.14519.5.2.1.6279.6001.220596530836092324070084384692,0.5160468594955644,0.2405174821615219,5.7931060791015625,1.3734761476516724,0.11068842858076097,0.14802269637584686,0.015121794357895853,1,8,0.0,0.5101227766176449,0.2393801361322403,81.75837707519531,13.468856811523438,1.916765594482422,10.239211082458496,0.21887749438815646,35,8,81.38136291503906,-0.0059240828779194565,-0.0011373460292816162,75.96527099609375,12.095380663871765,1.806077165901661,10.09118838608265,0.2037557000302606,False
1.3.6.1.4.1.14519.5.2.1.6279.6001.216882370221919561230873289517,0.44888823297914204,0.23119807243347168,71.85057067871094,14.286656379699707,1.3799860560894006,2.5567498207092285,0.17752620165745414,2,8,29.0,0.5579373278236914,0.22857308387756348,152.52755737304688,29.680614471435547,2.913539807796477,4.099782466888428,0.38053589055008347,35,8,148.02996826171875,0.10904909484454939,-0.002624988555908203,80.67698669433594,15.39395809173584,1.5335537517070763,1.5430326461791992,0.20300968889262933,False
1.3.6.1.4.1.14519.5.2.1.6279.6001.227796349777753378641347819780,0.5870920064047297,0.22333991527557373,95.33828735351562,20.20293426513672,0.9999635970592499,1.070084810256958,0.21822100679212145,3,8,89.0,0.5819682226875231,0.2223082333803177,160.5324249267578,37.85483932495117,3.5121236872673034,10.338095664978027,0.4191910642014609,35,8,157.71900939941406,-0.005123783717206565,-0.0010316818952560425,65.19413757324219,17.651905059814453,2.5121600902080536,9.26801085472107,0.20097005740933946,False
1.3.6.1.4.1.14519.5.2.1.6279.6001.454273545863197752384437758130,0.48476560435494953,0.23532161116600037,21.49395751953125,4.103097915649414,0.21098040759563444,0.22978442907333374,0.04573573036260075,2,8,21.0,0.31410866233285767,0.24048826098442078,94.47181701660156,22.160114288330078,1.4439851725101465,4.159759044647217,0.245887479648837,35,8,88.038330078125,-0.17065694202209186,0.00516664981842041,72.97785949707031,18.057016372680664,1.233004764914512,3.929974615573883,0.20015174928623625,False
1.3.6.1.4.1.14519.5.2.1.6279.6001.205523326998654833765855998037,0.5914544171424906,0.21298746764659882,5.315521240234375,1.207946538925171,0.09007839299738404,0.11272957921028137,0.013195804206447469,2,8,4.0,0.5612048501956759,0.2207060307264328,98.58343505859375,19.070083618164062,1.071468780040741,1.4538453817367554,0.21312070325480564,35,8,98.34222412109375,-0.030249566946814688,0.007718563079833984,93.26791381835938,17.86213707923889,0.9813903870433569,1.341115802526474,0.19992489904835817,False
1.3.6.1.4.1.14519.5.2.1.6279.6001.337845202462615014431060697507,0.26916744537889914,0.23752760887145996,4.98095703125,1.3531382083892822,0.11717141851782795,0.16679687798023224,0.059813202152966746,1,8,0.0,0.5617852534152094,0.22292664647102356,113.26986694335938,24.222190856933594,1.3863740730285636,7.468024730682373,0.2594737833446926,35,8,110.04133605957031,0.2926178080363102,-0.014600962400436401,108.28890991210938,22.86905264854431,1.2692026545107358,7.301227852702141,0.19966058119172586,False
1.3.6.1.4.1.14519.5.2.1.6279.6001.173106154739244262091404659845,0.46391184573002753,0.23413071036338806,44.1461181640625,8.7124605178833,0.54552018404007,0.6532313823699951,0.09927430053022174,6,8,44.0,0.4656828020464384,0.24513551592826843,131.68218994140625,25.198442459106445,2.042821462154395,2.6513280868530273,0.2986831178161835,35,8,131.21319580078125,0.0017709563164108877,0.011004805564880371,87.53607177734375,16.485981941223145,1.4973012781143251,1.9980967044830322,0.19940881728596177,False
1.3.6.1.4.1.14519.5.2.1.6279.6001.965620538050807352935663552285,0.5507931274499029,0.214246928691864,15.902481079101562,2.724236488342285,0.27318668663501794,1.1285052299499512,0.039503761486874706,5,8,3.0,0.49311890195503777,0.21825622022151947,111.08792114257812,24.59864616394043,0.99959454536438,2.0611729621887207,0.2388365183406406,35,8,110.80066680908203,-0.05767422549486517,0.0040092915296554565,95.18544006347656,21.874409675598145,0.7264078587293621,0.9326677322387695,0.1993327568537659,False
1.3.6.1.4.1.14519.5.2.1.6279.6001.147250707071097813243473865421,0.44726392251815983,0.2203262597322464,80.31159973144531,18.870378494262695,0.9479182296991349,0.9932103157043457,0.18238407161699402,2,8,77.0,0.4991283292978208,0.2236688882112503,149.47023010253906,26.90612030029297,3.2875872015953087,7.307193279266357,0.38156700135601895,35,8,147.76959228515625,0.051864406779660976,0.0033426284790039062,69.15863037109375,8.035741806030273,2.339668971896174,6.313982963562012,0.19918292973902493,False
1.3.6.1.4.1.14519.5.2.1.6279.6001.175318131822744218104175746898,0.6227488151658768,0.24145425856113434,38.707763671875,9.792257308959961,0.4451971897482871,0.4807884097099304,0.08574838626417848,10,8,38.0,0.5959351075464819,0.23622314631938934,105.27238464355469,24.5140380859375,2.7608401775360103,5.593103408813477,0.28489503675036965,35,8,103.67029571533203,-0.026813707619394833,-0.005231112241744995,66.56462097167969,14.721780776977539,2.315642987787723,5.112314999103546,0.19914665048619118,False
1.3.6.1.4.1.14519.5.2.1.6279.6001.479402560265137632920333093071,0.6636586669257676,0.2156994640827179,137.1922149658203,25.394161224365234,2.744572305679302,6.5169501304626465,0.32264224428600674,2,8,69.0,0.5157525262339682,0.23194265365600586,222.87149047851562,25.37589454650879,4.424125623702965,13.174853324890137,0.5217312957445769,35,8,217.32049560546875,-0.14790614069179941,0.016243189573287964,85.67927551269531,-0.018266677856445312,1.6795533180236628,6.65790319442749,0.19908905145857014,False
1.3.6.1.4.1.14519.5.2.1.6279.6001.149893110752986700464921264055,0.3037815265303417,0.24412019550800323,25.5911865234375,4.489569664001465,0.5882141053676613,0.7813279628753662,0.09298710201682191,2,8,19.0,0.5031650813641335,0.23404701054096222,125.06454467773438,21.600177764892578,1.962977278232577,5.991451263427734,0.29163210051589544,35,8,121.50286865234375,0.19938355483379183,-0.010073184967041016,99.47335815429688,17.110608100891113,1.3747631728649157,5.210123300552368,0.19864499849907352,False
1.3.6.1.4.1.14519.5.2.1.6279.6001.161002239822118346732951898613,0.5269871389415981,0.24333631992340088,61.39546203613281,12.998383522033691,1.3977425062656559,3.76775860786438,0.15781739939451264,15,8,53.0,0.5213698382578837,0.2338629812002182,140.3192596435547,29.320215225219727,3.1081800365448022,3.934274673461914,0.3548251414087084,35,8,139.69833374023438,-0.005617300683714355,-0.009473338723182678,78.92379760742188,16.321831703186035,1.7104375302791464,0.16651606559753418,0.19700774201419577,False
1.3.6.1.4.1.14519.5.2.1.6279.6001.146429221666426688999739595820,0.5055863575268817,0.22772249579429626,5.826446533203125,1.669999599456787,0.10931694366037849,0.15010495483875275,0.015278287023885383,5,8,0.0,0.5515057963709677,0.22236819565296173,95.15662384033203,19.351198196411133,1.0563745057582856,1.4925732612609863,0.21167206419971252,35,8,95.02395629882812,0.045919438844086,-0.005354300141334534,89.3301773071289,17.681198596954346,0.9470575620979071,1.3424683064222336,0.19639377717582712,False
1.3.6.1.4.1.14519.5.2.1.6279.6001.321935195060268166151738328001,0.6057350786120563,0.2322441041469574,73.65805053710938,16.23032569885254,0.5840496432781219,0.6118372678756714,0.15981043057574165,2,8,73.0,0.5455403492213308,0.24511823058128357,138.18899536132812,29.011281967163086,3.382838919162745,6.540116786956787,0.35554936935371806,35,8,135.12295532226562,-0.060194729390725565,0.012874126434326172,64.53094482421875,12.780956268310547,2.798789275884623,5.928279519081116,0.1957389387779764,False
1.3.6.1.4.1.14519.5.2.1.6279.6001.939152384493874708850321969356,0.5331166457811195,0.22471775114536285,3.2001876831054688,0.8553026914596558,0.06163311216980218,0.08220889419317245,0.008443847693461511,1,8,0.0,0.5179354636591479,0.2287241816520691,86.41129302978516,15.497645378112793,1.2206185555458018,1.7340705394744873,0.20359509543047996,35,8,86.11911010742188,-0.015181182121971615,0.004006430506706238,83.21110534667969,14.642342686653137,1.1589854433759996,1.6518616452813148,0.19515124773701845,False
1.3.6.1.4.1.14519.5.2.1.6279.6001.237428977311365557972720635401,0.5748422607061351,0.24296340346336365,3.2259063720703125,0.7452356815338135,0.06876620784401895,0.09258057922124863,0.008585611787603961,1,8,0.0,0.5940394683850181,0.236770898103714,76.02295684814453,16.763368606567383,1.6997198414802557,4.09710168838501,0.2022935959259669,35,8,75.84945678710938,0.019197207678883,-0.006192505359649658,72.79705047607422,16.01813292503357,1.6309536336362367,4.004521109163761,0.19370798413836293,False
1.3.6.1.4.1.14519.5.2.1.6279.6001.131939324905446238286154504249,0.5604947166186359,0.23645035922527313,117.60296630859375,21.799577713012695,2.243862471580507,2.961906909942627,0.2807151985645295,2,8,85.0,0.42853025936599426,0.22860753536224365,182.68678283691406,42.45884704589844,3.4470121598243804,5.744879245758057,0.473934805136257,35,8,180.20339965820312,-0.13196445725264166,-0.00784282386302948,65.08381652832031,20.659269332885742,1.2031496882438732,2.7829723358154297,0.19321960657172754,False
1.3.6.1.4.1.14519.5.2.1.6279.6001.170921541362033046216100409521,0.26910469901425976,0.24828355014324188,62.03559875488281,11.544517517089844,1.2105202734470357,2.2303664684295654,0.19144203356127884,2,8,30.0,0.3838644846396784,0.22991545498371124,167.5409393310547,37.41192626953125,2.5749641275405883,10.596138954162598,0.3842790802796681,35,8,165.2648162841797,0.11475978562541866,-0.01836809515953064,105.50534057617188,25.867408752441406,1.3644438540935526,8.365772485733032,0.19283704671838928,False
1.3.6.1.4.1.14519.5.2.1.6279.6001.140527383975300992150799777603,0.4845733472667158,0.2400025576353073,37.9854736328125,7.488173484802246,0.9497673821449274,1.1532983779907227,0.09700896700488194,10,8,36.0,0.5434361776848886,0.22574160993099213,114.03750610351562,23.60296058654785,2.52467568397522,2.856598138809204,0.2890935186915928,35,8,113.61395263671875,0.05886283041817281,-0.014260947704315186,76.05203247070312,16.114787101745605,1.5749083018302925,1.7032997608184814,0.19208455168671085,False
1.3.6.1.4.1.14519.5.2.1.6279.6001.244590453955380448651329424024,0.5529288926965089,0.21565069258213043,2.9859695434570312,0.7899847626686096,0.06977376073598862,0.09886619448661804,0.00825038852194945,1,8,0.0,0.5680418719211823,0.22575925290584564,82.95887756347656,15.371545791625977,1.349557622671128,2.710035800933838,0.19809306336641314,35,8,82.63801574707031,0.015112979224673362,0.01010856032371521,79.97290802001953,14.581561028957367,1.2797838619351394,2.61116960644722,0.18984267484446368,False
1.3.6.1.4.1.14519.5.2.1.6279.6001.139889514693390832525232698200,0.5888850574712644,0.22761335968971252,3.60858154296875,1.0167350769042969,0.07157099395990368,0.09981091320514679,0.009533265873789784,5,8,0.0,0.5322183908045977,0.2286580502986908,79.64484405517578,13.473941802978516,1.994630808830261,6.0682759284973145,0.1990379363854726,15,8,71.88357543945312,-0.056666666666666754,0.0010446906089782715,76.03626251220703,12.457206726074219,1.9230598148703573,5.968465015292168,0.18950467051168282,False
1.3.6.1.4.1.14519.5.2.1.6279.6001.803808126682275425758092691689,0.49140114379084965,0.2209462821483612,24.233871459960938,4.0473761558532715,0.6094267815351463,2.0525588989257812,0.06237852813469032,15,8,21.0,0.6404207516339869,0.22877109050750732,87.11177062988281,16.561925888061523,2.8476796650886516,7.342132091522217,0.25143661808172857,35,8,86.13249206542969,0.14901960784313728,0.007824808359146118,62.877899169921875,12.514549732208252,2.238252883553505,5.2895731925964355,0.18905808994703827,False
1.3.6.1.4.1.14519.5.2.1.6279.6001.313756547848086902190878548835,0.6514856683963429,0.22426679730415344,116.50933837890625,24.622007369995117,1.3719218063354488,1.431663990020752,0.2690633620791965,10,8,115.0,0.5990085248332098,0.2303544580936432,172.10272216796875,36.26744079589844,4.266357660293576,19.262022018432617,0.4575847951571146,35,8,168.4377899169922,-0.052477143563133155,0.006087660789489746,55.5933837890625,11.64543342590332,2.894435853958128,17.830358028411865,0.18852143307791808,False
1.3.6.1.4.1.14519.5.2.1.6279.6001.338875090785618956575597613546,0.5952906110283159,0.22214758396148682,86.72218322753906,16.36890983581543,1.0914275002479545,1.2104616165161133,0.19967214629650115,6,8,82.0,0.6607302533532041,0.2196430116891861,160.81138610839844,32.426700592041016,3.1345526432990747,4.799534797668457,0.3878161071750844,35,8,158.79623413085938,0.06543964232488819,-0.00250457227230072,74.08920288085938,16.057790756225586,2.04312514305112,3.5890731811523438,0.18814396087858326,False
1.3.6.1.4.1.14519.5.2.1.6279.6001.417815314896088956784723476543,0.28814325917984457,0.2676873803138733,6.582977294921875,1.7995625734329224,0.15342797562479976,0.21291261911392212,0.05339597999862501,1,8,0.0,0.5331680514607344,0.2580602765083313,89.76882934570312,17.33685302734375,2.295174968242647,11.181791305541992,0.23928656627072234,35,8,80.00674438476562,0.24502479228088986,-0.009627103805541992,83.18585205078125,15.537290453910828,2.1417469926178474,10.96887868642807,0.1858905862720973,False
1.3.6.1.4.1.14519.5.2.1.6279.6001.161073793312426102774780216551,0.49665912558531067,0.22342078387737274,41.879150390625,9.431323051452637,0.7618820410966873,1.212497353553772,0.1011927599635389,15,8,40.0,0.5215052349134529,0.22761324048042297,119.43775939941406,19.370731353759766,1.7186370003223417,1.9490481615066528,0.28508610492679803,35,8,119.07383728027344,0.02484610932814224,0.004192456603050232,77.55860900878906,9.939408302307129,0.9567549592256543,0.7365508079528809,0.18389334496325915,False
1.3.6.1.4.1.14519.5.2.1.6279.6001.216252660192313507027754194207,0.5523601945470323,0.2418532371520996,28.060043334960938,5.653745174407959,0.41340239346027374,0.4361673593521118,0.06569493437806766,2,8,27.0,0.5061855462049202,0.25189125537872314,99.98654174804688,20.321500778198242,1.9524900913238525,2.2505931854248047,0.2493841136826409,35,8,99.63026428222656,-0.04617464834211216,0.010038018226623535,71.92649841308594,14.667755603790283,1.5390876978635788,1.8144258260726929,0.18368917930457324,False
1.3.6.1.4.1.14519.5.2.1.6279.6001.275766318636944297772360944907,0.5096886741814278,0.2300938218832016,112.57113647460938,25.601551055908203,1.1279280018806448,1.2520381212234497,0.25224433504475485,2,8,108.0,0.5889559849704777,0.21513965725898743,173.06973266601562,28.50703239440918,3.2321238875389082,6.757152557373047,0.43507094861401446,35,8,170.6939239501953,0.07926731078904992,-0.014954164624214172,60.49859619140625,2.9054813385009766,2.1041958856582634,5.505114436149597,0.1828266135692596,False
1.3.6.1.4.1.14519.5.2.1.6279.6001.569096986145782511000054443951,0.5683317134129409,0.23824165761470795,81.39981079101562,18.037137985229492,0.8779757350683212,0.905597448348999,0.18643959011303052,2,8,80.0,0.6579248819772285,0.2428823709487915,163.93704223632812,31.235919952392578,1.7057678699493408,1.8008371591567993,0.36911228153440684,35,8,163.79090881347656,0.08959316856428767,0.004640713334083557,82.5372314453125,13.198781967163086,0.8277921348810197,0.8952397108078003,0.18267269142137632,False
1.3.6.1.4.1.14519.5.2.1.6279.6001.301462380687644451483231621986,0.5267429760665973,0.22123213112354279,57.87004089355469,11.398134231567383,1.175777522325515,1.400528907775879,0.1377608627359072,3,8,49.0,0.29586740002973094,0.23025241494178772,123.93159484863281,28.98123550415039,1.5830461287498474,5.83143424987793,0.3199900321467914,35,8,122.48246765136719,-0.23087557603686631,0.009020283818244934,66.06155395507812,17.583101272583008,0.4072686064243325,4.430905342102051,0.18222916941088418,False
1.3.6.1.4.1.14519.5.2.1.6279.6001.765930210026773090100532964804,0.5101245242582123,0.2540992796421051,145.28182983398438,35.69049072265625,1.4428402185440063,1.4800652265548706,0.3241479851139916,2,8,145.0,0.6052544063851014,0.23720867931842804,185.60498046875,31.49739646911621,5.545343518257141,8.722000122070312,0.5062149337927501,35,8,184.20094299316406,0.09512988212688911,-0.016890600323677063,40.323150634765625,-4.193094253540039,4.102503299713135,7.241934895515442,0.18206694867875844,False
1.3.6.1.4.1.14519.5.2.1.6279.6001.217697417596902141600884006982,0.6707737308170052,0.2228296548128128,65.41839599609375,11.209367752075195,1.4839778161048898,1.7973318099975586,0.16054045052793292,3,8,54.0,0.5964258524662419,0.22530031204223633,122.95404815673828,26.39414405822754,3.7472057652473643,5.758542537689209,0.34161247558328894,35,8,118.66792297363281,-0.07434787835076329,0.002470657229423523,57.53565216064453,15.184776306152344,2.2632279491424745,3.9612107276916504,0.18107202505535602,False
1.3.6.1.4.1.14519.5.2.1.6279.6001.138674679709964033277400089532,0.5705587477241021,0.21880917251110077,30.05272674560547,3.6031455993652344,0.8085420310497285,3.675999164581299,0.0790156812204255,10,8,22.0,0.5597053746660046,0.21552814543247223,108.62835693359375,15.735958099365234,2.2110330629348756,2.7715811729431152,0.258267376724879,35,8,107.3720703125,-0.010853373058097526,-0.00328102707862854,78.57563018798828,12.1328125,1.402491031885147,-0.9044179916381836,0.17925169550445347,False
1.3.6.1.4.1.14519.5.2.1.6279.6001.272123398257168239653655006815,0.5467128843614413,0.22533322870731354,79.12430572509766,16.98023796081543,0.9347217470407511,1.090079665184021,0.17879402515292175,3,8,75.0,0.3713686096962837,0.21685943007469177,136.3502197265625,29.3118953704834,3.528585064411164,14.36767578125,0.356873210840755,35,8,134.7574462890625,-0.17534427466515756,-0.008473798632621765,57.225914001464844,12.331657409667969,2.593863317370413,13.277596116065979,0.17807918568783326,False
1.3.6.1.4.1.14519.5.2.1.6279.6001.245546033414728092794968890929,0.5582114906267063,0.2369888871908188,13.324081420898438,1.8260854482650757,0.27740675181150454,1.1256444454193115,0.034688318760196374,5,8,3.0,0.5608809076017716,0.2395665943622589,91.54373931884766,22.972993850708008,1.2955833148956308,1.3768610954284668,0.21248105832205882,10,8,91.17770385742188,0.0026694169750652863,0.0025777071714401245,78.21965789794922,21.146908402442932,1.0181765630841264,0.2512166500091553,0.17779273956186245,False
1.3.6.1.4.1.14519.5.2.1.6279.6001.220205300714852483483213840572,0.5825853613398723,0.23126552999019623,4.7095184326171875,1.3191684484481812,0.10596841804683209,0.14557604491710663,0.012820849289248386,5,8,0.0,0.592548039850714,0.22848719358444214,69.84230041503906,14.265692710876465,1.944828788042063,15.647134780883789,0.19027313270966192,35,8,69.45121765136719,0.00996267851084176,-0.0027783364057540894,65.13278198242188,12.946524262428284,1.8388603699952308,15.501558735966682,0.17745228342041353,False
1.3.6.1.4.1.14519.5.2.1.6279.6001.235217371152464582553341729176,0.40316862882401855,0.23544439673423767,57.127899169921875,10.065082550048828,1.5712417292594896,2.5418589115142822,0.15771121228800875,10,8,53.0,0.5238011875063825,0.23180235922336578,130.59823608398438,24.067331314086914,3.3744746589660637,7.619443893432617,0.33482422063615586,35,8,128.70184326171875,0.12063255868236394,-0.003642037510871887,73.4703369140625,14.002248764038086,1.8032329297065741,5.077584981918335,0.1771130083481471,False
1.3.6.1.4.1.14519.5.2.1.6279.6001.247769845138587733933485039556,0.6069693889077149,0.2117496281862259,33.28499221801758,6.326356887817383,0.544341026544571,0.7284412384033203,0.07931674562957552,3,8,24.0,0.6114029142663504,0.2198655754327774,105.83757019042969,25.654006958007812,1.8836936366558081,5.281698226928711,0.2560373225172361,35,8,103.07569885253906,0.004433525358635504,0.008115947246551514,72.55257797241211,19.32765007019043,1.3393526101112372,4.553256988525391,0.17672057688766057,False
1.3.6.1.4.1.14519.5.2.1.6279.6001.138904664700896606480369521124,0.5486718017083889,0.23387740552425385,30.6422119140625,6.604154109954834,0.4307283714413642,0.46995294094085693,0.0718205612881316,3,8,30.0,0.5995161210684837,0.22906051576137543,95.21892547607422,11.321788787841797,2.2254710817337036,3.2504959106445312,0.24832742929988436,35,8,94.13470458984375,0.050844319360094814,-0.004816889762878418,64.57671356201172,4.717634677886963,1.7947427102923394,2.7805429697036743,0.17650686801175275,False
1.3.6.1.4.1.14519.5.2.1.6279.6001.153732973534937692357111055819,0.42443241189322695,0.20826147496700287,42.59785461425781,10.22969913482666,0.3120828586816788,0.3307330310344696,0.08985099271337191,2,8,42.0,0.30728391543438566,0.20772778987884521,98.14485168457031,18.908605575561523,2.0617483520507833,8.268965721130371,0.2653295331806766,35,8,94.06201171875,-0.11714849645884129,-0.0005336850881576538,55.5469970703125,8.678906440734863,1.7496654933691045,7.9382326900959015,0.17547854046730468,False
1.3.6.1.4.1.14519.5.2.1.6279.6001.300271604576987336866436407488,0.5383299798792757,0.24185889959335327,35.83892822265625,8.533356666564941,0.4024167907238007,0.9956212043762207,0.07977560721106,10,8,34.0,0.5860328638497653,0.24010129272937775,104.32328796386719,19.576250076293945,1.8859742891788482,5.655951023101807,0.25520593554046417,35,8,104.10243225097656,0.04770288397048961,-0.001757606863975525,68.48435974121094,11.042893409729004,1.4835574984550475,4.660329818725586,0.17543032832940417,False
1.3.6.1.4.1.14519.5.2.1.6279.6001.470912100568074901744259213968,0.5344326091753425,0.25793176889419556,95.4339599609375,23.16636848449707,1.4282926321029663,1.4972373247146606,0.22424389216634963,15,8,94.0,0.48667027742673163,0.26604190468788147,149.9371337890625,35.14076614379883,4.068466901779175,6.978317737579346,0.3984955260488722,35,8,145.96038818359375,-0.04776233174861089,0.008110135793685913,54.503173828125,11.974397659301758,2.6401742696762085,5.481080412864685,0.17425163388252254,False
1.3.6.1.4.1.14519.5.2.1.6279.6001.436403998650924660479049012235,0.48715668840150167,0.21835052967071533,57.58793640136719,14.678482055664062,0.5195436179637909,0.547175943851471,0.125986586842272,10,8,57.0,0.5472609168148588,0.21128959953784943,130.53192138671875,23.31591033935547,1.9021257162094116,3.2865700721740723,0.2997456244627634,35,8,129.62014770507812,0.06010422841335711,-0.007060930132865906,72.94398498535156,8.637428283691406,1.3825820982456207,2.7393941283226013,0.1737590376204914,False
1.3.6.1.4.1.14519.5.2.1.6279.6001.481278873893653517789960724156,0.5358371397958608,0.2315635234117508,30.47809600830078,6.714828014373779,0.30902970612049097,0.3214486539363861,0.06827005926171939,2,8,30.0,0.5421718453354386,0.22831742465496063,85.98165130615234,15.94565486907959,2.454458804130553,5.158258438110352,0.24088847697046065,35,8,85.13343811035156,0.006334705539577823,-0.003246098756790161,55.50355529785156,9.23082685470581,2.1454290980100623,4.8368097841739655,0.17261841770874126,False
1.3.6.1.4.1.14519.5.2.1.6279.6001.557875302364105947813979213632,0.5822587467520696,0.21381515264511108,92.10594940185547,14.649099349975586,1.1546035385131823,2.0505194664001465,0.2045587615119086,3,8,88.0,0.560384313251556,0.22154037654399872,148.92105102539062,23.739673614501953,3.2397979927062948,7.946205139160156,0.3769785916434393,35,8,139.49850463867188,-0.021874433500513546,0.007725223898887634,56.815101623535156,9.090574264526367,2.0851944541931124,5.89568567276001,0.17241983013153067,False
1.3.6.1.4.1.14519.5.2.1.6279.6001.325580698241281352835338693869,0.5077819616281155,0.23663587868213654,86.57818603515625,16.49968147277832,2.913820364475241,3.9284677505493164,0.24425378033055173,10,8,80.0,0.5219114219114219,0.22558742761611938,171.35525512695312,37.1419677734375,2.4383809828758207,3.6030399799346924,0.4163320435338549,35,8,171.06982421875,0.014129460283306416,-0.011048451066017151,84.77706909179688,20.64228630065918,-0.47543938159942023,-0.325427770614624,0.17207826320330316,False
1.3.6.1.4.1.14519.5.2.1.6279.6001.324290109423920971676288828329,0.5625158444455711,0.23707906901836395,31.084014892578125,6.820310115814209,0.45711293816566384,0.5125435590744019,0.0744056560926967,4,8,30.0,0.5459995943821934,0.2349940985441208,90.24574279785156,10.206095695495605,2.83875324249267,7.775473594665527,0.24607983699374708,35,8,87.43488311767578,-0.016516250063377758,-0.002084970474243164,59.16172790527344,3.3857855796813965,2.3816403043270062,7.2629300355911255,0.17167418090105038,False
1.3.6.1.4.1.14519.5.2.1.6279.6001.291156498203266896953765649282,0.5092338479130932,0.22514013946056366,4.3038787841796875,1.2565572261810303,0.09568204425275327,0.13076208531856537,0.011710746999664439,5,8,0.0,0.5803459119496855,0.2366870790719986,70.04965209960938,12.827436447143555,1.6675544977188137,2.6479456424713135,0.1830932107236651,35,8,69.64041137695312,0.07111206403659232,0.011546939611434937,65.74577331542969,11.570879220962524,1.5718724534660604,2.517183557152748,0.17138246372400068,False
1.3.6.1.4.1.14519.5.2.1.6279.6001.280972147860943609388015648430,0.5784850052980459,0.22157496213912964,85.12603759765625,21.539100646972656,0.7652114748954773,0.8301045298576355,0.19055720484256744,10,8,84.0,0.6412114043517902,0.2171466201543808,147.22198486328125,22.524765014648438,3.1086451458930955,9.28089427947998,0.3616497301499048,35,8,143.74032592773438,0.06272639905374433,-0.00442834198474884,62.095947265625,0.9856643676757812,2.3434336709976185,8.450789749622345,0.17109252530733737,False
1.3.6.1.4.1.14519.5.2.1.6279.6001.177252583002664900748714851615,0.18894142066420663,0.2571456730365753,9.069900512695312,2.1784772872924805,0.19694687336683273,0.2599368989467621,0.11581653609565393,1,8,0.0,0.31703567035670355,0.26622331142425537,90.60115051269531,19.343521118164062,3.1273454260826123,13.168055534362793,0.28657280123872264,35,8,83.85942077636719,0.12809424969249691,0.009077638387680054,81.53125,17.165043830871582,2.9303985527157796,12.90811863541603,0.17075626514306871,False
1.3.6.1.4.1.14519.5.2.1.6279.6001.119209873306155771318545953948,0.6113263737671321,0.2319028228521347,57.156494140625,10.757710456848145,1.155619758367538,1.365310788154602,0.1403686532775561,2,8,47.0,0.6427244780325349,0.23026758432388306,130.42471313476562,21.26721954345703,2.397460043430326,19.44692039489746,0.31007115330961005,35,8,125.62999725341797,0.03139810426540279,-0.001635238528251648,73.26821899414062,10.509509086608887,1.241840285062788,18.08160960674286,0.16970250003205395,False
1.3.6.1.4.1.14519.5.2.1.6279.6001.275755514659958628040305922764,0.5385237068965517,0.2239624559879303,50.09477996826172,9.117805480957031,0.8346793270111081,1.0234320163726807,0.11918445181316799,5,8,47.0,0.5926356778996865,0.22036197781562805,114.975341796875,28.90604019165039,2.2809619808197,3.4951746463775635,0.28835659210417,35,8,111.46392059326172,0.05411197100313481,-0.003600478172302246,64.88056182861328,19.78823471069336,1.446282653808592,2.471742630004883,0.16917214029100197,False
1.3.6.1.4.1.14519.5.2.1.6279.6001.414288023902112119945238126594,0.6171862784952625,0.23656867444515228,21.266754150390625,4.168794631958008,0.6176356726884843,1.982390284538269,0.05939973403546545,15,8,19.0,0.6358860502204572,0.23693333566188812,89.32266235351562,11.74116039276123,2.060336048603058,3.946307420730591,0.2282697266234292,35,8,88.6705093383789,0.018699771725194658,0.00036466121673583984,68.055908203125,7.572365760803223,1.4427003759145736,1.9639171361923218,0.16886999258796376,False
1.3.6.1.4.1.14519.5.2.1.6279.6001.200558451375970945040979397866,0.5357386340850455,0.226934552192688,78.30665588378906,14.755654335021973,2.293329553604135,4.54803466796875,0.21615725401772418,25,8,74.0,0.5279853489646691,0.2312481701374054,151.8765106201172,27.469011306762695,3.6403137874603324,8.203804016113281,0.3842894756423104,35,8,150.59182739257812,-0.00775328512037643,0.004313617944717407,73.56985473632812,12.713356971740723,1.3469842338561975,3.6557693481445312,0.16813222162458624,False
1.3.6.1.4.1.14519.5.2.1.6279.6001.299806338046301317870803017534,0.5228849902534113,0.2319636344909668,73.8306884765625,13.02392578125,1.2967378342151652,1.4435608386993408,0.17556638253927234,5,8,69.0,0.6169980506822612,0.23973385989665985,114.32978057861328,25.598922729492188,3.6628413820266723,5.521725177764893,0.34285121097034876,35,8,113.97488403320312,0.09411306042884993,0.007770225405693054,40.49909210205078,12.574996948242188,2.366103547811507,4.078164339065552,0.16728482843107642,False
1.3.6.1.4.1.14519.5.2.1.6279.6001.320967206808467952819309001585,0.5686304909560723,0.2287328988313675,2.3087310791015625,0.6086153388023376,0.05448434710502627,0.07881864160299301,0.006325839414861468,5,8,0.0,0.5690783807062877,0.22447402775287628,57.626163482666016,9.947790145874023,1.993748041391373,6.131405353546143,0.17236756997505825,35,8,56.410274505615234,0.0004478897502153689,-0.004258871078491211,55.31743240356445,9.339174807071686,1.9392636942863468,6.05258671194315,0.16604173056019678,False
1.3.6.1.4.1.14519.5.2.1.6279.6001.325164338773720548739146851679,0.529865526946732,0.2344508171081543,55.37828063964844,7.7645463943481445,1.3068967962265017,1.5495808124542236,0.14912887531386482,2,8,47.0,0.5883039716459919,0.22680452466011047,116.4075927734375,21.555801391601562,3.0677453136444095,9.878453254699707,0.3137112246301439,35,8,110.82987976074219,0.05843844469925996,-0.007646292448043823,61.02931213378906,13.791254997253418,1.7608485174179078,8.328872442245483,0.16458234931627908,False
1.3.6.1.4.1.14519.5.2.1.6279.6001.240969450540588211676803094518,0.5893347177927761,0.2452128678560257,86.17770385742188,19.940113067626953,0.8353396981954575,0.8706699013710022,0.192597191390064,2,8,85.0,0.5703478454349922,0.24317535758018494,137.23779296875,25.2089786529541,3.2398430943489114,4.61018705368042,0.3563410697910522,35,8,136.41912841796875,-0.018986872357783957,-0.0020375102758407593,51.060089111328125,5.268865585327148,2.404503396153454,3.7395171523094177,0.16374387840098817,False
1.3.6.1.4.1.14519.5.2.1.6279.6001.274052674198758621258447180130,0.5562616822429907,0.23837611079216003,55.727203369140625,9.944546699523926,0.7920422005653376,0.8587118983268738,0.13285937939484913,2,8,49.0,0.535257874697127,0.23711231350898743,113.1995849609375,20.393587112426758,2.3225179004669174,9.219096183776855,0.2932466149965921,35,8,107.7796630859375,-0.021003807545863618,-0.0012637972831726074,57.472381591796875,10.449040412902832,1.5304756999015798,8.360384285449982,0.16038723560174298,False
1.3.6.1.4.1.14519.5.2.1.6279.6001.225227615446398900698431118292,0.6710774118533318,0.2140539139509201,113.58128356933594,19.249784469604492,2.874543294906613,4.113953590393066,0.30482970128589193,4,8,89.0,0.6233562058857246,0.23728734254837036,190.2811737060547,35.33209228515625,3.413166327476494,27.4986629486084,0.46514432691468116,35,8,189.26898193359375,-0.047721205967607205,0.023233428597450256,76.69989013671875,16.082307815551758,0.5386230325698809,23.384709358215332,0.16031462562878923,False
1.3.6.1.4.1.14519.5.2.1.6279.6001.952265563663939823135367733681,0.4018183294098547,0.23116785287857056,2.5526885986328125,0.614496111869812,0.057505855336785316,0.08003314584493637,0.006861575591481394,1,8,0.0,0.5617136131179479,0.21672381460666656,61.450130462646484,12.403162956237793,1.5498854517936707,2.510495901107788,0.16582078145609958,35,8,60.101200103759766,0.1598952837080932,-0.014444038271903992,58.89744186401367,11.788666844367981,1.4923795964568853,2.4304627552628517,0.15895920586461817,False
1.3.6.1.4.1.14519.5.2.1.6279.6001.126631670596873065041988320084,0.5366395046584305,0.2309243232011795,181.1141357421875,42.20142364501953,1.5388708817958832,1.5771117210388184,0.38468345111343594,2,8,181.0,0.5022196909956482,0.22309905290603638,195.55313110351562,47.525115966796875,5.788985199928257,21.398788452148438,0.5413503429783706,35,8,186.9204559326172,-0.03441981366278224,-0.007825270295143127,14.438995361328125,5.323692321777344,4.250114318132374,19.82167673110962,0.15666689186493465,False
1.3.6.1.4.1.14519.5.2.1.6279.6001.202283133206014258077705539227,0.5754508242062175,0.22183310985565186,98.25157165527344,20.31934928894043,1.6708605575561515,1.812095046043396,0.23265037701924637,4,8,88.0,0.5993657115462625,0.23339425027370453,137.3070831298828,23.11412811279297,3.6748707127571096,17.93707275390625,0.3891306318468517,35,8,135.3768310546875,0.023914887340044988,0.011561140418052673,39.055511474609375,2.794778823852539,2.004010155200958,16.124977707862854,0.15648025482760533,False
1.3.6.1.4.1.14519.5.2.1.6279.6001.161821150841552408667852639317,0.5432873497831188,0.24178646504878998,43.00111389160156,9.142609596252441,1.1166959357261643,2.0672082901000977,0.11269947587384113,15,8,39.0,0.3314548816042096,0.24944418668746948,94.13577270507812,20.07227325439453,2.4912738299369774,9.159941673278809,0.2685760064985855,35,8,92.90330505371094,-0.21183246817890916,0.007657721638679504,51.13465881347656,10.92966365814209,1.3745778942108131,7.092733383178711,0.15587653062474435,False
1.3.6.1.4.1.14519.5.2.1.6279.6001.269075535958871753309238331179,0.669761794832333,0.23999132215976715,10.400604248046875,1.9770852327346802,0.1376711496710778,0.19294200837612152,0.024121740301781235,3,8,10.0,0.6697446946767216,0.24142494797706604,70.6520004272461,10.882373809814453,1.4340214180946351,2.801147937774658,0.17961914268864526,35,8,70.37814331054688,-1.7100155611404766e-05,0.0014336258172988892,60.25139617919922,8.905288577079773,1.2963502684235573,2.6082059293985367,0.15549740238686402,False
1.3.6.1.4.1.14519.5.2.1.6279.6001.254473943359963613733707320244,0.5697804659498208,0.23027372360229492,95.51193237304688,20.615694046020508,0.8279684901237493,0.8885678052902222,0.2147072547939089,2,8,94.0,0.653312923138192,0.2280736118555069,150.74560546875,27.729581832885742,2.320401408672335,2.5613911151885986,0.369161111134953,35,8,150.490966796875,0.08353245718837121,-0.002200111746788025,55.233673095703125,7.113887786865234,1.4924329185485856,1.6728233098983765,0.15445385634104408,False
1.3.6.1.4.1.14519.5.2.1.6279.6001.272259794130271010519952623746,0.4818386130136986,0.21610653400421143,4.8901824951171875,1.2481129169464111,0.09045991644263268,0.12554731965065002,0.012760398921204938,5,8,0.0,0.517925941780822,0.21350549161434174,69.47076416015625,15.244497299194336,0.8947621983289725,4.70970344543457,0.167016835218668,35,8,66.42990112304688,0.03608732876712334,-0.00260104238986969,64.58058166503906,13.996384382247925,0.8043022818863399,4.58415612578392,0.15425643629746305,False
1.3.6.1.4.1.14519.5.2.1.6279.6001.111172165674661221381920536987,0.5875319290711879,0.23212465643882751,2.9850845336914062,0.802740752696991,0.05670968770980833,0.07505922764539719,0.007888036062982346,1,8,0.0,0.5720702377867447,0.23239444196224213,66.4488525390625,11.53687858581543,1.2760527658462395,10.784265518188477,0.16178782805866626,35,8,45.9610595703125,-0.01546169128444319,0.0002697855234146118,63.463768005371094,10.734137833118439,1.2193430781364312,10.70920629054308,0.1538997919956839,False
1.3.6.1.4.1.14519.5.2.1.6279.6001.128881800399702510818644205032,0.4767690581387194,0.21344351768493652,6.062347412109375,1.4739714860916138,0.12399222850799561,0.16777487099170685,0.01582714933819241,2,8,2.0,0.48588610702012763,0.21716555953025818,71.08168029785156,10.38508129119873,1.1902176618576081,9.004387855529785,0.16921977384885162,35,8,66.94879150390625,0.00911704888140824,0.0037220418453216553,65.01933288574219,8.911109805107117,1.0662254333496126,8.836612984538078,0.15339262451065921,False
1.3.6.1.4.1.14519.5.2.1.6279.6001.121391737347333465796214915391,0.5448750334333858,0.2432214915752411,4.923736572265625,1.1874762773513794,0.1092937671393156,0.14706869423389435,0.013492918858677148,1,8,0.0,0.581458587179411,0.24588462710380554,72.37738037109375,13.684340476989746,0.9198724180459975,3.658066749572754,0.16652932251493133,35,8,71.05042266845703,0.03658355374602518,0.002663135528564453,67.45364379882812,12.496864199638367,0.8105786509066819,3.5109980553388596,0.15303640365625418,False
1.3.6.1.4.1.14519.5.2.1.6279.6001.811825890493256320617655474043,0.5802837624802942,0.23883648216724396,38.48136901855469,9.218549728393555,0.7160676288604737,0.796811044216156,0.10060108599132962,25,8,38.0,0.6256437204414083,0.23922766745090485,106.02050018310547,21.055532455444336,1.6907688903808593,3.8807361125946045,0.2533836379157172,35,8,105.88688659667969,0.04535995796111403,0.00039118528366088867,67.53913116455078,11.836982727050781,0.9747012615203856,3.0839250683784485,0.1527825519243876,False
1.3.6.1.4.1.14519.5.2.1.6279.6001.254254303842550572473665729969,0.44586297308360345,0.21241457760334015,103.54655456542969,20.76460838317871,1.2979324698448196,1.3944861888885498,0.22671440825197436,2,8,99.0,0.5143985573785,0.20799215137958527,169.41690063476562,34.801265716552734,2.150916957855226,2.3875551223754883,0.37894110711415613,35,8,168.78660583496094,0.06853558429489659,-0.004422426223754883,65.87034606933594,14.036657333374023,0.8529844880104063,0.9930689334869385,0.15222669886218176,False
1.3.6.1.4.1.14519.5.2.1.6279.6001.205852555362702089950453265567,0.6343514328808446,0.24188703298568726,92.38294219970703,24.43544578552246,1.7484889960289003,1.8854584693908691,0.23920887961122725,15,8,89.0,0.6891025641025641,0.23537367582321167,144.86837768554688,36.333778381347656,3.671764552593232,4.517129898071289,0.3906926611397002,35,8,142.7926483154297,0.054751131221719485,-0.006513357162475586,52.485435485839844,11.898332595825195,1.9232755565643318,2.63167142868042,0.15148378152847294,False
1.3.6.1.4.1.14519.5.2.1.6279.6001.295462530340364058116953738925,0.5002494936746016,0.23224914073944092,7.8774871826171875,1.8015038967132568,0.13863682240247752,0.2119939774274826,0.019080322431524604,2,8,4.0,0.5405940884675218,0.24147114157676697,58.378395080566406,8.646666526794434,2.1815770101547565,14.807348251342773,0.16946491449674067,30,8,44.850914001464844,0.040344594792920185,0.00922200083732605,50.50090789794922,6.845162630081177,2.042940187752279,14.59535427391529,0.15038459206521607,False
1.3.6.1.4.1.14519.5.2.1.6279.6001.292576688635952269497781991202,0.6680524344569289,0.26638543605804443,25.282821655273438,6.1758832931518555,0.2989136639237406,0.3203088939189911,0.056604254764649614,10,8,25.0,0.6553370786516854,0.25822874903678894,74.24304962158203,15.342437744140625,2.014171721935274,3.331221103668213,0.20654456397427456,35,8,73.98751068115234,-0.012715355805243411,-0.008156687021255493,48.960227966308594,9.16655445098877,1.7152580580115333,3.010912209749222,0.14994030920962495,False
1.3.6.1.4.1.14519.5.2.1.6279.6001.176638348958425792989125209419,0.5386357580602185,0.23985227942466736,67.17660522460938,13.081425666809082,1.0005917680263519,1.071604609489441,0.15581875363588332,2,8,63.0,0.6330435651478817,0.2314181625843048,124.83291625976562,23.634944915771484,2.7549973869323723,11.646517753601074,0.30458719442155624,35,8,123.72247314453125,0.09440780708766328,-0.008434116840362549,57.65631103515625,10.553519248962402,1.7544056189060204,10.574913144111633,0.14876844078567292,False
1.3.6.1.4.1.14519.5.2.1.6279.6001.320111824803959660037459294083,0.5509217769811804,0.23107542097568512,4.5037841796875,1.158951759338379,0.0913270141929388,0.1256299614906311,0.011865797849578991,1,8,0.0,0.5462808859300986,0.22427605092525482,58.19243621826172,12.390436172485352,1.5411142122745507,4.0889973640441895,0.16030108044809763,35,8,57.793609619140625,-0.004640891051081786,-0.006799370050430298,53.68865203857422,11.231484413146973,1.449787198081612,3.9633674025535583,0.14843528259851863,False
1.3.6.1.4.1.14519.5.2.1.6279.6001.183184435049555024219115904825,0.6009852216748769,0.2471320927143097,140.05331420898438,29.57644271850586,1.4890791487693786,1.5273642539978027,0.31635228236781227,2,8,140.0,0.6185469982778645,0.2530575692653656,171.67666625976562,43.99371337890625,4.585230650901788,9.343734741210938,0.4646122063583796,35,8,160.4047393798828,0.017561776602987633,0.005925476551055908,31.62335205078125,14.41727066040039,3.0961515021324093,7.816370487213135,0.1482599239905673,False
1.3.6.1.4.1.14519.5.2.1.6279.6001.163217526257871051722166468085,0.6254798215582529,0.2213738113641739,45.44927215576172,8.31059741973877,1.182140153646469,1.6153841018676758,0.11780639694134394,10,8,43.0,0.6262968150223052,0.21820957958698273,105.46408081054688,18.92017364501953,2.4045931601524346,4.256659507751465,0.265917025982009,35,8,102.39850616455078,0.0008169934640522847,-0.003164231777191162,60.014808654785156,10.609576225280762,1.2224530065059656,2.641275405883789,0.14811062904066508,False
1.3.6.1.4.1.14519.5.2.1.6279.6001.248425363469507808613979846863,0.5654790333365174,0.22336575388908386,65.49615478515625,17.0286922454834,0.5420277869701385,0.5731921195983887,0.1431567180169953,10,8,65.0,0.5669595949947464,0.2291947305202484,112.6581802368164,18.103946685791016,2.5714302563667353,3.4848029613494873,0.28828980490101724,35,8,109.9007339477539,0.0014805616582289627,0.005828976631164551,47.162025451660156,1.0752544403076172,2.029402469396597,2.9116108417510986,0.14513308688402193,False
1.3.6.1.4.1.14519.5.2.1.6279.6001.276556509002726404418399209377,0.6401368760064412,0.23145626485347748,25.950889587402344,4.849602699279785,0.25421076178550717,0.2634531557559967,0.05896035745541254,2,8,25.0,0.6590848094471283,0.23289768397808075,76.88560485839844,9.309895515441895,2.2968615889549158,12.29981517791748,0.203957023421923,35,8,65.38276672363281,0.018947933440687126,0.0014414191246032715,50.934715270996094,4.460292816162109,2.0426508271694086,12.036362022161484,0.14499666596651048,False
1.3.6.1.4.1.14519.5.2.1.6279.6001.832260670372728970918746541371,0.528076887829912,0.24117916822433472,136.86123657226562,30.592092514038086,1.1181768119335176,1.1516422033309937,0.2953999020854632,2,8,134.0,0.6386432368035191,0.2217724621295929,187.61062622070312,33.126708984375,2.7027876973152174,2.9799489974975586,0.44027138862344956,35,8,187.0308837890625,0.11056634897360706,-0.01940670609474182,50.7493896484375,2.534616470336914,1.5846108853816998,1.828306794166565,0.14487148653798637,False
1.3.6.1.4.1.14519.5.2.1.6279.6001.163901773171373940247829492387,0.5648718661729624,0.23564350605010986,2.3497467041015625,0.6054965853691101,0.05091302305459977,0.07216685265302658,0.006313778903418117,1,8,0.0,0.5708577868192661,0.23583728075027466,66.64434814453125,12.263510704040527,0.7578253304958346,0.8414177894592285,0.15036307255559497,35,8,66.55397033691406,0.005985920646303766,0.00019377470016479492,64.29460144042969,11.658014118671417,0.7069123074412348,0.7692509368062019,0.14404929365217686,False
1.3.6.1.4.1.14519.5.2.1.6279.6001.741709061958490690246385302477,0.4859696796338673,0.2200292944908142,31.953857421875,7.507177829742432,0.3204426518082617,0.35431724786758423,0.0697772278252575,2,8,31.0,0.566204233409611,0.21906864643096924,86.43305206298828,16.91074562072754,1.6607297754287718,2.831587791442871,0.21313752216233148,35,8,86.04061889648438,0.08023455377574373,-0.0009606480598449707,54.47919464111328,9.403567790985107,1.34028712362051,2.477270543575287,0.14336029433707398,False
1.3.6.1.4.1.14519.5.2.1.6279.6001.141069661700670042960678408762,0.5302936311000828,0.25071826577186584,5.4129486083984375,1.48530912399292,0.13780280172824852,0.18931949138641357,0.015187577604585221,1,8,0.0,0.6150951199338296,0.24181990325450897,65.1431884765625,13.050684928894043,1.2328221893310536,8.830968856811523,0.1570436748080783,35,8,62.632789611816406,0.08480148883374683,-0.008898362517356873,59.73023986816406,11.565375804901123,1.0950193876028051,8.64164936542511,0.14185609720349307,False
1.3.6.1.4.1.14519.5.2.1.6279.6001.550599855064600241623943717588,0.5678904839349972,0.2413116842508316,5.1767120361328125,1.1758217811584473,0.09638442605733864,0.12980569899082184,0.013452193011509045,1,8,0.0,0.5687484792992611,0.23831160366535187,64.15335083007812,12.892682075500488,1.1592406654357852,7.668366432189941,0.15327150067223425,25,8,56.6973876953125,0.0008579953642638971,-0.0030000805854797363,58.97663879394531,11.716860294342041,1.0628562393784466,7.53856073319912,0.1398193076607252,False
1.3.6.1.4.1.14519.5.2.1.6279.6001.246178337114401749164850220976,0.44297329215116277,0.2247791737318039,46.598785400390625,11.323481559753418,0.45160178750753405,0.49390336871147156,0.10325128607253233,10,8,46.0,0.2039539425872093,0.24305158853530884,46.901123046875,9.255273818969727,2.0690398406982364,6.544465065002441,0.24090006961393004,35,8,25.0201416015625,-0.23901934956395346,0.018272414803504944,0.302337646484375,-2.0682077407836914,1.6174380531907024,6.05056169629097,0.1376487835413977,False
1.3.6.1.4.1.14519.5.2.1.6279.6001.123654356399290048011621921476,0.6000432385688034,0.23219850659370422,63.459754943847656,14.403369903564453,0.53230250775814,0.5627498030662537,0.13793271290262538,2,8,63.0,0.5974624364933521,0.2338218241930008,113.2842025756836,23.954280853271484,2.0440351295471157,7.832186698913574,0.27549340869055844,35,8,110.84237670898438,-0.002580802075451305,0.0016233175992965698,49.82444763183594,9.550910949707031,1.5117326217889757,7.269436895847321,0.13756069578793306,False
1.3.6.1.4.1.14519.5.2.1.6279.6001.105756658031515062000744821260,0.6147313237221494,0.2315637171268463,72.3358383178711,18.776723861694336,0.6594342881441115,0.6882187724113464,0.15923006072507961,10,8,72.0,0.5703538663171691,0.24041977524757385,119.65570068359375,28.432987213134766,1.7821979558467842,7.209331035614014,0.2965091642816861,35,8,118.65446472167969,-0.044377457404980336,0.008856058120727539,47.319862365722656,9.65626335144043,1.1227636677026727,6.521112263202667,0.1372791035566065,False
1.3.6.1.4.1.14519.5.2.1.6279.6001.397062004302272014259317520874,0.533231474407945,0.24427248537540436,77.11544799804688,17.143484115600586,0.949577407836914,0.984889805316925,0.1773613825480143,10,8,76.0,0.6543442210587117,0.24593091011047363,112.15113067626953,24.954660415649414,3.6068571090698236,13.199914932250977,0.31447479947408036,35,8,109.13423156738281,0.12111274665076666,0.001658424735069275,35.035682678222656,7.811176300048828,2.6572797012329095,12.215025126934052,0.13711341692606605,False
1.3.6.1.4.1.14519.5.2.1.6279.6001.236698827306171960683086245994,0.5968004803568365,0.24943897128105164,84.3338623046875,21.502914428710938,1.070824774503708,1.1038475036621094,0.20311445584429635,10,8,83.0,0.6492322868416538,0.25426146388053894,129.31015014648438,26.784141540527344,2.7225162768363957,4.806258678436279,0.3396589757521947,35,8,128.9359588623047,0.05243180648481727,0.004822492599487305,44.976287841796875,5.281227111816406,1.6516915023326877,3.70241117477417,0.13654451990789837,False
1.3.6.1.4.1.14519.5.2.1.6279.6001.121993590721161347818774929286,0.5574162679425837,0.22242747247219086,30.87584686279297,6.336917400360107,0.6276629739999772,0.7311275005340576,0.07499584402177069,2,8,25.0,0.610507913139492,0.22447910904884338,91.18241882324219,17.2208251953125,1.3586753153800966,2.180670976638794,0.2114899326350954,35,8,90.0468521118164,0.053091645196908344,0.002051636576652527,60.30657196044922,10.883907794952393,0.7310123413801194,1.4495434761047363,0.13649408861332474,False
1.3.6.1.4.1.14519.5.2.1.6279.6001.167661207884826429102690781600,0.531613687684558,0.24316830933094025,48.583831787109375,9.765971183776855,0.7774015939235686,0.8597865700721741,0.11078258212539883,2,8,43.0,0.5402987667187772,0.23345646262168884,94.48957061767578,11.384910583496094,2.2233489727973916,14.574823379516602,0.2471140777349471,35,8,89.02973175048828,0.008685079034219223,-0.009711846709251404,45.905738830566406,1.6189393997192383,1.445947378873823,13.715036809444427,0.13633149560954827,False
1.3.6.1.4.1.14519.5.2.1.6279.6001.323408652979949774528873200770,0.5468257232963115,0.2611624300479889,112.42561340332031,21.99262046813965,2.099533071517944,2.3754842281341553,0.275341258292728,2,8,94.0,0.5764431646784588,0.25749102234840393,161.35252380371094,32.16603469848633,3.619150307178497,6.432586193084717,0.4114033191654417,35,8,158.8527374267578,0.02961744138214728,-0.003671407699584961,48.926910400390625,10.17341423034668,1.519617235660553,4.0571019649505615,0.13606206087271372,False
1.3.6.1.4.1.14519.5.2.1.6279.6001.253322967203074795232627653819,0.6179867986798679,0.23019132018089294,142.79364013671875,32.53217315673828,1.6634038937091824,1.8270784616470337,0.3280525396492746,3,8,137.0,0.6719579566652317,0.22305326163768768,201.65089416503906,39.01668167114258,2.7797446084022512,9.927628517150879,0.4638898341152403,35,8,199.11805725097656,0.05397115798536378,-0.007138058543205261,58.85725402832031,6.484508514404297,1.1163407146930688,8.100550055503845,0.1358372944659657,False
1.3.6.1.4.1.14519.5.2.1.6279.6001.310395752124284049604069960014,0.6272737996932877,0.24121129512786865,83.35762023925781,13.174642562866211,1.885159010887145,2.4284005165100098,0.21686543079482182,3,8,80.0,0.6859738114899139,0.24399831891059875,127.45299530029297,28.145519256591797,3.279736356735227,4.413273334503174,0.352439264096154,35,8,127.11500549316406,0.058700011796626206,0.0027870237827301025,44.095375061035156,14.970876693725586,1.394577345848082,1.984872817993164,0.1355738333013322,False
1.3.6.1.4.1.14519.5.2.1.6279.6001.141430002307216644912805017227,0.6416125455409473,0.22229495644569397,49.76359558105469,10.611470222473145,0.5630383044481275,0.6132673025131226,0.11603750465644729,3,8,44.0,0.6346428005702519,0.23038208484649658,88.70111083984375,20.628963470458984,2.513831543922422,3.6909871101379395,0.2506203847196366,35,8,87.96000671386719,-0.006969744970695357,0.008087128400802612,38.93751525878906,10.01749324798584,1.9507932394742944,3.077719807624817,0.1345828800631893,False
1.3.6.1.4.1.14519.5.2.1.6279.6001.216526102138308489357443843021,0.5184803702045081,0.2268407791852951,3.0440673828125,0.8553824424743652,0.06339118532836437,0.09088882803916931,0.008095592223025031,5,8,0.0,0.5459322286908493,0.21766197681427002,56.54132843017578,7.839666366577148,1.3390406966209414,16.045103073120117,0.14174168354935116,35,8,47.297996520996094,0.02745185848634124,-0.009178802371025085,53.49726104736328,6.984283924102783,1.275649511292577,15.954214245080948,0.13364609132632613,False
1.3.6.1.4.1.14519.5.2.1.6279.6001.214800939017429618305208626314,0.648452380952381,0.22608999907970428,104.65512084960938,22.56324005126953,1.4555556070804594,1.8079190254211426,0.25179949258036083,6,8,98.0,0.6311309523809524,0.23154136538505554,156.6666259765625,28.57576560974121,2.432146577835083,4.58953332901001,0.3845380574438307,35,8,155.6842041015625,-0.0173214285714286,0.005451366305351257,52.011505126953125,6.01252555847168,0.9765909707546234,2.781614303588867,0.13273856486346985,False
1.3.6.1.4.1.14519.5.2.1.6279.6001.107109359065300889765026303943,0.6526407970483943,0.23459936678409576,2.670257568359375,0.6470872163772583,0.049124352633953115,0.0655013769865036,0.006906497851014137,1,8,0.0,0.6622880686793862,0.23696716129779816,51.89030838012695,9.450281143188477,1.2679659748077408,8.514154434204102,0.13641273353364736,35,8,47.51799774169922,0.009647271630991883,0.0023677945137023926,49.22005081176758,8.803193926811218,1.2188416221737877,8.448653057217598,0.12950623568263323,False
1.3.6.1.4.1.14519.5.2.1.6279.6001.156821379677057223126714881626,0.4480670818176213,0.23715831339359283,8.817977905273438,1.978877067565918,0.1995335081219673,0.28249144554138184,0.02281637275583214,10,8,8.0,0.6174610025278994,0.2208596169948578,62.2991943359375,13.815857887268066,0.8996541774272909,3.0504515171051025,0.15057415647109348,35,8,62.19749450683594,0.1693939207102781,-0.016298696398735046,53.48121643066406,11.836980819702148,0.7001206693053237,2.7679600715637207,0.12775778371526134,False
1.3.6.1.4.1.14519.5.2.1.6279.6001.259018373683540453277752706262,0.6213243124725929,0.2239561825990677,79.5114974975586,15.436692237854004,1.2154448032379153,2.6820228099823,0.18955887979931305,20,8,74.0,0.6700870763640919,0.22302848100662231,124.63716888427734,21.943140029907227,2.853274817466736,4.40029764175415,0.3169423086007436,35,8,112.1968002319336,0.04876276389149903,-0.0009277015924453735,45.12567138671875,6.506447792053223,1.6378300142288207,1.7182748317718506,0.12738342880143058,False
1.3.6.1.4.1.14519.5.2.1.6279.6001.100332161840553388986847034053,0.5506624029237095,0.22804826498031616,95.5488510131836,22.610641479492188,3.610347385406497,9.582072257995605,0.2871169808069866,15,8,75.0,0.6188213796253997,0.22233983874320984,171.78732299804688,32.847076416015625,3.270741186141968,3.8032448291778564,0.41406441282696194,35,8,171.30026245117188,0.06815897670169024,-0.005708426237106323,76.23847198486328,10.236434936523438,-0.33960619926452873,-5.778827428817749,0.12694743201997533,False
1.3.6.1.4.1.14519.5.2.1.6279.6001.308183340111270052562662456038,0.6119885139985642,0.23616348206996918,100.30335998535156,22.099233627319336,3.5965164113044725,4.960707664489746,0.30027647166517035,10,8,90.0,0.56011259304039,0.23587274551391602,164.54734802246094,21.220430374145508,4.740734744071941,21.683744430541992,0.42694640183448734,35,8,96.78909301757812,-0.05187592095817428,-0.0002907365560531616,64.24398803710938,-0.8788032531738281,1.1442183327674682,16.723036766052246,0.126669930169317,False
1.3.6.1.4.1.14519.5.2.1.6279.6001.214252223927572015414741039150,0.49351266292568513,0.2177136093378067,80.55752563476562,21.450029373168945,0.799157189130783,0.8190487623214722,0.1782352302511533,3,8,79.0,0.5114307769959324,0.21871940791606903,140.6820068359375,27.169649124145508,1.6925208294391627,1.953150987625122,0.3047421068337228,20,8,140.296875,0.017918114070247293,0.001005798578262329,60.124481201171875,5.7196197509765625,0.8933636403083797,1.13410222530365,0.12650687658256954,False
1.3.6.1.4.1.14519.5.2.1.6279.6001.270390050141765094612147226290,0.5471424774056353,0.23849929869174957,73.94733428955078,15.585358619689941,1.2000600171089173,1.3581531047821045,0.1789039670917723,3,8,59.0,0.5308346624136098,0.2327927201986313,128.28981018066406,25.950958251953125,2.320857884883881,5.813766002655029,0.3045001588318083,35,8,127.92542266845703,-0.016307814992025493,-0.005706578493118286,54.34247589111328,10.365599632263184,1.1207978677749637,4.455612897872925,0.125596191740036,False
1.3.6.1.4.1.14519.5.2.1.6279.6001.765459236550358748053283544075,0.48808931238000425,0.2144646942615509,69.4307861328125,14.056142807006836,0.9784482669830322,1.046929955482483,0.15902595201068453,2,8,65.0,0.47086681362440447,0.20841720700263977,124.1246566772461,28.500368118286133,1.8523564004898072,6.203185081481934,0.2837601858297984,35,8,122.66201782226562,-0.01722249875559978,-0.006047487258911133,54.693870544433594,14.444225311279297,0.873908133506775,5.156255125999451,0.12473423381911386,False
1.3.6.1.4.1.14519.5.2.1.6279.6001.724251104254976962355686318345,0.5697436304468608,0.22708094120025635,129.66871643066406,30.664690017700195,1.1880685448646544,1.2626078128814697,0.27825423599614035,2,8,129.0,0.5502341455671085,0.2249586135149002,160.27572631835938,37.92423629760742,3.513994765281677,4.464382171630859,0.40148860245280793,35,8,159.48435974121094,-0.019509484879752348,-0.00212232768535614,30.607009887695312,7.259546279907227,2.3259262204170223,3.2017743587493896,0.12323436645666758,False
1.3.6.1.4.1.14519.5.2.1.6279.6001.100953483028192176989979435275,0.5415244016375342,0.22165176272392273,3.6568145751953125,0.9914883971214294,0.09160723209381104,0.13019727170467377,0.010198347081078423,1,8,0.0,0.5731199782568075,0.23047035932540894,54.79376983642578,11.826136589050293,0.9570299243927,1.5088330507278442,0.13287251946131387,35,8,54.332733154296875,0.03159557661927326,0.008818596601486206,51.13695526123047,10.834648191928864,0.8654226922988889,1.3786357790231705,0.12267417238023545,False
1.3.6.1.4.1.14519.5.2.1.6279.6001.317613170669207528926259976488,0.6004947632204588,0.23068922758102417,67.42800903320312,13.277315139770508,1.8321974658966063,2.585416793823242,0.18334592695236204,15,8,62.0,0.13416436419713423,0.2679249942302704,50.357086181640625,10.56536865234375,2.8364659428596473,7.074252128601074,0.3034798428057039,35,8,41.1026611328125,-0.46633039902332457,0.037235766649246216,-17.0709228515625,-2.711946487426758,1.004268476963041,4.488835334777832,0.12013391585334185,False
1.3.6.1.4.1.14519.5.2.1.6279.6001.504845428620607044098514803031,0.6023281877010954,0.24031980335712433,82.07594299316406,14.944034576416016,1.9294027352333072,2.5114994049072266,0.21868270648055607,3,8,75.0,0.6133906944795922,0.23881573975086212,134.09616088867188,27.32551383972168,2.007501432895661,2.6000406742095947,0.3381647885719935,35,8,133.8704833984375,0.011062506778496739,-0.001504063606262207,52.02021789550781,12.381479263305664,0.07809869766235389,0.08854126930236816,0.11948208209143743,False
1.3.6.1.4.1.14519.5.2.1.6279.6001.898642529028521482602829374444,0.5987863463969658,0.23929481208324432,32.18757629394531,6.569086074829102,0.3922340619564057,0.4085749387741089,0.07636262792083952,2,8,32.0,0.5647029077117572,0.23652330040931702,66.46186065673828,10.010985374450684,2.2786522674560667,4.136022567749023,0.19333674235873788,35,8,65.74653625488281,-0.03408343868520858,-0.002771511673927307,34.27428436279297,3.441899299621582,1.886418205499661,3.7274476289749146,0.11697411443789836,False
1.3.6.1.4.1.14519.5.2.1.6279.6001.326057189095429101398977448288,0.3258741258741259,0.2640189528465271,131.81468200683594,23.156097412109375,2.967730693817139,6.472967624664307,0.3690562412223642,6,8,78.0,0.4411854811854812,0.2513211965560913,197.3137664794922,43.38971710205078,3.4596990394592275,12.604513168334961,0.4854177149242825,35,8,196.25009155273438,0.11531135531135528,-0.012697756290435791,65.49908447265625,20.233619689941406,0.4919683456420887,6.131545543670654,0.1163614737019183,False
1.3.6.1.4.1.14519.5.2.1.6279.6001.162207236104936931957809623059,0.5433444698435027,0.22032798826694489,37.136138916015625,7.74143648147583,0.5970101654529583,1.8136141300201416,0.09064945575263768,15,8,32.0,0.5431686302092492,0.2279779314994812,93.05101776123047,18.871074676513672,1.3828934669494641,3.6619343757629395,0.20685823154449468,35,8,88.32774353027344,-0.00017583963425349403,0.007649943232536316,55.914878845214844,11.129638195037842,0.7858833014965059,1.8483202457427979,0.116208775791857,False
1.3.6.1.4.1.14519.5.2.1.6279.6001.266581250778073944645044950856,0.5833808275390402,0.23410837352275848,5.6549072265625,1.4157978296279907,0.11994286626577377,0.17411556839942932,0.014915444660517904,5,8,1.0,0.601178941883376,0.2293700873851776,49.71490478515625,12.16918659210205,1.2276241302490243,1.5735740661621094,0.1286104471418593,10,8,48.279693603515625,0.017798114344335758,-0.004738286137580872,44.05999755859375,10.75338876247406,1.1076812639832505,1.39945849776268,0.11369500248134139,False
1.3.6.1.4.1.14519.5.2.1.6279.6001.248360766706804179966476685510,0.5975750148544267,0.24111847579479218,140.03256225585938,17.942068099975586,5.087821245193475,15.701201438903809,0.39755100647608427,45,8,123.0,0.5948640819964349,0.2510504126548767,189.65023803710938,39.73631286621094,5.024110984802243,8.398588180541992,0.5111413059234617,35,8,185.95816040039062,-0.0027109328579917324,0.009931936860084534,49.61767578125,21.79424476623535,-0.06371026039123251,-7.302613258361816,0.11359029944737747,False
1.3.6.1.4.1.14519.5.2.1.6279.6001.472487466001405705666001578363,0.506739425639994,0.23368708789348602,102.88458251953125,24.91493034362793,1.3797871851921082,3.063180446624756,0.23630543035136328,20,8,95.0,0.5476789216918976,0.22055132687091827,145.3961944580078,18.132484436035156,3.2034898328781156,22.581501007080078,0.3489233419471318,35,8,130.33621215820312,0.04093949605190361,-0.013135761022567749,42.51161193847656,-6.782445907592773,1.8237026476860074,19.518320560455322,0.11261791159576853,False
1.3.6.1.4.1.14519.5.2.1.6279.6001.261700367741314729940340271960,0.2744767333996728,0.2352301925420761,4.79779052734375,1.1894134283065796,0.13242250233888625,0.1902160942554474,0.05705529567959183,1,8,0.0,0.5910677843180246,0.22651374340057373,54.95732879638672,6.871067047119141,2.4245417118072505,5.634170055389404,0.16961882405810882,25,8,48.45594787597656,0.3165910509183518,-0.00871644914150238,50.15953826904297,5.681653618812561,2.2921192094683644,5.443953961133957,0.11256352837851699,False
1.3.6.1.4.1.14519.5.2.1.6279.6001.100530488926682752765845212286,0.5147104142119098,0.22186462581157684,63.73631286621094,12.728338241577148,2.4763411140441898,3.343508243560791,0.19251644263797338,10,8,52.0,0.6169310251064987,0.21941640973091125,109.62773895263672,15.828986167907715,3.411295423507691,9.837807655334473,0.30329236747953625,35,8,105.43370056152344,0.10222061089458889,-0.0024482160806655884,45.89142608642578,3.1006479263305664,0.9349543094635013,6.494299411773682,0.11077592484156287,False
1.3.6.1.4.1.14519.5.2.1.6279.6001.120842785645314664964010792308,0.6132753970632304,0.24474789202213287,72.92243194580078,18.23102378845215,0.9973241269588469,1.0737155675888062,0.17049954931603534,20,8,71.0,0.6228461192688043,0.2483343482017517,97.2637939453125,11.929834365844727,3.6881385660171486,14.750077247619629,0.28111003959973646,35,8,77.23236083984375,0.009570722205573867,0.0035864561796188354,24.34136199951172,-6.301189422607422,2.6908144390583018,13.676361680030823,0.11061049028370112,False
1.3.6.1.4.1.14519.5.2.1.6279.6001.178391668569567816549737454720,0.6215863130391209,0.218190997838974,2.56085205078125,0.6971759796142578,0.06009514272212982,0.08285225182771683,0.007016551569435331,1,8,0.0,0.6462829736211031,0.2115541398525238,49.8418083190918,10.977312088012695,0.6443035453557965,1.1803771257400513,0.11525519935621155,35,8,49.55982208251953,0.024696660581982166,-0.006636857986450195,47.28095626831055,10.280136108398438,0.5842084026336667,1.0975248739123344,0.10823864778677622,False
1.3.6.1.4.1.14519.5.2.1.6279.6001.133378195429627807109985347209,0.34614750041247316,0.26104429364204407,168.27459716796875,30.140560150146484,3.1204969024658182,3.612541913986206,0.4207456533079246,2,8,120.0,0.578699884507507,0.2519805431365967,200.0596466064453,27.503334045410156,5.67674420356748,36.17668914794922,0.528792477406395,35,8,167.92727661132812,0.23255238409503382,-0.009063750505447388,31.785049438476562,-2.637226104736328,2.556247301101662,32.56414723396301,0.10804682409847038,False
1.3.6.1.4.1.14519.5.2.1.6279.6001.151669338315069779994664893123,0.6458073945758674,0.23939886689186096,21.482925415039062,5.525187015533447,0.2982261323928833,0.34756606817245483,0.05128720882733663,10,8,21.0,0.6576625345098251,0.24258044362068176,70.73509216308594,16.22475242614746,0.9159598541259766,2.59539794921875,0.1593143908606635,25,8,69.93920135498047,0.011855139933957703,0.0031815767288208008,49.252166748046875,10.699565410614014,0.6177337217330933,2.247831881046295,0.10802718203332688,False
1.3.6.1.4.1.14519.5.2.1.6279.6001.162351539386551708034407968929,0.6048091363112492,0.24329054355621338,24.615951538085938,5.58305025100708,0.36909658461809147,0.4597989022731781,0.05948083999256293,2,8,21.0,0.6335172702825411,0.24158965051174164,63.11957931518555,12.819952011108398,1.7147266149520861,3.4353952407836914,0.16705754780769344,35,8,60.9000358581543,0.028708133971291905,-0.0017008930444717407,38.50362777709961,7.236901760101318,1.3456300303339948,2.9755963385105133,0.10757670781513051,False
1.3.6.1.4.1.14519.5.2.1.6279.6001.398955972049286139436103068984,0.41443317638536764,0.2183387130498886,90.15320587158203,11.455056190490723,2.9449501633644104,18.297054290771484,0.25131929788324564,10,8,22.0,0.5001131836291199,0.21847903728485107,123.0162353515625,19.689319610595703,4.694799423217773,30.346240997314453,0.3588576136695014,35,8,98.1053237915039,0.0856800072437523,0.00014032423496246338,32.86302947998047,8.23426342010498,1.749849259853363,12.049186706542969,0.10753831578625578,False
1.3.6.1.4.1.14519.5.2.1.6279.6001.204303454658845815034433453512,0.6134866906143502,0.21551376581192017,211.2031707763672,37.887882232666016,3.686549639701842,5.11995267868042,0.49052968748410536,5,8,207.0,0.6413143593994658,0.23841387033462524,275.9916076660156,52.998897552490234,2.6975922584533665,6.570305824279785,0.5980511808395385,35,8,274.9879150390625,0.027827668785115556,0.022900104522705078,64.78843688964844,15.111015319824219,-0.9889573812484755,1.4503531455993652,0.1075214933554331,False
1.3.6.1.4.1.14519.5.2.1.6279.6001.249314567767437206995861966896,0.4955909943714822,0.25343552231788635,195.04061889648438,34.48977279663086,2.644085686206817,2.8156723976135254,0.4529232930050956,2,8,187.0,0.4071294559099437,0.24787557125091553,186.613525390625,34.08940505981445,6.490506696701043,13.364201545715332,0.5595599893463981,35,8,181.4545440673828,-0.08846153846153848,-0.005559951066970825,-8.427093505859375,-0.40036773681640625,3.8464210104942262,10.548529148101807,0.10663669634130246,False
1.3.6.1.4.1.14519.5.2.1.6279.6001.616033753016904899083676284739,0.5855513307984791,0.20074845850467682,32.98077392578125,6.518240928649902,0.6130367159843437,0.7064751386642456,0.0827787556780709,4,8,26.0,0.5524698785516036,0.19857004284858704,78.59271240234375,14.057071685791016,1.2650015473365783,10.021759986877441,0.18900965534316166,35,8,77.85432434082031,-0.03308145224687553,-0.0021784156560897827,45.6119384765625,7.538830757141113,0.6519648313522346,9.315284848213196,0.10623089966509076,False
1.3.6.1.4.1.14519.5.2.1.6279.6001.104780906131535625872840889059,0.5468924597491305,0.23350700736045837,58.98634338378906,11.432682037353516,1.97049134492875,2.9347872734069824,0.1674346523046496,10,8,50.0,0.42418042462109884,0.23144733905792236,108.17295837402344,24.326274871826172,2.3416187238693267,5.268509864807129,0.2729816142876944,35,8,94.42567443847656,-0.12271203512803164,-0.0020596683025360107,49.186614990234375,12.893592834472656,0.3711273789405767,2.3337225914001465,0.1055469619830448,False
1.3.6.1.4.1.14519.5.2.1.6279.6001.183924380327950237519832859527,0.4968143746868065,0.19781658053398132,69.35498809814453,13.786975860595703,0.9084876155853271,0.9641463756561279,0.15722198691103192,2,8,67.0,0.5023695325363304,0.19302351772785187,105.06007385253906,20.32444953918457,2.036360635757445,2.4243717193603516,0.2615028374711672,35,8,104.6904296875,0.0055551578495239284,-0.004793062806129456,35.70508575439453,6.537473678588867,1.1278730201721179,1.4602253437042236,0.10428085056013528,False
1.3.6.1.4.1.14519.5.2.1.6279.6001.204287915902811325371247860532,0.4933354617287892,0.22198544442653656,114.44933319091797,20.45705795288086,2.412622320652007,2.8549957275390625,0.2901790070931116,2,8,82.0,0.22607550482879718,0.247538223862648,124.14546203613281,32.60544204711914,1.999467587471008,3.1667513847351074,0.39385518259322466,35,8,122.98815155029297,-0.26725995689999205,0.02555277943611145,9.696128845214844,12.148384094238281,-0.41315473318099905,0.3117556571960449,0.10367617550011304,False
1.3.6.1.4.1.14519.5.2.1.6279.6001.105495028985881418176186711228,0.5471397649969079,0.21279099583625793,3.1122360229492188,0.7583443522453308,0.06344963550567627,0.08870373666286469,0.008104475371042887,1,8,0.0,0.5368119975262833,0.22205288708209991,49.03850555419922,11.159819602966309,0.6587870103120803,0.6901403665542603,0.11083567057649295,20,8,48.89839172363281,-0.010327767470624583,0.00926189124584198,45.92626953125,10.401475250720978,0.595337374806404,0.6014366298913956,0.10273119520545006,False
1.3.6.1.4.1.14519.5.2.1.6279.6001.303066851236267189733420290986,0.5417873651771957,0.21943631768226624,4.009765625,1.1102272272109985,0.09891112893819809,0.14159592986106873,0.011211039962040053,5,8,0.0,0.5880585516178737,0.21404561400413513,47.897682189941406,9.415106773376465,0.7056989955902109,1.0115128755569458,0.11254453532960683,10,8,47.749351501464844,0.04627118644067796,-0.0053907036781311035,43.887916564941406,8.304879546165466,0.6067878666520128,0.8699169456958771,0.10133349536756678,False
1.3.6.1.4.1.14519.5.2.1.6279.6001.206028343897359374907954580114,0.5601113326686606,0.2388555407524109,81.31346893310547,14.874935150146484,0.8672235399484639,0.9041432738304138,0.18408957836031917,3,8,79.0,0.15870444222886895,0.25755053758621216,57.59611511230469,9.952497482299805,2.3145852088928294,4.986074924468994,0.2843199409496245,35,8,40.008453369140625,-0.4014068904397917,0.01869499683380127,-23.71735382080078,-4.92243766784668,1.4473616689443656,4.08193165063858,0.10023036258930532,False
1.3.6.1.4.1.14519.5.2.1.6279.6001.230078008964732806419498631442,0.5692510887413437,0.24074764549732208,67.45433044433594,13.615781784057617,1.3582358300685826,2.601020336151123,0.17329432416624474,15,8,66.0,0.6331834082958521,0.24580280482769012,107.60225677490234,18.402400970458984,2.6149458336830103,13.258780479431152,0.2726485389577017,35,8,99.0138168334961,0.0639323195545084,0.005055159330368042,40.147926330566406,4.786619186401367,1.2567100036144276,10.65776014328003,0.09935421479145695,False
1.3.6.1.4.1.14519.5.2.1.6279.6001.692598144815688523679745963696,0.5584245391705069,0.24833589792251587,177.87881469726562,42.15024185180664,1.9127799379825596,2.1211154460906982,0.39304839312103057,2,8,171.0,0.6299683179723502,0.23381055891513824,174.3472137451172,28.532127380371094,5.8520104122161865,21.992080688476562,0.49211742940478853,35,8,170.1119842529297,0.07154377880184326,-0.014525339007377625,-3.5316009521484375,-13.618114471435547,3.939230474233627,19.870965242385864,0.09906903628375796,False
1.3.6.1.4.1.14519.5.2.1.6279.6001.397522780537301776672854630421,0.6077724097408108,0.2284056544303894,173.0677947998047,39.59404754638672,1.9548650085926056,2.0296669006347656,0.3894941778646575,2,8,168.0,0.33190246131749035,0.24731068313121796,205.98226928710938,48.256717681884766,2.3753946828842163,3.256126642227173,0.48819079862209863,35,8,204.70977783203125,-0.27586994842332047,0.018905028700828552,32.91447448730469,8.662670135498047,0.4205296742916107,1.2264597415924072,0.09869662075744112,False
1.3.6.1.4.1.14519.5.2.1.6279.6001.297433269262659217151107535012,0.6028780610956829,0.22845852375030518,71.96893310546875,15.15495491027832,0.8210215681791305,0.8717451095581055,0.1682712288121382,2,8,67.0,0.6659513590844063,0.2249077707529068,105.97348022460938,22.430723190307617,2.2682847142219544,2.7143638134002686,0.2667139505147934,35,8,104.99684143066406,0.06307329798872341,-0.0035507529973983765,34.004547119140625,7.275768280029297,1.447263146042824,1.842618703842163,0.0984427217026552,False
1.3.6.1.4.1.14519.5.2.1.6279.6001.199069398344356765037879821616,0.5148092369477911,0.22845274209976196,98.09171295166016,23.204364776611328,0.8231766635179519,0.8510589003562927,0.21659624196622107,10,8,97.0,0.5647829412889653,0.22426694631576538,117.13993072509766,25.965829849243164,3.1334887599944823,37.0286979675293,0.3140972645759575,35,8,89.33883666992188,0.04997370434117421,-0.004185795783996582,19.0482177734375,2.761465072631836,2.3103120964765305,36.177639067173004,0.09750102260973642,False
1.3.6.1.4.1.14519.5.2.1.6279.6001.927394449308471452920270961822,0.5675271230826786,0.2791788876056671,63.14250946044922,12.698501586914062,1.7765111196041108,2.6744508743286133,0.16946476930114956,15,8,60.0,0.5726607640187887,0.2670568823814392,94.84624481201172,13.552766799926758,3.2069135928153996,4.111667633056641,0.2659733008729087,35,8,94.14474487304688,0.005133640936110129,-0.012122005224227905,31.7037353515625,0.8542652130126953,1.4304024732112888,1.4372167587280273,0.09650853157175915,False
1.3.6.1.4.1.14519.5.2.1.6279.6001.122914038048856168343065566972,0.5608721141230004,0.21903614699840546,45.64167022705078,8.534785270690918,0.6758992981910691,1.877289056777954,0.1120205668634838,6,8,36.0,0.6132296697467966,0.22714990377426147,89.27682495117188,21.39390754699707,1.2834634363651272,1.575228214263916,0.20832091418239804,35,8,88.76554107666016,0.05235755562379618,0.008113756775856018,43.635154724121094,12.859122276306152,0.6075641381740581,-0.3020608425140381,0.09630034731891424,False
1.3.6.1.4.1.14519.5.2.1.6279.6001.172243743899615313644757844726,0.5416631549374912,0.21870017051696777,105.83336639404297,20.790573120117188,2.0260191988945024,2.5152738094329834,0.2582818475325903,2,8,76.0,0.31422952661890713,0.23081450164318085,144.333740234375,34.766143798828125,1.9022411739826202,16.677764892578125,0.3529097740267254,35,8,143.0702667236328,-0.22743362831858405,0.012114331126213074,38.50037384033203,13.975570678710938,-0.12377802491188228,14.162491083145142,0.0946279264941351,False
1.3.6.1.4.1.14519.5.2.1.6279.6001.267519732763035023633235877753,0.5344129067936187,0.22255763411521912,141.98724365234375,34.192237854003906,1.4751865386962888,1.5274192094802856,0.31544481107923716,3,8,135.0,0.6030583907382696,0.21411840617656708,179.56739807128906,33.49977111816406,2.2229480266571033,6.25879430770874,0.4099848436249626,35,8,179.06414794921875,0.06864548394465086,-0.008439227938652039,37.58015441894531,-0.6924667358398438,0.7477614879608145,4.731375098228455,0.09454003254572546,False
1.3.6.1.4.1.14519.5.2.1.6279.6001.205615524269596458818376243313,0.4939302389453447,0.23501792550086975,65.76432800292969,10.0742826461792,2.0907970523834223,6.594776153564453,0.1865064276271396,15,8,48.0,0.5780417467728646,0.236699640750885,114.05493927001953,21.04171371459961,2.3106007790565486,4.820799350738525,0.27956436168617677,35,8,113.02043914794922,0.08411150782751986,0.0016817152500152588,48.290611267089844,10.96743106842041,0.2198037266731263,-1.7739768028259277,0.09305793405903717,False
1.3.6.1.4.1.14519.5.2.1.6279.6001.118140393257625250121502185026,0.6144122039684233,0.23375609517097473,87.37237548828125,12.256842613220215,1.391008358001708,2.302736282348633,0.20930465217166475,3,8,81.0,0.6008507574141242,0.23277902603149414,125.62586975097656,27.127056121826172,1.7718644475936887,3.3895912170410156,0.3018217812061309,35,8,125.08010864257812,-0.01356144655429914,-0.0009770691394805908,38.25349426269531,14.870213508605957,0.3808560895919806,1.0868549346923828,0.09251712903446616,False
1.3.6.1.4.1.14519.5.2.1.6279.6001.264251211689085893915477907261,0.5301685891748004,0.22442024946212769,66.30685424804688,12.9414644241333,1.004763309955597,1.105275273323059,0.1534950835943222,3,8,60.0,0.5529724933451642,0.23321013152599335,94.728515625,18.028751373291016,2.0710884308815003,2.58158540725708,0.2458720417102178,25,8,93.5526123046875,0.02280390417036382,0.008789882063865662,28.421661376953125,5.087286949157715,1.0663251209259033,1.476310133934021,0.09237695811589558,False
1.3.6.1.4.1.14519.5.2.1.6279.6001.295298571102631191572192562523,0.5750156579172123,0.23342803120613098,57.543121337890625,13.826263427734375,0.6599462437629708,0.7107517123222351,0.13011772091918522,2,8,55.0,0.5956271707567045,0.24719873070716858,88.90422058105469,16.16838836669922,1.835839753150942,4.721157550811768,0.22121121155950763,35,8,87.02760314941406,0.02061151283949214,0.013770699501037598,31.361099243164062,2.3421249389648438,1.1758935093879712,4.0104058384895325,0.0910934906403224,False
1.3.6.1.4.1.14519.5.2.1.6279.6001.948414623428298219623354433437,0.44305275113579,0.17672142386436462,63.820133209228516,12.908551216125488,0.9420103228092194,1.0089218616485596,0.1584369644072321,2,8,60.0,0.44600265017667845,0.18400929868221283,101.9321060180664,16.22914695739746,1.8613384020328467,4.862612724304199,0.24907350486119567,35,8,97.40279388427734,0.0029498990408884374,0.007287874817848206,38.11197280883789,3.3205957412719727,0.9193280792236274,3.8536908626556396,0.09063654045396358,False
1.3.6.1.4.1.14519.5.2.1.6279.6001.111017101339429664883879536171,0.46648746905940597,0.2262999564409256,58.52192687988281,12.209068298339844,1.1032486879825592,1.207395076751709,0.14467842695315677,10,8,57.0,0.4739518873762376,0.2253391444683075,88.06830596923828,18.107269287109375,2.4341032147407526,6.12930154800415,0.23407199513912197,35,8,85.66876220703125,0.007464418316831645,-0.000960811972618103,29.54637908935547,5.898200988769531,1.3308545267581935,4.921906471252441,0.0893935681859652,False
1.3.6.1.4.1.14519.5.2.1.6279.6001.664989286137882319237192185951,0.565491285271505,0.24745894968509674,3.6984634399414062,0.9742825031280518,0.09297835789620879,0.12521280348300934,0.010431872595101595,5,8,0.0,0.5881536046371211,0.2412450909614563,37.193946838378906,6.328061580657959,0.971683880686763,6.347160816192627,0.09580011443628214,15,8,32.783668518066406,0.022662319365616024,-0.006213858723640442,33.4954833984375,5.353779077529907,0.8787055227905542,6.221948012709618,0.08536824184118055,False
1.3.6.1.4.1.14519.5.2.1.6279.6001.290135156874098366424871975734,0.45505813548701524,0.2385668009519577,146.58468627929688,29.793855667114258,2.258981964588165,3.054727792739868,0.3349457204156452,5,8,132.0,0.5318352711829005,0.24343128502368927,187.02252197265625,30.572879791259766,2.4851838517188973,8.232956886291504,0.41770388693014765,35,8,182.83767700195312,0.07677713569588529,0.004864484071731567,40.437835693359375,0.7790241241455078,0.22620188713073253,5.178229093551636,0.08275816651450246,False
1.3.6.1.4.1.14519.5.2.1.6279.6001.184019785706727365023450012318,0.6381696745772346,0.22015944123268127,135.479736328125,26.971033096313477,2.1490568661689706,5.400078296661377,0.3283256183385847,40,8,107.0,0.6096063663492965,0.22820128500461578,155.7545166015625,25.345539093017578,3.727217452526088,20.999317169189453,0.4108356801377401,35,8,129.29263305664062,-0.028563308227938067,0.00804184377193451,20.2747802734375,-1.6254940032958984,1.5781605863571175,15.599238872528076,0.08251006179915538,False
1.3.6.1.4.1.14519.5.2.1.6279.6001.882070241245008756731854510592,0.5800763854294039,0.2267552614212036,130.82012939453125,27.97638511657715,1.702960817813874,1.900992751121521,0.2941219157616297,4,8,123.0,0.2527663300273236,0.25709283351898193,125.46731567382812,21.20830726623535,2.8187106657028242,12.746957778930664,0.37628716891242886,35,8,123.94235229492188,-0.32731005540208025,0.03033757209777832,-5.352813720703125,-6.768077850341797,1.1157498478889503,10.845965027809143,0.08216525315079914,False
1.3.6.1.4.1.14519.5.2.1.6279.6001.187803155574314810830688534991,0.5560804450149764,0.2048010379076004,3.5074844360351562,0.7781834006309509,0.06240158036351206,0.101893350481987,0.008688029871881008,10,8,2.0,0.5567137355584082,0.20045267045497894,39.19239044189453,8.671531677246094,0.546916916370392,0.6801310777664185,0.08971274134053124,10,8,39.06581115722656,0.0006332905434317526,-0.00434836745262146,35.684906005859375,7.893348276615143,0.4845153360068799,0.5782377272844315,0.08102471146865023,False
1.3.6.1.4.1.14519.5.2.1.6279.6001.168985655485163461062675655739,0.5279756337386383,0.22129857540130615,85.82492065429688,11.014451026916504,1.386714800596233,1.564967155456543,0.21138994660509947,4,8,75.0,0.5452910281315203,0.22955530881881714,101.21749877929688,20.790613174438477,3.345988194942468,5.8739213943481445,0.29130342565377537,35,8,96.56826782226562,0.01731539439288199,0.008256733417510986,15.392578125,9.776162147521973,1.959273394346235,4.308954238891602,0.0799134790486759,False
1.3.6.1.4.1.14519.5.2.1.6279.6001.603126300703296693942875967838,0.5756184346506548,0.24778905510902405,51.64752197265625,10.821507453918457,0.5398037576675415,0.58702152967453,0.11343571043544344,4,8,51.0,0.569941001792185,0.24412080645561218,70.75946044921875,8.274741172790527,1.953083200454713,18.072406768798828,0.19333831743664215,35,8,67.53800964355469,-0.0056774328584697775,-0.0036682486534118652,19.1119384765625,-2.5467662811279297,1.4132794427871715,17.485385239124298,0.07990260700119871,False
1.3.6.1.4.1.14519.5.2.1.6279.6001.233433352108264931671753343044,0.4841048522030117,0.221756711602211,131.13278198242188,22.292407989501953,2.6965993022918697,3.8214974403381348,0.3275693166202969,3,8,104.0,0.502340017944179,0.2263304442167282,161.53750610351562,13.675549507141113,4.170237960815422,17.350812911987305,0.40690655695597305,35,8,154.38162231445312,0.018235165741167347,0.004573732614517212,30.40472412109375,-8.61685848236084,1.4736386585235524,13.52931547164917,0.07933724033567613,False
1.3.6.1.4.1.14519.5.2.1.6279.6001.208511362832825683639135205368,0.48312615781136736,0.2406449019908905,8.0987548828125,1.68645179271698,0.11372481741011127,0.16674433648586273,0.018802927024414134,2,8,7.0,0.4389615271028539,0.2451247274875641,40.21881103515625,7.243520736694336,0.7767435628175706,4.031265735626221,0.09812957527306335,35,8,38.61796569824219,-0.04416463070851345,0.004479825496673584,32.12005615234375,5.557068943977356,0.6630187454074593,3.864521399140358,0.07932664824864921,False
1.3.6.1.4.1.14519.5.2.1.6279.6001.944888107209008719031293531091,0.4518860946745562,0.2304336279630661,5.345947265625,1.3019613027572632,0.10647549502551555,0.14795857667922974,0.01414989340479175,1,8,0.0,0.48592209072978304,0.23937229812145233,41.937286376953125,10.137709617614746,0.42775671243667596,0.44270098209381104,0.09301664395597245,10,8,41.83271789550781,0.034035996055226836,0.00893867015838623,36.591339111328125,8.835748314857483,0.3212812174111604,0.2947424054145813,0.0788667505511807,False
1.3.6.1.4.1.14519.5.2.1.6279.6001.212608679077007918190529579976,0.457046812749004,0.2065088450908661,97.67672729492188,18.613906860351562,1.5058648765087124,1.596879005432129,0.23237467845943238,2,8,92.0,0.5231573705179283,0.19900493323802948,121.24786376953125,27.066701889038086,2.688599588870991,4.270733833312988,0.3079047992216213,35,8,121.0869140625,0.06611055776892433,-0.007503911852836609,23.571136474609375,8.452795028686523,1.1827347123622787,2.6738548278808594,0.0755301207621889,False
1.3.6.1.4.1.14519.5.2.1.6279.6001.215640837032688688030770057224,0.5768773764258555,0.24368178844451904,74.03781127929688,17.293514251708984,1.4278347814083099,2.5931289196014404,0.1862408411886957,6,8,56.0,0.5882842205323194,0.24368740618228912,97.32823181152344,13.482405662536621,2.3778966331481923,27.41929817199707,0.2615860347535875,35,8,83.24256896972656,0.011406844106463976,5.617737770080566e-06,23.290420532226562,-3.8111085891723633,0.9500618517398824,24.82616925239563,0.0753451935648918,False
1.3.6.1.4.1.14519.5.2.1.6279.6001.156016499715048493339281864474,0.557903553578294,0.23401203751564026,97.92079162597656,18.20668601989746,1.4447841584682448,1.5932222604751587,0.22972309306595057,3,8,92.0,0.5416048772450156,0.2411821335554123,131.82147216796875,29.227886199951172,1.892500092983239,3.943316698074341,0.3049845513158372,35,8,130.8789825439453,-0.016298676333278417,0.007170096039772034,33.90068054199219,11.021200180053711,0.44771593451499414,2.350094437599182,0.07526145824988661,False
1.3.6.1.4.1.14519.5.2.1.6279.6001.200725988589959521302320481687,0.37346413000396356,0.2418438196182251,188.6241455078125,33.54561233520508,2.758300971984863,3.2130980491638184,0.44719237158033576,2,8,127.0,0.4860725767384507,0.2206837236881256,219.98521423339844,30.50196647644043,3.9091394686698906,4.4184088706970215,0.5220993776771756,35,8,219.0380401611328,0.11260844673448717,-0.021160095930099487,31.361068725585938,-3.0436458587646484,1.1508384966850276,1.2053108215332031,0.07490700609683987,False
1.3.6.1.4.1.14519.5.2.1.6279.6001.306140003699110313373771452136,0.5614713425872224,0.21458424627780914,107.92073059082031,17.10355567932129,2.70198073387146,9.679781913757324,0.2796703953742981,10,8,78.0,0.5614971194370336,0.22163119912147522,140.54747009277344,30.469459533691406,2.5673935699462875,3.397089719772339,0.3538827181498209,35,8,139.8242950439453,2.5776849811198765e-05,0.007046952843666077,32.626739501953125,13.365903854370117,-0.13458716392517234,-6.282692193984985,0.07421232277552281,False
1.3.6.1.4.1.14519.5.2.1.6279.6001.292057261351416339496913597985,0.601637607951768,0.2198038399219513,106.4508056640625,21.973520278930664,1.9795851004123683,2.3430652618408203,0.25569534991449777,4,8,88.0,0.5621639237412417,0.22934827208518982,130.10694885253906,16.471572875976562,3.2422383999824502,22.97808265686035,0.3285833836211098,35,8,102.84814453125,-0.03947368421052633,0.009544432163238525,23.656143188476562,-5.501947402954102,1.2626532995700819,20.63501739501953,0.07288803370661201,False
1.3.6.1.4.1.14519.5.2.1.6279.6001.148229375703208214308676934766,0.6165391717225006,0.22493459284305573,171.80999755859375,30.23920440673828,2.541626329421997,3.675917387008667,0.40216547435124717,2,8,150.0,0.6060406225270377,0.2298659235239029,176.36190795898438,27.57166862487793,4.533066720962508,21.03266143798828,0.47455287317699807,35,8,171.58908081054688,-0.010498549195462892,0.004931330680847168,4.551910400390625,-2.6675357818603516,1.991440391540511,17.356744050979614,0.0723873988257509,False
1.3.6.1.4.1.14519.5.2.1.6279.6001.188376349804761988217597754952,0.631976023150062,0.2199077308177948,112.51410675048828,20.947031021118164,2.06581577539444,2.4095284938812256,0.2746459205918842,4,8,93.0,0.5763007145809957,0.22703871130943298,131.62979125976562,26.442354202270508,3.1143212771415727,5.14999532699585,0.3458442293617461,35,8,126.73236083984375,-0.05567530856906622,0.007130980491638184,19.115684509277344,5.495323181152344,1.0485055017471328,2.740466833114624,0.07119830876986188,False
1.3.6.1.4.1.14519.5.2.1.6279.6001.300246184547502297539521283806,0.5924215672959392,0.22989216446876526,120.3753890991211,29.046764373779297,1.2731180131435396,1.3839884996414185,0.2728996963832114,2,8,117.0,0.546720086921092,0.2239731103181839,145.6217041015625,31.892017364501953,2.2116210508346557,2.5337870121002197,0.34184375379880266,35,8,145.45721435546875,-0.045701480374847225,-0.00591905415058136,25.246315002441406,2.8452529907226562,0.9385030376911161,1.1497985124588013,0.06894405741559129,False
1.3.6.1.4.1.14519.5.2.1.6279.6001.161067514225109999586362698069,0.6166279891030169,0.23162968456745148,123.48611450195312,22.362110137939453,2.4727592182159404,2.754967212677002,0.2931175191561381,3,8,117.0,0.6000807183937039,0.239362895488739,145.06674194335938,27.866939544677734,2.956387476921081,3.3183400630950928,0.3605151682800717,35,8,143.60858154296875,-0.016547270709312945,0.007733210921287537,21.58062744140625,5.504829406738281,0.4836282587051408,0.5633728504180908,0.06739764912393359,False
1.3.6.1.4.1.14519.5.2.1.6279.6001.199282854229880908602362094937,0.619670703384207,0.23024800419807434,3.39801025390625,0.7554919123649597,0.07496820315718648,0.0986972227692604,0.009161578079892528,1,8,0.0,0.639971798274718,0.23470349609851837,30.392105102539062,6.305438041687012,0.6080844360589978,0.6874685883522034,0.07380667435526846,10,8,30.05512237548828,0.020301094890510907,0.004455491900444031,26.994094848632812,5.549946129322052,0.5331162329018113,0.588771365582943,0.06464509627537593,False
1.3.6.1.4.1.14519.5.2.1.6279.6001.230675342744370103160629638194,0.6809509233751658,0.2305651754140854,4.8496551513671875,1.2570551633834839,0.104943286255002,0.13985005021095276,0.013099503178977302,1,8,0.0,0.6778219909533041,0.2292577624320984,33.15843200683594,7.089960098266602,0.35522853881120664,0.6096400022506714,0.07748136758638753,10,8,30.0,-0.003128932421861741,-0.0013074129819869995,28.30877685546875,5.832904934883118,0.25028525255620465,0.46978995203971863,0.06438186440741023,False
1.3.6.1.4.1.14519.5.2.1.6279.6001.503980049263254396021509831276,0.4843017881617952,0.2190195769071579,91.76123046875,20.641023635864258,1.1383168637752534,1.25010347366333,0.20992418615685568,3,8,89.0,0.5089726835176744,0.2164076566696167,100.70051574707031,21.529008865356445,2.553083157539369,3.3502399921417236,0.27411958543459575,35,8,99.5577163696289,0.02467089535587924,-0.0026119202375411987,8.939285278320312,0.8879852294921875,1.4147662937641157,2.1001365184783936,0.06419539927774007,False
1.3.6.1.4.1.14519.5.2.1.6279.6001.328789598898469177563438457842,0.6195589919816724,0.22060468792915344,94.57215118408203,18.51552391052246,1.8469558775424921,2.4532039165496826,0.24490074090825173,9,8,86.0,0.6543687157948326,0.2315138578414917,107.7275619506836,13.092462539672852,3.6748534560203514,15.163080215454102,0.30835500156879414,35,8,95.57408142089844,0.034809723813160165,0.010909169912338257,13.155410766601562,-5.423061370849609,1.8278975784778593,12.709876298904419,0.06345426066054241,False
1.3.6.1.4.1.14519.5.2.1.6279.6001.332829333783605240302521201463,0.5467503758068795,0.21717998385429382,72.40907287597656,12.99549388885498,1.1611685419082638,1.2484776973724365,0.17284662941296894,5,8,70.0,0.5587938809797507,0.21524642407894135,80.14221954345703,16.452665328979492,2.9813744068145747,14.505793571472168,0.23382697481579248,35,8,70.02610778808594,0.012043505172871227,-0.001933559775352478,7.733146667480469,3.4571714401245117,1.8202058649063109,13.257315874099731,0.060980345402823544,False
1.3.6.1.4.1.14519.5.2.1.6279.6001.177086402277715068525592995222,0.3274197996139351,0.2241196185350418,83.8541259765625,17.258203506469727,1.2550976467132557,1.3783551454544067,0.20722264613046584,2,8,73.0,0.3198298162908881,0.22816304862499237,100.87562561035156,25.455493927001953,1.7907140064239349,4.757620334625244,0.26690858310528004,35,8,99.3924560546875,-0.007589983323047,0.0040434300899505615,17.021499633789062,8.197290420532227,0.5356163597106791,3.3792651891708374,0.0596859369748142,False
1.3.6.1.4.1.14519.5.2.1.6279.6001.534006575256943390479252771547,0.5414541885130121,0.19937629997730255,164.68798828125,30.799606323242188,2.7644249010086073,3.9754557609558105,0.378575858994325,3,8,138.0,0.5634800928918576,0.20189277827739716,167.325927734375,26.94974136352539,4.225192270278943,5.77412748336792,0.437975617165036,35,8,165.99871826171875,0.02202590437884555,0.0025164783000946045,2.637939453125,-3.849864959716797,1.4607673692703358,1.7986717224121094,0.059399758170711026,False
1.3.6.1.4.1.14519.5.2.1.6279.6001.826829446346820089862659555750,0.6321894928636501,0.26457539200782776,188.51954650878906,43.93398666381836,2.9570288658142085,3.1330745220184326,0.4389561849170261,5,8,176.0,0.625630124506529,0.271400511264801,180.20484924316406,40.888179779052734,5.083781127929657,17.64642906188965,0.49572327270507716,35,8,175.21243286132812,-0.00655936835712112,0.006825119256973267,-8.314697265625,-3.045806884765625,2.1267522621154487,14.513354539871216,0.05676708778805106,False
1.3.6.1.4.1.14519.5.2.1.6279.6001.185154482385982570363528682299,0.6711106811145511,0.24877077341079712,33.65162658691406,7.976875305175781,0.39966176956892013,0.41288384795188904,0.07716496888432238,2,8,33.0,0.657546439628483,0.24305856227874756,58.61302947998047,13.458690643310547,0.5569563961029053,0.5925830006599426,0.13277654008865356,10,8,58.507781982421875,-0.013564241486068052,-0.0057122111320495605,24.961402893066406,5.481815338134766,0.15729462653398513,0.1796991527080536,0.055611571204331176,False
1.3.6.1.4.1.14519.5.2.1.6279.6001.218476624578721885561483687176,0.5854262015563504,0.22262588143348694,37.697296142578125,9.092936515808105,0.4052763259410855,0.46143317222595215,0.08284630645778442,2,8,36.0,0.5672089535017883,0.21975648403167725,55.75236511230469,8.921085357666016,1.1936148214340134,8.803980827331543,0.1370735503143732,35,8,42.1143798828125,-0.01821724805456204,-0.0028693974018096924,18.055068969726562,-0.17185115814208984,0.788338495492928,8.34254765510559,0.054227243856588794,False
1.3.6.1.4.1.14519.5.2.1.6279.6001.192256506776434538421891524301,0.5915433114035088,0.22245745360851288,153.8887176513672,27.819931030273438,1.876003043651581,1.9869064092636108,0.34161526544623905,5,8,145.0,0.4786184210526316,0.23945924639701843,167.6278076171875,35.157691955566406,2.833078985214234,3.393122911453247,0.3935027069621616,35,8,167.396240234375,-0.11292489035087722,0.017001792788505554,13.739089965820312,7.337760925292969,0.9570759415626531,1.4062165021896362,0.05188744151592256,False
1.3.6.1.4.1.14519.5.2.1.6279.6001.194488534645348916700259325236,0.6203549145126003,0.22834160923957825,132.81478881835938,25.335678100585938,2.488104162216186,2.861997365951538,0.3236470120429992,2,8,109.0,0.6438700267401345,0.22430455684661865,149.68177795410156,36.959625244140625,2.7543430519104,3.4992198944091797,0.37461521417829724,35,8,144.19485473632812,0.02351511222753422,-0.004037052392959595,16.866989135742188,11.623947143554688,0.26623888969421383,0.6372225284576416,0.05096820213529801,False
1.3.6.1.4.1.14519.5.2.1.6279.6001.134519406153127654901640638633,0.5574800735744941,0.21811959147453308,152.68206787109375,31.211854934692383,1.556119841337204,1.6200374364852905,0.33135510742002067,2,8,151.0,0.5404404250970775,0.22440986335277557,170.74203491210938,37.339420318603516,2.497181177139283,6.2313947677612305,0.38142749653922187,35,8,170.28286743164062,-0.01703964847741668,0.006290271878242493,18.059967041015625,6.127565383911133,0.9410613358020792,4.61135733127594,0.0500723891192012,False
1.3.6.1.4.1.14519.5.2.1.6279.6001.143813757344903170810482790787,0.6461748096903948,0.23715345561504364,83.56201934814453,19.23122215270996,0.975477637052536,1.2245240211486816,0.19212916675806047,15,8,82.0,0.6557394232407007,0.235049769282341,83.26927185058594,13.518442153930664,3.042189793586729,9.39055347442627,0.24147520333925876,35,8,77.7416763305664,0.009564613550305912,-0.0021036863327026367,-0.29274749755859375,-5.712779998779297,2.0667121565341926,8.166029453277588,0.049346036581198294,False
1.3.6.1.4.1.14519.5.2.1.6279.6001.195557219224169985110295082004,0.648670538501047,0.2656993865966797,117.67699432373047,29.959959030151367,3.59919318675995,6.103159427642822,0.3414008766439226,9,8,93.0,0.6307929358776816,0.25057169795036316,145.42596435546875,28.116697311401367,3.631488792896272,5.897805690765381,0.390714526491695,35,8,144.43875122070312,-0.017877602623365352,-0.015127688646316528,27.74897003173828,-1.84326171875,0.032295606136321986,-0.2053537368774414,0.04931364984777242,False
1.3.6.1.4.1.14519.5.2.1.6279.6001.161855583909753609742728521805,0.5406547619047619,0.21088437736034393,70.80658721923828,17.725685119628906,1.5070435500144934,2.294283866882324,0.19032672228548253,5,8,66.0,0.569375,0.22505202889442444,100.80842590332031,18.646085739135742,1.5607026016712098,4.147585868835449,0.23764298848443532,35,8,99.75840759277344,0.02872023809523805,0.014167651534080505,30.00183868408203,0.9204006195068359,0.05365905165671636,1.853302001953125,0.047316266198952794,False
1.3.6.1.4.1.14519.5.2.1.6279.6001.910757789941076242457816491305,0.5865458170101301,0.2161019742488861,121.3458251953125,22.49062728881836,3.8816676473617546,12.600186347961426,0.337924371767044,15,8,63.0,0.5697744500336123,0.21857813000679016,153.73362731933594,29.559112548828125,2.830492944717407,24.5543212890625,0.3833755579948425,35,8,148.14356994628906,-0.01677136697651782,0.0024761557579040527,32.38780212402344,7.068485260009766,-1.0511747026443476,11.954134941101074,0.045451186227798535,False
1.3.6.1.4.1.14519.5.2.1.6279.6001.249032660919473722154870746474,0.5780347655347655,0.22864387929439545,7.293365478515625,1.692097544670105,0.13816203355789183,0.18828032910823822,0.018893500537342494,1,8,0.0,0.6257507507507507,0.23050035536289215,22.612335205078125,3.9741315841674805,0.6595841723680487,1.9507520198822021,0.06065921608010925,20,8,20.477890014648438,0.04771598521598519,0.001856476068496704,15.3189697265625,2.2820340394973755,0.5214221388101569,1.762471690773964,0.04176571554276676,False
1.3.6.1.4.1.14519.5.2.1.6279.6001.750792629100457382099842515038,0.6190227332113928,0.24219875037670135,91.57078552246094,20.841997146606445,1.2159506118297576,1.2820628881454468,0.21871333755519654,2,8,89.0,0.6604825363644282,0.24736137688159943,109.9200668334961,20.071861267089844,1.6148322296142572,4.478595733642578,0.25929268374972875,35,8,108.47772979736328,0.041459803153035435,0.005162626504898071,18.349281311035156,-0.7701358795166016,0.3988816177844996,3.1965328454971313,0.04057934619453221,False
1.3.6.1.4.1.14519.5.2.1.6279.6001.183843376225716802567192412456,0.3956201964676541,0.23310312628746033,87.83210754394531,19.25645637512207,1.3082623136043556,1.4316757917404175,0.2025971301621861,4,8,78.0,0.4030768056191785,0.2315058410167694,102.87657165527344,23.899667739868164,1.442290476560593,1.978014588356018,0.24219956909418108,35,8,102.49392700195312,0.007456609151524407,-0.001597285270690918,15.044464111328125,4.643211364746094,0.13402816295623743,0.5463387966156006,0.03960243893199497,False
1.3.6.1.4.1.14519.5.2.1.6279.6001.313283554967554803238484128406,0.4977032077234506,0.23206119239330292,169.24349975585938,29.80057144165039,3.1786907386779752,3.7463185787200928,0.39410961059994154,3,8,160.0,0.5347373611543652,0.2284197062253952,173.87098693847656,31.62603759765625,3.894171099662779,15.482726097106934,0.43363127770423876,35,8,159.84457397460938,0.037034153430914596,-0.003641486167907715,4.6274871826171875,1.8254661560058594,0.7154803609848037,11.73640751838684,0.03952166710429722,False
1.3.6.1.4.1.14519.5.2.1.6279.6001.908250781706513856628130123235,0.6258662803908203,0.23554858565330505,144.19296264648438,36.863494873046875,1.425761586427689,1.5138298273086548,0.3203633110192087,3,8,143.0,0.617317087025676,0.23895181715488434,139.70205688476562,26.262807846069336,3.3847760438919328,6.492936134338379,0.3595556778113055,35,8,137.40850830078125,-0.008549193365144259,0.0034032315015792847,-4.49090576171875,-10.600687026977539,1.9590144574642439,4.979106307029724,0.03919236679209681,False
1.3.6.1.4.1.14519.5.2.1.6279.6001.179209990684978588019929720099,0.6358559437501051,0.24852748215198517,89.8267822265625,20.180009841918945,1.0111763143539427,1.107339859008789,0.20234790675375194,2,8,87.0,0.635132634695285,0.2505478858947754,97.67402648925781,15.401782989501953,2.1347411823272697,17.558467864990234,0.24095613054699364,20,8,86.50749206542969,-0.0007233090548200982,0.002020403742790222,7.8472442626953125,-4.778226852416992,1.123564867973327,16.451128005981445,0.03860822379324169,False
1.3.6.1.4.1.14519.5.2.1.6279.6001.312127933722985204808706697221,0.5214467466375863,0.2377999722957611,119.69949340820312,24.982412338256836,3.0444567370414752,4.523099422454834,0.30547943774594205,5,8,95.0,0.44745345127024516,0.23454642295837402,132.07937622070312,18.224258422851562,3.234197251796724,26.276973724365234,0.3414389182964961,35,8,106.50074005126953,-0.07399329536734112,-0.003253549337387085,12.3798828125,-6.758153915405273,0.18974051475524867,21.7538743019104,0.035959480550554035,False
1.3.6.1.4.1.14519.5.2.1.6279.6001.114249388265341701207347458535,0.3968944099378882,0.24083416163921356,107.17921447753906,21.786865234375,1.3303082919120788,1.3963340520858765,0.2391778865204917,3,8,105.0,0.4594000908953189,0.23271544277668,117.10577392578125,19.778263092041016,1.90764925956726,5.101652145385742,0.27417919922934636,30,8,116.06658172607422,0.0625056809574307,-0.00811871886253357,9.926559448242188,-2.0086021423339844,0.5773409676551813,3.7053180932998657,0.03500131270885465,False
1.3.6.1.4.1.14519.5.2.1.6279.6001.193721075067404532739943086458,0.5921245021092082,0.22838377952575684,60.63835906982422,11.909850120544434,0.9058202505111694,1.1930358409881592,0.13789727330207824,15,8,59.0,0.607099040352263,0.2264711856842041,66.74348449707031,13.630973815917969,1.4885631799697876,4.067013740539551,0.17066270815001594,35,8,66.51870727539062,0.014974538243054836,-0.0019125938415527344,6.105125427246094,1.7211236953735352,0.5827429294586182,2.8739778995513916,0.0327654348479377,False
1.3.6.1.4.1.14519.5.2.1.6279.6001.167237290696350215427953159586,0.36742648093429014,0.2056894749403,91.71438598632812,21.252525329589844,0.8372193551063536,0.9043469429016113,0.20098656263086528,2,8,90.0,0.4097931616715914,0.20795895159244537,95.16861724853516,16.405895233154297,1.925477608442305,6.408181190490723,0.2328670421560605,35,8,93.0748519897461,0.042366680737301265,0.0022694766521453857,3.4542312622070312,-4.846630096435547,1.0882582533359515,5.503834247589111,0.03188047952519521,False
1.3.6.1.4.1.14519.5.2.1.6279.6001.222087811960706096424718056430,0.5363261582130909,0.23905861377716064,104.59075927734375,22.06028175354004,3.6451576232910203,5.1193366050720215,0.3044562886555991,15,8,90.0,0.6175446896225458,0.23584122955799103,122.87052154541016,23.301679611206055,3.493946647644044,9.022902488708496,0.33348005104064943,35,8,121.1680908203125,0.0812185314094549,-0.0032173842191696167,18.279762268066406,1.2413978576660156,-0.1512109756469764,3.9035658836364746,0.029023762385050333,False
1.3.6.1.4.1.14519.5.2.1.6279.6001.124663713663969377020085460568,0.34184602146741827,0.20194348692893982,96.59141540527344,18.56964683532715,1.7793235063552912,2.5757486820220947,0.23579688058922937,3,8,61.0,0.4036337962911891,0.19662044942378998,110.54723358154297,24.808677673339844,1.9288213920593291,4.170192241668701,0.2639777768148317,35,8,109.40055084228516,0.06178777482377085,-0.005323037505149841,13.955818176269531,6.239030838012695,0.14949788570403788,1.5944435596466064,0.028180896225602325,False
1.3.6.1.4.1.14519.5.2.1.6279.6001.250397690690072950000431855143,0.5512184777998891,0.2275179773569107,94.1352310180664,21.902212142944336,2.0588886141777025,3.876049757003784,0.24544934809207913,6,8,50.0,0.5606139692689133,0.22907505929470062,111.51924896240234,22.99026107788086,2.0201210498809807,8.917710304260254,0.2712790596750047,35,8,111.06427001953125,0.009395491469024186,0.001557081937789917,17.384017944335938,1.0880489349365234,-0.03876756429672179,5.04166054725647,0.025829711582925574,False
1.3.6.1.4.1.14519.5.2.1.6279.6001.142485715518010940961688015191,0.5880409105184821,0.22693540155887604,105.71607208251953,24.992050170898438,1.1828371906280517,1.2769159078598022,0.23952067759831747,3,8,100.0,0.5901164775442765,0.22631211578845978,105.12925720214844,24.404407501220703,1.9036566734313791,6.24043083190918,0.2603410073386293,35,8,100.19791412353516,0.002075567025794478,-0.0006232857704162598,-0.5868148803710938,-0.5876426696777344,0.7208194828033274,4.963514924049377,0.020820329740311838,False
1.3.6.1.4.1.14519.5.2.1.6279.6001.171177995014336749670107905732,0.6138850797235891,0.21582533419132233,3.7137069702148438,0.9927724003791809,0.071036359295249,0.09718064963817596,0.009699746720078919,1,8,0.0,0.6169906697857008,0.2157941460609436,11.625450134277344,2.4306066036224365,0.32128130525350573,0.5985414981842041,0.030452606286274067,15,8,11.122734069824219,0.0031055900621117516,-3.1188130378723145e-05,7.9117431640625,1.4378342032432556,0.25024494595825675,0.5013608485460281,0.02075285956619515,False
1.3.6.1.4.1.14519.5.2.1.6279.6001.261678072503577216586082745513,0.5589812666816334,0.22706949710845947,102.48053741455078,23.53172492980957,1.0111039066314695,1.0424737930297852,0.2261108619160122,10,8,102.0,0.5869191049913941,0.22788093984127045,93.69439697265625,21.309816360473633,2.4582360076904286,4.45830774307251,0.246547775861952,35,8,92.17631530761719,0.02793783830976071,0.0008114427328109741,-8.786140441894531,-2.2219085693359375,1.447132101058959,3.4158339500427246,0.0204369139459398,False
1.3.6.1.4.1.14519.5.2.1.6279.6001.294120933998772507043263238704,0.471795070933002,0.20035158097743988,137.39498901367188,31.376251220703125,1.0846980810165405,1.1331892013549805,0.29325014763408236,4,8,137.0,0.49117220668944805,0.20095312595367432,135.81895446777344,29.659618377685547,1.8426957845687866,7.430788516998291,0.31209819319513105,35,8,135.5672607421875,0.019377135756446062,0.000601544976234436,-1.5760345458984375,-1.7166328430175781,0.757997703552246,6.2975993156433105,0.018848045561048687,False
1.3.6.1.4.1.14519.5.2.1.6279.6001.217589936421986638139451480826,0.5167334167709637,0.24461504817008972,221.21359252929688,51.66465377807617,2.2421806836128226,2.90887188911438,0.47304036354223883,4,8,206.0,0.570450563204005,0.23176968097686768,223.9967041015625,48.67852020263672,2.541405274868011,5.581470012664795,0.49123795360194317,35,8,223.23971557617188,0.05371714643304126,-0.012845367193222046,2.783111572265625,-2.986133575439453,0.2992245912551885,2.672598123550415,0.01819759005970434,False
1.3.6.1.4.1.14519.5.2.1.6279.6001.134996872583497382954024478441,0.34453886920254634,0.20950721204280853,143.29185485839844,31.327617645263672,2.0854366779327327,2.629459857940674,0.33826907492795866,4,8,127.0,0.3836432625670294,0.2074090540409088,144.6743927001953,29.019227981567383,2.945987081527705,4.5869317054748535,0.35540255912144963,35,8,144.1683807373047,0.03910439336448307,-0.0020981580018997192,1.382537841796875,-2.308389663696289,0.8605504035949725,1.9574718475341797,0.017133484193490978,False
1.3.6.1.4.1.14519.5.2.1.6279.6001.134370886216012873213579659366,0.6198308270676691,0.2605355381965637,208.54957580566406,38.40338897705078,4.030420751571656,4.5721235275268555,0.5245497668478224,2,8,168.0,0.6957330827067669,0.2350592315196991,217.38436889648438,46.13828659057617,4.646650342941306,9.076539993286133,0.5413032052887818,35,8,207.7052001953125,0.0759022556390978,-0.025476306676864624,8.834793090820312,7.734897613525391,0.6162295913696498,4.504416465759277,0.016753438440959445,False
1.3.6.1.4.1.14519.5.2.1.6279.6001.259123825760999546551970425757,0.5213398810236755,0.24147848784923553,155.19918823242188,35.59560775756836,2.4569692158699032,2.734954833984375,0.3623915118296941,5,8,146.0,0.5239749271369825,0.25053396821022034,156.16119384765625,33.959442138671875,2.8069305038452144,13.306660652160645,0.3783318105485704,35,8,145.4241943359375,0.0026350461133070047,0.009055480360984802,0.962005615234375,-1.6361656188964844,0.3499612879753111,10.57170581817627,0.01594029871887631,False
1.3.6.1.4.1.14519.5.2.1.6279.6001.306948744223170422945185006551,0.5664415215072875,0.23815301060676575,156.07113647460938,28.632110595703125,3.6977600479125945,5.073830604553223,0.4102422903696695,2,8,104.0,0.5247955918947743,0.24269825220108032,134.54080200195312,32.56280517578125,5.431704993247983,10.006240844726562,0.4258001564502715,35,8,133.02793884277344,-0.04164592961251323,0.004545241594314575,-21.53033447265625,3.930694580078125,1.7339449453353888,4.93241024017334,0.015557866080602,False
1.3.6.1.4.1.14519.5.2.1.6279.6001.128059192202504367870633619224,0.6513540943325677,0.23524080216884613,162.30404663085938,31.316545486450195,3.1447645139694207,3.5723657608032227,0.40166345815128746,2,8,137.0,0.6499474743158307,0.22768203914165497,145.93511962890625,29.093046188354492,4.68043381690976,9.509319305419922,0.41616881411870227,35,8,139.48382568359375,-0.0014066200167370813,-0.007558763027191162,-16.368927001953125,-2.223499298095703,1.5356693029403394,5.936953544616699,0.014505355967414812,False
1.3.6.1.4.1.14519.5.2.1.6279.6001.103115201714075993579787468219,0.5369928035522891,0.23667600750923157,65.64833068847656,16.271074295043945,0.6492713272571564,0.6661514043807983,0.14757225348552067,10,8,65.0,0.5390751799111928,0.23172399401664734,58.818336486816406,10.738876342773438,1.646770783662788,4.377743244171143,0.16163574608034534,35,8,58.53136444091797,0.002082376358903737,-0.0049520134925842285,-6.829994201660156,-5.532197952270508,0.9974994564056316,3.7115918397903442,0.014063492594824673,False
1.3.6.1.4.1.14519.5.2.1.6279.6001.219428004988664846407984058588,0.5825445642112806,0.22266365587711334,175.80567932128906,33.919124603271484,2.738301124572754,2.9173407554626465,0.3996538190629747,9,8,168.0,0.5600609118867755,0.22784170508384705,168.78411865234375,36.09553909301758,3.1477685189247135,6.199094772338867,0.40684892453882426,35,8,167.9322509765625,-0.02248365232450511,0.005178049206733704,-7.0215606689453125,2.1764144897460938,0.40946739435195934,3.2817540168762207,0.007195105475849561,False
1.3.6.1.4.1.14519.5.2.1.6279.6001.111258527162678142285870245028,0.45563325563325563,0.2710566818714142,131.59620666503906,27.027585983276367,2.2961539435386675,2.597865104675293,0.31388422835932844,2,8,106.0,0.5519036519036519,0.2477359026670456,141.07237243652344,32.50720977783203,1.7684591102600127,12.033628463745117,0.3208367751015558,35,8,140.74729919433594,0.09627039627039624,-0.02332077920436859,9.476165771484375,5.479623794555664,-0.5276948332786549,9.435763359069824,0.006952546742227339,False
1.3.6.1.4.1.14519.5.2.1.6279.6001.227707494413800460340110762069,0.4214670981661273,0.22673486173152924,2.0266571044921875,0.5083113312721252,0.05095203675329685,0.07297229766845703,0.005662353953305217,1,8,0.0,0.48556274721323267,0.22825148701667786,3.30206298828125,0.8903375267982483,0.08588409423828124,0.12324073910713196,0.009318156904644437,5,8,0.0,0.06409564904710535,0.0015166252851486206,1.2754058837890625,0.38202619552612305,0.03493205748498439,0.05026844143867493,0.0036558029513392197,False
1.3.6.1.4.1.14519.5.2.1.6279.6001.179683407589764683292800449011,0.6628787878787878,0.2565461993217468,70.54793548583984,11.645134925842285,2.9240292930603133,6.6999192237854,0.21700882210201716,10,8,44.0,0.6272889321017663,0.26084333658218384,74.89414978027344,14.548412322998047,2.2731289696693433,2.8475430011749268,0.22011106388039064,35,8,73.68408966064453,-0.03558985577702156,0.004297137260437012,4.346214294433594,2.9032773971557617,-0.65090032339097,-3.8523762226104736,0.0031022417783734824,False
1.3.6.1.4.1.14519.5.2.1.6279.6001.314836406260772370397541392345,0.3508118179398456,0.25734272599220276,11.604736328125,2.084355354309082,0.1935681873559951,0.3511371910572052,0.02941470681495136,5,8,3.0,0.3508118179398456,0.25734272599220276,11.604736328125,2.084355354309082,0.1935681873559951,0.3511371910572052,0.02941470681495136,5,8,3.0,0.0,0.0,0.0,0.0,0.0,0.0,0.0,False
1.3.6.1.4.1.14519.5.2.1.6279.6001.131150737314367975651717513386,0.7174596649881821,0.23260940611362457,4.5568084716796875,1.24552321434021,0.11153683736920354,0.15215879678726196,0.012714100648131634,5,8,0.0,0.7174596649881821,0.23260940611362457,4.5568084716796875,1.24552321434021,0.11153683736920354,0.15215879678726196,0.012714100648131634,5,8,0.0,0.0,0.0,0.0,0.0,0.0,0.0,0.0,False
1.3.6.1.4.1.14519.5.2.1.6279.6001.271307051432838466826189754230,0.47924861801861124,0.2551879286766052,1.977874755859375,0.46141716837882996,0.042997846975922585,0.057035356760025024,0.005283481908424033,1,8,0.0,0.4887275373871454,0.25610223412513733,1.8838958740234375,0.4952954351902008,0.04363190084695818,0.05791251361370087,0.005158894014027384,5,8,0.0,0.009478919368534178,0.0009143054485321045,-0.0939788818359375,0.03387826681137085,0.0006340538710355934,0.0008771568536758423,-0.00012458789439664854,True
1.3.6.1.4.1.14519.5.2.1.6279.6001.300270516469599170290456821227,0.675936170212766,0.23474813997745514,115.81026458740234,16.773630142211914,2.467767641544342,4.3326802253723145,0.29733712504439885,2,8,103.0,0.7011276595744681,0.22850705683231354,102.79086303710938,20.973403930664062,3.5255759477615385,20.465618133544922,0.2950280197726356,35,8,100.92720031738281,0.025191489361702124,-0.0062410831451416016,-13.019401550292969,4.199773788452148,1.0578083062171966,16.132937908172607,-0.0023091052717632565,True
1.3.6.1.4.1.14519.5.2.1.6279.6001.686193079844756926365065559979,0.6446491877361799,0.23237232863903046,47.123260498046875,8.218480110168457,1.9433926236629477,4.396886348724365,0.14722180824412237,10,8,35.0,0.6315984261171063,0.23202504217624664,55.96846008300781,12.037073135375977,1.307660048007965,1.6681430339813232,0.14262600098450978,20,8,55.07197570800781,-0.013050761619073592,-0.0003472864627838135,8.845199584960938,3.8185930252075195,-0.6357325756549828,-2.728743314743042,-0.004595807259612589,True
1.3.6.1.4.1.14519.5.2.1.6279.6001.141511313712034597336182402384,0.6358278989857937,0.24464093148708344,72.30657196044922,15.560758590698242,1.0924968004226683,1.2781941890716553,0.17313037445810106,3,8,69.0,0.6390423232528496,0.2422993928194046,69.40682220458984,13.075265884399414,1.1005363702774047,1.3204922676086426,0.1681328250832028,35,8,69.23192596435547,0.003214424267055871,-0.002341538667678833,-2.899749755859375,-2.485492706298828,0.008039569854736417,0.042298078536987305,-0.004997549374898269,True
1.3.6.1.4.1.14519.5.2.1.6279.6001.125356649712550043958727288500,0.6047588349059368,0.22676096856594086,81.08295440673828,18.44907569885254,2.258200514316559,5.774791717529297,0.22238696128792235,20,8,71.0,0.5913819375256403,0.21993118524551392,77.88540649414062,19.220439910888672,2.0465837311744752,3.1223795413970947,0.21719606582588638,35,8,76.63914489746094,-0.01337689738029657,-0.006829783320426941,-3.1975479125976562,0.7713642120361328,-0.21161678314208388,-2.652412176132202,-0.005190895462035966,True
1.3.6.1.4.1.14519.5.2.1.6279.6001.107351566259572521472765997306,0.5904796138440999,0.24263201653957367,53.07936477661133,11.36037826538086,1.0153547728061694,1.5130891799926758,0.13316125175555552,6,8,45.0,0.606038820992092,0.23955509066581726,51.449668884277344,9.672873497009277,0.9971750146150592,3.191612720489502,0.12540385911663374,35,8,51.37485122680664,0.015559207147992193,-0.0030769258737564087,-1.6296958923339844,-1.687504768371582,-0.018179758191110174,1.6785235404968262,-0.0077573926389217784,True
1.3.6.1.4.1.14519.5.2.1.6279.6001.129982010889624423230394257528,0.6058845382272086,0.21450959146022797,119.56402587890625,27.497207641601562,1.7201224541664122,1.8431193828582764,0.28212418694761066,4,8,115.0,0.5493275874879263,0.2284422218799591,108.78955841064453,20.734521865844727,2.511834111213683,3.057849168777466,0.27361877977053317,30,8,107.28022766113281,-0.05655695073928224,0.01393263041973114,-10.774467468261719,-6.762685775756836,0.7917116570472709,1.2147297859191895,-0.008505407177077484,True
1.3.6.1.4.1.14519.5.2.1.6279.6001.287966244644280690737019247886,0.5263537367609766,0.21439632773399353,154.40084838867188,26.15811538696289,3.0365130996704,3.790759801864624,0.37739605428907574,5,8,131.0,0.5477102083436926,0.20817680656909943,134.119140625,29.57828712463379,3.738856816291753,6.5148797035217285,0.3645151786539273,35,8,130.98287963867188,0.02135647158271592,-0.006219521164894104,-20.281707763671875,3.4201717376708984,0.7023437166213529,2.7241199016571045,-0.012880875635148448,True
1.3.6.1.4.1.14519.5.2.1.6279.6001.112767175295249119452142211437,0.45990867579908673,0.2274169921875,91.36239624023438,17.912870407104492,1.8728274345397946,2.205681085586548,0.23086441389719645,8,8,83.0,0.4482051282051282,0.22949892282485962,83.64458465576172,14.1127347946167,2.1759558010101316,2.7798538208007812,0.21609793642891778,35,8,83.31222534179688,-0.01170354759395853,0.002081930637359619,-7.717811584472656,-3.800135612487793,0.30312836647033703,0.5741727352142334,-0.014766477468278666,True
1.3.6.1.4.1.14519.5.2.1.6279.6001.900182736599353600185270496549,0.6445871176531998,0.23357033729553223,114.64205932617188,26.416677474975586,1.484372764825821,1.7324572801589966,0.2637573567695088,2,8,109.0,0.5739986776629432,0.23577414453029633,100.32891845703125,19.260498046875,2.0608673834800686,2.3329477310180664,0.24724420981142245,20,8,99.27535247802734,-0.07058843999025655,0.002203807234764099,-14.313140869140625,-7.156179428100586,0.5764946186542477,0.6004904508590698,-0.01651314695808634,True
1.3.6.1.4.1.14519.5.2.1.6279.6001.172573195301625265149778785969,0.6160185423641514,0.22633884847164154,88.36661529541016,20.863357543945312,1.0321319699287415,1.243783950805664,0.20644702480898963,2,8,74.0,0.6212043171868049,0.22375352680683136,74.66706085205078,14.029057502746582,1.3261324167251587,1.513288974761963,0.18845130377345615,35,8,74.43974304199219,0.005185774822653477,-0.0025853216648101807,-13.699554443359375,-6.8343000411987305,0.29400044679641724,0.26950502395629883,-0.017995721035533485,True
1.3.6.1.4.1.14519.5.2.1.6279.6001.148447286464082095534651426689,0.45256869772998803,0.2347472906112671,144.552490234375,32.11739730834961,3.9525570702552804,5.051056861877441,0.4020831182559331,5,8,116.0,0.5211810889230244,0.22902004420757294,126.51984405517578,26.431196212768555,4.437829384803774,39.18499755859375,0.38194545469813884,35,8,116.11219787597656,0.06861239119303636,-0.005727246403694153,-18.03264617919922,-5.686201095581055,0.48527231454849407,34.13394069671631,-0.020137663557794283,True
1.3.6.1.4.1.14519.5.2.1.6279.6001.203741923654363010377298352671,0.6491237779007564,0.2312445193529129,143.48422241210938,25.542802810668945,6.345433163642866,15.753843307495117,0.4653020996252691,25,8,93.0,0.596199963106438,0.23859187960624695,164.56488037109375,34.00905227661133,4.777983412742601,7.147123336791992,0.4428530543062418,35,8,160.08074951171875,-0.0529238147943184,0.007347360253334045,21.080657958984375,8.466249465942383,-1.5674497509002654,-8.606719970703125,-0.022449045319027305,True
1.3.6.1.4.1.14519.5.2.1.6279.6001.329404588567903628160652715124,0.6405306138922897,0.2417541891336441,195.36260986328125,37.76084899902344,2.466030654907227,2.6172990798950195,0.43517210549248586,2,8,189.0,0.6468538524667358,0.2383149117231369,174.85272216796875,37.68253707885742,3.0710997486114504,3.58300518989563,0.4106451333681742,35,8,174.28855895996094,0.006323238574446055,-0.003439277410507202,-20.5098876953125,-0.07831192016601562,0.6050690937042233,0.9657061100006104,-0.024526972124311652,True
1.3.6.1.4.1.14519.5.2.1.6279.6001.117040183261056772902616195387,0.35088672489934664,0.22867102921009064,161.92068481445312,26.972976684570312,3.3834508419036764,6.284893035888672,0.4263159184455869,5,8,75.0,0.46414789428957526,0.23576314747333527,143.12057495117188,24.424785614013672,4.069807815551758,12.367319107055664,0.400806706322564,35,8,140.06222534179688,0.11326116939022862,0.007092118263244629,-18.80010986328125,-2.5481910705566406,0.6863569736480812,6.082426071166992,-0.02550921212302293,True
1.3.6.1.4.1.14519.5.2.1.6279.6001.188484197846284733942365679565,0.5773173530536785,0.22076566517353058,107.24156188964844,27.153606414794922,2.9463097262382534,19.175466537475586,0.3052913930919436,35,8,104.0,0.6079816396786943,0.22441458702087402,115.03972625732422,25.24277687072754,2.282716987133026,2.7477917671203613,0.2780937880224652,35,8,114.26240539550781,0.030664286625015857,0.003648921847343445,7.798164367675781,-1.9108295440673828,-0.6635927391052272,-16.427674770355225,-0.02719760506947838,True
1.3.6.1.4.1.14519.5.2.1.6279.6001.243094273518213382155770295147,0.6542984268234546,0.2547305226325989,150.98797607421875,29.266265869140625,3.3529997301101675,4.175487995147705,0.37682383877966136,5,8,115.0,0.625726998252026,0.2567462623119354,122.14974975585938,19.69963836669922,4.024311213493346,10.708470344543457,0.3486830310662587,35,8,115.50765991210938,-0.02857142857142858,0.002015739679336548,-28.838226318359375,-9.566627502441406,0.6713114833831781,6.532982349395752,-0.02814080771340266,True
1.3.6.1.4.1.14519.5.2.1.6279.6001.169128136262002764211589185953,0.5517618875895111,0.2227916419506073,229.36087036132812,45.74166488647461,4.615109872817974,6.246917247772217,0.5548952708244318,7,8,207.0,0.5626964092524857,0.2279638946056366,210.91773986816406,40.533626556396484,4.1576134347915445,5.961850166320801,0.5262704944133753,35,8,208.59605407714844,0.010934521662974594,0.005172252655029297,-18.443130493164062,-5.208038330078125,-0.45749643802642925,-0.285067081451416,-0.02862477641105654,True
1.3.6.1.4.1.14519.5.2.1.6279.6001.197063290812663596858124411210,0.6024086021505376,0.23667609691619873,205.0607147216797,46.525306701660156,2.4532358336448663,2.795915365219116,0.4633459280570348,5,8,197.0,0.6031541218637992,0.2405920922756195,197.07032775878906,43.55595397949219,2.0546850109100294,3.1154685020446777,0.43368744906319495,35,8,196.7003173828125,0.0007455197132616442,0.003915995359420776,-7.990386962890625,-2.9693527221679688,-0.3985508227348369,0.3195531368255615,-0.029658478993839832,True
1.3.6.1.4.1.14519.5.2.1.6279.6001.154837327827713479309898027966,0.5725673373788992,0.2283359169960022,88.1822509765625,16.432388305664062,1.6167958664893898,3.101382255554199,0.22082170512676177,6,8,79.0,0.5663925263494092,0.22929035127162933,80.4856185913086,15.753328323364258,1.1030250406265254,5.119387149810791,0.1877898606141408,35,8,79.93885040283203,-0.006174811029490024,0.0009544342756271362,-7.696632385253906,-0.6790599822998047,-0.5137708258628644,2.018004894256592,-0.03303184451262098,True
1.3.6.1.4.1.14519.5.2.1.6279.6001.252709517998555732486024866345,0.49179877713909126,0.24278229475021362,47.14892578125,12.259587287902832,0.5568928569555283,0.5761258602142334,0.10680719701780214,10,8,47.0,0.5338117380002196,0.23386307060718536,30.838775634765625,6.9913506507873535,0.525794118642807,1.9251432418823242,0.0734435224864218,20,8,29.598831176757812,0.04201296086112838,-0.00891922414302826,-16.310150146484375,-5.2682366371154785,-0.031098738312721252,1.3490173816680908,-0.03336367453138034,True
1.3.6.1.4.1.14519.5.2.1.6279.6001.246758220302211646532176593724,0.50079708861371,0.26056331396102905,78.72531127929688,13.727909088134766,1.8004111051559448,2.3735063076019287,0.1965500499142541,2,8,63.0,0.505837265100401,0.2575828731060028,73.92578125,15.663900375366211,0.7476415634155273,0.7957658171653748,0.1620859432220459,10,8,73.8098373413086,0.005040176486690973,-0.002980440855026245,-4.799530029296875,1.9359912872314453,-1.0527695417404175,-1.577740490436554,-0.0344641066922082,True
1.3.6.1.4.1.14519.5.2.1.6279.6001.187966156856911682643615997798,0.6575092086170331,0.2344784438610077,158.2831268310547,32.170654296875,2.9885358738899153,3.5404765605926514,0.39449386257330554,4,8,139.0,0.5647672731331622,0.24252720177173615,153.34323120117188,40.855621337890625,2.1042145991325367,5.333916664123535,0.35893448410299084,35,8,152.4420166015625,-0.09274193548387089,0.008048757910728455,-4.9398956298828125,8.684967041015625,-0.8843212747573785,1.7934401035308838,-0.035559378470314706,True
1.3.6.1.4.1.14519.5.2.1.6279.6001.139444426690868429919252698606,0.6080175438596491,0.24364082515239716,134.5960693359375,30.255237579345703,5.013125433921824,18.433021545410156,0.40507364845805727,25,8,120.0,0.646280701754386,0.2400890588760376,132.63848876953125,21.060230255126953,4.467539734840405,31.47573471069336,0.3692179897255371,35,8,115.9583511352539,0.03826315789473689,-0.003551766276359558,-1.95758056640625,-9.19500732421875,-0.5455856990814194,13.042713165283203,-0.03585565873252017,True
1.3.6.1.4.1.14519.5.2.1.6279.6001.324567010179873305471925391582,0.5258720227706023,0.22865994274616241,224.13600158691406,50.42003631591797,3.369628880023958,4.12608528137207,0.5232825419717365,3,8,201.0,0.5079482291023335,0.23461860418319702,202.67767333984375,44.82597351074219,3.6144325613975528,5.151723861694336,0.48642697589927253,35,8,200.45486450195312,-0.017923793668268795,0.005958661437034607,-21.458328247070312,-5.594062805175781,0.24480368137359454,1.0256385803222656,-0.036855566072463986,True
1.3.6.1.4.1.14519.5.2.1.6279.6001.229664630348267553620068691756,0.5568587063453025,0.2296934872865677,144.81759643554688,25.339181900024414,7.140164971351621,37.754417419433594,0.4789564597606658,45,8,92.0,0.618805336940482,0.23979002237319946,162.43359375,33.42774963378906,3.8127188801765417,8.892333984375,0.4390731015072928,35,8,155.75595092773438,0.061946630595179464,0.010096535086631775,17.615997314453125,8.088567733764648,-3.327446091175079,-28.862083435058594,-0.039883358253373025,True
1.3.6.1.4.1.14519.5.2.1.6279.6001.955688628308192728558382581802,0.5832694123200378,0.24597132205963135,141.82293701171875,19.318321228027344,3.393598520755766,4.667107582092285,0.360485099143452,5,8,131.0,0.46546790181732356,0.2606794238090515,139.69595336914062,27.052513122558594,2.232844688892364,2.4386000633239746,0.3190945461246702,35,8,139.46893310546875,-0.11780151050271426,0.014708101749420166,-2.126983642578125,7.73419189453125,-1.1607538318634019,-2.2285075187683105,-0.041390553018781806,True
1.3.6.1.4.1.14519.5.2.1.6279.6001.242624386080831911167122628616,0.6611780234284772,0.2375175505876541,45.98651123046875,8.793791770935059,0.8867041778564432,1.0405020713806152,0.1115399836858113,2,8,36.0,0.6503547269427488,0.24413108825683594,24.76099395751953,5.665643215179443,0.237836502343416,0.25649717450141907,0.054571271476315124,10,8,24.68389129638672,-0.01082329648572844,0.006613537669181824,-21.22551727294922,-3.1281485557556152,-0.6488676755130272,-0.7840048968791962,-0.05696871220949618,True
1.3.6.1.4.1.14519.5.2.1.6279.6001.202187810895588720702176009630,0.6328691388932353,0.2289513200521469,209.8963165283203,51.214168548583984,4.293116126060481,5.779545307159424,0.5263899956226348,9,8,175.0,0.6228680957596621,0.22637633979320526,178.09671020507812,41.78368377685547,4.596596050262449,7.6229777336120605,0.4682776939604017,35,8,166.5347442626953,-0.010001043133573195,-0.0025749802589416504,-31.799606323242188,-9.430484771728516,0.30347992420196857,1.8434324264526367,-0.05811230166223308,True
1.3.6.1.4.1.14519.5.2.1.6279.6001.140253591510022414496468423138,0.6390865173473869,0.23392930626869202,243.45643615722656,45.8088264465332,4.83509689807892,5.921566009521484,0.5872465358893076,3,8,190.0,0.5581613233787147,0.2348758727312088,191.46478271484375,33.01356887817383,5.184531693458574,8.64036750793457,0.5179087009800809,35,8,188.3169403076172,-0.08092519396867215,0.0009465664625167847,-51.99165344238281,-12.795257568359375,0.34943479537965416,2.718801498413086,-0.06933783490922674,True
1.3.6.1.4.1.14519.5.2.1.6279.6001.219087313261026510628926082729,0.5249267399267399,0.27187690138816833,235.60394287109375,40.471351623535156,5.288099112510689,6.825380325317383,0.6154149384021762,2,8,165.0,0.5461355311355311,0.25239917635917664,186.38351440429688,35.678619384765625,5.947034149169922,11.044541358947754,0.5442903206719293,35,8,182.67860412597656,0.021208791208791267,-0.0194777250289917,-49.220428466796875,-4.792732238769531,0.6589350366592335,4.219161033630371,-0.07112461773024692,True
1.3.6.1.4.1.14519.5.2.1.6279.6001.223650122819238796121876338881,0.5388890927101295,0.23358047008514404,106.81946563720703,22.880298614501953,2.5844636845588718,3.1060173511505127,0.27291866938008214,15,8,100.0,0.5892614741167407,0.22912907600402832,85.50178527832031,20.570945739746094,1.1747499024868011,1.2276735305786133,0.19846785540183381,10,8,85.11248779296875,0.050372381406611155,-0.004451394081115723,-21.31768035888672,-2.3093528747558594,-1.4097137820720707,-1.8783438205718994,-0.07445081397824832,True
1.3.6.1.4.1.14519.5.2.1.6279.6001.113679818447732724990336702075,0.5742071616596331,0.23683089017868042,162.60609436035156,29.797948837280273,3.58892502784729,4.190914630889893,0.42201525534523854,3,8,135.0,0.595955375423056,0.2409135103225708,143.50245666503906,22.72357177734375,2.4777287125587453,3.3561007976531982,0.3456828554868698,25,8,142.709228515625,0.02174821376342284,0.004082620143890381,-19.1036376953125,-7.074377059936523,-1.1111963152885447,-0.8348138332366943,-0.07633239985836876,True
1.3.6.1.4.1.14519.5.2.1.6279.6001.333319057944372470283038483725,0.5151188558834571,0.22782576084136963,129.19485473632812,29.46480369567871,2.957789626121523,9.564794540405273,0.340230224190818,25,8,120.0,0.597561123288003,0.22090232372283936,106.4375,20.223188400268555,1.7642705631256104,3.4577958583831787,0.26277137522167626,35,8,105.83549499511719,0.08244226740454597,-0.0069234371185302734,-22.757354736328125,-9.241615295410156,-1.1935190629959127,-6.106998682022095,-0.07745884896914174,True
1.3.6.1.4.1.14519.5.2.1.6279.6001.315918264676377418120578391325,0.5258985733729898,0.2316601425409317,136.73617553710938,32.836360931396484,1.6048704171180719,1.8857015371322632,0.321846275613043,10,8,134.0,0.5926929475223068,0.22618021070957184,95.84132385253906,19.750652313232422,2.3411716747283937,3.1578469276428223,0.2423318562083774,15,8,94.08985137939453,0.06679437414931699,-0.005479931831359863,-40.89485168457031,-13.085708618164062,0.7363012576103218,1.272145390510559,-0.07951441940466561,True
1.3.6.1.4.1.14519.5.2.1.6279.6001.272190966764020277652079081128,0.49423572494235724,0.22829604148864746,101.24343872070312,15.923563957214355,1.8058675479888922,2.0259475708007812,0.24557699520323012,2,8,97.0,0.4295402142954021,0.2315582036972046,70.38459014892578,15.743067741394043,1.0650782155990601,3.944554090499878,0.16477189835972256,35,8,69.852294921875,-0.06469551064695511,0.003262162208557129,-30.858848571777344,-0.1804962158203125,-0.740789332389832,1.9186065196990967,-0.08080509684350756,True
1.3.6.1.4.1.14519.5.2.1.6279.6001.237915456403882324748189195892,0.6679534683326153,0.22508428990840912,161.5723876953125,22.191160202026367,5.342795886993408,25.39988899230957,0.45088778981102834,35,8,108.0,0.6730202498922878,0.22977513074874878,138.07778930664062,29.97762680053711,3.2089483165740993,15.56550407409668,0.3677216414663527,35,8,136.83306884765625,0.005066781559672551,0.004690840840339661,-23.494598388671875,7.786466598510742,-2.133847570419309,-9.83438491821289,-0.08316614834467562,True
1.3.6.1.4.1.14519.5.2.1.6279.6001.151764021165118974848436095034,0.5899494388950549,0.23980136215686798,187.76712036132812,39.05105972290039,2.842603180408478,3.281101942062378,0.44609222810268395,4,8,142.0,0.5770625231224565,0.23848675191402435,143.567626953125,23.032276153564453,3.1291066694259646,5.292906284332275,0.36139705465634664,35,8,142.72508239746094,-0.012886915772598373,-0.001314610242843628,-44.199493408203125,-16.018783569335938,0.2865034890174867,2.0118043422698975,-0.08469517344633731,True
1.3.6.1.4.1.14519.5.2.1.6279.6001.309955999522338651429118207446,0.5059720341432984,0.22361284494400024,141.51956176757812,32.339019775390625,2.7926983928680413,3.510085105895996,0.3598606552229987,7,8,107.0,0.5841942698902971,0.2093755304813385,96.30023193359375,15.602303504943848,2.919268069267271,5.3905253410339355,0.2727469123681385,35,8,95.37905883789062,0.07822223574699871,-0.014237314462661743,-45.219329833984375,-16.736716270446777,0.12656967639922945,1.8804402351379395,-0.08711374285486018,True
1.3.6.1.4.1.14519.5.2.1.6279.6001.124656777236468248920498636247,0.4923099180911681,0.21875497698783875,140.23330688476562,18.647924423217773,5.475799226760864,34.96870422363281,0.41424511861801144,30,8,77.0,0.5187410968660968,0.216086283326149,142.89625549316406,25.369205474853516,2.0170726656913742,2.842715263366699,0.32677932279639765,35,8,142.6735382080078,0.026431178774928732,-0.0026686936616897583,2.6629486083984375,6.721281051635742,-3.4587265610694895,-32.12598896026611,-0.08746579582161379,True
1.3.6.1.4.1.14519.5.2.1.6279.6001.280072876841890439628529365478,0.716595232724265,0.26541444659233093,189.2169189453125,42.995243072509766,4.148100209236146,7.468769550323486,0.47679514861106875,7,8,171.0,0.6932288141965561,0.26418307423591614,159.705810546875,35.30413055419922,3.062330412864687,19.6096248626709,0.38642613169882034,35,8,157.9515838623047,-0.02336641852770882,-0.001231372356414795,-29.5111083984375,-7.691112518310547,-1.085769796371459,12.140855312347412,-0.09036901691224841,True
1.3.6.1.4.1.14519.5.2.1.6279.6001.177985905159808659201278495182,0.5886421043463113,0.24834086000919342,118.8194808959961,22.10287857055664,4.776894664764401,14.224528312683105,0.36876557212405725,30,8,81.0,0.588171762041634,0.25766029953956604,100.61279296875,21.666271209716797,2.0409296321868893,2.8287689685821533,0.26482540703879465,35,8,100.49578857421875,-0.00047034230467724036,0.00931943953037262,-18.206687927246094,-0.43660736083984375,-2.735965032577512,-11.395759344100952,-0.1039401650852626,True
1.3.6.1.4.1.14519.5.2.1.6279.6001.249404938669582150398726875826,0.31704318936877074,0.25164470076560974,172.57164001464844,39.793758392333984,3.4355591034889224,4.358248233795166,0.4592245952431401,4,8,111.0,0.5560963455149501,0.23582540452480316,129.37831115722656,25.17697525024414,3.5750027441978465,7.206664562225342,0.35494622558222877,35,8,127.72505187988281,0.2390531561461794,-0.01581929624080658,-43.193328857421875,-14.616783142089844,0.13944364070892412,2.848416328430176,-0.10427836966091131,True
1.3.6.1.4.1.14519.5.2.1.6279.6001.286061375572911414226912429210,0.6771309685658963,0.2471628338098526,158.21981811523438,27.99103546142578,7.2544534206390665,16.014944076538086,0.5279835036065852,35,8,124.0,0.6549870226177233,0.24569739401340485,153.60482788085938,22.063386917114258,3.727202570438387,12.980881690979004,0.4112836598157883,35,8,152.34613037109375,-0.022143945948172927,-0.001465439796447754,-4.614990234375,-5.927648544311523,-3.5272508502006796,-3.034062385559082,-0.1166998437907969,True
1.3.6.1.4.1.14519.5.2.1.6279.6001.280125803152924778388346920341,0.4858859416856351,0.21435968577861786,156.24244689941406,26.58165740966797,3.553157377243033,6.329243183135986,0.3826992255846657,3,8,90.0,0.5075486598225484,0.22011084854602814,95.76787567138672,23.69719886779785,2.7536242485046385,10.141494750976562,0.2630101522869534,35,8,93.0503921508789,0.021662718136913284,0.005751162767410278,-60.474571228027344,-2.884458541870117,-0.7995331287383944,3.812251567840576,-0.11968907329771228,True
1.3.6.1.4.1.14519.5.2.1.6279.6001.106379658920626694402549886949,0.4857724706100157,0.22062456607818604,56.17350769042969,10.57480239868164,0.688099913597107,0.7169272303581238,0.13015435164239672,2,8,55.0,0.5245394797741368,0.22367076575756073,3.3524932861328125,0.8610141277313232,0.07389994695782662,0.09987874329090118,0.009039528969758086,5,8,0.0,0.038767009164121125,0.003046199679374695,-52.821014404296875,-9.713788270950317,-0.6141999666392803,-0.6170484870672226,-0.12111482267263864,True
1.3.6.1.4.1.14519.5.2.1.6279.6001.264090899378396711987322794314,0.614032326602559,0.22334982454776764,177.08206176757812,31.170238494873047,5.600187482833863,11.729715347290039,0.4993006251970927,15,8,154.0,0.39471820456727363,0.23455753922462463,140.81402587890625,19.437744140625,3.9214291143417395,6.322668075561523,0.37155035896831096,35,8,140.31771850585938,-0.21931412203528539,0.011207714676856995,-36.268035888671875,-11.732494354248047,-1.6787583684921232,-5.407047271728516,-0.12775026622878172,True
1.3.6.1.4.1.14519.5.2.1.6279.6001.312704771348460502013249647868,0.5162623300453213,0.23922386765480042,155.39639282226562,31.0003719329834,3.0325005412101733,4.555327415466309,0.3820101894405153,3,8,85.0,0.5655691815515862,0.2206958383321762,99.2353286743164,20.16295051574707,2.3113357329368585,3.362999439239502,0.2466318647517098,35,8,97.54104614257812,0.049306851506264904,-0.018528029322624207,-56.16106414794922,-10.837421417236328,-0.7211648082733149,-1.1923279762268066,-0.13537832468880548,True
1.3.6.1.4.1.14519.5.2.1.6279.6001.159665703190517688573100822213,0.599737899702953,0.22499330341815948,65.94944763183594,13.574397087097168,1.920381313562393,2.0609207153320312,0.1810063811606831,20,8,61.0,0.5082648960335489,0.23207734525203705,16.331756591796875,4.369447231292725,0.23711807176470756,0.250311017036438,0.03852933419429593,10,8,16.195755004882812,-0.09147300366940414,0.0070840418338775635,-49.61769104003906,-9.204949855804443,-1.6832632417976856,-1.8106096982955933,-0.14247704696638716,True
1.3.6.1.4.1.14519.5.2.1.6279.6001.910435939545691201820711078950,0.6414055557701966,0.23307949304580688,166.98931884765625,34.740928649902344,2.557328939437858,3.888275384902954,0.4014371355374652,7,8,155.0,0.6318239771278445,0.2300473004579544,101.79027557373047,20.281307220458984,1.8297279417514787,2.577254295349121,0.25728915931781127,35,8,100.64347839355469,-0.009581578642352095,-0.003032192587852478,-65.19904327392578,-14.45962142944336,-0.7276009976863795,-1.311021089553833,-0.14414797621965392,True
1.3.6.1.4.1.14519.5.2.1.6279.6001.213140617640021803112060161074,0.601519227725906,0.26260843873023987,167.51193237304688,29.993642807006836,3.9400810718536405,5.6126484870910645,0.4355343184471131,3,8,108.0,0.5944154314149567,0.2590245306491852,120.98677825927734,24.517425537109375,2.0858084917068482,2.5967531204223633,0.2830371343559689,35,8,120.63055419921875,-0.007103796310949373,-0.0035839080810546875,-46.52515411376953,-5.476217269897461,-1.8542725801467923,-3.015895366668701,-0.1524971840911442,True
1.3.6.1.4.1.14519.5.2.1.6279.6001.176030616406569931557298712518,0.6088011088011088,0.22762876749038696,181.2041015625,34.353187561035156,3.9376855731010303,5.405879974365234,0.47638811520735375,12,8,142.0,0.603531416031416,0.22227035462856293,106.26995086669922,18.950647354125977,3.5939273095130893,8.714900970458984,0.31637156158818136,35,8,96.30046081542969,-0.005269692769692802,-0.005358412861824036,-74.93415069580078,-15.40254020690918,-0.34375826358794104,3.30902099609375,-0.16001655361917239,True
1.3.6.1.4.1.14519.5.2.1.6279.6001.111496024928645603833332252962,0.6019312178567681,0.23682905733585358,70.42543029785156,11.491338729858398,1.1781228780746456,1.6699758768081665,0.17077549311849802,3,8,66.0,0.5942693209250254,0.2401108592748642,2.4336013793945312,0.6209103465080261,0.07126104198396205,0.10094629973173141,0.0072486872230139035,5,8,0.0,-0.007661896931742684,0.00328180193901062,-67.99182891845703,-10.870428383350372,-1.1068618360906834,-1.569029577076435,-0.1635268058954841,True
1.3.6.1.4.1.14519.5.2.1.6279.6001.232058316950007760548968840196,0.5044375216337833,0.24062800407409668,128.20249938964844,25.104822158813477,4.477581996917688,22.41912078857422,0.39723428889380447,15,8,51.0,0.5301488404292143,0.2263423204421997,79.98641204833984,14.325109481811523,1.939381008148187,2.6865127086639404,0.21644484017690002,35,8,78.1749267578125,0.025711318795430982,-0.014285683631896973,-48.216087341308594,-10.779712677001953,-2.5382009887695007,-19.73260807991028,-0.18078944871690444,True
1.3.6.1.4.1.14519.5.2.1.6279.6001.230416590143922549745658357505,0.6077721184682136,0.28019294142723083,192.5562286376953,35.05073928833008,4.287145404815671,5.338504314422607,0.4917176522784762,2,8,139.0,0.3982267496698736,0.22387607395648956,107.67155456542969,13.748028755187988,2.7471115875243868,18.151580810546875,0.2874618599785691,35,8,96.6477279663086,-0.20954536879833996,-0.05631686747074127,-84.88467407226562,-21.30271053314209,-1.5400338172912846,12.813076496124268,-0.2042557922999071,True
1.3.6.1.4.1.14519.5.2.1.6279.6001.306112617218006614029386065035,0.5217970561483968,0.2232917696237564,163.8870391845703,33.87179183959961,6.352292060852026,18.7426700592041,0.5079507901933451,40,8,115.0,0.566172608600966,0.22889287769794464,121.31515502929688,20.59348487854004,2.1273090362548803,6.725116729736328,0.2870682423909504,35,8,116.82185363769531,0.04437555245256919,0.005601108074188232,-42.57188415527344,-13.27830696105957,-4.224983024597146,-12.017553329467773,-0.2208825478023947,True
1.3.6.1.4.1.14519.5.2.1.6279.6001.100684836163890911914061745866,0.6419223300970873,0.2301759123802185,175.97366333007812,21.6846981048584,8.038300533294723,39.010986328125,0.555755771573386,30,8,125.0,0.6547766990291262,0.23164397478103638,119.93851470947266,26.223499298095703,2.95622535943985,3.439194679260254,0.31050103080272673,35,8,119.45435333251953,0.01285436893203884,0.001468062400817871,-56.03514862060547,4.538801193237305,-5.082075173854873,-35.571791648864746,-0.24525474077065923,True
1.3.6.1.4.1.14519.5.2.1.6279.6001.592821488053137951302246128864,0.5071138211382114,0.23219041526317596,116.02509307861328,21.079587936401367,2.4039399409294133,2.8424723148345947,0.271645364912351,2,8,98.0,0.5445339721254355,0.22061948478221893,5.7893524169921875,1.4485390186309814,0.10442197106778624,0.12700055539608002,0.014138232802102964,10,8,5.74212646484375,0.03742015098722418,-0.011570930480957031,-110.2357406616211,-19.631048917770386,-2.2995179698616273,-2.7154717594385147,-0.257507132110248,True
1.3.6.1.4.1.14519.5.2.1.6279.6001.307946352302138765071461362398,0.5941483936766956,0.24240484833717346,203.17910766601562,31.454851150512695,7.273644814491247,17.639331817626953,0.6083895083480404,25,8,130.0,0.573097271800102,0.24934303760528564,145.15138244628906,33.142391204833984,2.506334037780761,8.549978256225586,0.34486646274990507,25,8,144.53399658203125,-0.021051121876593637,0.006938189268112183,-58.02772521972656,1.687540054321289,-4.767310776710486,-9.089353561401367,-0.26352304559813533,True
1.3.6.1.4.1.14519.5.2.1.6279.6001.111780708132595903430640048766,0.48172208764589297,0.2423170506954193,322.424560546875,67.52570343017578,10.119209146499749,78.47962188720703,0.9106935627725423,20,8,104.0,0.6092270425016516,0.23513755202293396,142.29566955566406,28.119726181030273,1.9583285284042362,2.5695745944976807,0.3346298895570967,35,8,141.99554443359375,0.12750495485575863,-0.0071794986724853516,-180.12889099121094,-39.40597724914551,-8.160880618095513,-75.91004729270935,-0.5760636732154456,True
1.3.6.1.4.1.14519.5.2.1.6279.6001.116703382344406837243058680403,0.5943282058759204,0.25310593843460083,290.0,55.91830062866211,8.584789810180697,36.23810958862305,0.788308757273357,10,8,140.0,0.6793467959466356,0.22737497091293335,81.1178207397461,16.84187126159668,0.8295383024215699,0.8528083562850952,0.18154958384301928,10,8,81.01203918457031,0.08501859007071522,-0.02573096752166748,-208.8821792602539,-39.07642936706543,-7.755251507759127,-35.38530123233795,-0.6067591734303377,True
1.3.6.1.4.1.14519.5.2.1.6279.6001.331211682377519763144559212009,0.38433868289983397,0.23566687107086182,257.4156494140625,45.80836486816406,13.430771493911779,50.59560775756836,0.9087434827486685,10,8,78.0,0.6004624871531347,0.23079536855220795,99.5799789428711,17.067901611328125,3.6092784047126867,13.234729766845703,0.28793919058640827,35,8,93.88095092773438,0.2161238042533007,-0.00487150251865387,-157.8356704711914,-28.740463256835938,-9.821493089199093,-37.360877990722656,-0.6208042921622602,True
