seriesuid,region_index,group,status,rel_z,rel_y,rel_x,z_span,y_span,x_span
1.3.6.1.4.1.14519.5.2.1.6279.6001.100225287222365663678666836860,0,with_nodules_real,with_nodules,0.39104477611940297,0.43553719638792937,0.08244648038065032,0.0,4.0,4.0
1.3.6.1.4.1.14519.5.2.1.6279.6001.100225287222365663678666836860,1,with_nodules_real,with_nodules,0.6029850746268657,0.28394333390164966,0.7935779816513762,0.0,2.0,3.0
1.3.6.1.4.1.14519.5.2.1.6279.6001.100332161840553388986847034053,0,without_nodules_pseudo,without_nodules,0.7072243346007605,0.5454545454545454,0.2664233576642336,0.0,34.0,34.0
1.3.6.1.4.1.14519.5.2.1.6279.6001.100332161840553388986847034053,1,without_nodules_pseudo,without_nodules,0.4220532319391635,0.7727272727272727,0.708029197080292,0.0,22.0,22.0
1.3.6.1.4.1.14519.5.2.1.6279.6001.100332161840553388986847034053,2,without_nodules_pseudo,without_nodules,0.5475285171102662,0.6363636363636364,0.22262773722627738,0.0,36.0,36.0
1.3.6.1.4.1.14519.5.2.1.6279.6001.100398138793540579077826395208,0,with_nodules_real,with_nodules,0.569811320754717,0.6298094073545586,0.8044885117768354,0.0,4.0,4.0
1.3.6.1.4.1.14519.5.2.1.6279.6001.100530488926682752765845212286,0,without_nodules_pseudo,without_nodules,0.7892857142857143,0.6505376344086021,0.2891156462585034,0.0,40.0,40.0
1.3.6.1.4.1.14519.5.2.1.6279.6001.100530488926682752765845212286,1,without_nodules_pseudo,without_nodules,0.6035714285714285,0.46774193548387094,0.1870748299319728,0.0,38.0,38.0
1.3.6.1.4.1.14519.5.2.1.6279.6001.100620385482151095585000946543,0,without_nodules_pseudo,without_nodules,0.6392857142857142,0.36,0.2090032154340836,0.0,38.0,38.0
1.3.6.1.4.1.14519.5.2.1.6279.6001.100621383016233746780170740405,0,with_nodules_real,with_nodules,0.7325581395348837,0.5352941176470588,0.39473684210526316,0.0,16.0,13.0
1.3.6.1.4.1.14519.5.2.1.6279.6001.100621383016233746780170740405,1,with_nodules_real,with_nodules,0.6511627906976745,0.39705882352941174,0.7530364372469636,0.0,15.0,14.0
1.3.6.1.4.1.14519.5.2.1.6279.6001.100621383016233746780170740405,2,with_nodules_real,with_nodules,0.31007751937984496,0.6758572746725643,0.7473185303722799,0.0,13.0,12.0
1.3.6.1.4.1.14519.5.2.1.6279.6001.100621383016233746780170740405,3,with_nodules_real,with_nodules,0.7906976744186046,0.6508324118221507,0.2877549391526442,0.0,6.0,6.0
1.3.6.1.4.1.14519.5.2.1.6279.6001.100684836163890911914061745866,0,without_nodules_pseudo,without_nodules,0.5490909090909091,0.28780487804878047,0.3493975903614458,0.0,28.0,28.0
1.3.6.1.4.1.14519.5.2.1.6279.6001.100684836163890911914061745866,1,without_nodules_pseudo,without_nodules,0.31636363636363635,0.824390243902439,0.6907630522088354,0.0,20.0,20.0
1.3.6.1.4.1.14519.5.2.1.6279.6001.100684836163890911914061745866,2,without_nodules_pseudo,without_nodules,0.7709090909090909,0.4097560975609756,0.3092369477911647,0.0,18.0,18.0
1.3.6.1.4.1.14519.5.2.1.6279.6001.100684836163890911914061745866,3,without_nodules_pseudo,without_nodules,0.5963636363636363,0.8731707317073171,0.6265060240963856,0.0,27.0,32.0
1.3.6.1.4.1.14519.5.2.1.6279.6001.100684836163890911914061745866,4,without_nodules_pseudo,without_nodules,0.6727272727272727,0.33170731707317075,0.26104417670682734,0.0,22.0,22.0
1.3.6.1.4.1.14519.5.2.1.6279.6001.100684836163890911914061745866,5,without_nodules_pseudo,without_nodules,0.46545454545454545,0.824390243902439,0.7710843373493976,0.0,38.0,38.0
1.3.6.1.4.1.14519.5.2.1.6279.6001.100953483028192176989979435275,0,with_nodules_real,with_nodules,0.5265151515151515,0.5944444565545945,0.7487581102110499,0.0,8.0,8.0
1.3.6.1.4.1.14519.5.2.1.6279.6001.101228986346984399347858840086,0,without_nodules_pseudo,without_nodules,0.5090252707581228,0.7577319587628866,0.8461538461538461,2.0,25.0,22.0
1.3.6.1.4.1.14519.5.2.1.6279.6001.102133688497886810253331438797,0,without_nodules_pseudo,without_nodules,0.5387453874538746,0.7717391304347826,0.8333333333333334,2.0,30.0,22.0
1.3.6.1.4.1.14519.5.2.1.6279.6001.102681962408431413578140925249,0,with_nodules_real,with_nodules,0.8616352201257862,0.5177759598712532,0.7716499818574398,0.0,18.0,16.0
1.3.6.1.4.1.14519.5.2.1.6279.6001.103115201714075993579787468219,0,without_nodules_pseudo,without_nodules,0.5261194029850746,0.31100478468899523,0.3225806451612903,0.0,34.0,34.0
1.3.6.1.4.1.14519.5.2.1.6279.6001.103115201714075993579787468219,1,without_nodules_pseudo,without_nodules,0.2835820895522388,0.7751196172248804,0.6806451612903226,0.0,16.0,16.0
1.3.6.1.4.1.14519.5.2.1.6279.6001.104562737760173137525888934217,0,with_nodules_real,with_nodules,0.3872340425531915,0.3950597956317112,0.14474678645058284,0.0,8.0,7.0
1.3.6.1.4.1.14519.5.2.1.6279.6001.104780906131535625872840889059,0,without_nodules_pseudo,without_nodules,0.5521885521885522,0.7029702970297029,0.21153846153846154,0.0,34.0,34.0
1.3.6.1.4.1.14519.5.2.1.6279.6001.104780906131535625872840889059,1,without_nodules_pseudo,without_nodules,0.7205387205387206,0.6039603960396039,0.3525641025641026,0.0,40.0,40.0
1.3.6.1.4.1.14519.5.2.1.6279.6001.105495028985881418176186711228,0,with_nodules_real,with_nodules,0.41452991452991456,0.6253272627042309,0.11039818513108601,0.0,7.0,7.0
1.3.6.1.4.1.14519.5.2.1.6279.6001.105756658031515062000744821260,0,without_nodules_pseudo,without_nodules,0.2789115646258503,0.631336405529954,0.34097421203438394,0.0,18.0,18.0
1.3.6.1.4.1.14519.5.2.1.6279.6001.105756658031515062000744821260,1,without_nodules_pseudo,without_nodules,0.5238095238095238,0.5576036866359447,0.7936962750716332,0.0,18.0,18.0
1.3.6.1.4.1.14519.5.2.1.6279.6001.106164978370116976238911317774,0,with_nodules_real,with_nodules,0.3346613545816733,0.6170792154746481,0.4834494773519164,0.0,5.0,5.0
1.3.6.1.4.1.14519.5.2.1.6279.6001.106379658920626694402549886949,0,with_nodules_real,with_nodules,0.4100418410041841,0.8530927835051546,0.20833333333333334,0.0,5.0,4.0
1.3.6.1.4.1.14519.5.2.1.6279.6001.106379658920626694402549886949,1,with_nodules_real,with_nodules,0.6401673640167364,0.3577319666282418,0.20797102002130038,0.0,2.0,3.0
1.3.6.1.4.1.14519.5.2.1.6279.6001.106419850406056634877579573537,0,without_nodules_pseudo,without_nodules,0.5125,0.5502008032128514,0.13903743315508021,0.0,32.0,32.0
1.3.6.1.4.1.14519.5.2.1.6279.6001.106419850406056634877579573537,1,without_nodules_pseudo,without_nodules,0.528125,0.7751004016064257,0.26737967914438504,0.0,32.0,32.0
1.3.6.1.4.1.14519.5.2.1.6279.6001.106630482085576298661469304872,0,with_nodules_real,with_nodules,0.4782608695652174,0.638924654198702,0.2099873274564743,0.0,5.0,5.0
1.3.6.1.4.1.14519.5.2.1.6279.6001.106719103982792863757268101375,0,with_nodules_real,with_nodules,0.5195729537366548,0.543144702911377,0.18602955770149504,0.0,11.0,10.0
1.3.6.1.4.1.14519.5.2.1.6279.6001.107109359065300889765026303943,0,with_nodules_real,with_nodules,0.2613240418118467,0.13690476064328794,0.2013392925262451,0.0,15.0,13.0
1.3.6.1.4.1.14519.5.2.1.6279.6001.107351566259572521472765997306,0,with_nodules_real,with_nodules,0.40707964601769914,0.8390341745295995,0.2261029411764706,0.0,6.0,6.0
1.3.6.1.4.1.14519.5.2.1.6279.6001.107351566259572521472765997306,1,with_nodules_real,with_nodules,0.42035398230088494,0.5258215962441315,0.08366212424109964,0.0,6.0,4.0
1.3.6.1.4.1.14519.5.2.1.6279.6001.107351566259572521472765997306,2,with_nodules_real,with_nodules,0.46017699115044247,0.8294209941452098,0.7823529523961684,0.0,4.0,5.0
1.3.6.1.4.1.14519.5.2.1.6279.6001.107351566259572521472765997306,3,with_nodules_real,with_nodules,0.2610619469026549,0.3748645692923819,0.8515271579518038,0.0,4.0,4.0
1.3.6.1.4.1.14519.5.2.1.6279.6001.107351566259572521472765997306,4,with_nodules_real,with_nodules,0.3893805309734513,0.3908450704225352,0.9292279411764706,0.0,4.0,3.0
1.3.6.1.4.1.14519.5.2.1.6279.6001.107351566259572521472765997306,5,with_nodules_real,with_nodules,0.3274336283185841,0.9035993405910725,0.3083333408131319,0.0,3.0,3.0
1.3.6.1.4.1.14519.5.2.1.6279.6001.108193664222196923321844991231,0,without_nodules_pseudo,without_nodules,0.42560553633217996,0.8305084745762712,0.6704119850187266,0.0,28.0,28.0
1.3.6.1.4.1.14519.5.2.1.6279.6001.108193664222196923321844991231,1,without_nodules_pseudo,without_nodules,0.47058823529411764,0.5141242937853108,0.8913857677902621,0.0,22.0,22.0
1.3.6.1.4.1.14519.5.2.1.6279.6001.108197895896446896160048741492,0,with_nodules_real,with_nodules,0.2837370242214533,0.8695584989441227,0.15726396125229225,0.0,4.0,5.0
1.3.6.1.4.1.14519.5.2.1.6279.6001.108231420525711026834210228428,0,with_nodules_real,with_nodules,0.7075812274368231,0.7366506842118276,0.6269783089588479,0.0,5.0,4.0
1.3.6.1.4.1.14519.5.2.1.6279.6001.109002525524522225658609808059,0,with_nodules_real,with_nodules,0.4292929292929293,0.579384506389659,0.9031457733689693,0.0,11.0,9.0
1.3.6.1.4.1.14519.5.2.1.6279.6001.109002525524522225658609808059,1,with_nodules_real,with_nodules,0.35858585858585856,0.732258048108829,0.860526302404571,0.0,3.0,4.0
1.3.6.1.4.1.14519.5.2.1.6279.6001.109882169963817627559804568094,0,without_nodules_pseudo,without_nodules,0.6727272727272727,0.3333333333333333,0.2581818181818182,0.0,22.0,22.0
1.3.6.1.4.1.14519.5.2.1.6279.6001.109882169963817627559804568094,1,without_nodules_pseudo,without_nodules,0.4290909090909091,0.5714285714285714,0.8327272727272728,0.0,38.0,38.0
1.3.6.1.4.1.14519.5.2.1.6279.6001.110678335949765929063942738609,0,with_nodules_real,with_nodules,0.652317880794702,0.6779931640625,0.3618352569802834,0.0,11.0,10.0
1.3.6.1.4.1.14519.5.2.1.6279.6001.111017101339429664883879536171,0,without_nodules_pseudo,without_nodules,0.7695852534562212,0.6318407960199005,0.1843137254901961,1.0,20.0,15.0
1.3.6.1.4.1.14519.5.2.1.6279.6001.111017101339429664883879536171,1,without_nodules_pseudo,without_nodules,0.5069124423963134,0.22885572139303484,0.26666666666666666,0.0,32.0,32.0
1.3.6.1.4.1.14519.5.2.1.6279.6001.111172165674661221381920536987,0,with_nodules_real,with_nodules,0.31475409836065577,0.8088029844571004,0.8735955056179775,0.0,3.0,3.0
1.3.6.1.4.1.14519.5.2.1.6279.6001.111258527162678142285870245028,0,with_nodules_real,with_nodules,0.8888888888888888,0.6167630468096051,0.31386212800678454,0.0,8.0,7.0
1.3.6.1.4.1.14519.5.2.1.6279.6001.111258527162678142285870245028,1,with_nodules_real,with_nodules,0.4827586206896552,0.7495941434587751,0.18628388789662143,0.0,4.0,4.0
1.3.6.1.4.1.14519.5.2.1.6279.6001.111496024928645603833332252962,0,with_nodules_real,with_nodules,0.23703703703703705,0.6162046745641908,0.8964876756600454,0.0,4.0,3.0
1.3.6.1.4.1.14519.5.2.1.6279.6001.111496024928645603833332252962,1,with_nodules_real,with_nodules,0.48148148148148145,0.8905472636815921,0.5957446808510638,0.0,4.0,3.0
1.3.6.1.4.1.14519.5.2.1.6279.6001.111496024928645603833332252962,2,with_nodules_real,with_nodules,0.34444444444444444,0.520474562004431,0.891434798003934,0.0,3.0,2.0
1.3.6.1.4.1.14519.5.2.1.6279.6001.111780708132595903430640048766,0,without_nodules_pseudo,without_nodules,0.7492260061919505,0.5756302521008403,0.7976539589442815,0.0,26.0,26.0
1.3.6.1.4.1.14519.5.2.1.6279.6001.111780708132595903430640048766,1,without_nodules_pseudo,without_nodules,0.44272445820433437,0.5336134453781513,0.7947214076246334,0.0,20.0,20.0
1.3.6.1.4.1.14519.5.2.1.6279.6001.111780708132595903430640048766,2,without_nodules_pseudo,without_nodules,0.6068111455108359,0.4789915966386555,0.34310850439882695,0.0,34.0,34.0
1.3.6.1.4.1.14519.5.2.1.6279.6001.111780708132595903430640048766,3,without_nodules_pseudo,without_nodules,0.42724458204334365,0.8991596638655462,0.2756598240469208,0.0,22.0,24.0
1.3.6.1.4.1.14519.5.2.1.6279.6001.112740418331256326754121315800,0,with_nodules_real,with_nodules,0.7550335570469798,0.7512801597858297,0.6767711162567138,0.0,26.0,22.0
1.3.6.1.4.1.14519.5.2.1.6279.6001.112740418331256326754121315800,1,with_nodules_real,with_nodules,0.7516778523489933,0.30243294814537314,0.3379305601119995,0.0,14.0,13.0
1.3.6.1.4.1.14519.5.2.1.6279.6001.112767175295249119452142211437,0,with_nodules_real,with_nodules,0.5477178423236515,0.582290789402953,0.8421249389648438,0.0,7.0,6.0
1.3.6.1.4.1.14519.5.2.1.6279.6001.112767175295249119452142211437,1,with_nodules_real,with_nodules,0.7759336099585062,0.7301918519746273,0.6661054823133681,0.0,4.0,5.0
1.3.6.1.4.1.14519.5.2.1.6279.6001.112767175295249119452142211437,2,with_nodules_real,with_nodules,0.7468879668049793,0.7054390863541069,0.3317901234567901,0.0,4.0,4.0
1.3.6.1.4.1.14519.5.2.1.6279.6001.112767175295249119452142211437,3,with_nodules_real,with_nodules,0.4315352697095436,0.6490825688073395,0.45304234822591144,0.0,4.0,5.0
1.3.6.1.4.1.14519.5.2.1.6279.6001.112767175295249119452142211437,4,with_nodules_real,with_nodules,0.7717842323651453,0.5206422018348624,0.7561728395061729,0.0,4.0,4.0
1.3.6.1.4.1.14519.5.2.1.6279.6001.112767175295249119452142211437,5,with_nodules_real,with_nodules,0.6887966804979253,0.3922018348623853,0.20833333333333334,0.0,4.0,4.0
1.3.6.1.4.1.14519.5.2.1.6279.6001.112767175295249119452142211437,6,with_nodules_real,with_nodules,0.49377593360995853,0.3738532110091743,0.1111111111111111,0.0,3.0,3.0
1.3.6.1.4.1.14519.5.2.1.6279.6001.112767175295249119452142211437,7,with_nodules_real,with_nodules,0.7261410788381742,0.6638269686917646,0.720679012345679,0.0,2.0,3.0
1.3.6.1.4.1.14519.5.2.1.6279.6001.113586291551175790743673929831,0,without_nodules_pseudo,without_nodules,0.625,0.7372881355932204,0.24742268041237114,0.0,30.0,30.0
1.3.6.1.4.1.14519.5.2.1.6279.6001.113586291551175790743673929831,1,without_nodules_pseudo,without_nodules,0.7217741935483871,0.5,0.7319587628865979,0.0,32.0,32.0
1.3.6.1.4.1.14519.5.2.1.6279.6001.113679818447732724990336702075,0,with_nodules_real,with_nodules,0.256,0.7814076460527452,0.8161300775658993,0.0,3.0,3.0
1.3.6.1.4.1.14519.5.2.1.6279.6001.113679818447732724990336702075,1,with_nodules_real,with_nodules,0.652,0.43886620958865674,0.26783935896312916,0.0,4.0,4.0
1.3.6.1.4.1.14519.5.2.1.6279.6001.113679818447732724990336702075,2,with_nodules_real,with_nodules,0.796,0.5773480662983426,0.8396946564885496,0.0,3.0,3.0
1.3.6.1.4.1.14519.5.2.1.6279.6001.113697708991260454310623082679,0,without_nodules_pseudo,without_nodules,0.5447154471544715,0.8825910931174089,0.2710843373493976,0.0,21.0,32.0
1.3.6.1.4.1.14519.5.2.1.6279.6001.114195693932194925962391697338,0,with_nodules_real,with_nodules,0.5096153846153846,0.758495145631068,0.8477891156462585,0.0,4.0,4.0
1.3.6.1.4.1.14519.5.2.1.6279.6001.114218724025049818743426522343,0,with_nodules_real,with_nodules,0.22073578595317725,0.4077963559132702,0.1637466356351778,0.0,6.0,6.0
1.3.6.1.4.1.14519.5.2.1.6279.6001.114218724025049818743426522343,1,with_nodules_real,with_nodules,0.4180602006688963,0.5844768308243662,0.8226091954615209,0.0,6.0,5.0
1.3.6.1.4.1.14519.5.2.1.6279.6001.114218724025049818743426522343,2,with_nodules_real,with_nodules,0.35451505016722407,0.5207547241786741,0.8804112223835735,0.0,4.0,5.0
1.3.6.1.4.1.14519.5.2.1.6279.6001.114249388265341701207347458535,0,with_nodules_real,with_nodules,0.4653846153846154,0.37599372030866196,0.22126591288960062,0.0,5.0,6.0
1.3.6.1.4.1.14519.5.2.1.6279.6001.114249388265341701207347458535,1,with_nodules_real,with_nodules,0.7538461538461538,0.7161572052401747,0.7954545454545454,0.0,4.0,4.0
1.3.6.1.4.1.14519.5.2.1.6279.6001.114249388265341701207347458535,2,with_nodules_real,with_nodules,0.8692307692307693,0.7645891347826829,0.3429752163120083,0.0,4.0,4.0
1.3.6.1.4.1.14519.5.2.1.6279.6001.114914167428485563471327801935,0,with_nodules_real,with_nodules,0.8842105263157894,0.4566487006421359,0.39375966206354357,0.0,5.0,5.0
1.3.6.1.4.1.14519.5.2.1.6279.6001.114914167428485563471327801935,1,with_nodules_real,with_nodules,0.8350877192982457,0.6179245283018868,0.2563176895306859,0.0,4.0,3.0
1.3.6.1.4.1.14519.5.2.1.6279.6001.115386642382564804180764325545,0,with_nodules_real,with_nodules,0.27181208053691275,0.714804484926421,0.8012555309177674,0.0,10.0,9.0
1.3.6.1.4.1.14519.5.2.1.6279.6001.116097642684124305074876564522,0,without_nodules_pseudo,without_nodules,0.3816793893129771,0.7203791469194313,0.815068493150685,0.0,22.0,22.0
1.3.6.1.4.1.14519.5.2.1.6279.6001.116492508532884962903000261147,0,without_nodules_pseudo,without_nodules,0.3591331269349845,0.8198198198198198,0.20408163265306123,0.0,36.0,36.0
1.3.6.1.4.1.14519.5.2.1.6279.6001.116492508532884962903000261147,1,without_nodules_pseudo,without_nodules,0.46439628482972134,0.7927927927927928,0.1564625850340136,0.0,34.0,24.0
1.3.6.1.4.1.14519.5.2.1.6279.6001.116703382344406837243058680403,0,without_nodules_pseudo,without_nodules,0.25862068965517243,0.6822429906542056,0.2138364779874214,0.0,18.0,18.0
1.3.6.1.4.1.14519.5.2.1.6279.6001.116703382344406837243058680403,1,without_nodules_pseudo,without_nodules,0.7413793103448276,0.7289719626168224,0.2672955974842767,6.0,31.0,33.0
1.3.6.1.4.1.14519.5.2.1.6279.6001.117040183261056772902616195387,0,with_nodules_real,with_nodules,0.3729903536977492,0.6685808289725825,0.6949404761904762,0.0,9.0,7.0
1.3.6.1.4.1.14519.5.2.1.6279.6001.117040183261056772902616195387,1,with_nodules_real,with_nodules,0.2315112540192926,0.8564800766279113,0.7916666666666666,0.0,7.0,6.0
1.3.6.1.4.1.14519.5.2.1.6279.6001.117040183261056772902616195387,2,with_nodules_real,with_nodules,0.41479099678456594,0.8419811320754716,0.18154761904761904,0.0,3.0,3.0
1.3.6.1.4.1.14519.5.2.1.6279.6001.117040183261056772902616195387,3,with_nodules_real,with_nodules,0.17363344051446947,0.6578616016315963,0.4319444383893694,0.0,3.0,3.0
1.3.6.1.4.1.14519.5.2.1.6279.6001.117040183261056772902616195387,4,with_nodules_real,with_nodules,0.18971061093247588,0.7900943396226415,0.1675170035589309,0.0,3.0,2.0
1.3.6.1.4.1.14519.5.2.1.6279.6001.117383608379722740629083782428,0,without_nodules_pseudo,without_nodules,0.5427509293680297,0.7010869565217391,0.1971326164874552,0.0,38.0,38.0
1.3.6.1.4.1.14519.5.2.1.6279.6001.118140393257625250121502185026,0,with_nodules_real,with_nodules,0.1830065359477124,0.8761246501026065,0.3454810495626822,0.0,7.0,8.0
1.3.6.1.4.1.14519.5.2.1.6279.6001.118140393257625250121502185026,1,with_nodules_real,with_nodules,0.28431372549019607,0.5066331432711694,0.05000441971047627,0.0,8.0,6.0
1.3.6.1.4.1.14519.5.2.1.6279.6001.118140393257625250121502185026,2,with_nodules_real,with_nodules,0.4477124183006536,0.5603050899945097,0.11581380860798561,0.0,5.0,4.0
1.3.6.1.4.1.14519.5.2.1.6279.6001.119209873306155771318545953948,0,with_nodules_real,with_nodules,0.33448275862068966,0.1880952380952381,0.37796610169491524,0.0,5.0,4.0
1.3.6.1.4.1.14519.5.2.1.6279.6001.119209873306155771318545953948,1,with_nodules_real,with_nodules,0.496551724137931,0.17880183628627233,0.24209951627052437,0.0,5.0,4.0
1.3.6.1.4.1.14519.5.2.1.6279.6001.119304665257760307862874140576,0,with_nodules_real,with_nodules,0.16554054054054054,0.5137496874170396,0.05993465800861736,0.0,12.0,11.0
1.3.6.1.4.1.14519.5.2.1.6279.6001.119515474430718803379832249911,0,with_nodules_real,with_nodules,0.825,0.6704093424479166,0.80633623931786,0.0,3.0,4.0
1.3.6.1.4.1.14519.5.2.1.6279.6001.119806527488108718706404165837,0,with_nodules_real,with_nodules,0.24758842443729903,0.1693827141655816,0.22427349384014422,0.0,4.0,5.0
1.3.6.1.4.1.14519.5.2.1.6279.6001.120196332569034738680965284519,0,without_nodules_pseudo,without_nodules,0.7323943661971831,0.7755905511811023,0.2982456140350877,0.0,20.0,20.0
1.3.6.1.4.1.14519.5.2.1.6279.6001.120196332569034738680965284519,1,without_nodules_pseudo,without_nodules,0.6197183098591549,0.41338582677165353,0.6929824561403509,0.0,38.0,38.0
1.3.6.1.4.1.14519.5.2.1.6279.6001.120842785645314664964010792308,0,without_nodules_pseudo,without_nodules,0.3230240549828179,0.732620320855615,0.6466431095406361,0.0,30.0,30.0
1.3.6.1.4.1.14519.5.2.1.6279.6001.120842785645314664964010792308,1,without_nodules_pseudo,without_nodules,0.5670103092783505,0.4919786096256685,0.21908127208480566,0.0,32.0,32.0
1.3.6.1.4.1.14519.5.2.1.6279.6001.120842785645314664964010792308,2,without_nodules_pseudo,without_nodules,0.5120274914089347,0.1497326203208556,0.5936395759717314,4.0,28.0,37.0
1.3.6.1.4.1.14519.5.2.1.6279.6001.120842785645314664964010792308,3,without_nodules_pseudo,without_nodules,0.5257731958762887,0.679144385026738,0.15901060070671377,1.0,28.0,20.0
1.3.6.1.4.1.14519.5.2.1.6279.6001.121108220866971173712229588402,0,with_nodules_real,with_nodules,0.6708860759493671,0.23943661971830985,0.1618705035971223,0.0,4.0,3.0
1.3.6.1.4.1.14519.5.2.1.6279.6001.121391737347333465796214915391,0,with_nodules_real,with_nodules,0.6021505376344086,0.21267779056842512,0.6200675132490021,0.0,19.0,17.0
1.3.6.1.4.1.14519.5.2.1.6279.6001.121805476976020513950614465787,0,without_nodules_pseudo,without_nodules,0.8373702422145328,0.7224669603524229,0.6764705882352942,0.0,34.0,34.0
1.3.6.1.4.1.14519.5.2.1.6279.6001.121824995088859376862458155637,0,with_nodules_real,with_nodules,0.6831683168316832,0.5481859237428696,0.15219111141572364,0.0,4.0,3.0
1.3.6.1.4.1.14519.5.2.1.6279.6001.121824995088859376862458155637,1,with_nodules_real,with_nodules,0.7458745874587459,0.6527777777777778,0.7085904346352003,0.0,3.0,2.0
1.3.6.1.4.1.14519.5.2.1.6279.6001.121993590721161347818774929286,0,with_nodules_real,with_nodules,0.29283489096573206,0.708994708994709,0.20877192982456141,0.0,12.0,10.0
1.3.6.1.4.1.14519.5.2.1.6279.6001.121993590721161347818774929286,1,with_nodules_real,with_nodules,0.3707165109034268,0.7046087355840773,0.3479686000890899,0.0,11.0,10.0
1.3.6.1.4.1.14519.5.2.1.6279.6001.122621219961396951727742490470,0,with_nodules_real,with_nodules,0.27946127946127947,0.39837464528103755,0.29700209511010667,0.0,11.0,11.0
1.3.6.1.4.1.14519.5.2.1.6279.6001.122763913896761494371822656720,0,without_nodules_pseudo,without_nodules,0.5633333333333334,0.5604395604395604,0.148014440433213,3.0,38.0,33.0
1.3.6.1.4.1.14519.5.2.1.6279.6001.122914038048856168343065566972,0,with_nodules_real,with_nodules,0.3064516129032258,0.34287261962890625,0.08814448948147931,0.0,6.0,5.0
1.3.6.1.4.1.14519.5.2.1.6279.6001.122914038048856168343065566972,1,with_nodules_real,with_nodules,0.24193548387096775,0.7594302029079861,0.09769555586802808,0.0,5.0,5.0
1.3.6.1.4.1.14519.5.2.1.6279.6001.122914038048856168343065566972,2,with_nodules_real,with_nodules,0.3580645161290323,0.8261728244357639,0.7844584984115407,0.0,4.0,5.0
1.3.6.1.4.1.14519.5.2.1.6279.6001.122914038048856168343065566972,3,with_nodules_real,with_nodules,0.2967741935483871,0.7061728244357639,0.9098687473731705,0.0,4.0,4.0
1.3.6.1.4.1.14519.5.2.1.6279.6001.122914038048856168343065566972,4,with_nodules_real,with_nodules,0.27419354838709675,0.7344444444444445,0.09572784810126582,0.0,4.0,4.0
1.3.6.1.4.1.14519.5.2.1.6279.6001.122914038048856168343065566972,5,with_nodules_real,with_nodules,0.267741935483871,0.3929411824544271,0.24720773817617683,0.0,2.0,4.0
1.3.6.1.4.1.14519.5.2.1.6279.6001.123654356399290048011621921476,0,with_nodules_real,with_nodules,0.5738831615120275,0.6341991341991342,0.7145353113330385,0.0,3.0,4.0
1.3.6.1.4.1.14519.5.2.1.6279.6001.123654356399290048011621921476,1,with_nodules_real,with_nodules,0.35738831615120276,0.19600769967743845,0.15443745499137063,0.0,2.0,4.0
1.3.6.1.4.1.14519.5.2.1.6279.6001.123697637451437522065941162930,0,with_nodules_real,with_nodules,0.6958041958041958,0.48172328081080523,0.8368047261409622,0.0,17.0,17.0
1.3.6.1.4.1.14519.5.2.1.6279.6001.124154461048929153767743874565,0,with_nodules_real,with_nodules,0.13898305084745763,0.4891304347826087,0.9414556962025317,0.0,5.0,4.0
1.3.6.1.4.1.14519.5.2.1.6279.6001.124656777236468248920498636247,0,without_nodules_pseudo,without_nodules,0.735973597359736,0.4549019607843137,0.22285714285714286,0.0,16.0,16.0
1.3.6.1.4.1.14519.5.2.1.6279.6001.124656777236468248920498636247,1,without_nodules_pseudo,without_nodules,0.6336633663366337,0.803921568627451,0.3142857142857143,0.0,20.0,20.0
1.3.6.1.4.1.14519.5.2.1.6279.6001.124656777236468248920498636247,2,without_nodules_pseudo,without_nodules,0.5082508250825083,0.7490196078431373,0.4114285714285714,2.0,38.0,36.0
1.3.6.1.4.1.14519.5.2.1.6279.6001.124656777236468248920498636247,3,without_nodules_pseudo,without_nodules,0.5181518151815182,0.5450980392156862,0.18571428571428572,0.0,26.0,26.0
1.3.6.1.4.1.14519.5.2.1.6279.6001.124656777236468248920498636247,4,without_nodules_pseudo,without_nodules,0.6831683168316832,0.5490196078431373,0.15142857142857144,5.0,30.0,18.0
1.3.6.1.4.1.14519.5.2.1.6279.6001.124656777236468248920498636247,5,without_nodules_pseudo,without_nodules,0.48184818481848185,0.23137254901960785,0.28285714285714286,0.0,20.0,20.0
1.3.6.1.4.1.14519.5.2.1.6279.6001.124663713663969377020085460568,0,with_nodules_real,with_nodules,0.8503937007874016,0.6016260162601627,0.7103825136612022,0.0,12.0,11.0
1.3.6.1.4.1.14519.5.2.1.6279.6001.124663713663969377020085460568,1,with_nodules_real,with_nodules,0.610236220472441,0.7426889931283346,0.25740151327164446,0.0,7.0,7.0
1.3.6.1.4.1.14519.5.2.1.6279.6001.124663713663969377020085460568,2,with_nodules_real,with_nodules,0.8503937007874016,0.7421778857223387,0.3290279784489199,0.0,5.0,4.0
1.3.6.1.4.1.14519.5.2.1.6279.6001.124822907934319930841506266464,0,with_nodules_real,with_nodules,0.3944099378881988,0.9259542217691437,0.34473846435546873,0.0,4.0,4.0
1.3.6.1.4.1.14519.5.2.1.6279.6001.124822907934319930841506266464,1,with_nodules_real,with_nodules,0.5,0.923317130285365,0.3264335749699519,0.0,4.0,4.0
1.3.6.1.4.1.14519.5.2.1.6279.6001.124822907934319930841506266464,2,with_nodules_real,with_nodules,0.7515527950310559,0.29961832061068705,0.7615384615384615,0.0,3.0,3.0
1.3.6.1.4.1.14519.5.2.1.6279.6001.124822907934319930841506266464,3,with_nodules_real,with_nodules,0.40062111801242234,0.9098649352561426,0.7465088829627404,0.0,2.0,3.0
1.3.6.1.4.1.14519.5.2.1.6279.6001.124822907934319930841506266464,4,with_nodules_real,with_nodules,0.922360248447205,0.6603053435114504,0.6123076923076923,0.0,2.0,2.0
1.3.6.1.4.1.14519.5.2.1.6279.6001.125067060506283419853742462394,0,without_nodules_pseudo,without_nodules,0.5309446254071661,0.6333333333333333,0.24620060790273557,0.0,40.0,40.0
1.3.6.1.4.1.14519.5.2.1.6279.6001.125067060506283419853742462394,1,without_nodules_pseudo,without_nodules,0.28664495114006516,0.5875,0.44072948328267475,0.0,20.0,20.0
1.3.6.1.4.1.14519.5.2.1.6279.6001.125067060506283419853742462394,2,without_nodules_pseudo,without_nodules,0.504885993485342,0.36666666666666664,0.8601823708206687,0.0,24.0,24.0
1.3.6.1.4.1.14519.5.2.1.6279.6001.125124219978170516876304987559,0,with_nodules_real,with_nodules,0.8683274021352313,0.6255014813135541,0.2945441640367256,0.0,9.0,8.0
1.3.6.1.4.1.14519.5.2.1.6279.6001.125124219978170516876304987559,1,with_nodules_real,with_nodules,0.43416370106761565,0.7797619047619048,0.8651026392961877,0.0,3.0,3.0
1.3.6.1.4.1.14519.5.2.1.6279.6001.125124219978170516876304987559,2,with_nodules_real,with_nodules,0.5693950177935944,0.6111111111111112,0.8284457478005866,0.0,2.0,3.0
1.3.6.1.4.1.14519.5.2.1.6279.6001.125356649712550043958727288500,0,without_nodules_pseudo,without_nodules,0.4075342465753425,0.8533333333333334,0.707641196013289,0.0,34.0,34.0
1.3.6.1.4.1.14519.5.2.1.6279.6001.125356649712550043958727288500,1,without_nodules_pseudo,without_nodules,0.3732876712328767,0.6977777777777778,0.16611295681063123,0.0,36.0,36.0
1.3.6.1.4.1.14519.5.2.1.6279.6001.125356649712550043958727288500,2,without_nodules_pseudo,without_nodules,0.5136986301369864,0.5511111111111111,0.13953488372093023,1.0,36.0,26.0
1.3.6.1.4.1.14519.5.2.1.6279.6001.125356649712550043958727288500,3,without_nodules_pseudo,without_nodules,0.6164383561643836,0.3688888888888889,0.770764119601329,0.0,36.0,36.0
1.3.6.1.4.1.14519.5.2.1.6279.6001.126121460017257137098781143514,0,without_nodules_pseudo,without_nodules,0.5226480836236934,0.31840796019900497,0.27611940298507465,0.0,16.0,16.0
1.3.6.1.4.1.14519.5.2.1.6279.6001.126264578931778258890371755354,0,with_nodules_real,with_nodules,0.7899686520376176,0.5202467251667934,0.71749754874937,0.0,5.0,4.0
1.3.6.1.4.1.14519.5.2.1.6279.6001.126631670596873065041988320084,0,with_nodules_real,with_nodules,0.8354037267080745,0.6315079074435764,0.2696310384384054,0.0,14.0,13.0
1.3.6.1.4.1.14519.5.2.1.6279.6001.126631670596873065041988320084,1,with_nodules_real,with_nodules,0.2732919254658385,0.3791962009006076,0.7365084010244205,0.0,6.0,6.0
1.3.6.1.4.1.14519.5.2.1.6279.6001.126704785377921920210612476953,0,with_nodules_real,with_nodules,0.375,0.49669398015467964,0.87376049981601,0.0,3.0,4.0
1.3.6.1.4.1.14519.5.2.1.6279.6001.127965161564033605177803085629,0,with_nodules_real,with_nodules,0.5574468085106383,0.5125,0.14342629482071714,0.0,7.0,6.0
1.3.6.1.4.1.14519.5.2.1.6279.6001.128023902651233986592378348912,0,with_nodules_real,with_nodules,0.7321428571428571,0.8218335675763654,0.6716112330339957,0.0,8.0,7.0
1.3.6.1.4.1.14519.5.2.1.6279.6001.128059192202504367870633619224,0,with_nodules_real,with_nodules,0.6678445229681979,0.3520299196243286,0.7517241379310344,0.0,5.0,5.0
1.3.6.1.4.1.14519.5.2.1.6279.6001.128059192202504367870633619224,1,with_nodules_real,with_nodules,0.18374558303886926,0.5638503233591715,0.8123882425242457,0.0,3.0,5.0
1.3.6.1.4.1.14519.5.2.1.6279.6001.128881800399702510818644205032,0,with_nodules_real,with_nodules,0.6263345195729537,0.7918026655148237,0.20033960013554014,0.0,11.0,9.0
1.3.6.1.4.1.14519.5.2.1.6279.6001.128881800399702510818644205032,1,with_nodules_real,with_nodules,0.6192170818505338,0.643441420335036,0.12710174034381735,0.0,9.0,9.0
1.3.6.1.4.1.14519.5.2.1.6279.6001.129007566048223160327836686225,0,with_nodules_real,with_nodules,0.5355805243445693,0.8713592233009708,0.6232638888888888,0.0,5.0,4.0
1.3.6.1.4.1.14519.5.2.1.6279.6001.129007566048223160327836686225,1,with_nodules_real,with_nodules,0.5093632958801498,0.8398058252427184,0.19444444444444445,0.0,4.0,3.0
1.3.6.1.4.1.14519.5.2.1.6279.6001.129055977637338639741695800950,0,with_nodules_real,with_nodules,0.7373737373737373,0.7775330396475771,0.22168802603697166,0.0,5.0,5.0
1.3.6.1.4.1.14519.5.2.1.6279.6001.129567032250534530765928856531,0,with_nodules_real,with_nodules,0.72,0.4056603773584906,0.7569444444444444,0.0,2.0,2.0
1.3.6.1.4.1.14519.5.2.1.6279.6001.129650136453746261130135157590,0,without_nodules_pseudo,without_nodules,0.31438127090301005,0.6666666666666666,0.2413793103448276,0.0,28.0,28.0
1.3.6.1.4.1.14519.5.2.1.6279.6001.129650136453746261130135157590,1,without_nodules_pseudo,without_nodules,0.5150501672240803,0.2,0.25287356321839083,0.0,40.0,40.0
1.3.6.1.4.1.14519.5.2.1.6279.6001.129982010889624423230394257528,0,with_nodules_real,with_nodules,0.5215827338129496,0.6285046728971962,0.8878205128205128,0.0,4.0,4.0
1.3.6.1.4.1.14519.5.2.1.6279.6001.129982010889624423230394257528,1,with_nodules_real,with_nodules,0.3057553956834532,0.4107476706816771,0.3556089645776993,0.0,3.0,3.0
1.3.6.1.4.1.14519.5.2.1.6279.6001.129982010889624423230394257528,2,with_nodules_real,with_nodules,0.5971223021582733,0.7873831775700935,0.40705128205128205,0.0,3.0,3.0
1.3.6.1.4.1.14519.5.2.1.6279.6001.129982010889624423230394257528,3,with_nodules_real,with_nodules,0.18345323741007194,0.8814559651312427,0.15637652079264322,0.0,3.0,3.0
1.3.6.1.4.1.14519.5.2.1.6279.6001.130036599816889919308975074972,0,with_nodules_real,with_nodules,0.6037151702786377,0.2683982683982684,0.19129032011955016,0.0,4.0,4.0
1.3.6.1.4.1.14519.5.2.1.6279.6001.130438550890816550994739120843,0,with_nodules_real,with_nodules,0.7986577181208053,0.5442054912608157,0.7942307692307692,0.0,4.0,3.0
1.3.6.1.4.1.14519.5.2.1.6279.6001.130765375502800983459674173881,0,with_nodules_real,with_nodules,0.23507462686567165,0.5070422535211268,0.08764940239043825,0.0,4.0,3.0
1.3.6.1.4.1.14519.5.2.1.6279.6001.130765375502800983459674173881,1,with_nodules_real,with_nodules,0.2798507462686567,0.5305164319248826,0.8870400964501369,0.0,3.0,3.0
1.3.6.1.4.1.14519.5.2.1.6279.6001.131150737314367975651717513386,0,without_nodules_pseudo,without_nodules,0.4948453608247423,0.1793478260869565,0.24045801526717558,0.0,38.0,38.0
1.3.6.1.4.1.14519.5.2.1.6279.6001.131939324905446238286154504249,0,with_nodules_real,with_nodules,0.632183908045977,0.7839506141311454,0.22382786921683073,0.0,12.0,10.0
1.3.6.1.4.1.14519.5.2.1.6279.6001.131939324905446238286154504249,1,with_nodules_real,with_nodules,0.3065134099616858,0.7742817132542822,0.3169171548303152,0.0,7.0,8.0
1.3.6.1.4.1.14519.5.2.1.6279.6001.132817748896065918417924920957,0,with_nodules_real,with_nodules,0.539622641509434,0.8153515507057669,0.7608426459216717,0.0,5.0,5.0
1.3.6.1.4.1.14519.5.2.1.6279.6001.133132722052053001903031735878,0,without_nodules_pseudo,without_nodules,0.7368421052631579,0.4540540540540541,0.22382671480144403,0.0,30.0,30.0
1.3.6.1.4.1.14519.5.2.1.6279.6001.133132722052053001903031735878,1,without_nodules_pseudo,without_nodules,0.5714285714285714,0.6324324324324324,0.8050541516245487,0.0,32.0,32.0
1.3.6.1.4.1.14519.5.2.1.6279.6001.133132722052053001903031735878,2,without_nodules_pseudo,without_nodules,0.424812030075188,0.8324324324324325,0.6678700361010831,0.0,18.0,18.0
1.3.6.1.4.1.14519.5.2.1.6279.6001.133378195429627807109985347209,0,with_nodules_real,with_nodules,0.5584905660377358,0.9219573094294622,0.2902071467732888,0.0,11.0,10.0
1.3.6.1.4.1.14519.5.2.1.6279.6001.133378195429627807109985347209,1,with_nodules_real,with_nodules,0.10566037735849057,0.7857958720280573,0.37332557229434743,0.0,9.0,8.0
1.3.6.1.4.1.14519.5.2.1.6279.6001.134370886216012873213579659366,0,with_nodules_real,with_nodules,0.8617363344051447,0.6447161190473853,0.31022246738649767,0.0,7.0,7.0
1.3.6.1.4.1.14519.5.2.1.6279.6001.134370886216012873213579659366,1,with_nodules_real,with_nodules,0.3215434083601286,0.8578606993708778,0.32264150943396225,0.0,2.0,3.0
1.3.6.1.4.1.14519.5.2.1.6279.6001.134519406153127654901640638633,0,with_nodules_real,with_nodules,0.42679127725856697,0.3070262382770407,0.15752212752157183,0.0,9.0,10.0
1.3.6.1.4.1.14519.5.2.1.6279.6001.134519406153127654901640638633,1,with_nodules_real,with_nodules,0.897196261682243,0.6907603822905442,0.4081898248017724,0.0,5.0,5.0
1.3.6.1.4.1.14519.5.2.1.6279.6001.134638281277099121660656324702,0,without_nodules_pseudo,without_nodules,0.5273972602739726,0.4337899543378995,0.8292682926829268,0.0,36.0,36.0
1.3.6.1.4.1.14519.5.2.1.6279.6001.134996872583497382954024478441,0,with_nodules_real,with_nodules,0.8305785123966942,0.5675675675675675,0.28112070184004934,0.0,8.0,6.0
1.3.6.1.4.1.14519.5.2.1.6279.6001.134996872583497382954024478441,1,with_nodules_real,with_nodules,0.7892561983471075,0.7530795947925465,0.3397064208984375,0.0,5.0,7.0
1.3.6.1.4.1.14519.5.2.1.6279.6001.134996872583497382954024478441,2,with_nodules_real,with_nodules,0.5165289256198347,0.3108108108108108,0.2912280701754386,0.0,5.0,5.0
1.3.6.1.4.1.14519.5.2.1.6279.6001.134996872583497382954024478441,3,with_nodules_real,with_nodules,0.30578512396694213,0.3839785601641681,0.9359885767886513,0.0,4.0,5.0
1.3.6.1.4.1.14519.5.2.1.6279.6001.135657246677982059395844827629,0,with_nodules_real,with_nodules,0.7570422535211268,0.6919735301624644,0.17495947973125947,0.0,11.0,11.0
1.3.6.1.4.1.14519.5.2.1.6279.6001.136830368929967292376608088362,0,without_nodules_pseudo,without_nodules,0.7266881028938906,0.7675438596491229,0.3965014577259475,0.0,24.0,22.0
1.3.6.1.4.1.14519.5.2.1.6279.6001.136830368929967292376608088362,1,without_nodules_pseudo,without_nodules,0.49517684887459806,0.5482456140350878,0.2303206997084548,0.0,16.0,16.0
1.3.6.1.4.1.14519.5.2.1.6279.6001.137375498893536422914241295628,0,with_nodules_real,with_nodules,0.4175824175824176,0.8494132085101594,0.35749775025902725,0.0,4.0,4.0
1.3.6.1.4.1.14519.5.2.1.6279.6001.137763212752154081977261297097,0,with_nodules_real,with_nodules,0.363265306122449,0.7322155528091358,0.17998798990744622,0.0,15.0,13.0
1.3.6.1.4.1.14519.5.2.1.6279.6001.137763212752154081977261297097,1,with_nodules_real,with_nodules,0.37551020408163266,0.586888947555323,0.09984661221091723,0.0,9.0,8.0
1.3.6.1.4.1.14519.5.2.1.6279.6001.137773550852881583165286615668,0,with_nodules_real,with_nodules,0.47924528301886793,0.26987825647444175,0.8696835282920063,0.0,15.0,12.0
1.3.6.1.4.1.14519.5.2.1.6279.6001.137773550852881583165286615668,1,with_nodules_real,with_nodules,0.5320754716981132,0.3657188906690082,0.7551630545353544,0.0,7.0,8.0
1.3.6.1.4.1.14519.5.2.1.6279.6001.138080888843357047811238713686,0,with_nodules_real,with_nodules,0.42662116040955633,0.6847078775622181,0.09609120521172639,0.0,5.0,4.0
1.3.6.1.4.1.14519.5.2.1.6279.6001.138674679709964033277400089532,0,without_nodules_pseudo,without_nodules,0.4253246753246753,0.83399209486166,0.6686746987951807,1.0,30.0,34.0
1.3.6.1.4.1.14519.5.2.1.6279.6001.138674679709964033277400089532,1,without_nodules_pseudo,without_nodules,0.4902597402597403,0.8814229249011858,0.7379518072289156,2.0,18.0,22.0
1.3.6.1.4.1.14519.5.2.1.6279.6001.138813197521718693188313387015,0,with_nodules_real,with_nodules,0.25077399380804954,0.6796205819371235,0.6343829815204327,0.0,14.0,13.0
1.3.6.1.4.1.14519.5.2.1.6279.6001.138894439026794145866157853158,0,without_nodules_pseudo,without_nodules,0.2608695652173913,0.6813725490196079,0.21323529411764705,0.0,20.0,20.0
1.3.6.1.4.1.14519.5.2.1.6279.6001.138904664700896606480369521124,0,with_nodules_real,with_nodules,0.608540925266904,0.7813375153894091,0.2739840620241988,0.0,10.0,9.0
1.3.6.1.4.1.14519.5.2.1.6279.6001.138904664700896606480369521124,1,with_nodules_real,with_nodules,0.5088967971530249,0.519455252918288,0.18370607028753994,0.0,5.0,4.0
1.3.6.1.4.1.14519.5.2.1.6279.6001.138904664700896606480369521124,2,with_nodules_real,with_nodules,0.501779359430605,0.26031128998396463,0.8273163329298123,0.0,3.0,3.0
1.3.6.1.4.1.14519.5.2.1.6279.6001.139258777898746693365877042411,0,with_nodules_real,with_nodules,0.44573643410852715,0.33726415094339623,0.18754935810584147,0.0,7.0,6.0
1.3.6.1.4.1.14519.5.2.1.6279.6001.139444426690868429919252698606,0,without_nodules_pseudo,without_nodules,0.6887417218543046,0.49748743718592964,0.7922535211267606,0.0,40.0,40.0
1.3.6.1.4.1.14519.5.2.1.6279.6001.139444426690868429919252698606,1,without_nodules_pseudo,without_nodules,0.2913907284768212,0.7085427135678392,0.20774647887323944,0.0,32.0,32.0
1.3.6.1.4.1.14519.5.2.1.6279.6001.139444426690868429919252698606,2,without_nodules_pseudo,without_nodules,0.41721854304635764,0.24623115577889448,0.2535211267605634,0.0,28.0,28.0
1.3.6.1.4.1.14519.5.2.1.6279.6001.139444426690868429919252698606,3,without_nodules_pseudo,without_nodules,0.48013245033112584,0.5678391959798995,0.2112676056338028,0.0,30.0,30.0
1.3.6.1.4.1.14519.5.2.1.6279.6001.139444426690868429919252698606,4,without_nodules_pseudo,without_nodules,0.652317880794702,0.678391959798995,0.3626760563380282,0.0,18.0,18.0
1.3.6.1.4.1.14519.5.2.1.6279.6001.139577698050713461261415990027,0,without_nodules_pseudo,without_nodules,0.6377358490566037,0.7261410788381742,0.70625,0.0,20.0,20.0
1.3.6.1.4.1.14519.5.2.1.6279.6001.139577698050713461261415990027,1,without_nodules_pseudo,without_nodules,0.6830188679245283,0.6473029045643154,0.34375,0.0,32.0,32.0
1.3.6.1.4.1.14519.5.2.1.6279.6001.139595277234735528205899724196,0,without_nodules_pseudo,without_nodules,0.5338078291814946,0.2916666666666667,0.2640845070422535,0.0,36.0,36.0
1.3.6.1.4.1.14519.5.2.1.6279.6001.139713436241461669335487719526,0,without_nodules_pseudo,without_nodules,0.7692307692307693,0.45414847161572053,0.7629179331306991,0.0,40.0,40.0
1.3.6.1.4.1.14519.5.2.1.6279.6001.139889514693390832525232698200,0,without_nodules_pseudo,without_nodules,0.4785714285714286,0.6385542168674698,0.21037463976945245,0.0,22.0,22.0
1.3.6.1.4.1.14519.5.2.1.6279.6001.140239815496047437552471323962,0,with_nodules_real,with_nodules,0.5113636363636364,0.7270520584173664,0.8552203523939934,0.0,9.0,9.0
1.3.6.1.4.1.14519.5.2.1.6279.6001.140253591510022414496468423138,0,with_nodules_real,with_nodules,0.8137254901960784,0.7242304977861423,0.28280412389876997,0.0,8.0,9.0
1.3.6.1.4.1.14519.5.2.1.6279.6001.140253591510022414496468423138,1,with_nodules_real,with_nodules,0.19281045751633988,0.7755066954973832,0.1762917933130699,0.0,6.0,6.0
1.3.6.1.4.1.14519.5.2.1.6279.6001.140253591510022414496468423138,2,with_nodules_real,with_nodules,0.43790849673202614,0.2614424436995127,0.8292082348855433,0.0,4.0,3.0
1.3.6.1.4.1.14519.5.2.1.6279.6001.140527383975300992150799777603,0,without_nodules_pseudo,without_nodules,0.5551020408163265,0.4212962962962963,0.16417910447761194,0.0,34.0,34.0
1.3.6.1.4.1.14519.5.2.1.6279.6001.140527383975300992150799777603,1,without_nodules_pseudo,without_nodules,0.7020408163265306,0.2824074074074074,0.3619402985074627,3.0,16.0,17.0
1.3.6.1.4.1.14519.5.2.1.6279.6001.141069661700670042960678408762,0,with_nodules_real,with_nodules,0.6507352941176471,0.7112768224767736,0.1804020708592242,0.0,5.0,4.0
1.3.6.1.4.1.14519.5.2.1.6279.6001.141149610914910880857802344415,0,with_nodules_real,with_nodules,0.7900355871886121,0.5741626794258373,0.20201258341471354,0.0,10.0,8.0
1.3.6.1.4.1.14519.5.2.1.6279.6001.141345499716190654505508410197,0,with_nodules_real,with_nodules,0.45751633986928103,0.8053025299648069,0.3243933501066985,0.0,4.0,4.0
1.3.6.1.4.1.14519.5.2.1.6279.6001.141430002307216644912805017227,0,with_nodules_real,with_nodules,0.31212121212121213,0.49020561254080475,0.9356256328290988,0.0,4.0,4.0
1.3.6.1.4.1.14519.5.2.1.6279.6001.141430002307216644912805017227,1,with_nodules_real,with_nodules,0.4212121212121212,0.2055521503860402,0.792954831217909,0.0,4.0,3.0
1.3.6.1.4.1.14519.5.2.1.6279.6001.141430002307216644912805017227,2,with_nodules_real,with_nodules,0.2878787878787879,0.4154929577464789,0.07223796033994334,0.0,3.0,3.0
1.3.6.1.4.1.14519.5.2.1.6279.6001.141511313712034597336182402384,0,with_nodules_real,with_nodules,0.6784313725490196,0.31094914216261643,0.8064516052719235,0.0,13.0,12.0
1.3.6.1.4.1.14519.5.2.1.6279.6001.141511313712034597336182402384,1,with_nodules_real,with_nodules,0.7490196078431373,0.18509615384615385,0.2655038759689923,0.0,5.0,4.0
1.3.6.1.4.1.14519.5.2.1.6279.6001.141511313712034597336182402384,2,with_nodules_real,with_nodules,0.47843137254901963,0.8827662834754357,0.5983899730120519,0.0,3.0,2.0
1.3.6.1.4.1.14519.5.2.1.6279.6001.142154819868944114554521645782,0,with_nodules_real,with_nodules,0.8518518518518519,0.41828010008507166,0.6507247436089023,0.0,6.0,5.0
1.3.6.1.4.1.14519.5.2.1.6279.6001.142485715518010940961688015191,0,with_nodules_real,with_nodules,0.5719557195571956,0.2046453185000662,0.18109668384898792,0.0,4.0,5.0
1.3.6.1.4.1.14519.5.2.1.6279.6001.142485715518010940961688015191,1,with_nodules_real,with_nodules,0.2029520295202952,0.826271186440678,0.6396103896103896,0.0,4.0,3.0
1.3.6.1.4.1.14519.5.2.1.6279.6001.142485715518010940961688015191,2,with_nodules_real,with_nodules,0.5682656826568265,0.4078389830508475,0.12229437642283254,0.0,2.0,3.0
1.3.6.1.4.1.14519.5.2.1.6279.6001.143410010885830403003179808334,0,without_nodules_pseudo,without_nodules,0.6079136690647482,0.7829787234042553,0.27485380116959063,0.0,24.0,24.0
1.3.6.1.4.1.14519.5.2.1.6279.6001.143412474064515942785157561636,0,with_nodules_real,with_nodules,0.31496062992125984,0.7264583587646485,0.8482758620689655,0.0,4.0,4.0
1.3.6.1.4.1.14519.5.2.1.6279.6001.143622857676008763729469324839,0,with_nodules_real,with_nodules,0.7873015873015873,0.5618027509269068,0.26776369813641737,0.0,16.0,14.0
1.3.6.1.4.1.14519.5.2.1.6279.6001.143782059748737055784173697516,0,without_nodules_pseudo,without_nodules,0.7408759124087592,0.2857142857142857,0.3465346534653465,0.0,36.0,36.0
1.3.6.1.4.1.14519.5.2.1.6279.6001.143813757344903170810482790787,0,without_nodules_pseudo,without_nodules,0.3712121212121212,0.6991869918699187,0.16558441558441558,0.0,38.0,38.0
1.3.6.1.4.1.14519.5.2.1.6279.6001.143813757344903170810482790787,1,without_nodules_pseudo,without_nodules,0.5681818181818182,0.6097560975609756,0.827922077922078,0.0,34.0,26.0
1.3.6.1.4.1.14519.5.2.1.6279.6001.143813757344903170810482790787,2,without_nodules_pseudo,without_nodules,0.6818181818181818,0.14634146341463414,0.5941558441558441,0.0,24.0,24.0
1.3.6.1.4.1.14519.5.2.1.6279.6001.144438612068946916340281098509,0,without_nodules_pseudo,without_nodules,0.5423076923076923,0.8817733990147784,0.2724252491694352,5.0,21.0,32.0
1.3.6.1.4.1.14519.5.2.1.6279.6001.144883090372691745980459537053,0,with_nodules_real,with_nodules,0.1444043321299639,0.36341463414634145,0.13414634146341464,0.0,13.0,12.0
1.3.6.1.4.1.14519.5.2.1.6279.6001.144883090372691745980459537053,1,with_nodules_real,with_nodules,0.5523465703971119,0.7048780487804878,0.21080139372822299,0.0,3.0,3.0
1.3.6.1.4.1.14519.5.2.1.6279.6001.144943344795414353192059796098,0,without_nodules_pseudo,without_nodules,0.42168674698795183,0.7706422018348624,0.705685618729097,0.0,22.0,22.0
1.3.6.1.4.1.14519.5.2.1.6279.6001.144943344795414353192059796098,1,without_nodules_pseudo,without_nodules,0.5502008032128514,0.5412844036697247,0.842809364548495,0.0,20.0,20.0
1.3.6.1.4.1.14519.5.2.1.6279.6001.145283812746259413053188838096,0,without_nodules_pseudo,without_nodules,0.4961832061068702,0.1784037558685446,0.24271844660194175,3.0,22.0,25.0
1.3.6.1.4.1.14519.5.2.1.6279.6001.145283812746259413053188838096,1,without_nodules_pseudo,without_nodules,0.5572519083969466,0.676056338028169,0.7993527508090615,0.0,24.0,24.0
1.3.6.1.4.1.14519.5.2.1.6279.6001.145474881373882284343459153872,0,without_nodules_pseudo,without_nodules,0.7292418772563177,0.6839378238341969,0.7292418772563177,0.0,28.0,28.0
1.3.6.1.4.1.14519.5.2.1.6279.6001.145510611155363050427743946446,0,without_nodules_pseudo,without_nodules,0.43529411764705883,0.8602620087336245,0.6463414634146342,0.0,19.0,22.0
1.3.6.1.4.1.14519.5.2.1.6279.6001.145510611155363050427743946446,1,without_nodules_pseudo,without_nodules,0.43823529411764706,0.8908296943231441,0.7591463414634146,0.0,25.0,38.0
1.3.6.1.4.1.14519.5.2.1.6279.6001.145759169833745025756371695397,0,with_nodules_real,with_nodules,0.24548736462093862,0.4972421295788823,0.2791873386928013,0.0,5.0,5.0
1.3.6.1.4.1.14519.5.2.1.6279.6001.146429221666426688999739595820,0,without_nodules_pseudo,without_nodules,0.6388059701492538,0.3568627450980392,0.20754716981132076,0.0,34.0,34.0
1.3.6.1.4.1.14519.5.2.1.6279.6001.146603910507557786636779705509,0,without_nodules_pseudo,without_nodules,0.5272108843537415,0.2619047619047619,0.2647058823529412,0.0,32.0,32.0
1.3.6.1.4.1.14519.5.2.1.6279.6001.146987333806092287055399155268,0,with_nodules_real,with_nodules,0.3281733746130031,0.37505310193627284,0.7940691779641544,0.0,21.0,18.0
1.3.6.1.4.1.14519.5.2.1.6279.6001.147250707071097813243473865421,0,with_nodules_real,with_nodules,0.8715953307392996,0.557198775442023,0.7373737153552827,0.0,5.0,4.0
1.3.6.1.4.1.14519.5.2.1.6279.6001.147250707071097813243473865421,1,with_nodules_real,with_nodules,0.5719844357976653,0.8139952153110048,0.41609978189273755,0.0,4.0,4.0
1.3.6.1.4.1.14519.5.2.1.6279.6001.147325126373007278009743173696,0,with_nodules_real,with_nodules,0.5708955223880597,0.3263234172375674,0.25,0.0,2.0,3.0
1.3.6.1.4.1.14519.5.2.1.6279.6001.147325126373007278009743173696,1,with_nodules_real,with_nodules,0.8656716417910447,0.7193618232223589,0.42938931297709926,0.0,2.0,3.0
1.3.6.1.4.1.14519.5.2.1.6279.6001.148229375703208214308676934766,0,with_nodules_real,with_nodules,0.25696594427244585,0.5814905939875422,0.9578081429180494,0.0,4.0,5.0
1.3.6.1.4.1.14519.5.2.1.6279.6001.148229375703208214308676934766,1,with_nodules_real,with_nodules,0.7213622291021672,0.5005197610941019,0.7315634218289085,0.0,4.0,4.0
1.3.6.1.4.1.14519.5.2.1.6279.6001.148447286464082095534651426689,0,with_nodules_real,with_nodules,0.6566037735849056,0.23362635197251608,0.7841726618705036,0.0,20.0,17.0
1.3.6.1.4.1.14519.5.2.1.6279.6001.148447286464082095534651426689,1,with_nodules_real,with_nodules,0.7245283018867924,0.5078369943719161,0.8902877697841727,0.0,6.0,6.0
1.3.6.1.4.1.14519.5.2.1.6279.6001.148447286464082095534651426689,2,with_nodules_real,with_nodules,0.4,0.09330143540669857,0.3553956944307835,0.0,4.0,3.0
1.3.6.1.4.1.14519.5.2.1.6279.6001.148447286464082095534651426689,3,with_nodules_real,with_nodules,0.33962264150943394,0.39952153110047844,0.9154676258992805,0.0,3.0,3.0
1.3.6.1.4.1.14519.5.2.1.6279.6001.148447286464082095534651426689,4,with_nodules_real,with_nodules,0.44528301886792454,0.22761449859473123,0.7338129496402878,0.0,3.0,3.0
1.3.6.1.4.1.14519.5.2.1.6279.6001.148935306123327835217659769212,0,without_nodules_pseudo,without_nodules,0.6262975778546713,0.7920792079207921,0.20065789473684212,0.0,22.0,22.0
1.3.6.1.4.1.14519.5.2.1.6279.6001.148935306123327835217659769212,1,without_nodules_pseudo,without_nodules,0.42560553633217996,0.6039603960396039,0.23026315789473684,0.0,28.0,28.0
1.3.6.1.4.1.14519.5.2.1.6279.6001.148935306123327835217659769212,2,without_nodules_pseudo,without_nodules,0.5121107266435986,0.8366336633663366,0.7467105263157895,0.0,33.0,38.0
1.3.6.1.4.1.14519.5.2.1.6279.6001.148935306123327835217659769212,3,without_nodules_pseudo,without_nodules,0.6885813148788927,0.5,0.7927631578947368,0.0,38.0,38.0
1.3.6.1.4.1.14519.5.2.1.6279.6001.148935306123327835217659769212,4,without_nodules_pseudo,without_nodules,0.7577854671280276,0.45544554455445546,0.7039473684210527,0.0,24.0,24.0
1.3.6.1.4.1.14519.5.2.1.6279.6001.148935306123327835217659769212,5,without_nodules_pseudo,without_nodules,0.5121107266435986,0.39603960396039606,0.8453947368421053,0.0,16.0,16.0
1.3.6.1.4.1.14519.5.2.1.6279.6001.148935306123327835217659769212,6,without_nodules_pseudo,without_nodules,0.5017301038062284,0.7524752475247525,0.16776315789473684,0.0,28.0,28.0
1.3.6.1.4.1.14519.5.2.1.6279.6001.148935306123327835217659769212,7,without_nodules_pseudo,without_nodules,0.42560553633217996,0.2524752475247525,0.21052631578947367,0.0,34.0,34.0
1.3.6.1.4.1.14519.5.2.1.6279.6001.148935306123327835217659769212,8,without_nodules_pseudo,without_nodules,0.5294117647058824,0.8415841584158416,0.7828947368421053,2.0,26.0,30.0
1.3.6.1.4.1.14519.5.2.1.6279.6001.149041668385192796520281592139,0,with_nodules_real,with_nodules,0.18412698412698414,0.8612559530972305,0.7604251783721301,0.0,12.0,12.0
1.3.6.1.4.1.14519.5.2.1.6279.6001.149463915556499304732434215056,0,with_nodules_real,with_nodules,0.48242811501597443,0.23551757247359664,0.24464753909472978,0.0,5.0,5.0
1.3.6.1.4.1.14519.5.2.1.6279.6001.149893110752986700464921264055,0,with_nodules_real,with_nodules,0.8169642857142857,0.6730226062593005,0.23794231749417488,0.0,14.0,13.0
1.3.6.1.4.1.14519.5.2.1.6279.6001.149893110752986700464921264055,1,with_nodules_real,with_nodules,0.7321428571428571,0.7746031988234747,0.29785573858963815,0.0,2.0,2.0
1.3.6.1.4.1.14519.5.2.1.6279.6001.150097650621090951325113116280,0,with_nodules_real,with_nodules,0.7182539682539683,0.46170212765957447,0.650887573964497,0.0,5.0,5.0
1.3.6.1.4.1.14519.5.2.1.6279.6001.150684298696437181894923266019,0,with_nodules_real,with_nodules,0.5054945054945055,0.25,0.20473537604456823,0.0,5.0,4.0
1.3.6.1.4.1.14519.5.2.1.6279.6001.151669338315069779994664893123,0,without_nodules_pseudo,without_nodules,0.4186851211072664,0.24257425742574257,0.2536764705882353,0.0,36.0,36.0
1.3.6.1.4.1.14519.5.2.1.6279.6001.151669338315069779994664893123,1,without_nodules_pseudo,without_nodules,0.4913494809688581,0.6584158415841584,0.8602941176470589,0.0,32.0,32.0
1.3.6.1.4.1.14519.5.2.1.6279.6001.151764021165118974848436095034,0,with_nodules_real,with_nodules,0.6418439716312057,0.2755905511811024,0.2618296529968454,0.0,5.0,5.0
1.3.6.1.4.1.14519.5.2.1.6279.6001.151764021165118974848436095034,1,with_nodules_real,with_nodules,0.524822695035461,0.5561023622047244,0.7941640378548895,0.0,4.0,3.0
1.3.6.1.4.1.14519.5.2.1.6279.6001.151764021165118974848436095034,2,with_nodules_real,with_nodules,0.13829787234042554,0.5901137224332554,0.9409393406816837,0.0,3.0,4.0
1.3.6.1.4.1.14519.5.2.1.6279.6001.151764021165118974848436095034,3,with_nodules_real,with_nodules,0.3971631205673759,0.19247594217615804,0.21661408240862826,0.0,2.0,3.0
1.3.6.1.4.1.14519.5.2.1.6279.6001.152684536713461901635595118048,0,without_nodules_pseudo,without_nodules,0.7204610951008645,0.6008064516129032,0.35522388059701493,0.0,20.0,20.0
1.3.6.1.4.1.14519.5.2.1.6279.6001.152706273988004688708784163325,0,without_nodules_pseudo,without_nodules,0.3836477987421384,0.9180327868852459,0.698005698005698,0.0,23.0,32.0
1.3.6.1.4.1.14519.5.2.1.6279.6001.153181766344026020914478182395,0,without_nodules_pseudo,without_nodules,0.41883116883116883,0.8537735849056604,0.7157190635451505,0.0,16.0,16.0
1.3.6.1.4.1.14519.5.2.1.6279.6001.153181766344026020914478182395,1,without_nodules_pseudo,without_nodules,0.32142857142857145,0.7311320754716981,0.6454849498327759,0.0,28.0,28.0
1.3.6.1.4.1.14519.5.2.1.6279.6001.153536305742006952753134773630,0,with_nodules_real,with_nodules,0.9143835616438356,0.5779711336702914,0.6434342861175537,0.0,11.0,10.0
1.3.6.1.4.1.14519.5.2.1.6279.6001.153536305742006952753134773630,1,with_nodules_real,with_nodules,0.4520547945205479,0.2771725628827069,0.8667367696762085,0.0,10.0,9.0
1.3.6.1.4.1.14519.5.2.1.6279.6001.153536305742006952753134773630,2,with_nodules_real,with_nodules,0.5034246575342466,0.4594594594594595,0.8344469666481018,0.0,8.0,7.0
1.3.6.1.4.1.14519.5.2.1.6279.6001.153536305742006952753134773630,3,with_nodules_real,with_nodules,0.636986301369863,0.3166023254394531,0.7295758724212646,0.0,5.0,5.0
1.3.6.1.4.1.14519.5.2.1.6279.6001.153536305742006952753134773630,4,with_nodules_real,with_nodules,0.7431506849315068,0.5988416929502745,0.185546875,0.0,4.0,4.0
1.3.6.1.4.1.14519.5.2.1.6279.6001.153646219551578201092527860224,0,with_nodules_real,with_nodules,0.2986111111111111,0.1428148654397465,0.26364941824050175,0.0,4.0,5.0
1.3.6.1.4.1.14519.5.2.1.6279.6001.153732973534937692357111055819,0,with_nodules_real,with_nodules,0.821656050955414,0.7152032118577224,0.31030437827768903,0.0,14.0,11.0
1.3.6.1.4.1.14519.5.2.1.6279.6001.153732973534937692357111055819,1,with_nodules_real,with_nodules,0.6878980891719745,0.4980769230769231,0.792357302502374,0.0,5.0,5.0
1.3.6.1.4.1.14519.5.2.1.6279.6001.153985109349433321657655488650,0,with_nodules_real,with_nodules,0.8134328358208955,0.5169233474056277,0.3563693622211078,0.0,20.0,18.0
1.3.6.1.4.1.14519.5.2.1.6279.6001.154677396354641150280013275227,0,with_nodules_real,with_nodules,0.6108949416342413,0.29405603361366994,0.28852425369561885,0.0,13.0,12.0
1.3.6.1.4.1.14519.5.2.1.6279.6001.154703816225841204080664115280,0,with_nodules_real,with_nodules,0.3114754098360656,0.3213507687603986,0.10136041423785182,0.0,2.0,4.0
1.3.6.1.4.1.14519.5.2.1.6279.6001.154703816225841204080664115280,1,with_nodules_real,with_nodules,0.32459016393442625,0.9185184902615018,0.2201954347691241,0.0,2.0,3.0
1.3.6.1.4.1.14519.5.2.1.6279.6001.154703816225841204080664115280,2,with_nodules_real,with_nodules,0.28852459016393445,0.7546296296296297,0.10538416809678466,0.0,3.0,4.0
1.3.6.1.4.1.14519.5.2.1.6279.6001.154837327827713479309898027966,0,with_nodules_real,with_nodules,0.5091575091575091,0.6272267330030681,0.250993387588602,0.0,6.0,4.0
1.3.6.1.4.1.14519.5.2.1.6279.6001.154837327827713479309898027966,1,with_nodules_real,with_nodules,0.2967032967032967,0.26720647773279355,0.8735962924578332,0.0,4.0,3.0
1.3.6.1.4.1.14519.5.2.1.6279.6001.154837327827713479309898027966,2,with_nodules_real,with_nodules,0.358974358974359,0.7521841072360513,0.8588357887520696,0.0,3.0,4.0
1.3.6.1.4.1.14519.5.2.1.6279.6001.154837327827713479309898027966,3,with_nodules_real,with_nodules,0.41025641025641024,0.21862348178137653,0.2814569536423841,0.0,4.0,3.0
1.3.6.1.4.1.14519.5.2.1.6279.6001.154837327827713479309898027966,4,with_nodules_real,with_nodules,0.21978021978021978,0.7255486862862158,0.8973509933774835,0.0,3.0,4.0
1.3.6.1.4.1.14519.5.2.1.6279.6001.154837327827713479309898027966,5,with_nodules_real,with_nodules,0.46153846153846156,0.8121457736984439,0.16423840554344732,0.0,3.0,3.0
1.3.6.1.4.1.14519.5.2.1.6279.6001.156016499715048493339281864474,0,with_nodules_real,with_nodules,0.5232198142414861,0.41350210970464135,0.09508196721311475,0.0,5.0,5.0
1.3.6.1.4.1.14519.5.2.1.6279.6001.156016499715048493339281864474,1,with_nodules_real,with_nodules,0.5572755417956656,0.5443037974683544,0.13171774442078638,0.0,4.0,4.0
1.3.6.1.4.1.14519.5.2.1.6279.6001.156016499715048493339281864474,2,with_nodules_real,with_nodules,0.8080495356037152,0.7714180604315005,0.22950819672131148,0.0,3.0,4.0
1.3.6.1.4.1.14519.5.2.1.6279.6001.156322145453198768801776721493,0,without_nodules_pseudo,without_nodules,0.5667870036101083,0.19004524886877827,0.290625,0.0,31.0,34.0
1.3.6.1.4.1.14519.5.2.1.6279.6001.156579001330474859527530187095,0,without_nodules_pseudo,without_nodules,0.4857142857142857,0.5380952380952381,0.8153310104529616,0.0,38.0,38.0
1.3.6.1.4.1.14519.5.2.1.6279.6001.156821379677057223126714881626,0,without_nodules_pseudo,without_nodules,0.7194719471947195,0.46311475409836067,0.6515151515151515,0.0,16.0,16.0
1.3.6.1.4.1.14519.5.2.1.6279.6001.156821379677057223126714881626,1,without_nodules_pseudo,without_nodules,0.7458745874587459,0.6516393442622951,0.7090909090909091,0.0,16.0,16.0
1.3.6.1.4.1.14519.5.2.1.6279.6001.159521777966998275980367008904,0,without_nodules_pseudo,without_nodules,0.3593220338983051,0.8162162162162162,0.2536764705882353,0.0,20.0,20.0
1.3.6.1.4.1.14519.5.2.1.6279.6001.159665703190517688573100822213,0,without_nodules_pseudo,without_nodules,0.3204633204633205,0.616580310880829,0.19047619047619047,0.0,36.0,36.0
1.3.6.1.4.1.14519.5.2.1.6279.6001.159665703190517688573100822213,1,without_nodules_pseudo,without_nodules,0.42084942084942084,0.772020725388601,0.7074829931972789,0.0,20.0,20.0
1.3.6.1.4.1.14519.5.2.1.6279.6001.159665703190517688573100822213,2,without_nodules_pseudo,without_nodules,0.3552123552123552,0.5906735751295337,0.4523809523809524,2.0,25.0,23.0
1.3.6.1.4.1.14519.5.2.1.6279.6001.159665703190517688573100822213,3,without_nodules_pseudo,without_nodules,0.555984555984556,0.3626943005181347,0.32653061224489793,0.0,34.0,34.0
1.3.6.1.4.1.14519.5.2.1.6279.6001.159996104466052855396410079250,0,with_nodules_real,with_nodules,0.5604395604395604,0.38634785664439714,0.21827707630145127,0.0,10.0,8.0
1.3.6.1.4.1.14519.5.2.1.6279.6001.160124400349792614505500125883,0,with_nodules_real,with_nodules,0.7973856209150327,0.5930313482517149,0.3733580710671165,0.0,6.0,6.0
1.3.6.1.4.1.14519.5.2.1.6279.6001.160216916075817913953530562493,0,without_nodules_pseudo,without_nodules,0.5353846153846153,0.8701298701298701,0.6224188790560472,3.0,15.0,21.0
1.3.6.1.4.1.14519.5.2.1.6279.6001.160216916075817913953530562493,1,without_nodules_pseudo,without_nodules,0.8153846153846154,0.4025974025974026,0.640117994100295,0.0,28.0,19.0
1.3.6.1.4.1.14519.5.2.1.6279.6001.160586340600816116143631200450,0,with_nodules_real,with_nodules,0.7086330935251799,0.5479415971405652,0.26689655650745736,0.0,6.0,6.0
1.3.6.1.4.1.14519.5.2.1.6279.6001.161002239822118346732951898613,0,without_nodules_pseudo,without_nodules,0.5709677419354838,0.4305555555555556,0.17049180327868851,0.0,38.0,38.0
1.3.6.1.4.1.14519.5.2.1.6279.6001.161002239822118346732951898613,1,without_nodules_pseudo,without_nodules,0.4935483870967742,0.5509259259259259,0.22950819672131148,0.0,34.0,34.0
1.3.6.1.4.1.14519.5.2.1.6279.6001.161002239822118346732951898613,2,without_nodules_pseudo,without_nodules,0.6645161290322581,0.7175925925925926,0.7868852459016393,1.0,32.0,26.0
1.3.6.1.4.1.14519.5.2.1.6279.6001.161067514225109999586362698069,0,with_nodules_real,with_nodules,0.322463768115942,0.7311827956989247,0.6453847596139619,0.0,8.0,7.0
1.3.6.1.4.1.14519.5.2.1.6279.6001.161067514225109999586362698069,1,with_nodules_real,with_nodules,0.4963768115942029,0.696236559139785,0.15422078334923947,0.0,3.0,3.0
1.3.6.1.4.1.14519.5.2.1.6279.6001.161067514225109999586362698069,2,with_nodules_real,with_nodules,0.7463768115942029,0.6144393182569935,0.8238636363636364,0.0,2.0,3.0
1.3.6.1.4.1.14519.5.2.1.6279.6001.161073793312426102774780216551,0,without_nodules_pseudo,without_nodules,0.6862068965517242,0.6447368421052632,0.34441087613293053,0.0,40.0,40.0
1.3.6.1.4.1.14519.5.2.1.6279.6001.161073793312426102774780216551,1,without_nodules_pseudo,without_nodules,0.7310344827586207,0.7105263157894737,0.649546827794562,0.0,28.0,26.0
1.3.6.1.4.1.14519.5.2.1.6279.6001.161073793312426102774780216551,2,without_nodules_pseudo,without_nodules,0.593103448275862,0.35964912280701755,0.36555891238670696,0.0,40.0,37.0
1.3.6.1.4.1.14519.5.2.1.6279.6001.161633200801003804714818844696,0,without_nodules_pseudo,without_nodules,0.6061776061776062,0.46859903381642515,0.18666666666666668,0.0,26.0,26.0
1.3.6.1.4.1.14519.5.2.1.6279.6001.161821150841552408667852639317,0,without_nodules_pseudo,without_nodules,0.7972972972972973,0.4358974358974359,0.5909090909090909,0.0,32.0,19.0
1.3.6.1.4.1.14519.5.2.1.6279.6001.161821150841552408667852639317,1,without_nodules_pseudo,without_nodules,0.706081081081081,0.6717948717948717,0.6258741258741258,3.0,38.0,36.0
1.3.6.1.4.1.14519.5.2.1.6279.6001.161821150841552408667852639317,2,without_nodules_pseudo,without_nodules,0.6655405405405406,0.676923076923077,0.7552447552447552,0.0,16.0,16.0
1.3.6.1.4.1.14519.5.2.1.6279.6001.161855583909753609742728521805,0,with_nodules_real,with_nodules,0.1411764705882353,0.9147982062780269,0.6722408026755853,0.0,8.0,6.0
1.3.6.1.4.1.14519.5.2.1.6279.6001.161855583909753609742728521805,1,with_nodules_real,with_nodules,0.4,0.8214726469441914,0.19795452870652827,0.0,8.0,7.0
1.3.6.1.4.1.14519.5.2.1.6279.6001.161855583909753609742728521805,2,with_nodules_real,with_nodules,0.3568627450980392,0.7707069294335062,0.371729286219364,0.0,7.0,7.0
1.3.6.1.4.1.14519.5.2.1.6279.6001.161855583909753609742728521805,3,with_nodules_real,with_nodules,0.3137254901960784,0.9035874439461884,0.7441471571906354,0.0,6.0,6.0
1.3.6.1.4.1.14519.5.2.1.6279.6001.161855583909753609742728521805,4,with_nodules_real,with_nodules,0.16862745098039217,0.4396657216709291,0.9600942350151547,0.0,6.0,5.0
1.3.6.1.4.1.14519.5.2.1.6279.6001.162207236104936931957809623059,0,without_nodules_pseudo,without_nodules,0.5255972696245734,0.5907473309608541,0.7624309392265194,0.0,36.0,36.0
1.3.6.1.4.1.14519.5.2.1.6279.6001.162207236104936931957809623059,1,without_nodules_pseudo,without_nodules,0.6075085324232082,0.7829181494661922,0.27348066298342544,0.0,38.0,38.0
1.3.6.1.4.1.14519.5.2.1.6279.6001.162207236104936931957809623059,2,without_nodules_pseudo,without_nodules,0.6348122866894198,0.8505338078291815,0.31215469613259667,0.0,38.0,38.0
1.3.6.1.4.1.14519.5.2.1.6279.6001.162351539386551708034407968929,0,with_nodules_real,with_nodules,0.4,0.41918497819166917,0.9301412952688587,0.0,6.0,5.0
1.3.6.1.4.1.14519.5.2.1.6279.6001.162351539386551708034407968929,1,with_nodules_real,with_nodules,0.30869565217391304,0.8918269230769231,0.29853479853479853,0.0,3.0,3.0
1.3.6.1.4.1.14519.5.2.1.6279.6001.162718361851587451505896742103,0,with_nodules_real,with_nodules,0.4652777777777778,0.21299912472988697,0.43236578545769694,0.0,7.0,8.0
1.3.6.1.4.1.14519.5.2.1.6279.6001.162845309248822193437735868939,0,with_nodules_real,with_nodules,0.6045016077170418,0.8112503376412898,0.5849790362529574,0.0,7.0,7.0
1.3.6.1.4.1.14519.5.2.1.6279.6001.162901839201654862079549658100,0,with_nodules_real,with_nodules,0.4668769716088328,0.8260057159283194,0.7710920282312341,0.0,5.0,6.0
1.3.6.1.4.1.14519.5.2.1.6279.6001.163217526257871051722166468085,0,without_nodules_pseudo,without_nodules,0.38022813688212925,0.5219123505976095,0.11147540983606558,0.0,26.0,26.0
1.3.6.1.4.1.14519.5.2.1.6279.6001.163217526257871051722166468085,1,without_nodules_pseudo,without_nodules,0.5437262357414449,0.701195219123506,0.2,0.0,22.0,22.0
1.3.6.1.4.1.14519.5.2.1.6279.6001.163901773171373940247829492387,0,with_nodules_real,with_nodules,0.32421875,0.25527955789481643,0.30758522033691404,0.0,17.0,16.0
1.3.6.1.4.1.14519.5.2.1.6279.6001.163931625580639955914619627409,0,without_nodules_pseudo,without_nodules,0.7385159010600707,0.7788944723618091,0.22180451127819548,0.0,22.0,22.0
1.3.6.1.4.1.14519.5.2.1.6279.6001.163994693532965040247348251579,0,with_nodules_real,with_nodules,0.5221843003412969,0.3622448979591837,0.053763440860215055,0.0,4.0,3.0
1.3.6.1.4.1.14519.5.2.1.6279.6001.164790817284381538042494285101,0,without_nodules_pseudo,without_nodules,0.46830985915492956,0.5918367346938775,0.22142857142857142,0.0,24.0,24.0
1.3.6.1.4.1.14519.5.2.1.6279.6001.164988920331211858091402361989,0,with_nodules_real,with_nodules,0.49830508474576274,0.21521739130434783,0.22094297409057617,0.0,5.0,5.0
1.3.6.1.4.1.14519.5.2.1.6279.6001.167237290696350215427953159586,0,with_nodules_real,with_nodules,0.6052631578947368,0.46882952561024493,0.18650904568758878,0.0,16.0,15.0
1.3.6.1.4.1.14519.5.2.1.6279.6001.167237290696350215427953159586,1,with_nodules_real,with_nodules,0.21052631578947367,0.8064893031224413,0.7974932286646459,0.0,9.0,7.0
1.3.6.1.4.1.14519.5.2.1.6279.6001.167500254299688235071950909530,0,without_nodules_pseudo,without_nodules,0.5634218289085545,0.5611814345991561,0.14754098360655737,0.0,20.0,20.0
1.3.6.1.4.1.14519.5.2.1.6279.6001.167500254299688235071950909530,1,without_nodules_pseudo,without_nodules,0.4247787610619469,0.8312236286919831,0.6693989071038251,0.0,38.0,38.0
1.3.6.1.4.1.14519.5.2.1.6279.6001.167500254299688235071950909530,2,without_nodules_pseudo,without_nodules,0.36283185840707965,0.8649789029535865,0.36885245901639346,5.0,25.0,25.0
1.3.6.1.4.1.14519.5.2.1.6279.6001.167661207884826429102690781600,0,with_nodules_real,with_nodules,0.49019607843137253,0.651770906826473,0.8132450533228994,0.0,10.0,9.0
1.3.6.1.4.1.14519.5.2.1.6279.6001.167661207884826429102690781600,1,with_nodules_real,with_nodules,0.3215686274509804,0.6453744493392071,0.6154373371048479,0.0,7.0,6.0
1.3.6.1.4.1.14519.5.2.1.6279.6001.167919147233131417984739058859,0,with_nodules_real,with_nodules,0.9094076655052264,0.6468791581719995,0.3758253396128694,0.0,4.0,5.0
1.3.6.1.4.1.14519.5.2.1.6279.6001.168037818448885856452592057286,0,with_nodules_real,with_nodules,0.5033333333333333,0.6767068273092369,0.1865671641791045,0.0,5.0,4.0
1.3.6.1.4.1.14519.5.2.1.6279.6001.168605638657404145360275453085,0,with_nodules_real,with_nodules,0.5156695156695157,0.1637976024072495,0.8361732556035344,0.0,3.0,3.0
1.3.6.1.4.1.14519.5.2.1.6279.6001.168737928729363683423228050295,0,with_nodules_real,with_nodules,0.6332288401253918,0.8049173638372138,0.31393734101326237,0.0,13.0,12.0
1.3.6.1.4.1.14519.5.2.1.6279.6001.168833925301530155818375859047,0,with_nodules_real,with_nodules,0.45614035087719296,0.2946054653858575,0.12779214449017962,0.0,6.0,5.0
1.3.6.1.4.1.14519.5.2.1.6279.6001.168833925301530155818375859047,1,with_nodules_real,with_nodules,0.24912280701754386,0.265748031496063,0.8098205376265576,0.0,5.0,5.0
1.3.6.1.4.1.14519.5.2.1.6279.6001.168833925301530155818375859047,2,with_nodules_real,with_nodules,0.40350877192982454,0.5677165234182763,0.1261682242990654,0.0,4.0,4.0
1.3.6.1.4.1.14519.5.2.1.6279.6001.168833925301530155818375859047,3,with_nodules_real,with_nodules,0.2982456140350877,0.49953682967058316,0.8984790457371982,0.0,3.0,3.0
1.3.6.1.4.1.14519.5.2.1.6279.6001.168833925301530155818375859047,4,with_nodules_real,with_nodules,0.4070175438596491,0.8136483139879122,0.7577881619937694,0.0,3.0,2.0
1.3.6.1.4.1.14519.5.2.1.6279.6001.168985655485163461062675655739,0,with_nodules_real,with_nodules,0.5296167247386759,0.753785363022162,0.7778202034312592,0.0,4.0,5.0
1.3.6.1.4.1.14519.5.2.1.6279.6001.168985655485163461062675655739,1,with_nodules_real,with_nodules,0.6236933797909407,0.7354037537866709,0.2485207100591716,0.0,4.0,4.0
1.3.6.1.4.1.14519.5.2.1.6279.6001.168985655485163461062675655739,2,with_nodules_real,with_nodules,0.3623693379790941,0.9447618756975447,0.32209073580228365,0.0,3.0,3.0
1.3.6.1.4.1.14519.5.2.1.6279.6001.168985655485163461062675655739,3,with_nodules_real,with_nodules,0.554006968641115,0.42300555170798787,0.16299085222052398,0.0,3.0,2.0
1.3.6.1.4.1.14519.5.2.1.6279.6001.169128136262002764211589185953,0,with_nodules_real,with_nodules,0.8963210702341137,0.6217455275515292,0.6015336106463176,0.0,18.0,16.0
1.3.6.1.4.1.14519.5.2.1.6279.6001.169128136262002764211589185953,1,with_nodules_real,with_nodules,0.5785953177257525,0.6586018014461437,0.8279617123487519,0.0,5.0,5.0
1.3.6.1.4.1.14519.5.2.1.6279.6001.169128136262002764211589185953,2,with_nodules_real,with_nodules,0.2040133779264214,0.7297872340425532,0.21189024390243902,0.0,5.0,4.0
1.3.6.1.4.1.14519.5.2.1.6279.6001.169128136262002764211589185953,3,with_nodules_real,with_nodules,0.7491638795986622,0.42940037504155587,0.6771064386135195,0.0,4.0,4.0
1.3.6.1.4.1.14519.5.2.1.6279.6001.169128136262002764211589185953,4,with_nodules_real,with_nodules,0.2976588628762542,0.5356973850980719,0.9368224725490664,0.0,3.0,4.0
1.3.6.1.4.1.14519.5.2.1.6279.6001.169128136262002764211589185953,5,with_nodules_real,with_nodules,0.7357859531772575,0.7957446808510639,0.2850609756097561,0.0,3.0,3.0
1.3.6.1.4.1.14519.5.2.1.6279.6001.169128136262002764211589185953,6,with_nodules_real,with_nodules,0.7692307692307693,0.6970986224235373,0.36031041494229943,0.0,2.0,2.0
1.3.6.1.4.1.14519.5.2.1.6279.6001.170052181746004939527661217512,0,with_nodules_real,with_nodules,0.870253164556962,0.6898148148148148,0.3085332817337461,0.0,4.0,5.0
1.3.6.1.4.1.14519.5.2.1.6279.6001.170052181746004939527661217512,1,with_nodules_real,with_nodules,0.6518987341772152,0.48842592592592593,0.14860681114551083,0.0,3.0,2.0
1.3.6.1.4.1.14519.5.2.1.6279.6001.170706757615202213033480003264,0,with_nodules_real,with_nodules,0.5909090909090909,0.7458525626890121,0.8015166602431844,0.0,17.0,16.0
1.3.6.1.4.1.14519.5.2.1.6279.6001.170706757615202213033480003264,1,with_nodules_real,with_nodules,0.6590909090909091,0.25292450162122876,0.4463136486200621,0.0,10.0,10.0
1.3.6.1.4.1.14519.5.2.1.6279.6001.170706757615202213033480003264,2,with_nodules_real,with_nodules,0.6525974025974026,0.17219661238006734,0.6563303689928366,0.0,6.0,7.0
1.3.6.1.4.1.14519.5.2.1.6279.6001.170825539570536865106681134236,0,without_nodules_pseudo,without_nodules,0.559375,0.359375,0.6139705882352942,0.0,36.0,36.0
1.3.6.1.4.1.14519.5.2.1.6279.6001.170825539570536865106681134236,1,without_nodules_pseudo,without_nodules,0.496875,0.6979166666666666,0.15441176470588236,0.0,16.0,16.0
1.3.6.1.4.1.14519.5.2.1.6279.6001.170921541362033046216100409521,0,with_nodules_real,with_nodules,0.8369905956112853,0.6756198347107438,0.4489795918367347,0.0,4.0,4.0
1.3.6.1.4.1.14519.5.2.1.6279.6001.170921541362033046216100409521,1,with_nodules_real,with_nodules,0.7429467084639498,0.7339876033057852,0.45991253644314867,0.0,3.0,3.0
1.3.6.1.4.1.14519.5.2.1.6279.6001.171177995014336749670107905732,0,with_nodules_real,with_nodules,0.3918918918918919,0.8077640035878058,0.839563862928349,0.0,4.0,4.0
1.3.6.1.4.1.14519.5.2.1.6279.6001.171667800241622018839592854574,0,with_nodules_real,with_nodules,0.3487544483985765,0.8837209302325582,0.6510574018126888,0.0,4.0,4.0
1.3.6.1.4.1.14519.5.2.1.6279.6001.171682845383273105440297561095,0,without_nodules_pseudo,without_nodules,0.5574912891986062,0.7819905213270142,0.24028268551236748,0.0,38.0,37.0
1.3.6.1.4.1.14519.5.2.1.6279.6001.171682845383273105440297561095,1,without_nodules_pseudo,without_nodules,0.5017421602787456,0.7535545023696683,0.16607773851590105,0.0,25.0,17.0
1.3.6.1.4.1.14519.5.2.1.6279.6001.171919524048654494439256263785,0,without_nodules_pseudo,without_nodules,0.5490909090909091,0.5801886792452831,0.8405797101449275,0.0,30.0,30.0
1.3.6.1.4.1.14519.5.2.1.6279.6001.172243743899615313644757844726,0,with_nodules_real,with_nodules,0.759581881533101,0.6673990885416666,0.1624203821656051,0.0,15.0,14.0
1.3.6.1.4.1.14519.5.2.1.6279.6001.172243743899615313644757844726,1,with_nodules_real,with_nodules,0.49477351916376305,0.5494372219509549,0.22909256758963226,0.0,7.0,8.0
1.3.6.1.4.1.14519.5.2.1.6279.6001.172573195301625265149778785969,0,with_nodules_real,with_nodules,0.48355263157894735,0.8905947356797848,0.42225378209894354,0.0,5.0,4.0
1.3.6.1.4.1.14519.5.2.1.6279.6001.172573195301625265149778785969,1,with_nodules_real,with_nodules,0.24013157894736842,0.6141078838174274,0.9431818181818182,0.0,4.0,3.0
1.3.6.1.4.1.14519.5.2.1.6279.6001.172845185165807139298420209778,0,without_nodules_pseudo,without_nodules,0.6060606060606061,0.1859504132231405,0.3003194888178914,1.0,32.0,34.0
1.3.6.1.4.1.14519.5.2.1.6279.6001.173101104804533997398137418032,0,with_nodules_real,with_nodules,0.49122807017543857,0.6586776733398437,0.860911949951942,0.0,4.0,3.0
1.3.6.1.4.1.14519.5.2.1.6279.6001.173101104804533997398137418032,1,with_nodules_real,with_nodules,0.3719298245614035,0.5487373698841441,0.09183315674213205,0.0,3.0,4.0
1.3.6.1.4.1.14519.5.2.1.6279.6001.173101104804533997398137418032,2,with_nodules_real,with_nodules,0.3929824561403509,0.8431818181818181,0.8210905538372437,0.0,3.0,2.0
1.3.6.1.4.1.14519.5.2.1.6279.6001.173106154739244262091404659845,0,with_nodules_real,with_nodules,0.6809815950920245,0.48034319739124093,0.1460514919013734,0.0,14.0,12.0
1.3.6.1.4.1.14519.5.2.1.6279.6001.173106154739244262091404659845,1,with_nodules_real,with_nodules,0.7944785276073619,0.7970124557305174,0.3375796178343949,0.0,12.0,11.0
1.3.6.1.4.1.14519.5.2.1.6279.6001.173106154739244262091404659845,2,with_nodules_real,with_nodules,0.7239263803680982,0.5732321204980874,0.13009892603394332,0.0,8.0,8.0
1.3.6.1.4.1.14519.5.2.1.6279.6001.173106154739244262091404659845,3,with_nodules_real,with_nodules,0.745398773006135,0.640270059039484,0.7349670798915207,0.0,6.0,7.0
1.3.6.1.4.1.14519.5.2.1.6279.6001.173106154739244262091404659845,4,with_nodules_real,with_nodules,0.7760736196319018,0.8029045643153527,0.24451521855251046,0.0,3.0,3.0
1.3.6.1.4.1.14519.5.2.1.6279.6001.173106154739244262091404659845,5,with_nodules_real,with_nodules,0.6595092024539877,0.30871369927750586,0.20573247921694615,0.0,2.0,3.0
1.3.6.1.4.1.14519.5.2.1.6279.6001.173556680294801532247454313511,0,with_nodules_real,with_nodules,0.7894736842105263,0.8298969072164949,0.6807272616299715,0.0,2.0,2.0
1.3.6.1.4.1.14519.5.2.1.6279.6001.173931884906244951746140865701,0,with_nodules_real,with_nodules,0.35018050541516244,0.7759069155340326,0.8281575177939197,0.0,16.0,14.0
1.3.6.1.4.1.14519.5.2.1.6279.6001.174168737938619557573021395302,0,with_nodules_real,with_nodules,0.15413533834586465,0.7778091732221158,0.8052147239263804,0.0,4.0,4.0
1.3.6.1.4.1.14519.5.2.1.6279.6001.174449669706458092793093760291,0,with_nodules_real,with_nodules,0.5521235521235521,0.5427927927927928,0.8442064030155255,0.0,13.0,11.0
1.3.6.1.4.1.14519.5.2.1.6279.6001.174692377730646477496286081479,0,with_nodules_real,with_nodules,0.8792569659442725,0.7721611740242722,0.35944118559924587,0.0,7.0,6.0
1.3.6.1.4.1.14519.5.2.1.6279.6001.174907798609768549012640380786,0,with_nodules_real,with_nodules,0.7213114754098361,0.2559586284316589,0.3574144486692015,0.0,12.0,11.0
1.3.6.1.4.1.14519.5.2.1.6279.6001.174907798609768549012640380786,1,with_nodules_real,with_nodules,0.6655737704918033,0.3587510652631243,0.32941581813101534,0.0,7.0,6.0
1.3.6.1.4.1.14519.5.2.1.6279.6001.174935793360491516757154875981,0,without_nodules_pseudo,without_nodules,0.6246246246246246,0.7131147540983607,0.2522255192878338,0.0,34.0,34.0
1.3.6.1.4.1.14519.5.2.1.6279.6001.175318131822744218104175746898,0,without_nodules_pseudo,without_nodules,0.6891025641025641,0.3904761904761905,0.2084942084942085,0.0,22.0,22.0
1.3.6.1.4.1.14519.5.2.1.6279.6001.175318131822744218104175746898,1,without_nodules_pseudo,without_nodules,0.5673076923076923,0.5571428571428572,0.7374517374517374,1.0,34.0,27.0
1.3.6.1.4.1.14519.5.2.1.6279.6001.176030616406569931557298712518,0,with_nodules_real,with_nodules,0.19444444444444445,0.6008583690987125,0.6542372881355932,0.0,10.0,9.0
1.3.6.1.4.1.14519.5.2.1.6279.6001.176030616406569931557298712518,1,with_nodules_real,with_nodules,0.24305555555555555,0.845900179490511,0.30451383429058526,0.0,8.0,8.0
1.3.6.1.4.1.14519.5.2.1.6279.6001.176030616406569931557298712518,2,with_nodules_real,with_nodules,0.4756944444444444,0.401913458697274,0.34357343770689885,0.0,5.0,6.0
1.3.6.1.4.1.14519.5.2.1.6279.6001.176030616406569931557298712518,3,with_nodules_real,with_nodules,0.5069444444444444,0.791054918019045,0.3654772483696372,0.0,5.0,5.0
1.3.6.1.4.1.14519.5.2.1.6279.6001.176030616406569931557298712518,4,with_nodules_real,with_nodules,0.5138888888888888,0.8763948366877347,0.7256779557567532,0.0,6.0,5.0
1.3.6.1.4.1.14519.5.2.1.6279.6001.176030616406569931557298712518,5,with_nodules_real,with_nodules,0.3576388888888889,0.8740611587982833,0.3728813559322034,0.0,4.0,5.0
1.3.6.1.4.1.14519.5.2.1.6279.6001.176030616406569931557298712518,6,with_nodules_real,with_nodules,0.17708333333333334,0.7918454935622318,0.7305084745762712,0.0,5.0,4.0
1.3.6.1.4.1.14519.5.2.1.6279.6001.176030616406569931557298712518,7,with_nodules_real,with_nodules,0.4513888888888889,0.6943251974081277,0.4491525423728814,0.0,3.0,3.0
1.3.6.1.4.1.14519.5.2.1.6279.6001.176030616406569931557298712518,8,with_nodules_real,with_nodules,0.5972222222222222,0.41416309012875535,0.8508474576271187,0.0,3.0,3.0
1.3.6.1.4.1.14519.5.2.1.6279.6001.176030616406569931557298712518,9,with_nodules_real,with_nodules,0.3125,0.26508457363930893,0.27876369670286016,0.0,3.0,4.0
1.3.6.1.4.1.14519.5.2.1.6279.6001.176030616406569931557298712518,10,with_nodules_real,with_nodules,0.6701388888888888,0.35793992071192665,0.3708474627995895,0.0,2.0,3.0
1.3.6.1.4.1.14519.5.2.1.6279.6001.176030616406569931557298712518,11,with_nodules_real,with_nodules,0.375,0.28491250230519044,0.8563233456369174,0.0,2.0,3.0
1.3.6.1.4.1.14519.5.2.1.6279.6001.176362912420491262783064585333,0,without_nodules_pseudo,without_nodules,0.55859375,0.6758893280632411,0.7987421383647799,0.0,18.0,18.0
1.3.6.1.4.1.14519.5.2.1.6279.6001.176362912420491262783064585333,1,without_nodules_pseudo,without_nodules,0.359375,0.6521739130434783,0.34276729559748426,0.0,40.0,40.0
1.3.6.1.4.1.14519.5.2.1.6279.6001.176638348958425792989125209419,0,with_nodules_real,with_nodules,0.5956678700361011,0.3302325581395349,0.716348641185554,0.0,2.0,3.0
1.3.6.1.4.1.14519.5.2.1.6279.6001.176638348958425792989125209419,1,with_nodules_real,with_nodules,0.8231046931407943,0.6341085034747457,0.8154833411481837,0.0,2.0,2.0
1.3.6.1.4.1.14519.5.2.1.6279.6001.176869045992276345870480098568,0,with_nodules_real,with_nodules,0.7261904761904762,0.7679109760359222,0.3959622730240511,0.0,4.0,4.0
1.3.6.1.4.1.14519.5.2.1.6279.6001.177086402277715068525592995222,0,with_nodules_real,with_nodules,0.625,0.7119017706976997,0.25173258463541665,0.0,22.0,19.0
1.3.6.1.4.1.14519.5.2.1.6279.6001.177086402277715068525592995222,1,with_nodules_real,with_nodules,0.8933823529411765,0.47023809523809523,0.2833333333333333,0.0,7.0,6.0
1.3.6.1.4.1.14519.5.2.1.6279.6001.177252583002664900748714851615,0,with_nodules_real,with_nodules,0.875,0.4519783539297693,0.31760776661060475,0.0,6.0,7.0
1.3.6.1.4.1.14519.5.2.1.6279.6001.177685820605315926524514718990,0,with_nodules_real,with_nodules,0.7362637362637363,0.7326855851930353,0.23224330853812303,0.0,6.0,6.0
1.3.6.1.4.1.14519.5.2.1.6279.6001.177785764461425908755977367558,0,with_nodules_real,with_nodules,0.45,0.08399138139120897,0.34192439862542956,0.0,2.0,3.0
1.3.6.1.4.1.14519.5.2.1.6279.6001.177888806135892723698313903329,0,without_nodules_pseudo,without_nodules,0.7635658914728682,0.7413793103448276,0.24918032786885247,0.0,16.0,16.0
1.3.6.1.4.1.14519.5.2.1.6279.6001.177985905159808659201278495182,0,without_nodules_pseudo,without_nodules,0.4980694980694981,0.6962616822429907,0.15413533834586465,0.0,32.0,24.0
1.3.6.1.4.1.14519.5.2.1.6279.6001.177985905159808659201278495182,1,without_nodules_pseudo,without_nodules,0.6332046332046332,0.8037383177570093,0.3157894736842105,0.0,34.0,34.0
1.3.6.1.4.1.14519.5.2.1.6279.6001.177985905159808659201278495182,2,without_nodules_pseudo,without_nodules,0.3745173745173745,0.6869158878504673,0.2744360902255639,0.0,24.0,24.0
1.3.6.1.4.1.14519.5.2.1.6279.6001.177985905159808659201278495182,3,without_nodules_pseudo,without_nodules,0.3204633204633205,0.6448598130841121,0.6165413533834586,2.0,19.0,26.0
1.3.6.1.4.1.14519.5.2.1.6279.6001.177985905159808659201278495182,4,without_nodules_pseudo,without_nodules,0.3359073359073359,0.18691588785046728,0.37969924812030076,0.0,16.0,12.0
1.3.6.1.4.1.14519.5.2.1.6279.6001.177985905159808659201278495182,5,without_nodules_pseudo,without_nodules,0.5366795366795367,0.16355140186915887,0.2932330827067669,4.0,35.0,40.0
1.3.6.1.4.1.14519.5.2.1.6279.6001.178391668569567816549737454720,0,with_nodules_real,with_nodules,0.42857142857142855,0.3029629707336426,0.8329990538449064,0.0,3.0,5.0
1.3.6.1.4.1.14519.5.2.1.6279.6001.178680586845223339579041794709,0,with_nodules_real,with_nodules,0.26143790849673204,0.6529049980909305,0.7340419358473558,0.0,6.0,6.0
1.3.6.1.4.1.14519.5.2.1.6279.6001.179049373636438705059720603192,0,with_nodules_real,with_nodules,0.6418439716312057,0.8525033133370535,0.6488480340866816,0.0,20.0,17.0
1.3.6.1.4.1.14519.5.2.1.6279.6001.179162671133894061547290922949,0,with_nodules_real,with_nodules,0.27936507936507937,0.2811158798283262,0.9236760124610592,0.0,5.0,6.0
1.3.6.1.4.1.14519.5.2.1.6279.6001.179162671133894061547290922949,1,with_nodules_real,with_nodules,0.3492063492063492,0.3845175550730955,0.10672666127807998,0.0,4.0,4.0
1.3.6.1.4.1.14519.5.2.1.6279.6001.179162671133894061547290922949,2,with_nodules_real,with_nodules,0.5492063492063493,0.28803053434314646,0.34787122779917495,0.0,2.0,3.0
1.3.6.1.4.1.14519.5.2.1.6279.6001.179209990684978588019929720099,0,with_nodules_real,with_nodules,0.7397260273972602,0.42121210965243255,0.1558872336771951,0.0,5.0,5.0
1.3.6.1.4.1.14519.5.2.1.6279.6001.179209990684978588019929720099,1,with_nodules_real,with_nodules,0.4417808219178082,0.17685950886119495,0.757123463189424,0.0,4.0,3.0
1.3.6.1.4.1.14519.5.2.1.6279.6001.179683407589764683292800449011,0,without_nodules_pseudo,without_nodules,0.635036496350365,0.8494623655913979,0.311787072243346,0.0,34.0,38.0
1.3.6.1.4.1.14519.5.2.1.6279.6001.179683407589764683292800449011,1,without_nodules_pseudo,without_nodules,0.4744525547445255,0.7365591397849462,0.21673003802281368,0.0,34.0,34.0
1.3.6.1.4.1.14519.5.2.1.6279.6001.179730018513720561213088132029,0,with_nodules_real,with_nodules,0.2525597269624573,0.736961437406994,0.15594828497503221,0.0,3.0,4.0
1.3.6.1.4.1.14519.5.2.1.6279.6001.179943248049071805421192715219,0,with_nodules_real,with_nodules,0.3568904593639576,0.29469241371637656,0.8855032223707054,0.0,3.0,3.0
1.3.6.1.4.1.14519.5.2.1.6279.6001.182192086929819295877506541021,0,with_nodules_real,with_nodules,0.5326460481099656,0.8456439393939394,0.6222910216718266,0.0,4.0,5.0
1.3.6.1.4.1.14519.5.2.1.6279.6001.182192086929819295877506541021,1,with_nodules_real,with_nodules,0.5154639175257731,0.09902597402597403,0.6776315789473685,0.0,2.0,2.0
1.3.6.1.4.1.14519.5.2.1.6279.6001.182798854785392200340436516930,0,without_nodules_pseudo,without_nodules,0.6194690265486725,0.8333333333333334,0.7151335311572701,0.0,26.0,26.0
1.3.6.1.4.1.14519.5.2.1.6279.6001.183056151780567460322586876100,0,without_nodules_pseudo,without_nodules,0.5604395604395604,0.6857142857142857,0.2012987012987013,0.0,16.0,16.0
1.3.6.1.4.1.14519.5.2.1.6279.6001.183184435049555024219115904825,0,with_nodules_real,with_nodules,0.8674242424242424,0.4304455294467435,0.6893877301897321,0.0,4.0,3.0
1.3.6.1.4.1.14519.5.2.1.6279.6001.183184435049555024219115904825,1,with_nodules_real,with_nodules,0.3371212121212121,0.10537482724331393,0.25510204081632654,0.0,2.0,3.0
1.3.6.1.4.1.14519.5.2.1.6279.6001.183843376225716802567192412456,0,with_nodules_real,with_nodules,0.5521885521885522,0.5668355089552859,0.7985274533191359,0.0,6.0,7.0
1.3.6.1.4.1.14519.5.2.1.6279.6001.183843376225716802567192412456,1,with_nodules_real,with_nodules,0.8148148148148148,0.40425531914893614,0.641566265060241,0.0,6.0,5.0
1.3.6.1.4.1.14519.5.2.1.6279.6001.183843376225716802567192412456,2,with_nodules_real,with_nodules,0.5959595959595959,0.8713053601853391,0.6272386757724256,0.0,5.0,5.0
1.3.6.1.4.1.14519.5.2.1.6279.6001.183843376225716802567192412456,3,with_nodules_real,with_nodules,0.67003367003367,0.49707446808510636,0.7250564759036144,0.0,4.0,5.0
1.3.6.1.4.1.14519.5.2.1.6279.6001.183924380327950237519832859527,0,with_nodules_real,with_nodules,0.5714285714285714,0.2983219079804002,0.3409324947156404,0.0,14.0,12.0
1.3.6.1.4.1.14519.5.2.1.6279.6001.183924380327950237519832859527,1,with_nodules_real,with_nodules,0.31954887218045114,0.618421052631579,0.18914473684210525,0.0,12.0,10.0
1.3.6.1.4.1.14519.5.2.1.6279.6001.183982839679953938397312236359,0,with_nodules_real,with_nodules,0.6666666666666666,0.638626390667053,0.28469077718382513,0.0,21.0,18.0
1.3.6.1.4.1.14519.5.2.1.6279.6001.184019785706727365023450012318,0,without_nodules_pseudo,without_nodules,0.7962264150943397,0.4336283185840708,0.5922330097087378,1.0,40.0,32.0
1.3.6.1.4.1.14519.5.2.1.6279.6001.184019785706727365023450012318,1,without_nodules_pseudo,without_nodules,0.5056603773584906,0.7920353982300885,0.3656957928802589,0.0,22.0,22.0
1.3.6.1.4.1.14519.5.2.1.6279.6001.184019785706727365023450012318,2,without_nodules_pseudo,without_nodules,0.4830188679245283,0.6238938053097345,0.14563106796116504,0.0,22.0,22.0
1.3.6.1.4.1.14519.5.2.1.6279.6001.184019785706727365023450012318,3,without_nodules_pseudo,without_nodules,0.4075471698113208,0.8141592920353983,0.7572815533980582,0.0,40.0,40.0
1.3.6.1.4.1.14519.5.2.1.6279.6001.184019785706727365023450012318,4,without_nodules_pseudo,without_nodules,0.39622641509433965,0.9247787610619469,0.34627831715210355,3.0,19.0,29.0
1.3.6.1.4.1.14519.5.2.1.6279.6001.184019785706727365023450012318,5,without_nodules_pseudo,without_nodules,0.5056603773584906,0.24778761061946902,0.20388349514563106,1.0,31.0,26.0
1.3.6.1.4.1.14519.5.2.1.6279.6001.184019785706727365023450012318,6,without_nodules_pseudo,without_nodules,0.5245283018867924,0.8141592920353983,0.3106796116504854,0.0,38.0,38.0
1.3.6.1.4.1.14519.5.2.1.6279.6001.184019785706727365023450012318,7,without_nodules_pseudo,without_nodules,0.6716981132075471,0.3584070796460177,0.37216828478964403,0.0,28.0,21.0
1.3.6.1.4.1.14519.5.2.1.6279.6001.184412674007117333405073397832,0,with_nodules_real,with_nodules,0.43597560975609756,0.28968255561694767,0.17138364779874213,0.0,6.0,5.0
1.3.6.1.4.1.14519.5.2.1.6279.6001.185154482385982570363528682299,0,with_nodules_real,with_nodules,0.4472843450479233,0.770741861333292,0.329433933835188,0.0,9.0,8.0
1.3.6.1.4.1.14519.5.2.1.6279.6001.185154482385982570363528682299,1,with_nodules_real,with_nodules,0.5527156549520766,0.6005291005291006,0.6826568265682657,0.0,4.0,4.0
1.3.6.1.4.1.14519.5.2.1.6279.6001.185226274332527104841463955058,0,with_nodules_real,with_nodules,0.2693726937269373,0.4485119070325579,0.8979919617434582,0.0,3.0,3.0
1.3.6.1.4.1.14519.5.2.1.6279.6001.185226274332527104841463955058,1,with_nodules_real,with_nodules,0.4280442804428044,0.22149724619729177,0.20296570191900415,0.0,3.0,2.0
1.3.6.1.4.1.14519.5.2.1.6279.6001.186021279664749879526003668137,0,without_nodules_pseudo,without_nodules,0.21385542168674698,0.44541484716157204,0.6048632218844985,3.0,33.0,33.0
1.3.6.1.4.1.14519.5.2.1.6279.6001.187108608022306504546286626125,0,with_nodules_real,with_nodules,0.8362989323843416,0.44949635096958707,0.26458041104403407,0.0,9.0,9.0
1.3.6.1.4.1.14519.5.2.1.6279.6001.187108608022306504546286626125,1,with_nodules_real,with_nodules,0.8042704626334519,0.5095238095238095,0.8938502641157671,0.0,8.0,7.0
1.3.6.1.4.1.14519.5.2.1.6279.6001.187108608022306504546286626125,2,with_nodules_real,with_nodules,0.5765124555160143,0.9119047619047619,0.3145454545454546,0.0,6.0,6.0
1.3.6.1.4.1.14519.5.2.1.6279.6001.187108608022306504546286626125,3,with_nodules_real,with_nodules,0.4128113879003559,0.8989417666480655,0.6781818181818182,0.0,3.0,3.0
1.3.6.1.4.1.14519.5.2.1.6279.6001.187451715205085403623595258748,0,with_nodules_real,with_nodules,0.5186440677966102,0.31699345158595665,0.824384495831918,0.0,15.0,13.0
1.3.6.1.4.1.14519.5.2.1.6279.6001.187451715205085403623595258748,1,with_nodules_real,with_nodules,0.376271186440678,0.7160130669088924,0.7248792233674423,0.0,10.0,10.0
1.3.6.1.4.1.14519.5.2.1.6279.6001.187694838527128312070807533473,0,with_nodules_real,with_nodules,0.41697416974169743,0.27654867256637167,0.8379629629629629,0.0,13.0,11.0
1.3.6.1.4.1.14519.5.2.1.6279.6001.187803155574314810830688534991,0,without_nodules_pseudo,without_nodules,0.5319148936170213,0.6323529411764706,0.24647887323943662,0.0,26.0,26.0
1.3.6.1.4.1.14519.5.2.1.6279.6001.187803155574314810830688534991,1,without_nodules_pseudo,without_nodules,0.5404255319148936,0.7696078431372549,0.8309859154929577,0.0,22.0,22.0
1.3.6.1.4.1.14519.5.2.1.6279.6001.187966156856911682643615997798,0,with_nodules_real,with_nodules,0.5911949685534591,0.8946288568288209,0.3452777862548828,0.0,8.0,7.0
1.3.6.1.4.1.14519.5.2.1.6279.6001.187966156856911682643615997798,1,with_nodules_real,with_nodules,0.2861635220125786,0.3107769305889423,0.9041005240546333,0.0,3.0,4.0
1.3.6.1.4.1.14519.5.2.1.6279.6001.187966156856911682643615997798,2,with_nodules_real,with_nodules,0.1540880503144654,0.7339502867416814,0.2621527777777778,0.0,2.0,3.0
1.3.6.1.4.1.14519.5.2.1.6279.6001.187966156856911682643615997798,3,with_nodules_real,with_nodules,0.5911949685534591,0.39155581702104947,0.765625,0.0,2.0,3.0
1.3.6.1.4.1.14519.5.2.1.6279.6001.188059920088313909273628445208,0,with_nodules_real,with_nodules,0.08846153846153847,0.8367063249860491,0.36042402826855124,0.0,3.0,4.0
1.3.6.1.4.1.14519.5.2.1.6279.6001.188059920088313909273628445208,1,with_nodules_real,with_nodules,0.19230769230769232,0.7963718959263393,0.14353020873592093,0.0,4.0,4.0
1.3.6.1.4.1.14519.5.2.1.6279.6001.188209889686363159853715266493,0,with_nodules_real,with_nodules,0.6448598130841121,0.7182055837739774,0.6359410361638145,0.0,5.0,4.0
1.3.6.1.4.1.14519.5.2.1.6279.6001.188209889686363159853715266493,1,with_nodules_real,with_nodules,0.7133956386292835,0.7845528455284553,0.2862663874550471,0.0,4.0,4.0
1.3.6.1.4.1.14519.5.2.1.6279.6001.188265424231150847356515802868,0,with_nodules_real,with_nodules,0.8243727598566308,0.6306729025684052,0.3040326436360677,0.0,6.0,7.0
1.3.6.1.4.1.14519.5.2.1.6279.6001.188376349804761988217597754952,0,with_nodules_real,with_nodules,0.7426160337552743,0.7288241771941489,0.2687523048240822,0.0,8.0,8.0
1.3.6.1.4.1.14519.5.2.1.6279.6001.188376349804761988217597754952,1,with_nodules_real,with_nodules,0.48945147679324896,0.8794783571933178,0.7381005987420782,0.0,4.0,5.0
1.3.6.1.4.1.14519.5.2.1.6279.6001.188376349804761988217597754952,2,with_nodules_real,with_nodules,0.350210970464135,0.7520309772897273,0.11013986013986014,0.0,3.0,4.0
1.3.6.1.4.1.14519.5.2.1.6279.6001.188376349804761988217597754952,3,with_nodules_real,with_nodules,0.5274261603375527,0.6808510638297872,0.15734265734265734,0.0,4.0,3.0
1.3.6.1.4.1.14519.5.2.1.6279.6001.188385286346390202873004762827,0,with_nodules_real,with_nodules,0.39823008849557523,0.17444365228240813,0.1631578947368421,0.0,2.0,3.0
1.3.6.1.4.1.14519.5.2.1.6279.6001.188484197846284733942365679565,0,without_nodules_pseudo,without_nodules,0.7315436241610739,0.537117903930131,0.3941176470588235,0.0,16.0,16.0
1.3.6.1.4.1.14519.5.2.1.6279.6001.188484197846284733942365679565,1,without_nodules_pseudo,without_nodules,0.5033557046979866,0.6768558951965066,0.18529411764705883,0.0,26.0,26.0
1.3.6.1.4.1.14519.5.2.1.6279.6001.188484197846284733942365679565,2,without_nodules_pseudo,without_nodules,0.7449664429530202,0.6419213973799127,0.7352941176470589,0.0,32.0,32.0
1.3.6.1.4.1.14519.5.2.1.6279.6001.188484197846284733942365679565,3,without_nodules_pseudo,without_nodules,0.45302013422818793,0.2052401746724891,0.25882352941176473,0.0,40.0,40.0
1.3.6.1.4.1.14519.5.2.1.6279.6001.188484197846284733942365679565,4,without_nodules_pseudo,without_nodules,0.802013422818792,0.8253275109170306,0.3058823529411765,1.0,17.0,20.0
1.3.6.1.4.1.14519.5.2.1.6279.6001.188484197846284733942365679565,5,without_nodules_pseudo,without_nodules,0.714765100671141,0.2576419213973799,0.6882352941176471,0.0,34.0,34.0
1.3.6.1.4.1.14519.5.2.1.6279.6001.188484197846284733942365679565,6,without_nodules_pseudo,without_nodules,0.610738255033557,0.18777292576419213,0.6852941176470588,0.0,22.0,22.0
1.3.6.1.4.1.14519.5.2.1.6279.6001.188619674701053082195613114069,0,with_nodules_real,with_nodules,0.5559105431309904,0.306282722513089,0.12949640287769784,0.0,9.0,8.0
1.3.6.1.4.1.14519.5.2.1.6279.6001.188619674701053082195613114069,1,with_nodules_real,with_nodules,0.7284345047923323,0.5497382198952879,0.17176258992805754,0.0,6.0,6.0
1.3.6.1.4.1.14519.5.2.1.6279.6001.189483585244687808087477024767,0,with_nodules_real,with_nodules,0.09278350515463918,0.8411274726080787,0.25923883019982874,0.0,5.0,6.0
1.3.6.1.4.1.14519.5.2.1.6279.6001.189483585244687808087477024767,1,with_nodules_real,with_nodules,0.23711340206185566,0.7528649573903448,0.8309976846964152,0.0,3.0,3.0
1.3.6.1.4.1.14519.5.2.1.6279.6001.190144948425835566841437565646,0,without_nodules_pseudo,without_nodules,0.5598455598455598,0.7845303867403315,0.24149659863945577,0.0,34.0,34.0
1.3.6.1.4.1.14519.5.2.1.6279.6001.190298296009658115773239776160,0,with_nodules_real,with_nodules,0.2786377708978328,0.6304044843218816,0.341245267413349,0.0,5.0,5.0
1.3.6.1.4.1.14519.5.2.1.6279.6001.190937805243443708408459490152,0,without_nodules_pseudo,without_nodules,0.46621621621621623,0.8869565217391304,0.76,2.0,30.0,35.0
1.3.6.1.4.1.14519.5.2.1.6279.6001.191266041369462391833537519639,0,with_nodules_real,with_nodules,0.4033898305084746,0.7568807339449541,0.1925566343042071,0.0,3.0,3.0
1.3.6.1.4.1.14519.5.2.1.6279.6001.191301539558980174217770205256,0,without_nodules_pseudo,without_nodules,0.5633333333333334,0.33201581027667987,0.8184615384615385,0.0,32.0,32.0
1.3.6.1.4.1.14519.5.2.1.6279.6001.191617711875409989053242965150,0,without_nodules_pseudo,without_nodules,0.68,0.4782608695652174,0.14457831325301204,0.0,16.0,16.0
1.3.6.1.4.1.14519.5.2.1.6279.6001.192256506776434538421891524301,0,with_nodules_real,with_nodules,0.6559485530546624,0.36123348017621143,0.8159613056242653,0.0,4.0,4.0
1.3.6.1.4.1.14519.5.2.1.6279.6001.192256506776434538421891524301,1,with_nodules_real,with_nodules,0.8327974276527331,0.6409691629955947,0.4122257053291536,0.0,4.0,4.0
1.3.6.1.4.1.14519.5.2.1.6279.6001.192256506776434538421891524301,2,with_nodules_real,with_nodules,0.5884244372990354,0.4052863436123348,0.3166144200626959,0.0,4.0,3.0
1.3.6.1.4.1.14519.5.2.1.6279.6001.192256506776434538421891524301,3,with_nodules_real,with_nodules,0.3762057877813505,0.6784140969162996,0.877742946708464,0.0,4.0,3.0
1.3.6.1.4.1.14519.5.2.1.6279.6001.192256506776434538421891524301,4,with_nodules_real,with_nodules,0.842443729903537,0.6762114537444934,0.5830721003134797,0.0,3.0,3.0
1.3.6.1.4.1.14519.5.2.1.6279.6001.192419869605596446455526220766,0,with_nodules_real,with_nodules,0.5571955719557196,0.13255709380351852,0.7664098707296081,0.0,4.0,4.0
1.3.6.1.4.1.14519.5.2.1.6279.6001.193408384740507320589857096592,0,without_nodules_pseudo,without_nodules,0.45901639344262296,0.83,0.784,0.0,16.0,16.0
1.3.6.1.4.1.14519.5.2.1.6279.6001.193721075067404532739943086458,0,without_nodules_pseudo,without_nodules,0.35507246376811596,0.5909090909090909,0.45302013422818793,2.0,27.0,29.0
1.3.6.1.4.1.14519.5.2.1.6279.6001.193721075067404532739943086458,1,without_nodules_pseudo,without_nodules,0.4746376811594203,0.6262626262626263,0.22818791946308725,0.0,38.0,38.0
1.3.6.1.4.1.14519.5.2.1.6279.6001.193721075067404532739943086458,2,without_nodules_pseudo,without_nodules,0.5688405797101449,0.696969696969697,0.8355704697986577,0.0,22.0,14.0
1.3.6.1.4.1.14519.5.2.1.6279.6001.193808128386712859512130599234,0,with_nodules_real,with_nodules,0.7394366197183099,0.2866666793823242,0.3479230675330529,0.0,5.0,5.0
1.3.6.1.4.1.14519.5.2.1.6279.6001.193964947698259739624715468431,0,with_nodules_real,with_nodules,0.8455882352941176,0.7628865979381443,0.5779411652508903,0.0,2.0,2.0
1.3.6.1.4.1.14519.5.2.1.6279.6001.194246472548954252250399902051,0,with_nodules_real,with_nodules,0.6487455197132617,0.56565414698778,0.39815423546767814,0.0,5.0,4.0
1.3.6.1.4.1.14519.5.2.1.6279.6001.194440094986948071643661798326,0,with_nodules_real,with_nodules,0.21003134796238246,0.7877344998446378,0.7215183736352017,0.0,6.0,7.0
1.3.6.1.4.1.14519.5.2.1.6279.6001.194465340552956447447896167830,0,without_nodules_pseudo,without_nodules,0.569023569023569,0.8695652173913043,0.29283489096573206,0.0,22.0,22.0
1.3.6.1.4.1.14519.5.2.1.6279.6001.194488534645348916700259325236,0,with_nodules_real,with_nodules,0.6631205673758865,0.5871848686068666,0.7883333333333333,0.0,4.0,4.0
1.3.6.1.4.1.14519.5.2.1.6279.6001.194488534645348916700259325236,1,with_nodules_real,with_nodules,0.2765957446808511,0.7682462206073836,0.869629618326823,0.0,3.0,3.0
1.3.6.1.4.1.14519.5.2.1.6279.6001.194632613233275988184244485809,0,with_nodules_real,with_nodules,0.772,0.408054611899636,0.3089887640449438,0.0,17.0,14.0
1.3.6.1.4.1.14519.5.2.1.6279.6001.194766721609772924944646251928,0,with_nodules_real,with_nodules,0.5992366412213741,0.4219409282700422,0.16283698448768028,0.0,20.0,18.0
1.3.6.1.4.1.14519.5.2.1.6279.6001.195557219224169985110295082004,0,with_nodules_real,with_nodules,0.7302158273381295,0.5603319514881481,0.8280701754385965,0.0,7.0,7.0
1.3.6.1.4.1.14519.5.2.1.6279.6001.195557219224169985110295082004,1,with_nodules_real,with_nodules,0.802158273381295,0.44673295454545453,0.364561408862733,0.0,5.0,5.0
1.3.6.1.4.1.14519.5.2.1.6279.6001.195557219224169985110295082004,2,with_nodules_real,with_nodules,0.7949640287769785,0.2556818181818182,0.3368421052631579,0.0,5.0,5.0
1.3.6.1.4.1.14519.5.2.1.6279.6001.195557219224169985110295082004,3,with_nodules_real,with_nodules,0.49280575539568344,0.20170454545454544,0.8614035087719298,0.0,5.0,4.0
1.3.6.1.4.1.14519.5.2.1.6279.6001.195557219224169985110295082004,4,with_nodules_real,with_nodules,0.8057553956834532,0.4971590909090909,0.8929824561403509,0.0,5.0,4.0
1.3.6.1.4.1.14519.5.2.1.6279.6001.195557219224169985110295082004,5,with_nodules_real,with_nodules,0.5719424460431655,0.5144794637506659,0.8435766922800164,0.0,5.0,4.0
1.3.6.1.4.1.14519.5.2.1.6279.6001.195557219224169985110295082004,6,with_nodules_real,with_nodules,0.60431654676259,0.4147727272727273,0.8479166666666667,0.0,4.0,5.0
1.3.6.1.4.1.14519.5.2.1.6279.6001.195557219224169985110295082004,7,with_nodules_real,with_nodules,0.5287769784172662,0.2601799314672297,0.26388889781215735,0.0,4.0,4.0
1.3.6.1.4.1.14519.5.2.1.6279.6001.195557219224169985110295082004,8,with_nodules_real,with_nodules,0.4712230215827338,0.25970643216913397,0.7614035087719299,0.0,3.0,4.0
1.3.6.1.4.1.14519.5.2.1.6279.6001.195913706607582347421429908613,0,with_nodules_real,with_nodules,0.4801587301587302,0.2784090909090909,0.07983192976783304,0.0,3.0,3.0
1.3.6.1.4.1.14519.5.2.1.6279.6001.196251645377731223510086726530,0,with_nodules_real,with_nodules,0.6666666666666666,0.285,0.7962264150943397,0.0,4.0,3.0
1.3.6.1.4.1.14519.5.2.1.6279.6001.197063290812663596858124411210,0,with_nodules_real,with_nodules,0.8245614035087719,0.5684319904872349,0.7583455206121056,0.0,8.0,7.0
1.3.6.1.4.1.14519.5.2.1.6279.6001.197063290812663596858124411210,1,with_nodules_real,with_nodules,0.13333333333333333,0.6473214285714286,0.09061488673139159,0.0,6.0,5.0
1.3.6.1.4.1.14519.5.2.1.6279.6001.197063290812663596858124411210,2,with_nodules_real,with_nodules,0.5017543859649123,0.2611607142857143,0.18284789644012944,0.0,5.0,4.0
1.3.6.1.4.1.14519.5.2.1.6279.6001.197063290812663596858124411210,3,with_nodules_real,with_nodules,0.40350877192982454,0.21428571428571427,0.14724919093851133,0.0,4.0,4.0
1.3.6.1.4.1.14519.5.2.1.6279.6001.197063290812663596858124411210,4,with_nodules_real,with_nodules,0.656140350877193,0.3174107074737549,0.22961164060919803,0.0,3.0,4.0
1.3.6.1.4.1.14519.5.2.1.6279.6001.197987940182806628828566429132,0,without_nodules_pseudo,without_nodules,0.7,0.28313253012048195,0.359375,0.0,22.0,22.0
1.3.6.1.4.1.14519.5.2.1.6279.6001.197987940182806628828566429132,1,without_nodules_pseudo,without_nodules,0.5807692307692308,0.3253012048192771,0.2734375,0.0,30.0,30.0
1.3.6.1.4.1.14519.5.2.1.6279.6001.198016798894102791158686961192,0,with_nodules_real,with_nodules,0.3561643835616438,0.48903508771929827,0.05148992362929268,0.0,4.0,5.0
1.3.6.1.4.1.14519.5.2.1.6279.6001.198698492013538481395497694975,0,with_nodules_real,with_nodules,0.4177215189873418,0.8551033051941684,0.7145687494522486,0.0,17.0,16.0
1.3.6.1.4.1.14519.5.2.1.6279.6001.198698492013538481395497694975,1,with_nodules_real,with_nodules,0.5854430379746836,0.48963969721454953,0.7594184875488281,0.0,16.0,14.0
1.3.6.1.4.1.14519.5.2.1.6279.6001.198698492013538481395497694975,2,with_nodules_real,with_nodules,0.6740506329113924,0.41503175232699724,0.6981006524501703,0.0,10.0,10.0
1.3.6.1.4.1.14519.5.2.1.6279.6001.199069398344356765037879821616,0,without_nodules_pseudo,without_nodules,0.7724137931034483,0.4063745019920319,0.3081570996978852,0.0,26.0,26.0
1.3.6.1.4.1.14519.5.2.1.6279.6001.199069398344356765037879821616,1,without_nodules_pseudo,without_nodules,0.4379310344827586,0.8764940239043825,0.7371601208459214,2.0,28.0,34.0
1.3.6.1.4.1.14519.5.2.1.6279.6001.199171741859530285887752432478,0,with_nodules_real,with_nodules,0.5054151624548736,0.7389558232931727,0.22713414634146342,0.0,4.0,4.0
1.3.6.1.4.1.14519.5.2.1.6279.6001.199171741859530285887752432478,1,with_nodules_real,with_nodules,0.4981949458483754,0.6402078651520143,0.7595050160477801,0.0,2.0,4.0
1.3.6.1.4.1.14519.5.2.1.6279.6001.199220738144407033276946096708,0,with_nodules_real,with_nodules,0.5309090909090909,0.7239819004524887,0.15454545454545454,0.0,4.0,3.0
1.3.6.1.4.1.14519.5.2.1.6279.6001.199261544234308780356714831537,0,with_nodules_real,with_nodules,0.8181818181818182,0.40407413718974694,0.23304275319546083,0.0,6.0,6.0
1.3.6.1.4.1.14519.5.2.1.6279.6001.199282854229880908602362094937,0,with_nodules_real,with_nodules,0.30689655172413793,0.10736842564174107,0.29438982953082077,0.0,3.0,4.0
1.3.6.1.4.1.14519.5.2.1.6279.6001.199670099218798685977406484591,0,with_nodules_real,with_nodules,0.2737642585551331,0.5287610619469026,0.8256704980842912,0.0,6.0,6.0
1.3.6.1.4.1.14519.5.2.1.6279.6001.199670099218798685977406484591,1,with_nodules_real,with_nodules,0.29277566539923955,0.16592920353982302,0.18582375478927204,0.0,2.0,3.0
1.3.6.1.4.1.14519.5.2.1.6279.6001.199975006921901879512837687266,0,with_nodules_real,with_nodules,0.7777777777777778,0.2989796002705892,0.23348765022838458,0.0,6.0,5.0
1.3.6.1.4.1.14519.5.2.1.6279.6001.199975006921901879512837687266,1,with_nodules_real,with_nodules,0.8541666666666666,0.4068055470784505,0.6465388776395268,0.0,5.0,4.0
1.3.6.1.4.1.14519.5.2.1.6279.6001.200513183558872708878454294671,0,with_nodules_real,with_nodules,0.6052631578947368,0.1867841476910965,0.30115384321946365,0.0,4.0,4.0
1.3.6.1.4.1.14519.5.2.1.6279.6001.200558451375970945040979397866,0,without_nodules_pseudo,without_nodules,0.5084745762711864,0.8823529411764706,0.6858974358974359,0.0,28.0,28.0
1.3.6.1.4.1.14519.5.2.1.6279.6001.200558451375970945040979397866,1,without_nodules_pseudo,without_nodules,0.6135593220338983,0.7563025210084033,0.1955128205128205,0.0,16.0,16.0
1.3.6.1.4.1.14519.5.2.1.6279.6001.200558451375970945040979397866,2,without_nodules_pseudo,without_nodules,0.6406779661016949,0.35714285714285715,0.20833333333333334,4.0,34.0,30.0
1.3.6.1.4.1.14519.5.2.1.6279.6001.200558451375970945040979397866,3,without_nodules_pseudo,without_nodules,0.5152542372881356,0.36134453781512604,0.8301282051282052,0.0,16.0,16.0
1.3.6.1.4.1.14519.5.2.1.6279.6001.200558451375970945040979397866,4,without_nodules_pseudo,without_nodules,0.7593220338983051,0.4369747899159664,0.7371794871794872,0.0,22.0,22.0
1.3.6.1.4.1.14519.5.2.1.6279.6001.200725988589959521302320481687,0,with_nodules_real,with_nodules,0.8163265306122449,0.7727105947641226,0.6337312813794579,0.0,6.0,6.0
1.3.6.1.4.1.14519.5.2.1.6279.6001.200725988589959521302320481687,1,with_nodules_real,with_nodules,0.3843537414965986,0.9173076923076923,0.6988472622478387,0.0,6.0,6.0
1.3.6.1.4.1.14519.5.2.1.6279.6001.200837896655745926888305239398,0,without_nodules_pseudo,without_nodules,0.48109965635738833,0.2345132743362832,0.28289473684210525,0.0,40.0,40.0
1.3.6.1.4.1.14519.5.2.1.6279.6001.200841000324240313648595016964,0,with_nodules_real,with_nodules,0.6920152091254753,0.70042194092827,0.156957928802589,0.0,6.0,6.0
1.3.6.1.4.1.14519.5.2.1.6279.6001.201890795870532056891161597218,0,without_nodules_pseudo,without_nodules,0.28044280442804426,0.39748953974895396,0.29537366548042704,0.0,40.0,40.0
1.3.6.1.4.1.14519.5.2.1.6279.6001.202187810895588720702176009630,0,with_nodules_real,with_nodules,0.2168284789644013,0.7161836043648098,0.08492782684971559,0.0,3.0,4.0
1.3.6.1.4.1.14519.5.2.1.6279.6001.202187810895588720702176009630,1,with_nodules_real,with_nodules,0.4368932038834951,0.26793478260869563,0.1623867069486405,0.0,3.0,3.0
1.3.6.1.4.1.14519.5.2.1.6279.6001.202187810895588720702176009630,2,with_nodules_real,with_nodules,0.7572815533980582,0.42391304347826086,0.824773413897281,0.0,3.0,3.0
1.3.6.1.4.1.14519.5.2.1.6279.6001.202187810895588720702176009630,3,with_nodules_real,with_nodules,0.22330097087378642,0.3456521739130435,0.09581354953731294,0.0,3.0,3.0
1.3.6.1.4.1.14519.5.2.1.6279.6001.202187810895588720702176009630,4,with_nodules_real,with_nodules,0.27184466019417475,0.35942027879797894,0.9040785498489426,0.0,3.0,2.0
1.3.6.1.4.1.14519.5.2.1.6279.6001.202187810895588720702176009630,5,with_nodules_real,with_nodules,0.22330097087378642,0.7731225055197011,0.6822301397871035,0.0,2.0,3.0
1.3.6.1.4.1.14519.5.2.1.6279.6001.202187810895588720702176009630,6,with_nodules_real,with_nodules,0.7831715210355987,0.4505928702976393,0.5693490757322743,0.0,1.0,3.0
1.3.6.1.4.1.14519.5.2.1.6279.6001.202187810895588720702176009630,7,with_nodules_real,with_nodules,0.49838187702265374,0.4439613673997962,0.11379657987381396,0.0,2.0,3.0
1.3.6.1.4.1.14519.5.2.1.6279.6001.202187810895588720702176009630,8,with_nodules_real,with_nodules,0.3559870550161812,0.5304347826086957,0.9169184290030211,0.0,2.0,2.0
1.3.6.1.4.1.14519.5.2.1.6279.6001.202283133206014258077705539227,0,with_nodules_real,with_nodules,0.5054545454545455,0.7017373390568112,0.29693486590038315,0.0,13.0,11.0
1.3.6.1.4.1.14519.5.2.1.6279.6001.202283133206014258077705539227,1,with_nodules_real,with_nodules,0.8254545454545454,0.4982020924392256,0.4482758620689655,0.0,6.0,6.0
1.3.6.1.4.1.14519.5.2.1.6279.6001.202283133206014258077705539227,2,with_nodules_real,with_nodules,0.7272727272727273,0.45728153858369996,0.08074712935992127,0.0,6.0,5.0
1.3.6.1.4.1.14519.5.2.1.6279.6001.202283133206014258077705539227,3,with_nodules_real,with_nodules,0.7054545454545454,0.6737864225813486,0.6242337281676544,0.0,5.0,5.0
1.3.6.1.4.1.14519.5.2.1.6279.6001.202464973819273687476049035824,0,with_nodules_real,with_nodules,0.282312925170068,0.8395732934924139,0.7642108336189725,0.0,4.0,4.0
1.3.6.1.4.1.14519.5.2.1.6279.6001.202476538079060560282495099956,0,without_nodules_pseudo,without_nodules,0.7142857142857143,0.2571428571428571,0.6872964169381107,0.0,22.0,22.0
1.3.6.1.4.1.14519.5.2.1.6279.6001.202476538079060560282495099956,1,without_nodules_pseudo,without_nodules,0.6496598639455783,0.7095238095238096,0.1791530944625407,4.0,38.0,25.0
1.3.6.1.4.1.14519.5.2.1.6279.6001.202643836890896697853521610450,0,with_nodules_real,with_nodules,0.6204620462046204,0.5277972751193576,0.2151394422310757,0.0,6.0,6.0
1.3.6.1.4.1.14519.5.2.1.6279.6001.202811684116768680758082619196,0,with_nodules_real,with_nodules,0.6739130434782609,0.43619205505867314,0.2099473154222643,0.0,16.0,14.0
1.3.6.1.4.1.14519.5.2.1.6279.6001.203179378754043776171267611064,0,without_nodules_pseudo,without_nodules,0.6245487364620939,0.712707182320442,0.25,0.0,36.0,36.0
1.3.6.1.4.1.14519.5.2.1.6279.6001.203179378754043776171267611064,1,without_nodules_pseudo,without_nodules,0.7833935018050542,0.6077348066298343,0.2711267605633803,0.0,40.0,40.0
1.3.6.1.4.1.14519.5.2.1.6279.6001.203179378754043776171267611064,2,without_nodules_pseudo,without_nodules,0.4223826714801444,0.20441988950276244,0.7922535211267606,2.0,33.0,27.0
1.3.6.1.4.1.14519.5.2.1.6279.6001.203425588524695836343069893813,0,without_nodules_pseudo,without_nodules,0.49034749034749037,0.6594202898550725,0.822742474916388,0.0,22.0,22.0
1.3.6.1.4.1.14519.5.2.1.6279.6001.203741923654363010377298352671,0,without_nodules_pseudo,without_nodules,0.7266881028938906,0.4072164948453608,0.7472924187725631,0.0,18.0,18.0
1.3.6.1.4.1.14519.5.2.1.6279.6001.203741923654363010377298352671,1,without_nodules_pseudo,without_nodules,0.42765273311897106,0.5721649484536082,0.8303249097472925,0.0,36.0,36.0
1.3.6.1.4.1.14519.5.2.1.6279.6001.203741923654363010377298352671,2,without_nodules_pseudo,without_nodules,0.42765273311897106,0.25257731958762886,0.21299638989169675,0.0,16.0,16.0
1.3.6.1.4.1.14519.5.2.1.6279.6001.203741923654363010377298352671,3,without_nodules_pseudo,without_nodules,0.6881028938906752,0.654639175257732,0.17689530685920576,0.0,32.0,32.0
1.3.6.1.4.1.14519.5.2.1.6279.6001.203741923654363010377298352671,4,without_nodules_pseudo,without_nodules,0.6527331189710611,0.6391752577319587,0.8122743682310469,0.0,28.0,28.0
1.3.6.1.4.1.14519.5.2.1.6279.6001.204287915902811325371247860532,0,with_nodules_real,with_nodules,0.5396825396825397,0.8938172043010753,0.7556179775280899,0.0,4.0,3.0
1.3.6.1.4.1.14519.5.2.1.6279.6001.204287915902811325371247860532,1,with_nodules_real,with_nodules,0.21428571428571427,0.7909199704406082,0.6564710524198267,0.0,3.0,4.0
1.3.6.1.4.1.14519.5.2.1.6279.6001.204303454658845815034433453512,0,with_nodules_real,with_nodules,0.49572649572649574,0.5899127916691421,0.11226685454205769,0.0,11.0,10.0
1.3.6.1.4.1.14519.5.2.1.6279.6001.204303454658845815034433453512,1,with_nodules_real,with_nodules,0.31339031339031337,0.5380228136882129,0.0768728198074713,0.0,4.0,4.0
1.3.6.1.4.1.14519.5.2.1.6279.6001.204303454658845815034433453512,2,with_nodules_real,with_nodules,0.8831908831908832,0.7338403041825095,0.38074577145460176,0.0,4.0,5.0
1.3.6.1.4.1.14519.5.2.1.6279.6001.204303454658845815034433453512,3,with_nodules_real,with_nodules,0.4928774928774929,0.12167300380228137,0.2905233662302901,0.0,4.0,4.0
1.3.6.1.4.1.14519.5.2.1.6279.6001.204303454658845815034433453512,4,with_nodules_real,with_nodules,0.9031339031339032,0.7081749049429658,0.36051829268292684,0.0,4.0,4.0
1.3.6.1.4.1.14519.5.2.1.6279.6001.204566802718283633558802774757,0,with_nodules_real,with_nodules,0.867595818815331,0.7406650299721576,0.6928749355018562,0.0,12.0,10.0
1.3.6.1.4.1.14519.5.2.1.6279.6001.204802250386343794613980417281,0,with_nodules_real,with_nodules,0.4942084942084942,0.5232233347626507,0.8567226634306067,0.0,16.0,14.0
1.3.6.1.4.1.14519.5.2.1.6279.6001.205523326998654833765855998037,0,with_nodules_real,with_nodules,0.28719723183391005,0.7972350230414746,0.8433436343544408,0.0,3.0,4.0
1.3.6.1.4.1.14519.5.2.1.6279.6001.205523326998654833765855998037,1,with_nodules_real,with_nodules,0.30103806228373703,0.5373980966031826,0.9276653089021382,0.0,3.0,2.0
1.3.6.1.4.1.14519.5.2.1.6279.6001.205615524269596458818376243313,0,without_nodules_pseudo,without_nodules,0.55,0.6666666666666666,0.23636363636363636,0.0,30.0,30.0
1.3.6.1.4.1.14519.5.2.1.6279.6001.205615524269596458818376243313,1,without_nodules_pseudo,without_nodules,0.5269230769230769,0.319634703196347,0.25757575757575757,0.0,16.0,16.0
1.3.6.1.4.1.14519.5.2.1.6279.6001.205615524269596458818376243313,2,without_nodules_pseudo,without_nodules,0.7115384615384616,0.7853881278538812,0.28484848484848485,4.0,29.0,34.0
1.3.6.1.4.1.14519.5.2.1.6279.6001.205852555362702089950453265567,0,without_nodules_pseudo,without_nodules,0.23465703971119134,0.7989690721649485,0.6088560885608856,0.0,26.0,18.0
1.3.6.1.4.1.14519.5.2.1.6279.6001.205852555362702089950453265567,1,without_nodules_pseudo,without_nodules,0.5379061371841155,0.16494845360824742,0.2952029520295203,0.0,16.0,16.0
1.3.6.1.4.1.14519.5.2.1.6279.6001.205852555362702089950453265567,2,without_nodules_pseudo,without_nodules,0.555956678700361,0.8247422680412371,0.3062730627306273,0.0,40.0,40.0
1.3.6.1.4.1.14519.5.2.1.6279.6001.205993750485568250373835565680,0,with_nodules_real,with_nodules,0.8733333333333333,0.5085470162185968,0.720532319391635,0.0,11.0,10.0
1.3.6.1.4.1.14519.5.2.1.6279.6001.205993750485568250373835565680,1,with_nodules_real,with_nodules,0.93,0.7045300801595052,0.7164022351399121,0.0,5.0,4.0
1.3.6.1.4.1.14519.5.2.1.6279.6001.205993750485568250373835565680,2,with_nodules_real,with_nodules,0.9366666666666666,0.6848739175235524,0.6863117870722434,0.0,2.0,3.0
1.3.6.1.4.1.14519.5.2.1.6279.6001.206028343897359374907954580114,0,with_nodules_real,with_nodules,0.45353159851301117,0.2057995897658328,0.2596245437371926,0.0,10.0,9.0
1.3.6.1.4.1.14519.5.2.1.6279.6001.206028343897359374907954580114,1,with_nodules_real,with_nodules,0.5687732342007435,0.5555373820852726,0.7367381111520236,0.0,7.0,8.0
1.3.6.1.4.1.14519.5.2.1.6279.6001.206028343897359374907954580114,2,with_nodules_real,with_nodules,0.275092936802974,0.09748548954091174,0.7669150430648053,0.0,4.0,3.0
1.3.6.1.4.1.14519.5.2.1.6279.6001.206097113343059612247503064658,0,with_nodules_real,with_nodules,0.6163934426229508,0.7084191246370298,0.7246789932250977,0.0,17.0,16.0
1.3.6.1.4.1.14519.5.2.1.6279.6001.206539885154775002929031534291,0,with_nodules_real,with_nodules,0.1346153846153846,0.6473084949311756,0.9273368065510321,0.0,6.0,5.0
1.3.6.1.4.1.14519.5.2.1.6279.6001.206539885154775002929031534291,1,with_nodules_real,with_nodules,0.28525641025641024,0.5535714285714286,0.9487767584097859,0.0,4.0,4.0
1.3.6.1.4.1.14519.5.2.1.6279.6001.207341668080525761926965850679,0,with_nodules_real,with_nodules,0.6635220125786163,0.39450171559127334,0.18135965497870193,0.0,3.0,3.0
1.3.6.1.4.1.14519.5.2.1.6279.6001.208511362832825683639135205368,0,with_nodules_real,with_nodules,0.7432432432432432,0.7053140245912447,0.23798463283441004,0.0,13.0,12.0
1.3.6.1.4.1.14519.5.2.1.6279.6001.208511362832825683639135205368,1,with_nodules_real,with_nodules,0.7195945945945946,0.6223628691983122,0.4684942685640775,0.0,9.0,8.0
1.3.6.1.4.1.14519.5.2.1.6279.6001.208737629504245244513001631764,0,with_nodules_real,with_nodules,0.6538461538461539,0.6416727918259642,0.8121752281711526,0.0,12.0,11.0
1.3.6.1.4.1.14519.5.2.1.6279.6001.208737629504245244513001631764,1,with_nodules_real,with_nodules,0.5299145299145299,0.6537343775972407,0.4452999585295377,0.0,11.0,10.0
1.3.6.1.4.1.14519.5.2.1.6279.6001.208737629504245244513001631764,2,with_nodules_real,with_nodules,0.5555555555555556,0.26170212765957446,0.21689497281427253,0.0,7.0,7.0
1.3.6.1.4.1.14519.5.2.1.6279.6001.209269973797560820442292189762,0,without_nodules_pseudo,without_nodules,0.45454545454545453,0.7680412371134021,0.75,0.0,30.0,30.0
1.3.6.1.4.1.14519.5.2.1.6279.6001.210426531621179400035178209430,0,without_nodules_pseudo,without_nodules,0.68,0.8762376237623762,0.2962962962962963,0.0,18.0,18.0
1.3.6.1.4.1.14519.5.2.1.6279.6001.210837812047373739447725050963,0,without_nodules_pseudo,without_nodules,0.5934426229508196,0.8408163265306122,0.3757396449704142,0.0,18.0,18.0
1.3.6.1.4.1.14519.5.2.1.6279.6001.211051626197585058967163339846,0,with_nodules_real,with_nodules,0.5590277777777778,0.35748706243734446,0.6149067061830802,0.0,13.0,11.0
1.3.6.1.4.1.14519.5.2.1.6279.6001.211071908915618528829547301883,0,without_nodules_pseudo,without_nodules,0.314540059347181,0.8653061224489796,0.3352272727272727,0.0,24.0,24.0
1.3.6.1.4.1.14519.5.2.1.6279.6001.211956804948320236390242845468,0,with_nodules_real,with_nodules,0.7980769230769231,0.43398741343135916,0.5916398713826366,0.0,16.0,14.0
1.3.6.1.4.1.14519.5.2.1.6279.6001.211956804948320236390242845468,1,with_nodules_real,with_nodules,0.8237179487179487,0.6613294443188796,0.23238458664087622,0.0,8.0,7.0
1.3.6.1.4.1.14519.5.2.1.6279.6001.211956804948320236390242845468,2,with_nodules_real,with_nodules,0.7147435897435898,0.37117903930131,0.6077170418006431,0.0,6.0,6.0
1.3.6.1.4.1.14519.5.2.1.6279.6001.212346425055214308006918165305,0,with_nodules_real,with_nodules,0.26765799256505574,0.7901411967061872,0.7506901284922725,0.0,6.0,7.0
1.3.6.1.4.1.14519.5.2.1.6279.6001.212608679077007918190529579976,0,with_nodules_real,with_nodules,0.24,0.144719947695108,0.1996981201171875,0.0,6.0,6.0
1.3.6.1.4.1.14519.5.2.1.6279.6001.212608679077007918190529579976,1,with_nodules_real,with_nodules,0.7657142857142857,0.5099476519679524,0.24160000610351562,0.0,2.0,3.0
1.3.6.1.4.1.14519.5.2.1.6279.6001.213022585153512920098588556742,0,without_nodules_pseudo,without_nodules,0.6140350877192983,0.29523809523809524,0.8351254480286738,0.0,26.0,26.0
1.3.6.1.4.1.14519.5.2.1.6279.6001.213022585153512920098588556742,1,without_nodules_pseudo,without_nodules,0.6596491228070176,0.18095238095238095,0.5627240143369175,2.0,26.0,38.0
1.3.6.1.4.1.14519.5.2.1.6279.6001.213022585153512920098588556742,2,without_nodules_pseudo,without_nodules,0.6140350877192983,0.6047619047619047,0.15053763440860216,4.0,36.0,25.0
1.3.6.1.4.1.14519.5.2.1.6279.6001.213140617640021803112060161074,0,with_nodules_real,with_nodules,0.6980392156862745,0.217777504111236,0.6409774436090225,0.0,11.0,11.0
1.3.6.1.4.1.14519.5.2.1.6279.6001.213140617640021803112060161074,1,with_nodules_real,with_nodules,0.3254901960784314,0.6533018867924528,0.8477443609022557,0.0,5.0,4.0
1.3.6.1.4.1.14519.5.2.1.6279.6001.213140617640021803112060161074,2,with_nodules_real,with_nodules,0.7490196078431373,0.5749475731039947,0.7980367330680216,0.0,3.0,4.0
1.3.6.1.4.1.14519.5.2.1.6279.6001.213854687290736562463866711534,0,with_nodules_real,with_nodules,0.4041916167664671,0.43699049949645996,0.8528349586415067,0.0,8.0,8.0
1.3.6.1.4.1.14519.5.2.1.6279.6001.214252223927572015414741039150,0,with_nodules_real,with_nodules,0.8638132295719845,0.5719566169422343,0.32430329260888036,0.0,8.0,8.0
1.3.6.1.4.1.14519.5.2.1.6279.6001.214252223927572015414741039150,1,with_nodules_real,with_nodules,0.5680933852140078,0.6978275281493016,0.8354757730062906,0.0,6.0,6.0
1.3.6.1.4.1.14519.5.2.1.6279.6001.214252223927572015414741039150,2,with_nodules_real,with_nodules,0.556420233463035,0.30264271679012456,0.6901669688039012,0.0,5.0,6.0
1.3.6.1.4.1.14519.5.2.1.6279.6001.214800939017429618305208626314,0,with_nodules_real,with_nodules,0.5555555555555556,0.822266282077041,0.306751287095599,0.0,6.0,5.0
1.3.6.1.4.1.14519.5.2.1.6279.6001.214800939017429618305208626314,1,with_nodules_real,with_nodules,0.24444444444444444,0.7735247452293287,0.76872172101538,0.0,5.0,5.0
1.3.6.1.4.1.14519.5.2.1.6279.6001.214800939017429618305208626314,2,with_nodules_real,with_nodules,0.44761904761904764,0.8166383442125822,0.38588329542393224,0.0,4.0,5.0
1.3.6.1.4.1.14519.5.2.1.6279.6001.214800939017429618305208626314,3,with_nodules_real,with_nodules,0.36507936507936506,0.7192412746009644,0.1514778376373004,0.0,4.0,4.0
1.3.6.1.4.1.14519.5.2.1.6279.6001.214800939017429618305208626314,4,with_nodules_real,with_nodules,0.2761904761904762,0.3832101046183463,0.9219150842170356,0.0,4.0,4.0
1.3.6.1.4.1.14519.5.2.1.6279.6001.214800939017429618305208626314,5,with_nodules_real,with_nodules,0.473015873015873,0.7390749260569304,0.2158829739848648,0.0,3.0,3.0
1.3.6.1.4.1.14519.5.2.1.6279.6001.215086589927307766627151367533,0,without_nodules_pseudo,without_nodules,0.5835694050991501,0.7119341563786008,0.3235294117647059,0.0,30.0,30.0
1.3.6.1.4.1.14519.5.2.1.6279.6001.215104063467523905369326175410,0,with_nodules_real,with_nodules,0.373134328358209,0.5194594512114654,0.08749999697246248,0.0,3.0,4.0
1.3.6.1.4.1.14519.5.2.1.6279.6001.215640837032688688030770057224,0,with_nodules_real,with_nodules,0.7163120567375887,0.5701861531210587,0.8127457713352815,0.0,7.0,7.0
1.3.6.1.4.1.14519.5.2.1.6279.6001.215640837032688688030770057224,1,with_nodules_real,with_nodules,0.6950354609929078,0.4211169871514154,0.8459403351063036,0.0,6.0,6.0
1.3.6.1.4.1.14519.5.2.1.6279.6001.215640837032688688030770057224,2,with_nodules_real,with_nodules,0.6666666666666666,0.6784489379335412,0.7538167938931297,0.0,5.0,4.0
1.3.6.1.4.1.14519.5.2.1.6279.6001.215640837032688688030770057224,3,with_nodules_real,with_nodules,0.7659574468085106,0.72380004335412,0.7776364042558743,0.0,4.0,5.0
1.3.6.1.4.1.14519.5.2.1.6279.6001.215640837032688688030770057224,4,with_nodules_real,with_nodules,0.5673758865248227,0.7574204243886631,0.14667393051030983,0.0,4.0,4.0
1.3.6.1.4.1.14519.5.2.1.6279.6001.215640837032688688030770057224,5,with_nodules_real,with_nodules,0.5673758865248227,0.17937219730941703,0.7213740458015268,0.0,4.0,3.0
1.3.6.1.4.1.14519.5.2.1.6279.6001.215785045378334625097907422785,0,with_nodules_real,with_nodules,0.7634408602150538,0.61914894428659,0.36911765266867247,0.0,2.0,3.0
1.3.6.1.4.1.14519.5.2.1.6279.6001.216252660192313507027754194207,0,with_nodules_real,with_nodules,0.5310077519379846,0.6328146192762587,0.2454228401184082,0.0,4.0,5.0
1.3.6.1.4.1.14519.5.2.1.6279.6001.216252660192313507027754194207,1,with_nodules_real,with_nodules,0.4263565891472868,0.2519310845269097,0.211337766339702,0.0,3.0,3.0
1.3.6.1.4.1.14519.5.2.1.6279.6001.216526102138308489357443843021,0,without_nodules_pseudo,without_nodules,0.4835680751173709,0.7478260869565218,0.18685121107266436,0.0,30.0,30.0
1.3.6.1.4.1.14519.5.2.1.6279.6001.216652640878960522552873394709,0,without_nodules_pseudo,without_nodules,0.3278008298755187,0.37623762376237624,0.7943262411347518,0.0,32.0,32.0
1.3.6.1.4.1.14519.5.2.1.6279.6001.216882370221919561230873289517,0,with_nodules_real,with_nodules,0.64,0.47010022877740315,0.1664198959300883,0.0,3.0,2.0
1.3.6.1.4.1.14519.5.2.1.6279.6001.216882370221919561230873289517,1,with_nodules_real,with_nodules,0.756,0.4250950686378624,0.1758957654723127,0.0,2.0,2.0
1.3.6.1.4.1.14519.5.2.1.6279.6001.217589936421986638139451480826,0,with_nodules_real,with_nodules,0.2140468227424749,0.5021367521367521,0.9218289085545722,0.0,5.0,4.0
1.3.6.1.4.1.14519.5.2.1.6279.6001.217589936421986638139451480826,1,with_nodules_real,with_nodules,0.903010033444816,0.49454759125016695,0.3734106328283439,0.0,4.0,4.0
1.3.6.1.4.1.14519.5.2.1.6279.6001.217589936421986638139451480826,2,with_nodules_real,with_nodules,0.43812709030100333,0.8915954329009749,0.7591937129828079,0.0,5.0,4.0
1.3.6.1.4.1.14519.5.2.1.6279.6001.217589936421986638139451480826,3,with_nodules_real,with_nodules,0.21739130434782608,0.6705516586955796,0.9318852157367717,0.0,4.0,3.0
1.3.6.1.4.1.14519.5.2.1.6279.6001.217697417596902141600884006982,0,with_nodules_real,with_nodules,0.466403162055336,0.5710227272727273,0.1903914590747331,0.0,3.0,3.0
1.3.6.1.4.1.14519.5.2.1.6279.6001.217697417596902141600884006982,1,with_nodules_real,with_nodules,0.5375494071146245,0.39659092643044214,0.7508896797153025,0.0,2.0,2.0
1.3.6.1.4.1.14519.5.2.1.6279.6001.217697417596902141600884006982,2,with_nodules_real,with_nodules,0.3241106719367589,0.4071969552473588,0.8781138790035588,0.0,3.0,3.0
1.3.6.1.4.1.14519.5.2.1.6279.6001.217754016294471278921686508169,0,with_nodules_real,with_nodules,0.48,0.2923076923076923,0.13151108228772987,0.0,2.0,3.0
1.3.6.1.4.1.14519.5.2.1.6279.6001.217955041973656886482758642958,0,with_nodules_real,with_nodules,0.8212927756653993,0.6549463358011332,0.41751925372080523,0.0,16.0,15.0
1.3.6.1.4.1.14519.5.2.1.6279.6001.218476624578721885561483687176,0,with_nodules_real,with_nodules,0.4463087248322148,0.43553719638792937,0.12825000286102295,0.0,4.0,4.0
1.3.6.1.4.1.14519.5.2.1.6279.6001.218476624578721885561483687176,1,with_nodules_real,with_nodules,0.5671140939597316,0.6022727272727273,0.79296875,0.0,3.0,3.0
1.3.6.1.4.1.14519.5.2.1.6279.6001.219087313261026510628926082729,0,with_nodules_real,with_nodules,0.8129770992366412,0.7233266145989085,0.22608765119751448,0.0,9.0,9.0
1.3.6.1.4.1.14519.5.2.1.6279.6001.219087313261026510628926082729,1,with_nodules_real,with_nodules,0.183206106870229,0.8511429928136214,0.24217073889772864,0.0,3.0,3.0
1.3.6.1.4.1.14519.5.2.1.6279.6001.219254430927834326484477690403,0,with_nodules_real,with_nodules,0.268370607028754,0.6355555555555555,0.9113907256683746,0.0,4.0,4.0
1.3.6.1.4.1.14519.5.2.1.6279.6001.219254430927834326484477690403,1,with_nodules_real,with_nodules,0.3514376996805112,0.6893827311197916,0.14700577475807883,0.0,3.0,4.0
1.3.6.1.4.1.14519.5.2.1.6279.6001.219281726101239572270900838145,0,without_nodules_pseudo,without_nodules,0.3035019455252918,0.7355072463768116,0.35276073619631904,0.0,40.0,37.0
1.3.6.1.4.1.14519.5.2.1.6279.6001.219349715895470349269596532320,0,with_nodules_real,with_nodules,0.4180602006688963,0.27122641509433965,0.7468926381256621,0.0,7.0,7.0
1.3.6.1.4.1.14519.5.2.1.6279.6001.219428004988664846407984058588,0,with_nodules_real,with_nodules,0.2803347280334728,0.7298262331967063,0.8705621377015725,0.0,10.0,9.0
1.3.6.1.4.1.14519.5.2.1.6279.6001.219428004988664846407984058588,1,with_nodules_real,with_nodules,0.8744769874476988,0.4984350428334984,0.6887909326797876,0.0,8.0,6.0
1.3.6.1.4.1.14519.5.2.1.6279.6001.219428004988664846407984058588,2,with_nodules_real,with_nodules,0.606694560669456,0.2642650693794931,0.31823224287766677,0.0,6.0,6.0
1.3.6.1.4.1.14519.5.2.1.6279.6001.219428004988664846407984058588,3,with_nodules_real,with_nodules,0.24267782426778242,0.7625754629502274,0.7863030066856971,0.0,6.0,6.0
1.3.6.1.4.1.14519.5.2.1.6279.6001.219428004988664846407984058588,4,with_nodules_real,with_nodules,0.36401673640167365,0.86374990257299,0.368044192974384,0.0,6.0,6.0
1.3.6.1.4.1.14519.5.2.1.6279.6001.219428004988664846407984058588,5,with_nodules_real,with_nodules,0.3891213389121339,0.5375586854460094,0.8862179487179487,0.0,5.0,4.0
1.3.6.1.4.1.14519.5.2.1.6279.6001.219428004988664846407984058588,6,with_nodules_real,with_nodules,0.4769874476987448,0.672494736075961,0.7299955808199369,0.0,4.0,5.0
1.3.6.1.4.1.14519.5.2.1.6279.6001.219428004988664846407984058588,7,with_nodules_real,with_nodules,0.17154811715481172,0.6109993088413292,0.452609869150015,0.0,4.0,4.0
1.3.6.1.4.1.14519.5.2.1.6279.6001.219428004988664846407984058588,8,with_nodules_real,with_nodules,0.4225941422594142,0.7715782201346097,0.7062376951559995,0.0,4.0,4.0
1.3.6.1.4.1.14519.5.2.1.6279.6001.219618492426142913407827034169,0,with_nodules_real,with_nodules,0.47601476014760147,0.1674085850454081,0.28834720077266135,0.0,22.0,19.0
1.3.6.1.4.1.14519.5.2.1.6279.6001.219618492426142913407827034169,1,with_nodules_real,with_nodules,0.22509225092250923,0.7899672109869462,0.7931596091205212,0.0,4.0,3.0
1.3.6.1.4.1.14519.5.2.1.6279.6001.219909753224298157409438012179,0,with_nodules_real,with_nodules,0.5366666666666666,0.5279684757840806,0.9212111507553652,0.0,12.0,10.0
1.3.6.1.4.1.14519.5.2.1.6279.6001.219909753224298157409438012179,1,with_nodules_real,with_nodules,0.7433333333333333,0.751207729468599,0.8453815261044176,0.0,5.0,4.0
1.3.6.1.4.1.14519.5.2.1.6279.6001.220205300714852483483213840572,0,without_nodules_pseudo,without_nodules,0.5800711743772242,0.6572769953051644,0.8278145695364238,0.0,16.0,16.0
1.3.6.1.4.1.14519.5.2.1.6279.6001.220596530836092324070084384692,0,with_nodules_real,with_nodules,0.5971223021582733,0.8392664351553287,0.27102221718317343,0.0,19.0,18.0
1.3.6.1.4.1.14519.5.2.1.6279.6001.221017801605543296514746423389,0,with_nodules_real,with_nodules,0.5110132158590308,0.8356227600973759,0.746,0.0,7.0,6.0
1.3.6.1.4.1.14519.5.2.1.6279.6001.221017801605543296514746423389,1,with_nodules_real,with_nodules,0.5638766519823789,0.8464549671519886,0.8214545288085937,0.0,6.0,5.0
1.3.6.1.4.1.14519.5.2.1.6279.6001.221945191226273284587353530424,0,without_nodules_pseudo,without_nodules,0.5893416927899686,0.4031413612565445,0.3148148148148148,0.0,32.0,27.0
1.3.6.1.4.1.14519.5.2.1.6279.6001.221945191226273284587353530424,1,without_nodules_pseudo,without_nodules,0.6739811912225705,0.8481675392670157,0.7444444444444445,3.0,16.0,24.0
1.3.6.1.4.1.14519.5.2.1.6279.6001.222052723822248889877676736332,0,with_nodules_real,with_nodules,0.6224489795918368,0.68754066611236,0.27971797857802516,0.0,8.0,7.0
1.3.6.1.4.1.14519.5.2.1.6279.6001.222052723822248889877676736332,1,with_nodules_real,with_nodules,0.7312925170068028,0.7104952830188679,0.6493610223642172,0.0,3.0,4.0
1.3.6.1.4.1.14519.5.2.1.6279.6001.222087811960706096424718056430,0,without_nodules_pseudo,without_nodules,0.4471830985915493,0.5323383084577115,0.3219178082191781,0.0,40.0,34.0
1.3.6.1.4.1.14519.5.2.1.6279.6001.222087811960706096424718056430,1,without_nodules_pseudo,without_nodules,0.7147887323943662,0.25870646766169153,0.6883561643835616,3.0,16.0,18.0
1.3.6.1.4.1.14519.5.2.1.6279.6001.222087811960706096424718056430,2,without_nodules_pseudo,without_nodules,0.7640845070422535,0.7412935323383084,0.2465753424657534,0.0,32.0,32.0
1.3.6.1.4.1.14519.5.2.1.6279.6001.223098610241551815995595311693,0,without_nodules_pseudo,without_nodules,0.6901960784313725,0.32489451476793246,0.6456456456456456,0.0,20.0,20.0
1.3.6.1.4.1.14519.5.2.1.6279.6001.223650122819238796121876338881,0,without_nodules_pseudo,without_nodules,0.7789855072463768,0.32124352331606215,0.36428571428571427,6.0,31.0,35.0
1.3.6.1.4.1.14519.5.2.1.6279.6001.223650122819238796121876338881,1,without_nodules_pseudo,without_nodules,0.4166666666666667,0.6735751295336787,0.3892857142857143,2.0,30.0,34.0
1.3.6.1.4.1.14519.5.2.1.6279.6001.223650122819238796121876338881,2,without_nodules_pseudo,without_nodules,0.4927536231884058,0.6580310880829016,0.825,0.0,30.0,30.0
1.3.6.1.4.1.14519.5.2.1.6279.6001.224465398054769500989828256685,0,with_nodules_real,with_nodules,0.35766423357664234,0.8691980336279078,0.4018181818181818,0.0,11.0,10.0
1.3.6.1.4.1.14519.5.2.1.6279.6001.224465398054769500989828256685,1,with_nodules_real,with_nodules,0.24452554744525548,0.6050822168187711,0.09599999861283735,0.0,6.0,7.0
1.3.6.1.4.1.14519.5.2.1.6279.6001.224465398054769500989828256685,2,with_nodules_real,with_nodules,0.24087591240875914,0.7404852212811799,0.6504428932883523,0.0,5.0,5.0
1.3.6.1.4.1.14519.5.2.1.6279.6001.224465398054769500989828256685,3,with_nodules_real,with_nodules,0.39416058394160586,0.8004484304932735,0.18,0.0,4.0,4.0
1.3.6.1.4.1.14519.5.2.1.6279.6001.225154811831720426832024114593,0,with_nodules_real,with_nodules,0.18490566037735848,0.9043820029810855,0.65409980542732,0.0,4.0,5.0
1.3.6.1.4.1.14519.5.2.1.6279.6001.225154811831720426832024114593,1,with_nodules_real,with_nodules,0.4377358490566038,0.8757999435610134,0.736070390181108,0.0,4.0,5.0
1.3.6.1.4.1.14519.5.2.1.6279.6001.225154811831720426832024114593,2,with_nodules_real,with_nodules,0.35094339622641507,0.18758434033104282,0.815530303030303,0.0,4.0,4.0
1.3.6.1.4.1.14519.5.2.1.6279.6001.225227615446398900698431118292,0,with_nodules_real,with_nodules,0.23389830508474577,0.8610423940472898,0.6455223880597015,0.0,11.0,9.0
1.3.6.1.4.1.14519.5.2.1.6279.6001.225227615446398900698431118292,1,with_nodules_real,with_nodules,0.535593220338983,0.6858407079646017,0.8331778796751108,0.0,4.0,4.0
1.3.6.1.4.1.14519.5.2.1.6279.6001.225227615446398900698431118292,2,with_nodules_real,with_nodules,0.3559322033898305,0.7876106194690266,0.8675373134328358,0.0,3.0,3.0
1.3.6.1.4.1.14519.5.2.1.6279.6001.225227615446398900698431118292,3,with_nodules_real,with_nodules,0.24067796610169492,0.6371681415929203,0.9197761194029851,0.0,3.0,3.0
1.3.6.1.4.1.14519.5.2.1.6279.6001.225515255547637437801620523312,0,with_nodules_real,with_nodules,0.5116279069767442,0.15144230769230768,0.5922139115767046,0.0,13.0,10.0
1.3.6.1.4.1.14519.5.2.1.6279.6001.225515255547637437801620523312,1,with_nodules_real,with_nodules,0.5271317829457365,0.3590214802668645,0.8014973033558238,0.0,5.0,4.0
1.3.6.1.4.1.14519.5.2.1.6279.6001.226152078193253087875725735761,0,with_nodules_real,with_nodules,0.5968992248062015,0.7817258883248731,0.3048327137546468,0.0,8.0,6.0
1.3.6.1.4.1.14519.5.2.1.6279.6001.226383054119800793308721198594,0,with_nodules_real,with_nodules,0.4965034965034965,0.4696675141652425,0.15129533131917317,0.0,13.0,12.0
1.3.6.1.4.1.14519.5.2.1.6279.6001.226456162308124493341905600418,0,with_nodules_real,with_nodules,0.4823943661971831,0.6339712918660287,0.8806260257619415,0.0,9.0,7.0
1.3.6.1.4.1.14519.5.2.1.6279.6001.226456162308124493341905600418,1,with_nodules_real,with_nodules,0.5387323943661971,0.769378005032334,0.8324144602728434,0.0,5.0,5.0
1.3.6.1.4.1.14519.5.2.1.6279.6001.226564372605239604660221582288,0,without_nodules_pseudo,without_nodules,0.5218978102189781,0.7389162561576355,0.2,0.0,22.0,22.0
1.3.6.1.4.1.14519.5.2.1.6279.6001.226564372605239604660221582288,1,without_nodules_pseudo,without_nodules,0.40875912408759124,0.812807881773399,0.7592592592592593,0.0,34.0,40.0
1.3.6.1.4.1.14519.5.2.1.6279.6001.226889213794065160713547677129,0,with_nodules_real,with_nodules,0.17266187050359713,0.9368581093504837,0.6870208188711878,0.0,4.0,4.0
1.3.6.1.4.1.14519.5.2.1.6279.6001.227707494413800460340110762069,0,with_nodules_real,with_nodules,0.3048780487804878,0.7345528207174161,0.354089219330855,0.0,5.0,6.0
1.3.6.1.4.1.14519.5.2.1.6279.6001.227796349777753378641347819780,0,with_nodules_real,with_nodules,0.3438485804416404,0.5131004366812227,0.07244318181818182,0.0,5.0,4.0
1.3.6.1.4.1.14519.5.2.1.6279.6001.227796349777753378641347819780,1,with_nodules_real,with_nodules,0.3028391167192429,0.6004366812227074,0.90625,0.0,4.0,4.0
1.3.6.1.4.1.14519.5.2.1.6279.6001.227796349777753378641347819780,2,with_nodules_real,with_nodules,0.583596214511041,0.19830465524998295,0.23897058313543146,0.0,2.0,4.0
1.3.6.1.4.1.14519.5.2.1.6279.6001.227885601428639043345478571594,0,with_nodules_real,with_nodules,0.5728813559322034,0.871272705078125,0.26240320536616474,0.0,4.0,5.0
1.3.6.1.4.1.14519.5.2.1.6279.6001.227962600322799211676960828223,0,with_nodules_real,with_nodules,0.8857142857142857,0.5120833502875434,0.6663484885475852,0.0,14.0,13.0
1.3.6.1.4.1.14519.5.2.1.6279.6001.227968442353440630355230778531,0,with_nodules_real,with_nodules,0.8264150943396227,0.6261301295642547,0.2847457627118644,0.0,11.0,10.0
1.3.6.1.4.1.14519.5.2.1.6279.6001.228511122591230092662900221600,0,with_nodules_real,with_nodules,0.39344262295081966,0.4409448818897638,0.9100946372239748,0.0,6.0,7.0
1.3.6.1.4.1.14519.5.2.1.6279.6001.228511122591230092662900221600,1,with_nodules_real,with_nodules,0.5204918032786885,0.2664465416134812,0.48549914435257296,0.0,4.0,5.0
1.3.6.1.4.1.14519.5.2.1.6279.6001.228511122591230092662900221600,2,with_nodules_real,with_nodules,0.4713114754098361,0.5168341088482714,0.8908952297848481,0.0,4.0,4.0
1.3.6.1.4.1.14519.5.2.1.6279.6001.228934821089041845791238006047,0,with_nodules_real,with_nodules,0.25660377358490566,0.6926138741629464,0.8284427789108592,0.0,3.0,3.0
1.3.6.1.4.1.14519.5.2.1.6279.6001.229096941293122177107846044795,0,with_nodules_real,with_nodules,0.5684210526315789,0.8714497667677858,0.29264214046822745,0.0,12.0,10.0
1.3.6.1.4.1.14519.5.2.1.6279.6001.229096941293122177107846044795,1,with_nodules_real,with_nodules,0.5263157894736842,0.8148936170212766,0.3093645484949833,0.0,5.0,6.0
1.3.6.1.4.1.14519.5.2.1.6279.6001.229096941293122177107846044795,2,with_nodules_real,with_nodules,0.5684210526315789,0.1907598779556599,0.2909698996655518,0.0,4.0,5.0
1.3.6.1.4.1.14519.5.2.1.6279.6001.229096941293122177107846044795,3,with_nodules_real,with_nodules,0.4982456140350877,0.2379224087329621,0.24818019803152436,0.0,5.0,5.0
1.3.6.1.4.1.14519.5.2.1.6279.6001.229096941293122177107846044795,4,with_nodules_real,with_nodules,0.49473684210526314,0.17772215173599568,0.23667126913931857,0.0,3.0,3.0
1.3.6.1.4.1.14519.5.2.1.6279.6001.229171189693734694696158152904,0,without_nodules_pseudo,without_nodules,0.6158940397350994,0.6019900497512438,0.15120274914089346,1.0,28.0,22.0
1.3.6.1.4.1.14519.5.2.1.6279.6001.229664630348267553620068691756,0,without_nodules_pseudo,without_nodules,0.7263513513513513,0.6619718309859155,0.7194719471947195,0.0,28.0,28.0
1.3.6.1.4.1.14519.5.2.1.6279.6001.229664630348267553620068691756,1,without_nodules_pseudo,without_nodules,0.5912162162162162,0.3286384976525822,0.7425742574257426,0.0,34.0,34.0
1.3.6.1.4.1.14519.5.2.1.6279.6001.229664630348267553620068691756,2,without_nodules_pseudo,without_nodules,0.5675675675675675,0.5727699530516432,0.7623762376237624,0.0,38.0,38.0
1.3.6.1.4.1.14519.5.2.1.6279.6001.229664630348267553620068691756,3,without_nodules_pseudo,without_nodules,0.7635135135135135,0.6197183098591549,0.3696369636963696,0.0,22.0,22.0
1.3.6.1.4.1.14519.5.2.1.6279.6001.229664630348267553620068691756,4,without_nodules_pseudo,without_nodules,0.5709459459459459,0.3004694835680751,0.33993399339933994,0.0,28.0,28.0
1.3.6.1.4.1.14519.5.2.1.6279.6001.229664630348267553620068691756,5,without_nodules_pseudo,without_nodules,0.49324324324324326,0.5492957746478874,0.22772277227722773,0.0,28.0,28.0
1.3.6.1.4.1.14519.5.2.1.6279.6001.229664630348267553620068691756,6,without_nodules_pseudo,without_nodules,0.5472972972972973,0.20657276995305165,0.6303630363036303,0.0,18.0,18.0
1.3.6.1.4.1.14519.5.2.1.6279.6001.229664630348267553620068691756,7,without_nodules_pseudo,without_nodules,0.7972972972972973,0.37089201877934275,0.35973597359735976,0.0,24.0,24.0
1.3.6.1.4.1.14519.5.2.1.6279.6001.229664630348267553620068691756,8,without_nodules_pseudo,without_nodules,0.4864864864864865,0.5352112676056338,0.8184818481848185,0.0,34.0,34.0
1.3.6.1.4.1.14519.5.2.1.6279.6001.229860476925100292554329427970,0,with_nodules_real,with_nodules,0.3383458646616541,0.702928870292887,0.13843648208469056,0.0,3.0,3.0
1.3.6.1.4.1.14519.5.2.1.6279.6001.229860476925100292554329427970,1,with_nodules_real,with_nodules,0.44360902255639095,0.2606096786435179,0.15472312703583063,0.0,2.0,3.0
1.3.6.1.4.1.14519.5.2.1.6279.6001.229860476925100292554329427970,2,with_nodules_real,with_nodules,0.45864661654135336,0.30383007097443776,0.18040591808406073,0.0,3.0,2.0
1.3.6.1.4.1.14519.5.2.1.6279.6001.229960820686439513664996214638,0,without_nodules_pseudo,without_nodules,0.45112781954887216,0.17490494296577946,0.6957928802588996,0.0,40.0,40.0
1.3.6.1.4.1.14519.5.2.1.6279.6001.229960820686439513664996214638,1,without_nodules_pseudo,without_nodules,0.48120300751879697,0.40304182509505704,0.86084142394822,0.0,32.0,32.0
1.3.6.1.4.1.14519.5.2.1.6279.6001.230078008964732806419498631442,0,without_nodules_pseudo,without_nodules,0.6857142857142857,0.6336633663366337,0.7963636363636364,0.0,20.0,20.0
1.3.6.1.4.1.14519.5.2.1.6279.6001.230078008964732806419498631442,1,without_nodules_pseudo,without_nodules,0.7821428571428571,0.6881188118811881,0.24727272727272728,0.0,22.0,22.0
1.3.6.1.4.1.14519.5.2.1.6279.6001.230078008964732806419498631442,2,without_nodules_pseudo,without_nodules,0.5464285714285714,0.7970297029702971,0.76,0.0,16.0,16.0
1.3.6.1.4.1.14519.5.2.1.6279.6001.230416590143922549745658357505,0,with_nodules_real,with_nodules,0.3961038961038961,0.36772486772486773,0.08812949640287769,0.0,5.0,4.0
1.3.6.1.4.1.14519.5.2.1.6279.6001.230416590143922549745658357505,1,with_nodules_real,with_nodules,0.8474025974025974,0.4312169312169312,0.1860226144035943,0.0,3.0,3.0
1.3.6.1.4.1.14519.5.2.1.6279.6001.230491296081537726468075344411,0,with_nodules_real,with_nodules,0.686411149825784,0.6324113260103962,0.7971684462359162,0.0,10.0,8.0
1.3.6.1.4.1.14519.5.2.1.6279.6001.230491296081537726468075344411,1,with_nodules_real,with_nodules,0.6655052264808362,0.7178822915385089,0.7876834999136373,0.0,10.0,9.0
1.3.6.1.4.1.14519.5.2.1.6279.6001.230675342744370103160629638194,0,with_nodules_real,with_nodules,0.4966216216216216,0.2164825400725234,0.21283783783783783,0.0,3.0,3.0
1.3.6.1.4.1.14519.5.2.1.6279.6001.231002159523969307155990628066,0,with_nodules_real,with_nodules,0.625,0.5412565301226072,0.8313013886752194,0.0,6.0,6.0
1.3.6.1.4.1.14519.5.2.1.6279.6001.231002159523969307155990628066,1,with_nodules_real,with_nodules,0.4270833333333333,0.900523560209424,0.2756849315068493,0.0,4.0,4.0
1.3.6.1.4.1.14519.5.2.1.6279.6001.231002159523969307155990628066,2,with_nodules_real,with_nodules,0.59375,0.56282722513089,0.7798434218315229,0.0,3.0,3.0
1.3.6.1.4.1.14519.5.2.1.6279.6001.231645134739451754302647733304,0,without_nodules_pseudo,without_nodules,0.8409090909090909,0.6432160804020101,0.6912280701754386,0.0,20.0,20.0
1.3.6.1.4.1.14519.5.2.1.6279.6001.231645134739451754302647733304,1,without_nodules_pseudo,without_nodules,0.5492424242424242,0.7487437185929648,0.23157894736842105,0.0,30.0,30.0
1.3.6.1.4.1.14519.5.2.1.6279.6001.231834776365874788440767645596,0,without_nodules_pseudo,without_nodules,0.459546925566343,0.24752475247524752,0.7573770491803279,0.0,16.0,16.0
1.3.6.1.4.1.14519.5.2.1.6279.6001.232011770495640253949434620907,0,without_nodules_pseudo,without_nodules,0.42810457516339867,0.9017094017094017,0.2746268656716418,3.0,26.0,38.0
1.3.6.1.4.1.14519.5.2.1.6279.6001.232011770495640253949434620907,1,without_nodules_pseudo,without_nodules,0.5098039215686274,0.8376068376068376,0.746268656716418,0.0,20.0,20.0
1.3.6.1.4.1.14519.5.2.1.6279.6001.232058316950007760548968840196,0,without_nodules_pseudo,without_nodules,0.5777027027027027,0.9107142857142857,0.315625,0.0,14.0,16.0
1.3.6.1.4.1.14519.5.2.1.6279.6001.232058316950007760548968840196,1,without_nodules_pseudo,without_nodules,0.5101351351351351,0.39732142857142855,0.846875,0.0,22.0,20.0
1.3.6.1.4.1.14519.5.2.1.6279.6001.232058316950007760548968840196,2,without_nodules_pseudo,without_nodules,0.40540540540540543,0.9017857142857143,0.3125,0.0,30.0,40.0
1.3.6.1.4.1.14519.5.2.1.6279.6001.232071262560365924176679652948,0,with_nodules_real,with_nodules,0.5495867768595041,0.7468602705974968,0.23260073554246946,0.0,8.0,8.0
1.3.6.1.4.1.14519.5.2.1.6279.6001.233001470265230594739708503198,0,with_nodules_real,with_nodules,0.4935897435897436,0.8177083333333334,0.21449275546603733,0.0,6.0,6.0
1.3.6.1.4.1.14519.5.2.1.6279.6001.233433352108264931671753343044,0,with_nodules_real,with_nodules,0.5667870036101083,0.38526571364629836,0.15076923076923077,0.0,5.0,6.0
1.3.6.1.4.1.14519.5.2.1.6279.6001.233433352108264931671753343044,1,with_nodules_real,with_nodules,0.19133574007220217,0.8011463710239956,0.30005697397085335,0.0,4.0,4.0
1.3.6.1.4.1.14519.5.2.1.6279.6001.233433352108264931671753343044,2,with_nodules_real,with_nodules,0.5342960288808665,0.7420634920634921,0.2276923076923077,0.0,4.0,3.0
1.3.6.1.4.1.14519.5.2.1.6279.6001.233652865358649579816568545171,0,with_nodules_real,with_nodules,0.5491525423728814,0.6674589521429511,0.23586986910912297,0.0,4.0,4.0
1.3.6.1.4.1.14519.5.2.1.6279.6001.234400932423244218697302970157,0,without_nodules_pseudo,without_nodules,0.5679442508710801,0.556910569105691,0.7360406091370558,0.0,36.0,36.0
1.3.6.1.4.1.14519.5.2.1.6279.6001.235217371152464582553341729176,0,without_nodules_pseudo,without_nodules,0.8333333333333334,0.6192660550458715,0.2564102564102564,0.0,34.0,34.0
1.3.6.1.4.1.14519.5.2.1.6279.6001.235217371152464582553341729176,1,without_nodules_pseudo,without_nodules,0.6325757575757576,0.8348623853211009,0.2948717948717949,0.0,16.0,16.0
1.3.6.1.4.1.14519.5.2.1.6279.6001.235364978775280910367690540811,0,with_nodules_real,with_nodules,0.1411764705882353,0.6876275478265225,0.7412220087266506,0.0,9.0,8.0
1.3.6.1.4.1.14519.5.2.1.6279.6001.236698827306171960683086245994,0,without_nodules_pseudo,without_nodules,0.4891304347826087,0.8786127167630058,0.7378277153558053,0.0,26.0,36.0
1.3.6.1.4.1.14519.5.2.1.6279.6001.236698827306171960683086245994,1,without_nodules_pseudo,without_nodules,0.7898550724637681,0.653179190751445,0.2883895131086142,0.0,24.0,24.0
1.3.6.1.4.1.14519.5.2.1.6279.6001.237215747217294006286437405216,0,with_nodules_real,with_nodules,0.608058608058608,0.27287611701997255,0.329978519015842,0.0,4.0,3.0
1.3.6.1.4.1.14519.5.2.1.6279.6001.237428977311365557972720635401,0,with_nodules_real,with_nodules,0.36666666666666664,0.13663157412880345,0.28823529972749595,0.0,4.0,4.0
1.3.6.1.4.1.14519.5.2.1.6279.6001.237915456403882324748189195892,0,without_nodules_pseudo,without_nodules,0.4742647058823529,0.4,0.34306569343065696,0.0,22.0,22.0
1.3.6.1.4.1.14519.5.2.1.6279.6001.237915456403882324748189195892,1,without_nodules_pseudo,without_nodules,0.5220588235294118,0.319047619047619,0.2773722627737226,0.0,24.0,24.0
1.3.6.1.4.1.14519.5.2.1.6279.6001.237915456403882324748189195892,2,without_nodules_pseudo,without_nodules,0.48161764705882354,0.6238095238095238,0.145985401459854,0.0,22.0,12.0
1.3.6.1.4.1.14519.5.2.1.6279.6001.237915456403882324748189195892,3,without_nodules_pseudo,without_nodules,0.625,0.7333333333333333,0.24817518248175183,0.0,28.0,28.0
1.3.6.1.4.1.14519.5.2.1.6279.6001.237915456403882324748189195892,4,without_nodules_pseudo,without_nodules,0.41911764705882354,0.24285714285714285,0.2518248175182482,0.0,38.0,38.0
1.3.6.1.4.1.14519.5.2.1.6279.6001.237915456403882324748189195892,5,without_nodules_pseudo,without_nodules,0.8125,0.5190476190476191,0.35766423357664234,0.0,28.0,28.0
1.3.6.1.4.1.14519.5.2.1.6279.6001.237915456403882324748189195892,6,without_nodules_pseudo,without_nodules,0.41544117647058826,0.8714285714285714,0.30656934306569344,0.0,25.0,30.0
1.3.6.1.4.1.14519.5.2.1.6279.6001.238019241099704094018548301753,0,with_nodules_real,with_nodules,0.40350877192982454,0.1865671641791045,0.29225535969157795,0.0,4.0,5.0
1.3.6.1.4.1.14519.5.2.1.6279.6001.238042459915048190592571019348,0,without_nodules_pseudo,without_nodules,0.753731343283582,0.7522123893805309,0.6780185758513931,0.0,36.0,36.0
1.3.6.1.4.1.14519.5.2.1.6279.6001.238522526736091851696274044574,0,without_nodules_pseudo,without_nodules,0.5598705501618123,0.9202127659574468,0.2901023890784983,0.0,13.0,24.0
1.3.6.1.4.1.14519.5.2.1.6279.6001.238522526736091851696274044574,1,without_nodules_pseudo,without_nodules,0.47249190938511326,0.5212765957446809,0.12627986348122866,0.0,34.0,19.0
1.3.6.1.4.1.14519.5.2.1.6279.6001.238855414831158993232534884296,0,with_nodules_real,with_nodules,0.6147186147186147,0.6032676872569844,0.15117080283887457,0.0,4.0,3.0
1.3.6.1.4.1.14519.5.2.1.6279.6001.239358021703233250639913775427,0,with_nodules_real,with_nodules,0.4425087108013937,0.8413145396631089,0.30086873765157457,0.0,6.0,5.0
1.3.6.1.4.1.14519.5.2.1.6279.6001.239358021703233250639913775427,1,with_nodules_real,with_nodules,0.4843205574912892,0.3447147423112896,0.28021528914168076,0.0,4.0,5.0
1.3.6.1.4.1.14519.5.2.1.6279.6001.239358021703233250639913775427,2,with_nodules_real,with_nodules,0.4250871080139373,0.8327073647942341,0.6693693772246019,0.0,4.0,4.0
1.3.6.1.4.1.14519.5.2.1.6279.6001.239358021703233250639913775427,3,with_nodules_real,with_nodules,0.4529616724738676,0.176056338028169,0.694980694980695,0.0,4.0,5.0
1.3.6.1.4.1.14519.5.2.1.6279.6001.239358021703233250639913775427,4,with_nodules_real,with_nodules,0.43205574912891986,0.8495774963092356,0.7088803324460062,0.0,4.0,4.0
1.3.6.1.4.1.14519.5.2.1.6279.6001.239358021703233250639913775427,5,with_nodules_real,with_nodules,0.4355400696864111,0.42488262910798125,0.15057915057915058,0.0,4.0,4.0
1.3.6.1.4.1.14519.5.2.1.6279.6001.239358021703233250639913775427,6,with_nodules_real,with_nodules,0.4076655052264808,0.17572098494695385,0.7563890140489261,0.0,3.0,3.0
1.3.6.1.4.1.14519.5.2.1.6279.6001.239358021703233250639913775427,7,with_nodules_real,with_nodules,0.45993031358885017,0.24882629107981222,0.7559439169394003,0.0,4.0,3.0
1.3.6.1.4.1.14519.5.2.1.6279.6001.240630002689062442926543993263,0,without_nodules_pseudo,without_nodules,0.7956204379562044,0.5927835051546392,0.37218045112781956,0.0,40.0,40.0
1.3.6.1.4.1.14519.5.2.1.6279.6001.240969450540588211676803094518,0,with_nodules_real,with_nodules,0.2766798418972332,0.8113275241357675,0.3078551034204366,0.0,5.0,4.0
1.3.6.1.4.1.14519.5.2.1.6279.6001.240969450540588211676803094518,1,with_nodules_real,with_nodules,0.6126482213438735,0.2964470818870426,0.8357400722021661,0.0,3.0,5.0
1.3.6.1.4.1.14519.5.2.1.6279.6001.241083615484551649610616348856,0,with_nodules_real,with_nodules,0.2845528455284553,0.6566650776923457,0.6498316498316499,0.0,6.0,6.0
1.3.6.1.4.1.14519.5.2.1.6279.6001.241570579760883349458693655367,0,with_nodules_real,with_nodules,0.2823920265780731,0.5888888888888889,0.051470588235294115,0.0,4.0,3.0
1.3.6.1.4.1.14519.5.2.1.6279.6001.241717018262666382493757419144,0,with_nodules_real,with_nodules,0.6373626373626373,0.807909604519774,0.630391420440123,0.0,8.0,7.0
1.3.6.1.4.1.14519.5.2.1.6279.6001.241717018262666382493757419144,1,with_nodules_real,with_nodules,0.19047619047619047,0.8333333333333334,0.8220732100173455,0.0,3.0,3.0
1.3.6.1.4.1.14519.5.2.1.6279.6001.242624386080831911167122628616,0,with_nodules_real,with_nodules,0.3858267716535433,0.23042581631587103,0.13560718153587262,0.0,6.0,5.0
1.3.6.1.4.1.14519.5.2.1.6279.6001.242624386080831911167122628616,1,with_nodules_real,with_nodules,0.5275590551181102,0.3192307765667255,0.25813148260941554,0.0,2.0,3.0
1.3.6.1.4.1.14519.5.2.1.6279.6001.242761658169703141430370511586,0,with_nodules_real,with_nodules,0.10509554140127389,0.8236607142857143,0.15946502450071734,0.0,9.0,7.0
1.3.6.1.4.1.14519.5.2.1.6279.6001.243094273518213382155770295147,0,with_nodules_real,with_nodules,0.471976401179941,0.72145941705987,0.6515403673486803,0.0,12.0,11.0
1.3.6.1.4.1.14519.5.2.1.6279.6001.243094273518213382155770295147,1,with_nodules_real,with_nodules,0.7227138643067846,0.6101860197463839,0.6825046477580148,0.0,10.0,10.0
1.3.6.1.4.1.14519.5.2.1.6279.6001.243094273518213382155770295147,2,with_nodules_real,with_nodules,0.3834808259587021,0.8033698053643255,0.7370691885840159,0.0,9.0,10.0
1.3.6.1.4.1.14519.5.2.1.6279.6001.243094273518213382155770295147,3,with_nodules_real,with_nodules,0.4424778761061947,0.8467498628219755,0.8195675846828226,0.0,7.0,7.0
1.3.6.1.4.1.14519.5.2.1.6279.6001.243094273518213382155770295147,4,with_nodules_real,with_nodules,0.5309734513274337,0.8397753120648979,0.7836693822373079,0.0,6.0,5.0
1.3.6.1.4.1.14519.5.2.1.6279.6001.244204120220889433826451158706,0,with_nodules_real,with_nodules,0.5889328063241107,0.7406590900149955,0.13009664609834745,0.0,5.0,5.0
1.3.6.1.4.1.14519.5.2.1.6279.6001.244204120220889433826451158706,1,with_nodules_real,with_nodules,0.5731225296442688,0.7697335916672837,0.5575458972485035,0.0,4.0,5.0
1.3.6.1.4.1.14519.5.2.1.6279.6001.244442540088515471945035689377,0,with_nodules_real,with_nodules,0.5,0.538659793814433,0.7981818181818182,0.0,5.0,4.0
1.3.6.1.4.1.14519.5.2.1.6279.6001.244447966386688625240438849169,0,with_nodules_real,with_nodules,0.7777777777777778,0.7630331753554502,0.20627062706270627,0.0,4.0,4.0
1.3.6.1.4.1.14519.5.2.1.6279.6001.244590453955380448651329424024,0,with_nodules_real,with_nodules,0.4460431654676259,0.5324675324675324,0.3217808851200472,0.0,4.0,4.0
1.3.6.1.4.1.14519.5.2.1.6279.6001.244681063194071446501270815660,0,with_nodules_real,with_nodules,0.7727272727272727,0.6015229690906614,0.30840140122633714,0.0,9.0,9.0
1.3.6.1.4.1.14519.5.2.1.6279.6001.245248446973732759194067808002,0,with_nodules_real,with_nodules,0.5322033898305085,0.4837837837837838,0.9018867924528302,0.0,4.0,4.0
1.3.6.1.4.1.14519.5.2.1.6279.6001.245349763807614756148761326488,0,without_nodules_pseudo,without_nodules,0.458041958041958,0.35909090909090907,0.1513157894736842,0.0,18.0,18.0
1.3.6.1.4.1.14519.5.2.1.6279.6001.245349763807614756148761326488,1,without_nodules_pseudo,without_nodules,0.38461538461538464,0.9181818181818182,0.6973684210526315,2.0,10.0,18.0
1.3.6.1.4.1.14519.5.2.1.6279.6001.245391706475696258069508046497,0,with_nodules_real,with_nodules,0.5032467532467533,0.20168855248427972,0.8450038567729963,0.0,4.0,4.0
1.3.6.1.4.1.14519.5.2.1.6279.6001.245546033414728092794968890929,0,without_nodules_pseudo,without_nodules,0.5759717314487632,0.909952606635071,0.3161290322580645,3.0,11.0,17.0
1.3.6.1.4.1.14519.5.2.1.6279.6001.246178337114401749164850220976,0,without_nodules_pseudo,without_nodules,0.7847222222222222,0.6078431372549019,0.27113702623906705,0.0,18.0,18.0
1.3.6.1.4.1.14519.5.2.1.6279.6001.246178337114401749164850220976,1,without_nodules_pseudo,without_nodules,0.625,0.21568627450980393,0.6384839650145773,0.0,40.0,40.0
1.3.6.1.4.1.14519.5.2.1.6279.6001.246225645401227472829175288633,0,with_nodules_real,with_nodules,0.563076923076923,0.3317927042643229,0.8174376750069529,0.0,5.0,5.0
1.3.6.1.4.1.14519.5.2.1.6279.6001.246589849815292078281051154201,0,without_nodules_pseudo,without_nodules,0.7184466019417476,0.4420289855072464,0.742296918767507,0.0,22.0,22.0
1.3.6.1.4.1.14519.5.2.1.6279.6001.246758220302211646532176593724,0,with_nodules_real,with_nodules,0.7674418604651163,0.3340909090909091,0.7795918600899833,0.0,3.0,2.0
1.3.6.1.4.1.14519.5.2.1.6279.6001.246758220302211646532176593724,1,with_nodules_real,with_nodules,0.5232558139534884,0.43006994074041194,0.8593406677246094,0.0,3.0,3.0
1.3.6.1.4.1.14519.5.2.1.6279.6001.247060297988514823071467295949,0,with_nodules_real,with_nodules,0.30132450331125826,0.7804014347801523,0.8895718266065468,0.0,4.0,5.0
1.3.6.1.4.1.14519.5.2.1.6279.6001.247769845138587733933485039556,0,with_nodules_real,with_nodules,0.32926829268292684,0.2734252963445883,0.1385473760377939,0.0,4.0,5.0
1.3.6.1.4.1.14519.5.2.1.6279.6001.247769845138587733933485039556,1,with_nodules_real,with_nodules,0.26422764227642276,0.5287610619469026,0.9356913183279743,0.0,4.0,4.0
1.3.6.1.4.1.14519.5.2.1.6279.6001.247769845138587733933485039556,2,with_nodules_real,with_nodules,0.3617886178861789,0.2779565490452589,0.10026308041293522,0.0,2.0,2.0
1.3.6.1.4.1.14519.5.2.1.6279.6001.247816269490470394602288565775,0,with_nodules_real,with_nodules,0.6150943396226415,0.37095040137614677,0.7711875,0.0,10.0,9.0
1.3.6.1.4.1.14519.5.2.1.6279.6001.247816269490470394602288565775,1,with_nodules_real,with_nodules,0.8679245283018868,0.7729357798165137,0.338,0.0,3.0,3.0
1.3.6.1.4.1.14519.5.2.1.6279.6001.248357157975955379661896491341,0,with_nodules_real,with_nodules,0.42805755395683454,0.5734463276836158,0.8309608540925267,0.0,5.0,4.0
1.3.6.1.4.1.14519.5.2.1.6279.6001.248360766706804179966476685510,0,without_nodules_pseudo,without_nodules,0.5693950177935944,0.7258064516129032,0.24390243902439024,0.0,26.0,26.0
1.3.6.1.4.1.14519.5.2.1.6279.6001.248360766706804179966476685510,1,without_nodules_pseudo,without_nodules,0.7473309608540926,0.7043010752688172,0.3310104529616725,0.0,16.0,16.0
1.3.6.1.4.1.14519.5.2.1.6279.6001.248360766706804179966476685510,2,without_nodules_pseudo,without_nodules,0.5124555160142349,0.8333333333333334,0.7456445993031359,0.0,28.0,28.0
1.3.6.1.4.1.14519.5.2.1.6279.6001.248360766706804179966476685510,3,without_nodules_pseudo,without_nodules,0.3096085409252669,0.6774193548387096,0.7456445993031359,1.0,22.0,20.0
1.3.6.1.4.1.14519.5.2.1.6279.6001.248360766706804179966476685510,4,without_nodules_pseudo,without_nodules,0.49110320284697506,0.6612903225806451,0.8606271777003485,0.0,28.0,21.0
1.3.6.1.4.1.14519.5.2.1.6279.6001.248360766706804179966476685510,5,without_nodules_pseudo,without_nodules,0.49110320284697506,0.6612903225806451,0.8222996515679443,0.0,32.0,32.0
1.3.6.1.4.1.14519.5.2.1.6279.6001.248360766706804179966476685510,6,without_nodules_pseudo,without_nodules,0.5551601423487544,0.26344086021505375,0.21602787456445993,0.0,20.0,20.0
1.3.6.1.4.1.14519.5.2.1.6279.6001.248360766706804179966476685510,7,without_nodules_pseudo,without_nodules,0.3665480427046263,0.7150537634408602,0.8118466898954704,0.0,30.0,30.0
1.3.6.1.4.1.14519.5.2.1.6279.6001.248360766706804179966476685510,8,without_nodules_pseudo,without_nodules,0.498220640569395,0.5376344086021505,0.7979094076655052,0.0,40.0,40.0
1.3.6.1.4.1.14519.5.2.1.6279.6001.248425363469507808613979846863,0,without_nodules_pseudo,without_nodules,0.40070921985815605,0.30735930735930733,0.18333333333333332,0.0,24.0,24.0
1.3.6.1.4.1.14519.5.2.1.6279.6001.248425363469507808613979846863,1,without_nodules_pseudo,without_nodules,0.6312056737588653,0.5108225108225108,0.7027777777777777,0.0,30.0,30.0
1.3.6.1.4.1.14519.5.2.1.6279.6001.249032660919473722154870746474,0,with_nodules_real,with_nodules,0.6339285714285714,0.8506787330316742,0.3135048231511254,0.0,3.0,3.0
1.3.6.1.4.1.14519.5.2.1.6279.6001.249314567767437206995861966896,0,with_nodules_real,with_nodules,0.18772563176895307,0.8572469225116804,0.6155818436306773,0.0,14.0,12.0
1.3.6.1.4.1.14519.5.2.1.6279.6001.249314567767437206995861966896,1,with_nodules_real,with_nodules,0.8628158844765343,0.47941985784792435,0.7363344051446945,0.0,10.0,9.0
1.3.6.1.4.1.14519.5.2.1.6279.6001.249404938669582150398726875826,0,with_nodules_real,with_nodules,0.5016722408026756,0.5949354698909587,0.8933333333333333,0.0,9.0,8.0
1.3.6.1.4.1.14519.5.2.1.6279.6001.249404938669582150398726875826,1,with_nodules_real,with_nodules,0.13712374581939799,0.7600502512562815,0.6646666463216145,0.0,6.0,6.0
1.3.6.1.4.1.14519.5.2.1.6279.6001.249404938669582150398726875826,2,with_nodules_real,with_nodules,0.4782608695652174,0.8571157790907663,0.7215094502766927,0.0,7.0,5.0
1.3.6.1.4.1.14519.5.2.1.6279.6001.249404938669582150398726875826,3,with_nodules_real,with_nodules,0.13043478260869565,0.8128480384098226,0.18585585276285807,0.0,5.0,5.0
1.3.6.1.4.1.14519.5.2.1.6279.6001.249450003033735700817635168066,0,with_nodules_real,with_nodules,0.33225806451612905,0.4814863732112712,0.09175769877883623,0.0,5.0,5.0
1.3.6.1.4.1.14519.5.2.1.6279.6001.249450003033735700817635168066,1,with_nodules_real,with_nodules,0.24516129032258063,0.6959798994974874,0.8878215861770342,0.0,4.0,4.0
1.3.6.1.4.1.14519.5.2.1.6279.6001.249450003033735700817635168066,2,with_nodules_real,with_nodules,0.3193548387096774,0.8140703517587939,0.8528301886792453,0.0,4.0,3.0
1.3.6.1.4.1.14519.5.2.1.6279.6001.249450003033735700817635168066,3,with_nodules_real,with_nodules,0.27741935483870966,0.4064439936498901,0.8890122323665979,0.0,3.0,3.0
1.3.6.1.4.1.14519.5.2.1.6279.6001.249530219848512542668813996730,0,with_nodules_real,with_nodules,0.2,0.6854838950961244,0.864299724628399,0.0,8.0,8.0
1.3.6.1.4.1.14519.5.2.1.6279.6001.249530219848512542668813996730,1,with_nodules_real,with_nodules,0.27,0.5280594919242111,0.933721468046114,0.0,4.0,4.0
1.3.6.1.4.1.14519.5.2.1.6279.6001.249530219848512542668813996730,2,with_nodules_real,with_nodules,0.5133333333333333,0.5490196078431373,0.1396103896103896,0.0,4.0,3.0
1.3.6.1.4.1.14519.5.2.1.6279.6001.250397690690072950000431855143,0,with_nodules_real,with_nodules,0.4212328767123288,0.8573638613861386,0.35316307600154434,0.0,9.0,9.0
1.3.6.1.4.1.14519.5.2.1.6279.6001.250397690690072950000431855143,1,with_nodules_real,with_nodules,0.4280821917808219,0.16113513531071125,0.7735716860951776,0.0,7.0,6.0
1.3.6.1.4.1.14519.5.2.1.6279.6001.250397690690072950000431855143,2,with_nodules_real,with_nodules,0.5376712328767124,0.2896039603960396,0.7703058996865916,0.0,7.0,6.0
1.3.6.1.4.1.14519.5.2.1.6279.6001.250397690690072950000431855143,3,with_nodules_real,with_nodules,0.4794520547945205,0.4025302547039372,0.8605389262354651,0.0,5.0,6.0
1.3.6.1.4.1.14519.5.2.1.6279.6001.250397690690072950000431855143,4,with_nodules_real,with_nodules,0.5136986301369864,0.20115512432438312,0.25370986279459096,0.0,5.0,4.0
1.3.6.1.4.1.14519.5.2.1.6279.6001.250397690690072950000431855143,5,with_nodules_real,with_nodules,0.5924657534246576,0.4306930693069307,0.8372093023255814,0.0,4.0,3.0
1.3.6.1.4.1.14519.5.2.1.6279.6001.250438451287314206124484591986,0,without_nodules_pseudo,without_nodules,0.24583333333333332,0.4946236559139785,0.2777777777777778,0.0,16.0,16.0
1.3.6.1.4.1.14519.5.2.1.6279.6001.250481236093201801255751845296,0,with_nodules_real,with_nodules,0.4355400696864111,0.9061602200709933,0.6993433324302115,0.0,2.0,3.0
1.3.6.1.4.1.14519.5.2.1.6279.6001.250863365157630276148828903732,0,with_nodules_real,with_nodules,0.6709677419354839,0.3328059071729958,0.25987841945288753,0.0,8.0,7.0
1.3.6.1.4.1.14519.5.2.1.6279.6001.251215764736737018371915284679,0,with_nodules_real,with_nodules,0.2302839116719243,0.29318181818181815,0.2372533274749852,0.0,11.0,11.0
1.3.6.1.4.1.14519.5.2.1.6279.6001.252358625003143649770119512644,0,with_nodules_real,with_nodules,0.47315436241610737,0.5205479452054794,0.12543553450574907,0.0,6.0,4.0
1.3.6.1.4.1.14519.5.2.1.6279.6001.252634638822000832774167856951,0,with_nodules_real,with_nodules,0.6184738955823293,0.8332136863189218,0.7155290083451704,0.0,16.0,14.0
1.3.6.1.4.1.14519.5.2.1.6279.6001.252697338970999211181671881792,0,with_nodules_real,with_nodules,0.4977578475336323,0.8119158878504673,0.1802536231884058,0.0,3.0,3.0
1.3.6.1.4.1.14519.5.2.1.6279.6001.252709517998555732486024866345,0,without_nodules_pseudo,without_nodules,0.71875,0.4631578947368421,0.6526315789473685,1.0,29.0,25.0
1.3.6.1.4.1.14519.5.2.1.6279.6001.252709517998555732486024866345,1,without_nodules_pseudo,without_nodules,0.5590277777777778,0.38421052631578945,0.21754385964912282,0.0,18.0,18.0
1.3.6.1.4.1.14519.5.2.1.6279.6001.252814707117018427472206147014,0,with_nodules_real,with_nodules,0.4525993883792049,0.34046890538766844,0.11856510954083137,0.0,4.0,5.0
1.3.6.1.4.1.14519.5.2.1.6279.6001.252814707117018427472206147014,1,with_nodules_real,with_nodules,0.327217125382263,0.8130733944954128,0.6485849056603774,0.0,4.0,4.0
1.3.6.1.4.1.14519.5.2.1.6279.6001.253283426904813468115158375647,0,without_nodules_pseudo,without_nodules,0.386986301369863,0.39572192513368987,0.14634146341463414,0.0,28.0,28.0
1.3.6.1.4.1.14519.5.2.1.6279.6001.253283426904813468115158375647,1,without_nodules_pseudo,without_nodules,0.3904109589041096,0.6417112299465241,0.2264808362369338,0.0,26.0,26.0
1.3.6.1.4.1.14519.5.2.1.6279.6001.253317247142837717905329340520,0,without_nodules_pseudo,without_nodules,0.6944444444444444,0.41847826086956524,0.8467432950191571,0.0,30.0,30.0
1.3.6.1.4.1.14519.5.2.1.6279.6001.253317247142837717905329340520,1,without_nodules_pseudo,without_nodules,0.8020833333333334,0.5054347826086957,0.7049808429118773,0.0,40.0,40.0
1.3.6.1.4.1.14519.5.2.1.6279.6001.253322967203074795232627653819,0,with_nodules_real,with_nodules,0.8472727272727273,0.5579246786696401,0.8501298939098011,0.0,4.0,5.0
1.3.6.1.4.1.14519.5.2.1.6279.6001.253322967203074795232627653819,1,with_nodules_real,with_nodules,0.3490909090909091,0.13374304890039548,0.2669518765536222,0.0,3.0,3.0
1.3.6.1.4.1.14519.5.2.1.6279.6001.253322967203074795232627653819,2,with_nodules_real,with_nodules,0.5963636363636363,0.7661691542288557,0.15636363636363637,0.0,2.0,3.0
1.3.6.1.4.1.14519.5.2.1.6279.6001.254138388912084634057282064266,0,without_nodules_pseudo,without_nodules,0.47017543859649125,0.14925373134328357,0.2748091603053435,0.0,16.0,16.0
1.3.6.1.4.1.14519.5.2.1.6279.6001.254254303842550572473665729969,0,with_nodules_real,with_nodules,0.4888888888888889,0.3407809531041818,0.37663865363460847,0.0,15.0,12.0
1.3.6.1.4.1.14519.5.2.1.6279.6001.254254303842550572473665729969,1,with_nodules_real,with_nodules,0.8031746031746032,0.6647286821705426,0.4410919540229885,0.0,10.0,9.0
1.3.6.1.4.1.14519.5.2.1.6279.6001.254473943359963613733707320244,0,with_nodules_real,with_nodules,0.737012987012987,0.8481781376518218,0.7213622291021672,0.0,4.0,4.0
1.3.6.1.4.1.14519.5.2.1.6279.6001.254473943359963613733707320244,1,with_nodules_real,with_nodules,0.4318181818181818,0.8481781376518218,0.15417956420142584,0.0,2.0,2.0
1.3.6.1.4.1.14519.5.2.1.6279.6001.254929810944557499537650429296,0,without_nodules_pseudo,without_nodules,0.5477941176470589,0.2889908256880734,0.34662576687116564,0.0,38.0,38.0
1.3.6.1.4.1.14519.5.2.1.6279.6001.254957696184671649675053562027,0,with_nodules_real,with_nodules,0.7081967213114754,0.589247300889757,0.8341838779734142,0.0,4.0,4.0
1.3.6.1.4.1.14519.5.2.1.6279.6001.254957696184671649675053562027,1,with_nodules_real,with_nodules,0.6524590163934426,0.17685185750325522,0.2919154152941348,0.0,4.0,4.0
1.3.6.1.4.1.14519.5.2.1.6279.6001.255409701134762680010928250229,0,without_nodules_pseudo,without_nodules,0.6678832116788321,0.6381909547738693,0.2832764505119454,0.0,16.0,16.0
1.3.6.1.4.1.14519.5.2.1.6279.6001.255999614855292116767517149228,0,with_nodules_real,with_nodules,0.47840531561461797,0.2875840323311942,0.16993852516800437,0.0,11.0,9.0
1.3.6.1.4.1.14519.5.2.1.6279.6001.256542095129414948017808425649,0,without_nodules_pseudo,without_nodules,0.6576271186440678,0.25196850393700787,0.44505494505494503,2.0,20.0,30.0
1.3.6.1.4.1.14519.5.2.1.6279.6001.257383535269991165447822992959,0,with_nodules_real,with_nodules,0.5098684210526315,0.7508797555599572,0.41049381416876196,0.0,15.0,13.0
1.3.6.1.4.1.14519.5.2.1.6279.6001.257383535269991165447822992959,1,with_nodules_real,with_nodules,0.6282894736842105,0.755856639934036,0.284244902745974,0.0,11.0,10.0
1.3.6.1.4.1.14519.5.2.1.6279.6001.257383535269991165447822992959,2,with_nodules_real,with_nodules,0.680921052631579,0.875,0.29693486590038315,0.0,7.0,6.0
1.3.6.1.4.1.14519.5.2.1.6279.6001.257383535269991165447822992959,3,with_nodules_real,with_nodules,0.48026315789473684,0.8219339622641509,0.42049808429118773,0.0,4.0,3.0
1.3.6.1.4.1.14519.5.2.1.6279.6001.257515388956260258681136624817,0,with_nodules_real,with_nodules,0.3581081081081081,0.6521784464518229,0.34291612391935244,0.0,11.0,8.0
1.3.6.1.4.1.14519.5.2.1.6279.6001.257515388956260258681136624817,1,with_nodules_real,with_nodules,0.4527027027027027,0.7692307692307693,0.7492163009404389,0.0,4.0,3.0
1.3.6.1.4.1.14519.5.2.1.6279.6001.257840703452266097926250569223,0,with_nodules_real,with_nodules,0.42366412213740456,0.7290379792741202,0.12006861128897037,0.0,4.0,5.0
1.3.6.1.4.1.14519.5.2.1.6279.6001.257840703452266097926250569223,1,with_nodules_real,with_nodules,0.5343511450381679,0.7839805825242718,0.8547169811320755,0.0,4.0,4.0
1.3.6.1.4.1.14519.5.2.1.6279.6001.258220324170977900491673635112,0,with_nodules_real,with_nodules,0.24734982332155478,0.845098009296492,0.7342680207975618,0.0,11.0,10.0
1.3.6.1.4.1.14519.5.2.1.6279.6001.258220324170977900491673635112,1,with_nodules_real,with_nodules,0.5971731448763251,0.4735294042849073,0.8512820289248512,0.0,3.0,3.0
1.3.6.1.4.1.14519.5.2.1.6279.6001.259018373683540453277752706262,0,without_nodules_pseudo,without_nodules,0.3157894736842105,0.8228346456692913,0.6923076923076923,0.0,40.0,40.0
1.3.6.1.4.1.14519.5.2.1.6279.6001.259018373683540453277752706262,1,without_nodules_pseudo,without_nodules,0.5020242914979757,0.46062992125984253,0.8333333333333334,0.0,28.0,28.0
1.3.6.1.4.1.14519.5.2.1.6279.6001.259018373683540453277752706262,2,without_nodules_pseudo,without_nodules,0.6153846153846154,0.3700787401574803,0.7724358974358975,0.0,20.0,20.0
1.3.6.1.4.1.14519.5.2.1.6279.6001.259018373683540453277752706262,3,without_nodules_pseudo,without_nodules,0.3481781376518219,0.8188976377952756,0.6698717948717948,0.0,32.0,32.0
1.3.6.1.4.1.14519.5.2.1.6279.6001.259123825760999546551970425757,0,with_nodules_real,with_nodules,0.7849056603773585,0.606719854519452,0.2698412698412698,0.0,16.0,14.0
1.3.6.1.4.1.14519.5.2.1.6279.6001.259123825760999546551970425757,1,with_nodules_real,with_nodules,0.5811320754716981,0.32339254853689126,0.27380952380952384,0.0,3.0,4.0
1.3.6.1.4.1.14519.5.2.1.6279.6001.259123825760999546551970425757,2,with_nodules_real,with_nodules,0.2339622641509434,0.39193160158728585,0.8755221291193886,0.0,4.0,3.0
1.3.6.1.4.1.14519.5.2.1.6279.6001.259123825760999546551970425757,3,with_nodules_real,with_nodules,0.7358490566037735,0.4537290001883725,0.22374847957066127,0.0,2.0,3.0
1.3.6.1.4.1.14519.5.2.1.6279.6001.259123825760999546551970425757,4,with_nodules_real,with_nodules,0.5660377358490566,0.2969543147208122,0.2400793650793651,0.0,2.0,3.0
1.3.6.1.4.1.14519.5.2.1.6279.6001.259124675432205040899951626253,0,with_nodules_real,with_nodules,0.48028673835125446,0.15802138935435903,0.23988037109375,0.0,3.0,3.0
1.3.6.1.4.1.14519.5.2.1.6279.6001.259227883564429312164962953756,0,with_nodules_real,with_nodules,0.623574144486692,0.6976323494544396,0.38474185407654315,0.0,8.0,8.0
1.3.6.1.4.1.14519.5.2.1.6279.6001.259453428008507791234730686014,0,without_nodules_pseudo,without_nodules,0.6265060240963856,0.18867924528301888,0.5618729096989966,0.0,32.0,31.0
1.3.6.1.4.1.14519.5.2.1.6279.6001.259453428008507791234730686014,1,without_nodules_pseudo,without_nodules,0.7469879518072289,0.6509433962264151,0.7090301003344481,0.0,24.0,24.0
1.3.6.1.4.1.14519.5.2.1.6279.6001.259543921154154401875872845498,0,with_nodules_real,with_nodules,0.4934640522875817,0.22876755396525064,0.2549702398940096,0.0,4.0,4.0
1.3.6.1.4.1.14519.5.2.1.6279.6001.259543921154154401875872845498,1,with_nodules_real,with_nodules,0.47058823529411764,0.14963625095508717,0.2746626266827413,0.0,4.0,4.0
1.3.6.1.4.1.14519.5.2.1.6279.6001.259543921154154401875872845498,2,with_nodules_real,with_nodules,0.5228758169934641,0.3201754534686053,0.2763586386018933,0.0,3.0,4.0
1.3.6.1.4.1.14519.5.2.1.6279.6001.261678072503577216586082745513,0,without_nodules_pseudo,without_nodules,0.35424354243542433,0.4798387096774194,0.32398753894080995,0.0,16.0,16.0
1.3.6.1.4.1.14519.5.2.1.6279.6001.261678072503577216586082745513,1,without_nodules_pseudo,without_nodules,0.7306273062730627,0.8225806451612904,0.6728971962616822,0.0,16.0,16.0
1.3.6.1.4.1.14519.5.2.1.6279.6001.261700367741314729940340271960,0,with_nodules_real,with_nodules,0.8346456692913385,0.4523809523809524,0.610000010899135,0.0,2.0,3.0
1.3.6.1.4.1.14519.5.2.1.6279.6001.262736997975960398949912434623,0,with_nodules_real,with_nodules,0.49480968858131485,0.5089743687556341,0.1648888905843099,0.0,2.0,3.0
1.3.6.1.4.1.14519.5.2.1.6279.6001.262736997975960398949912434623,1,with_nodules_real,with_nodules,0.6505190311418685,0.22027971194340631,0.24272727966308594,0.0,2.0,3.0
1.3.6.1.4.1.14519.5.2.1.6279.6001.262873069163227096134627700599,0,with_nodules_real,with_nodules,0.5288135593220339,0.773109243697479,0.2662411412448748,0.0,12.0,11.0
1.3.6.1.4.1.14519.5.2.1.6279.6001.262873069163227096134627700599,1,with_nodules_real,with_nodules,0.30847457627118646,0.781169602850906,0.5948762284948471,0.0,6.0,6.0
1.3.6.1.4.1.14519.5.2.1.6279.6001.264090899378396711987322794314,0,without_nodules_pseudo,without_nodules,0.40404040404040403,0.5693069306930693,0.125,3.0,36.0,21.0
1.3.6.1.4.1.14519.5.2.1.6279.6001.264090899378396711987322794314,1,without_nodules_pseudo,without_nodules,0.28619528619528617,0.8613861386138614,0.3301282051282051,0.0,18.0,18.0
1.3.6.1.4.1.14519.5.2.1.6279.6001.264090899378396711987322794314,2,without_nodules_pseudo,without_nodules,0.8047138047138047,0.6237623762376238,0.25,0.0,34.0,34.0
1.3.6.1.4.1.14519.5.2.1.6279.6001.264251211689085893915477907261,0,with_nodules_real,with_nodules,0.5847750865051903,0.7114450423443903,0.3231798688942027,0.0,3.0,5.0
1.3.6.1.4.1.14519.5.2.1.6279.6001.264251211689085893915477907261,1,with_nodules_real,with_nodules,0.6955017301038062,0.37972888008492894,0.2543733543324693,0.0,4.0,4.0
1.3.6.1.4.1.14519.5.2.1.6279.6001.264251211689085893915477907261,2,with_nodules_real,with_nodules,0.48788927335640137,0.6225782300605148,0.1804021556058034,0.0,4.0,3.0
1.3.6.1.4.1.14519.5.2.1.6279.6001.265133389948279331857097127422,0,without_nodules_pseudo,without_nodules,0.59375,0.3285024154589372,0.7152777777777778,0.0,40.0,40.0
1.3.6.1.4.1.14519.5.2.1.6279.6001.265453131727473342790950829556,0,with_nodules_real,with_nodules,0.6021505376344086,0.8508788399074388,0.6601842892397741,0.0,6.0,5.0
1.3.6.1.4.1.14519.5.2.1.6279.6001.265453131727473342790950829556,1,with_nodules_real,with_nodules,0.6738351254480287,0.8496894504712975,0.7459508810833002,0.0,4.0,6.0
1.3.6.1.4.1.14519.5.2.1.6279.6001.265453131727473342790950829556,2,with_nodules_real,with_nodules,0.5340501792114696,0.8148425558338994,0.22062376957790109,0.0,4.0,4.0
1.3.6.1.4.1.14519.5.2.1.6279.6001.265453131727473342790950829556,3,with_nodules_real,with_nodules,0.7275985663082437,0.6826086956521739,0.7299698264735519,0.0,4.0,3.0
1.3.6.1.4.1.14519.5.2.1.6279.6001.265453131727473342790950829556,4,with_nodules_real,with_nodules,0.4659498207885305,0.8851662677267323,0.7583364498843054,0.0,3.0,4.0
1.3.6.1.4.1.14519.5.2.1.6279.6001.265570697208310960298668720669,0,without_nodules_pseudo,without_nodules,0.41762452107279696,0.24561403508771928,0.25396825396825395,0.0,20.0,20.0
1.3.6.1.4.1.14519.5.2.1.6279.6001.265775376735520890308424143898,0,with_nodules_real,with_nodules,0.6787003610108303,0.7526162370520445,0.4455738636984754,0.0,4.0,4.0
1.3.6.1.4.1.14519.5.2.1.6279.6001.265775376735520890308424143898,1,with_nodules_real,with_nodules,0.7075812274368231,0.7737977137019978,0.18606964509878585,0.0,3.0,3.0
1.3.6.1.4.1.14519.5.2.1.6279.6001.265775376735520890308424143898,2,with_nodules_real,with_nodules,0.5884476534296029,0.8930348258706468,0.74733477919849,0.0,3.0,2.0
1.3.6.1.4.1.14519.5.2.1.6279.6001.265780642925621389994857727416,0,with_nodules_real,with_nodules,0.5593869731800766,0.4454328748914931,0.13527118313697076,0.0,8.0,8.0
1.3.6.1.4.1.14519.5.2.1.6279.6001.265960756233787099041040311282,0,with_nodules_real,with_nodules,0.7815384615384615,0.506198347107438,0.8793650793650793,0.0,3.0,3.0
1.3.6.1.4.1.14519.5.2.1.6279.6001.266009527139315622265711325223,0,without_nodules_pseudo,without_nodules,0.7649122807017544,0.5106382978723404,0.2413793103448276,0.0,16.0,16.0
1.3.6.1.4.1.14519.5.2.1.6279.6001.266581250778073944645044950856,0,without_nodules_pseudo,without_nodules,0.5958188153310104,0.8703703703703703,0.6276595744680851,1.0,13.0,16.0
1.3.6.1.4.1.14519.5.2.1.6279.6001.267519732763035023633235877753,0,with_nodules_real,with_nodules,0.25311203319502074,0.2666887743719693,0.26440506838680655,0.0,5.0,5.0
1.3.6.1.4.1.14519.5.2.1.6279.6001.267519732763035023633235877753,1,with_nodules_real,with_nodules,0.27385892116182575,0.08668582192782698,0.2507802770378884,0.0,3.0,4.0
1.3.6.1.4.1.14519.5.2.1.6279.6001.267519732763035023633235877753,2,with_nodules_real,with_nodules,0.8132780082987552,0.3241832996236867,0.5730337078651685,0.0,3.0,4.0
1.3.6.1.4.1.14519.5.2.1.6279.6001.267957701183569638795986183786,0,with_nodules_real,with_nodules,0.3838383838383838,0.2347778030063795,0.20648464163822525,0.0,20.0,18.0
1.3.6.1.4.1.14519.5.2.1.6279.6001.267957701183569638795986183786,1,with_nodules_real,with_nodules,0.48148148148148145,0.23325198629628058,0.28244062820799115,0.0,6.0,6.0
1.3.6.1.4.1.14519.5.2.1.6279.6001.267957701183569638795986183786,2,with_nodules_real,with_nodules,0.8619528619528619,0.7717391304347826,0.30204778156996587,0.0,3.0,3.0
1.3.6.1.4.1.14519.5.2.1.6279.6001.268030488196493755113553009785,0,with_nodules_real,with_nodules,0.7794117647058824,0.7735194967250631,0.7879858657243817,0.0,5.0,7.0
1.3.6.1.4.1.14519.5.2.1.6279.6001.268589491017129166376960414534,0,without_nodules_pseudo,without_nodules,0.6401384083044983,0.3588516746411483,0.20846905537459284,0.0,22.0,22.0
1.3.6.1.4.1.14519.5.2.1.6279.6001.268838889380981659524993261082,0,without_nodules_pseudo,without_nodules,0.7401574803149606,0.7053571428571429,0.6642335766423357,1.0,26.0,25.0
1.3.6.1.4.1.14519.5.2.1.6279.6001.268992195564407418480563388746,0,with_nodules_real,with_nodules,0.3382899628252788,0.4933016487721647,0.0895584533360891,0.0,4.0,4.0
1.3.6.1.4.1.14519.5.2.1.6279.6001.269075535958871753309238331179,0,with_nodules_real,with_nodules,0.49480968858131485,0.2148209015528361,0.44463808173375413,0.0,9.0,9.0
1.3.6.1.4.1.14519.5.2.1.6279.6001.269075535958871753309238331179,1,with_nodules_real,with_nodules,0.5190311418685121,0.8208333651224772,0.18860926849163132,0.0,3.0,4.0
1.3.6.1.4.1.14519.5.2.1.6279.6001.269075535958871753309238331179,2,with_nodules_real,with_nodules,0.4844290657439446,0.2814583381017049,0.4059602598480831,0.0,4.0,4.0
1.3.6.1.4.1.14519.5.2.1.6279.6001.269689294231892620436462818860,0,without_nodules_pseudo,without_nodules,0.5533333333333333,0.5654205607476636,0.7992957746478874,0.0,18.0,18.0
1.3.6.1.4.1.14519.5.2.1.6279.6001.269689294231892620436462818860,1,without_nodules_pseudo,without_nodules,0.57,0.19158878504672897,0.29225352112676056,0.0,18.0,18.0
1.3.6.1.4.1.14519.5.2.1.6279.6001.270152671889301412052226973069,0,with_nodules_real,with_nodules,0.36454849498327757,0.7595528207174161,0.14206642066420663,0.0,5.0,6.0
1.3.6.1.4.1.14519.5.2.1.6279.6001.270215889102603268207599305185,0,with_nodules_real,with_nodules,0.4855305466237942,0.46455223880597013,0.826865671641791,0.0,4.0,4.0
1.3.6.1.4.1.14519.5.2.1.6279.6001.270390050141765094612147226290,0,with_nodules_real,with_nodules,0.5480427046263345,0.44971990375266724,0.33258283899185503,0.0,11.0,11.0
1.3.6.1.4.1.14519.5.2.1.6279.6001.270390050141765094612147226290,1,with_nodules_real,with_nodules,0.33807829181494664,0.2543645010120543,0.26567601722786854,0.0,6.0,6.0
1.3.6.1.4.1.14519.5.2.1.6279.6001.270390050141765094612147226290,2,with_nodules_real,with_nodules,0.5160142348754448,0.36172297137424286,0.8306315227844795,0.0,3.0,4.0
1.3.6.1.4.1.14519.5.2.1.6279.6001.270788655216695628640355888562,0,without_nodules_pseudo,without_nodules,0.49666666666666665,0.23766816143497757,0.24773413897280966,0.0,24.0,24.0
1.3.6.1.4.1.14519.5.2.1.6279.6001.270788655216695628640355888562,1,without_nodules_pseudo,without_nodules,0.51,0.6681614349775785,0.7734138972809668,0.0,16.0,16.0
1.3.6.1.4.1.14519.5.2.1.6279.6001.270951128717816232360812849541,0,with_nodules_real,with_nodules,0.468013468013468,0.8288888888888889,0.7254270274319753,0.0,7.0,6.0
1.3.6.1.4.1.14519.5.2.1.6279.6001.271220641987745483198036913951,0,with_nodules_real,with_nodules,0.6017699115044248,0.7676471968138345,0.19623890142331177,0.0,7.0,7.0
1.3.6.1.4.1.14519.5.2.1.6279.6001.271307051432838466826189754230,0,with_nodules_real,with_nodules,0.21532846715328466,0.39360348383585614,0.9215155479891989,0.0,17.0,15.0
1.3.6.1.4.1.14519.5.2.1.6279.6001.272042302501586336192628818865,0,with_nodules_real,with_nodules,0.7773722627737226,0.6626106194690266,0.5584935897435898,0.0,3.0,4.0
1.3.6.1.4.1.14519.5.2.1.6279.6001.272123398257168239653655006815,0,with_nodules_real,with_nodules,0.3811188811188811,0.6700404858299596,0.8512996550529234,0.0,18.0,16.0
1.3.6.1.4.1.14519.5.2.1.6279.6001.272123398257168239653655006815,1,with_nodules_real,with_nodules,0.5244755244755245,0.5196106945454833,0.7868118062396903,0.0,17.0,14.0
1.3.6.1.4.1.14519.5.2.1.6279.6001.272123398257168239653655006815,2,with_nodules_real,with_nodules,0.6433566433566433,0.21614565829999052,0.364533745997812,0.0,12.0,12.0
1.3.6.1.4.1.14519.5.2.1.6279.6001.272190966764020277652079081128,0,with_nodules_real,with_nodules,0.34024896265560167,0.8253770880742904,0.32276350615040356,0.0,6.0,6.0
1.3.6.1.4.1.14519.5.2.1.6279.6001.272190966764020277652079081128,1,with_nodules_real,with_nodules,0.7427385892116183,0.6426723375232941,0.1811852613032259,0.0,5.0,5.0
1.3.6.1.4.1.14519.5.2.1.6279.6001.272259794130271010519952623746,0,without_nodules_pseudo,without_nodules,0.6020761245674741,0.8509803921568627,0.6593406593406593,0.0,30.0,36.0
1.3.6.1.4.1.14519.5.2.1.6279.6001.272344603176687884771013620823,0,with_nodules_real,with_nodules,0.7343173431734318,0.4817239861739309,0.8022521480437248,0.0,19.0,16.0
1.3.6.1.4.1.14519.5.2.1.6279.6001.272348349298439120568330857680,0,with_nodules_real,with_nodules,0.7215189873417721,0.602070746020736,0.35377358490566035,0.0,19.0,16.0
1.3.6.1.4.1.14519.5.2.1.6279.6001.272961322147784625028175033640,0,with_nodules_real,with_nodules,0.3706293706293706,0.7501225765282509,0.14241852172433514,0.0,4.0,5.0
1.3.6.1.4.1.14519.5.2.1.6279.6001.273525289046256012743471155680,0,with_nodules_real,with_nodules,0.5155038759689923,0.7044444444444444,0.7809524073745265,0.0,3.0,3.0
1.3.6.1.4.1.14519.5.2.1.6279.6001.274052674198758621258447180130,0,with_nodules_real,with_nodules,0.5306859205776173,0.5831845147269112,0.2386458396911621,0.0,5.0,4.0
1.3.6.1.4.1.14519.5.2.1.6279.6001.274052674198758621258447180130,1,with_nodules_real,with_nodules,0.35379061371841153,0.8816964285714286,0.25379464626312254,0.0,4.0,4.0
1.3.6.1.4.1.14519.5.2.1.6279.6001.275007193025729362844652516689,0,with_nodules_real,with_nodules,0.3333333333333333,0.34577114427860695,0.3839970667870036,0.0,15.0,13.0
1.3.6.1.4.1.14519.5.2.1.6279.6001.275007193025729362844652516689,1,with_nodules_real,with_nodules,0.35714285714285715,0.33044152710568253,0.1407942238267148,0.0,12.0,11.0
1.3.6.1.4.1.14519.5.2.1.6279.6001.275007193025729362844652516689,2,with_nodules_real,with_nodules,0.2976190476190476,0.15422885572139303,0.8086642599277978,0.0,4.0,3.0
1.3.6.1.4.1.14519.5.2.1.6279.6001.275755514659958628040305922764,0,with_nodules_real,with_nodules,0.29454545454545455,0.12337662337662338,0.37464387464387466,0.0,6.0,6.0
1.3.6.1.4.1.14519.5.2.1.6279.6001.275755514659958628040305922764,1,with_nodules_real,with_nodules,0.41818181818181815,0.2439574369620451,0.2525522389642873,0.0,6.0,6.0
1.3.6.1.4.1.14519.5.2.1.6279.6001.275755514659958628040305922764,2,with_nodules_real,with_nodules,0.2690909090909091,0.7312599611488771,0.8557504507211539,0.0,5.0,5.0
1.3.6.1.4.1.14519.5.2.1.6279.6001.275755514659958628040305922764,3,with_nodules_real,with_nodules,0.24727272727272728,0.8463203463203464,0.18579568890085246,0.0,4.0,4.0
1.3.6.1.4.1.14519.5.2.1.6279.6001.275755514659958628040305922764,4,with_nodules_real,with_nodules,0.32727272727272727,0.12554112554112554,0.23076923076923078,0.0,4.0,3.0
1.3.6.1.4.1.14519.5.2.1.6279.6001.275766318636944297772360944907,0,with_nodules_real,with_nodules,0.10150375939849623,0.8406113537117904,0.6006191950464397,0.0,7.0,6.0
1.3.6.1.4.1.14519.5.2.1.6279.6001.275766318636944297772360944907,1,with_nodules_real,with_nodules,0.5075187969924813,0.23016738891601562,0.2647058823529412,0.0,5.0,6.0
1.3.6.1.4.1.14519.5.2.1.6279.6001.275849601663847251574860892603,0,without_nodules_pseudo,without_nodules,0.6345381526104418,0.3548387096774194,0.15294117647058825,0.0,22.0,22.0
1.3.6.1.4.1.14519.5.2.1.6279.6001.275986221854423197884953496664,0,with_nodules_real,with_nodules,0.38671875,0.49350647699265254,0.1886184722419799,0.0,4.0,3.0
1.3.6.1.4.1.14519.5.2.1.6279.6001.275986221854423197884953496664,1,with_nodules_real,with_nodules,0.4375,0.2708333333333333,0.29640044565275897,0.0,3.0,2.0
1.3.6.1.4.1.14519.5.2.1.6279.6001.276351267409869539593937734609,0,without_nodules_pseudo,without_nodules,0.4664429530201342,0.233502538071066,0.1970260223048327,0.0,32.0,32.0
1.3.6.1.4.1.14519.5.2.1.6279.6001.276556509002726404418399209377,0,with_nodules_real,with_nodules,0.41776315789473684,0.11353711790393013,0.26961907070856717,0.0,6.0,5.0
1.3.6.1.4.1.14519.5.2.1.6279.6001.276556509002726404418399209377,1,with_nodules_real,with_nodules,0.5,0.6093574757138714,0.176205224666064,0.0,5.0,5.0
1.3.6.1.4.1.14519.5.2.1.6279.6001.276710697414087561012670296643,0,with_nodules_real,with_nodules,0.5073529411764706,0.883248730964467,0.6869772805107964,0.0,8.0,8.0
1.3.6.1.4.1.14519.5.2.1.6279.6001.277445975068759205899107114231,0,with_nodules_real,with_nodules,0.358974358974359,0.8149509803921569,0.2534364261168385,0.0,4.0,3.0
1.3.6.1.4.1.14519.5.2.1.6279.6001.277445975068759205899107114231,1,with_nodules_real,with_nodules,0.3772893772893773,0.9093137254901961,0.28350515463917525,0.0,3.0,3.0
1.3.6.1.4.1.14519.5.2.1.6279.6001.277452631455527999380186898011,0,with_nodules_real,with_nodules,0.6190476190476191,0.41363636363636364,0.6923076923076923,0.0,4.0,4.0
1.3.6.1.4.1.14519.5.2.1.6279.6001.277662902666135640561346462196,0,with_nodules_real,with_nodules,0.6405228758169934,0.5091324200913242,0.8104477611940298,0.0,13.0,12.0
1.3.6.1.4.1.14519.5.2.1.6279.6001.278010349511857248000260557753,0,with_nodules_real,with_nodules,0.44744744744744747,0.6402714932126696,0.09186746987951808,0.0,5.0,4.0
1.3.6.1.4.1.14519.5.2.1.6279.6001.278660284797073139172446973682,0,without_nodules_pseudo,without_nodules,0.48249027237354086,0.6220095693779905,0.14339622641509434,0.0,18.0,18.0
1.3.6.1.4.1.14519.5.2.1.6279.6001.279300249795483097365868125932,0,with_nodules_real,with_nodules,0.8809523809523809,0.47968074862517457,0.6937346867152623,0.0,12.0,11.0
1.3.6.1.4.1.14519.5.2.1.6279.6001.279953669991076107785464313394,0,without_nodules_pseudo,without_nodules,0.6217105263157895,0.31512605042016806,0.16816816816816818,3.0,24.0,15.0
1.3.6.1.4.1.14519.5.2.1.6279.6001.280072876841890439628529365478,0,with_nodules_real,with_nodules,0.23588039867109634,0.4997432399440456,0.8469298245614035,0.0,19.0,16.0
1.3.6.1.4.1.14519.5.2.1.6279.6001.280072876841890439628529365478,1,with_nodules_real,with_nodules,0.45514950166112955,0.12702702702702703,0.288203269556949,0.0,7.0,6.0
1.3.6.1.4.1.14519.5.2.1.6279.6001.280072876841890439628529365478,2,with_nodules_real,with_nodules,0.627906976744186,0.26756756756756755,0.17147215458384732,0.0,6.0,5.0
1.3.6.1.4.1.14519.5.2.1.6279.6001.280072876841890439628529365478,3,with_nodules_real,with_nodules,0.2591362126245847,0.6818721049540751,0.21352160269753975,0.0,6.0,5.0
1.3.6.1.4.1.14519.5.2.1.6279.6001.280072876841890439628529365478,4,with_nodules_real,with_nodules,0.4983388704318937,0.6258687199773015,0.21578947368421053,0.0,4.0,4.0
1.3.6.1.4.1.14519.5.2.1.6279.6001.280072876841890439628529365478,5,with_nodules_real,with_nodules,0.760797342192691,0.6270270270270271,0.5869883219401042,0.0,4.0,4.0
1.3.6.1.4.1.14519.5.2.1.6279.6001.280072876841890439628529365478,6,with_nodules_real,with_nodules,0.19269102990033224,0.910015869140625,0.21403508771929824,0.0,3.0,3.0
1.3.6.1.4.1.14519.5.2.1.6279.6001.280125803152924778388346920341,0,with_nodules_real,with_nodules,0.35251798561151076,0.48015286372258115,0.3242590767996652,0.0,5.0,5.0
1.3.6.1.4.1.14519.5.2.1.6279.6001.280125803152924778388346920341,1,with_nodules_real,with_nodules,0.6187050359712231,0.8149038461538461,0.5772263663155692,0.0,4.0,5.0
1.3.6.1.4.1.14519.5.2.1.6279.6001.280125803152924778388346920341,2,with_nodules_real,with_nodules,0.2949640287769784,0.7524038461538461,0.6061438523329697,0.0,3.0,5.0
1.3.6.1.4.1.14519.5.2.1.6279.6001.280972147860943609388015648430,0,without_nodules_pseudo,without_nodules,0.7640845070422535,0.5082644628099173,0.24024024024024024,0.0,40.0,40.0
1.3.6.1.4.1.14519.5.2.1.6279.6001.280972147860943609388015648430,1,without_nodules_pseudo,without_nodules,0.46830985915492956,0.8264462809917356,0.7717717717717718,0.0,30.0,30.0
1.3.6.1.4.1.14519.5.2.1.6279.6001.281489753704424911132261151767,0,with_nodules_real,with_nodules,0.099644128113879,0.31741573033707865,0.9236895883683678,0.0,4.0,5.0
1.3.6.1.4.1.14519.5.2.1.6279.6001.281967919138248195763602360723,0,without_nodules_pseudo,without_nodules,0.5684210526315789,0.5567567567567567,0.7357723577235772,0.0,34.0,32.0
1.3.6.1.4.1.14519.5.2.1.6279.6001.282512043257574309474415322775,0,with_nodules_real,with_nodules,0.570957095709571,0.23317307692307693,0.7284612959357584,0.0,15.0,14.0
1.3.6.1.4.1.14519.5.2.1.6279.6001.282779922503707013097174625409,0,with_nodules_real,with_nodules,0.5971223021582733,0.6513157894736842,0.854938288730403,0.0,3.0,4.0
1.3.6.1.4.1.14519.5.2.1.6279.6001.282779922503707013097174625409,1,with_nodules_real,with_nodules,0.381294964028777,0.15037593506930166,0.8232323232323232,0.0,2.0,3.0
1.3.6.1.4.1.14519.5.2.1.6279.6001.283569726884265181140892667131,0,with_nodules_real,with_nodules,0.21794871794871795,0.814121624370953,0.6737919237789691,0.0,14.0,12.0
1.3.6.1.4.1.14519.5.2.1.6279.6001.283569726884265181140892667131,1,with_nodules_real,with_nodules,0.405982905982906,0.5936462814743454,0.8652419531905411,0.0,5.0,5.0
1.3.6.1.4.1.14519.5.2.1.6279.6001.283569726884265181140892667131,2,with_nodules_real,with_nodules,0.5213675213675214,0.42567567567567566,0.8292785234899329,0.0,5.0,5.0
1.3.6.1.4.1.14519.5.2.1.6279.6001.283569726884265181140892667131,3,with_nodules_real,with_nodules,0.4444444444444444,0.6199699608055321,0.820022378191852,0.0,5.0,4.0
1.3.6.1.4.1.14519.5.2.1.6279.6001.283733738239331719775105586296,0,with_nodules_real,with_nodules,0.4963768115942029,0.8880597014925373,0.7434944237918215,0.0,4.0,4.0
1.3.6.1.4.1.14519.5.2.1.6279.6001.283878926524838648426928238498,0,without_nodules_pseudo,without_nodules,0.7316176470588235,0.536036036036036,0.3931034482758621,0.0,30.0,28.0
1.3.6.1.4.1.14519.5.2.1.6279.6001.285926554490515269336267972830,0,without_nodules_pseudo,without_nodules,0.509493670886076,0.33613445378151263,0.19767441860465115,0.0,20.0,20.0
1.3.6.1.4.1.14519.5.2.1.6279.6001.285926554490515269336267972830,1,without_nodules_pseudo,without_nodules,0.5664556962025317,0.6008403361344538,0.7936046511627907,0.0,24.0,24.0
1.3.6.1.4.1.14519.5.2.1.6279.6001.285926554490515269336267972830,2,without_nodules_pseudo,without_nodules,0.6044303797468354,0.18487394957983194,0.3023255813953488,3.0,31.0,38.0
1.3.6.1.4.1.14519.5.2.1.6279.6001.285926554490515269336267972830,3,without_nodules_pseudo,without_nodules,0.5253164556962026,0.09243697478991597,0.3546511627906977,2.0,12.0,16.0
1.3.6.1.4.1.14519.5.2.1.6279.6001.286061375572911414226912429210,0,without_nodules_pseudo,without_nodules,0.524822695035461,0.5567567567567567,0.7923076923076923,0.0,40.0,40.0
1.3.6.1.4.1.14519.5.2.1.6279.6001.286061375572911414226912429210,1,without_nodules_pseudo,without_nodules,0.5460992907801419,0.6,0.823076923076923,0.0,34.0,34.0
1.3.6.1.4.1.14519.5.2.1.6279.6001.286061375572911414226912429210,2,without_nodules_pseudo,without_nodules,0.6702127659574468,0.7891891891891892,0.22692307692307692,0.0,36.0,36.0
1.3.6.1.4.1.14519.5.2.1.6279.6001.286061375572911414226912429210,3,without_nodules_pseudo,without_nodules,0.6063829787234043,0.2702702702702703,0.33076923076923076,0.0,24.0,24.0
1.3.6.1.4.1.14519.5.2.1.6279.6001.286061375572911414226912429210,4,without_nodules_pseudo,without_nodules,0.6950354609929078,0.3783783783783784,0.25384615384615383,0.0,20.0,20.0
1.3.6.1.4.1.14519.5.2.1.6279.6001.286061375572911414226912429210,5,without_nodules_pseudo,without_nodules,0.2553191489361702,0.14594594594594595,0.35384615384615387,7.0,25.0,34.0
1.3.6.1.4.1.14519.5.2.1.6279.6001.286061375572911414226912429210,6,without_nodules_pseudo,without_nodules,0.3829787234042553,0.23243243243243245,0.2076923076923077,0.0,24.0,24.0
1.3.6.1.4.1.14519.5.2.1.6279.6001.286217539434358186648717203667,0,with_nodules_real,with_nodules,0.6976744186046512,0.6692708333333334,0.354251012145749,0.0,5.0,4.0
1.3.6.1.4.1.14519.5.2.1.6279.6001.286217539434358186648717203667,1,with_nodules_real,with_nodules,0.6162790697674418,0.36538461844126385,0.3871068298092738,0.0,3.0,5.0
1.3.6.1.4.1.14519.5.2.1.6279.6001.286217539434358186648717203667,2,with_nodules_real,with_nodules,0.8604651162790697,0.4895833333333333,0.8117408906882592,0.0,2.0,3.0
1.3.6.1.4.1.14519.5.2.1.6279.6001.286422846896797433168187085942,0,with_nodules_real,with_nodules,0.8171641791044776,0.6933947444511449,0.2123469974105782,0.0,18.0,17.0
1.3.6.1.4.1.14519.5.2.1.6279.6001.286627485198831346082954437212,0,without_nodules_pseudo,without_nodules,0.40784313725490196,0.592964824120603,0.8637992831541219,0.0,16.0,16.0
1.3.6.1.4.1.14519.5.2.1.6279.6001.286647622786041008124419915089,0,without_nodules_pseudo,without_nodules,0.8446601941747572,0.7613168724279835,0.5784883720930233,2.0,28.0,24.0
1.3.6.1.4.1.14519.5.2.1.6279.6001.286647622786041008124419915089,1,without_nodules_pseudo,without_nodules,0.47572815533980584,0.205761316872428,0.29651162790697677,0.0,36.0,36.0
1.3.6.1.4.1.14519.5.2.1.6279.6001.287560874054243719452635194040,0,with_nodules_real,with_nodules,0.5375939849624061,0.16287233352661132,0.2944556744429317,0.0,5.0,6.0
1.3.6.1.4.1.14519.5.2.1.6279.6001.287966244644280690737019247886,0,with_nodules_real,with_nodules,0.7269230769230769,0.8077008211160008,0.709231322879961,0.0,28.0,24.0
1.3.6.1.4.1.14519.5.2.1.6279.6001.287966244644280690737019247886,1,with_nodules_real,with_nodules,0.2230769230769231,0.7231905007664161,0.8114015483007233,0.0,16.0,13.0
1.3.6.1.4.1.14519.5.2.1.6279.6001.287966244644280690737019247886,2,with_nodules_real,with_nodules,0.6961538461538461,0.5934624651816324,0.5746308731396049,0.0,8.0,7.0
1.3.6.1.4.1.14519.5.2.1.6279.6001.287966244644280690737019247886,3,with_nodules_real,with_nodules,0.7153846153846154,0.25738396624472576,0.6869436201780416,0.0,6.0,6.0
1.3.6.1.4.1.14519.5.2.1.6279.6001.287966244644280690737019247886,4,with_nodules_real,with_nodules,0.5115384615384615,0.3970933101348233,0.8465215756560646,0.0,3.0,4.0
1.3.6.1.4.1.14519.5.2.1.6279.6001.288701997968615460794642979503,0,with_nodules_real,with_nodules,0.3116883116883117,0.7854864555492735,0.12602068278603926,0.0,4.0,4.0
1.3.6.1.4.1.14519.5.2.1.6279.6001.288701997968615460794642979503,1,with_nodules_real,with_nodules,0.7532467532467533,0.7188995093630072,0.37697331776875936,0.0,4.0,3.0
1.3.6.1.4.1.14519.5.2.1.6279.6001.288701997968615460794642979503,2,with_nodules_real,with_nodules,0.3116883116883117,0.5712719298245614,0.8873502994011976,0.0,2.0,3.0
1.3.6.1.4.1.14519.5.2.1.6279.6001.290135156874098366424871975734,0,with_nodules_real,with_nodules,0.3709090909090909,0.8909952606635071,0.3111111111111111,0.0,16.0,14.0
1.3.6.1.4.1.14519.5.2.1.6279.6001.290135156874098366424871975734,1,with_nodules_real,with_nodules,0.13454545454545455,0.7832740675216603,0.28888888888888886,0.0,11.0,10.0
1.3.6.1.4.1.14519.5.2.1.6279.6001.290135156874098366424871975734,2,with_nodules_real,with_nodules,0.6145454545454545,0.7377813981042654,0.8286747685185185,0.0,10.0,9.0
1.3.6.1.4.1.14519.5.2.1.6279.6001.290135156874098366424871975734,3,with_nodules_real,with_nodules,0.45454545454545453,0.5520122220730894,0.8743251659252026,0.0,7.0,6.0
1.3.6.1.4.1.14519.5.2.1.6279.6001.290135156874098366424871975734,4,with_nodules_real,with_nodules,0.44363636363636366,0.53516076978349,0.7942942866572628,0.0,5.0,4.0
1.3.6.1.4.1.14519.5.2.1.6279.6001.290410217650314119074833254861,0,without_nodules_pseudo,without_nodules,0.5916955017301038,0.39330543933054396,0.7648902821316614,0.0,16.0,16.0
1.3.6.1.4.1.14519.5.2.1.6279.6001.291156498203266896953765649282,0,without_nodules_pseudo,without_nodules,0.6,0.4200913242009132,0.1640378548895899,0.0,36.0,36.0
1.3.6.1.4.1.14519.5.2.1.6279.6001.291539125579672469833850180824,0,with_nodules_real,with_nodules,0.21264367816091953,0.3381818251176314,0.8831137468714914,0.0,4.0,4.0
1.3.6.1.4.1.14519.5.2.1.6279.6001.292049618819567427252971059233,0,without_nodules_pseudo,without_nodules,0.42574257425742573,0.3048128342245989,0.15625,0.0,32.0,32.0
1.3.6.1.4.1.14519.5.2.1.6279.6001.292057261351416339496913597985,0,with_nodules_real,with_nodules,0.7395498392282959,0.4881466096718406,0.7246910237377475,0.0,13.0,11.0
1.3.6.1.4.1.14519.5.2.1.6279.6001.292057261351416339496913597985,1,with_nodules_real,with_nodules,0.4983922829581994,0.7871251715437431,0.2270086063361316,0.0,4.0,5.0
1.3.6.1.4.1.14519.5.2.1.6279.6001.292057261351416339496913597985,2,with_nodules_real,with_nodules,0.4565916398713826,0.4131694911335008,0.8489702118109472,0.0,3.0,4.0
1.3.6.1.4.1.14519.5.2.1.6279.6001.292057261351416339496913597985,3,with_nodules_real,with_nodules,0.5594855305466238,0.2924432292383673,0.19756330170246386,0.0,2.0,3.0
1.3.6.1.4.1.14519.5.2.1.6279.6001.292194861362266467652267941663,0,with_nodules_real,with_nodules,0.30514705882352944,0.8720379146919431,0.6594403256349458,0.0,4.0,4.0
1.3.6.1.4.1.14519.5.2.1.6279.6001.292576688635952269497781991202,0,without_nodules_pseudo,without_nodules,0.4763636363636364,0.4020100502512563,0.34210526315789475,0.0,26.0,26.0
1.3.6.1.4.1.14519.5.2.1.6279.6001.292576688635952269497781991202,1,without_nodules_pseudo,without_nodules,0.5672727272727273,0.6984924623115578,0.8345864661654135,0.0,26.0,22.0
1.3.6.1.4.1.14519.5.2.1.6279.6001.292994770358625142596171316474,0,with_nodules_real,with_nodules,0.34177215189873417,0.4879999923706055,0.915050187637176,0.0,3.0,3.0
1.3.6.1.4.1.14519.5.2.1.6279.6001.293593766328917170359373773080,0,with_nodules_real,with_nodules,0.7431906614785992,0.7857142857142857,0.22453702820671928,0.0,5.0,4.0
1.3.6.1.4.1.14519.5.2.1.6279.6001.293757615532132808762625441831,0,with_nodules_real,with_nodules,0.5608856088560885,0.6880121906911294,0.20098565163627127,0.0,6.0,6.0
1.3.6.1.4.1.14519.5.2.1.6279.6001.293757615532132808762625441831,1,with_nodules_real,with_nodules,0.4797047970479705,0.35039370078740156,0.26006191950464397,0.0,4.0,3.0
1.3.6.1.4.1.14519.5.2.1.6279.6001.294120933998772507043263238704,0,with_nodules_real,with_nodules,0.3284671532846715,0.7166636413309997,0.1742321382085961,0.0,7.0,6.0
1.3.6.1.4.1.14519.5.2.1.6279.6001.294120933998772507043263238704,1,with_nodules_real,with_nodules,0.48175182481751827,0.8425685337611607,0.372389552104904,0.0,5.0,4.0
1.3.6.1.4.1.14519.5.2.1.6279.6001.294120933998772507043263238704,2,with_nodules_real,with_nodules,0.8284671532846716,0.3484848484848485,0.713855421686747,0.0,4.0,4.0
1.3.6.1.4.1.14519.5.2.1.6279.6001.294120933998772507043263238704,3,with_nodules_real,with_nodules,0.6970802919708029,0.6038961038961039,0.8427041295063065,0.0,3.0,3.0
1.3.6.1.4.1.14519.5.2.1.6279.6001.294188507421106424248264912111,0,with_nodules_real,with_nodules,0.19344262295081968,0.6826599583481298,0.9123385792047205,0.0,5.0,6.0
1.3.6.1.4.1.14519.5.2.1.6279.6001.294188507421106424248264912111,1,with_nodules_real,with_nodules,0.2754098360655738,0.8217592335710622,0.8415492957746479,0.0,3.0,4.0
1.3.6.1.4.1.14519.5.2.1.6279.6001.294188507421106424248264912111,2,with_nodules_real,with_nodules,0.19344262295081968,0.8171296553178267,0.18940728147264937,0.0,4.0,4.0
1.3.6.1.4.1.14519.5.2.1.6279.6001.295298571102631191572192562523,0,with_nodules_real,with_nodules,0.5054945054945055,0.36788193384806317,0.8616421643425437,0.0,5.0,4.0
1.3.6.1.4.1.14519.5.2.1.6279.6001.295298571102631191572192562523,1,with_nodules_real,with_nodules,0.304029304029304,0.31850961844126385,0.15582579724928913,0.0,3.0,5.0
1.3.6.1.4.1.14519.5.2.1.6279.6001.295420274214095686326263147663,0,with_nodules_real,with_nodules,0.5679442508710801,0.7252746893435108,0.24390243902439024,0.0,6.0,5.0
1.3.6.1.4.1.14519.5.2.1.6279.6001.295420274214095686326263147663,1,with_nodules_real,with_nodules,0.5644599303135889,0.5602526762047593,0.14692218129227802,0.0,4.0,4.0
1.3.6.1.4.1.14519.5.2.1.6279.6001.295420274214095686326263147663,2,with_nodules_real,with_nodules,0.4634146341463415,0.7908163265306123,0.1565040650406504,0.0,3.0,3.0
1.3.6.1.4.1.14519.5.2.1.6279.6001.295420274214095686326263147663,3,with_nodules_real,with_nodules,0.5017421602787456,0.7527472826899314,0.16729205992163682,0.0,3.0,2.0
1.3.6.1.4.1.14519.5.2.1.6279.6001.295420274214095686326263147663,4,with_nodules_real,with_nodules,0.49825783972125437,0.7653061224489796,0.11463414944284331,0.0,2.0,2.0
1.3.6.1.4.1.14519.5.2.1.6279.6001.295462530340364058116953738925,0,with_nodules_real,with_nodules,0.624031007751938,0.6797530562789352,0.766517566034969,0.0,12.0,10.0
1.3.6.1.4.1.14519.5.2.1.6279.6001.295462530340364058116953738925,1,with_nodules_real,with_nodules,0.6395348837209303,0.7250000282570168,0.7073482233114516,0.0,3.0,3.0
1.3.6.1.4.1.14519.5.2.1.6279.6001.296066944953051278419805374238,0,without_nodules_pseudo,without_nodules,0.547945205479452,0.5897435897435898,0.11272727272727273,0.0,16.0,16.0
1.3.6.1.4.1.14519.5.2.1.6279.6001.296066944953051278419805374238,1,without_nodules_pseudo,without_nodules,0.3767123287671233,0.49743589743589745,0.8727272727272727,0.0,30.0,30.0
1.3.6.1.4.1.14519.5.2.1.6279.6001.296738183013079390785739615169,0,with_nodules_real,with_nodules,0.6505576208178439,0.6929951612861993,0.2393617021276596,0.0,10.0,9.0
1.3.6.1.4.1.14519.5.2.1.6279.6001.296738183013079390785739615169,1,with_nodules_real,with_nodules,0.5650557620817844,0.3912481337941754,0.7295333104776153,0.0,8.0,7.0
1.3.6.1.4.1.14519.5.2.1.6279.6001.296863826932699509516219450076,0,without_nodules_pseudo,without_nodules,0.5898305084745763,0.8933333333333333,0.7466216216216216,4.0,18.0,24.0
1.3.6.1.4.1.14519.5.2.1.6279.6001.296863826932699509516219450076,1,without_nodules_pseudo,without_nodules,0.46779661016949153,0.5688888888888889,0.1891891891891892,0.0,30.0,30.0
1.3.6.1.4.1.14519.5.2.1.6279.6001.296863826932699509516219450076,2,without_nodules_pseudo,without_nodules,0.5389830508474577,0.39555555555555555,0.75,0.0,22.0,22.0
1.3.6.1.4.1.14519.5.2.1.6279.6001.297251044869095073091780740645,0,without_nodules_pseudo,without_nodules,0.46946564885496184,0.25833333333333336,0.7623456790123457,0.0,38.0,38.0
1.3.6.1.4.1.14519.5.2.1.6279.6001.297251044869095073091780740645,1,without_nodules_pseudo,without_nodules,0.6335877862595419,0.8041666666666667,0.3148148148148148,0.0,24.0,24.0
1.3.6.1.4.1.14519.5.2.1.6279.6001.297251044869095073091780740645,2,without_nodules_pseudo,without_nodules,0.5954198473282443,0.5625,0.7808641975308642,0.0,28.0,28.0
1.3.6.1.4.1.14519.5.2.1.6279.6001.297433269262659217151107535012,0,with_nodules_real,with_nodules,0.6815068493150684,0.14439655172413793,0.5950819672131148,0.0,9.0,7.0
1.3.6.1.4.1.14519.5.2.1.6279.6001.297433269262659217151107535012,1,with_nodules_real,with_nodules,0.4520547945205479,0.10536398558781065,0.21989070704725922,0.0,5.0,5.0
1.3.6.1.4.1.14519.5.2.1.6279.6001.297964221542942838344351735414,0,with_nodules_real,with_nodules,0.48134328358208955,0.5691342283352255,0.20994639742201654,0.0,7.0,7.0
1.3.6.1.4.1.14519.5.2.1.6279.6001.297964221542942838344351735414,1,with_nodules_real,with_nodules,0.5261194029850746,0.312807881773399,0.322463768115942,0.0,3.0,3.0
1.3.6.1.4.1.14519.5.2.1.6279.6001.297988578825170426663869669862,0,with_nodules_real,with_nodules,0.6920415224913494,0.32644629044966267,0.6444288120148288,0.0,7.0,7.0
1.3.6.1.4.1.14519.5.2.1.6279.6001.297988578825170426663869669862,1,with_nodules_real,with_nodules,0.4913494809688581,0.658909121426669,0.8235668984188396,0.0,4.0,4.0
1.3.6.1.4.1.14519.5.2.1.6279.6001.299476369290630280560355838785,0,with_nodules_real,with_nodules,0.5319148936170213,0.28211009174311924,0.18838526912181303,0.0,5.0,4.0
1.3.6.1.4.1.14519.5.2.1.6279.6001.299476369290630280560355838785,1,with_nodules_real,with_nodules,0.24924012158054712,0.7935779816513762,0.11331444759206799,0.0,4.0,3.0
1.3.6.1.4.1.14519.5.2.1.6279.6001.299767339686526858593516834230,0,with_nodules_real,with_nodules,0.3146853146853147,0.8670512552793861,0.33562152888499147,0.0,10.0,9.0
1.3.6.1.4.1.14519.5.2.1.6279.6001.299767339686526858593516834230,1,with_nodules_real,with_nodules,0.3951048951048951,0.508629426133209,0.2850340239855708,0.0,6.0,6.0
1.3.6.1.4.1.14519.5.2.1.6279.6001.299767339686526858593516834230,2,with_nodules_real,with_nodules,0.5209790209790209,0.25713832487309646,0.8605442176870748,0.0,4.0,5.0
1.3.6.1.4.1.14519.5.2.1.6279.6001.299767339686526858593516834230,3,with_nodules_real,with_nodules,0.44405594405594406,0.3020304568527919,0.13022351427143122,0.0,3.0,2.0
1.3.6.1.4.1.14519.5.2.1.6279.6001.299767339686526858593516834230,4,with_nodules_real,with_nodules,0.2692307692307692,0.09898477157360407,0.2866860993054448,0.0,3.0,2.0
1.3.6.1.4.1.14519.5.2.1.6279.6001.299806338046301317870803017534,0,with_nodules_real,with_nodules,0.7338403041825095,0.8248848082527281,0.35807649974043043,0.0,4.0,4.0
1.3.6.1.4.1.14519.5.2.1.6279.6001.299806338046301317870803017534,1,with_nodules_real,with_nodules,0.8098859315589354,0.8319476092303241,0.6556912673893471,0.0,4.0,4.0
1.3.6.1.4.1.14519.5.2.1.6279.6001.299806338046301317870803017534,2,with_nodules_real,with_nodules,0.8022813688212928,0.8253968253968254,0.3072381285486611,0.0,3.0,3.0
1.3.6.1.4.1.14519.5.2.1.6279.6001.299806338046301317870803017534,3,with_nodules_real,with_nodules,0.5475285171102662,0.5993953079142899,0.8234200743494424,0.0,2.0,3.0
1.3.6.1.4.1.14519.5.2.1.6279.6001.299806338046301317870803017534,4,with_nodules_real,with_nodules,0.6768060836501901,0.3445032513330853,0.7930606998032353,0.0,2.0,2.0
1.3.6.1.4.1.14519.5.2.1.6279.6001.300136985030081433029390459071,0,with_nodules_real,with_nodules,0.2784313725490196,0.41680202078312,0.9023010473457171,0.0,19.0,16.0
1.3.6.1.4.1.14519.5.2.1.6279.6001.300136985030081433029390459071,1,with_nodules_real,with_nodules,0.38823529411764707,0.16122771323995388,0.3575247894945762,0.0,8.0,7.0
1.3.6.1.4.1.14519.5.2.1.6279.6001.300146276266881736689307479986,0,with_nodules_real,with_nodules,0.7816091954022989,0.6876876831054688,0.2460605968128551,0.0,4.0,5.0
1.3.6.1.4.1.14519.5.2.1.6279.6001.300146276266881736689307479986,1,with_nodules_real,with_nodules,0.5095785440613027,0.33783783783783783,0.19717171408913353,0.0,3.0,4.0
1.3.6.1.4.1.14519.5.2.1.6279.6001.300246184547502297539521283806,0,with_nodules_real,with_nodules,0.7210884353741497,0.49350649901110716,0.8355932203389831,0.0,2.0,3.0
1.3.6.1.4.1.14519.5.2.1.6279.6001.300246184547502297539521283806,1,with_nodules_real,with_nodules,0.3231292517006803,0.18686868686868688,0.23457626084149893,0.0,2.0,2.0
1.3.6.1.4.1.14519.5.2.1.6279.6001.300270516469599170290456821227,0,with_nodules_real,with_nodules,0.14122137404580154,0.4505862518770611,0.03513770225720528,0.0,5.0,5.0
1.3.6.1.4.1.14519.5.2.1.6279.6001.300270516469599170290456821227,1,with_nodules_real,with_nodules,0.5343511450381679,0.25879396984924624,0.24145299145299146,0.0,2.0,3.0
1.3.6.1.4.1.14519.5.2.1.6279.6001.300271604576987336866436407488,0,without_nodules_pseudo,without_nodules,0.6875,0.6556603773584906,0.17562724014336917,4.0,25.0,17.0
1.3.6.1.4.1.14519.5.2.1.6279.6001.300271604576987336866436407488,1,without_nodules_pseudo,without_nodules,0.5625,0.330188679245283,0.8172043010752689,0.0,24.0,24.0
1.3.6.1.4.1.14519.5.2.1.6279.6001.300392272203629213913702120739,0,without_nodules_pseudo,without_nodules,0.6910828025477707,0.698019801980198,0.15625,4.0,32.0,25.0
1.3.6.1.4.1.14519.5.2.1.6279.6001.300693623747082239407271583452,0,without_nodules_pseudo,without_nodules,0.6554878048780488,0.36065573770491804,0.8175182481751825,0.0,30.0,30.0
1.3.6.1.4.1.14519.5.2.1.6279.6001.301462380687644451483231621986,0,with_nodules_real,with_nodules,0.5669014084507042,0.5730298006976092,0.7612478015492263,0.0,11.0,10.0
1.3.6.1.4.1.14519.5.2.1.6279.6001.301462380687644451483231621986,1,with_nodules_real,with_nodules,0.6302816901408451,0.5102641494185837,0.701989430054106,0.0,10.0,9.0
1.3.6.1.4.1.14519.5.2.1.6279.6001.301462380687644451483231621986,2,with_nodules_real,with_nodules,0.7394366197183099,0.7037808453595197,0.6644013043746207,0.0,6.0,7.0
1.3.6.1.4.1.14519.5.2.1.6279.6001.301582691063019848479942618641,0,with_nodules_real,with_nodules,0.7063953488372093,0.24517467265226403,0.7406459784357803,0.0,7.0,6.0
1.3.6.1.4.1.14519.5.2.1.6279.6001.302134342469412607966016057827,0,without_nodules_pseudo,without_nodules,0.5,0.2880658436213992,0.1933534743202417,0.0,22.0,22.0
1.3.6.1.4.1.14519.5.2.1.6279.6001.302403227435841351528721627052,0,with_nodules_real,with_nodules,0.23297491039426524,0.6322194845369546,0.9080882352941176,0.0,3.0,4.0
1.3.6.1.4.1.14519.5.2.1.6279.6001.302557165094691896097534021075,0,with_nodules_real,with_nodules,0.6846153846153846,0.6456131744384765,0.3452830295936734,0.0,9.0,9.0
1.3.6.1.4.1.14519.5.2.1.6279.6001.303066851236267189733420290986,0,without_nodules_pseudo,without_nodules,0.6188679245283019,0.4155251141552511,0.6938775510204082,0.0,28.0,28.0
1.3.6.1.4.1.14519.5.2.1.6279.6001.303421828981831854739626597495,0,with_nodules_real,with_nodules,0.26480836236933797,0.6894273127753304,0.8639376456277412,0.0,3.0,4.0
1.3.6.1.4.1.14519.5.2.1.6279.6001.303865116731361029078599241306,0,without_nodules_pseudo,without_nodules,0.37218045112781956,0.7052631578947368,0.348,0.0,16.0,16.0
1.3.6.1.4.1.14519.5.2.1.6279.6001.304676828064484590312919543151,0,without_nodules_pseudo,without_nodules,0.4835164835164835,0.6260504201680672,0.14329268292682926,0.0,22.0,22.0
1.3.6.1.4.1.14519.5.2.1.6279.6001.304700823314998198591652152637,0,with_nodules_real,with_nodules,0.16938110749185667,0.49958792885581216,0.04536082408682177,0.0,5.0,5.0
1.3.6.1.4.1.14519.5.2.1.6279.6001.305858704835252413616501469037,0,with_nodules_real,with_nodules,0.16428571428571428,0.7406571853992551,0.5902387126616979,0.0,7.0,7.0
1.3.6.1.4.1.14519.5.2.1.6279.6001.305858704835252413616501469037,1,with_nodules_real,with_nodules,0.12142857142857143,0.859968200210453,0.34086586247565837,0.0,5.0,5.0
1.3.6.1.4.1.14519.5.2.1.6279.6001.305887072264491016857673607285,0,with_nodules_real,with_nodules,0.3806228373702422,0.5205314272925967,0.11254019292604502,0.0,4.0,4.0
1.3.6.1.4.1.14519.5.2.1.6279.6001.306112617218006614029386065035,0,without_nodules_pseudo,without_nodules,0.6653543307086615,0.396,0.18064516129032257,4.0,38.0,26.0
1.3.6.1.4.1.14519.5.2.1.6279.6001.306112617218006614029386065035,1,without_nodules_pseudo,without_nodules,0.47244094488188976,0.628,0.22903225806451613,0.0,36.0,36.0
1.3.6.1.4.1.14519.5.2.1.6279.6001.306112617218006614029386065035,2,without_nodules_pseudo,without_nodules,0.6968503937007874,0.668,0.3548387096774194,0.0,20.0,20.0
1.3.6.1.4.1.14519.5.2.1.6279.6001.306112617218006614029386065035,3,without_nodules_pseudo,without_nodules,0.35826771653543305,0.772,0.3709677419354839,0.0,36.0,33.0
1.3.6.1.4.1.14519.5.2.1.6279.6001.306112617218006614029386065035,4,without_nodules_pseudo,without_nodules,0.48031496062992124,0.352,0.26129032258064516,0.0,22.0,22.0
1.3.6.1.4.1.14519.5.2.1.6279.6001.306112617218006614029386065035,5,without_nodules_pseudo,without_nodules,0.2440944881889764,0.844,0.3032258064516129,0.0,16.0,16.0
1.3.6.1.4.1.14519.5.2.1.6279.6001.306112617218006614029386065035,6,without_nodules_pseudo,without_nodules,0.6968503937007874,0.38,0.25483870967741934,0.0,22.0,22.0
1.3.6.1.4.1.14519.5.2.1.6279.6001.306112617218006614029386065035,7,without_nodules_pseudo,without_nodules,0.6850393700787402,0.632,0.7967741935483871,6.0,38.0,25.0
1.3.6.1.4.1.14519.5.2.1.6279.6001.306140003699110313373771452136,0,without_nodules_pseudo,without_nodules,0.5511811023622047,0.5689655172413793,0.7981927710843374,0.0,34.0,34.0
1.3.6.1.4.1.14519.5.2.1.6279.6001.306140003699110313373771452136,1,without_nodules_pseudo,without_nodules,0.2440944881889764,0.7629310344827587,0.786144578313253,0.0,40.0,40.0
1.3.6.1.4.1.14519.5.2.1.6279.6001.306520140119968755187868602181,0,without_nodules_pseudo,without_nodules,0.6157407407407407,0.6030150753768844,0.1517509727626459,0.0,16.0,16.0
1.3.6.1.4.1.14519.5.2.1.6279.6001.306520140119968755187868602181,1,without_nodules_pseudo,without_nodules,0.6759259259259259,0.41708542713567837,0.6964980544747081,0.0,30.0,30.0
1.3.6.1.4.1.14519.5.2.1.6279.6001.306520140119968755187868602181,2,without_nodules_pseudo,without_nodules,0.6296296296296297,0.7537688442211056,0.2840466926070039,0.0,22.0,22.0
1.3.6.1.4.1.14519.5.2.1.6279.6001.306558074682524259000586270818,0,without_nodules_pseudo,without_nodules,0.4028776978417266,0.18552036199095023,0.29343629343629346,0.0,38.0,29.0
1.3.6.1.4.1.14519.5.2.1.6279.6001.306788423710427765311352901943,0,without_nodules_pseudo,without_nodules,0.5074074074074074,0.8826086956521739,0.6855123674911661,0.0,28.0,28.0
1.3.6.1.4.1.14519.5.2.1.6279.6001.306948744223170422945185006551,0,with_nodules_real,with_nodules,0.291044776119403,0.456100108092313,0.917465579550984,0.0,19.0,16.0
1.3.6.1.4.1.14519.5.2.1.6279.6001.306948744223170422945185006551,1,with_nodules_real,with_nodules,0.6791044776119403,0.5461854687626497,0.8625973500182472,0.0,12.0,12.0
1.3.6.1.4.1.14519.5.2.1.6279.6001.307835307280028057486413359377,0,with_nodules_real,with_nodules,0.5112781954887218,0.6601382488479263,0.2340856393178304,0.0,6.0,6.0
1.3.6.1.4.1.14519.5.2.1.6279.6001.307921770358136677021532761235,0,without_nodules_pseudo,without_nodules,0.47388059701492535,0.625,0.22695035460992907,0.0,20.0,20.0
1.3.6.1.4.1.14519.5.2.1.6279.6001.307921770358136677021532761235,1,without_nodules_pseudo,without_nodules,0.47388059701492535,0.625,0.22695035460992907,0.0,26.0,26.0
1.3.6.1.4.1.14519.5.2.1.6279.6001.307946352302138765071461362398,0,without_nodules_pseudo,without_nodules,0.4651898734177215,0.5687203791469194,0.18983050847457628,0.0,26.0,26.0
1.3.6.1.4.1.14519.5.2.1.6279.6001.307946352302138765071461362398,1,without_nodules_pseudo,without_nodules,0.620253164556962,0.5260663507109005,0.2135593220338983,0.0,20.0,20.0
1.3.6.1.4.1.14519.5.2.1.6279.6001.307946352302138765071461362398,2,without_nodules_pseudo,without_nodules,0.7246835443037974,0.5876777251184834,0.1694915254237288,0.0,22.0,22.0
1.3.6.1.4.1.14519.5.2.1.6279.6001.307946352302138765071461362398,3,without_nodules_pseudo,without_nodules,0.6708860759493671,0.7867298578199052,0.2271186440677966,0.0,26.0,26.0
1.3.6.1.4.1.14519.5.2.1.6279.6001.307946352302138765071461362398,4,without_nodules_pseudo,without_nodules,0.31329113924050633,0.26540284360189575,0.27796610169491526,0.0,18.0,18.0
1.3.6.1.4.1.14519.5.2.1.6279.6001.308153138776443962077214577161,0,without_nodules_pseudo,without_nodules,0.5069444444444444,0.7897727272727273,0.3669064748201439,0.0,22.0,22.0
1.3.6.1.4.1.14519.5.2.1.6279.6001.308153138776443962077214577161,1,without_nodules_pseudo,without_nodules,0.59375,0.5625,0.7805755395683454,0.0,16.0,16.0
1.3.6.1.4.1.14519.5.2.1.6279.6001.308183340111270052562662456038,0,without_nodules_pseudo,without_nodules,0.3851851851851852,0.803030303030303,0.7358490566037735,0.0,34.0,34.0
1.3.6.1.4.1.14519.5.2.1.6279.6001.308183340111270052562662456038,1,without_nodules_pseudo,without_nodules,0.7037037037037037,0.6717171717171717,0.6226415094339622,4.0,20.0,15.0
1.3.6.1.4.1.14519.5.2.1.6279.6001.308655308958459380153492314021,0,with_nodules_real,with_nodules,0.4200626959247649,0.8250754116835752,0.35037877824571395,0.0,4.0,3.0
1.3.6.1.4.1.14519.5.2.1.6279.6001.308655308958459380153492314021,1,with_nodules_real,with_nodules,0.7210031347962382,0.3127962085308057,0.2152777777777778,0.0,4.0,3.0
1.3.6.1.4.1.14519.5.2.1.6279.6001.309672797925724868457151381131,0,with_nodules_real,with_nodules,0.3953488372093023,0.8795715936339727,0.697990214416736,0.0,5.0,6.0
1.3.6.1.4.1.14519.5.2.1.6279.6001.309901913847714156367981722205,0,with_nodules_real,with_nodules,0.27099236641221375,0.5103092627091841,0.2857142857142857,0.0,9.0,8.0
1.3.6.1.4.1.14519.5.2.1.6279.6001.309955814083231537823157605135,0,without_nodules_pseudo,without_nodules,0.5688405797101449,0.7258064516129032,0.24293785310734464,0.0,40.0,40.0
1.3.6.1.4.1.14519.5.2.1.6279.6001.309955814083231537823157605135,1,without_nodules_pseudo,without_nodules,0.5253623188405797,0.31451612903225806,0.3220338983050847,0.0,38.0,38.0
1.3.6.1.4.1.14519.5.2.1.6279.6001.309955999522338651429118207446,0,with_nodules_real,with_nodules,0.34684684684684686,0.7105263157894737,0.19865518850046437,0.0,6.0,6.0
1.3.6.1.4.1.14519.5.2.1.6279.6001.309955999522338651429118207446,1,with_nodules_real,with_nodules,0.6621621621621622,0.9275200827079907,0.32191536643288354,0.0,7.0,6.0
1.3.6.1.4.1.14519.5.2.1.6279.6001.309955999522338651429118207446,2,with_nodules_real,with_nodules,0.31981981981981983,0.6234488905521861,0.9155722664786385,0.0,6.0,5.0
1.3.6.1.4.1.14519.5.2.1.6279.6001.309955999522338651429118207446,3,with_nodules_real,with_nodules,0.527027027027027,0.5910818534984923,0.7617715688852164,0.0,4.0,5.0
1.3.6.1.4.1.14519.5.2.1.6279.6001.309955999522338651429118207446,4,with_nodules_real,with_nodules,0.5045045045045045,0.2746710526315789,0.8208041958041958,0.0,3.0,3.0
1.3.6.1.4.1.14519.5.2.1.6279.6001.309955999522338651429118207446,5,with_nodules_real,with_nodules,0.8018018018018018,0.5679824561403509,0.22277722658810917,0.0,3.0,3.0
1.3.6.1.4.1.14519.5.2.1.6279.6001.309955999522338651429118207446,6,with_nodules_real,with_nodules,0.6351351351351351,0.5026315722549171,0.8440559227149803,0.0,3.0,3.0
1.3.6.1.4.1.14519.5.2.1.6279.6001.310395752124284049604069960014,0,with_nodules_real,with_nodules,0.2565217391304348,0.14760982158572175,0.35496358402439804,0.0,6.0,6.0
1.3.6.1.4.1.14519.5.2.1.6279.6001.310395752124284049604069960014,1,with_nodules_real,with_nodules,0.6043478260869565,0.43224507708882176,0.07518915270195632,0.0,4.0,4.0
1.3.6.1.4.1.14519.5.2.1.6279.6001.310395752124284049604069960014,2,with_nodules_real,with_nodules,0.36086956521739133,0.6229236070499864,0.14832162075355404,0.0,4.0,4.0
1.3.6.1.4.1.14519.5.2.1.6279.6001.310548927038333190233889983845,0,with_nodules_real,with_nodules,0.8455284552845529,0.7265163550630284,0.3572617434383778,0.0,6.0,6.0
1.3.6.1.4.1.14519.5.2.1.6279.6001.310626494937915759224334597176,0,without_nodules_pseudo,without_nodules,0.82,0.6573033707865169,0.41637010676156583,0.0,24.0,24.0
1.3.6.1.4.1.14519.5.2.1.6279.6001.311236942972970815890902714604,0,without_nodules_pseudo,without_nodules,0.5150501672240803,0.6852589641434262,0.670926517571885,1.0,20.0,26.0
1.3.6.1.4.1.14519.5.2.1.6279.6001.311236942972970815890902714604,1,without_nodules_pseudo,without_nodules,0.5585284280936454,0.8565737051792829,0.3769968051118211,0.0,32.0,32.0
1.3.6.1.4.1.14519.5.2.1.6279.6001.311476128731958142981941696518,0,with_nodules_real,with_nodules,0.34686346863468637,0.8744075829383886,0.18654434250764526,0.0,6.0,5.0
1.3.6.1.4.1.14519.5.2.1.6279.6001.311981398931043315779172047718,0,without_nodules_pseudo,without_nodules,0.780952380952381,0.6877470355731226,0.24653739612188366,0.0,38.0,38.0
1.3.6.1.4.1.14519.5.2.1.6279.6001.311981398931043315779172047718,1,without_nodules_pseudo,without_nodules,0.7142857142857143,0.25691699604743085,0.6869806094182825,0.0,28.0,28.0
1.3.6.1.4.1.14519.5.2.1.6279.6001.311981398931043315779172047718,2,without_nodules_pseudo,without_nodules,0.5682539682539682,0.6996047430830039,0.8365650969529086,0.0,34.0,27.0
1.3.6.1.4.1.14519.5.2.1.6279.6001.312127933722985204808706697221,0,with_nodules_real,with_nodules,0.6275303643724697,0.18856756737891664,0.5626248180637872,0.0,7.0,6.0
1.3.6.1.4.1.14519.5.2.1.6279.6001.312127933722985204808706697221,1,with_nodules_real,with_nodules,0.3684210526315789,0.3696808510638298,0.08045977011494253,0.0,5.0,5.0
1.3.6.1.4.1.14519.5.2.1.6279.6001.312127933722985204808706697221,2,with_nodules_real,with_nodules,0.242914979757085,0.5066982025795794,0.10955016183670453,0.0,3.0,5.0
1.3.6.1.4.1.14519.5.2.1.6279.6001.312127933722985204808706697221,3,with_nodules_real,with_nodules,0.5708502024291497,0.43232860971004405,0.16900808692435196,0.0,2.0,4.0
1.3.6.1.4.1.14519.5.2.1.6279.6001.312127933722985204808706697221,4,with_nodules_real,with_nodules,0.4089068825910931,0.3159574549248878,0.08965517095222326,0.0,2.0,3.0
1.3.6.1.4.1.14519.5.2.1.6279.6001.312704771348460502013249647868,0,with_nodules_real,with_nodules,0.3814814814814815,0.7185967789646006,0.8161224068947208,0.0,4.0,5.0
1.3.6.1.4.1.14519.5.2.1.6279.6001.312704771348460502013249647868,1,with_nodules_real,with_nodules,0.5555555555555556,0.8734439834024896,0.5526788705375202,0.0,3.0,3.0
1.3.6.1.4.1.14519.5.2.1.6279.6001.312704771348460502013249647868,2,with_nodules_real,with_nodules,0.6962962962962963,0.6409404960410724,0.7900755058214503,0.0,3.0,3.0
1.3.6.1.4.1.14519.5.2.1.6279.6001.313283554967554803238484128406,0,with_nodules_real,with_nodules,0.24916943521594684,0.7419728686630989,0.397075483282525,0.0,12.0,12.0
1.3.6.1.4.1.14519.5.2.1.6279.6001.313283554967554803238484128406,1,with_nodules_real,with_nodules,0.6511627906976745,0.5751231189341272,0.17399197586919857,0.0,9.0,7.0
1.3.6.1.4.1.14519.5.2.1.6279.6001.313283554967554803238484128406,2,with_nodules_real,with_nodules,0.7807308970099668,0.6058064599394273,0.2731757913923405,0.0,8.0,8.0
1.3.6.1.4.1.14519.5.2.1.6279.6001.313334055029671473836954456733,0,with_nodules_real,with_nodules,0.23958333333333334,0.5576604778846997,0.7162629757785467,0.0,10.0,9.0
1.3.6.1.4.1.14519.5.2.1.6279.6001.313605260055394498989743099991,0,with_nodules_real,with_nodules,0.5588235294117647,0.2552132005451106,0.2129629696116728,0.0,4.0,4.0
1.3.6.1.4.1.14519.5.2.1.6279.6001.313756547848086902190878548835,0,without_nodules_pseudo,without_nodules,0.3024054982817869,0.8113207547169812,0.6996699669966997,0.0,36.0,36.0
1.3.6.1.4.1.14519.5.2.1.6279.6001.313756547848086902190878548835,1,without_nodules_pseudo,without_nodules,0.697594501718213,0.2169811320754717,0.6402640264026402,0.0,16.0,16.0
1.3.6.1.4.1.14519.5.2.1.6279.6001.313835996725364342034830119490,0,with_nodules_real,with_nodules,0.7940074906367042,0.6640714498666617,0.17658224338438452,0.0,10.0,10.0
1.3.6.1.4.1.14519.5.2.1.6279.6001.314519596680450457855054746285,0,without_nodules_pseudo,without_nodules,0.40468227424749165,0.8673469387755102,0.7017543859649122,1.0,29.0,38.0
1.3.6.1.4.1.14519.5.2.1.6279.6001.314789075871001236641548593165,0,with_nodules_real,with_nodules,0.8442906574394463,0.5885618073599679,0.33110150109605124,0.0,5.0,4.0
1.3.6.1.4.1.14519.5.2.1.6279.6001.314836406260772370397541392345,0,without_nodules_pseudo,without_nodules,0.8,0.8176795580110497,0.6493055555555556,3.0,24.0,26.0
1.3.6.1.4.1.14519.5.2.1.6279.6001.315187221221054114974341475212,0,with_nodules_real,with_nodules,0.2857142857142857,0.7355450092333753,0.15419354592600176,0.0,3.0,3.0
1.3.6.1.4.1.14519.5.2.1.6279.6001.315187221221054114974341475212,1,with_nodules_real,with_nodules,0.3588850174216028,0.818082402667728,0.2052109133812689,0.0,3.0,3.0
1.3.6.1.4.1.14519.5.2.1.6279.6001.315214756157389122376518747372,0,with_nodules_real,with_nodules,0.8509803921568627,0.4433497536945813,0.6595330739299611,0.0,4.0,4.0
1.3.6.1.4.1.14519.5.2.1.6279.6001.315770913282450940389971401304,0,with_nodules_real,with_nodules,0.34962406015037595,0.8178054146144701,0.6684027777777778,0.0,2.0,3.0
1.3.6.1.4.1.14519.5.2.1.6279.6001.315918264676377418120578391325,0,without_nodules_pseudo,without_nodules,0.8006042296072508,0.4957983193277311,0.7401812688821753,0.0,26.0,26.0
1.3.6.1.4.1.14519.5.2.1.6279.6001.315918264676377418120578391325,1,without_nodules_pseudo,without_nodules,0.3957703927492447,0.9243697478991597,0.34441087613293053,1.0,25.0,37.0
1.3.6.1.4.1.14519.5.2.1.6279.6001.316393351033132458296975008261,0,without_nodules_pseudo,without_nodules,0.1750841750841751,0.65625,0.430635838150289,3.0,24.0,25.0
1.3.6.1.4.1.14519.5.2.1.6279.6001.316900421002460665752357657094,0,with_nodules_real,with_nodules,0.5429362880886427,0.3816057787779485,0.20490794432790657,0.0,21.0,18.0
1.3.6.1.4.1.14519.5.2.1.6279.6001.316900421002460665752357657094,1,with_nodules_real,with_nodules,0.9085872576177285,0.5529352291857348,0.6609848424008018,0.0,7.0,7.0
1.3.6.1.4.1.14519.5.2.1.6279.6001.316911475886263032009840828684,0,with_nodules_real,with_nodules,0.7561728395061729,0.6941116687863372,0.7916666666666666,0.0,9.0,8.0
1.3.6.1.4.1.14519.5.2.1.6279.6001.317087518531899043292346860596,0,with_nodules_real,with_nodules,0.4652777777777778,0.23579036886921995,0.19875898561277588,0.0,7.0,6.0
1.3.6.1.4.1.14519.5.2.1.6279.6001.317613170669207528926259976488,0,without_nodules_pseudo,without_nodules,0.36217948717948717,0.7346938775510204,0.18095238095238095,0.0,30.0,30.0
1.3.6.1.4.1.14519.5.2.1.6279.6001.317613170669207528926259976488,1,without_nodules_pseudo,without_nodules,0.4391025641025641,0.8775510204081632,0.7365079365079366,3.0,24.0,30.0
1.3.6.1.4.1.14519.5.2.1.6279.6001.317613170669207528926259976488,2,without_nodules_pseudo,without_nodules,0.5608974358974359,0.44387755102040816,0.1365079365079365,0.0,34.0,34.0
1.3.6.1.4.1.14519.5.2.1.6279.6001.319009811633846643966578282371,0,without_nodules_pseudo,without_nodules,0.3926174496644295,0.8023952095808383,0.18181818181818182,0.0,20.0,20.0
1.3.6.1.4.1.14519.5.2.1.6279.6001.319009811633846643966578282371,1,without_nodules_pseudo,without_nodules,0.5033557046979866,0.8562874251497006,0.6290909090909091,0.0,12.0,15.0
1.3.6.1.4.1.14519.5.2.1.6279.6001.319066480138812986026181758474,0,with_nodules_real,with_nodules,0.45021645021645024,0.8524401754305507,0.30337078651685395,0.0,4.0,4.0
1.3.6.1.4.1.14519.5.2.1.6279.6001.319066480138812986026181758474,1,with_nodules_real,with_nodules,0.341991341991342,0.5343769136713354,0.9246774737754565,0.0,3.0,3.0
1.3.6.1.4.1.14519.5.2.1.6279.6001.320111824803959660037459294083,0,with_nodules_real,with_nodules,0.5113636363636364,0.8169014084507042,0.2027491408934708,0.0,4.0,3.0
1.3.6.1.4.1.14519.5.2.1.6279.6001.320967206808467952819309001585,0,without_nodules_pseudo,without_nodules,0.3074074074074074,0.7757009345794392,0.3159851301115242,0.0,24.0,24.0
1.3.6.1.4.1.14519.5.2.1.6279.6001.321465552859463184018938648244,0,with_nodules_real,with_nodules,0.5966666666666667,0.7709349205051612,0.4132533929286859,0.0,8.0,8.0
1.3.6.1.4.1.14519.5.2.1.6279.6001.321935195060268166151738328001,0,with_nodules_real,with_nodules,0.4157303370786517,0.8701063326703824,0.3069349083533654,0.0,10.0,9.0
1.3.6.1.4.1.14519.5.2.1.6279.6001.321935195060268166151738328001,1,with_nodules_real,with_nodules,0.14232209737827714,0.3755472074679243,0.6803944749098557,0.0,8.0,7.0
1.3.6.1.4.1.14519.5.2.1.6279.6001.323302986710576400812869264321,0,with_nodules_real,with_nodules,0.4734848484848485,0.6260504201680672,0.22752974355097047,0.0,6.0,4.0
1.3.6.1.4.1.14519.5.2.1.6279.6001.323408652979949774528873200770,0,with_nodules_real,with_nodules,0.49491525423728816,0.4052378837698199,0.7768243622361568,0.0,19.0,17.0
1.3.6.1.4.1.14519.5.2.1.6279.6001.323408652979949774528873200770,1,with_nodules_real,with_nodules,0.8135593220338984,0.6279276580058882,0.7859142638089364,0.0,16.0,14.0
1.3.6.1.4.1.14519.5.2.1.6279.6001.323426705628838942177546503237,0,with_nodules_real,with_nodules,0.4659498207885305,0.5990259987967355,0.7720646538470299,0.0,2.0,3.0
1.3.6.1.4.1.14519.5.2.1.6279.6001.323535944958374186208096541480,0,with_nodules_real,with_nodules,0.844106463878327,0.5457142810432278,0.3992366353974088,0.0,4.0,4.0
1.3.6.1.4.1.14519.5.2.1.6279.6001.323541312620128092852212458228,0,with_nodules_real,with_nodules,0.2641509433962264,0.7851422090485622,0.15817917193625083,0.0,3.0,3.0
1.3.6.1.4.1.14519.5.2.1.6279.6001.323753921818102744511069914832,0,with_nodules_real,with_nodules,0.1225296442687747,0.8210551155058675,0.8034976745425424,0.0,18.0,16.0
1.3.6.1.4.1.14519.5.2.1.6279.6001.323753921818102744511069914832,1,with_nodules_real,with_nodules,0.17786561264822134,0.7129649561965119,0.777105010716261,0.0,6.0,6.0
1.3.6.1.4.1.14519.5.2.1.6279.6001.323859712968543712594665815359,0,with_nodules_real,with_nodules,0.7640845070422535,0.7394011901305603,0.24772924535414753,0.0,5.0,5.0
1.3.6.1.4.1.14519.5.2.1.6279.6001.323859712968543712594665815359,1,with_nodules_real,with_nodules,0.6373239436619719,0.20365101582295186,0.16041022188523235,0.0,4.0,3.0
1.3.6.1.4.1.14519.5.2.1.6279.6001.323899724653546164058849558431,0,with_nodules_real,with_nodules,0.3764705882352941,0.8755083620806277,0.7794561933534743,0.0,4.0,5.0
1.3.6.1.4.1.14519.5.2.1.6279.6001.324290109423920971676288828329,0,with_nodules_real,with_nodules,0.46984126984126984,0.4598820793183513,0.19970851017878605,0.0,9.0,8.0
1.3.6.1.4.1.14519.5.2.1.6279.6001.324290109423920971676288828329,1,with_nodules_real,with_nodules,0.4888888888888889,0.15689458886617447,0.7255741530198317,0.0,7.0,6.0
1.3.6.1.4.1.14519.5.2.1.6279.6001.324290109423920971676288828329,2,with_nodules_real,with_nodules,0.4444444444444444,0.1261267681834114,0.37045093242938704,0.0,6.0,6.0
1.3.6.1.4.1.14519.5.2.1.6279.6001.324290109423920971676288828329,3,with_nodules_real,with_nodules,0.39365079365079364,0.24225982096185328,0.14650887122521034,0.0,2.0,3.0
1.3.6.1.4.1.14519.5.2.1.6279.6001.324567010179873305471925391582,0,with_nodules_real,with_nodules,0.7142857142857143,0.5172672787228146,0.22551718130484,0.0,8.0,7.0
1.3.6.1.4.1.14519.5.2.1.6279.6001.324567010179873305471925391582,1,with_nodules_real,with_nodules,0.9077380952380952,0.6306306306306306,0.3813813813813814,0.0,4.0,3.0
1.3.6.1.4.1.14519.5.2.1.6279.6001.324567010179873305471925391582,2,with_nodules_real,with_nodules,0.30952380952380953,0.5497747885214316,0.9162162345450919,0.0,4.0,3.0
1.3.6.1.4.1.14519.5.2.1.6279.6001.324649110927013926557500550446,0,without_nodules_pseudo,without_nodules,0.48172757475083056,0.6332046332046332,0.8819875776397516,1.0,24.0,16.0
1.3.6.1.4.1.14519.5.2.1.6279.6001.324649110927013926557500550446,1,without_nodules_pseudo,without_nodules,0.6710963455149501,0.33204633204633205,0.2608695652173913,0.0,18.0,18.0
1.3.6.1.4.1.14519.5.2.1.6279.6001.325164338773720548739146851679,0,with_nodules_real,with_nodules,0.7301587301587301,0.7578779432508681,0.1683122172500148,0.0,10.0,9.0
1.3.6.1.4.1.14519.5.2.1.6279.6001.325164338773720548739146851679,1,with_nodules_real,with_nodules,0.5436507936507936,0.8833333333333333,0.2708333333333333,0.0,3.0,3.0
1.3.6.1.4.1.14519.5.2.1.6279.6001.325580698241281352835338693869,0,without_nodules_pseudo,without_nodules,0.4982078853046595,0.4690721649484536,0.15087719298245614,0.0,24.0,15.0
1.3.6.1.4.1.14519.5.2.1.6279.6001.325580698241281352835338693869,1,without_nodules_pseudo,without_nodules,0.7849462365591398,0.6082474226804123,0.27017543859649124,0.0,26.0,26.0
1.3.6.1.4.1.14519.5.2.1.6279.6001.326057189095429101398977448288,0,with_nodules_real,with_nodules,0.6464646464646465,0.7771428647248642,0.32967371999481576,0.0,7.0,6.0
1.3.6.1.4.1.14519.5.2.1.6279.6001.326057189095429101398977448288,1,with_nodules_real,with_nodules,0.9090909090909091,0.591304347826087,0.7376543209876543,0.0,6.0,5.0
1.3.6.1.4.1.14519.5.2.1.6279.6001.326057189095429101398977448288,2,with_nodules_real,with_nodules,0.7744107744107744,0.6847826086956522,0.5709876543209876,0.0,5.0,5.0
1.3.6.1.4.1.14519.5.2.1.6279.6001.326057189095429101398977448288,3,with_nodules_real,with_nodules,0.8451178451178452,0.5884510869565217,0.4444444444444444,0.0,4.0,5.0
1.3.6.1.4.1.14519.5.2.1.6279.6001.326057189095429101398977448288,4,with_nodules_real,with_nodules,0.8686868686868687,0.7347826086956522,0.345679012345679,0.0,4.0,3.0
1.3.6.1.4.1.14519.5.2.1.6279.6001.326057189095429101398977448288,5,with_nodules_real,with_nodules,0.9023569023569024,0.45869565217391306,0.38492063828456546,0.0,3.0,3.0
1.3.6.1.4.1.14519.5.2.1.6279.6001.328695385904874796172316226975,0,without_nodules_pseudo,without_nodules,0.6654411764705882,0.8,0.3727598566308244,0.0,18.0,18.0
1.3.6.1.4.1.14519.5.2.1.6279.6001.328695385904874796172316226975,1,without_nodules_pseudo,without_nodules,0.5257352941176471,0.3130434782608696,0.3225806451612903,0.0,22.0,22.0
1.3.6.1.4.1.14519.5.2.1.6279.6001.328789598898469177563438457842,0,with_nodules_real,with_nodules,0.48514851485148514,0.5372093023255814,0.8169033182078395,0.0,9.0,8.0
1.3.6.1.4.1.14519.5.2.1.6279.6001.328789598898469177563438457842,1,with_nodules_real,with_nodules,0.6039603960396039,0.16655592807503633,0.7514778400289601,0.0,6.0,5.0
1.3.6.1.4.1.14519.5.2.1.6279.6001.328789598898469177563438457842,2,with_nodules_real,with_nodules,0.5478547854785478,0.20512821286223656,0.6300618664971713,0.0,5.0,5.0
1.3.6.1.4.1.14519.5.2.1.6279.6001.328789598898469177563438457842,3,with_nodules_real,with_nodules,0.5115511551155115,0.26201549796170964,0.7613026586072198,0.0,4.0,5.0
1.3.6.1.4.1.14519.5.2.1.6279.6001.328789598898469177563438457842,4,with_nodules_real,with_nodules,0.6105610561056105,0.18775192970453305,0.684942521720097,0.0,4.0,5.0
1.3.6.1.4.1.14519.5.2.1.6279.6001.328789598898469177563438457842,5,with_nodules_real,with_nodules,0.39603960396039606,0.26196014049441313,0.8252462979020744,0.0,4.0,4.0
1.3.6.1.4.1.14519.5.2.1.6279.6001.328789598898469177563438457842,6,with_nodules_real,with_nodules,0.33003300330033003,0.22494714426439863,0.17366771040291623,0.0,4.0,4.0
1.3.6.1.4.1.14519.5.2.1.6279.6001.328789598898469177563438457842,7,with_nodules_real,with_nodules,0.43234323432343236,0.7813953488372093,0.2482758620689655,0.0,4.0,3.0
1.3.6.1.4.1.14519.5.2.1.6279.6001.328789598898469177563438457842,8,with_nodules_real,with_nodules,0.6138613861386139,0.10305997271870458,0.6615244898302802,0.0,3.0,4.0
1.3.6.1.4.1.14519.5.2.1.6279.6001.328944769569002417592093467626,0,with_nodules_real,with_nodules,0.45121951219512196,0.38695857662180955,0.14404609841360172,0.0,4.0,3.0
1.3.6.1.4.1.14519.5.2.1.6279.6001.329326052298830421573852261436,0,without_nodules_pseudo,without_nodules,0.7490636704119851,0.7714285714285715,0.6376306620209059,0.0,28.0,28.0
1.3.6.1.4.1.14519.5.2.1.6279.6001.329326052298830421573852261436,1,without_nodules_pseudo,without_nodules,0.7191011235955056,0.44285714285714284,0.7421602787456446,0.0,30.0,30.0
1.3.6.1.4.1.14519.5.2.1.6279.6001.329404588567903628160652715124,0,with_nodules_real,with_nodules,0.7916666666666666,0.4000888792406611,0.6426489060924899,0.0,20.0,17.0
1.3.6.1.4.1.14519.5.2.1.6279.6001.329404588567903628160652715124,1,with_nodules_real,with_nodules,0.1858974358974359,0.7794117647058824,0.6225806451612903,0.0,5.0,5.0
1.3.6.1.4.1.14519.5.2.1.6279.6001.329624439086643515259182406526,0,with_nodules_real,with_nodules,0.3574468085106383,0.881642482591712,0.1710816819146769,0.0,5.0,5.0
1.3.6.1.4.1.14519.5.2.1.6279.6001.330043769832606379655473292782,0,without_nodules_pseudo,without_nodules,0.25461254612546125,0.2655367231638418,0.2644927536231884,0.0,40.0,40.0
1.3.6.1.4.1.14519.5.2.1.6279.6001.330425234131526435132846006585,0,without_nodules_pseudo,without_nodules,0.5558823529411765,0.36403508771929827,0.32601880877742945,0.0,34.0,34.0
1.3.6.1.4.1.14519.5.2.1.6279.6001.330544495001617450666819906758,0,with_nodules_real,with_nodules,0.5915032679738562,0.36046772721422266,0.3665060082719741,0.0,14.0,13.0
1.3.6.1.4.1.14519.5.2.1.6279.6001.330643702676971528301859647742,0,without_nodules_pseudo,without_nodules,0.6415770609318996,0.35564853556485354,0.20766773162939298,0.0,20.0,20.0
1.3.6.1.4.1.14519.5.2.1.6279.6001.330643702676971528301859647742,1,without_nodules_pseudo,without_nodules,0.5340501792114696,0.7405857740585774,0.2268370607028754,0.0,20.0,20.0
1.3.6.1.4.1.14519.5.2.1.6279.6001.330643702676971528301859647742,2,without_nodules_pseudo,without_nodules,0.3225806451612903,0.8577405857740585,0.3226837060702875,0.0,28.0,28.0
1.3.6.1.4.1.14519.5.2.1.6279.6001.330643702676971528301859647742,3,without_nodules_pseudo,without_nodules,0.4767025089605735,0.401673640167364,0.3450479233226837,0.0,32.0,32.0
1.3.6.1.4.1.14519.5.2.1.6279.6001.331211682377519763144559212009,0,without_nodules_pseudo,without_nodules,0.5441696113074205,0.7955801104972375,0.7581227436823105,0.0,24.0,24.0
1.3.6.1.4.1.14519.5.2.1.6279.6001.331211682377519763144559212009,1,without_nodules_pseudo,without_nodules,0.26855123674911663,0.7900552486187845,0.7509025270758123,0.0,30.0,30.0
1.3.6.1.4.1.14519.5.2.1.6279.6001.332453873575389860371315979768,0,without_nodules_pseudo,without_nodules,0.47413793103448276,0.6255144032921811,0.22903225806451613,0.0,38.0,38.0
1.3.6.1.4.1.14519.5.2.1.6279.6001.332453873575389860371315979768,1,without_nodules_pseudo,without_nodules,0.382183908045977,0.6213991769547325,0.43548387096774194,0.0,24.0,24.0
1.3.6.1.4.1.14519.5.2.1.6279.6001.332829333783605240302521201463,0,with_nodules_real,with_nodules,0.5709090909090909,0.27102803738317754,0.29770992366412213,0.0,6.0,5.0
1.3.6.1.4.1.14519.5.2.1.6279.6001.332829333783605240302521201463,1,with_nodules_real,with_nodules,0.31636363636363635,0.6308411214953271,0.12213740458015267,0.0,5.0,5.0
1.3.6.1.4.1.14519.5.2.1.6279.6001.332829333783605240302521201463,2,with_nodules_real,with_nodules,0.52,0.8785046728971962,0.3931297709923664,0.0,4.0,3.0
1.3.6.1.4.1.14519.5.2.1.6279.6001.332829333783605240302521201463,3,with_nodules_real,with_nodules,0.33454545454545453,0.5,0.1049618320610687,0.0,3.0,3.0
1.3.6.1.4.1.14519.5.2.1.6279.6001.332829333783605240302521201463,4,with_nodules_real,with_nodules,0.38181818181818183,0.620976100458163,0.43617472757819953,0.0,3.0,4.0
1.3.6.1.4.1.14519.5.2.1.6279.6001.333145094436144085379032922488,0,with_nodules_real,with_nodules,0.40559440559440557,0.9018641880580357,0.31115281666424255,0.0,5.0,7.0
1.3.6.1.4.1.14519.5.2.1.6279.6001.333319057944372470283038483725,0,without_nodules_pseudo,without_nodules,0.7732342007434945,0.408,0.3079268292682927,0.0,38.0,38.0
1.3.6.1.4.1.14519.5.2.1.6279.6001.333319057944372470283038483725,1,without_nodules_pseudo,without_nodules,0.4795539033457249,0.288,0.17073170731707318,0.0,34.0,24.0
1.3.6.1.4.1.14519.5.2.1.6279.6001.333319057944372470283038483725,2,without_nodules_pseudo,without_nodules,0.5985130111524164,0.42,0.16158536585365854,4.0,36.0,27.0
1.3.6.1.4.1.14519.5.2.1.6279.6001.333319057944372470283038483725,3,without_nodules_pseudo,without_nodules,0.3271375464684015,0.812,0.649390243902439,0.0,30.0,30.0
1.3.6.1.4.1.14519.5.2.1.6279.6001.333319057944372470283038483725,4,without_nodules_pseudo,without_nodules,0.7657992565055762,0.704,0.28353658536585363,0.0,22.0,22.0
1.3.6.1.4.1.14519.5.2.1.6279.6001.334022941831199910030220864961,0,without_nodules_pseudo,without_nodules,0.4948453608247423,0.4684014869888476,0.150997150997151,0.0,34.0,34.0
1.3.6.1.4.1.14519.5.2.1.6279.6001.334105754605642100456249422350,0,with_nodules_real,with_nodules,0.3287671232876712,0.5672178179304176,0.09353845977783203,0.0,2.0,3.0
1.3.6.1.4.1.14519.5.2.1.6279.6001.334166493392278943610545989413,0,without_nodules_pseudo,without_nodules,0.5041782729805014,0.8577777777777778,0.6309523809523809,2.0,25.0,25.0
1.3.6.1.4.1.14519.5.2.1.6279.6001.334184846571549530235084187602,0,without_nodules_pseudo,without_nodules,0.471976401179941,0.2612244897959184,0.760806916426513,0.0,28.0,28.0
1.3.6.1.4.1.14519.5.2.1.6279.6001.334184846571549530235084187602,1,without_nodules_pseudo,without_nodules,0.6194690265486725,0.8326530612244898,0.7146974063400576,0.0,38.0,38.0
1.3.6.1.4.1.14519.5.2.1.6279.6001.334517907433161353885866806005,0,with_nodules_real,with_nodules,0.7169117647058824,0.7456668075637438,0.2177699406941732,0.0,10.0,9.0
1.3.6.1.4.1.14519.5.2.1.6279.6001.334517907433161353885866806005,1,with_nodules_real,with_nodules,0.5110294117647058,0.34577114427860695,0.140625,0.0,6.0,6.0
1.3.6.1.4.1.14519.5.2.1.6279.6001.334517907433161353885866806005,2,with_nodules_real,with_nodules,0.5294117647058824,0.40398008431961285,0.16692708598242867,0.0,6.0,5.0
1.3.6.1.4.1.14519.5.2.1.6279.6001.335866409407244673864352309754,0,without_nodules_pseudo,without_nodules,0.622568093385214,0.68,0.7664233576642335,0.0,26.0,26.0
1.3.6.1.4.1.14519.5.2.1.6279.6001.335866409407244673864352309754,1,without_nodules_pseudo,without_nodules,0.5058365758754864,0.7371428571428571,0.22627737226277372,0.0,20.0,20.0
1.3.6.1.4.1.14519.5.2.1.6279.6001.336102335330125765000317290445,0,without_nodules_pseudo,without_nodules,0.5993031358885017,0.4228855721393035,0.16393442622950818,0.0,36.0,36.0
1.3.6.1.4.1.14519.5.2.1.6279.6001.336102335330125765000317290445,1,without_nodules_pseudo,without_nodules,0.7979094076655052,0.3681592039800995,0.35737704918032787,3.0,17.0,20.0
1.3.6.1.4.1.14519.5.2.1.6279.6001.336102335330125765000317290445,2,without_nodules_pseudo,without_nodules,0.5679442508710801,0.1791044776119403,0.7213114754098361,3.0,33.0,40.0
1.3.6.1.4.1.14519.5.2.1.6279.6001.336198008634390022174744544656,0,without_nodules_pseudo,without_nodules,0.5892255892255892,0.8928571428571429,0.7456445993031359,0.0,21.0,25.0
1.3.6.1.4.1.14519.5.2.1.6279.6001.336225579776978874775723463327,0,with_nodules_real,with_nodules,0.21019108280254778,0.7382311753823724,0.6875198813045726,0.0,4.0,5.0
1.3.6.1.4.1.14519.5.2.1.6279.6001.336894364358709782463716339027,0,with_nodules_real,with_nodules,0.5089605734767025,0.16645118969829142,0.7956730842590332,0.0,3.0,3.0
1.3.6.1.4.1.14519.5.2.1.6279.6001.337005960787660957389988207064,0,with_nodules_real,with_nodules,0.5833333333333334,0.1834862385321101,0.2925926020115982,0.0,2.0,3.0
1.3.6.1.4.1.14519.5.2.1.6279.6001.337845202462615014431060697507,0,with_nodules_real,with_nodules,0.8212765957446808,0.5242563095767941,0.7768235077729096,0.0,8.0,8.0
1.3.6.1.4.1.14519.5.2.1.6279.6001.338104567770715523699587505022,0,with_nodules_real,with_nodules,0.5360824742268041,0.8296636178952839,0.15530586957038564,0.0,2.0,3.0
1.3.6.1.4.1.14519.5.2.1.6279.6001.338104567770715523699587505022,1,with_nodules_real,with_nodules,0.8556701030927835,0.7834862525309991,0.6172284758492802,0.0,3.0,3.0
1.3.6.1.4.1.14519.5.2.1.6279.6001.338114620394879648539943280992,0,with_nodules_real,with_nodules,0.5458015267175572,0.6377322857196515,0.223797607421875,0.0,10.0,9.0
1.3.6.1.4.1.14519.5.2.1.6279.6001.338447145504282422142824032832,0,with_nodules_real,with_nodules,0.31543624161073824,0.5669125421950806,0.9380796175476507,0.0,2.0,3.0
1.3.6.1.4.1.14519.5.2.1.6279.6001.338875090785618956575597613546,0,with_nodules_real,with_nodules,0.35034013605442177,0.719786900907891,0.8696271996749075,0.0,5.0,4.0
1.3.6.1.4.1.14519.5.2.1.6279.6001.338875090785618956575597613546,1,with_nodules_real,with_nodules,0.22108843537414966,0.7077625570776256,0.14377740809791967,0.0,4.0,4.0
1.3.6.1.4.1.14519.5.2.1.6279.6001.338875090785618956575597613546,2,with_nodules_real,with_nodules,0.5,0.2876712328767123,0.19407894736842105,0.0,4.0,3.0
1.3.6.1.4.1.14519.5.2.1.6279.6001.338875090785618956575597613546,3,with_nodules_real,with_nodules,0.3197278911564626,0.589041095890411,0.09375,0.0,3.0,3.0
1.3.6.1.4.1.14519.5.2.1.6279.6001.338875090785618956575597613546,4,with_nodules_real,with_nodules,0.282312925170068,0.7214611872146118,0.08740601414128353,0.0,3.0,3.0
1.3.6.1.4.1.14519.5.2.1.6279.6001.338875090785618956575597613546,5,with_nodules_real,with_nodules,0.4013605442176871,0.8424657534246576,0.8108552631578947,0.0,2.0,3.0
1.3.6.1.4.1.14519.5.2.1.6279.6001.339039410276356623209709113755,0,without_nodules_pseudo,without_nodules,0.4584717607973422,0.8247422680412371,0.3217993079584775,0.0,26.0,26.0
1.3.6.1.4.1.14519.5.2.1.6279.6001.339039410276356623209709113755,1,without_nodules_pseudo,without_nodules,0.5714285714285714,0.4329896907216495,0.1695501730103806,0.0,34.0,30.0
1.3.6.1.4.1.14519.5.2.1.6279.6001.339039410276356623209709113755,2,without_nodules_pseudo,without_nodules,0.6079734219269103,0.26288659793814434,0.31833910034602075,0.0,18.0,18.0
1.3.6.1.4.1.14519.5.2.1.6279.6001.339142594937666268384335506819,0,with_nodules_real,with_nodules,0.5769230769230769,0.4258373205741627,0.8927335640138409,0.0,8.0,6.0
1.3.6.1.4.1.14519.5.2.1.6279.6001.339484970190920330170416228517,0,without_nodules_pseudo,without_nodules,0.6212624584717608,0.6888888888888889,0.28125,0.0,22.0,22.0
1.3.6.1.4.1.14519.5.2.1.6279.6001.339484970190920330170416228517,1,without_nodules_pseudo,without_nodules,0.2857142857142857,0.6577777777777778,0.65,0.0,26.0,26.0
1.3.6.1.4.1.14519.5.2.1.6279.6001.339484970190920330170416228517,2,without_nodules_pseudo,without_nodules,0.3222591362126246,0.7333333333333333,0.646875,0.0,26.0,26.0
1.3.6.1.4.1.14519.5.2.1.6279.6001.339484970190920330170416228517,3,without_nodules_pseudo,without_nodules,0.38205980066445183,0.6222222222222222,0.4375,0.0,16.0,16.0
1.3.6.1.4.1.14519.5.2.1.6279.6001.339546614783708685476232944897,0,with_nodules_real,with_nodules,0.7477064220183486,0.35264122667651493,0.2655699394609286,0.0,13.0,12.0
1.3.6.1.4.1.14519.5.2.1.6279.6001.339882192295517122002429068974,0,with_nodules_real,with_nodules,0.568904593639576,0.14881802104530534,0.3582618569428066,0.0,4.0,5.0
1.3.6.1.4.1.14519.5.2.1.6279.6001.340012777775661021262977442176,0,without_nodules_pseudo,without_nodules,0.8043478260869565,0.6237113402061856,0.2490974729241877,0.0,30.0,30.0
1.3.6.1.4.1.14519.5.2.1.6279.6001.340158437895922179455019686521,0,with_nodules_real,with_nodules,0.4831081081081081,0.6241446874474966,0.14478114092791522,0.0,4.0,4.0
1.3.6.1.4.1.14519.5.2.1.6279.6001.341557859428950960906150406596,0,without_nodules_pseudo,without_nodules,0.6113074204946997,0.2946859903381642,0.2893772893772894,0.0,26.0,26.0
1.3.6.1.4.1.14519.5.2.1.6279.6001.346115813056769250958550383763,0,with_nodules_real,with_nodules,0.7404580152671756,0.43956641220464937,0.1944444475382784,0.0,3.0,4.0
1.3.6.1.4.1.14519.5.2.1.6279.6001.362762275895885013176610377950,0,with_nodules_real,with_nodules,0.4618055555555556,0.11805555555555555,0.2779497790262795,0.0,3.0,3.0
1.3.6.1.4.1.14519.5.2.1.6279.6001.367204840301639918160517361062,0,with_nodules_real,with_nodules,0.6428571428571429,0.7245110924066935,0.20743034055727555,0.0,6.0,5.0
1.3.6.1.4.1.14519.5.2.1.6279.6001.373433682859788429397781158572,0,without_nodules_pseudo,without_nodules,0.4948453608247423,0.6940639269406392,0.15584415584415584,0.0,22.0,22.0
1.3.6.1.4.1.14519.5.2.1.6279.6001.385151742584074711135621089321,0,without_nodules_pseudo,without_nodules,0.3954248366013072,0.5084033613445378,0.28486646884273,0.0,32.0,32.0
1.3.6.1.4.1.14519.5.2.1.6279.6001.387954549120924524005910602207,0,with_nodules_real,with_nodules,0.5447470817120622,0.5458333333333333,0.09321496189837475,0.0,4.0,3.0
1.3.6.1.4.1.14519.5.2.1.6279.6001.387954549120924524005910602207,1,with_nodules_real,with_nodules,0.3035019455252918,0.5096354166666667,0.6300200803212851,0.0,3.0,3.0
1.3.6.1.4.1.14519.5.2.1.6279.6001.390009458146468860187238398197,0,without_nodules_pseudo,without_nodules,0.7684563758389261,0.6948356807511737,0.36082474226804123,0.0,32.0,32.0
1.3.6.1.4.1.14519.5.2.1.6279.6001.390513733720659266816639651938,0,with_nodules_real,with_nodules,0.8833922261484098,0.5360824742268041,0.41589505230938945,0.0,4.0,4.0
1.3.6.1.4.1.14519.5.2.1.6279.6001.392861216720727557882279374324,0,with_nodules_real,with_nodules,0.7611940298507462,0.2630512771975015,0.27259296679314765,0.0,5.0,4.0
1.3.6.1.4.1.14519.5.2.1.6279.6001.394470743585708729682444806008,0,with_nodules_real,with_nodules,0.80078125,0.8190954773869347,0.6481481481481481,0.0,4.0,3.0
1.3.6.1.4.1.14519.5.2.1.6279.6001.395623571499047043765181005112,0,with_nodules_real,with_nodules,0.7172995780590717,0.37438423645320196,0.32954545454545453,0.0,4.0,3.0
1.3.6.1.4.1.14519.5.2.1.6279.6001.397062004302272014259317520874,0,without_nodules_pseudo,without_nodules,0.5358361774744027,0.8279569892473119,0.15384615384615385,1.0,14.0,13.0
1.3.6.1.4.1.14519.5.2.1.6279.6001.397062004302272014259317520874,1,without_nodules_pseudo,without_nodules,0.7781569965870307,0.6612903225806451,0.5594405594405595,4.0,26.0,34.0
1.3.6.1.4.1.14519.5.2.1.6279.6001.397202838387416555106806022938,0,without_nodules_pseudo,without_nodules,0.5735849056603773,0.8719211822660099,0.2640845070422535,4.0,24.0,27.0
1.3.6.1.4.1.14519.5.2.1.6279.6001.397522780537301776672854630421,0,with_nodules_real,with_nodules,0.8538461538461538,0.6824644549763034,0.6038860744900174,0.0,10.0,7.0
1.3.6.1.4.1.14519.5.2.1.6279.6001.397522780537301776672854630421,1,with_nodules_real,with_nodules,0.2076923076923077,0.740126406411989,0.24339312977261013,0.0,8.0,7.0
1.3.6.1.4.1.14519.5.2.1.6279.6001.398955972049286139436103068984,0,without_nodules_pseudo,without_nodules,0.6210045662100456,0.4114285714285714,0.692,1.0,18.0,16.0
1.3.6.1.4.1.14519.5.2.1.6279.6001.398955972049286139436103068984,1,without_nodules_pseudo,without_nodules,0.7214611872146118,0.5028571428571429,0.732,0.0,32.0,32.0
1.3.6.1.4.1.14519.5.2.1.6279.6001.401389720232123950202941034290,0,with_nodules_real,with_nodules,0.3165137614678899,0.1832358748824508,0.1966759029187654,0.0,3.0,3.0
1.3.6.1.4.1.14519.5.2.1.6279.6001.404364125369979066736354549484,0,with_nodules_real,with_nodules,0.3684210526315789,0.7772726964468908,0.8752668930542427,0.0,3.0,3.0
1.3.6.1.4.1.14519.5.2.1.6279.6001.404457313935200882843898832756,0,with_nodules_real,with_nodules,0.6297709923664122,0.4713204012338416,0.8007571352924898,0.0,10.0,9.0
1.3.6.1.4.1.14519.5.2.1.6279.6001.404768898286087278137462774930,0,with_nodules_real,with_nodules,0.3293172690763052,0.8767286124208425,0.7452044131150887,0.0,14.0,12.0
1.3.6.1.4.1.14519.5.2.1.6279.6001.413896555982844732694353377538,0,with_nodules_real,with_nodules,0.4154929577464789,0.6724417059271185,0.3880078829251803,0.0,6.0,5.0
1.3.6.1.4.1.14519.5.2.1.6279.6001.413896555982844732694353377538,1,with_nodules_real,with_nodules,0.31690140845070425,0.2617617598525039,0.9054700646033654,0.0,3.0,4.0
1.3.6.1.4.1.14519.5.2.1.6279.6001.414288023902112119945238126594,0,without_nodules_pseudo,without_nodules,0.5523809523809524,0.5422222222222223,0.8439716312056738,0.0,16.0,16.0
1.3.6.1.4.1.14519.5.2.1.6279.6001.414288023902112119945238126594,1,without_nodules_pseudo,without_nodules,0.5301587301587302,0.7733333333333333,0.26595744680851063,0.0,30.0,30.0
1.3.6.1.4.1.14519.5.2.1.6279.6001.414288023902112119945238126594,2,without_nodules_pseudo,without_nodules,0.49206349206349204,0.6577777777777778,0.8617021276595744,0.0,16.0,16.0
1.3.6.1.4.1.14519.5.2.1.6279.6001.416701701108520592702405866796,0,with_nodules_real,with_nodules,0.8358778625954199,0.7245822799540012,0.6754277547200521,0.0,4.0,5.0
1.3.6.1.4.1.14519.5.2.1.6279.6001.417815314896088956784723476543,0,with_nodules_real,with_nodules,0.8158844765342961,0.6947737984035326,0.22091545425094924,0.0,2.0,2.0
1.3.6.1.4.1.14519.5.2.1.6279.6001.419601611032172899567156073142,0,with_nodules_real,with_nodules,0.37735849056603776,0.541871921182266,0.9189655172413793,0.0,2.0,3.0
1.3.6.1.4.1.14519.5.2.1.6279.6001.428038562098395445838061018440,0,without_nodules_pseudo,without_nodules,0.42565597667638483,0.30927835051546393,0.15714285714285714,0.0,36.0,36.0
1.3.6.1.4.1.14519.5.2.1.6279.6001.430109407146633213496148200410,0,with_nodules_real,with_nodules,0.7901639344262295,0.7319717052371003,0.3609128933016248,0.0,10.0,9.0
1.3.6.1.4.1.14519.5.2.1.6279.6001.430109407146633213496148200410,1,with_nodules_real,with_nodules,0.5704918032786885,0.7737843358239462,0.8341890759642338,0.0,5.0,5.0
1.3.6.1.4.1.14519.5.2.1.6279.6001.430109407146633213496148200410,2,with_nodules_real,with_nodules,0.9180327868852459,0.6627906976744186,0.6212624584717608,0.0,3.0,3.0
1.3.6.1.4.1.14519.5.2.1.6279.6001.436403998650924660479049012235,0,without_nodules_pseudo,without_nodules,0.696078431372549,0.6416666666666667,0.7910447761194029,0.0,30.0,30.0
1.3.6.1.4.1.14519.5.2.1.6279.6001.436403998650924660479049012235,1,without_nodules_pseudo,without_nodules,0.5098039215686274,0.3375,0.19701492537313434,0.0,26.0,26.0
1.3.6.1.4.1.14519.5.2.1.6279.6001.438308540025607517017949816111,0,with_nodules_real,with_nodules,0.534965034965035,0.2923084293399845,0.2653582913058621,0.0,8.0,8.0
1.3.6.1.4.1.14519.5.2.1.6279.6001.438308540025607517017949816111,1,with_nodules_real,with_nodules,0.44755244755244755,0.6104928781320383,0.1273824251615084,0.0,6.0,6.0
1.3.6.1.4.1.14519.5.2.1.6279.6001.439153572396640163898529626096,0,with_nodules_real,with_nodules,0.4878048780487805,0.5283808162556359,0.10523156220058225,0.0,6.0,5.0
1.3.6.1.4.1.14519.5.2.1.6279.6001.440226700369921575481834344455,0,with_nodules_real,with_nodules,0.8360128617363344,0.5245296233290926,0.18913712935014204,0.0,10.0,9.0
1.3.6.1.4.1.14519.5.2.1.6279.6001.443400977949406454649939526179,0,with_nodules_real,with_nodules,0.4045307443365696,0.8661971830985915,0.7034482758620689,0.0,3.0,3.0
1.3.6.1.4.1.14519.5.2.1.6279.6001.443400977949406454649939526179,1,with_nodules_real,with_nodules,0.5339805825242718,0.402098857181173,0.23793103448275862,0.0,3.0,3.0
1.3.6.1.4.1.14519.5.2.1.6279.6001.447468612991222399440694673357,0,without_nodules_pseudo,without_nodules,0.5664335664335665,0.494949494949495,0.2159468438538206,0.0,32.0,32.0
1.3.6.1.4.1.14519.5.2.1.6279.6001.449254134266555649028108149727,0,without_nodules_pseudo,without_nodules,0.6026490066225165,0.16822429906542055,0.752542372881356,2.0,31.0,38.0
1.3.6.1.4.1.14519.5.2.1.6279.6001.450501966058662668272378865145,0,with_nodules_real,with_nodules,0.8421052631578947,0.6428710497342623,0.6902356902356902,0.0,9.0,8.0
1.3.6.1.4.1.14519.5.2.1.6279.6001.450501966058662668272378865145,1,with_nodules_real,with_nodules,0.4842105263157895,0.3769230842590332,0.8397306191800821,0.0,2.0,3.0
1.3.6.1.4.1.14519.5.2.1.6279.6001.454273545863197752384437758130,0,with_nodules_real,with_nodules,0.7157534246575342,0.3110723052849749,0.7678668386176558,0.0,5.0,4.0
1.3.6.1.4.1.14519.5.2.1.6279.6001.454273545863197752384437758130,1,with_nodules_real,with_nodules,0.6438356164383562,0.7633294858006988,0.5580728332326992,0.0,4.0,3.0
1.3.6.1.4.1.14519.5.2.1.6279.6001.458525794434429386945463560826,0,with_nodules_real,with_nodules,0.883495145631068,0.6442307692307693,0.36988304093567254,0.0,5.0,4.0
1.3.6.1.4.1.14519.5.2.1.6279.6001.461155505515403114280165935891,0,with_nodules_real,with_nodules,0.47,0.5919540229885057,0.22238805970149253,0.0,6.0,6.0
1.3.6.1.4.1.14519.5.2.1.6279.6001.463214953282361219537913355115,0,with_nodules_real,with_nodules,0.3574007220216607,0.6265870546965006,0.8277332305908203,0.0,10.0,7.0
1.3.6.1.4.1.14519.5.2.1.6279.6001.463588161905537526756964393219,0,without_nodules_pseudo,without_nodules,0.5947955390334573,0.6534653465346535,0.13284132841328414,0.0,16.0,16.0
1.3.6.1.4.1.14519.5.2.1.6279.6001.463588161905537526756964393219,1,without_nodules_pseudo,without_nodules,0.5687732342007435,0.40594059405940597,0.12177121771217712,0.0,24.0,24.0
1.3.6.1.4.1.14519.5.2.1.6279.6001.463588161905537526756964393219,2,without_nodules_pseudo,without_nodules,0.5315985130111525,0.7227722772277227,0.15498154981549817,0.0,32.0,32.0
1.3.6.1.4.1.14519.5.2.1.6279.6001.463588161905537526756964393219,3,without_nodules_pseudo,without_nodules,0.7211895910780669,0.6039603960396039,0.35424354243542433,0.0,24.0,20.0
1.3.6.1.4.1.14519.5.2.1.6279.6001.465032801496479029639448332481,0,without_nodules_pseudo,without_nodules,0.43197278911564624,0.8491620111731844,0.7074074074074074,1.0,24.0,26.0
1.3.6.1.4.1.14519.5.2.1.6279.6001.466284753932369813717081722101,0,with_nodules_real,with_nodules,0.673469387755102,0.32275132275132273,0.850179200531334,0.0,2.0,2.0
1.3.6.1.4.1.14519.5.2.1.6279.6001.470912100568074901744259213968,0,without_nodules_pseudo,without_nodules,0.802158273381295,0.8210526315789474,0.65,4.0,17.0,22.0
1.3.6.1.4.1.14519.5.2.1.6279.6001.470912100568074901744259213968,1,without_nodules_pseudo,without_nodules,0.5035971223021583,0.6789473684210526,0.18846153846153846,0.0,28.0,28.0
1.3.6.1.4.1.14519.5.2.1.6279.6001.470912100568074901744259213968,2,without_nodules_pseudo,without_nodules,0.841726618705036,0.6736842105263158,0.5846153846153846,0.0,16.0,16.0
1.3.6.1.4.1.14519.5.2.1.6279.6001.472487466001405705666001578363,0,without_nodules_pseudo,without_nodules,0.7275541795665634,0.7659574468085106,0.3958333333333333,0.0,38.0,36.0
1.3.6.1.4.1.14519.5.2.1.6279.6001.472487466001405705666001578363,1,without_nodules_pseudo,without_nodules,0.48606811145510836,0.5361702127659574,0.8154761904761905,0.0,40.0,40.0
1.3.6.1.4.1.14519.5.2.1.6279.6001.472487466001405705666001578363,2,without_nodules_pseudo,without_nodules,0.7801857585139319,0.6893617021276596,0.24702380952380953,0.0,38.0,38.0
1.3.6.1.4.1.14519.5.2.1.6279.6001.472487466001405705666001578363,3,without_nodules_pseudo,without_nodules,0.5634674922600619,0.6595744680851063,0.7857142857142857,0.0,30.0,30.0
1.3.6.1.4.1.14519.5.2.1.6279.6001.475325201787910087416720919680,0,without_nodules_pseudo,without_nodules,0.3840304182509506,0.7154811715481172,0.3552123552123552,2.0,32.0,29.0
1.3.6.1.4.1.14519.5.2.1.6279.6001.478062284228419671253422844986,0,with_nodules_real,with_nodules,0.39622641509433965,0.9261904761904762,0.27675371614408323,0.0,4.0,4.0
1.3.6.1.4.1.14519.5.2.1.6279.6001.479402560265137632920333093071,0,with_nodules_real,with_nodules,0.1694915254237288,0.5172064777327935,0.07854984894259819,0.0,6.0,5.0
1.3.6.1.4.1.14519.5.2.1.6279.6001.479402560265137632920333093071,1,with_nodules_real,with_nodules,0.4033898305084746,0.52834008097166,0.11329305135951662,0.0,5.0,4.0
1.3.6.1.4.1.14519.5.2.1.6279.6001.481278873893653517789960724156,0,with_nodules_real,with_nodules,0.25190839694656486,0.6560272661227624,0.1752280294895172,0.0,23.0,20.0
1.3.6.1.4.1.14519.5.2.1.6279.6001.481278873893653517789960724156,1,with_nodules_real,with_nodules,0.366412213740458,0.8586191714388652,0.70703125,0.0,14.0,12.0
1.3.6.1.4.1.14519.5.2.1.6279.6001.483655032093002252444764787700,0,with_nodules_real,with_nodules,0.21863799283154123,0.5968325515678026,0.9471380060369318,0.0,4.0,4.0
1.3.6.1.4.1.14519.5.2.1.6279.6001.486999111981013268988489262668,0,with_nodules_real,with_nodules,0.3191489361702128,0.812359159461624,0.862573465239566,0.0,6.0,6.0
1.3.6.1.4.1.14519.5.2.1.6279.6001.487268565754493433372433148666,0,with_nodules_real,with_nodules,0.5289855072463768,0.43293353489467074,0.8299866639100038,0.0,22.0,20.0
1.3.6.1.4.1.14519.5.2.1.6279.6001.487268565754493433372433148666,1,with_nodules_real,with_nodules,0.8369565217391305,0.6273666109357562,0.3583583659953899,0.0,15.0,13.0
1.3.6.1.4.1.14519.5.2.1.6279.6001.487745546557477250336016826588,0,with_nodules_real,with_nodules,0.8489932885906041,0.44964419092450825,0.640937735181336,0.0,19.0,16.0
1.3.6.1.4.1.14519.5.2.1.6279.6001.503980049263254396021509831276,0,with_nodules_real,with_nodules,0.7681818181818182,0.6293859649122807,0.184981684981685,0.0,13.0,11.0
1.3.6.1.4.1.14519.5.2.1.6279.6001.503980049263254396021509831276,1,with_nodules_real,with_nodules,0.6954545454545454,0.34297521490799754,0.17582417582417584,0.0,9.0,10.0
1.3.6.1.4.1.14519.5.2.1.6279.6001.503980049263254396021509831276,2,with_nodules_real,with_nodules,0.36363636363636365,0.6867167824193051,0.8962397872309982,0.0,6.0,6.0
1.3.6.1.4.1.14519.5.2.1.6279.6001.504324996863016748259361352296,0,without_nodules_pseudo,without_nodules,0.32599118942731276,0.8129770992366412,0.6491803278688525,0.0,36.0,36.0
1.3.6.1.4.1.14519.5.2.1.6279.6001.504845428620607044098514803031,0,with_nodules_real,with_nodules,0.20774647887323944,0.6767676767676768,0.9103751612914598,0.0,4.0,4.0
1.3.6.1.4.1.14519.5.2.1.6279.6001.504845428620607044098514803031,1,with_nodules_real,with_nodules,0.23943661971830985,0.18114477215391217,0.14969915947759194,0.0,2.0,3.0
1.3.6.1.4.1.14519.5.2.1.6279.6001.504845428620607044098514803031,2,with_nodules_real,with_nodules,0.47183098591549294,0.32323232323232326,0.10469314079422383,0.0,2.0,2.0
1.3.6.1.4.1.14519.5.2.1.6279.6001.511347030803753100045216493273,0,with_nodules_real,with_nodules,0.40836012861736337,0.8544281407406455,0.7092204078195905,0.0,21.0,18.0
1.3.6.1.4.1.14519.5.2.1.6279.6001.511347030803753100045216493273,1,with_nodules_real,with_nodules,0.4565916398713826,0.3588267543859649,0.15081821101726872,0.0,9.0,8.0
1.3.6.1.4.1.14519.5.2.1.6279.6001.511347030803753100045216493273,2,with_nodules_real,with_nodules,0.3890675241157556,0.6401169760185376,0.22657866525177908,0.0,8.0,7.0
1.3.6.1.4.1.14519.5.2.1.6279.6001.513023675145166449943177283490,0,with_nodules_real,with_nodules,0.7913385826771654,0.6282671208967242,0.8492253026037312,0.0,5.0,7.0
1.3.6.1.4.1.14519.5.2.1.6279.6001.518487185634324801733841260431,0,with_nodules_real,with_nodules,0.4603174603174603,0.17817960721310053,0.8140625,0.0,6.0,6.0
1.3.6.1.4.1.14519.5.2.1.6279.6001.525937963993475482158828421281,0,with_nodules_real,with_nodules,0.643598615916955,0.7136973966502775,0.8301369863013699,0.0,9.0,8.0
1.3.6.1.4.1.14519.5.2.1.6279.6001.534006575256943390479252771547,0,with_nodules_real,with_nodules,0.759375,0.4377574035386999,0.7359966169084822,0.0,12.0,10.0
1.3.6.1.4.1.14519.5.2.1.6279.6001.534006575256943390479252771547,1,with_nodules_real,with_nodules,0.684375,0.8155699138399921,0.3059105791364397,0.0,11.0,9.0
1.3.6.1.4.1.14519.5.2.1.6279.6001.534006575256943390479252771547,2,with_nodules_real,with_nodules,0.328125,0.5122980367282272,0.9313589041573661,0.0,5.0,5.0
1.3.6.1.4.1.14519.5.2.1.6279.6001.534083630500464995109143618896,0,with_nodules_real,with_nodules,0.6150793650793651,0.757142887559048,0.1956521739130435,0.0,4.0,4.0
1.3.6.1.4.1.14519.5.2.1.6279.6001.534083630500464995109143618896,1,with_nodules_real,with_nodules,0.6071428571428571,0.4790697674418605,0.34448160535117056,0.0,4.0,3.0
1.3.6.1.4.1.14519.5.2.1.6279.6001.534083630500464995109143618896,2,with_nodules_real,with_nodules,0.5119047619047619,0.32325581395348835,0.8686096803799122,0.0,3.0,3.0
1.3.6.1.4.1.14519.5.2.1.6279.6001.550599855064600241623943717588,0,with_nodules_real,with_nodules,0.5163398692810458,0.8530701754385965,0.3624182981603286,0.0,3.0,4.0
1.3.6.1.4.1.14519.5.2.1.6279.6001.553241901808946577644850294647,0,without_nodules_pseudo,without_nodules,0.5300353356890459,0.6519823788546255,0.445141065830721,2.0,30.0,25.0
1.3.6.1.4.1.14519.5.2.1.6279.6001.553241901808946577644850294647,1,without_nodules_pseudo,without_nodules,0.6643109540636042,0.3568281938325991,0.329153605015674,0.0,20.0,20.0
1.3.6.1.4.1.14519.5.2.1.6279.6001.553241901808946577644850294647,2,without_nodules_pseudo,without_nodules,0.5123674911660777,0.8766519823788547,0.7241379310344828,0.0,30.0,34.0
1.3.6.1.4.1.14519.5.2.1.6279.6001.557875302364105947813979213632,0,with_nodules_real,with_nodules,0.2848297213622291,0.7560975609756098,0.398933821809506,0.0,6.0,5.0
1.3.6.1.4.1.14519.5.2.1.6279.6001.557875302364105947813979213632,1,with_nodules_real,with_nodules,0.5572755417956656,0.6764788123650279,0.7985753042255334,0.0,4.0,5.0
1.3.6.1.4.1.14519.5.2.1.6279.6001.557875302364105947813979213632,2,with_nodules_real,with_nodules,0.38390092879256965,0.717479674796748,0.3556458478916191,0.0,4.0,5.0
1.3.6.1.4.1.14519.5.2.1.6279.6001.558286136379689377915919180358,0,with_nodules_real,with_nodules,0.8456140350877193,0.46049774169921875,0.2778121680544134,0.0,13.0,13.0
1.3.6.1.4.1.14519.5.2.1.6279.6001.561423049201987049884663740668,0,without_nodules_pseudo,without_nodules,0.5181159420289855,0.5431034482758621,0.18518518518518517,0.0,22.0,22.0
1.3.6.1.4.1.14519.5.2.1.6279.6001.561458563853929400124470098603,0,with_nodules_real,with_nodules,0.3682539682539683,0.3604060913705584,0.8023715415019763,0.0,6.0,6.0
1.3.6.1.4.1.14519.5.2.1.6279.6001.561458563853929400124470098603,1,with_nodules_real,with_nodules,0.40634920634920635,0.3035532956195967,0.11887352080213223,0.0,5.0,5.0
1.3.6.1.4.1.14519.5.2.1.6279.6001.564534197011295112247542153557,0,without_nodules_pseudo,without_nodules,0.45674740484429066,0.8264462809917356,0.3222591362126246,0.0,36.0,36.0
1.3.6.1.4.1.14519.5.2.1.6279.6001.566816709786169715745131047975,0,with_nodules_real,with_nodules,0.5535055350553506,0.5895638510445568,0.16237942122186494,0.0,5.0,5.0
1.3.6.1.4.1.14519.5.2.1.6279.6001.569096986145782511000054443951,0,with_nodules_real,with_nodules,0.5454545454545454,0.7971014492753623,0.7583031585251075,0.0,4.0,4.0
1.3.6.1.4.1.14519.5.2.1.6279.6001.569096986145782511000054443951,1,with_nodules_real,with_nodules,0.8148148148148148,0.8164251207729468,0.3358997676683509,0.0,4.0,4.0
1.3.6.1.4.1.14519.5.2.1.6279.6001.584871944187559733312703328980,0,with_nodules_real,with_nodules,0.7051792828685259,0.8347798331839139,0.7603160801218517,0.0,3.0,3.0
1.3.6.1.4.1.14519.5.2.1.6279.6001.592821488053137951302246128864,0,with_nodules_real,with_nodules,0.4126984126984127,0.48982702125429484,0.8875807648772126,0.0,7.0,8.0
1.3.6.1.4.1.14519.5.2.1.6279.6001.592821488053137951302246128864,1,with_nodules_real,with_nodules,0.8015873015873016,0.4973821989528796,0.7395104895104895,0.0,4.0,4.0
1.3.6.1.4.1.14519.5.2.1.6279.6001.596908385953413160131451426904,0,without_nodules_pseudo,without_nodules,0.42356687898089174,0.6053811659192825,0.2324159021406728,0.0,36.0,36.0
1.3.6.1.4.1.14519.5.2.1.6279.6001.596908385953413160131451426904,1,without_nodules_pseudo,without_nodules,0.7547770700636943,0.7174887892376681,0.3761467889908257,0.0,26.0,26.0
1.3.6.1.4.1.14519.5.2.1.6279.6001.603126300703296693942875967838,0,with_nodules_real,with_nodules,0.3543859649122807,0.5898048646988407,0.45336076325061275,0.0,8.0,8.0
1.3.6.1.4.1.14519.5.2.1.6279.6001.603126300703296693942875967838,1,with_nodules_real,with_nodules,0.35789473684210527,0.9190256672520791,0.7737094654756433,0.0,6.0,6.0
1.3.6.1.4.1.14519.5.2.1.6279.6001.603126300703296693942875967838,2,with_nodules_real,with_nodules,0.23508771929824562,0.6669573014782321,0.1443207934011821,0.0,5.0,5.0
1.3.6.1.4.1.14519.5.2.1.6279.6001.603126300703296693942875967838,3,with_nodules_real,with_nodules,0.41403508771929826,0.7338709677419355,0.8954248366013072,0.0,4.0,3.0
1.3.6.1.4.1.14519.5.2.1.6279.6001.603166427542096384265514998412,0,with_nodules_real,with_nodules,0.4746376811594203,0.7697903392760734,0.7506662199768839,0.0,3.0,4.0
1.3.6.1.4.1.14519.5.2.1.6279.6001.608029415915051219877530734559,0,without_nodules_pseudo,without_nodules,0.4968152866242038,0.2376237623762376,0.24842767295597484,0.0,36.0,36.0
1.3.6.1.4.1.14519.5.2.1.6279.6001.613212850444255764524630781782,0,with_nodules_real,with_nodules,0.302491103202847,0.6119612835823222,0.349797091038107,0.0,19.0,16.0
1.3.6.1.4.1.14519.5.2.1.6279.6001.614147706162329660656328811671,0,with_nodules_real,with_nodules,0.36475409836065575,0.8867108674975933,0.3316435609320209,0.0,10.0,9.0
1.3.6.1.4.1.14519.5.2.1.6279.6001.616033753016904899083676284739,0,with_nodules_real,with_nodules,0.42035398230088494,0.9080360541909428,0.32037769929143306,0.0,17.0,15.0
1.3.6.1.4.1.14519.5.2.1.6279.6001.616033753016904899083676284739,1,with_nodules_real,with_nodules,0.5088495575221239,0.6691717374122749,0.7734408778998688,0.0,6.0,6.0
1.3.6.1.4.1.14519.5.2.1.6279.6001.616033753016904899083676284739,2,with_nodules_real,with_nodules,0.5353982300884956,0.7740113209869902,0.4245122953225638,0.0,5.0,5.0
1.3.6.1.4.1.14519.5.2.1.6279.6001.616033753016904899083676284739,3,with_nodules_real,with_nodules,0.42920353982300885,0.21727060867568193,0.24269545169277046,0.0,4.0,5.0
1.3.6.1.4.1.14519.5.2.1.6279.6001.618434772073433276874225174904,0,with_nodules_real,with_nodules,0.9042145593869731,0.5979381443298969,0.5507246376811594,0.0,4.0,3.0
1.3.6.1.4.1.14519.5.2.1.6279.6001.619372068417051974713149104919,0,without_nodules_pseudo,without_nodules,0.6722972972972973,0.7864077669902912,0.22758620689655173,5.0,29.0,24.0
1.3.6.1.4.1.14519.5.2.1.6279.6001.621916089407825046337959219998,0,with_nodules_real,with_nodules,0.5303643724696356,0.7152564154730903,0.16584219733235153,0.0,10.0,8.0
1.3.6.1.4.1.14519.5.2.1.6279.6001.622243923620914676263059698181,0,without_nodules_pseudo,without_nodules,0.3053691275167785,0.8738317757009346,0.6593059936908517,0.0,22.0,25.0
1.3.6.1.4.1.14519.5.2.1.6279.6001.622243923620914676263059698181,1,without_nodules_pseudo,without_nodules,0.42953020134228187,0.21495327102803738,0.24290220820189273,0.0,18.0,18.0
1.3.6.1.4.1.14519.5.2.1.6279.6001.624425075947752229712087113746,0,with_nodules_real,with_nodules,0.17543859649122806,0.1703580896905128,0.23412441432691222,0.0,17.0,16.0
1.3.6.1.4.1.14519.5.2.1.6279.6001.625270601160880745954773142570,0,with_nodules_real,with_nodules,0.6893203883495146,0.7247526041666666,0.1684503365826133,0.0,19.0,17.0
1.3.6.1.4.1.14519.5.2.1.6279.6001.627998298349675613581885874395,0,with_nodules_real,with_nodules,0.3932926829268293,0.5989361702127659,0.9036144578313253,0.0,6.0,5.0
1.3.6.1.4.1.14519.5.2.1.6279.6001.631047517458234322522264161877,0,with_nodules_real,with_nodules,0.4420731707317073,0.9008810572687225,0.27692307692307694,0.0,3.0,3.0
1.3.6.1.4.1.14519.5.2.1.6279.6001.640729228179368154416184318668,0,with_nodules_real,with_nodules,0.40584415584415584,0.18980252844655615,0.14684349646935096,0.0,4.0,5.0
1.3.6.1.4.1.14519.5.2.1.6279.6001.652347820272212119124022644822,0,with_nodules_real,with_nodules,0.6953405017921147,0.7144959412930861,0.18687867240671732,0.0,15.0,12.0
1.3.6.1.4.1.14519.5.2.1.6279.6001.655242448149322898770987310561,0,with_nodules_real,with_nodules,0.27439024390243905,0.5367600026756826,0.3538501993815104,0.0,16.0,14.0
1.3.6.1.4.1.14519.5.2.1.6279.6001.657775098760536289051744981056,0,without_nodules_pseudo,without_nodules,0.48717948717948717,0.4631578947368421,0.8274647887323944,0.0,32.0,32.0
1.3.6.1.4.1.14519.5.2.1.6279.6001.658611160253017715059194304729,0,with_nodules_real,with_nodules,0.7644927536231884,0.7042270605114923,0.28292929909446024,0.0,4.0,4.0
1.3.6.1.4.1.14519.5.2.1.6279.6001.658611160253017715059194304729,1,with_nodules_real,with_nodules,0.8043478260869565,0.6258722388226053,0.25028057676373106,0.0,4.0,4.0
1.3.6.1.4.1.14519.5.2.1.6279.6001.663019255629770796363333877035,0,with_nodules_real,with_nodules,0.7003891050583657,0.2840909090909091,0.36017477199825904,0.0,2.0,2.0
1.3.6.1.4.1.14519.5.2.1.6279.6001.664409965623578819357819577077,0,without_nodules_pseudo,without_nodules,0.7201365187713311,0.4067796610169492,0.7581699346405228,0.0,16.0,16.0
1.3.6.1.4.1.14519.5.2.1.6279.6001.664989286137882319237192185951,0,without_nodules_pseudo,without_nodules,0.5555555555555556,0.8232044198895028,0.30514705882352944,0.0,28.0,28.0
1.3.6.1.4.1.14519.5.2.1.6279.6001.669435869708883155232318480131,0,with_nodules_real,with_nodules,0.4827586206896552,0.6299927609826103,0.41694950878171994,0.0,18.0,15.0
1.3.6.1.4.1.14519.5.2.1.6279.6001.669518152156802508672627785405,0,without_nodules_pseudo,without_nodules,0.25,0.6794871794871795,0.6357827476038339,4.0,24.0,15.0
1.3.6.1.4.1.14519.5.2.1.6279.6001.670107649586205629860363487713,0,with_nodules_real,with_nodules,0.4245614035087719,0.914572864321608,0.33948339483394835,0.0,5.0,5.0
1.3.6.1.4.1.14519.5.2.1.6279.6001.671278273674156798801285503514,0,without_nodules_pseudo,without_nodules,0.3559322033898305,0.5918367346938775,0.45427728613569324,0.0,34.0,34.0
1.3.6.1.4.1.14519.5.2.1.6279.6001.674809958213117379592437424616,0,with_nodules_real,with_nodules,0.7276119402985075,0.40797284541239265,0.7469900030838815,0.0,3.0,4.0
1.3.6.1.4.1.14519.5.2.1.6279.6001.674809958213117379592437424616,1,with_nodules_real,with_nodules,0.7686567164179104,0.6393129770992366,0.8405572755417957,0.0,2.0,3.0
1.3.6.1.4.1.14519.5.2.1.6279.6001.675543413149938600000570588203,0,with_nodules_real,with_nodules,0.36486486486486486,0.7152173913043478,0.8130434403508346,0.0,17.0,15.0
1.3.6.1.4.1.14519.5.2.1.6279.6001.675543413149938600000570588203,1,with_nodules_real,with_nodules,0.2905405405405405,0.21304347826086956,0.15527950310559005,0.0,4.0,3.0
1.3.6.1.4.1.14519.5.2.1.6279.6001.686193079844756926365065559979,0,without_nodules_pseudo,without_nodules,0.648936170212766,0.5677083333333334,0.7433962264150943,0.0,38.0,38.0
1.3.6.1.4.1.14519.5.2.1.6279.6001.686193079844756926365065559979,1,without_nodules_pseudo,without_nodules,0.5283687943262412,0.7552083333333334,0.7773584905660378,1.0,34.0,30.0
1.3.6.1.4.1.14519.5.2.1.6279.6001.690929968028676628605553365896,0,with_nodules_real,with_nodules,0.8006756756756757,0.5031468838076049,0.7050176946128287,0.0,12.0,12.0
1.3.6.1.4.1.14519.5.2.1.6279.6001.692598144815688523679745963696,0,with_nodules_real,with_nodules,0.364741641337386,0.3726851851851852,0.8824451410658307,0.0,6.0,6.0
1.3.6.1.4.1.14519.5.2.1.6279.6001.692598144815688523679745963696,1,with_nodules_real,with_nodules,0.8844984802431611,0.49537037037037035,0.3981191222570533,0.0,4.0,4.0
1.3.6.1.4.1.14519.5.2.1.6279.6001.693480911433291675609148051914,0,with_nodules_real,with_nodules,0.25868725868725867,0.5493547948776867,0.2620853898994415,0.0,4.0,4.0
1.3.6.1.4.1.14519.5.2.1.6279.6001.693480911433291675609148051914,1,with_nodules_real,with_nodules,0.416988416988417,0.2589022260985223,0.14824515652943807,0.0,4.0,3.0
1.3.6.1.4.1.14519.5.2.1.6279.6001.701514276942509393419164159551,0,without_nodules_pseudo,without_nodules,0.55,0.29004329004329005,0.34838709677419355,0.0,26.0,24.0
1.3.6.1.4.1.14519.5.2.1.6279.6001.707218743153927597786179232739,0,without_nodules_pseudo,without_nodules,0.6866952789699571,0.39351851851851855,0.2078853046594982,3.0,22.0,19.0
1.3.6.1.4.1.14519.5.2.1.6279.6001.710845873679853791427022019413,0,without_nodules_pseudo,without_nodules,0.6464646464646465,0.7777777777777778,0.3296296296296296,0.0,30.0,30.0
1.3.6.1.4.1.14519.5.2.1.6279.6001.712472578497712558367294720243,0,with_nodules_real,with_nodules,0.3728813559322034,0.6998250830264492,0.16660428761008256,0.0,6.0,6.0
1.3.6.1.4.1.14519.5.2.1.6279.6001.716498695101447665580610403574,0,with_nodules_real,with_nodules,0.7578947368421053,0.6336405529953917,0.2572992700729927,0.0,6.0,6.0
1.3.6.1.4.1.14519.5.2.1.6279.6001.724251104254976962355686318345,0,with_nodules_real,with_nodules,0.20446096654275092,0.4661499807767779,0.2808219178082192,0.0,5.0,5.0
1.3.6.1.4.1.14519.5.2.1.6279.6001.724251104254976962355686318345,1,with_nodules_real,with_nodules,0.6840148698884758,0.6285046728971962,0.809931506849315,0.0,4.0,4.0
1.3.6.1.4.1.14519.5.2.1.6279.6001.724562063158320418413995627171,0,with_nodules_real,with_nodules,0.409375,0.30954168650729597,0.39016301581200136,0.0,7.0,7.0
1.3.6.1.4.1.14519.5.2.1.6279.6001.725023183844147505748475581290,0,with_nodules_real,with_nodules,0.5591836734693878,0.7842763036890414,0.24178978295817327,0.0,14.0,12.0
1.3.6.1.4.1.14519.5.2.1.6279.6001.725236073737175770730904408416,0,with_nodules_real,with_nodules,0.5950413223140496,0.651394422310757,0.13141025641025642,0.0,6.0,5.0
1.3.6.1.4.1.14519.5.2.1.6279.6001.733642690503782454656013446707,0,with_nodules_real,with_nodules,0.726027397260274,0.587173584968813,0.17045454545454544,0.0,3.0,5.0
1.3.6.1.4.1.14519.5.2.1.6279.6001.741709061958490690246385302477,0,with_nodules_real,with_nodules,0.6120996441281139,0.49046262382940436,0.8357775093305229,0.0,18.0,16.0
1.3.6.1.4.1.14519.5.2.1.6279.6001.741709061958490690246385302477,1,with_nodules_real,with_nodules,0.7224199288256228,0.7288606468767058,0.16861685825259773,0.0,4.0,4.0
1.3.6.1.4.1.14519.5.2.1.6279.6001.743969234977916254223533321294,0,without_nodules_pseudo,without_nodules,0.7288888888888889,0.40594059405940597,0.7450980392156863,0.0,30.0,30.0
1.3.6.1.4.1.14519.5.2.1.6279.6001.745109871503276594185453478952,0,without_nodules_pseudo,without_nodules,0.5144694533762058,0.7028301886792453,0.7796052631578947,0.0,20.0,20.0
1.3.6.1.4.1.14519.5.2.1.6279.6001.747803439040091794717626507402,0,with_nodules_real,with_nodules,0.647887323943662,0.5699939172244767,0.7446808510638298,0.0,12.0,11.0
1.3.6.1.4.1.14519.5.2.1.6279.6001.749871569713868632259874663577,0,without_nodules_pseudo,without_nodules,0.47186147186147187,0.5924170616113744,0.22262773722627738,0.0,16.0,16.0
1.3.6.1.4.1.14519.5.2.1.6279.6001.750792629100457382099842515038,0,with_nodules_real,with_nodules,0.8191489361702128,0.7445586468540343,0.23754544387995502,0.0,10.0,9.0
1.3.6.1.4.1.14519.5.2.1.6279.6001.750792629100457382099842515038,1,with_nodules_real,with_nodules,0.5035460992907801,0.8587570621468926,0.6303501945525292,0.0,4.0,3.0
1.3.6.1.4.1.14519.5.2.1.6279.6001.752756872840730509471096155114,0,with_nodules_real,with_nodules,0.8214285714285714,0.6677002662836119,0.7269503546099291,0.0,17.0,14.0
1.3.6.1.4.1.14519.5.2.1.6279.6001.756684168227383088294595834066,0,with_nodules_real,with_nodules,0.44541484716157204,0.7264150943396226,0.13414634146341464,0.0,2.0,3.0
1.3.6.1.4.1.14519.5.2.1.6279.6001.765459236550358748053283544075,0,with_nodules_real,with_nodules,0.7131474103585658,0.6644901213098745,0.7007822423548131,0.0,6.0,7.0
1.3.6.1.4.1.14519.5.2.1.6279.6001.765459236550358748053283544075,1,with_nodules_real,with_nodules,0.4541832669322709,0.39344262295081966,0.8269230769230769,0.0,6.0,5.0
1.3.6.1.4.1.14519.5.2.1.6279.6001.765930210026773090100532964804,0,with_nodules_real,with_nodules,0.375,0.6853349015519425,0.27539730729727907,0.0,14.0,12.0
1.3.6.1.4.1.14519.5.2.1.6279.6001.765930210026773090100532964804,1,with_nodules_real,with_nodules,0.9242424242424242,0.6277477367504223,0.7188505501582705,0.0,2.0,3.0
1.3.6.1.4.1.14519.5.2.1.6279.6001.766881513533845439335142582269,0,without_nodules_pseudo,without_nodules,0.5083612040133779,0.8412698412698413,0.19594594594594594,0.0,34.0,34.0
1.3.6.1.4.1.14519.5.2.1.6279.6001.768276876111112560631432843476,0,with_nodules_real,with_nodules,0.5645161290322581,0.66,0.7867924528301887,0.0,5.0,4.0
1.3.6.1.4.1.14519.5.2.1.6279.6001.771741891125176943862272696845,0,with_nodules_real,with_nodules,0.7569444444444444,0.65431468982987,0.8222039373297441,0.0,3.0,3.0
1.3.6.1.4.1.14519.5.2.1.6279.6001.771831598853841017505646275338,0,with_nodules_real,with_nodules,0.9166666666666666,0.6867868977208291,0.6121794871794872,0.0,14.0,12.0
1.3.6.1.4.1.14519.5.2.1.6279.6001.774060103415303828812229821954,0,with_nodules_real,with_nodules,0.5930232558139535,0.5850815821175623,0.8062181638923671,0.0,4.0,4.0
1.3.6.1.4.1.14519.5.2.1.6279.6001.774060103415303828812229821954,1,with_nodules_real,with_nodules,0.42248062015503873,0.6636737862018623,0.13498516282138093,0.0,4.0,5.0
1.3.6.1.4.1.14519.5.2.1.6279.6001.776429308535398795601496131524,0,without_nodules_pseudo,without_nodules,0.36428571428571427,0.7170731707317073,0.8148148148148148,0.0,20.0,20.0
1.3.6.1.4.1.14519.5.2.1.6279.6001.776800177074349870648765614630,0,with_nodules_real,with_nodules,0.5669781931464174,0.4940171070587941,0.21732025987961712,0.0,2.0,2.0
1.3.6.1.4.1.14519.5.2.1.6279.6001.779493719385047675154892222907,0,with_nodules_real,with_nodules,0.7177700348432056,0.4409876505533854,0.7420375835294186,0.0,10.0,10.0
1.3.6.1.4.1.14519.5.2.1.6279.6001.779493719385047675154892222907,1,with_nodules_real,with_nodules,0.5818815331010453,0.26180377536349825,0.2558044750541891,0.0,10.0,10.0
1.3.6.1.4.1.14519.5.2.1.6279.6001.780558315515979171413904604168,0,with_nodules_real,with_nodules,0.3048327137546468,0.7719458715086843,0.19017855538971049,0.0,13.0,11.0
1.3.6.1.4.1.14519.5.2.1.6279.6001.792381786708289670758399079830,0,with_nodules_real,with_nodules,0.7535211267605634,0.6024135781205409,0.8644366197183099,0.0,11.0,10.0
1.3.6.1.4.1.14519.5.2.1.6279.6001.792381786708289670758399079830,1,with_nodules_real,with_nodules,0.6619718309859155,0.5844748858447488,0.9040707870268486,0.0,6.0,4.0
1.3.6.1.4.1.14519.5.2.1.6279.6001.797637294244261543517154417124,0,with_nodules_real,with_nodules,0.1660377358490566,0.3026315789473684,0.9100719424460432,0.0,4.0,3.0
1.3.6.1.4.1.14519.5.2.1.6279.6001.799582546798528864710752164515,0,with_nodules_real,with_nodules,0.48125,0.6863489942259143,0.1394658753709199,0.0,4.0,4.0
1.3.6.1.4.1.14519.5.2.1.6279.6001.801945620899034889998809817499,0,with_nodules_real,with_nodules,0.7120253164556962,0.30920905219184025,0.7427662406755013,0.0,14.0,13.0
1.3.6.1.4.1.14519.5.2.1.6279.6001.802595762867498341201607992711,0,without_nodules_pseudo,without_nodules,0.5036231884057971,0.7377049180327869,0.2275449101796407,0.0,20.0,20.0
1.3.6.1.4.1.14519.5.2.1.6279.6001.803808126682275425758092691689,0,without_nodules_pseudo,without_nodules,0.6958174904942965,0.6424581005586593,0.7896678966789668,0.0,36.0,36.0
1.3.6.1.4.1.14519.5.2.1.6279.6001.803808126682275425758092691689,1,without_nodules_pseudo,without_nodules,0.7072243346007605,0.7374301675977654,0.6273062730627307,0.0,26.0,26.0
1.3.6.1.4.1.14519.5.2.1.6279.6001.803808126682275425758092691689,2,without_nodules_pseudo,without_nodules,0.6501901140684411,0.4860335195530726,0.14760147601476015,6.0,30.0,18.0
1.3.6.1.4.1.14519.5.2.1.6279.6001.803987517543436570820681016103,0,with_nodules_real,with_nodules,0.7491961414790996,0.7693020992867222,0.638375743335446,0.0,3.0,3.0
1.3.6.1.4.1.14519.5.2.1.6279.6001.803987517543436570820681016103,1,with_nodules_real,with_nodules,0.4437299035369775,0.13782253349405027,0.28311258278145696,0.0,2.0,3.0
1.3.6.1.4.1.14519.5.2.1.6279.6001.805925269324902055566754756843,0,with_nodules_real,with_nodules,0.2848101265822785,0.8631108806979272,0.3294439714267061,0.0,14.0,13.0
1.3.6.1.4.1.14519.5.2.1.6279.6001.811825890493256320617655474043,0,without_nodules_pseudo,without_nodules,0.5945017182130584,0.872093023255814,0.6277372262773723,0.0,25.0,29.0
1.3.6.1.4.1.14519.5.2.1.6279.6001.811825890493256320617655474043,1,without_nodules_pseudo,without_nodules,0.4948453608247423,0.8197674418604651,0.21532846715328466,1.0,35.0,38.0
1.3.6.1.4.1.14519.5.2.1.6279.6001.811825890493256320617655474043,2,without_nodules_pseudo,without_nodules,0.6082474226804123,0.2616279069767442,0.3175182481751825,0.0,28.0,28.0
1.3.6.1.4.1.14519.5.2.1.6279.6001.811825890493256320617655474043,3,without_nodules_pseudo,without_nodules,0.48109965635738833,0.8430232558139535,0.3722627737226277,1.0,18.0,18.0
1.3.6.1.4.1.14519.5.2.1.6279.6001.811825890493256320617655474043,4,without_nodules_pseudo,without_nodules,0.5154639175257731,0.36046511627906974,0.8321167883211679,0.0,24.0,14.0
1.3.6.1.4.1.14519.5.2.1.6279.6001.814122498113547115932318256859,0,without_nodules_pseudo,without_nodules,0.556420233463035,0.365,0.32525951557093424,0.0,34.0,34.0
1.3.6.1.4.1.14519.5.2.1.6279.6001.814122498113547115932318256859,1,without_nodules_pseudo,without_nodules,0.5408560311284046,0.815,0.7612456747404844,0.0,20.0,20.0
1.3.6.1.4.1.14519.5.2.1.6279.6001.814122498113547115932318256859,2,without_nodules_pseudo,without_nodules,0.5252918287937743,0.815,0.3079584775086505,0.0,16.0,16.0
1.3.6.1.4.1.14519.5.2.1.6279.6001.814122498113547115932318256859,3,without_nodules_pseudo,without_nodules,0.4474708171206226,0.435,0.12802768166089964,1.0,34.0,23.0
1.3.6.1.4.1.14519.5.2.1.6279.6001.814122498113547115932318256859,4,without_nodules_pseudo,without_nodules,0.49416342412451364,0.51,0.16608996539792387,0.0,20.0,20.0
1.3.6.1.4.1.14519.5.2.1.6279.6001.814122498113547115932318256859,5,without_nodules_pseudo,without_nodules,0.6731517509727627,0.415,0.698961937716263,0.0,38.0,38.0
1.3.6.1.4.1.14519.5.2.1.6279.6001.822128649427327893802314908658,0,with_nodules_real,with_nodules,0.2881944444444444,0.8574468085106383,0.38576158940397354,0.0,5.0,4.0
1.3.6.1.4.1.14519.5.2.1.6279.6001.826812708000318290301835871780,0,with_nodules_real,with_nodules,0.475,0.2052293654975541,0.29572814645119083,0.0,6.0,5.0
1.3.6.1.4.1.14519.5.2.1.6279.6001.826812708000318290301835871780,1,with_nodules_real,with_nodules,0.43333333333333335,0.21517932086909583,0.2559576435768103,0.0,4.0,4.0
1.3.6.1.4.1.14519.5.2.1.6279.6001.826829446346820089862659555750,0,with_nodules_real,with_nodules,0.3521594684385382,0.18525617018989896,0.7542663803674224,0.0,15.0,14.0
1.3.6.1.4.1.14519.5.2.1.6279.6001.826829446346820089862659555750,1,with_nodules_real,with_nodules,0.26245847176079734,0.8233695652173914,0.6296992481203008,0.0,9.0,9.0
1.3.6.1.4.1.14519.5.2.1.6279.6001.826829446346820089862659555750,2,with_nodules_real,with_nodules,0.3023255813953488,0.8097826086956522,0.6999269069585585,0.0,6.0,7.0
1.3.6.1.4.1.14519.5.2.1.6279.6001.826829446346820089862659555750,3,with_nodules_real,with_nodules,0.7973421926910299,0.36996049466340436,0.358441546447295,0.0,6.0,6.0
1.3.6.1.4.1.14519.5.2.1.6279.6001.826829446346820089862659555750,4,with_nodules_real,with_nodules,0.21262458471760798,0.4450860645460046,0.6058897434320665,0.0,6.0,5.0
1.3.6.1.4.1.14519.5.2.1.6279.6001.832260670372728970918746541371,0,with_nodules_real,with_nodules,0.8426966292134831,0.6087719380614246,0.5858499467203081,0.0,4.0,5.0
1.3.6.1.4.1.14519.5.2.1.6279.6001.832260670372728970918746541371,1,with_nodules_real,with_nodules,0.3408239700374532,0.7887988997857097,0.15840455405732506,0.0,4.0,4.0
1.3.6.1.4.1.14519.5.2.1.6279.6001.837810280808122125183730411210,0,with_nodules_real,with_nodules,0.5365853658536586,0.30923131994298986,0.21395482834737012,0.0,7.0,7.0
1.3.6.1.4.1.14519.5.2.1.6279.6001.842317928015463083368074520378,0,with_nodules_real,with_nodules,0.36042402826855124,0.771175755863696,0.14944649446494465,0.0,2.0,3.0
1.3.6.1.4.1.14519.5.2.1.6279.6001.842980983137518332429408284002,0,without_nodules_pseudo,without_nodules,0.5130434782608696,0.8756756756756757,0.7269503546099291,1.0,27.0,36.0
1.3.6.1.4.1.14519.5.2.1.6279.6001.842980983137518332429408284002,1,without_nodules_pseudo,without_nodules,0.5695652173913044,0.2702702702702703,0.2978723404255319,0.0,30.0,30.0
1.3.6.1.4.1.14519.5.2.1.6279.6001.850739282072340578344345230132,0,with_nodules_real,with_nodules,0.36475409836065575,0.19457284916830325,0.33539477261629974,0.0,12.0,10.0
1.3.6.1.4.1.14519.5.2.1.6279.6001.855232435861303786204450738044,0,without_nodules_pseudo,without_nodules,0.5361216730038023,0.3093220338983051,0.21428571428571427,0.0,28.0,28.0
1.3.6.1.4.1.14519.5.2.1.6279.6001.855232435861303786204450738044,1,without_nodules_pseudo,without_nodules,0.5247148288973384,0.5550847457627118,0.7928571428571428,0.0,16.0,16.0
1.3.6.1.4.1.14519.5.2.1.6279.6001.861997885565255340442123234170,0,with_nodules_real,with_nodules,0.34959349593495936,0.9397283457391273,0.7094961689036088,0.0,5.0,5.0
1.3.6.1.4.1.14519.5.2.1.6279.6001.866845763956586959109892274084,0,with_nodules_real,with_nodules,0.6278195488721805,0.4810810810810811,0.2257413521087427,0.0,6.0,4.0
1.3.6.1.4.1.14519.5.2.1.6279.6001.868211851413924881662621747734,0,with_nodules_real,with_nodules,0.468503937007874,0.857518808465255,0.1854626060332228,0.0,6.0,7.0
1.3.6.1.4.1.14519.5.2.1.6279.6001.868211851413924881662621747734,1,with_nodules_real,with_nodules,0.594488188976378,0.8398026315789474,0.37688758389261745,0.0,5.0,5.0
1.3.6.1.4.1.14519.5.2.1.6279.6001.868211851413924881662621747734,2,with_nodules_real,with_nodules,0.7007874015748031,0.7355263157894737,0.42701342281879195,0.0,3.0,4.0
1.3.6.1.4.1.14519.5.2.1.6279.6001.877026508860018521147620598474,0,with_nodules_real,with_nodules,0.7302158273381295,0.4919100889225596,0.3296296296296296,0.0,7.0,7.0
1.3.6.1.4.1.14519.5.2.1.6279.6001.882070241245008756731854510592,0,with_nodules_real,with_nodules,0.8475177304964538,0.5897501099784419,0.7129903977917087,0.0,13.0,13.0
1.3.6.1.4.1.14519.5.2.1.6279.6001.882070241245008756731854510592,1,with_nodules_real,with_nodules,0.5567375886524822,0.4982796794963333,0.8727514451549899,0.0,8.0,7.0
1.3.6.1.4.1.14519.5.2.1.6279.6001.882070241245008756731854510592,2,with_nodules_real,with_nodules,0.5921985815602837,0.330188679245283,0.7440524193548387,0.0,4.0,5.0
1.3.6.1.4.1.14519.5.2.1.6279.6001.882070241245008756731854510592,3,with_nodules_real,with_nodules,0.41134751773049644,0.5424528301886793,0.12580645161290321,0.0,4.0,3.0
1.3.6.1.4.1.14519.5.2.1.6279.6001.885168397833922082085837240429,0,without_nodules_pseudo,without_nodules,0.4525316455696203,0.1780821917808219,0.6958041958041958,1.0,16.0,15.0
1.3.6.1.4.1.14519.5.2.1.6279.6001.885292267869246639232975687131,0,without_nodules_pseudo,without_nodules,0.762214983713355,0.6256684491978609,0.5868725868725869,6.0,31.0,37.0
1.3.6.1.4.1.14519.5.2.1.6279.6001.885292267869246639232975687131,1,without_nodules_pseudo,without_nodules,0.504885993485342,0.45989304812834225,0.833976833976834,0.0,20.0,20.0
1.3.6.1.4.1.14519.5.2.1.6279.6001.888291896309937415860209787179,0,without_nodules_pseudo,without_nodules,0.411371237458194,0.8513513513513513,0.20846905537459284,0.0,28.0,32.0
1.3.6.1.4.1.14519.5.2.1.6279.6001.888291896309937415860209787179,1,without_nodules_pseudo,without_nodules,0.6421404682274248,0.21621621621621623,0.36482084690553745,1.0,33.0,40.0
1.3.6.1.4.1.14519.5.2.1.6279.6001.888615810685807330497715730842,0,without_nodules_pseudo,without_nodules,0.47896440129449835,0.2894736842105263,0.17110266159695817,0.0,34.0,28.0
1.3.6.1.4.1.14519.5.2.1.6279.6001.892375496445736188832556446335,0,with_nodules_real,with_nodules,0.7702702702702703,0.4534100984272204,0.7617595063746946,0.0,14.0,12.0
1.3.6.1.4.1.14519.5.2.1.6279.6001.897161587681142256575045076919,0,without_nodules_pseudo,without_nodules,0.7789115646258503,0.665,0.5573770491803278,3.0,30.0,26.0
1.3.6.1.4.1.14519.5.2.1.6279.6001.897279226481700053115245043064,0,without_nodules_pseudo,without_nodules,0.26223776223776224,0.8254716981132075,0.6293706293706294,1.0,19.0,17.0
1.3.6.1.4.1.14519.5.2.1.6279.6001.897684031374557757145405000951,0,with_nodules_real,with_nodules,0.5135135135135135,0.6862698150760352,0.6710620893235878,0.0,15.0,13.0
1.3.6.1.4.1.14519.5.2.1.6279.6001.897684031374557757145405000951,1,with_nodules_real,with_nodules,0.6036036036036037,0.5020576131687243,0.14024073807234616,0.0,12.0,11.0
1.3.6.1.4.1.14519.5.2.1.6279.6001.897684031374557757145405000951,2,with_nodules_real,with_nodules,0.6216216216216216,0.3155349919825424,0.16920102830605,0.0,7.0,7.0
1.3.6.1.4.1.14519.5.2.1.6279.6001.897684031374557757145405000951,3,with_nodules_real,with_nodules,0.6351351351351351,0.3559670781893004,0.1536444175693997,0.0,7.0,8.0
1.3.6.1.4.1.14519.5.2.1.6279.6001.897684031374557757145405000951,4,with_nodules_real,with_nodules,0.5225225225225225,0.7394179983884709,0.2016445697378047,0.0,4.0,4.0
1.3.6.1.4.1.14519.5.2.1.6279.6001.898642529028521482602829374444,0,with_nodules_real,with_nodules,0.27932960893854747,0.07336037734459186,0.283398691813151,0.0,3.0,3.0
1.3.6.1.4.1.14519.5.2.1.6279.6001.898642529028521482602829374444,1,with_nodules_real,with_nodules,0.4581005586592179,0.19129720227471714,0.8022222222222222,0.0,2.0,3.0
1.3.6.1.4.1.14519.5.2.1.6279.6001.900182736599353600185270496549,0,with_nodules_real,with_nodules,0.6804511278195489,0.6823848073075457,0.6952437805614883,0.0,3.0,4.0
1.3.6.1.4.1.14519.5.2.1.6279.6001.900182736599353600185270496549,1,with_nodules_real,with_nodules,0.2706766917293233,0.6365853658536585,0.0837615651192425,0.0,3.0,2.0
1.3.6.1.4.1.14519.5.2.1.6279.6001.905371958588660410240398317235,0,with_nodules_real,with_nodules,0.7138364779874213,0.6797129973704681,0.8154694161764006,0.0,18.0,16.0
1.3.6.1.4.1.14519.5.2.1.6279.6001.908250781706513856628130123235,0,with_nodules_real,with_nodules,0.7625,0.4272654333779978,0.7953846153846154,0.0,6.0,6.0
1.3.6.1.4.1.14519.5.2.1.6279.6001.908250781706513856628130123235,1,with_nodules_real,with_nodules,0.403125,0.13761026249375455,0.25007958045372597,0.0,5.0,4.0
1.3.6.1.4.1.14519.5.2.1.6279.6001.908250781706513856628130123235,2,with_nodules_real,with_nodules,0.315625,0.6674418604651163,0.24153846153846154,0.0,3.0,3.0
1.3.6.1.4.1.14519.5.2.1.6279.6001.910435939545691201820711078950,0,with_nodules_real,with_nodules,0.6305084745762712,0.218002806769477,0.6127692507024397,0.0,11.0,11.0
1.3.6.1.4.1.14519.5.2.1.6279.6001.910435939545691201820711078950,1,with_nodules_real,with_nodules,0.6610169491525424,0.18237847222222223,0.5620065789473684,0.0,7.0,7.0
1.3.6.1.4.1.14519.5.2.1.6279.6001.910435939545691201820711078950,2,with_nodules_real,with_nodules,0.3152542372881356,0.8244252522786458,0.6926194575794956,0.0,6.0,6.0
1.3.6.1.4.1.14519.5.2.1.6279.6001.910435939545691201820711078950,3,with_nodules_real,with_nodules,0.6406779661016949,0.8055555555555556,0.28039663214432564,0.0,6.0,6.0
1.3.6.1.4.1.14519.5.2.1.6279.6001.910435939545691201820711078950,4,with_nodules_real,with_nodules,0.13559322033898305,0.8078078375922308,0.7444286145662007,0.0,5.0,5.0
1.3.6.1.4.1.14519.5.2.1.6279.6001.910435939545691201820711078950,5,with_nodules_real,with_nodules,0.44745762711864406,0.6805555555555556,0.10701754385964912,0.0,5.0,4.0
1.3.6.1.4.1.14519.5.2.1.6279.6001.910435939545691201820711078950,6,with_nodules_real,with_nodules,0.4,0.30759258270263673,0.18467836881938735,0.0,4.0,5.0
1.3.6.1.4.1.14519.5.2.1.6279.6001.910607280658963002048724648683,0,with_nodules_real,with_nodules,0.7563451776649747,0.4559432469057233,0.703368408203125,0.0,3.0,4.0
1.3.6.1.4.1.14519.5.2.1.6279.6001.910757789941076242457816491305,0,without_nodules_pseudo,without_nodules,0.48788927335640137,0.6208333333333333,0.1792717086834734,0.0,22.0,22.0
1.3.6.1.4.1.14519.5.2.1.6279.6001.910757789941076242457816491305,1,without_nodules_pseudo,without_nodules,0.6505190311418685,0.6916666666666667,0.23809523809523808,0.0,22.0,22.0
1.3.6.1.4.1.14519.5.2.1.6279.6001.910757789941076242457816491305,2,without_nodules_pseudo,without_nodules,0.43252595155709345,0.7833333333333333,0.24929971988795518,0.0,32.0,32.0
1.3.6.1.4.1.14519.5.2.1.6279.6001.922852847124879997825997808179,0,with_nodules_real,with_nodules,0.5419161676646707,0.7016529637811467,0.198821596386146,0.0,10.0,9.0
1.3.6.1.4.1.14519.5.2.1.6279.6001.922852847124879997825997808179,1,with_nodules_real,with_nodules,0.6347305389221557,0.3433146875860407,0.38206387964511546,0.0,7.0,7.0
1.3.6.1.4.1.14519.5.2.1.6279.6001.927394449308471452920270961822,0,without_nodules_pseudo,without_nodules,0.695067264573991,0.38071065989847713,0.256198347107438,0.0,32.0,32.0
1.3.6.1.4.1.14519.5.2.1.6279.6001.927394449308471452920270961822,1,without_nodules_pseudo,without_nodules,0.4304932735426009,0.649746192893401,0.45454545454545453,9.0,15.0,25.0
1.3.6.1.4.1.14519.5.2.1.6279.6001.927394449308471452920270961822,2,without_nodules_pseudo,without_nodules,0.4798206278026906,0.6395939086294417,0.21074380165289255,1.0,34.0,32.0
1.3.6.1.4.1.14519.5.2.1.6279.6001.931383239747372227838946053237,0,with_nodules_real,with_nodules,0.4248927038626609,0.6033653846153846,0.23116438356164384,0.0,5.0,4.0
1.3.6.1.4.1.14519.5.2.1.6279.6001.931383239747372227838946053237,1,with_nodules_real,with_nodules,0.23605150214592274,0.8000662877009466,0.6086443025771886,0.0,4.0,5.0
1.3.6.1.4.1.14519.5.2.1.6279.6001.935683764293840351008008793409,0,with_nodules_real,with_nodules,0.4744525547445255,0.8252811529697516,0.7368420856754955,0.0,6.0,6.0
1.3.6.1.4.1.14519.5.2.1.6279.6001.935683764293840351008008793409,1,with_nodules_real,with_nodules,0.5218978102189781,0.7864957369290866,0.2521486714326546,0.0,4.0,4.0
1.3.6.1.4.1.14519.5.2.1.6279.6001.939152384493874708850321969356,0,with_nodules_real,with_nodules,0.3531468531468531,0.7829596686256306,0.8358944532109146,0.0,4.0,4.0
1.3.6.1.4.1.14519.5.2.1.6279.6001.939216568327879462530496768794,0,without_nodules_pseudo,without_nodules,0.67,0.35864978902953587,0.3707165109034268,0.0,30.0,30.0
1.3.6.1.4.1.14519.5.2.1.6279.6001.943403138251347598519939390311,0,with_nodules_real,with_nodules,0.8359375,0.24896265560165975,0.7303030303030303,0.0,23.0,20.0
1.3.6.1.4.1.14519.5.2.1.6279.6001.944888107209008719031293531091,0,with_nodules_real,with_nodules,0.6245847176079734,0.21548117154811716,0.6379821958456974,0.0,7.0,6.0
1.3.6.1.4.1.14519.5.2.1.6279.6001.946129570505893110165820050204,0,with_nodules_real,with_nodules,0.3163265306122449,0.24963997695852536,0.8743861607142858,0.0,7.0,7.0
1.3.6.1.4.1.14519.5.2.1.6279.6001.948414623428298219623354433437,0,with_nodules_real,with_nodules,0.5566037735849056,0.3639375147798136,0.32512010073830894,0.0,17.0,15.0
1.3.6.1.4.1.14519.5.2.1.6279.6001.948414623428298219623354433437,1,with_nodules_real,with_nodules,0.27358490566037735,0.6270159392078896,0.1773049645390071,0.0,16.0,14.0
1.3.6.1.4.1.14519.5.2.1.6279.6001.952265563663939823135367733681,0,with_nodules_real,with_nodules,0.6324786324786325,0.8367875647668394,0.29446640316205536,0.0,5.0,4.0
1.3.6.1.4.1.14519.5.2.1.6279.6001.955688628308192728558382581802,0,with_nodules_real,with_nodules,0.7335640138408305,0.7834342750343116,0.7968020801103548,0.0,10.0,8.0
1.3.6.1.4.1.14519.5.2.1.6279.6001.955688628308192728558382581802,1,with_nodules_real,with_nodules,0.5501730103806228,0.9115615707259994,0.6942794346573329,0.0,4.0,4.0
1.3.6.1.4.1.14519.5.2.1.6279.6001.955688628308192728558382581802,2,with_nodules_real,with_nodules,0.5570934256055363,0.8554463429493947,0.3765376629215656,0.0,4.0,4.0
1.3.6.1.4.1.14519.5.2.1.6279.6001.955688628308192728558382581802,3,with_nodules_real,with_nodules,0.615916955017301,0.5112612612612613,0.1378804575098623,0.0,3.0,3.0
1.3.6.1.4.1.14519.5.2.1.6279.6001.955688628308192728558382581802,4,with_nodules_real,with_nodules,0.28027681660899656,0.6711711711711712,0.8696369636963697,0.0,3.0,3.0
1.3.6.1.4.1.14519.5.2.1.6279.6001.957384617596077920906744920611,0,without_nodules_pseudo,without_nodules,0.6107142857142858,0.1896551724137931,0.684971098265896,3.0,19.0,28.0
1.3.6.1.4.1.14519.5.2.1.6279.6001.957384617596077920906744920611,1,without_nodules_pseudo,without_nodules,0.44642857142857145,0.1853448275862069,0.23410404624277456,0.0,20.0,20.0
1.3.6.1.4.1.14519.5.2.1.6279.6001.961063442349005937536597225349,0,with_nodules_real,with_nodules,0.8438661710037175,0.4811965746757312,0.28708708250486814,0.0,3.0,3.0
1.3.6.1.4.1.14519.5.2.1.6279.6001.964952370561266624992539111877,0,with_nodules_real,with_nodules,0.7777777777777778,0.3201173499778465,0.36338155044406556,0.0,12.0,11.0
1.3.6.1.4.1.14519.5.2.1.6279.6001.964952370561266624992539111877,1,with_nodules_real,with_nodules,0.7569444444444444,0.6807152077003762,0.43221384849921113,0.0,7.0,6.0
1.3.6.1.4.1.14519.5.2.1.6279.6001.964952370561266624992539111877,2,with_nodules_real,with_nodules,0.7986111111111112,0.3516803670812536,0.7777777556876018,0.0,4.0,5.0
1.3.6.1.4.1.14519.5.2.1.6279.6001.964952370561266624992539111877,3,with_nodules_real,with_nodules,0.7881944444444444,0.49074074074074076,0.7931596091205212,0.0,3.0,3.0
1.3.6.1.4.1.14519.5.2.1.6279.6001.965620538050807352935663552285,0,without_nodules_pseudo,without_nodules,0.5894736842105263,0.8925619834710744,0.7470238095238095,3.0,14.0,23.0
1.3.6.1.4.1.14519.5.2.1.6279.6001.969607480572818589276327766720,0,without_nodules_pseudo,without_nodules,0.4716981132075472,0.7198067632850241,0.652027027027027,0.0,26.0,26.0
1.3.6.1.4.1.14519.5.2.1.6279.6001.970264865033574190975654369557,0,with_nodules_real,with_nodules,0.3907563025210084,0.7611317537268814,0.2013935033422317,0.0,2.0,3.0
1.3.6.1.4.1.14519.5.2.1.6279.6001.970428941353693253759289796610,0,with_nodules_real,with_nodules,0.7006802721088435,0.7926031748453776,0.1849604892191914,0.0,16.0,13.0
1.3.6.1.4.1.14519.5.2.1.6279.6001.970428941353693253759289796610,1,with_nodules_real,with_nodules,0.7346938775510204,0.5042249506170099,0.17986744810632393,0.0,9.0,9.0
1.3.6.1.4.1.14519.5.2.1.6279.6001.975254950136384517744116790879,0,without_nodules_pseudo,without_nodules,0.28363636363636363,0.7754010695187166,0.6832740213523132,0.0,24.0,24.0
1.3.6.1.4.1.14519.5.2.1.6279.6001.975426625618184773401026809852,0,with_nodules_real,with_nodules,0.6147186147186147,0.8792523535612587,0.7584210732825717,0.0,5.0,7.0
1.3.6.1.4.1.14519.5.2.1.6279.6001.979083010707182900091062408058,0,with_nodules_real,with_nodules,0.4200743494423792,0.6268292682926829,0.16282894736842105,0.0,5.0,6.0
1.3.6.1.4.1.14519.5.2.1.6279.6001.980362852713685276785310240144,0,without_nodules_pseudo,without_nodules,0.3167259786476868,0.6683417085427136,0.24232081911262798,0.0,28.0,28.0
1.3.6.1.4.1.14519.5.2.1.6279.6001.986011151772797848993829243183,0,without_nodules_pseudo,without_nodules,0.4043321299638989,0.5656108597285068,0.12734082397003746,0.0,36.0,30.0
1.3.6.1.4.1.14519.5.2.1.6279.6001.994459772950022352718462251777,0,with_nodules_real,with_nodules,0.2485207100591716,0.39196676956979853,0.050421326804974576,0.0,3.0,4.0
1.3.6.1.4.1.14519.5.2.1.6279.6001.994459772950022352718462251777,1,with_nodules_real,with_nodules,0.39349112426035504,0.19401444886860095,0.20410684900959647,0.0,3.0,3.0
1.3.6.1.4.1.14519.5.2.1.6279.6001.994459772950022352718462251777,2,with_nodules_real,with_nodules,0.665680473372781,0.7982456140350878,0.37401574803149606,0.0,3.0,3.0
1.3.6.1.4.1.14519.5.2.1.6279.6001.997611074084993415992563148335,0,with_nodules_real,with_nodules,0.2857142857142857,0.5895646193931843,0.4412538683092272,0.0,20.0,17.0
1.3.6.1.4.1.14519.5.2.1.6279.6001.997611074084993415992563148335,1,with_nodules_real,with_nodules,0.11196911196911197,0.7916959565261315,0.693050193050193,0.0,2.0,3.0
